[2026-02-25T04:53:44.969+0000] {processor.py:186} INFO - Started process (PID=2103) to work on /home/ubuntu/airflow-venv/lib/python3.12/site-packages/airflow/example_dags/plugins/workday.py
[2026-02-25T04:53:44.970+0000] {processor.py:914} INFO - Processing file /home/ubuntu/airflow-venv/lib/python3.12/site-packages/airflow/example_dags/plugins/workday.py for tasks to queue
[2026-02-25T04:53:44.971+0000] {logging_mixin.py:190} INFO - [2026-02-25T04:53:44.971+0000] {dagbag.py:588} INFO - Filling up the DagBag from /home/ubuntu/airflow-venv/lib/python3.12/site-packages/airflow/example_dags/plugins/workday.py
[2026-02-25T04:53:44.972+0000] {logging_mixin.py:190} INFO - [2026-02-25T04:53:44.972+0000] {workday.py:41} WARNING - Could not import pandas. Holidays will not be considered.
[2026-02-25T04:53:44.973+0000] {processor.py:927} WARNING - No viable dags retrieved from /home/ubuntu/airflow-venv/lib/python3.12/site-packages/airflow/example_dags/plugins/workday.py
[2026-02-25T04:53:44.979+0000] {processor.py:208} INFO - Processing /home/ubuntu/airflow-venv/lib/python3.12/site-packages/airflow/example_dags/plugins/workday.py took 0.013 seconds
[2026-02-25T04:54:40.046+0000] {processor.py:186} INFO - Started process (PID=2586) to work on /home/ubuntu/airflow-venv/lib/python3.12/site-packages/airflow/example_dags/plugins/workday.py
[2026-02-25T04:54:40.047+0000] {processor.py:914} INFO - Processing file /home/ubuntu/airflow-venv/lib/python3.12/site-packages/airflow/example_dags/plugins/workday.py for tasks to queue
[2026-02-25T04:54:40.049+0000] {logging_mixin.py:190} INFO - [2026-02-25T04:54:40.048+0000] {dagbag.py:588} INFO - Filling up the DagBag from /home/ubuntu/airflow-venv/lib/python3.12/site-packages/airflow/example_dags/plugins/workday.py
[2026-02-25T04:54:40.050+0000] {logging_mixin.py:190} INFO - [2026-02-25T04:54:40.050+0000] {workday.py:41} WARNING - Could not import pandas. Holidays will not be considered.
[2026-02-25T04:54:40.051+0000] {processor.py:927} WARNING - No viable dags retrieved from /home/ubuntu/airflow-venv/lib/python3.12/site-packages/airflow/example_dags/plugins/workday.py
[2026-02-25T04:54:40.057+0000] {processor.py:208} INFO - Processing /home/ubuntu/airflow-venv/lib/python3.12/site-packages/airflow/example_dags/plugins/workday.py took 0.014 seconds
[2026-02-25T04:55:30.301+0000] {processor.py:186} INFO - Started process (PID=2650) to work on /home/ubuntu/airflow-venv/lib/python3.12/site-packages/airflow/example_dags/plugins/workday.py
[2026-02-25T04:55:30.302+0000] {processor.py:914} INFO - Processing file /home/ubuntu/airflow-venv/lib/python3.12/site-packages/airflow/example_dags/plugins/workday.py for tasks to queue
[2026-02-25T04:55:30.303+0000] {logging_mixin.py:190} INFO - [2026-02-25T04:55:30.303+0000] {dagbag.py:588} INFO - Filling up the DagBag from /home/ubuntu/airflow-venv/lib/python3.12/site-packages/airflow/example_dags/plugins/workday.py
[2026-02-25T04:55:30.305+0000] {logging_mixin.py:190} INFO - [2026-02-25T04:55:30.305+0000] {workday.py:41} WARNING - Could not import pandas. Holidays will not be considered.
[2026-02-25T04:55:30.305+0000] {processor.py:927} WARNING - No viable dags retrieved from /home/ubuntu/airflow-venv/lib/python3.12/site-packages/airflow/example_dags/plugins/workday.py
[2026-02-25T04:55:30.312+0000] {processor.py:208} INFO - Processing /home/ubuntu/airflow-venv/lib/python3.12/site-packages/airflow/example_dags/plugins/workday.py took 0.014 seconds
[2026-02-25T04:56:19.878+0000] {processor.py:186} INFO - Started process (PID=2704) to work on /home/ubuntu/airflow-venv/lib/python3.12/site-packages/airflow/example_dags/plugins/workday.py
[2026-02-25T04:56:19.879+0000] {processor.py:914} INFO - Processing file /home/ubuntu/airflow-venv/lib/python3.12/site-packages/airflow/example_dags/plugins/workday.py for tasks to queue
[2026-02-25T04:56:19.880+0000] {logging_mixin.py:190} INFO - [2026-02-25T04:56:19.880+0000] {dagbag.py:588} INFO - Filling up the DagBag from /home/ubuntu/airflow-venv/lib/python3.12/site-packages/airflow/example_dags/plugins/workday.py
[2026-02-25T04:56:19.882+0000] {logging_mixin.py:190} INFO - [2026-02-25T04:56:19.882+0000] {workday.py:41} WARNING - Could not import pandas. Holidays will not be considered.
[2026-02-25T04:56:19.882+0000] {processor.py:927} WARNING - No viable dags retrieved from /home/ubuntu/airflow-venv/lib/python3.12/site-packages/airflow/example_dags/plugins/workday.py
[2026-02-25T04:56:19.889+0000] {processor.py:208} INFO - Processing /home/ubuntu/airflow-venv/lib/python3.12/site-packages/airflow/example_dags/plugins/workday.py took 0.014 seconds
[2026-02-25T04:57:06.987+0000] {processor.py:186} INFO - Started process (PID=2763) to work on /home/ubuntu/airflow-venv/lib/python3.12/site-packages/airflow/example_dags/plugins/workday.py
[2026-02-25T04:57:06.988+0000] {processor.py:914} INFO - Processing file /home/ubuntu/airflow-venv/lib/python3.12/site-packages/airflow/example_dags/plugins/workday.py for tasks to queue
[2026-02-25T04:57:06.989+0000] {logging_mixin.py:190} INFO - [2026-02-25T04:57:06.989+0000] {dagbag.py:588} INFO - Filling up the DagBag from /home/ubuntu/airflow-venv/lib/python3.12/site-packages/airflow/example_dags/plugins/workday.py
[2026-02-25T04:57:06.991+0000] {logging_mixin.py:190} INFO - [2026-02-25T04:57:06.991+0000] {workday.py:41} WARNING - Could not import pandas. Holidays will not be considered.
[2026-02-25T04:57:06.991+0000] {processor.py:927} WARNING - No viable dags retrieved from /home/ubuntu/airflow-venv/lib/python3.12/site-packages/airflow/example_dags/plugins/workday.py
[2026-02-25T04:57:06.998+0000] {processor.py:208} INFO - Processing /home/ubuntu/airflow-venv/lib/python3.12/site-packages/airflow/example_dags/plugins/workday.py took 0.015 seconds
[2026-02-25T04:57:58.706+0000] {processor.py:186} INFO - Started process (PID=3179) to work on /home/ubuntu/airflow-venv/lib/python3.12/site-packages/airflow/example_dags/plugins/workday.py
[2026-02-25T04:57:58.707+0000] {processor.py:914} INFO - Processing file /home/ubuntu/airflow-venv/lib/python3.12/site-packages/airflow/example_dags/plugins/workday.py for tasks to queue
[2026-02-25T04:57:58.709+0000] {logging_mixin.py:190} INFO - [2026-02-25T04:57:58.708+0000] {dagbag.py:588} INFO - Filling up the DagBag from /home/ubuntu/airflow-venv/lib/python3.12/site-packages/airflow/example_dags/plugins/workday.py
[2026-02-25T04:57:58.710+0000] {logging_mixin.py:190} INFO - [2026-02-25T04:57:58.710+0000] {workday.py:41} WARNING - Could not import pandas. Holidays will not be considered.
[2026-02-25T04:57:58.711+0000] {processor.py:927} WARNING - No viable dags retrieved from /home/ubuntu/airflow-venv/lib/python3.12/site-packages/airflow/example_dags/plugins/workday.py
[2026-02-25T04:57:58.717+0000] {processor.py:208} INFO - Processing /home/ubuntu/airflow-venv/lib/python3.12/site-packages/airflow/example_dags/plugins/workday.py took 0.014 seconds
[2026-02-25T04:58:49.363+0000] {processor.py:186} INFO - Started process (PID=3236) to work on /home/ubuntu/airflow-venv/lib/python3.12/site-packages/airflow/example_dags/plugins/workday.py
[2026-02-25T04:58:49.364+0000] {processor.py:914} INFO - Processing file /home/ubuntu/airflow-venv/lib/python3.12/site-packages/airflow/example_dags/plugins/workday.py for tasks to queue
[2026-02-25T04:58:49.365+0000] {logging_mixin.py:190} INFO - [2026-02-25T04:58:49.365+0000] {dagbag.py:588} INFO - Filling up the DagBag from /home/ubuntu/airflow-venv/lib/python3.12/site-packages/airflow/example_dags/plugins/workday.py
[2026-02-25T04:58:49.367+0000] {logging_mixin.py:190} INFO - [2026-02-25T04:58:49.366+0000] {workday.py:41} WARNING - Could not import pandas. Holidays will not be considered.
[2026-02-25T04:58:49.367+0000] {processor.py:927} WARNING - No viable dags retrieved from /home/ubuntu/airflow-venv/lib/python3.12/site-packages/airflow/example_dags/plugins/workday.py
[2026-02-25T04:58:49.373+0000] {processor.py:208} INFO - Processing /home/ubuntu/airflow-venv/lib/python3.12/site-packages/airflow/example_dags/plugins/workday.py took 0.014 seconds
[2026-02-25T04:59:38.228+0000] {processor.py:186} INFO - Started process (PID=3288) to work on /home/ubuntu/airflow-venv/lib/python3.12/site-packages/airflow/example_dags/plugins/workday.py
[2026-02-25T04:59:38.230+0000] {processor.py:914} INFO - Processing file /home/ubuntu/airflow-venv/lib/python3.12/site-packages/airflow/example_dags/plugins/workday.py for tasks to queue
[2026-02-25T04:59:38.231+0000] {logging_mixin.py:190} INFO - [2026-02-25T04:59:38.231+0000] {dagbag.py:588} INFO - Filling up the DagBag from /home/ubuntu/airflow-venv/lib/python3.12/site-packages/airflow/example_dags/plugins/workday.py
[2026-02-25T04:59:38.232+0000] {logging_mixin.py:190} INFO - [2026-02-25T04:59:38.232+0000] {workday.py:41} WARNING - Could not import pandas. Holidays will not be considered.
[2026-02-25T04:59:38.233+0000] {processor.py:927} WARNING - No viable dags retrieved from /home/ubuntu/airflow-venv/lib/python3.12/site-packages/airflow/example_dags/plugins/workday.py
[2026-02-25T04:59:38.239+0000] {processor.py:208} INFO - Processing /home/ubuntu/airflow-venv/lib/python3.12/site-packages/airflow/example_dags/plugins/workday.py took 0.014 seconds
[2026-02-25T05:00:33.395+0000] {processor.py:186} INFO - Started process (PID=3345) to work on /home/ubuntu/airflow-venv/lib/python3.12/site-packages/airflow/example_dags/plugins/workday.py
[2026-02-25T05:00:33.396+0000] {processor.py:914} INFO - Processing file /home/ubuntu/airflow-venv/lib/python3.12/site-packages/airflow/example_dags/plugins/workday.py for tasks to queue
[2026-02-25T05:00:33.398+0000] {logging_mixin.py:190} INFO - [2026-02-25T05:00:33.397+0000] {dagbag.py:588} INFO - Filling up the DagBag from /home/ubuntu/airflow-venv/lib/python3.12/site-packages/airflow/example_dags/plugins/workday.py
[2026-02-25T05:00:33.399+0000] {logging_mixin.py:190} INFO - [2026-02-25T05:00:33.399+0000] {workday.py:41} WARNING - Could not import pandas. Holidays will not be considered.
[2026-02-25T05:00:33.399+0000] {processor.py:927} WARNING - No viable dags retrieved from /home/ubuntu/airflow-venv/lib/python3.12/site-packages/airflow/example_dags/plugins/workday.py
[2026-02-25T05:00:33.406+0000] {processor.py:208} INFO - Processing /home/ubuntu/airflow-venv/lib/python3.12/site-packages/airflow/example_dags/plugins/workday.py took 0.014 seconds
[2026-02-25T05:01:25.518+0000] {processor.py:186} INFO - Started process (PID=3405) to work on /home/ubuntu/airflow-venv/lib/python3.12/site-packages/airflow/example_dags/plugins/workday.py
[2026-02-25T05:01:25.519+0000] {processor.py:914} INFO - Processing file /home/ubuntu/airflow-venv/lib/python3.12/site-packages/airflow/example_dags/plugins/workday.py for tasks to queue
[2026-02-25T05:01:25.520+0000] {logging_mixin.py:190} INFO - [2026-02-25T05:01:25.520+0000] {dagbag.py:588} INFO - Filling up the DagBag from /home/ubuntu/airflow-venv/lib/python3.12/site-packages/airflow/example_dags/plugins/workday.py
[2026-02-25T05:01:25.522+0000] {logging_mixin.py:190} INFO - [2026-02-25T05:01:25.522+0000] {workday.py:41} WARNING - Could not import pandas. Holidays will not be considered.
[2026-02-25T05:01:25.522+0000] {processor.py:927} WARNING - No viable dags retrieved from /home/ubuntu/airflow-venv/lib/python3.12/site-packages/airflow/example_dags/plugins/workday.py
[2026-02-25T05:01:25.529+0000] {processor.py:208} INFO - Processing /home/ubuntu/airflow-venv/lib/python3.12/site-packages/airflow/example_dags/plugins/workday.py took 0.014 seconds
[2026-02-25T05:02:14.980+0000] {processor.py:186} INFO - Started process (PID=3457) to work on /home/ubuntu/airflow-venv/lib/python3.12/site-packages/airflow/example_dags/plugins/workday.py
[2026-02-25T05:02:14.982+0000] {processor.py:914} INFO - Processing file /home/ubuntu/airflow-venv/lib/python3.12/site-packages/airflow/example_dags/plugins/workday.py for tasks to queue
[2026-02-25T05:02:14.983+0000] {logging_mixin.py:190} INFO - [2026-02-25T05:02:14.983+0000] {dagbag.py:588} INFO - Filling up the DagBag from /home/ubuntu/airflow-venv/lib/python3.12/site-packages/airflow/example_dags/plugins/workday.py
[2026-02-25T05:02:14.984+0000] {logging_mixin.py:190} INFO - [2026-02-25T05:02:14.984+0000] {workday.py:41} WARNING - Could not import pandas. Holidays will not be considered.
[2026-02-25T05:02:14.985+0000] {processor.py:927} WARNING - No viable dags retrieved from /home/ubuntu/airflow-venv/lib/python3.12/site-packages/airflow/example_dags/plugins/workday.py
[2026-02-25T05:02:14.991+0000] {processor.py:208} INFO - Processing /home/ubuntu/airflow-venv/lib/python3.12/site-packages/airflow/example_dags/plugins/workday.py took 0.015 seconds
[2026-02-25T05:03:05.186+0000] {processor.py:186} INFO - Started process (PID=3510) to work on /home/ubuntu/airflow-venv/lib/python3.12/site-packages/airflow/example_dags/plugins/workday.py
[2026-02-25T05:03:05.187+0000] {processor.py:914} INFO - Processing file /home/ubuntu/airflow-venv/lib/python3.12/site-packages/airflow/example_dags/plugins/workday.py for tasks to queue
[2026-02-25T05:03:05.189+0000] {logging_mixin.py:190} INFO - [2026-02-25T05:03:05.188+0000] {dagbag.py:588} INFO - Filling up the DagBag from /home/ubuntu/airflow-venv/lib/python3.12/site-packages/airflow/example_dags/plugins/workday.py
[2026-02-25T05:03:05.190+0000] {logging_mixin.py:190} INFO - [2026-02-25T05:03:05.190+0000] {workday.py:41} WARNING - Could not import pandas. Holidays will not be considered.
[2026-02-25T05:03:05.191+0000] {processor.py:927} WARNING - No viable dags retrieved from /home/ubuntu/airflow-venv/lib/python3.12/site-packages/airflow/example_dags/plugins/workday.py
[2026-02-25T05:03:05.197+0000] {processor.py:208} INFO - Processing /home/ubuntu/airflow-venv/lib/python3.12/site-packages/airflow/example_dags/plugins/workday.py took 0.015 seconds
[2026-02-25T05:03:53.407+0000] {processor.py:186} INFO - Started process (PID=3562) to work on /home/ubuntu/airflow-venv/lib/python3.12/site-packages/airflow/example_dags/plugins/workday.py
[2026-02-25T05:03:53.408+0000] {processor.py:914} INFO - Processing file /home/ubuntu/airflow-venv/lib/python3.12/site-packages/airflow/example_dags/plugins/workday.py for tasks to queue
[2026-02-25T05:03:53.410+0000] {logging_mixin.py:190} INFO - [2026-02-25T05:03:53.409+0000] {dagbag.py:588} INFO - Filling up the DagBag from /home/ubuntu/airflow-venv/lib/python3.12/site-packages/airflow/example_dags/plugins/workday.py
[2026-02-25T05:03:53.411+0000] {logging_mixin.py:190} INFO - [2026-02-25T05:03:53.411+0000] {workday.py:41} WARNING - Could not import pandas. Holidays will not be considered.
[2026-02-25T05:03:53.412+0000] {processor.py:927} WARNING - No viable dags retrieved from /home/ubuntu/airflow-venv/lib/python3.12/site-packages/airflow/example_dags/plugins/workday.py
[2026-02-25T05:03:53.419+0000] {processor.py:208} INFO - Processing /home/ubuntu/airflow-venv/lib/python3.12/site-packages/airflow/example_dags/plugins/workday.py took 0.015 seconds
[2026-02-25T05:04:41.800+0000] {processor.py:186} INFO - Started process (PID=3613) to work on /home/ubuntu/airflow-venv/lib/python3.12/site-packages/airflow/example_dags/plugins/workday.py
[2026-02-25T05:04:41.801+0000] {processor.py:914} INFO - Processing file /home/ubuntu/airflow-venv/lib/python3.12/site-packages/airflow/example_dags/plugins/workday.py for tasks to queue
[2026-02-25T05:04:41.802+0000] {logging_mixin.py:190} INFO - [2026-02-25T05:04:41.802+0000] {dagbag.py:588} INFO - Filling up the DagBag from /home/ubuntu/airflow-venv/lib/python3.12/site-packages/airflow/example_dags/plugins/workday.py
[2026-02-25T05:04:41.804+0000] {logging_mixin.py:190} INFO - [2026-02-25T05:04:41.804+0000] {workday.py:41} WARNING - Could not import pandas. Holidays will not be considered.
[2026-02-25T05:04:41.804+0000] {processor.py:927} WARNING - No viable dags retrieved from /home/ubuntu/airflow-venv/lib/python3.12/site-packages/airflow/example_dags/plugins/workday.py
[2026-02-25T05:04:41.811+0000] {processor.py:208} INFO - Processing /home/ubuntu/airflow-venv/lib/python3.12/site-packages/airflow/example_dags/plugins/workday.py took 0.015 seconds
[2026-02-25T05:05:30.150+0000] {processor.py:186} INFO - Started process (PID=3668) to work on /home/ubuntu/airflow-venv/lib/python3.12/site-packages/airflow/example_dags/plugins/workday.py
[2026-02-25T05:05:30.151+0000] {processor.py:914} INFO - Processing file /home/ubuntu/airflow-venv/lib/python3.12/site-packages/airflow/example_dags/plugins/workday.py for tasks to queue
[2026-02-25T05:05:30.153+0000] {logging_mixin.py:190} INFO - [2026-02-25T05:05:30.153+0000] {dagbag.py:588} INFO - Filling up the DagBag from /home/ubuntu/airflow-venv/lib/python3.12/site-packages/airflow/example_dags/plugins/workday.py
[2026-02-25T05:05:30.154+0000] {logging_mixin.py:190} INFO - [2026-02-25T05:05:30.154+0000] {workday.py:41} WARNING - Could not import pandas. Holidays will not be considered.
[2026-02-25T05:05:30.155+0000] {processor.py:927} WARNING - No viable dags retrieved from /home/ubuntu/airflow-venv/lib/python3.12/site-packages/airflow/example_dags/plugins/workday.py
[2026-02-25T05:05:30.161+0000] {processor.py:208} INFO - Processing /home/ubuntu/airflow-venv/lib/python3.12/site-packages/airflow/example_dags/plugins/workday.py took 0.014 seconds
[2026-02-25T05:06:21.263+0000] {processor.py:186} INFO - Started process (PID=3721) to work on /home/ubuntu/airflow-venv/lib/python3.12/site-packages/airflow/example_dags/plugins/workday.py
[2026-02-25T05:06:21.264+0000] {processor.py:914} INFO - Processing file /home/ubuntu/airflow-venv/lib/python3.12/site-packages/airflow/example_dags/plugins/workday.py for tasks to queue
[2026-02-25T05:06:21.265+0000] {logging_mixin.py:190} INFO - [2026-02-25T05:06:21.265+0000] {dagbag.py:588} INFO - Filling up the DagBag from /home/ubuntu/airflow-venv/lib/python3.12/site-packages/airflow/example_dags/plugins/workday.py
[2026-02-25T05:06:21.267+0000] {logging_mixin.py:190} INFO - [2026-02-25T05:06:21.267+0000] {workday.py:41} WARNING - Could not import pandas. Holidays will not be considered.
[2026-02-25T05:06:21.267+0000] {processor.py:927} WARNING - No viable dags retrieved from /home/ubuntu/airflow-venv/lib/python3.12/site-packages/airflow/example_dags/plugins/workday.py
[2026-02-25T05:06:21.274+0000] {processor.py:208} INFO - Processing /home/ubuntu/airflow-venv/lib/python3.12/site-packages/airflow/example_dags/plugins/workday.py took 0.015 seconds
[2026-02-25T05:07:09.465+0000] {processor.py:186} INFO - Started process (PID=3775) to work on /home/ubuntu/airflow-venv/lib/python3.12/site-packages/airflow/example_dags/plugins/workday.py
[2026-02-25T05:07:09.466+0000] {processor.py:914} INFO - Processing file /home/ubuntu/airflow-venv/lib/python3.12/site-packages/airflow/example_dags/plugins/workday.py for tasks to queue
[2026-02-25T05:07:09.468+0000] {logging_mixin.py:190} INFO - [2026-02-25T05:07:09.467+0000] {dagbag.py:588} INFO - Filling up the DagBag from /home/ubuntu/airflow-venv/lib/python3.12/site-packages/airflow/example_dags/plugins/workday.py
[2026-02-25T05:07:09.469+0000] {logging_mixin.py:190} INFO - [2026-02-25T05:07:09.469+0000] {workday.py:41} WARNING - Could not import pandas. Holidays will not be considered.
[2026-02-25T05:07:09.469+0000] {processor.py:927} WARNING - No viable dags retrieved from /home/ubuntu/airflow-venv/lib/python3.12/site-packages/airflow/example_dags/plugins/workday.py
[2026-02-25T05:07:09.476+0000] {processor.py:208} INFO - Processing /home/ubuntu/airflow-venv/lib/python3.12/site-packages/airflow/example_dags/plugins/workday.py took 0.015 seconds
[2026-02-25T05:08:00.131+0000] {processor.py:186} INFO - Started process (PID=3828) to work on /home/ubuntu/airflow-venv/lib/python3.12/site-packages/airflow/example_dags/plugins/workday.py
[2026-02-25T05:08:00.132+0000] {processor.py:914} INFO - Processing file /home/ubuntu/airflow-venv/lib/python3.12/site-packages/airflow/example_dags/plugins/workday.py for tasks to queue
[2026-02-25T05:08:00.134+0000] {logging_mixin.py:190} INFO - [2026-02-25T05:08:00.134+0000] {dagbag.py:588} INFO - Filling up the DagBag from /home/ubuntu/airflow-venv/lib/python3.12/site-packages/airflow/example_dags/plugins/workday.py
[2026-02-25T05:08:00.135+0000] {logging_mixin.py:190} INFO - [2026-02-25T05:08:00.135+0000] {workday.py:41} WARNING - Could not import pandas. Holidays will not be considered.
[2026-02-25T05:08:00.136+0000] {processor.py:927} WARNING - No viable dags retrieved from /home/ubuntu/airflow-venv/lib/python3.12/site-packages/airflow/example_dags/plugins/workday.py
[2026-02-25T05:08:00.142+0000] {processor.py:208} INFO - Processing /home/ubuntu/airflow-venv/lib/python3.12/site-packages/airflow/example_dags/plugins/workday.py took 0.015 seconds
[2026-02-25T05:08:46.994+0000] {processor.py:186} INFO - Started process (PID=3878) to work on /home/ubuntu/airflow-venv/lib/python3.12/site-packages/airflow/example_dags/plugins/workday.py
[2026-02-25T05:08:46.995+0000] {processor.py:914} INFO - Processing file /home/ubuntu/airflow-venv/lib/python3.12/site-packages/airflow/example_dags/plugins/workday.py for tasks to queue
[2026-02-25T05:08:46.997+0000] {logging_mixin.py:190} INFO - [2026-02-25T05:08:46.997+0000] {dagbag.py:588} INFO - Filling up the DagBag from /home/ubuntu/airflow-venv/lib/python3.12/site-packages/airflow/example_dags/plugins/workday.py
[2026-02-25T05:08:46.998+0000] {logging_mixin.py:190} INFO - [2026-02-25T05:08:46.998+0000] {workday.py:41} WARNING - Could not import pandas. Holidays will not be considered.
[2026-02-25T05:08:46.999+0000] {processor.py:927} WARNING - No viable dags retrieved from /home/ubuntu/airflow-venv/lib/python3.12/site-packages/airflow/example_dags/plugins/workday.py
[2026-02-25T05:08:47.006+0000] {processor.py:208} INFO - Processing /home/ubuntu/airflow-venv/lib/python3.12/site-packages/airflow/example_dags/plugins/workday.py took 0.015 seconds
[2026-02-25T05:09:35.464+0000] {processor.py:186} INFO - Started process (PID=3929) to work on /home/ubuntu/airflow-venv/lib/python3.12/site-packages/airflow/example_dags/plugins/workday.py
[2026-02-25T05:09:35.465+0000] {processor.py:914} INFO - Processing file /home/ubuntu/airflow-venv/lib/python3.12/site-packages/airflow/example_dags/plugins/workday.py for tasks to queue
[2026-02-25T05:09:35.466+0000] {logging_mixin.py:190} INFO - [2026-02-25T05:09:35.466+0000] {dagbag.py:588} INFO - Filling up the DagBag from /home/ubuntu/airflow-venv/lib/python3.12/site-packages/airflow/example_dags/plugins/workday.py
[2026-02-25T05:09:35.468+0000] {logging_mixin.py:190} INFO - [2026-02-25T05:09:35.468+0000] {workday.py:41} WARNING - Could not import pandas. Holidays will not be considered.
[2026-02-25T05:09:35.468+0000] {processor.py:927} WARNING - No viable dags retrieved from /home/ubuntu/airflow-venv/lib/python3.12/site-packages/airflow/example_dags/plugins/workday.py
[2026-02-25T05:09:35.475+0000] {processor.py:208} INFO - Processing /home/ubuntu/airflow-venv/lib/python3.12/site-packages/airflow/example_dags/plugins/workday.py took 0.014 seconds
[2026-02-25T05:10:24.978+0000] {processor.py:186} INFO - Started process (PID=3981) to work on /home/ubuntu/airflow-venv/lib/python3.12/site-packages/airflow/example_dags/plugins/workday.py
[2026-02-25T05:10:24.979+0000] {processor.py:914} INFO - Processing file /home/ubuntu/airflow-venv/lib/python3.12/site-packages/airflow/example_dags/plugins/workday.py for tasks to queue
[2026-02-25T05:10:24.980+0000] {logging_mixin.py:190} INFO - [2026-02-25T05:10:24.980+0000] {dagbag.py:588} INFO - Filling up the DagBag from /home/ubuntu/airflow-venv/lib/python3.12/site-packages/airflow/example_dags/plugins/workday.py
[2026-02-25T05:10:24.982+0000] {logging_mixin.py:190} INFO - [2026-02-25T05:10:24.982+0000] {workday.py:41} WARNING - Could not import pandas. Holidays will not be considered.
[2026-02-25T05:10:24.982+0000] {processor.py:927} WARNING - No viable dags retrieved from /home/ubuntu/airflow-venv/lib/python3.12/site-packages/airflow/example_dags/plugins/workday.py
[2026-02-25T05:10:24.989+0000] {processor.py:208} INFO - Processing /home/ubuntu/airflow-venv/lib/python3.12/site-packages/airflow/example_dags/plugins/workday.py took 0.015 seconds
[2026-02-25T05:11:16.757+0000] {processor.py:186} INFO - Started process (PID=4038) to work on /home/ubuntu/airflow-venv/lib/python3.12/site-packages/airflow/example_dags/plugins/workday.py
[2026-02-25T05:11:16.758+0000] {processor.py:914} INFO - Processing file /home/ubuntu/airflow-venv/lib/python3.12/site-packages/airflow/example_dags/plugins/workday.py for tasks to queue
[2026-02-25T05:11:16.760+0000] {logging_mixin.py:190} INFO - [2026-02-25T05:11:16.760+0000] {dagbag.py:588} INFO - Filling up the DagBag from /home/ubuntu/airflow-venv/lib/python3.12/site-packages/airflow/example_dags/plugins/workday.py
[2026-02-25T05:11:16.761+0000] {logging_mixin.py:190} INFO - [2026-02-25T05:11:16.761+0000] {workday.py:41} WARNING - Could not import pandas. Holidays will not be considered.
[2026-02-25T05:11:16.762+0000] {processor.py:927} WARNING - No viable dags retrieved from /home/ubuntu/airflow-venv/lib/python3.12/site-packages/airflow/example_dags/plugins/workday.py
[2026-02-25T05:11:16.769+0000] {processor.py:208} INFO - Processing /home/ubuntu/airflow-venv/lib/python3.12/site-packages/airflow/example_dags/plugins/workday.py took 0.015 seconds
[2026-02-25T05:12:06.731+0000] {processor.py:186} INFO - Started process (PID=4092) to work on /home/ubuntu/airflow-venv/lib/python3.12/site-packages/airflow/example_dags/plugins/workday.py
[2026-02-25T05:12:06.732+0000] {processor.py:914} INFO - Processing file /home/ubuntu/airflow-venv/lib/python3.12/site-packages/airflow/example_dags/plugins/workday.py for tasks to queue
[2026-02-25T05:12:06.734+0000] {logging_mixin.py:190} INFO - [2026-02-25T05:12:06.733+0000] {dagbag.py:588} INFO - Filling up the DagBag from /home/ubuntu/airflow-venv/lib/python3.12/site-packages/airflow/example_dags/plugins/workday.py
[2026-02-25T05:12:06.735+0000] {logging_mixin.py:190} INFO - [2026-02-25T05:12:06.735+0000] {workday.py:41} WARNING - Could not import pandas. Holidays will not be considered.
[2026-02-25T05:12:06.735+0000] {processor.py:927} WARNING - No viable dags retrieved from /home/ubuntu/airflow-venv/lib/python3.12/site-packages/airflow/example_dags/plugins/workday.py
[2026-02-25T05:12:06.742+0000] {processor.py:208} INFO - Processing /home/ubuntu/airflow-venv/lib/python3.12/site-packages/airflow/example_dags/plugins/workday.py took 0.015 seconds
[2026-02-25T05:12:56.908+0000] {processor.py:186} INFO - Started process (PID=4144) to work on /home/ubuntu/airflow-venv/lib/python3.12/site-packages/airflow/example_dags/plugins/workday.py
[2026-02-25T05:12:56.909+0000] {processor.py:914} INFO - Processing file /home/ubuntu/airflow-venv/lib/python3.12/site-packages/airflow/example_dags/plugins/workday.py for tasks to queue
[2026-02-25T05:12:56.910+0000] {logging_mixin.py:190} INFO - [2026-02-25T05:12:56.910+0000] {dagbag.py:588} INFO - Filling up the DagBag from /home/ubuntu/airflow-venv/lib/python3.12/site-packages/airflow/example_dags/plugins/workday.py
[2026-02-25T05:12:56.912+0000] {logging_mixin.py:190} INFO - [2026-02-25T05:12:56.912+0000] {workday.py:41} WARNING - Could not import pandas. Holidays will not be considered.
[2026-02-25T05:12:56.912+0000] {processor.py:927} WARNING - No viable dags retrieved from /home/ubuntu/airflow-venv/lib/python3.12/site-packages/airflow/example_dags/plugins/workday.py
[2026-02-25T05:12:56.919+0000] {processor.py:208} INFO - Processing /home/ubuntu/airflow-venv/lib/python3.12/site-packages/airflow/example_dags/plugins/workday.py took 0.014 seconds
[2026-02-25T05:13:46.108+0000] {processor.py:186} INFO - Started process (PID=4195) to work on /home/ubuntu/airflow-venv/lib/python3.12/site-packages/airflow/example_dags/plugins/workday.py
[2026-02-25T05:13:46.109+0000] {processor.py:914} INFO - Processing file /home/ubuntu/airflow-venv/lib/python3.12/site-packages/airflow/example_dags/plugins/workday.py for tasks to queue
[2026-02-25T05:13:46.111+0000] {logging_mixin.py:190} INFO - [2026-02-25T05:13:46.110+0000] {dagbag.py:588} INFO - Filling up the DagBag from /home/ubuntu/airflow-venv/lib/python3.12/site-packages/airflow/example_dags/plugins/workday.py
[2026-02-25T05:13:46.112+0000] {logging_mixin.py:190} INFO - [2026-02-25T05:13:46.112+0000] {workday.py:41} WARNING - Could not import pandas. Holidays will not be considered.
[2026-02-25T05:13:46.112+0000] {processor.py:927} WARNING - No viable dags retrieved from /home/ubuntu/airflow-venv/lib/python3.12/site-packages/airflow/example_dags/plugins/workday.py
[2026-02-25T05:13:46.119+0000] {processor.py:208} INFO - Processing /home/ubuntu/airflow-venv/lib/python3.12/site-packages/airflow/example_dags/plugins/workday.py took 0.014 seconds
[2026-02-25T05:14:35.927+0000] {processor.py:186} INFO - Started process (PID=4248) to work on /home/ubuntu/airflow-venv/lib/python3.12/site-packages/airflow/example_dags/plugins/workday.py
[2026-02-25T05:14:35.928+0000] {processor.py:914} INFO - Processing file /home/ubuntu/airflow-venv/lib/python3.12/site-packages/airflow/example_dags/plugins/workday.py for tasks to queue
[2026-02-25T05:14:35.930+0000] {logging_mixin.py:190} INFO - [2026-02-25T05:14:35.929+0000] {dagbag.py:588} INFO - Filling up the DagBag from /home/ubuntu/airflow-venv/lib/python3.12/site-packages/airflow/example_dags/plugins/workday.py
[2026-02-25T05:14:35.931+0000] {logging_mixin.py:190} INFO - [2026-02-25T05:14:35.931+0000] {workday.py:41} WARNING - Could not import pandas. Holidays will not be considered.
[2026-02-25T05:14:35.932+0000] {processor.py:927} WARNING - No viable dags retrieved from /home/ubuntu/airflow-venv/lib/python3.12/site-packages/airflow/example_dags/plugins/workday.py
[2026-02-25T05:14:35.939+0000] {processor.py:208} INFO - Processing /home/ubuntu/airflow-venv/lib/python3.12/site-packages/airflow/example_dags/plugins/workday.py took 0.015 seconds
[2026-02-25T05:15:25.531+0000] {processor.py:186} INFO - Started process (PID=4301) to work on /home/ubuntu/airflow-venv/lib/python3.12/site-packages/airflow/example_dags/plugins/workday.py
[2026-02-25T05:15:25.532+0000] {processor.py:914} INFO - Processing file /home/ubuntu/airflow-venv/lib/python3.12/site-packages/airflow/example_dags/plugins/workday.py for tasks to queue
[2026-02-25T05:15:25.533+0000] {logging_mixin.py:190} INFO - [2026-02-25T05:15:25.533+0000] {dagbag.py:588} INFO - Filling up the DagBag from /home/ubuntu/airflow-venv/lib/python3.12/site-packages/airflow/example_dags/plugins/workday.py
[2026-02-25T05:15:25.535+0000] {logging_mixin.py:190} INFO - [2026-02-25T05:15:25.535+0000] {workday.py:41} WARNING - Could not import pandas. Holidays will not be considered.
[2026-02-25T05:15:25.535+0000] {processor.py:927} WARNING - No viable dags retrieved from /home/ubuntu/airflow-venv/lib/python3.12/site-packages/airflow/example_dags/plugins/workday.py
[2026-02-25T05:15:25.542+0000] {processor.py:208} INFO - Processing /home/ubuntu/airflow-venv/lib/python3.12/site-packages/airflow/example_dags/plugins/workday.py took 0.014 seconds
[2026-02-25T05:16:15.740+0000] {processor.py:186} INFO - Started process (PID=4356) to work on /home/ubuntu/airflow-venv/lib/python3.12/site-packages/airflow/example_dags/plugins/workday.py
[2026-02-25T05:16:15.741+0000] {processor.py:914} INFO - Processing file /home/ubuntu/airflow-venv/lib/python3.12/site-packages/airflow/example_dags/plugins/workday.py for tasks to queue
[2026-02-25T05:16:15.742+0000] {logging_mixin.py:190} INFO - [2026-02-25T05:16:15.742+0000] {dagbag.py:588} INFO - Filling up the DagBag from /home/ubuntu/airflow-venv/lib/python3.12/site-packages/airflow/example_dags/plugins/workday.py
[2026-02-25T05:16:15.744+0000] {logging_mixin.py:190} INFO - [2026-02-25T05:16:15.744+0000] {workday.py:41} WARNING - Could not import pandas. Holidays will not be considered.
[2026-02-25T05:16:15.744+0000] {processor.py:927} WARNING - No viable dags retrieved from /home/ubuntu/airflow-venv/lib/python3.12/site-packages/airflow/example_dags/plugins/workday.py
[2026-02-25T05:16:15.751+0000] {processor.py:208} INFO - Processing /home/ubuntu/airflow-venv/lib/python3.12/site-packages/airflow/example_dags/plugins/workday.py took 0.015 seconds
[2026-02-25T05:17:07.062+0000] {processor.py:186} INFO - Started process (PID=4412) to work on /home/ubuntu/airflow-venv/lib/python3.12/site-packages/airflow/example_dags/plugins/workday.py
[2026-02-25T05:17:07.064+0000] {processor.py:914} INFO - Processing file /home/ubuntu/airflow-venv/lib/python3.12/site-packages/airflow/example_dags/plugins/workday.py for tasks to queue
[2026-02-25T05:17:07.065+0000] {logging_mixin.py:190} INFO - [2026-02-25T05:17:07.065+0000] {dagbag.py:588} INFO - Filling up the DagBag from /home/ubuntu/airflow-venv/lib/python3.12/site-packages/airflow/example_dags/plugins/workday.py
[2026-02-25T05:17:07.067+0000] {logging_mixin.py:190} INFO - [2026-02-25T05:17:07.066+0000] {workday.py:41} WARNING - Could not import pandas. Holidays will not be considered.
[2026-02-25T05:17:07.067+0000] {processor.py:927} WARNING - No viable dags retrieved from /home/ubuntu/airflow-venv/lib/python3.12/site-packages/airflow/example_dags/plugins/workday.py
[2026-02-25T05:17:07.074+0000] {processor.py:208} INFO - Processing /home/ubuntu/airflow-venv/lib/python3.12/site-packages/airflow/example_dags/plugins/workday.py took 0.015 seconds
[2026-02-25T05:17:55.575+0000] {processor.py:186} INFO - Started process (PID=4466) to work on /home/ubuntu/airflow-venv/lib/python3.12/site-packages/airflow/example_dags/plugins/workday.py
[2026-02-25T05:17:55.576+0000] {processor.py:914} INFO - Processing file /home/ubuntu/airflow-venv/lib/python3.12/site-packages/airflow/example_dags/plugins/workday.py for tasks to queue
[2026-02-25T05:17:55.577+0000] {logging_mixin.py:190} INFO - [2026-02-25T05:17:55.577+0000] {dagbag.py:588} INFO - Filling up the DagBag from /home/ubuntu/airflow-venv/lib/python3.12/site-packages/airflow/example_dags/plugins/workday.py
[2026-02-25T05:17:55.579+0000] {logging_mixin.py:190} INFO - [2026-02-25T05:17:55.579+0000] {workday.py:41} WARNING - Could not import pandas. Holidays will not be considered.
[2026-02-25T05:17:55.579+0000] {processor.py:927} WARNING - No viable dags retrieved from /home/ubuntu/airflow-venv/lib/python3.12/site-packages/airflow/example_dags/plugins/workday.py
[2026-02-25T05:17:55.586+0000] {processor.py:208} INFO - Processing /home/ubuntu/airflow-venv/lib/python3.12/site-packages/airflow/example_dags/plugins/workday.py took 0.015 seconds
[2026-02-25T05:18:44.158+0000] {processor.py:186} INFO - Started process (PID=4516) to work on /home/ubuntu/airflow-venv/lib/python3.12/site-packages/airflow/example_dags/plugins/workday.py
[2026-02-25T05:18:44.160+0000] {processor.py:914} INFO - Processing file /home/ubuntu/airflow-venv/lib/python3.12/site-packages/airflow/example_dags/plugins/workday.py for tasks to queue
[2026-02-25T05:18:44.161+0000] {logging_mixin.py:190} INFO - [2026-02-25T05:18:44.161+0000] {dagbag.py:588} INFO - Filling up the DagBag from /home/ubuntu/airflow-venv/lib/python3.12/site-packages/airflow/example_dags/plugins/workday.py
[2026-02-25T05:18:44.163+0000] {logging_mixin.py:190} INFO - [2026-02-25T05:18:44.163+0000] {workday.py:41} WARNING - Could not import pandas. Holidays will not be considered.
[2026-02-25T05:18:44.163+0000] {processor.py:927} WARNING - No viable dags retrieved from /home/ubuntu/airflow-venv/lib/python3.12/site-packages/airflow/example_dags/plugins/workday.py
[2026-02-25T05:18:44.170+0000] {processor.py:208} INFO - Processing /home/ubuntu/airflow-venv/lib/python3.12/site-packages/airflow/example_dags/plugins/workday.py took 0.015 seconds
[2026-02-25T05:19:33.709+0000] {processor.py:186} INFO - Started process (PID=4569) to work on /home/ubuntu/airflow-venv/lib/python3.12/site-packages/airflow/example_dags/plugins/workday.py
[2026-02-25T05:19:33.710+0000] {processor.py:914} INFO - Processing file /home/ubuntu/airflow-venv/lib/python3.12/site-packages/airflow/example_dags/plugins/workday.py for tasks to queue
[2026-02-25T05:19:33.711+0000] {logging_mixin.py:190} INFO - [2026-02-25T05:19:33.711+0000] {dagbag.py:588} INFO - Filling up the DagBag from /home/ubuntu/airflow-venv/lib/python3.12/site-packages/airflow/example_dags/plugins/workday.py
[2026-02-25T05:19:33.713+0000] {logging_mixin.py:190} INFO - [2026-02-25T05:19:33.713+0000] {workday.py:41} WARNING - Could not import pandas. Holidays will not be considered.
[2026-02-25T05:19:33.713+0000] {processor.py:927} WARNING - No viable dags retrieved from /home/ubuntu/airflow-venv/lib/python3.12/site-packages/airflow/example_dags/plugins/workday.py
[2026-02-25T05:19:33.720+0000] {processor.py:208} INFO - Processing /home/ubuntu/airflow-venv/lib/python3.12/site-packages/airflow/example_dags/plugins/workday.py took 0.015 seconds
[2026-02-25T08:22:24.431+0000] {processor.py:186} INFO - Started process (PID=2247) to work on /home/ubuntu/airflow-venv/lib/python3.12/site-packages/airflow/example_dags/plugins/workday.py
[2026-02-25T08:22:24.434+0000] {processor.py:914} INFO - Processing file /home/ubuntu/airflow-venv/lib/python3.12/site-packages/airflow/example_dags/plugins/workday.py for tasks to queue
[2026-02-25T08:22:24.435+0000] {logging_mixin.py:190} INFO - [2026-02-25T08:22:24.435+0000] {dagbag.py:588} INFO - Filling up the DagBag from /home/ubuntu/airflow-venv/lib/python3.12/site-packages/airflow/example_dags/plugins/workday.py
[2026-02-25T08:22:24.436+0000] {logging_mixin.py:190} INFO - [2026-02-25T08:22:24.436+0000] {workday.py:41} WARNING - Could not import pandas. Holidays will not be considered.
[2026-02-25T08:22:24.437+0000] {processor.py:927} WARNING - No viable dags retrieved from /home/ubuntu/airflow-venv/lib/python3.12/site-packages/airflow/example_dags/plugins/workday.py
[2026-02-25T08:22:24.443+0000] {processor.py:208} INFO - Processing /home/ubuntu/airflow-venv/lib/python3.12/site-packages/airflow/example_dags/plugins/workday.py took 0.015 seconds
[2026-02-25T08:23:18.336+0000] {processor.py:186} INFO - Started process (PID=2679) to work on /home/ubuntu/airflow-venv/lib/python3.12/site-packages/airflow/example_dags/plugins/workday.py
[2026-02-25T08:23:18.337+0000] {processor.py:914} INFO - Processing file /home/ubuntu/airflow-venv/lib/python3.12/site-packages/airflow/example_dags/plugins/workday.py for tasks to queue
[2026-02-25T08:23:18.338+0000] {logging_mixin.py:190} INFO - [2026-02-25T08:23:18.338+0000] {dagbag.py:588} INFO - Filling up the DagBag from /home/ubuntu/airflow-venv/lib/python3.12/site-packages/airflow/example_dags/plugins/workday.py
[2026-02-25T08:23:18.340+0000] {logging_mixin.py:190} INFO - [2026-02-25T08:23:18.340+0000] {workday.py:41} WARNING - Could not import pandas. Holidays will not be considered.
[2026-02-25T08:23:18.340+0000] {processor.py:927} WARNING - No viable dags retrieved from /home/ubuntu/airflow-venv/lib/python3.12/site-packages/airflow/example_dags/plugins/workday.py
[2026-02-25T08:23:18.347+0000] {processor.py:208} INFO - Processing /home/ubuntu/airflow-venv/lib/python3.12/site-packages/airflow/example_dags/plugins/workday.py took 0.014 seconds
[2026-02-25T08:24:06.785+0000] {processor.py:186} INFO - Started process (PID=2739) to work on /home/ubuntu/airflow-venv/lib/python3.12/site-packages/airflow/example_dags/plugins/workday.py
[2026-02-25T08:24:06.787+0000] {processor.py:914} INFO - Processing file /home/ubuntu/airflow-venv/lib/python3.12/site-packages/airflow/example_dags/plugins/workday.py for tasks to queue
[2026-02-25T08:24:06.788+0000] {logging_mixin.py:190} INFO - [2026-02-25T08:24:06.788+0000] {dagbag.py:588} INFO - Filling up the DagBag from /home/ubuntu/airflow-venv/lib/python3.12/site-packages/airflow/example_dags/plugins/workday.py
[2026-02-25T08:24:06.789+0000] {logging_mixin.py:190} INFO - [2026-02-25T08:24:06.789+0000] {workday.py:41} WARNING - Could not import pandas. Holidays will not be considered.
[2026-02-25T08:24:06.790+0000] {processor.py:927} WARNING - No viable dags retrieved from /home/ubuntu/airflow-venv/lib/python3.12/site-packages/airflow/example_dags/plugins/workday.py
[2026-02-25T08:24:06.796+0000] {processor.py:208} INFO - Processing /home/ubuntu/airflow-venv/lib/python3.12/site-packages/airflow/example_dags/plugins/workday.py took 0.014 seconds
[2026-02-25T08:24:53.031+0000] {processor.py:186} INFO - Started process (PID=2789) to work on /home/ubuntu/airflow-venv/lib/python3.12/site-packages/airflow/example_dags/plugins/workday.py
[2026-02-25T08:24:53.032+0000] {processor.py:914} INFO - Processing file /home/ubuntu/airflow-venv/lib/python3.12/site-packages/airflow/example_dags/plugins/workday.py for tasks to queue
[2026-02-25T08:24:53.033+0000] {logging_mixin.py:190} INFO - [2026-02-25T08:24:53.033+0000] {dagbag.py:588} INFO - Filling up the DagBag from /home/ubuntu/airflow-venv/lib/python3.12/site-packages/airflow/example_dags/plugins/workday.py
[2026-02-25T08:24:53.035+0000] {logging_mixin.py:190} INFO - [2026-02-25T08:24:53.035+0000] {workday.py:41} WARNING - Could not import pandas. Holidays will not be considered.
[2026-02-25T08:24:53.035+0000] {processor.py:927} WARNING - No viable dags retrieved from /home/ubuntu/airflow-venv/lib/python3.12/site-packages/airflow/example_dags/plugins/workday.py
[2026-02-25T08:24:53.042+0000] {processor.py:208} INFO - Processing /home/ubuntu/airflow-venv/lib/python3.12/site-packages/airflow/example_dags/plugins/workday.py took 0.015 seconds
[2026-02-25T08:25:42.123+0000] {processor.py:186} INFO - Started process (PID=2846) to work on /home/ubuntu/airflow-venv/lib/python3.12/site-packages/airflow/example_dags/plugins/workday.py
[2026-02-25T08:25:42.124+0000] {processor.py:914} INFO - Processing file /home/ubuntu/airflow-venv/lib/python3.12/site-packages/airflow/example_dags/plugins/workday.py for tasks to queue
[2026-02-25T08:25:42.125+0000] {logging_mixin.py:190} INFO - [2026-02-25T08:25:42.125+0000] {dagbag.py:588} INFO - Filling up the DagBag from /home/ubuntu/airflow-venv/lib/python3.12/site-packages/airflow/example_dags/plugins/workday.py
[2026-02-25T08:25:42.127+0000] {logging_mixin.py:190} INFO - [2026-02-25T08:25:42.126+0000] {workday.py:41} WARNING - Could not import pandas. Holidays will not be considered.
[2026-02-25T08:25:42.127+0000] {processor.py:927} WARNING - No viable dags retrieved from /home/ubuntu/airflow-venv/lib/python3.12/site-packages/airflow/example_dags/plugins/workday.py
[2026-02-25T08:25:42.133+0000] {processor.py:208} INFO - Processing /home/ubuntu/airflow-venv/lib/python3.12/site-packages/airflow/example_dags/plugins/workday.py took 0.014 seconds
[2026-02-25T08:26:33.509+0000] {processor.py:186} INFO - Started process (PID=2897) to work on /home/ubuntu/airflow-venv/lib/python3.12/site-packages/airflow/example_dags/plugins/workday.py
[2026-02-25T08:26:33.510+0000] {processor.py:914} INFO - Processing file /home/ubuntu/airflow-venv/lib/python3.12/site-packages/airflow/example_dags/plugins/workday.py for tasks to queue
[2026-02-25T08:26:33.511+0000] {logging_mixin.py:190} INFO - [2026-02-25T08:26:33.511+0000] {dagbag.py:588} INFO - Filling up the DagBag from /home/ubuntu/airflow-venv/lib/python3.12/site-packages/airflow/example_dags/plugins/workday.py
[2026-02-25T08:26:33.513+0000] {logging_mixin.py:190} INFO - [2026-02-25T08:26:33.513+0000] {workday.py:41} WARNING - Could not import pandas. Holidays will not be considered.
[2026-02-25T08:26:33.513+0000] {processor.py:927} WARNING - No viable dags retrieved from /home/ubuntu/airflow-venv/lib/python3.12/site-packages/airflow/example_dags/plugins/workday.py
[2026-02-25T08:26:33.520+0000] {processor.py:208} INFO - Processing /home/ubuntu/airflow-venv/lib/python3.12/site-packages/airflow/example_dags/plugins/workday.py took 0.014 seconds
[2026-02-25T08:27:23.500+0000] {processor.py:186} INFO - Started process (PID=2950) to work on /home/ubuntu/airflow-venv/lib/python3.12/site-packages/airflow/example_dags/plugins/workday.py
[2026-02-25T08:27:23.502+0000] {processor.py:914} INFO - Processing file /home/ubuntu/airflow-venv/lib/python3.12/site-packages/airflow/example_dags/plugins/workday.py for tasks to queue
[2026-02-25T08:27:23.503+0000] {logging_mixin.py:190} INFO - [2026-02-25T08:27:23.502+0000] {dagbag.py:588} INFO - Filling up the DagBag from /home/ubuntu/airflow-venv/lib/python3.12/site-packages/airflow/example_dags/plugins/workday.py
[2026-02-25T08:27:23.504+0000] {logging_mixin.py:190} INFO - [2026-02-25T08:27:23.504+0000] {workday.py:41} WARNING - Could not import pandas. Holidays will not be considered.
[2026-02-25T08:27:23.505+0000] {processor.py:927} WARNING - No viable dags retrieved from /home/ubuntu/airflow-venv/lib/python3.12/site-packages/airflow/example_dags/plugins/workday.py
[2026-02-25T08:27:23.511+0000] {processor.py:208} INFO - Processing /home/ubuntu/airflow-venv/lib/python3.12/site-packages/airflow/example_dags/plugins/workday.py took 0.014 seconds
[2026-02-25T08:28:16.060+0000] {processor.py:186} INFO - Started process (PID=3003) to work on /home/ubuntu/airflow-venv/lib/python3.12/site-packages/airflow/example_dags/plugins/workday.py
[2026-02-25T08:28:16.061+0000] {processor.py:914} INFO - Processing file /home/ubuntu/airflow-venv/lib/python3.12/site-packages/airflow/example_dags/plugins/workday.py for tasks to queue
[2026-02-25T08:28:16.063+0000] {logging_mixin.py:190} INFO - [2026-02-25T08:28:16.062+0000] {dagbag.py:588} INFO - Filling up the DagBag from /home/ubuntu/airflow-venv/lib/python3.12/site-packages/airflow/example_dags/plugins/workday.py
[2026-02-25T08:28:16.064+0000] {logging_mixin.py:190} INFO - [2026-02-25T08:28:16.064+0000] {workday.py:41} WARNING - Could not import pandas. Holidays will not be considered.
[2026-02-25T08:28:16.065+0000] {processor.py:927} WARNING - No viable dags retrieved from /home/ubuntu/airflow-venv/lib/python3.12/site-packages/airflow/example_dags/plugins/workday.py
[2026-02-25T08:28:16.071+0000] {processor.py:208} INFO - Processing /home/ubuntu/airflow-venv/lib/python3.12/site-packages/airflow/example_dags/plugins/workday.py took 0.015 seconds
[2026-02-25T08:29:07.186+0000] {processor.py:186} INFO - Started process (PID=3058) to work on /home/ubuntu/airflow-venv/lib/python3.12/site-packages/airflow/example_dags/plugins/workday.py
[2026-02-25T08:29:07.187+0000] {processor.py:914} INFO - Processing file /home/ubuntu/airflow-venv/lib/python3.12/site-packages/airflow/example_dags/plugins/workday.py for tasks to queue
[2026-02-25T08:29:07.188+0000] {logging_mixin.py:190} INFO - [2026-02-25T08:29:07.188+0000] {dagbag.py:588} INFO - Filling up the DagBag from /home/ubuntu/airflow-venv/lib/python3.12/site-packages/airflow/example_dags/plugins/workday.py
[2026-02-25T08:29:07.190+0000] {logging_mixin.py:190} INFO - [2026-02-25T08:29:07.190+0000] {workday.py:41} WARNING - Could not import pandas. Holidays will not be considered.
[2026-02-25T08:29:07.190+0000] {processor.py:927} WARNING - No viable dags retrieved from /home/ubuntu/airflow-venv/lib/python3.12/site-packages/airflow/example_dags/plugins/workday.py
[2026-02-25T08:29:07.197+0000] {processor.py:208} INFO - Processing /home/ubuntu/airflow-venv/lib/python3.12/site-packages/airflow/example_dags/plugins/workday.py took 0.015 seconds
[2026-02-25T08:29:57.801+0000] {processor.py:186} INFO - Started process (PID=3111) to work on /home/ubuntu/airflow-venv/lib/python3.12/site-packages/airflow/example_dags/plugins/workday.py
[2026-02-25T08:29:57.802+0000] {processor.py:914} INFO - Processing file /home/ubuntu/airflow-venv/lib/python3.12/site-packages/airflow/example_dags/plugins/workday.py for tasks to queue
[2026-02-25T08:29:57.804+0000] {logging_mixin.py:190} INFO - [2026-02-25T08:29:57.803+0000] {dagbag.py:588} INFO - Filling up the DagBag from /home/ubuntu/airflow-venv/lib/python3.12/site-packages/airflow/example_dags/plugins/workday.py
[2026-02-25T08:29:57.805+0000] {logging_mixin.py:190} INFO - [2026-02-25T08:29:57.805+0000] {workday.py:41} WARNING - Could not import pandas. Holidays will not be considered.
[2026-02-25T08:29:57.805+0000] {processor.py:927} WARNING - No viable dags retrieved from /home/ubuntu/airflow-venv/lib/python3.12/site-packages/airflow/example_dags/plugins/workday.py
[2026-02-25T08:29:57.812+0000] {processor.py:208} INFO - Processing /home/ubuntu/airflow-venv/lib/python3.12/site-packages/airflow/example_dags/plugins/workday.py took 0.015 seconds
[2026-02-25T08:30:48.456+0000] {processor.py:186} INFO - Started process (PID=3168) to work on /home/ubuntu/airflow-venv/lib/python3.12/site-packages/airflow/example_dags/plugins/workday.py
[2026-02-25T08:30:48.458+0000] {processor.py:914} INFO - Processing file /home/ubuntu/airflow-venv/lib/python3.12/site-packages/airflow/example_dags/plugins/workday.py for tasks to queue
[2026-02-25T08:30:48.459+0000] {logging_mixin.py:190} INFO - [2026-02-25T08:30:48.459+0000] {dagbag.py:588} INFO - Filling up the DagBag from /home/ubuntu/airflow-venv/lib/python3.12/site-packages/airflow/example_dags/plugins/workday.py
[2026-02-25T08:30:48.461+0000] {logging_mixin.py:190} INFO - [2026-02-25T08:30:48.460+0000] {workday.py:41} WARNING - Could not import pandas. Holidays will not be considered.
[2026-02-25T08:30:48.461+0000] {processor.py:927} WARNING - No viable dags retrieved from /home/ubuntu/airflow-venv/lib/python3.12/site-packages/airflow/example_dags/plugins/workday.py
[2026-02-25T08:30:48.468+0000] {processor.py:208} INFO - Processing /home/ubuntu/airflow-venv/lib/python3.12/site-packages/airflow/example_dags/plugins/workday.py took 0.015 seconds
[2026-02-25T08:31:37.410+0000] {processor.py:186} INFO - Started process (PID=3222) to work on /home/ubuntu/airflow-venv/lib/python3.12/site-packages/airflow/example_dags/plugins/workday.py
[2026-02-25T08:31:37.412+0000] {processor.py:914} INFO - Processing file /home/ubuntu/airflow-venv/lib/python3.12/site-packages/airflow/example_dags/plugins/workday.py for tasks to queue
[2026-02-25T08:31:37.413+0000] {logging_mixin.py:190} INFO - [2026-02-25T08:31:37.413+0000] {dagbag.py:588} INFO - Filling up the DagBag from /home/ubuntu/airflow-venv/lib/python3.12/site-packages/airflow/example_dags/plugins/workday.py
[2026-02-25T08:31:37.414+0000] {logging_mixin.py:190} INFO - [2026-02-25T08:31:37.414+0000] {workday.py:41} WARNING - Could not import pandas. Holidays will not be considered.
[2026-02-25T08:31:37.415+0000] {processor.py:927} WARNING - No viable dags retrieved from /home/ubuntu/airflow-venv/lib/python3.12/site-packages/airflow/example_dags/plugins/workday.py
[2026-02-25T08:31:37.421+0000] {processor.py:208} INFO - Processing /home/ubuntu/airflow-venv/lib/python3.12/site-packages/airflow/example_dags/plugins/workday.py took 0.014 seconds
[2026-02-25T09:42:33.931+0000] {processor.py:186} INFO - Started process (PID=1723) to work on /home/ubuntu/airflow-venv/lib/python3.12/site-packages/airflow/example_dags/plugins/workday.py
[2026-02-25T09:42:33.933+0000] {processor.py:914} INFO - Processing file /home/ubuntu/airflow-venv/lib/python3.12/site-packages/airflow/example_dags/plugins/workday.py for tasks to queue
[2026-02-25T09:42:33.934+0000] {logging_mixin.py:190} INFO - [2026-02-25T09:42:33.934+0000] {dagbag.py:588} INFO - Filling up the DagBag from /home/ubuntu/airflow-venv/lib/python3.12/site-packages/airflow/example_dags/plugins/workday.py
[2026-02-25T09:42:33.936+0000] {logging_mixin.py:190} INFO - [2026-02-25T09:42:33.936+0000] {workday.py:41} WARNING - Could not import pandas. Holidays will not be considered.
[2026-02-25T09:42:33.936+0000] {processor.py:927} WARNING - No viable dags retrieved from /home/ubuntu/airflow-venv/lib/python3.12/site-packages/airflow/example_dags/plugins/workday.py
[2026-02-25T09:42:33.942+0000] {processor.py:208} INFO - Processing /home/ubuntu/airflow-venv/lib/python3.12/site-packages/airflow/example_dags/plugins/workday.py took 0.015 seconds
[2026-02-25T09:43:27.870+0000] {processor.py:186} INFO - Started process (PID=2213) to work on /home/ubuntu/airflow-venv/lib/python3.12/site-packages/airflow/example_dags/plugins/workday.py
[2026-02-25T09:43:27.871+0000] {processor.py:914} INFO - Processing file /home/ubuntu/airflow-venv/lib/python3.12/site-packages/airflow/example_dags/plugins/workday.py for tasks to queue
[2026-02-25T09:43:27.873+0000] {logging_mixin.py:190} INFO - [2026-02-25T09:43:27.872+0000] {dagbag.py:588} INFO - Filling up the DagBag from /home/ubuntu/airflow-venv/lib/python3.12/site-packages/airflow/example_dags/plugins/workday.py
[2026-02-25T09:43:27.874+0000] {logging_mixin.py:190} INFO - [2026-02-25T09:43:27.874+0000] {workday.py:41} WARNING - Could not import pandas. Holidays will not be considered.
[2026-02-25T09:43:27.874+0000] {processor.py:927} WARNING - No viable dags retrieved from /home/ubuntu/airflow-venv/lib/python3.12/site-packages/airflow/example_dags/plugins/workday.py
[2026-02-25T09:43:27.881+0000] {processor.py:208} INFO - Processing /home/ubuntu/airflow-venv/lib/python3.12/site-packages/airflow/example_dags/plugins/workday.py took 0.014 seconds
[2026-02-25T09:44:16.302+0000] {processor.py:186} INFO - Started process (PID=2691) to work on /home/ubuntu/airflow-venv/lib/python3.12/site-packages/airflow/example_dags/plugins/workday.py
[2026-02-25T09:44:16.303+0000] {processor.py:914} INFO - Processing file /home/ubuntu/airflow-venv/lib/python3.12/site-packages/airflow/example_dags/plugins/workday.py for tasks to queue
[2026-02-25T09:44:16.304+0000] {logging_mixin.py:190} INFO - [2026-02-25T09:44:16.304+0000] {dagbag.py:588} INFO - Filling up the DagBag from /home/ubuntu/airflow-venv/lib/python3.12/site-packages/airflow/example_dags/plugins/workday.py
[2026-02-25T09:44:16.306+0000] {logging_mixin.py:190} INFO - [2026-02-25T09:44:16.306+0000] {workday.py:41} WARNING - Could not import pandas. Holidays will not be considered.
[2026-02-25T09:44:16.306+0000] {processor.py:927} WARNING - No viable dags retrieved from /home/ubuntu/airflow-venv/lib/python3.12/site-packages/airflow/example_dags/plugins/workday.py
[2026-02-25T09:44:16.313+0000] {processor.py:208} INFO - Processing /home/ubuntu/airflow-venv/lib/python3.12/site-packages/airflow/example_dags/plugins/workday.py took 0.014 seconds
[2026-02-25T09:45:02.542+0000] {processor.py:186} INFO - Started process (PID=2745) to work on /home/ubuntu/airflow-venv/lib/python3.12/site-packages/airflow/example_dags/plugins/workday.py
[2026-02-25T09:45:02.543+0000] {processor.py:914} INFO - Processing file /home/ubuntu/airflow-venv/lib/python3.12/site-packages/airflow/example_dags/plugins/workday.py for tasks to queue
[2026-02-25T09:45:02.544+0000] {logging_mixin.py:190} INFO - [2026-02-25T09:45:02.544+0000] {dagbag.py:588} INFO - Filling up the DagBag from /home/ubuntu/airflow-venv/lib/python3.12/site-packages/airflow/example_dags/plugins/workday.py
[2026-02-25T09:45:02.545+0000] {logging_mixin.py:190} INFO - [2026-02-25T09:45:02.545+0000] {workday.py:41} WARNING - Could not import pandas. Holidays will not be considered.
[2026-02-25T09:45:02.546+0000] {processor.py:927} WARNING - No viable dags retrieved from /home/ubuntu/airflow-venv/lib/python3.12/site-packages/airflow/example_dags/plugins/workday.py
[2026-02-25T09:45:02.552+0000] {processor.py:208} INFO - Processing /home/ubuntu/airflow-venv/lib/python3.12/site-packages/airflow/example_dags/plugins/workday.py took 0.014 seconds
[2026-02-25T09:45:52.754+0000] {processor.py:186} INFO - Started process (PID=2798) to work on /home/ubuntu/airflow-venv/lib/python3.12/site-packages/airflow/example_dags/plugins/workday.py
[2026-02-25T09:45:52.755+0000] {processor.py:914} INFO - Processing file /home/ubuntu/airflow-venv/lib/python3.12/site-packages/airflow/example_dags/plugins/workday.py for tasks to queue
[2026-02-25T09:45:52.756+0000] {logging_mixin.py:190} INFO - [2026-02-25T09:45:52.756+0000] {dagbag.py:588} INFO - Filling up the DagBag from /home/ubuntu/airflow-venv/lib/python3.12/site-packages/airflow/example_dags/plugins/workday.py
[2026-02-25T09:45:52.758+0000] {logging_mixin.py:190} INFO - [2026-02-25T09:45:52.758+0000] {workday.py:41} WARNING - Could not import pandas. Holidays will not be considered.
[2026-02-25T09:45:52.758+0000] {processor.py:927} WARNING - No viable dags retrieved from /home/ubuntu/airflow-venv/lib/python3.12/site-packages/airflow/example_dags/plugins/workday.py
[2026-02-25T09:45:52.765+0000] {processor.py:208} INFO - Processing /home/ubuntu/airflow-venv/lib/python3.12/site-packages/airflow/example_dags/plugins/workday.py took 0.015 seconds
[2026-02-25T09:46:44.532+0000] {processor.py:186} INFO - Started process (PID=2850) to work on /home/ubuntu/airflow-venv/lib/python3.12/site-packages/airflow/example_dags/plugins/workday.py
[2026-02-25T09:46:44.533+0000] {processor.py:914} INFO - Processing file /home/ubuntu/airflow-venv/lib/python3.12/site-packages/airflow/example_dags/plugins/workday.py for tasks to queue
[2026-02-25T09:46:44.534+0000] {logging_mixin.py:190} INFO - [2026-02-25T09:46:44.534+0000] {dagbag.py:588} INFO - Filling up the DagBag from /home/ubuntu/airflow-venv/lib/python3.12/site-packages/airflow/example_dags/plugins/workday.py
[2026-02-25T09:46:44.536+0000] {logging_mixin.py:190} INFO - [2026-02-25T09:46:44.536+0000] {workday.py:41} WARNING - Could not import pandas. Holidays will not be considered.
[2026-02-25T09:46:44.536+0000] {processor.py:927} WARNING - No viable dags retrieved from /home/ubuntu/airflow-venv/lib/python3.12/site-packages/airflow/example_dags/plugins/workday.py
[2026-02-25T09:46:44.543+0000] {processor.py:208} INFO - Processing /home/ubuntu/airflow-venv/lib/python3.12/site-packages/airflow/example_dags/plugins/workday.py took 0.015 seconds
[2026-02-25T09:47:33.122+0000] {processor.py:186} INFO - Started process (PID=2912) to work on /home/ubuntu/airflow-venv/lib/python3.12/site-packages/airflow/example_dags/plugins/workday.py
[2026-02-25T09:47:33.123+0000] {processor.py:914} INFO - Processing file /home/ubuntu/airflow-venv/lib/python3.12/site-packages/airflow/example_dags/plugins/workday.py for tasks to queue
[2026-02-25T09:47:33.124+0000] {logging_mixin.py:190} INFO - [2026-02-25T09:47:33.124+0000] {dagbag.py:588} INFO - Filling up the DagBag from /home/ubuntu/airflow-venv/lib/python3.12/site-packages/airflow/example_dags/plugins/workday.py
[2026-02-25T09:47:33.125+0000] {logging_mixin.py:190} INFO - [2026-02-25T09:47:33.125+0000] {workday.py:41} WARNING - Could not import pandas. Holidays will not be considered.
[2026-02-25T09:47:33.126+0000] {processor.py:927} WARNING - No viable dags retrieved from /home/ubuntu/airflow-venv/lib/python3.12/site-packages/airflow/example_dags/plugins/workday.py
[2026-02-25T09:47:33.132+0000] {processor.py:208} INFO - Processing /home/ubuntu/airflow-venv/lib/python3.12/site-packages/airflow/example_dags/plugins/workday.py took 0.014 seconds
[2026-02-25T09:48:24.282+0000] {processor.py:186} INFO - Started process (PID=2964) to work on /home/ubuntu/airflow-venv/lib/python3.12/site-packages/airflow/example_dags/plugins/workday.py
[2026-02-25T09:48:24.284+0000] {processor.py:914} INFO - Processing file /home/ubuntu/airflow-venv/lib/python3.12/site-packages/airflow/example_dags/plugins/workday.py for tasks to queue
[2026-02-25T09:48:24.285+0000] {logging_mixin.py:190} INFO - [2026-02-25T09:48:24.285+0000] {dagbag.py:588} INFO - Filling up the DagBag from /home/ubuntu/airflow-venv/lib/python3.12/site-packages/airflow/example_dags/plugins/workday.py
[2026-02-25T09:48:24.287+0000] {logging_mixin.py:190} INFO - [2026-02-25T09:48:24.286+0000] {workday.py:41} WARNING - Could not import pandas. Holidays will not be considered.
[2026-02-25T09:48:24.287+0000] {processor.py:927} WARNING - No viable dags retrieved from /home/ubuntu/airflow-venv/lib/python3.12/site-packages/airflow/example_dags/plugins/workday.py
[2026-02-25T09:48:24.293+0000] {processor.py:208} INFO - Processing /home/ubuntu/airflow-venv/lib/python3.12/site-packages/airflow/example_dags/plugins/workday.py took 0.014 seconds
[2026-02-25T09:49:17.432+0000] {processor.py:186} INFO - Started process (PID=3017) to work on /home/ubuntu/airflow-venv/lib/python3.12/site-packages/airflow/example_dags/plugins/workday.py
[2026-02-25T09:49:17.433+0000] {processor.py:914} INFO - Processing file /home/ubuntu/airflow-venv/lib/python3.12/site-packages/airflow/example_dags/plugins/workday.py for tasks to queue
[2026-02-25T09:49:17.435+0000] {logging_mixin.py:190} INFO - [2026-02-25T09:49:17.434+0000] {dagbag.py:588} INFO - Filling up the DagBag from /home/ubuntu/airflow-venv/lib/python3.12/site-packages/airflow/example_dags/plugins/workday.py
[2026-02-25T09:49:17.436+0000] {logging_mixin.py:190} INFO - [2026-02-25T09:49:17.436+0000] {workday.py:41} WARNING - Could not import pandas. Holidays will not be considered.
[2026-02-25T09:49:17.436+0000] {processor.py:927} WARNING - No viable dags retrieved from /home/ubuntu/airflow-venv/lib/python3.12/site-packages/airflow/example_dags/plugins/workday.py
[2026-02-25T09:49:17.443+0000] {processor.py:208} INFO - Processing /home/ubuntu/airflow-venv/lib/python3.12/site-packages/airflow/example_dags/plugins/workday.py took 0.015 seconds
[2026-02-25T09:50:11.626+0000] {processor.py:186} INFO - Started process (PID=3076) to work on /home/ubuntu/airflow-venv/lib/python3.12/site-packages/airflow/example_dags/plugins/workday.py
[2026-02-25T09:50:11.627+0000] {processor.py:914} INFO - Processing file /home/ubuntu/airflow-venv/lib/python3.12/site-packages/airflow/example_dags/plugins/workday.py for tasks to queue
[2026-02-25T09:50:11.628+0000] {logging_mixin.py:190} INFO - [2026-02-25T09:50:11.628+0000] {dagbag.py:588} INFO - Filling up the DagBag from /home/ubuntu/airflow-venv/lib/python3.12/site-packages/airflow/example_dags/plugins/workday.py
[2026-02-25T09:50:11.630+0000] {logging_mixin.py:190} INFO - [2026-02-25T09:50:11.630+0000] {workday.py:41} WARNING - Could not import pandas. Holidays will not be considered.
[2026-02-25T09:50:11.630+0000] {processor.py:927} WARNING - No viable dags retrieved from /home/ubuntu/airflow-venv/lib/python3.12/site-packages/airflow/example_dags/plugins/workday.py
[2026-02-25T09:50:11.637+0000] {processor.py:208} INFO - Processing /home/ubuntu/airflow-venv/lib/python3.12/site-packages/airflow/example_dags/plugins/workday.py took 0.014 seconds
[2026-02-25T09:50:57.606+0000] {processor.py:186} INFO - Started process (PID=3126) to work on /home/ubuntu/airflow-venv/lib/python3.12/site-packages/airflow/example_dags/plugins/workday.py
[2026-02-25T09:50:57.607+0000] {processor.py:914} INFO - Processing file /home/ubuntu/airflow-venv/lib/python3.12/site-packages/airflow/example_dags/plugins/workday.py for tasks to queue
[2026-02-25T09:50:57.608+0000] {logging_mixin.py:190} INFO - [2026-02-25T09:50:57.608+0000] {dagbag.py:588} INFO - Filling up the DagBag from /home/ubuntu/airflow-venv/lib/python3.12/site-packages/airflow/example_dags/plugins/workday.py
[2026-02-25T09:50:57.610+0000] {logging_mixin.py:190} INFO - [2026-02-25T09:50:57.609+0000] {workday.py:41} WARNING - Could not import pandas. Holidays will not be considered.
[2026-02-25T09:50:57.610+0000] {processor.py:927} WARNING - No viable dags retrieved from /home/ubuntu/airflow-venv/lib/python3.12/site-packages/airflow/example_dags/plugins/workday.py
[2026-02-25T09:50:57.616+0000] {processor.py:208} INFO - Processing /home/ubuntu/airflow-venv/lib/python3.12/site-packages/airflow/example_dags/plugins/workday.py took 0.014 seconds
[2026-02-25T09:51:46.378+0000] {processor.py:186} INFO - Started process (PID=3177) to work on /home/ubuntu/airflow-venv/lib/python3.12/site-packages/airflow/example_dags/plugins/workday.py
[2026-02-25T09:51:46.379+0000] {processor.py:914} INFO - Processing file /home/ubuntu/airflow-venv/lib/python3.12/site-packages/airflow/example_dags/plugins/workday.py for tasks to queue
[2026-02-25T09:51:46.380+0000] {logging_mixin.py:190} INFO - [2026-02-25T09:51:46.380+0000] {dagbag.py:588} INFO - Filling up the DagBag from /home/ubuntu/airflow-venv/lib/python3.12/site-packages/airflow/example_dags/plugins/workday.py
[2026-02-25T09:51:46.382+0000] {logging_mixin.py:190} INFO - [2026-02-25T09:51:46.382+0000] {workday.py:41} WARNING - Could not import pandas. Holidays will not be considered.
[2026-02-25T09:51:46.382+0000] {processor.py:927} WARNING - No viable dags retrieved from /home/ubuntu/airflow-venv/lib/python3.12/site-packages/airflow/example_dags/plugins/workday.py
[2026-02-25T09:51:46.388+0000] {processor.py:208} INFO - Processing /home/ubuntu/airflow-venv/lib/python3.12/site-packages/airflow/example_dags/plugins/workday.py took 0.014 seconds
[2026-02-25T09:52:36.637+0000] {processor.py:186} INFO - Started process (PID=3234) to work on /home/ubuntu/airflow-venv/lib/python3.12/site-packages/airflow/example_dags/plugins/workday.py
[2026-02-25T09:52:36.638+0000] {processor.py:914} INFO - Processing file /home/ubuntu/airflow-venv/lib/python3.12/site-packages/airflow/example_dags/plugins/workday.py for tasks to queue
[2026-02-25T09:52:36.639+0000] {logging_mixin.py:190} INFO - [2026-02-25T09:52:36.639+0000] {dagbag.py:588} INFO - Filling up the DagBag from /home/ubuntu/airflow-venv/lib/python3.12/site-packages/airflow/example_dags/plugins/workday.py
[2026-02-25T09:52:36.641+0000] {logging_mixin.py:190} INFO - [2026-02-25T09:52:36.641+0000] {workday.py:41} WARNING - Could not import pandas. Holidays will not be considered.
[2026-02-25T09:52:36.641+0000] {processor.py:927} WARNING - No viable dags retrieved from /home/ubuntu/airflow-venv/lib/python3.12/site-packages/airflow/example_dags/plugins/workday.py
[2026-02-25T09:52:36.648+0000] {processor.py:208} INFO - Processing /home/ubuntu/airflow-venv/lib/python3.12/site-packages/airflow/example_dags/plugins/workday.py took 0.015 seconds
[2026-02-25T09:53:24.292+0000] {processor.py:186} INFO - Started process (PID=3285) to work on /home/ubuntu/airflow-venv/lib/python3.12/site-packages/airflow/example_dags/plugins/workday.py
[2026-02-25T09:53:24.294+0000] {processor.py:914} INFO - Processing file /home/ubuntu/airflow-venv/lib/python3.12/site-packages/airflow/example_dags/plugins/workday.py for tasks to queue
[2026-02-25T09:53:24.295+0000] {logging_mixin.py:190} INFO - [2026-02-25T09:53:24.295+0000] {dagbag.py:588} INFO - Filling up the DagBag from /home/ubuntu/airflow-venv/lib/python3.12/site-packages/airflow/example_dags/plugins/workday.py
[2026-02-25T09:53:24.297+0000] {logging_mixin.py:190} INFO - [2026-02-25T09:53:24.296+0000] {workday.py:41} WARNING - Could not import pandas. Holidays will not be considered.
[2026-02-25T09:53:24.297+0000] {processor.py:927} WARNING - No viable dags retrieved from /home/ubuntu/airflow-venv/lib/python3.12/site-packages/airflow/example_dags/plugins/workday.py
[2026-02-25T09:53:24.303+0000] {processor.py:208} INFO - Processing /home/ubuntu/airflow-venv/lib/python3.12/site-packages/airflow/example_dags/plugins/workday.py took 0.014 seconds
[2026-02-25T09:54:13.002+0000] {processor.py:186} INFO - Started process (PID=3336) to work on /home/ubuntu/airflow-venv/lib/python3.12/site-packages/airflow/example_dags/plugins/workday.py
[2026-02-25T09:54:13.003+0000] {processor.py:914} INFO - Processing file /home/ubuntu/airflow-venv/lib/python3.12/site-packages/airflow/example_dags/plugins/workday.py for tasks to queue
[2026-02-25T09:54:13.004+0000] {logging_mixin.py:190} INFO - [2026-02-25T09:54:13.004+0000] {dagbag.py:588} INFO - Filling up the DagBag from /home/ubuntu/airflow-venv/lib/python3.12/site-packages/airflow/example_dags/plugins/workday.py
[2026-02-25T09:54:13.006+0000] {logging_mixin.py:190} INFO - [2026-02-25T09:54:13.006+0000] {workday.py:41} WARNING - Could not import pandas. Holidays will not be considered.
[2026-02-25T09:54:13.006+0000] {processor.py:927} WARNING - No viable dags retrieved from /home/ubuntu/airflow-venv/lib/python3.12/site-packages/airflow/example_dags/plugins/workday.py
[2026-02-25T09:54:13.013+0000] {processor.py:208} INFO - Processing /home/ubuntu/airflow-venv/lib/python3.12/site-packages/airflow/example_dags/plugins/workday.py took 0.014 seconds
[2026-02-25T09:55:04.322+0000] {processor.py:186} INFO - Started process (PID=3393) to work on /home/ubuntu/airflow-venv/lib/python3.12/site-packages/airflow/example_dags/plugins/workday.py
[2026-02-25T09:55:04.323+0000] {processor.py:914} INFO - Processing file /home/ubuntu/airflow-venv/lib/python3.12/site-packages/airflow/example_dags/plugins/workday.py for tasks to queue
[2026-02-25T09:55:04.324+0000] {logging_mixin.py:190} INFO - [2026-02-25T09:55:04.324+0000] {dagbag.py:588} INFO - Filling up the DagBag from /home/ubuntu/airflow-venv/lib/python3.12/site-packages/airflow/example_dags/plugins/workday.py
[2026-02-25T09:55:04.326+0000] {logging_mixin.py:190} INFO - [2026-02-25T09:55:04.326+0000] {workday.py:41} WARNING - Could not import pandas. Holidays will not be considered.
[2026-02-25T09:55:04.326+0000] {processor.py:927} WARNING - No viable dags retrieved from /home/ubuntu/airflow-venv/lib/python3.12/site-packages/airflow/example_dags/plugins/workday.py
[2026-02-25T09:55:04.333+0000] {processor.py:208} INFO - Processing /home/ubuntu/airflow-venv/lib/python3.12/site-packages/airflow/example_dags/plugins/workday.py took 0.014 seconds
[2026-02-25T09:55:53.164+0000] {processor.py:186} INFO - Started process (PID=3444) to work on /home/ubuntu/airflow-venv/lib/python3.12/site-packages/airflow/example_dags/plugins/workday.py
[2026-02-25T09:55:53.165+0000] {processor.py:914} INFO - Processing file /home/ubuntu/airflow-venv/lib/python3.12/site-packages/airflow/example_dags/plugins/workday.py for tasks to queue
[2026-02-25T09:55:53.167+0000] {logging_mixin.py:190} INFO - [2026-02-25T09:55:53.166+0000] {dagbag.py:588} INFO - Filling up the DagBag from /home/ubuntu/airflow-venv/lib/python3.12/site-packages/airflow/example_dags/plugins/workday.py
[2026-02-25T09:55:53.168+0000] {logging_mixin.py:190} INFO - [2026-02-25T09:55:53.168+0000] {workday.py:41} WARNING - Could not import pandas. Holidays will not be considered.
[2026-02-25T09:55:53.168+0000] {processor.py:927} WARNING - No viable dags retrieved from /home/ubuntu/airflow-venv/lib/python3.12/site-packages/airflow/example_dags/plugins/workday.py
[2026-02-25T09:55:53.175+0000] {processor.py:208} INFO - Processing /home/ubuntu/airflow-venv/lib/python3.12/site-packages/airflow/example_dags/plugins/workday.py took 0.014 seconds
[2026-02-25T09:56:41.659+0000] {processor.py:186} INFO - Started process (PID=3496) to work on /home/ubuntu/airflow-venv/lib/python3.12/site-packages/airflow/example_dags/plugins/workday.py
[2026-02-25T09:56:41.661+0000] {processor.py:914} INFO - Processing file /home/ubuntu/airflow-venv/lib/python3.12/site-packages/airflow/example_dags/plugins/workday.py for tasks to queue
[2026-02-25T09:56:41.662+0000] {logging_mixin.py:190} INFO - [2026-02-25T09:56:41.662+0000] {dagbag.py:588} INFO - Filling up the DagBag from /home/ubuntu/airflow-venv/lib/python3.12/site-packages/airflow/example_dags/plugins/workday.py
[2026-02-25T09:56:41.664+0000] {logging_mixin.py:190} INFO - [2026-02-25T09:56:41.664+0000] {workday.py:41} WARNING - Could not import pandas. Holidays will not be considered.
[2026-02-25T09:56:41.664+0000] {processor.py:927} WARNING - No viable dags retrieved from /home/ubuntu/airflow-venv/lib/python3.12/site-packages/airflow/example_dags/plugins/workday.py
[2026-02-25T09:56:41.671+0000] {processor.py:208} INFO - Processing /home/ubuntu/airflow-venv/lib/python3.12/site-packages/airflow/example_dags/plugins/workday.py took 0.015 seconds
[2026-02-25T09:57:32.321+0000] {processor.py:186} INFO - Started process (PID=3993) to work on /home/ubuntu/airflow-venv/lib/python3.12/site-packages/airflow/example_dags/plugins/workday.py
[2026-02-25T09:57:32.323+0000] {processor.py:914} INFO - Processing file /home/ubuntu/airflow-venv/lib/python3.12/site-packages/airflow/example_dags/plugins/workday.py for tasks to queue
[2026-02-25T09:57:32.324+0000] {logging_mixin.py:190} INFO - [2026-02-25T09:57:32.324+0000] {dagbag.py:588} INFO - Filling up the DagBag from /home/ubuntu/airflow-venv/lib/python3.12/site-packages/airflow/example_dags/plugins/workday.py
[2026-02-25T09:57:32.326+0000] {logging_mixin.py:190} INFO - [2026-02-25T09:57:32.325+0000] {workday.py:41} WARNING - Could not import pandas. Holidays will not be considered.
[2026-02-25T09:57:32.326+0000] {processor.py:927} WARNING - No viable dags retrieved from /home/ubuntu/airflow-venv/lib/python3.12/site-packages/airflow/example_dags/plugins/workday.py
[2026-02-25T09:57:32.332+0000] {processor.py:208} INFO - Processing /home/ubuntu/airflow-venv/lib/python3.12/site-packages/airflow/example_dags/plugins/workday.py took 0.015 seconds
[2026-02-25T09:58:24.313+0000] {processor.py:186} INFO - Started process (PID=4046) to work on /home/ubuntu/airflow-venv/lib/python3.12/site-packages/airflow/example_dags/plugins/workday.py
[2026-02-25T09:58:24.314+0000] {processor.py:914} INFO - Processing file /home/ubuntu/airflow-venv/lib/python3.12/site-packages/airflow/example_dags/plugins/workday.py for tasks to queue
[2026-02-25T09:58:24.315+0000] {logging_mixin.py:190} INFO - [2026-02-25T09:58:24.315+0000] {dagbag.py:588} INFO - Filling up the DagBag from /home/ubuntu/airflow-venv/lib/python3.12/site-packages/airflow/example_dags/plugins/workday.py
[2026-02-25T09:58:24.317+0000] {logging_mixin.py:190} INFO - [2026-02-25T09:58:24.317+0000] {workday.py:41} WARNING - Could not import pandas. Holidays will not be considered.
[2026-02-25T09:58:24.317+0000] {processor.py:927} WARNING - No viable dags retrieved from /home/ubuntu/airflow-venv/lib/python3.12/site-packages/airflow/example_dags/plugins/workday.py
[2026-02-25T09:58:24.324+0000] {processor.py:208} INFO - Processing /home/ubuntu/airflow-venv/lib/python3.12/site-packages/airflow/example_dags/plugins/workday.py took 0.014 seconds
[2026-02-25T09:59:13.092+0000] {processor.py:186} INFO - Started process (PID=4098) to work on /home/ubuntu/airflow-venv/lib/python3.12/site-packages/airflow/example_dags/plugins/workday.py
[2026-02-25T09:59:13.093+0000] {processor.py:914} INFO - Processing file /home/ubuntu/airflow-venv/lib/python3.12/site-packages/airflow/example_dags/plugins/workday.py for tasks to queue
[2026-02-25T09:59:13.095+0000] {logging_mixin.py:190} INFO - [2026-02-25T09:59:13.094+0000] {dagbag.py:588} INFO - Filling up the DagBag from /home/ubuntu/airflow-venv/lib/python3.12/site-packages/airflow/example_dags/plugins/workday.py
[2026-02-25T09:59:13.096+0000] {logging_mixin.py:190} INFO - [2026-02-25T09:59:13.096+0000] {workday.py:41} WARNING - Could not import pandas. Holidays will not be considered.
[2026-02-25T09:59:13.096+0000] {processor.py:927} WARNING - No viable dags retrieved from /home/ubuntu/airflow-venv/lib/python3.12/site-packages/airflow/example_dags/plugins/workday.py
[2026-02-25T09:59:13.103+0000] {processor.py:208} INFO - Processing /home/ubuntu/airflow-venv/lib/python3.12/site-packages/airflow/example_dags/plugins/workday.py took 0.014 seconds
[2026-02-25T10:00:00.752+0000] {processor.py:186} INFO - Started process (PID=4148) to work on /home/ubuntu/airflow-venv/lib/python3.12/site-packages/airflow/example_dags/plugins/workday.py
[2026-02-25T10:00:00.753+0000] {processor.py:914} INFO - Processing file /home/ubuntu/airflow-venv/lib/python3.12/site-packages/airflow/example_dags/plugins/workday.py for tasks to queue
[2026-02-25T10:00:00.754+0000] {logging_mixin.py:190} INFO - [2026-02-25T10:00:00.754+0000] {dagbag.py:588} INFO - Filling up the DagBag from /home/ubuntu/airflow-venv/lib/python3.12/site-packages/airflow/example_dags/plugins/workday.py
[2026-02-25T10:00:00.756+0000] {logging_mixin.py:190} INFO - [2026-02-25T10:00:00.756+0000] {workday.py:41} WARNING - Could not import pandas. Holidays will not be considered.
[2026-02-25T10:00:00.756+0000] {processor.py:927} WARNING - No viable dags retrieved from /home/ubuntu/airflow-venv/lib/python3.12/site-packages/airflow/example_dags/plugins/workday.py
[2026-02-25T10:00:00.763+0000] {processor.py:208} INFO - Processing /home/ubuntu/airflow-venv/lib/python3.12/site-packages/airflow/example_dags/plugins/workday.py took 0.015 seconds
[2026-02-25T10:00:52.112+0000] {processor.py:186} INFO - Started process (PID=4204) to work on /home/ubuntu/airflow-venv/lib/python3.12/site-packages/airflow/example_dags/plugins/workday.py
[2026-02-25T10:00:52.113+0000] {processor.py:914} INFO - Processing file /home/ubuntu/airflow-venv/lib/python3.12/site-packages/airflow/example_dags/plugins/workday.py for tasks to queue
[2026-02-25T10:00:52.115+0000] {logging_mixin.py:190} INFO - [2026-02-25T10:00:52.114+0000] {dagbag.py:588} INFO - Filling up the DagBag from /home/ubuntu/airflow-venv/lib/python3.12/site-packages/airflow/example_dags/plugins/workday.py
[2026-02-25T10:00:52.116+0000] {logging_mixin.py:190} INFO - [2026-02-25T10:00:52.116+0000] {workday.py:41} WARNING - Could not import pandas. Holidays will not be considered.
[2026-02-25T10:00:52.116+0000] {processor.py:927} WARNING - No viable dags retrieved from /home/ubuntu/airflow-venv/lib/python3.12/site-packages/airflow/example_dags/plugins/workday.py
[2026-02-25T10:00:52.123+0000] {processor.py:208} INFO - Processing /home/ubuntu/airflow-venv/lib/python3.12/site-packages/airflow/example_dags/plugins/workday.py took 0.015 seconds
[2026-02-25T10:01:43.500+0000] {processor.py:186} INFO - Started process (PID=4260) to work on /home/ubuntu/airflow-venv/lib/python3.12/site-packages/airflow/example_dags/plugins/workday.py
[2026-02-25T10:01:43.502+0000] {processor.py:914} INFO - Processing file /home/ubuntu/airflow-venv/lib/python3.12/site-packages/airflow/example_dags/plugins/workday.py for tasks to queue
[2026-02-25T10:01:43.503+0000] {logging_mixin.py:190} INFO - [2026-02-25T10:01:43.503+0000] {dagbag.py:588} INFO - Filling up the DagBag from /home/ubuntu/airflow-venv/lib/python3.12/site-packages/airflow/example_dags/plugins/workday.py
[2026-02-25T10:01:43.505+0000] {logging_mixin.py:190} INFO - [2026-02-25T10:01:43.505+0000] {workday.py:41} WARNING - Could not import pandas. Holidays will not be considered.
[2026-02-25T10:01:43.505+0000] {processor.py:927} WARNING - No viable dags retrieved from /home/ubuntu/airflow-venv/lib/python3.12/site-packages/airflow/example_dags/plugins/workday.py
[2026-02-25T10:01:43.512+0000] {processor.py:208} INFO - Processing /home/ubuntu/airflow-venv/lib/python3.12/site-packages/airflow/example_dags/plugins/workday.py took 0.015 seconds
[2026-02-25T10:02:34.013+0000] {processor.py:186} INFO - Started process (PID=4316) to work on /home/ubuntu/airflow-venv/lib/python3.12/site-packages/airflow/example_dags/plugins/workday.py
[2026-02-25T10:02:34.014+0000] {processor.py:914} INFO - Processing file /home/ubuntu/airflow-venv/lib/python3.12/site-packages/airflow/example_dags/plugins/workday.py for tasks to queue
[2026-02-25T10:02:34.015+0000] {logging_mixin.py:190} INFO - [2026-02-25T10:02:34.015+0000] {dagbag.py:588} INFO - Filling up the DagBag from /home/ubuntu/airflow-venv/lib/python3.12/site-packages/airflow/example_dags/plugins/workday.py
[2026-02-25T10:02:34.017+0000] {logging_mixin.py:190} INFO - [2026-02-25T10:02:34.017+0000] {workday.py:41} WARNING - Could not import pandas. Holidays will not be considered.
[2026-02-25T10:02:34.017+0000] {processor.py:927} WARNING - No viable dags retrieved from /home/ubuntu/airflow-venv/lib/python3.12/site-packages/airflow/example_dags/plugins/workday.py
[2026-02-25T10:02:34.024+0000] {processor.py:208} INFO - Processing /home/ubuntu/airflow-venv/lib/python3.12/site-packages/airflow/example_dags/plugins/workday.py took 0.015 seconds
[2026-02-25T10:03:24.456+0000] {processor.py:186} INFO - Started process (PID=4368) to work on /home/ubuntu/airflow-venv/lib/python3.12/site-packages/airflow/example_dags/plugins/workday.py
[2026-02-25T10:03:24.457+0000] {processor.py:914} INFO - Processing file /home/ubuntu/airflow-venv/lib/python3.12/site-packages/airflow/example_dags/plugins/workday.py for tasks to queue
[2026-02-25T10:03:24.459+0000] {logging_mixin.py:190} INFO - [2026-02-25T10:03:24.459+0000] {dagbag.py:588} INFO - Filling up the DagBag from /home/ubuntu/airflow-venv/lib/python3.12/site-packages/airflow/example_dags/plugins/workday.py
[2026-02-25T10:03:24.460+0000] {logging_mixin.py:190} INFO - [2026-02-25T10:03:24.460+0000] {workday.py:41} WARNING - Could not import pandas. Holidays will not be considered.
[2026-02-25T10:03:24.461+0000] {processor.py:927} WARNING - No viable dags retrieved from /home/ubuntu/airflow-venv/lib/python3.12/site-packages/airflow/example_dags/plugins/workday.py
[2026-02-25T10:03:24.467+0000] {processor.py:208} INFO - Processing /home/ubuntu/airflow-venv/lib/python3.12/site-packages/airflow/example_dags/plugins/workday.py took 0.015 seconds
[2026-02-25T10:05:18.597+0000] {processor.py:186} INFO - Started process (PID=1793) to work on /home/ubuntu/airflow-venv/lib/python3.12/site-packages/airflow/example_dags/plugins/workday.py
[2026-02-25T10:05:18.598+0000] {processor.py:914} INFO - Processing file /home/ubuntu/airflow-venv/lib/python3.12/site-packages/airflow/example_dags/plugins/workday.py for tasks to queue
[2026-02-25T10:05:18.599+0000] {logging_mixin.py:190} INFO - [2026-02-25T10:05:18.599+0000] {dagbag.py:588} INFO - Filling up the DagBag from /home/ubuntu/airflow-venv/lib/python3.12/site-packages/airflow/example_dags/plugins/workday.py
[2026-02-25T10:05:18.601+0000] {logging_mixin.py:190} INFO - [2026-02-25T10:05:18.601+0000] {workday.py:41} WARNING - Could not import pandas. Holidays will not be considered.
[2026-02-25T10:05:18.601+0000] {processor.py:927} WARNING - No viable dags retrieved from /home/ubuntu/airflow-venv/lib/python3.12/site-packages/airflow/example_dags/plugins/workday.py
[2026-02-25T10:05:18.608+0000] {processor.py:208} INFO - Processing /home/ubuntu/airflow-venv/lib/python3.12/site-packages/airflow/example_dags/plugins/workday.py took 0.014 seconds
[2026-02-25T10:06:12.536+0000] {processor.py:186} INFO - Started process (PID=2766) to work on /home/ubuntu/airflow-venv/lib/python3.12/site-packages/airflow/example_dags/plugins/workday.py
[2026-02-25T10:06:12.537+0000] {processor.py:914} INFO - Processing file /home/ubuntu/airflow-venv/lib/python3.12/site-packages/airflow/example_dags/plugins/workday.py for tasks to queue
[2026-02-25T10:06:12.538+0000] {logging_mixin.py:190} INFO - [2026-02-25T10:06:12.538+0000] {dagbag.py:588} INFO - Filling up the DagBag from /home/ubuntu/airflow-venv/lib/python3.12/site-packages/airflow/example_dags/plugins/workday.py
[2026-02-25T10:06:12.540+0000] {logging_mixin.py:190} INFO - [2026-02-25T10:06:12.540+0000] {workday.py:41} WARNING - Could not import pandas. Holidays will not be considered.
[2026-02-25T10:06:12.540+0000] {processor.py:927} WARNING - No viable dags retrieved from /home/ubuntu/airflow-venv/lib/python3.12/site-packages/airflow/example_dags/plugins/workday.py
[2026-02-25T10:06:12.547+0000] {processor.py:208} INFO - Processing /home/ubuntu/airflow-venv/lib/python3.12/site-packages/airflow/example_dags/plugins/workday.py took 0.014 seconds
[2026-02-25T10:07:00.977+0000] {processor.py:186} INFO - Started process (PID=2822) to work on /home/ubuntu/airflow-venv/lib/python3.12/site-packages/airflow/example_dags/plugins/workday.py
[2026-02-25T10:07:00.978+0000] {processor.py:914} INFO - Processing file /home/ubuntu/airflow-venv/lib/python3.12/site-packages/airflow/example_dags/plugins/workday.py for tasks to queue
[2026-02-25T10:07:00.980+0000] {logging_mixin.py:190} INFO - [2026-02-25T10:07:00.979+0000] {dagbag.py:588} INFO - Filling up the DagBag from /home/ubuntu/airflow-venv/lib/python3.12/site-packages/airflow/example_dags/plugins/workday.py
[2026-02-25T10:07:00.981+0000] {logging_mixin.py:190} INFO - [2026-02-25T10:07:00.981+0000] {workday.py:41} WARNING - Could not import pandas. Holidays will not be considered.
[2026-02-25T10:07:00.981+0000] {processor.py:927} WARNING - No viable dags retrieved from /home/ubuntu/airflow-venv/lib/python3.12/site-packages/airflow/example_dags/plugins/workday.py
[2026-02-25T10:07:00.988+0000] {processor.py:208} INFO - Processing /home/ubuntu/airflow-venv/lib/python3.12/site-packages/airflow/example_dags/plugins/workday.py took 0.015 seconds
[2026-02-25T10:07:47.215+0000] {processor.py:186} INFO - Started process (PID=2871) to work on /home/ubuntu/airflow-venv/lib/python3.12/site-packages/airflow/example_dags/plugins/workday.py
[2026-02-25T10:07:47.217+0000] {processor.py:914} INFO - Processing file /home/ubuntu/airflow-venv/lib/python3.12/site-packages/airflow/example_dags/plugins/workday.py for tasks to queue
[2026-02-25T10:07:47.218+0000] {logging_mixin.py:190} INFO - [2026-02-25T10:07:47.218+0000] {dagbag.py:588} INFO - Filling up the DagBag from /home/ubuntu/airflow-venv/lib/python3.12/site-packages/airflow/example_dags/plugins/workday.py
[2026-02-25T10:07:47.220+0000] {logging_mixin.py:190} INFO - [2026-02-25T10:07:47.220+0000] {workday.py:41} WARNING - Could not import pandas. Holidays will not be considered.
[2026-02-25T10:07:47.220+0000] {processor.py:927} WARNING - No viable dags retrieved from /home/ubuntu/airflow-venv/lib/python3.12/site-packages/airflow/example_dags/plugins/workday.py
[2026-02-25T10:07:47.227+0000] {processor.py:208} INFO - Processing /home/ubuntu/airflow-venv/lib/python3.12/site-packages/airflow/example_dags/plugins/workday.py took 0.015 seconds
[2026-02-25T10:08:37.426+0000] {processor.py:186} INFO - Started process (PID=2925) to work on /home/ubuntu/airflow-venv/lib/python3.12/site-packages/airflow/example_dags/plugins/workday.py
[2026-02-25T10:08:37.428+0000] {processor.py:914} INFO - Processing file /home/ubuntu/airflow-venv/lib/python3.12/site-packages/airflow/example_dags/plugins/workday.py for tasks to queue
[2026-02-25T10:08:37.429+0000] {logging_mixin.py:190} INFO - [2026-02-25T10:08:37.429+0000] {dagbag.py:588} INFO - Filling up the DagBag from /home/ubuntu/airflow-venv/lib/python3.12/site-packages/airflow/example_dags/plugins/workday.py
[2026-02-25T10:08:37.431+0000] {logging_mixin.py:190} INFO - [2026-02-25T10:08:37.430+0000] {workday.py:41} WARNING - Could not import pandas. Holidays will not be considered.
[2026-02-25T10:08:37.431+0000] {processor.py:927} WARNING - No viable dags retrieved from /home/ubuntu/airflow-venv/lib/python3.12/site-packages/airflow/example_dags/plugins/workday.py
[2026-02-25T10:08:37.438+0000] {processor.py:208} INFO - Processing /home/ubuntu/airflow-venv/lib/python3.12/site-packages/airflow/example_dags/plugins/workday.py took 0.015 seconds
[2026-02-25T10:09:29.206+0000] {processor.py:186} INFO - Started process (PID=2977) to work on /home/ubuntu/airflow-venv/lib/python3.12/site-packages/airflow/example_dags/plugins/workday.py
[2026-02-25T10:09:29.207+0000] {processor.py:914} INFO - Processing file /home/ubuntu/airflow-venv/lib/python3.12/site-packages/airflow/example_dags/plugins/workday.py for tasks to queue
[2026-02-25T10:09:29.208+0000] {logging_mixin.py:190} INFO - [2026-02-25T10:09:29.208+0000] {dagbag.py:588} INFO - Filling up the DagBag from /home/ubuntu/airflow-venv/lib/python3.12/site-packages/airflow/example_dags/plugins/workday.py
[2026-02-25T10:09:29.210+0000] {logging_mixin.py:190} INFO - [2026-02-25T10:09:29.210+0000] {workday.py:41} WARNING - Could not import pandas. Holidays will not be considered.
[2026-02-25T10:09:29.210+0000] {processor.py:927} WARNING - No viable dags retrieved from /home/ubuntu/airflow-venv/lib/python3.12/site-packages/airflow/example_dags/plugins/workday.py
[2026-02-25T10:09:29.217+0000] {processor.py:208} INFO - Processing /home/ubuntu/airflow-venv/lib/python3.12/site-packages/airflow/example_dags/plugins/workday.py took 0.014 seconds
[2026-02-25T10:10:17.806+0000] {processor.py:186} INFO - Started process (PID=3036) to work on /home/ubuntu/airflow-venv/lib/python3.12/site-packages/airflow/example_dags/plugins/workday.py
[2026-02-25T10:10:17.807+0000] {processor.py:914} INFO - Processing file /home/ubuntu/airflow-venv/lib/python3.12/site-packages/airflow/example_dags/plugins/workday.py for tasks to queue
[2026-02-25T10:10:17.808+0000] {logging_mixin.py:190} INFO - [2026-02-25T10:10:17.808+0000] {dagbag.py:588} INFO - Filling up the DagBag from /home/ubuntu/airflow-venv/lib/python3.12/site-packages/airflow/example_dags/plugins/workday.py
[2026-02-25T10:10:17.810+0000] {logging_mixin.py:190} INFO - [2026-02-25T10:10:17.810+0000] {workday.py:41} WARNING - Could not import pandas. Holidays will not be considered.
[2026-02-25T10:10:17.810+0000] {processor.py:927} WARNING - No viable dags retrieved from /home/ubuntu/airflow-venv/lib/python3.12/site-packages/airflow/example_dags/plugins/workday.py
[2026-02-25T10:10:17.817+0000] {processor.py:208} INFO - Processing /home/ubuntu/airflow-venv/lib/python3.12/site-packages/airflow/example_dags/plugins/workday.py took 0.014 seconds
[2026-02-25T10:11:08.956+0000] {processor.py:186} INFO - Started process (PID=3093) to work on /home/ubuntu/airflow-venv/lib/python3.12/site-packages/airflow/example_dags/plugins/workday.py
[2026-02-25T10:11:08.957+0000] {processor.py:914} INFO - Processing file /home/ubuntu/airflow-venv/lib/python3.12/site-packages/airflow/example_dags/plugins/workday.py for tasks to queue
[2026-02-25T10:11:08.958+0000] {logging_mixin.py:190} INFO - [2026-02-25T10:11:08.958+0000] {dagbag.py:588} INFO - Filling up the DagBag from /home/ubuntu/airflow-venv/lib/python3.12/site-packages/airflow/example_dags/plugins/workday.py
[2026-02-25T10:11:08.960+0000] {logging_mixin.py:190} INFO - [2026-02-25T10:11:08.960+0000] {workday.py:41} WARNING - Could not import pandas. Holidays will not be considered.
[2026-02-25T10:11:08.960+0000] {processor.py:927} WARNING - No viable dags retrieved from /home/ubuntu/airflow-venv/lib/python3.12/site-packages/airflow/example_dags/plugins/workday.py
[2026-02-25T10:11:08.966+0000] {processor.py:208} INFO - Processing /home/ubuntu/airflow-venv/lib/python3.12/site-packages/airflow/example_dags/plugins/workday.py took 0.014 seconds
[2026-02-25T10:12:01.011+0000] {processor.py:186} INFO - Started process (PID=3146) to work on /home/ubuntu/airflow-venv/lib/python3.12/site-packages/airflow/example_dags/plugins/workday.py
[2026-02-25T10:12:01.012+0000] {processor.py:914} INFO - Processing file /home/ubuntu/airflow-venv/lib/python3.12/site-packages/airflow/example_dags/plugins/workday.py for tasks to queue
[2026-02-25T10:12:01.013+0000] {logging_mixin.py:190} INFO - [2026-02-25T10:12:01.013+0000] {dagbag.py:588} INFO - Filling up the DagBag from /home/ubuntu/airflow-venv/lib/python3.12/site-packages/airflow/example_dags/plugins/workday.py
[2026-02-25T10:12:01.015+0000] {logging_mixin.py:190} INFO - [2026-02-25T10:12:01.015+0000] {workday.py:41} WARNING - Could not import pandas. Holidays will not be considered.
[2026-02-25T10:12:01.015+0000] {processor.py:927} WARNING - No viable dags retrieved from /home/ubuntu/airflow-venv/lib/python3.12/site-packages/airflow/example_dags/plugins/workday.py
[2026-02-25T10:12:01.022+0000] {processor.py:208} INFO - Processing /home/ubuntu/airflow-venv/lib/python3.12/site-packages/airflow/example_dags/plugins/workday.py took 0.015 seconds
[2026-02-25T10:12:53.922+0000] {processor.py:186} INFO - Started process (PID=3200) to work on /home/ubuntu/airflow-venv/lib/python3.12/site-packages/airflow/example_dags/plugins/workday.py
[2026-02-25T10:12:53.924+0000] {processor.py:914} INFO - Processing file /home/ubuntu/airflow-venv/lib/python3.12/site-packages/airflow/example_dags/plugins/workday.py for tasks to queue
[2026-02-25T10:12:53.925+0000] {logging_mixin.py:190} INFO - [2026-02-25T10:12:53.925+0000] {dagbag.py:588} INFO - Filling up the DagBag from /home/ubuntu/airflow-venv/lib/python3.12/site-packages/airflow/example_dags/plugins/workday.py
[2026-02-25T10:12:53.926+0000] {logging_mixin.py:190} INFO - [2026-02-25T10:12:53.926+0000] {workday.py:41} WARNING - Could not import pandas. Holidays will not be considered.
[2026-02-25T10:12:53.927+0000] {processor.py:927} WARNING - No viable dags retrieved from /home/ubuntu/airflow-venv/lib/python3.12/site-packages/airflow/example_dags/plugins/workday.py
[2026-02-25T10:12:53.933+0000] {processor.py:208} INFO - Processing /home/ubuntu/airflow-venv/lib/python3.12/site-packages/airflow/example_dags/plugins/workday.py took 0.015 seconds
[2026-02-25T10:13:41.450+0000] {processor.py:186} INFO - Started process (PID=3253) to work on /home/ubuntu/airflow-venv/lib/python3.12/site-packages/airflow/example_dags/plugins/workday.py
[2026-02-25T10:13:41.451+0000] {processor.py:914} INFO - Processing file /home/ubuntu/airflow-venv/lib/python3.12/site-packages/airflow/example_dags/plugins/workday.py for tasks to queue
[2026-02-25T10:13:41.452+0000] {logging_mixin.py:190} INFO - [2026-02-25T10:13:41.452+0000] {dagbag.py:588} INFO - Filling up the DagBag from /home/ubuntu/airflow-venv/lib/python3.12/site-packages/airflow/example_dags/plugins/workday.py
[2026-02-25T10:13:41.454+0000] {logging_mixin.py:190} INFO - [2026-02-25T10:13:41.454+0000] {workday.py:41} WARNING - Could not import pandas. Holidays will not be considered.
[2026-02-25T10:13:41.454+0000] {processor.py:927} WARNING - No viable dags retrieved from /home/ubuntu/airflow-venv/lib/python3.12/site-packages/airflow/example_dags/plugins/workday.py
[2026-02-25T10:13:41.460+0000] {processor.py:208} INFO - Processing /home/ubuntu/airflow-venv/lib/python3.12/site-packages/airflow/example_dags/plugins/workday.py took 0.014 seconds
[2026-02-25T10:14:31.085+0000] {processor.py:186} INFO - Started process (PID=3307) to work on /home/ubuntu/airflow-venv/lib/python3.12/site-packages/airflow/example_dags/plugins/workday.py
[2026-02-25T10:14:31.086+0000] {processor.py:914} INFO - Processing file /home/ubuntu/airflow-venv/lib/python3.12/site-packages/airflow/example_dags/plugins/workday.py for tasks to queue
[2026-02-25T10:14:31.088+0000] {logging_mixin.py:190} INFO - [2026-02-25T10:14:31.087+0000] {dagbag.py:588} INFO - Filling up the DagBag from /home/ubuntu/airflow-venv/lib/python3.12/site-packages/airflow/example_dags/plugins/workday.py
[2026-02-25T10:14:31.089+0000] {logging_mixin.py:190} INFO - [2026-02-25T10:14:31.089+0000] {workday.py:41} WARNING - Could not import pandas. Holidays will not be considered.
[2026-02-25T10:14:31.089+0000] {processor.py:927} WARNING - No viable dags retrieved from /home/ubuntu/airflow-venv/lib/python3.12/site-packages/airflow/example_dags/plugins/workday.py
[2026-02-25T10:14:31.096+0000] {processor.py:208} INFO - Processing /home/ubuntu/airflow-venv/lib/python3.12/site-packages/airflow/example_dags/plugins/workday.py took 0.015 seconds
[2026-02-25T10:15:21.340+0000] {processor.py:186} INFO - Started process (PID=3365) to work on /home/ubuntu/airflow-venv/lib/python3.12/site-packages/airflow/example_dags/plugins/workday.py
[2026-02-25T10:15:21.342+0000] {processor.py:914} INFO - Processing file /home/ubuntu/airflow-venv/lib/python3.12/site-packages/airflow/example_dags/plugins/workday.py for tasks to queue
[2026-02-25T10:15:21.343+0000] {logging_mixin.py:190} INFO - [2026-02-25T10:15:21.343+0000] {dagbag.py:588} INFO - Filling up the DagBag from /home/ubuntu/airflow-venv/lib/python3.12/site-packages/airflow/example_dags/plugins/workday.py
[2026-02-25T10:15:21.344+0000] {logging_mixin.py:190} INFO - [2026-02-25T10:15:21.344+0000] {workday.py:41} WARNING - Could not import pandas. Holidays will not be considered.
[2026-02-25T10:15:21.345+0000] {processor.py:927} WARNING - No viable dags retrieved from /home/ubuntu/airflow-venv/lib/python3.12/site-packages/airflow/example_dags/plugins/workday.py
[2026-02-25T10:15:21.351+0000] {processor.py:208} INFO - Processing /home/ubuntu/airflow-venv/lib/python3.12/site-packages/airflow/example_dags/plugins/workday.py took 0.014 seconds
[2026-02-25T10:16:07.868+0000] {processor.py:186} INFO - Started process (PID=3416) to work on /home/ubuntu/airflow-venv/lib/python3.12/site-packages/airflow/example_dags/plugins/workday.py
[2026-02-25T10:16:07.869+0000] {processor.py:914} INFO - Processing file /home/ubuntu/airflow-venv/lib/python3.12/site-packages/airflow/example_dags/plugins/workday.py for tasks to queue
[2026-02-25T10:16:07.870+0000] {logging_mixin.py:190} INFO - [2026-02-25T10:16:07.870+0000] {dagbag.py:588} INFO - Filling up the DagBag from /home/ubuntu/airflow-venv/lib/python3.12/site-packages/airflow/example_dags/plugins/workday.py
[2026-02-25T10:16:07.872+0000] {logging_mixin.py:190} INFO - [2026-02-25T10:16:07.872+0000] {workday.py:41} WARNING - Could not import pandas. Holidays will not be considered.
[2026-02-25T10:16:07.872+0000] {processor.py:927} WARNING - No viable dags retrieved from /home/ubuntu/airflow-venv/lib/python3.12/site-packages/airflow/example_dags/plugins/workday.py
[2026-02-25T10:16:07.879+0000] {processor.py:208} INFO - Processing /home/ubuntu/airflow-venv/lib/python3.12/site-packages/airflow/example_dags/plugins/workday.py took 0.014 seconds
[2026-02-25T10:16:59.804+0000] {processor.py:186} INFO - Started process (PID=3474) to work on /home/ubuntu/airflow-venv/lib/python3.12/site-packages/airflow/example_dags/plugins/workday.py
[2026-02-25T10:16:59.805+0000] {processor.py:914} INFO - Processing file /home/ubuntu/airflow-venv/lib/python3.12/site-packages/airflow/example_dags/plugins/workday.py for tasks to queue
[2026-02-25T10:16:59.807+0000] {logging_mixin.py:190} INFO - [2026-02-25T10:16:59.806+0000] {dagbag.py:588} INFO - Filling up the DagBag from /home/ubuntu/airflow-venv/lib/python3.12/site-packages/airflow/example_dags/plugins/workday.py
[2026-02-25T10:16:59.808+0000] {logging_mixin.py:190} INFO - [2026-02-25T10:16:59.808+0000] {workday.py:41} WARNING - Could not import pandas. Holidays will not be considered.
[2026-02-25T10:16:59.809+0000] {processor.py:927} WARNING - No viable dags retrieved from /home/ubuntu/airflow-venv/lib/python3.12/site-packages/airflow/example_dags/plugins/workday.py
[2026-02-25T10:16:59.815+0000] {processor.py:208} INFO - Processing /home/ubuntu/airflow-venv/lib/python3.12/site-packages/airflow/example_dags/plugins/workday.py took 0.014 seconds
[2026-02-25T10:17:52.587+0000] {processor.py:186} INFO - Started process (PID=3532) to work on /home/ubuntu/airflow-venv/lib/python3.12/site-packages/airflow/example_dags/plugins/workday.py
[2026-02-25T10:17:52.588+0000] {processor.py:914} INFO - Processing file /home/ubuntu/airflow-venv/lib/python3.12/site-packages/airflow/example_dags/plugins/workday.py for tasks to queue
[2026-02-25T10:17:52.590+0000] {logging_mixin.py:190} INFO - [2026-02-25T10:17:52.589+0000] {dagbag.py:588} INFO - Filling up the DagBag from /home/ubuntu/airflow-venv/lib/python3.12/site-packages/airflow/example_dags/plugins/workday.py
[2026-02-25T10:17:52.591+0000] {logging_mixin.py:190} INFO - [2026-02-25T10:17:52.591+0000] {workday.py:41} WARNING - Could not import pandas. Holidays will not be considered.
[2026-02-25T10:17:52.591+0000] {processor.py:927} WARNING - No viable dags retrieved from /home/ubuntu/airflow-venv/lib/python3.12/site-packages/airflow/example_dags/plugins/workday.py
[2026-02-25T10:17:52.598+0000] {processor.py:208} INFO - Processing /home/ubuntu/airflow-venv/lib/python3.12/site-packages/airflow/example_dags/plugins/workday.py took 0.014 seconds
[2026-02-25T10:18:42.463+0000] {processor.py:186} INFO - Started process (PID=3582) to work on /home/ubuntu/airflow-venv/lib/python3.12/site-packages/airflow/example_dags/plugins/workday.py
[2026-02-25T10:18:42.464+0000] {processor.py:914} INFO - Processing file /home/ubuntu/airflow-venv/lib/python3.12/site-packages/airflow/example_dags/plugins/workday.py for tasks to queue
[2026-02-25T10:18:42.466+0000] {logging_mixin.py:190} INFO - [2026-02-25T10:18:42.465+0000] {dagbag.py:588} INFO - Filling up the DagBag from /home/ubuntu/airflow-venv/lib/python3.12/site-packages/airflow/example_dags/plugins/workday.py
[2026-02-25T10:18:42.467+0000] {logging_mixin.py:190} INFO - [2026-02-25T10:18:42.467+0000] {workday.py:41} WARNING - Could not import pandas. Holidays will not be considered.
[2026-02-25T10:18:42.468+0000] {processor.py:927} WARNING - No viable dags retrieved from /home/ubuntu/airflow-venv/lib/python3.12/site-packages/airflow/example_dags/plugins/workday.py
[2026-02-25T10:18:42.474+0000] {processor.py:208} INFO - Processing /home/ubuntu/airflow-venv/lib/python3.12/site-packages/airflow/example_dags/plugins/workday.py took 0.015 seconds
[2026-02-25T10:19:33.835+0000] {processor.py:186} INFO - Started process (PID=3636) to work on /home/ubuntu/airflow-venv/lib/python3.12/site-packages/airflow/example_dags/plugins/workday.py
[2026-02-25T10:19:33.836+0000] {processor.py:914} INFO - Processing file /home/ubuntu/airflow-venv/lib/python3.12/site-packages/airflow/example_dags/plugins/workday.py for tasks to queue
[2026-02-25T10:19:33.837+0000] {logging_mixin.py:190} INFO - [2026-02-25T10:19:33.837+0000] {dagbag.py:588} INFO - Filling up the DagBag from /home/ubuntu/airflow-venv/lib/python3.12/site-packages/airflow/example_dags/plugins/workday.py
[2026-02-25T10:19:33.839+0000] {logging_mixin.py:190} INFO - [2026-02-25T10:19:33.839+0000] {workday.py:41} WARNING - Could not import pandas. Holidays will not be considered.
[2026-02-25T10:19:33.839+0000] {processor.py:927} WARNING - No viable dags retrieved from /home/ubuntu/airflow-venv/lib/python3.12/site-packages/airflow/example_dags/plugins/workday.py
[2026-02-25T10:19:33.846+0000] {processor.py:208} INFO - Processing /home/ubuntu/airflow-venv/lib/python3.12/site-packages/airflow/example_dags/plugins/workday.py took 0.014 seconds
[2026-02-25T10:20:23.857+0000] {processor.py:186} INFO - Started process (PID=3696) to work on /home/ubuntu/airflow-venv/lib/python3.12/site-packages/airflow/example_dags/plugins/workday.py
[2026-02-25T10:20:23.858+0000] {processor.py:914} INFO - Processing file /home/ubuntu/airflow-venv/lib/python3.12/site-packages/airflow/example_dags/plugins/workday.py for tasks to queue
[2026-02-25T10:20:23.860+0000] {logging_mixin.py:190} INFO - [2026-02-25T10:20:23.860+0000] {dagbag.py:588} INFO - Filling up the DagBag from /home/ubuntu/airflow-venv/lib/python3.12/site-packages/airflow/example_dags/plugins/workday.py
[2026-02-25T10:20:23.861+0000] {logging_mixin.py:190} INFO - [2026-02-25T10:20:23.861+0000] {workday.py:41} WARNING - Could not import pandas. Holidays will not be considered.
[2026-02-25T10:20:23.862+0000] {processor.py:927} WARNING - No viable dags retrieved from /home/ubuntu/airflow-venv/lib/python3.12/site-packages/airflow/example_dags/plugins/workday.py
[2026-02-25T10:20:23.868+0000] {processor.py:208} INFO - Processing /home/ubuntu/airflow-venv/lib/python3.12/site-packages/airflow/example_dags/plugins/workday.py took 0.014 seconds
[2026-02-25T10:21:10.395+0000] {processor.py:186} INFO - Started process (PID=3748) to work on /home/ubuntu/airflow-venv/lib/python3.12/site-packages/airflow/example_dags/plugins/workday.py
[2026-02-25T10:21:10.396+0000] {processor.py:914} INFO - Processing file /home/ubuntu/airflow-venv/lib/python3.12/site-packages/airflow/example_dags/plugins/workday.py for tasks to queue
[2026-02-25T10:21:10.397+0000] {logging_mixin.py:190} INFO - [2026-02-25T10:21:10.397+0000] {dagbag.py:588} INFO - Filling up the DagBag from /home/ubuntu/airflow-venv/lib/python3.12/site-packages/airflow/example_dags/plugins/workday.py
[2026-02-25T10:21:10.399+0000] {logging_mixin.py:190} INFO - [2026-02-25T10:21:10.399+0000] {workday.py:41} WARNING - Could not import pandas. Holidays will not be considered.
[2026-02-25T10:21:10.399+0000] {processor.py:927} WARNING - No viable dags retrieved from /home/ubuntu/airflow-venv/lib/python3.12/site-packages/airflow/example_dags/plugins/workday.py
[2026-02-25T10:21:10.406+0000] {processor.py:208} INFO - Processing /home/ubuntu/airflow-venv/lib/python3.12/site-packages/airflow/example_dags/plugins/workday.py took 0.014 seconds
[2026-02-25T10:22:00.432+0000] {processor.py:186} INFO - Started process (PID=3805) to work on /home/ubuntu/airflow-venv/lib/python3.12/site-packages/airflow/example_dags/plugins/workday.py
[2026-02-25T10:22:00.433+0000] {processor.py:914} INFO - Processing file /home/ubuntu/airflow-venv/lib/python3.12/site-packages/airflow/example_dags/plugins/workday.py for tasks to queue
[2026-02-25T10:22:00.434+0000] {logging_mixin.py:190} INFO - [2026-02-25T10:22:00.434+0000] {dagbag.py:588} INFO - Filling up the DagBag from /home/ubuntu/airflow-venv/lib/python3.12/site-packages/airflow/example_dags/plugins/workday.py
[2026-02-25T10:22:00.436+0000] {logging_mixin.py:190} INFO - [2026-02-25T10:22:00.436+0000] {workday.py:41} WARNING - Could not import pandas. Holidays will not be considered.
[2026-02-25T10:22:00.436+0000] {processor.py:927} WARNING - No viable dags retrieved from /home/ubuntu/airflow-venv/lib/python3.12/site-packages/airflow/example_dags/plugins/workday.py
[2026-02-25T10:22:00.443+0000] {processor.py:208} INFO - Processing /home/ubuntu/airflow-venv/lib/python3.12/site-packages/airflow/example_dags/plugins/workday.py took 0.015 seconds
[2026-02-25T10:22:50.618+0000] {processor.py:186} INFO - Started process (PID=3858) to work on /home/ubuntu/airflow-venv/lib/python3.12/site-packages/airflow/example_dags/plugins/workday.py
[2026-02-25T10:22:50.620+0000] {processor.py:914} INFO - Processing file /home/ubuntu/airflow-venv/lib/python3.12/site-packages/airflow/example_dags/plugins/workday.py for tasks to queue
[2026-02-25T10:22:50.621+0000] {logging_mixin.py:190} INFO - [2026-02-25T10:22:50.621+0000] {dagbag.py:588} INFO - Filling up the DagBag from /home/ubuntu/airflow-venv/lib/python3.12/site-packages/airflow/example_dags/plugins/workday.py
[2026-02-25T10:22:50.623+0000] {logging_mixin.py:190} INFO - [2026-02-25T10:22:50.622+0000] {workday.py:41} WARNING - Could not import pandas. Holidays will not be considered.
[2026-02-25T10:22:50.623+0000] {processor.py:927} WARNING - No viable dags retrieved from /home/ubuntu/airflow-venv/lib/python3.12/site-packages/airflow/example_dags/plugins/workday.py
[2026-02-25T10:22:50.630+0000] {processor.py:208} INFO - Processing /home/ubuntu/airflow-venv/lib/python3.12/site-packages/airflow/example_dags/plugins/workday.py took 0.015 seconds
[2026-02-25T10:23:43.098+0000] {processor.py:186} INFO - Started process (PID=3913) to work on /home/ubuntu/airflow-venv/lib/python3.12/site-packages/airflow/example_dags/plugins/workday.py
[2026-02-25T10:23:43.099+0000] {processor.py:914} INFO - Processing file /home/ubuntu/airflow-venv/lib/python3.12/site-packages/airflow/example_dags/plugins/workday.py for tasks to queue
[2026-02-25T10:23:43.101+0000] {logging_mixin.py:190} INFO - [2026-02-25T10:23:43.100+0000] {dagbag.py:588} INFO - Filling up the DagBag from /home/ubuntu/airflow-venv/lib/python3.12/site-packages/airflow/example_dags/plugins/workday.py
[2026-02-25T10:23:43.102+0000] {logging_mixin.py:190} INFO - [2026-02-25T10:23:43.102+0000] {workday.py:41} WARNING - Could not import pandas. Holidays will not be considered.
[2026-02-25T10:23:43.103+0000] {processor.py:927} WARNING - No viable dags retrieved from /home/ubuntu/airflow-venv/lib/python3.12/site-packages/airflow/example_dags/plugins/workday.py
[2026-02-25T10:23:43.109+0000] {processor.py:208} INFO - Processing /home/ubuntu/airflow-venv/lib/python3.12/site-packages/airflow/example_dags/plugins/workday.py took 0.014 seconds
[2026-02-25T10:24:35.543+0000] {processor.py:186} INFO - Started process (PID=3966) to work on /home/ubuntu/airflow-venv/lib/python3.12/site-packages/airflow/example_dags/plugins/workday.py
[2026-02-25T10:24:35.544+0000] {processor.py:914} INFO - Processing file /home/ubuntu/airflow-venv/lib/python3.12/site-packages/airflow/example_dags/plugins/workday.py for tasks to queue
[2026-02-25T10:24:35.546+0000] {logging_mixin.py:190} INFO - [2026-02-25T10:24:35.545+0000] {dagbag.py:588} INFO - Filling up the DagBag from /home/ubuntu/airflow-venv/lib/python3.12/site-packages/airflow/example_dags/plugins/workday.py
[2026-02-25T10:24:35.547+0000] {logging_mixin.py:190} INFO - [2026-02-25T10:24:35.547+0000] {workday.py:41} WARNING - Could not import pandas. Holidays will not be considered.
[2026-02-25T10:24:35.547+0000] {processor.py:927} WARNING - No viable dags retrieved from /home/ubuntu/airflow-venv/lib/python3.12/site-packages/airflow/example_dags/plugins/workday.py
[2026-02-25T10:24:35.554+0000] {processor.py:208} INFO - Processing /home/ubuntu/airflow-venv/lib/python3.12/site-packages/airflow/example_dags/plugins/workday.py took 0.014 seconds
[2026-02-25T10:25:25.805+0000] {processor.py:186} INFO - Started process (PID=4024) to work on /home/ubuntu/airflow-venv/lib/python3.12/site-packages/airflow/example_dags/plugins/workday.py
[2026-02-25T10:25:25.806+0000] {processor.py:914} INFO - Processing file /home/ubuntu/airflow-venv/lib/python3.12/site-packages/airflow/example_dags/plugins/workday.py for tasks to queue
[2026-02-25T10:25:25.807+0000] {logging_mixin.py:190} INFO - [2026-02-25T10:25:25.807+0000] {dagbag.py:588} INFO - Filling up the DagBag from /home/ubuntu/airflow-venv/lib/python3.12/site-packages/airflow/example_dags/plugins/workday.py
[2026-02-25T10:25:25.809+0000] {logging_mixin.py:190} INFO - [2026-02-25T10:25:25.809+0000] {workday.py:41} WARNING - Could not import pandas. Holidays will not be considered.
[2026-02-25T10:25:25.809+0000] {processor.py:927} WARNING - No viable dags retrieved from /home/ubuntu/airflow-venv/lib/python3.12/site-packages/airflow/example_dags/plugins/workday.py
[2026-02-25T10:25:25.816+0000] {processor.py:208} INFO - Processing /home/ubuntu/airflow-venv/lib/python3.12/site-packages/airflow/example_dags/plugins/workday.py took 0.014 seconds
[2026-02-25T10:26:17.123+0000] {processor.py:186} INFO - Started process (PID=4078) to work on /home/ubuntu/airflow-venv/lib/python3.12/site-packages/airflow/example_dags/plugins/workday.py
[2026-02-25T10:26:17.124+0000] {processor.py:914} INFO - Processing file /home/ubuntu/airflow-venv/lib/python3.12/site-packages/airflow/example_dags/plugins/workday.py for tasks to queue
[2026-02-25T10:26:17.126+0000] {logging_mixin.py:190} INFO - [2026-02-25T10:26:17.126+0000] {dagbag.py:588} INFO - Filling up the DagBag from /home/ubuntu/airflow-venv/lib/python3.12/site-packages/airflow/example_dags/plugins/workday.py
[2026-02-25T10:26:17.127+0000] {logging_mixin.py:190} INFO - [2026-02-25T10:26:17.127+0000] {workday.py:41} WARNING - Could not import pandas. Holidays will not be considered.
[2026-02-25T10:26:17.128+0000] {processor.py:927} WARNING - No viable dags retrieved from /home/ubuntu/airflow-venv/lib/python3.12/site-packages/airflow/example_dags/plugins/workday.py
[2026-02-25T10:26:17.134+0000] {processor.py:208} INFO - Processing /home/ubuntu/airflow-venv/lib/python3.12/site-packages/airflow/example_dags/plugins/workday.py took 0.015 seconds
[2026-02-25T10:27:09.567+0000] {processor.py:186} INFO - Started process (PID=4142) to work on /home/ubuntu/airflow-venv/lib/python3.12/site-packages/airflow/example_dags/plugins/workday.py
[2026-02-25T10:27:09.569+0000] {processor.py:914} INFO - Processing file /home/ubuntu/airflow-venv/lib/python3.12/site-packages/airflow/example_dags/plugins/workday.py for tasks to queue
[2026-02-25T10:27:09.570+0000] {logging_mixin.py:190} INFO - [2026-02-25T10:27:09.570+0000] {dagbag.py:588} INFO - Filling up the DagBag from /home/ubuntu/airflow-venv/lib/python3.12/site-packages/airflow/example_dags/plugins/workday.py
[2026-02-25T10:27:09.572+0000] {logging_mixin.py:190} INFO - [2026-02-25T10:27:09.571+0000] {workday.py:41} WARNING - Could not import pandas. Holidays will not be considered.
[2026-02-25T10:27:09.572+0000] {processor.py:927} WARNING - No viable dags retrieved from /home/ubuntu/airflow-venv/lib/python3.12/site-packages/airflow/example_dags/plugins/workday.py
[2026-02-25T10:27:09.579+0000] {processor.py:208} INFO - Processing /home/ubuntu/airflow-venv/lib/python3.12/site-packages/airflow/example_dags/plugins/workday.py took 0.015 seconds
[2026-02-25T10:27:59.691+0000] {processor.py:186} INFO - Started process (PID=4196) to work on /home/ubuntu/airflow-venv/lib/python3.12/site-packages/airflow/example_dags/plugins/workday.py
[2026-02-25T10:27:59.692+0000] {processor.py:914} INFO - Processing file /home/ubuntu/airflow-venv/lib/python3.12/site-packages/airflow/example_dags/plugins/workday.py for tasks to queue
[2026-02-25T10:27:59.693+0000] {logging_mixin.py:190} INFO - [2026-02-25T10:27:59.693+0000] {dagbag.py:588} INFO - Filling up the DagBag from /home/ubuntu/airflow-venv/lib/python3.12/site-packages/airflow/example_dags/plugins/workday.py
[2026-02-25T10:27:59.694+0000] {logging_mixin.py:190} INFO - [2026-02-25T10:27:59.694+0000] {workday.py:41} WARNING - Could not import pandas. Holidays will not be considered.
[2026-02-25T10:27:59.695+0000] {processor.py:927} WARNING - No viable dags retrieved from /home/ubuntu/airflow-venv/lib/python3.12/site-packages/airflow/example_dags/plugins/workday.py
[2026-02-25T10:27:59.701+0000] {processor.py:208} INFO - Processing /home/ubuntu/airflow-venv/lib/python3.12/site-packages/airflow/example_dags/plugins/workday.py took 0.014 seconds
[2026-02-25T10:28:48.199+0000] {processor.py:186} INFO - Started process (PID=4253) to work on /home/ubuntu/airflow-venv/lib/python3.12/site-packages/airflow/example_dags/plugins/workday.py
[2026-02-25T10:28:48.200+0000] {processor.py:914} INFO - Processing file /home/ubuntu/airflow-venv/lib/python3.12/site-packages/airflow/example_dags/plugins/workday.py for tasks to queue
[2026-02-25T10:28:48.202+0000] {logging_mixin.py:190} INFO - [2026-02-25T10:28:48.202+0000] {dagbag.py:588} INFO - Filling up the DagBag from /home/ubuntu/airflow-venv/lib/python3.12/site-packages/airflow/example_dags/plugins/workday.py
[2026-02-25T10:28:48.203+0000] {logging_mixin.py:190} INFO - [2026-02-25T10:28:48.203+0000] {workday.py:41} WARNING - Could not import pandas. Holidays will not be considered.
[2026-02-25T10:28:48.204+0000] {processor.py:927} WARNING - No viable dags retrieved from /home/ubuntu/airflow-venv/lib/python3.12/site-packages/airflow/example_dags/plugins/workday.py
[2026-02-25T10:28:48.210+0000] {processor.py:208} INFO - Processing /home/ubuntu/airflow-venv/lib/python3.12/site-packages/airflow/example_dags/plugins/workday.py took 0.014 seconds
[2026-02-25T10:29:38.318+0000] {processor.py:186} INFO - Started process (PID=4307) to work on /home/ubuntu/airflow-venv/lib/python3.12/site-packages/airflow/example_dags/plugins/workday.py
[2026-02-25T10:29:38.319+0000] {processor.py:914} INFO - Processing file /home/ubuntu/airflow-venv/lib/python3.12/site-packages/airflow/example_dags/plugins/workday.py for tasks to queue
[2026-02-25T10:29:38.320+0000] {logging_mixin.py:190} INFO - [2026-02-25T10:29:38.320+0000] {dagbag.py:588} INFO - Filling up the DagBag from /home/ubuntu/airflow-venv/lib/python3.12/site-packages/airflow/example_dags/plugins/workday.py
[2026-02-25T10:29:38.322+0000] {logging_mixin.py:190} INFO - [2026-02-25T10:29:38.322+0000] {workday.py:41} WARNING - Could not import pandas. Holidays will not be considered.
[2026-02-25T10:29:38.322+0000] {processor.py:927} WARNING - No viable dags retrieved from /home/ubuntu/airflow-venv/lib/python3.12/site-packages/airflow/example_dags/plugins/workday.py
[2026-02-25T10:29:38.329+0000] {processor.py:208} INFO - Processing /home/ubuntu/airflow-venv/lib/python3.12/site-packages/airflow/example_dags/plugins/workday.py took 0.015 seconds
[2026-02-25T10:30:26.384+0000] {processor.py:186} INFO - Started process (PID=4360) to work on /home/ubuntu/airflow-venv/lib/python3.12/site-packages/airflow/example_dags/plugins/workday.py
[2026-02-25T10:30:26.385+0000] {processor.py:914} INFO - Processing file /home/ubuntu/airflow-venv/lib/python3.12/site-packages/airflow/example_dags/plugins/workday.py for tasks to queue
[2026-02-25T10:30:26.387+0000] {logging_mixin.py:190} INFO - [2026-02-25T10:30:26.386+0000] {dagbag.py:588} INFO - Filling up the DagBag from /home/ubuntu/airflow-venv/lib/python3.12/site-packages/airflow/example_dags/plugins/workday.py
[2026-02-25T10:30:26.388+0000] {logging_mixin.py:190} INFO - [2026-02-25T10:30:26.388+0000] {workday.py:41} WARNING - Could not import pandas. Holidays will not be considered.
[2026-02-25T10:30:26.388+0000] {processor.py:927} WARNING - No viable dags retrieved from /home/ubuntu/airflow-venv/lib/python3.12/site-packages/airflow/example_dags/plugins/workday.py
[2026-02-25T10:30:26.395+0000] {processor.py:208} INFO - Processing /home/ubuntu/airflow-venv/lib/python3.12/site-packages/airflow/example_dags/plugins/workday.py took 0.014 seconds
[2026-02-25T10:31:15.314+0000] {processor.py:186} INFO - Started process (PID=4412) to work on /home/ubuntu/airflow-venv/lib/python3.12/site-packages/airflow/example_dags/plugins/workday.py
[2026-02-25T10:31:15.315+0000] {processor.py:914} INFO - Processing file /home/ubuntu/airflow-venv/lib/python3.12/site-packages/airflow/example_dags/plugins/workday.py for tasks to queue
[2026-02-25T10:31:15.316+0000] {logging_mixin.py:190} INFO - [2026-02-25T10:31:15.316+0000] {dagbag.py:588} INFO - Filling up the DagBag from /home/ubuntu/airflow-venv/lib/python3.12/site-packages/airflow/example_dags/plugins/workday.py
[2026-02-25T10:31:15.318+0000] {logging_mixin.py:190} INFO - [2026-02-25T10:31:15.318+0000] {workday.py:41} WARNING - Could not import pandas. Holidays will not be considered.
[2026-02-25T10:31:15.318+0000] {processor.py:927} WARNING - No viable dags retrieved from /home/ubuntu/airflow-venv/lib/python3.12/site-packages/airflow/example_dags/plugins/workday.py
[2026-02-25T10:31:15.324+0000] {processor.py:208} INFO - Processing /home/ubuntu/airflow-venv/lib/python3.12/site-packages/airflow/example_dags/plugins/workday.py took 0.014 seconds
[2026-02-25T10:32:04.866+0000] {processor.py:186} INFO - Started process (PID=4463) to work on /home/ubuntu/airflow-venv/lib/python3.12/site-packages/airflow/example_dags/plugins/workday.py
[2026-02-25T10:32:04.868+0000] {processor.py:914} INFO - Processing file /home/ubuntu/airflow-venv/lib/python3.12/site-packages/airflow/example_dags/plugins/workday.py for tasks to queue
[2026-02-25T10:32:04.869+0000] {logging_mixin.py:190} INFO - [2026-02-25T10:32:04.869+0000] {dagbag.py:588} INFO - Filling up the DagBag from /home/ubuntu/airflow-venv/lib/python3.12/site-packages/airflow/example_dags/plugins/workday.py
[2026-02-25T10:32:04.871+0000] {logging_mixin.py:190} INFO - [2026-02-25T10:32:04.870+0000] {workday.py:41} WARNING - Could not import pandas. Holidays will not be considered.
[2026-02-25T10:32:04.871+0000] {processor.py:927} WARNING - No viable dags retrieved from /home/ubuntu/airflow-venv/lib/python3.12/site-packages/airflow/example_dags/plugins/workday.py
[2026-02-25T10:32:04.878+0000] {processor.py:208} INFO - Processing /home/ubuntu/airflow-venv/lib/python3.12/site-packages/airflow/example_dags/plugins/workday.py took 0.014 seconds
[2026-02-25T10:32:56.134+0000] {processor.py:186} INFO - Started process (PID=4516) to work on /home/ubuntu/airflow-venv/lib/python3.12/site-packages/airflow/example_dags/plugins/workday.py
[2026-02-25T10:32:56.135+0000] {processor.py:914} INFO - Processing file /home/ubuntu/airflow-venv/lib/python3.12/site-packages/airflow/example_dags/plugins/workday.py for tasks to queue
[2026-02-25T10:32:56.136+0000] {logging_mixin.py:190} INFO - [2026-02-25T10:32:56.136+0000] {dagbag.py:588} INFO - Filling up the DagBag from /home/ubuntu/airflow-venv/lib/python3.12/site-packages/airflow/example_dags/plugins/workday.py
[2026-02-25T10:32:56.138+0000] {logging_mixin.py:190} INFO - [2026-02-25T10:32:56.138+0000] {workday.py:41} WARNING - Could not import pandas. Holidays will not be considered.
[2026-02-25T10:32:56.138+0000] {processor.py:927} WARNING - No viable dags retrieved from /home/ubuntu/airflow-venv/lib/python3.12/site-packages/airflow/example_dags/plugins/workday.py
[2026-02-25T10:32:56.145+0000] {processor.py:208} INFO - Processing /home/ubuntu/airflow-venv/lib/python3.12/site-packages/airflow/example_dags/plugins/workday.py took 0.015 seconds
[2026-02-25T10:46:17.513+0000] {processor.py:186} INFO - Started process (PID=5774) to work on /home/ubuntu/airflow-venv/lib/python3.12/site-packages/airflow/example_dags/plugins/workday.py
[2026-02-25T10:46:17.514+0000] {processor.py:914} INFO - Processing file /home/ubuntu/airflow-venv/lib/python3.12/site-packages/airflow/example_dags/plugins/workday.py for tasks to queue
[2026-02-25T10:46:17.515+0000] {logging_mixin.py:190} INFO - [2026-02-25T10:46:17.515+0000] {dagbag.py:588} INFO - Filling up the DagBag from /home/ubuntu/airflow-venv/lib/python3.12/site-packages/airflow/example_dags/plugins/workday.py
[2026-02-25T10:46:17.517+0000] {logging_mixin.py:190} INFO - [2026-02-25T10:46:17.517+0000] {workday.py:41} WARNING - Could not import pandas. Holidays will not be considered.
[2026-02-25T10:46:17.517+0000] {processor.py:927} WARNING - No viable dags retrieved from /home/ubuntu/airflow-venv/lib/python3.12/site-packages/airflow/example_dags/plugins/workday.py
[2026-02-25T10:46:17.523+0000] {processor.py:208} INFO - Processing /home/ubuntu/airflow-venv/lib/python3.12/site-packages/airflow/example_dags/plugins/workday.py took 0.013 seconds
[2026-02-25T10:47:12.101+0000] {processor.py:186} INFO - Started process (PID=5846) to work on /home/ubuntu/airflow-venv/lib/python3.12/site-packages/airflow/example_dags/plugins/workday.py
[2026-02-25T10:47:12.102+0000] {processor.py:914} INFO - Processing file /home/ubuntu/airflow-venv/lib/python3.12/site-packages/airflow/example_dags/plugins/workday.py for tasks to queue
[2026-02-25T10:47:12.103+0000] {logging_mixin.py:190} INFO - [2026-02-25T10:47:12.103+0000] {dagbag.py:588} INFO - Filling up the DagBag from /home/ubuntu/airflow-venv/lib/python3.12/site-packages/airflow/example_dags/plugins/workday.py
[2026-02-25T10:47:12.105+0000] {logging_mixin.py:190} INFO - [2026-02-25T10:47:12.105+0000] {workday.py:41} WARNING - Could not import pandas. Holidays will not be considered.
[2026-02-25T10:47:12.105+0000] {processor.py:927} WARNING - No viable dags retrieved from /home/ubuntu/airflow-venv/lib/python3.12/site-packages/airflow/example_dags/plugins/workday.py
[2026-02-25T10:47:12.112+0000] {processor.py:208} INFO - Processing /home/ubuntu/airflow-venv/lib/python3.12/site-packages/airflow/example_dags/plugins/workday.py took 0.014 seconds
[2026-02-25T10:48:03.468+0000] {processor.py:186} INFO - Started process (PID=6264) to work on /home/ubuntu/airflow-venv/lib/python3.12/site-packages/airflow/example_dags/plugins/workday.py
[2026-02-25T10:48:03.469+0000] {processor.py:914} INFO - Processing file /home/ubuntu/airflow-venv/lib/python3.12/site-packages/airflow/example_dags/plugins/workday.py for tasks to queue
[2026-02-25T10:48:03.471+0000] {logging_mixin.py:190} INFO - [2026-02-25T10:48:03.470+0000] {dagbag.py:588} INFO - Filling up the DagBag from /home/ubuntu/airflow-venv/lib/python3.12/site-packages/airflow/example_dags/plugins/workday.py
[2026-02-25T10:48:03.472+0000] {logging_mixin.py:190} INFO - [2026-02-25T10:48:03.472+0000] {workday.py:41} WARNING - Could not import pandas. Holidays will not be considered.
[2026-02-25T10:48:03.473+0000] {processor.py:927} WARNING - No viable dags retrieved from /home/ubuntu/airflow-venv/lib/python3.12/site-packages/airflow/example_dags/plugins/workday.py
[2026-02-25T10:48:03.479+0000] {processor.py:208} INFO - Processing /home/ubuntu/airflow-venv/lib/python3.12/site-packages/airflow/example_dags/plugins/workday.py took 0.014 seconds
[2026-02-25T10:48:51.480+0000] {processor.py:186} INFO - Started process (PID=6319) to work on /home/ubuntu/airflow-venv/lib/python3.12/site-packages/airflow/example_dags/plugins/workday.py
[2026-02-25T10:48:51.482+0000] {processor.py:914} INFO - Processing file /home/ubuntu/airflow-venv/lib/python3.12/site-packages/airflow/example_dags/plugins/workday.py for tasks to queue
[2026-02-25T10:48:51.483+0000] {logging_mixin.py:190} INFO - [2026-02-25T10:48:51.483+0000] {dagbag.py:588} INFO - Filling up the DagBag from /home/ubuntu/airflow-venv/lib/python3.12/site-packages/airflow/example_dags/plugins/workday.py
[2026-02-25T10:48:51.484+0000] {logging_mixin.py:190} INFO - [2026-02-25T10:48:51.484+0000] {workday.py:41} WARNING - Could not import pandas. Holidays will not be considered.
[2026-02-25T10:48:51.485+0000] {processor.py:927} WARNING - No viable dags retrieved from /home/ubuntu/airflow-venv/lib/python3.12/site-packages/airflow/example_dags/plugins/workday.py
[2026-02-25T10:48:51.491+0000] {processor.py:208} INFO - Processing /home/ubuntu/airflow-venv/lib/python3.12/site-packages/airflow/example_dags/plugins/workday.py took 0.014 seconds
[2026-02-25T10:49:42.802+0000] {processor.py:186} INFO - Started process (PID=6378) to work on /home/ubuntu/airflow-venv/lib/python3.12/site-packages/airflow/example_dags/plugins/workday.py
[2026-02-25T10:49:42.803+0000] {processor.py:914} INFO - Processing file /home/ubuntu/airflow-venv/lib/python3.12/site-packages/airflow/example_dags/plugins/workday.py for tasks to queue
[2026-02-25T10:49:42.804+0000] {logging_mixin.py:190} INFO - [2026-02-25T10:49:42.804+0000] {dagbag.py:588} INFO - Filling up the DagBag from /home/ubuntu/airflow-venv/lib/python3.12/site-packages/airflow/example_dags/plugins/workday.py
[2026-02-25T10:49:42.806+0000] {logging_mixin.py:190} INFO - [2026-02-25T10:49:42.806+0000] {workday.py:41} WARNING - Could not import pandas. Holidays will not be considered.
[2026-02-25T10:49:42.806+0000] {processor.py:927} WARNING - No viable dags retrieved from /home/ubuntu/airflow-venv/lib/python3.12/site-packages/airflow/example_dags/plugins/workday.py
[2026-02-25T10:49:42.813+0000] {processor.py:208} INFO - Processing /home/ubuntu/airflow-venv/lib/python3.12/site-packages/airflow/example_dags/plugins/workday.py took 0.014 seconds
[2026-02-25T10:50:30.583+0000] {processor.py:186} INFO - Started process (PID=6431) to work on /home/ubuntu/airflow-venv/lib/python3.12/site-packages/airflow/example_dags/plugins/workday.py
[2026-02-25T10:50:30.584+0000] {processor.py:914} INFO - Processing file /home/ubuntu/airflow-venv/lib/python3.12/site-packages/airflow/example_dags/plugins/workday.py for tasks to queue
[2026-02-25T10:50:30.586+0000] {logging_mixin.py:190} INFO - [2026-02-25T10:50:30.585+0000] {dagbag.py:588} INFO - Filling up the DagBag from /home/ubuntu/airflow-venv/lib/python3.12/site-packages/airflow/example_dags/plugins/workday.py
[2026-02-25T10:50:30.587+0000] {logging_mixin.py:190} INFO - [2026-02-25T10:50:30.587+0000] {workday.py:41} WARNING - Could not import pandas. Holidays will not be considered.
[2026-02-25T10:50:30.588+0000] {processor.py:927} WARNING - No viable dags retrieved from /home/ubuntu/airflow-venv/lib/python3.12/site-packages/airflow/example_dags/plugins/workday.py
[2026-02-25T10:50:30.594+0000] {processor.py:208} INFO - Processing /home/ubuntu/airflow-venv/lib/python3.12/site-packages/airflow/example_dags/plugins/workday.py took 0.014 seconds
[2026-02-25T10:51:19.015+0000] {processor.py:186} INFO - Started process (PID=6488) to work on /home/ubuntu/airflow-venv/lib/python3.12/site-packages/airflow/example_dags/plugins/workday.py
[2026-02-25T10:51:19.016+0000] {processor.py:914} INFO - Processing file /home/ubuntu/airflow-venv/lib/python3.12/site-packages/airflow/example_dags/plugins/workday.py for tasks to queue
[2026-02-25T10:51:19.017+0000] {logging_mixin.py:190} INFO - [2026-02-25T10:51:19.017+0000] {dagbag.py:588} INFO - Filling up the DagBag from /home/ubuntu/airflow-venv/lib/python3.12/site-packages/airflow/example_dags/plugins/workday.py
[2026-02-25T10:51:19.019+0000] {logging_mixin.py:190} INFO - [2026-02-25T10:51:19.019+0000] {workday.py:41} WARNING - Could not import pandas. Holidays will not be considered.
[2026-02-25T10:51:19.019+0000] {processor.py:927} WARNING - No viable dags retrieved from /home/ubuntu/airflow-venv/lib/python3.12/site-packages/airflow/example_dags/plugins/workday.py
[2026-02-25T10:51:19.025+0000] {processor.py:208} INFO - Processing /home/ubuntu/airflow-venv/lib/python3.12/site-packages/airflow/example_dags/plugins/workday.py took 0.014 seconds
[2026-02-25T10:52:12.067+0000] {processor.py:186} INFO - Started process (PID=6557) to work on /home/ubuntu/airflow-venv/lib/python3.12/site-packages/airflow/example_dags/plugins/workday.py
[2026-02-25T10:52:12.068+0000] {processor.py:914} INFO - Processing file /home/ubuntu/airflow-venv/lib/python3.12/site-packages/airflow/example_dags/plugins/workday.py for tasks to queue
[2026-02-25T10:52:12.070+0000] {logging_mixin.py:190} INFO - [2026-02-25T10:52:12.069+0000] {dagbag.py:588} INFO - Filling up the DagBag from /home/ubuntu/airflow-venv/lib/python3.12/site-packages/airflow/example_dags/plugins/workday.py
[2026-02-25T10:52:12.071+0000] {logging_mixin.py:190} INFO - [2026-02-25T10:52:12.071+0000] {workday.py:41} WARNING - Could not import pandas. Holidays will not be considered.
[2026-02-25T10:52:12.071+0000] {processor.py:927} WARNING - No viable dags retrieved from /home/ubuntu/airflow-venv/lib/python3.12/site-packages/airflow/example_dags/plugins/workday.py
[2026-02-25T10:52:12.078+0000] {processor.py:208} INFO - Processing /home/ubuntu/airflow-venv/lib/python3.12/site-packages/airflow/example_dags/plugins/workday.py took 0.014 seconds
[2026-02-25T10:57:24.597+0000] {processor.py:186} INFO - Started process (PID=6973) to work on /home/ubuntu/airflow-venv/lib/python3.12/site-packages/airflow/example_dags/plugins/workday.py
[2026-02-25T10:57:24.599+0000] {processor.py:914} INFO - Processing file /home/ubuntu/airflow-venv/lib/python3.12/site-packages/airflow/example_dags/plugins/workday.py for tasks to queue
[2026-02-25T10:57:24.600+0000] {logging_mixin.py:190} INFO - [2026-02-25T10:57:24.600+0000] {dagbag.py:588} INFO - Filling up the DagBag from /home/ubuntu/airflow-venv/lib/python3.12/site-packages/airflow/example_dags/plugins/workday.py
[2026-02-25T10:57:24.601+0000] {logging_mixin.py:190} INFO - [2026-02-25T10:57:24.601+0000] {workday.py:41} WARNING - Could not import pandas. Holidays will not be considered.
[2026-02-25T10:57:24.602+0000] {processor.py:927} WARNING - No viable dags retrieved from /home/ubuntu/airflow-venv/lib/python3.12/site-packages/airflow/example_dags/plugins/workday.py
[2026-02-25T10:57:24.608+0000] {processor.py:208} INFO - Processing /home/ubuntu/airflow-venv/lib/python3.12/site-packages/airflow/example_dags/plugins/workday.py took 0.014 seconds
[2026-02-25T10:58:18.689+0000] {processor.py:186} INFO - Started process (PID=7401) to work on /home/ubuntu/airflow-venv/lib/python3.12/site-packages/airflow/example_dags/plugins/workday.py
[2026-02-25T10:58:18.691+0000] {processor.py:914} INFO - Processing file /home/ubuntu/airflow-venv/lib/python3.12/site-packages/airflow/example_dags/plugins/workday.py for tasks to queue
[2026-02-25T10:58:18.692+0000] {logging_mixin.py:190} INFO - [2026-02-25T10:58:18.692+0000] {dagbag.py:588} INFO - Filling up the DagBag from /home/ubuntu/airflow-venv/lib/python3.12/site-packages/airflow/example_dags/plugins/workday.py
[2026-02-25T10:58:18.693+0000] {logging_mixin.py:190} INFO - [2026-02-25T10:58:18.693+0000] {workday.py:41} WARNING - Could not import pandas. Holidays will not be considered.
[2026-02-25T10:58:18.694+0000] {processor.py:927} WARNING - No viable dags retrieved from /home/ubuntu/airflow-venv/lib/python3.12/site-packages/airflow/example_dags/plugins/workday.py
[2026-02-25T10:58:18.700+0000] {processor.py:208} INFO - Processing /home/ubuntu/airflow-venv/lib/python3.12/site-packages/airflow/example_dags/plugins/workday.py took 0.014 seconds
[2026-02-25T10:59:07.980+0000] {processor.py:186} INFO - Started process (PID=7459) to work on /home/ubuntu/airflow-venv/lib/python3.12/site-packages/airflow/example_dags/plugins/workday.py
[2026-02-25T10:59:07.981+0000] {processor.py:914} INFO - Processing file /home/ubuntu/airflow-venv/lib/python3.12/site-packages/airflow/example_dags/plugins/workday.py for tasks to queue
[2026-02-25T10:59:07.983+0000] {logging_mixin.py:190} INFO - [2026-02-25T10:59:07.982+0000] {dagbag.py:588} INFO - Filling up the DagBag from /home/ubuntu/airflow-venv/lib/python3.12/site-packages/airflow/example_dags/plugins/workday.py
[2026-02-25T10:59:07.984+0000] {logging_mixin.py:190} INFO - [2026-02-25T10:59:07.984+0000] {workday.py:41} WARNING - Could not import pandas. Holidays will not be considered.
[2026-02-25T10:59:07.985+0000] {processor.py:927} WARNING - No viable dags retrieved from /home/ubuntu/airflow-venv/lib/python3.12/site-packages/airflow/example_dags/plugins/workday.py
[2026-02-25T10:59:07.991+0000] {processor.py:208} INFO - Processing /home/ubuntu/airflow-venv/lib/python3.12/site-packages/airflow/example_dags/plugins/workday.py took 0.014 seconds
[2026-02-25T10:59:56.252+0000] {processor.py:186} INFO - Started process (PID=7510) to work on /home/ubuntu/airflow-venv/lib/python3.12/site-packages/airflow/example_dags/plugins/workday.py
[2026-02-25T10:59:56.253+0000] {processor.py:914} INFO - Processing file /home/ubuntu/airflow-venv/lib/python3.12/site-packages/airflow/example_dags/plugins/workday.py for tasks to queue
[2026-02-25T10:59:56.254+0000] {logging_mixin.py:190} INFO - [2026-02-25T10:59:56.254+0000] {dagbag.py:588} INFO - Filling up the DagBag from /home/ubuntu/airflow-venv/lib/python3.12/site-packages/airflow/example_dags/plugins/workday.py
[2026-02-25T10:59:56.256+0000] {logging_mixin.py:190} INFO - [2026-02-25T10:59:56.256+0000] {workday.py:41} WARNING - Could not import pandas. Holidays will not be considered.
[2026-02-25T10:59:56.256+0000] {processor.py:927} WARNING - No viable dags retrieved from /home/ubuntu/airflow-venv/lib/python3.12/site-packages/airflow/example_dags/plugins/workday.py
[2026-02-25T10:59:56.263+0000] {processor.py:208} INFO - Processing /home/ubuntu/airflow-venv/lib/python3.12/site-packages/airflow/example_dags/plugins/workday.py took 0.014 seconds
[2026-02-25T11:00:21.730+0000] {processor.py:186} INFO - Started process (PID=7921) to work on /home/ubuntu/airflow-venv/lib/python3.12/site-packages/airflow/example_dags/plugins/workday.py
[2026-02-25T11:00:21.731+0000] {processor.py:914} INFO - Processing file /home/ubuntu/airflow-venv/lib/python3.12/site-packages/airflow/example_dags/plugins/workday.py for tasks to queue
[2026-02-25T11:00:21.732+0000] {logging_mixin.py:190} INFO - [2026-02-25T11:00:21.732+0000] {dagbag.py:588} INFO - Filling up the DagBag from /home/ubuntu/airflow-venv/lib/python3.12/site-packages/airflow/example_dags/plugins/workday.py
[2026-02-25T11:00:21.734+0000] {logging_mixin.py:190} INFO - [2026-02-25T11:00:21.734+0000] {workday.py:41} WARNING - Could not import pandas. Holidays will not be considered.
[2026-02-25T11:00:21.734+0000] {processor.py:927} WARNING - No viable dags retrieved from /home/ubuntu/airflow-venv/lib/python3.12/site-packages/airflow/example_dags/plugins/workday.py
[2026-02-25T11:00:21.741+0000] {processor.py:208} INFO - Processing /home/ubuntu/airflow-venv/lib/python3.12/site-packages/airflow/example_dags/plugins/workday.py took 0.015 seconds
[2026-02-25T11:00:51.122+0000] {processor.py:186} INFO - Started process (PID=7985) to work on /home/ubuntu/airflow-venv/lib/python3.12/site-packages/airflow/example_dags/plugins/workday.py
[2026-02-25T11:00:51.123+0000] {processor.py:914} INFO - Processing file /home/ubuntu/airflow-venv/lib/python3.12/site-packages/airflow/example_dags/plugins/workday.py for tasks to queue
[2026-02-25T11:00:51.125+0000] {logging_mixin.py:190} INFO - [2026-02-25T11:00:51.124+0000] {dagbag.py:588} INFO - Filling up the DagBag from /home/ubuntu/airflow-venv/lib/python3.12/site-packages/airflow/example_dags/plugins/workday.py
[2026-02-25T11:00:51.126+0000] {logging_mixin.py:190} INFO - [2026-02-25T11:00:51.126+0000] {workday.py:41} WARNING - Could not import pandas. Holidays will not be considered.
[2026-02-25T11:00:51.127+0000] {processor.py:927} WARNING - No viable dags retrieved from /home/ubuntu/airflow-venv/lib/python3.12/site-packages/airflow/example_dags/plugins/workday.py
[2026-02-25T11:00:51.134+0000] {processor.py:208} INFO - Processing /home/ubuntu/airflow-venv/lib/python3.12/site-packages/airflow/example_dags/plugins/workday.py took 0.015 seconds
[2026-02-25T11:05:12.208+0000] {processor.py:186} INFO - Started process (PID=8042) to work on /home/ubuntu/airflow-venv/lib/python3.12/site-packages/airflow/example_dags/plugins/workday.py
[2026-02-25T11:05:12.209+0000] {processor.py:914} INFO - Processing file /home/ubuntu/airflow-venv/lib/python3.12/site-packages/airflow/example_dags/plugins/workday.py for tasks to queue
[2026-02-25T11:05:12.211+0000] {logging_mixin.py:190} INFO - [2026-02-25T11:05:12.210+0000] {dagbag.py:588} INFO - Filling up the DagBag from /home/ubuntu/airflow-venv/lib/python3.12/site-packages/airflow/example_dags/plugins/workday.py
[2026-02-25T11:05:12.212+0000] {logging_mixin.py:190} INFO - [2026-02-25T11:05:12.212+0000] {workday.py:41} WARNING - Could not import pandas. Holidays will not be considered.
[2026-02-25T11:05:12.212+0000] {processor.py:927} WARNING - No viable dags retrieved from /home/ubuntu/airflow-venv/lib/python3.12/site-packages/airflow/example_dags/plugins/workday.py
[2026-02-25T11:05:12.219+0000] {processor.py:208} INFO - Processing /home/ubuntu/airflow-venv/lib/python3.12/site-packages/airflow/example_dags/plugins/workday.py took 0.014 seconds
[2026-02-25T11:05:45.933+0000] {processor.py:186} INFO - Started process (PID=8089) to work on /home/ubuntu/airflow-venv/lib/python3.12/site-packages/airflow/example_dags/plugins/workday.py
[2026-02-25T11:05:45.934+0000] {processor.py:914} INFO - Processing file /home/ubuntu/airflow-venv/lib/python3.12/site-packages/airflow/example_dags/plugins/workday.py for tasks to queue
[2026-02-25T11:05:45.935+0000] {logging_mixin.py:190} INFO - [2026-02-25T11:05:45.935+0000] {dagbag.py:588} INFO - Filling up the DagBag from /home/ubuntu/airflow-venv/lib/python3.12/site-packages/airflow/example_dags/plugins/workday.py
[2026-02-25T11:05:45.937+0000] {logging_mixin.py:190} INFO - [2026-02-25T11:05:45.937+0000] {workday.py:41} WARNING - Could not import pandas. Holidays will not be considered.
[2026-02-25T11:05:45.937+0000] {processor.py:927} WARNING - No viable dags retrieved from /home/ubuntu/airflow-venv/lib/python3.12/site-packages/airflow/example_dags/plugins/workday.py
[2026-02-25T11:05:45.943+0000] {processor.py:208} INFO - Processing /home/ubuntu/airflow-venv/lib/python3.12/site-packages/airflow/example_dags/plugins/workday.py took 0.014 seconds
[2026-02-25T11:06:06.283+0000] {processor.py:186} INFO - Started process (PID=8131) to work on /home/ubuntu/airflow-venv/lib/python3.12/site-packages/airflow/example_dags/plugins/workday.py
[2026-02-25T11:06:06.284+0000] {processor.py:914} INFO - Processing file /home/ubuntu/airflow-venv/lib/python3.12/site-packages/airflow/example_dags/plugins/workday.py for tasks to queue
[2026-02-25T11:06:06.285+0000] {logging_mixin.py:190} INFO - [2026-02-25T11:06:06.285+0000] {dagbag.py:588} INFO - Filling up the DagBag from /home/ubuntu/airflow-venv/lib/python3.12/site-packages/airflow/example_dags/plugins/workday.py
[2026-02-25T11:06:06.287+0000] {logging_mixin.py:190} INFO - [2026-02-25T11:06:06.287+0000] {workday.py:41} WARNING - Could not import pandas. Holidays will not be considered.
[2026-02-25T11:06:06.287+0000] {processor.py:927} WARNING - No viable dags retrieved from /home/ubuntu/airflow-venv/lib/python3.12/site-packages/airflow/example_dags/plugins/workday.py
[2026-02-25T11:06:06.296+0000] {processor.py:208} INFO - Processing /home/ubuntu/airflow-venv/lib/python3.12/site-packages/airflow/example_dags/plugins/workday.py took 0.016 seconds
[2026-02-25T11:06:40.006+0000] {processor.py:186} INFO - Started process (PID=8202) to work on /home/ubuntu/airflow-venv/lib/python3.12/site-packages/airflow/example_dags/plugins/workday.py
[2026-02-25T11:06:40.007+0000] {processor.py:914} INFO - Processing file /home/ubuntu/airflow-venv/lib/python3.12/site-packages/airflow/example_dags/plugins/workday.py for tasks to queue
[2026-02-25T11:06:40.008+0000] {logging_mixin.py:190} INFO - [2026-02-25T11:06:40.008+0000] {dagbag.py:588} INFO - Filling up the DagBag from /home/ubuntu/airflow-venv/lib/python3.12/site-packages/airflow/example_dags/plugins/workday.py
[2026-02-25T11:06:40.010+0000] {logging_mixin.py:190} INFO - [2026-02-25T11:06:40.009+0000] {workday.py:41} WARNING - Could not import pandas. Holidays will not be considered.
[2026-02-25T11:06:40.010+0000] {processor.py:927} WARNING - No viable dags retrieved from /home/ubuntu/airflow-venv/lib/python3.12/site-packages/airflow/example_dags/plugins/workday.py
[2026-02-25T11:06:40.016+0000] {processor.py:208} INFO - Processing /home/ubuntu/airflow-venv/lib/python3.12/site-packages/airflow/example_dags/plugins/workday.py took 0.014 seconds
[2026-02-25T11:06:54.750+0000] {processor.py:186} INFO - Started process (PID=8235) to work on /home/ubuntu/airflow-venv/lib/python3.12/site-packages/airflow/example_dags/plugins/workday.py
[2026-02-25T11:06:54.751+0000] {processor.py:914} INFO - Processing file /home/ubuntu/airflow-venv/lib/python3.12/site-packages/airflow/example_dags/plugins/workday.py for tasks to queue
[2026-02-25T11:06:54.752+0000] {logging_mixin.py:190} INFO - [2026-02-25T11:06:54.752+0000] {dagbag.py:588} INFO - Filling up the DagBag from /home/ubuntu/airflow-venv/lib/python3.12/site-packages/airflow/example_dags/plugins/workday.py
[2026-02-25T11:06:54.754+0000] {logging_mixin.py:190} INFO - [2026-02-25T11:06:54.753+0000] {workday.py:41} WARNING - Could not import pandas. Holidays will not be considered.
[2026-02-25T11:06:54.754+0000] {processor.py:927} WARNING - No viable dags retrieved from /home/ubuntu/airflow-venv/lib/python3.12/site-packages/airflow/example_dags/plugins/workday.py
[2026-02-25T11:06:54.761+0000] {processor.py:208} INFO - Processing /home/ubuntu/airflow-venv/lib/python3.12/site-packages/airflow/example_dags/plugins/workday.py took 0.014 seconds
[2026-02-25T11:07:28.482+0000] {processor.py:186} INFO - Started process (PID=8308) to work on /home/ubuntu/airflow-venv/lib/python3.12/site-packages/airflow/example_dags/plugins/workday.py
[2026-02-25T11:07:28.484+0000] {processor.py:914} INFO - Processing file /home/ubuntu/airflow-venv/lib/python3.12/site-packages/airflow/example_dags/plugins/workday.py for tasks to queue
[2026-02-25T11:07:28.485+0000] {logging_mixin.py:190} INFO - [2026-02-25T11:07:28.485+0000] {dagbag.py:588} INFO - Filling up the DagBag from /home/ubuntu/airflow-venv/lib/python3.12/site-packages/airflow/example_dags/plugins/workday.py
[2026-02-25T11:07:28.487+0000] {logging_mixin.py:190} INFO - [2026-02-25T11:07:28.487+0000] {workday.py:41} WARNING - Could not import pandas. Holidays will not be considered.
[2026-02-25T11:07:28.488+0000] {processor.py:927} WARNING - No viable dags retrieved from /home/ubuntu/airflow-venv/lib/python3.12/site-packages/airflow/example_dags/plugins/workday.py
[2026-02-25T11:07:28.497+0000] {processor.py:208} INFO - Processing /home/ubuntu/airflow-venv/lib/python3.12/site-packages/airflow/example_dags/plugins/workday.py took 0.019 seconds
[2026-02-25T11:07:40.983+0000] {processor.py:186} INFO - Started process (PID=8332) to work on /home/ubuntu/airflow-venv/lib/python3.12/site-packages/airflow/example_dags/plugins/workday.py
[2026-02-25T11:07:40.983+0000] {processor.py:914} INFO - Processing file /home/ubuntu/airflow-venv/lib/python3.12/site-packages/airflow/example_dags/plugins/workday.py for tasks to queue
[2026-02-25T11:07:40.984+0000] {logging_mixin.py:190} INFO - [2026-02-25T11:07:40.984+0000] {dagbag.py:588} INFO - Filling up the DagBag from /home/ubuntu/airflow-venv/lib/python3.12/site-packages/airflow/example_dags/plugins/workday.py
[2026-02-25T11:07:40.986+0000] {logging_mixin.py:190} INFO - [2026-02-25T11:07:40.986+0000] {workday.py:41} WARNING - Could not import pandas. Holidays will not be considered.
[2026-02-25T11:07:40.986+0000] {processor.py:927} WARNING - No viable dags retrieved from /home/ubuntu/airflow-venv/lib/python3.12/site-packages/airflow/example_dags/plugins/workday.py
[2026-02-25T11:07:40.993+0000] {processor.py:208} INFO - Processing /home/ubuntu/airflow-venv/lib/python3.12/site-packages/airflow/example_dags/plugins/workday.py took 0.014 seconds
[2026-02-25T11:08:14.722+0000] {processor.py:186} INFO - Started process (PID=8410) to work on /home/ubuntu/airflow-venv/lib/python3.12/site-packages/airflow/example_dags/plugins/workday.py
[2026-02-25T11:08:14.723+0000] {processor.py:914} INFO - Processing file /home/ubuntu/airflow-venv/lib/python3.12/site-packages/airflow/example_dags/plugins/workday.py for tasks to queue
[2026-02-25T11:08:14.724+0000] {logging_mixin.py:190} INFO - [2026-02-25T11:08:14.724+0000] {dagbag.py:588} INFO - Filling up the DagBag from /home/ubuntu/airflow-venv/lib/python3.12/site-packages/airflow/example_dags/plugins/workday.py
[2026-02-25T11:08:14.726+0000] {logging_mixin.py:190} INFO - [2026-02-25T11:08:14.726+0000] {workday.py:41} WARNING - Could not import pandas. Holidays will not be considered.
[2026-02-25T11:08:14.726+0000] {processor.py:927} WARNING - No viable dags retrieved from /home/ubuntu/airflow-venv/lib/python3.12/site-packages/airflow/example_dags/plugins/workday.py
[2026-02-25T11:08:14.733+0000] {processor.py:208} INFO - Processing /home/ubuntu/airflow-venv/lib/python3.12/site-packages/airflow/example_dags/plugins/workday.py took 0.014 seconds
[2026-02-25T11:08:31.240+0000] {processor.py:186} INFO - Started process (PID=8455) to work on /home/ubuntu/airflow-venv/lib/python3.12/site-packages/airflow/example_dags/plugins/workday.py
[2026-02-25T11:08:31.241+0000] {processor.py:914} INFO - Processing file /home/ubuntu/airflow-venv/lib/python3.12/site-packages/airflow/example_dags/plugins/workday.py for tasks to queue
[2026-02-25T11:08:31.243+0000] {logging_mixin.py:190} INFO - [2026-02-25T11:08:31.242+0000] {dagbag.py:588} INFO - Filling up the DagBag from /home/ubuntu/airflow-venv/lib/python3.12/site-packages/airflow/example_dags/plugins/workday.py
[2026-02-25T11:08:31.245+0000] {logging_mixin.py:190} INFO - [2026-02-25T11:08:31.245+0000] {workday.py:41} WARNING - Could not import pandas. Holidays will not be considered.
[2026-02-25T11:08:31.245+0000] {processor.py:927} WARNING - No viable dags retrieved from /home/ubuntu/airflow-venv/lib/python3.12/site-packages/airflow/example_dags/plugins/workday.py
[2026-02-25T11:08:31.254+0000] {processor.py:208} INFO - Processing /home/ubuntu/airflow-venv/lib/python3.12/site-packages/airflow/example_dags/plugins/workday.py took 0.018 seconds
[2026-02-25T11:09:03.804+0000] {processor.py:186} INFO - Started process (PID=8528) to work on /home/ubuntu/airflow-venv/lib/python3.12/site-packages/airflow/example_dags/plugins/workday.py
[2026-02-25T11:09:03.805+0000] {processor.py:914} INFO - Processing file /home/ubuntu/airflow-venv/lib/python3.12/site-packages/airflow/example_dags/plugins/workday.py for tasks to queue
[2026-02-25T11:09:03.807+0000] {logging_mixin.py:190} INFO - [2026-02-25T11:09:03.806+0000] {dagbag.py:588} INFO - Filling up the DagBag from /home/ubuntu/airflow-venv/lib/python3.12/site-packages/airflow/example_dags/plugins/workday.py
[2026-02-25T11:09:03.808+0000] {logging_mixin.py:190} INFO - [2026-02-25T11:09:03.808+0000] {workday.py:41} WARNING - Could not import pandas. Holidays will not be considered.
[2026-02-25T11:09:03.808+0000] {processor.py:927} WARNING - No viable dags retrieved from /home/ubuntu/airflow-venv/lib/python3.12/site-packages/airflow/example_dags/plugins/workday.py
[2026-02-25T11:09:03.815+0000] {processor.py:208} INFO - Processing /home/ubuntu/airflow-venv/lib/python3.12/site-packages/airflow/example_dags/plugins/workday.py took 0.015 seconds
[2026-02-25T11:09:24.096+0000] {processor.py:186} INFO - Started process (PID=8569) to work on /home/ubuntu/airflow-venv/lib/python3.12/site-packages/airflow/example_dags/plugins/workday.py
[2026-02-25T11:09:24.097+0000] {processor.py:914} INFO - Processing file /home/ubuntu/airflow-venv/lib/python3.12/site-packages/airflow/example_dags/plugins/workday.py for tasks to queue
[2026-02-25T11:09:24.098+0000] {logging_mixin.py:190} INFO - [2026-02-25T11:09:24.098+0000] {dagbag.py:588} INFO - Filling up the DagBag from /home/ubuntu/airflow-venv/lib/python3.12/site-packages/airflow/example_dags/plugins/workday.py
[2026-02-25T11:09:24.100+0000] {logging_mixin.py:190} INFO - [2026-02-25T11:09:24.100+0000] {workday.py:41} WARNING - Could not import pandas. Holidays will not be considered.
[2026-02-25T11:09:24.100+0000] {processor.py:927} WARNING - No viable dags retrieved from /home/ubuntu/airflow-venv/lib/python3.12/site-packages/airflow/example_dags/plugins/workday.py
[2026-02-25T11:09:24.107+0000] {processor.py:208} INFO - Processing /home/ubuntu/airflow-venv/lib/python3.12/site-packages/airflow/example_dags/plugins/workday.py took 0.014 seconds
[2026-02-25T11:09:55.193+0000] {processor.py:186} INFO - Started process (PID=8634) to work on /home/ubuntu/airflow-venv/lib/python3.12/site-packages/airflow/example_dags/plugins/workday.py
[2026-02-25T11:09:55.194+0000] {processor.py:914} INFO - Processing file /home/ubuntu/airflow-venv/lib/python3.12/site-packages/airflow/example_dags/plugins/workday.py for tasks to queue
[2026-02-25T11:09:55.196+0000] {logging_mixin.py:190} INFO - [2026-02-25T11:09:55.196+0000] {dagbag.py:588} INFO - Filling up the DagBag from /home/ubuntu/airflow-venv/lib/python3.12/site-packages/airflow/example_dags/plugins/workday.py
[2026-02-25T11:09:55.198+0000] {logging_mixin.py:190} INFO - [2026-02-25T11:09:55.197+0000] {workday.py:41} WARNING - Could not import pandas. Holidays will not be considered.
[2026-02-25T11:09:55.198+0000] {processor.py:927} WARNING - No viable dags retrieved from /home/ubuntu/airflow-venv/lib/python3.12/site-packages/airflow/example_dags/plugins/workday.py
[2026-02-25T11:09:55.205+0000] {processor.py:208} INFO - Processing /home/ubuntu/airflow-venv/lib/python3.12/site-packages/airflow/example_dags/plugins/workday.py took 0.015 seconds
[2026-02-25T11:10:12.185+0000] {processor.py:186} INFO - Started process (PID=8674) to work on /home/ubuntu/airflow-venv/lib/python3.12/site-packages/airflow/example_dags/plugins/workday.py
[2026-02-25T11:10:12.186+0000] {processor.py:914} INFO - Processing file /home/ubuntu/airflow-venv/lib/python3.12/site-packages/airflow/example_dags/plugins/workday.py for tasks to queue
[2026-02-25T11:10:12.187+0000] {logging_mixin.py:190} INFO - [2026-02-25T11:10:12.187+0000] {dagbag.py:588} INFO - Filling up the DagBag from /home/ubuntu/airflow-venv/lib/python3.12/site-packages/airflow/example_dags/plugins/workday.py
[2026-02-25T11:10:12.189+0000] {logging_mixin.py:190} INFO - [2026-02-25T11:10:12.189+0000] {workday.py:41} WARNING - Could not import pandas. Holidays will not be considered.
[2026-02-25T11:10:12.189+0000] {processor.py:927} WARNING - No viable dags retrieved from /home/ubuntu/airflow-venv/lib/python3.12/site-packages/airflow/example_dags/plugins/workday.py
[2026-02-25T11:10:12.196+0000] {processor.py:208} INFO - Processing /home/ubuntu/airflow-venv/lib/python3.12/site-packages/airflow/example_dags/plugins/workday.py took 0.014 seconds
[2026-02-25T11:10:45.170+0000] {processor.py:186} INFO - Started process (PID=8742) to work on /home/ubuntu/airflow-venv/lib/python3.12/site-packages/airflow/example_dags/plugins/workday.py
[2026-02-25T11:10:45.171+0000] {processor.py:914} INFO - Processing file /home/ubuntu/airflow-venv/lib/python3.12/site-packages/airflow/example_dags/plugins/workday.py for tasks to queue
[2026-02-25T11:10:45.172+0000] {logging_mixin.py:190} INFO - [2026-02-25T11:10:45.172+0000] {dagbag.py:588} INFO - Filling up the DagBag from /home/ubuntu/airflow-venv/lib/python3.12/site-packages/airflow/example_dags/plugins/workday.py
[2026-02-25T11:10:45.173+0000] {logging_mixin.py:190} INFO - [2026-02-25T11:10:45.173+0000] {workday.py:41} WARNING - Could not import pandas. Holidays will not be considered.
[2026-02-25T11:10:45.174+0000] {processor.py:927} WARNING - No viable dags retrieved from /home/ubuntu/airflow-venv/lib/python3.12/site-packages/airflow/example_dags/plugins/workday.py
[2026-02-25T11:10:45.180+0000] {processor.py:208} INFO - Processing /home/ubuntu/airflow-venv/lib/python3.12/site-packages/airflow/example_dags/plugins/workday.py took 0.014 seconds
[2026-02-25T11:11:02.740+0000] {processor.py:186} INFO - Started process (PID=8777) to work on /home/ubuntu/airflow-venv/lib/python3.12/site-packages/airflow/example_dags/plugins/workday.py
[2026-02-25T11:11:02.741+0000] {processor.py:914} INFO - Processing file /home/ubuntu/airflow-venv/lib/python3.12/site-packages/airflow/example_dags/plugins/workday.py for tasks to queue
[2026-02-25T11:11:02.742+0000] {logging_mixin.py:190} INFO - [2026-02-25T11:11:02.742+0000] {dagbag.py:588} INFO - Filling up the DagBag from /home/ubuntu/airflow-venv/lib/python3.12/site-packages/airflow/example_dags/plugins/workday.py
[2026-02-25T11:11:02.744+0000] {logging_mixin.py:190} INFO - [2026-02-25T11:11:02.744+0000] {workday.py:41} WARNING - Could not import pandas. Holidays will not be considered.
[2026-02-25T11:11:02.744+0000] {processor.py:927} WARNING - No viable dags retrieved from /home/ubuntu/airflow-venv/lib/python3.12/site-packages/airflow/example_dags/plugins/workday.py
[2026-02-25T11:11:02.759+0000] {processor.py:208} INFO - Processing /home/ubuntu/airflow-venv/lib/python3.12/site-packages/airflow/example_dags/plugins/workday.py took 0.022 seconds
[2026-02-25T11:11:37.893+0000] {processor.py:186} INFO - Started process (PID=8848) to work on /home/ubuntu/airflow-venv/lib/python3.12/site-packages/airflow/example_dags/plugins/workday.py
[2026-02-25T11:11:37.894+0000] {processor.py:914} INFO - Processing file /home/ubuntu/airflow-venv/lib/python3.12/site-packages/airflow/example_dags/plugins/workday.py for tasks to queue
[2026-02-25T11:11:37.896+0000] {logging_mixin.py:190} INFO - [2026-02-25T11:11:37.896+0000] {dagbag.py:588} INFO - Filling up the DagBag from /home/ubuntu/airflow-venv/lib/python3.12/site-packages/airflow/example_dags/plugins/workday.py
[2026-02-25T11:11:37.898+0000] {logging_mixin.py:190} INFO - [2026-02-25T11:11:37.897+0000] {workday.py:41} WARNING - Could not import pandas. Holidays will not be considered.
[2026-02-25T11:11:37.898+0000] {processor.py:927} WARNING - No viable dags retrieved from /home/ubuntu/airflow-venv/lib/python3.12/site-packages/airflow/example_dags/plugins/workday.py
[2026-02-25T11:11:37.905+0000] {processor.py:208} INFO - Processing /home/ubuntu/airflow-venv/lib/python3.12/site-packages/airflow/example_dags/plugins/workday.py took 0.016 seconds
[2026-02-25T11:11:55.200+0000] {processor.py:186} INFO - Started process (PID=8891) to work on /home/ubuntu/airflow-venv/lib/python3.12/site-packages/airflow/example_dags/plugins/workday.py
[2026-02-25T11:11:55.200+0000] {processor.py:914} INFO - Processing file /home/ubuntu/airflow-venv/lib/python3.12/site-packages/airflow/example_dags/plugins/workday.py for tasks to queue
[2026-02-25T11:11:55.202+0000] {logging_mixin.py:190} INFO - [2026-02-25T11:11:55.201+0000] {dagbag.py:588} INFO - Filling up the DagBag from /home/ubuntu/airflow-venv/lib/python3.12/site-packages/airflow/example_dags/plugins/workday.py
[2026-02-25T11:11:55.203+0000] {logging_mixin.py:190} INFO - [2026-02-25T11:11:55.203+0000] {workday.py:41} WARNING - Could not import pandas. Holidays will not be considered.
[2026-02-25T11:11:55.204+0000] {processor.py:927} WARNING - No viable dags retrieved from /home/ubuntu/airflow-venv/lib/python3.12/site-packages/airflow/example_dags/plugins/workday.py
[2026-02-25T11:11:55.211+0000] {processor.py:208} INFO - Processing /home/ubuntu/airflow-venv/lib/python3.12/site-packages/airflow/example_dags/plugins/workday.py took 0.015 seconds
[2026-02-25T11:12:33.313+0000] {processor.py:186} INFO - Started process (PID=8968) to work on /home/ubuntu/airflow-venv/lib/python3.12/site-packages/airflow/example_dags/plugins/workday.py
[2026-02-25T11:12:33.315+0000] {processor.py:914} INFO - Processing file /home/ubuntu/airflow-venv/lib/python3.12/site-packages/airflow/example_dags/plugins/workday.py for tasks to queue
[2026-02-25T11:12:33.316+0000] {logging_mixin.py:190} INFO - [2026-02-25T11:12:33.316+0000] {dagbag.py:588} INFO - Filling up the DagBag from /home/ubuntu/airflow-venv/lib/python3.12/site-packages/airflow/example_dags/plugins/workday.py
[2026-02-25T11:12:33.318+0000] {logging_mixin.py:190} INFO - [2026-02-25T11:12:33.318+0000] {workday.py:41} WARNING - Could not import pandas. Holidays will not be considered.
[2026-02-25T11:12:33.318+0000] {processor.py:927} WARNING - No viable dags retrieved from /home/ubuntu/airflow-venv/lib/python3.12/site-packages/airflow/example_dags/plugins/workday.py
[2026-02-25T11:12:33.325+0000] {processor.py:208} INFO - Processing /home/ubuntu/airflow-venv/lib/python3.12/site-packages/airflow/example_dags/plugins/workday.py took 0.016 seconds
[2026-02-25T11:12:44.717+0000] {processor.py:186} INFO - Started process (PID=8991) to work on /home/ubuntu/airflow-venv/lib/python3.12/site-packages/airflow/example_dags/plugins/workday.py
[2026-02-25T11:12:44.718+0000] {processor.py:914} INFO - Processing file /home/ubuntu/airflow-venv/lib/python3.12/site-packages/airflow/example_dags/plugins/workday.py for tasks to queue
[2026-02-25T11:12:44.719+0000] {logging_mixin.py:190} INFO - [2026-02-25T11:12:44.719+0000] {dagbag.py:588} INFO - Filling up the DagBag from /home/ubuntu/airflow-venv/lib/python3.12/site-packages/airflow/example_dags/plugins/workday.py
[2026-02-25T11:12:44.721+0000] {logging_mixin.py:190} INFO - [2026-02-25T11:12:44.720+0000] {workday.py:41} WARNING - Could not import pandas. Holidays will not be considered.
[2026-02-25T11:12:44.721+0000] {processor.py:927} WARNING - No viable dags retrieved from /home/ubuntu/airflow-venv/lib/python3.12/site-packages/airflow/example_dags/plugins/workday.py
[2026-02-25T11:12:44.728+0000] {processor.py:208} INFO - Processing /home/ubuntu/airflow-venv/lib/python3.12/site-packages/airflow/example_dags/plugins/workday.py took 0.015 seconds
[2026-02-25T11:13:27.530+0000] {processor.py:186} INFO - Started process (PID=9080) to work on /home/ubuntu/airflow-venv/lib/python3.12/site-packages/airflow/example_dags/plugins/workday.py
[2026-02-25T11:13:27.531+0000] {processor.py:914} INFO - Processing file /home/ubuntu/airflow-venv/lib/python3.12/site-packages/airflow/example_dags/plugins/workday.py for tasks to queue
[2026-02-25T11:13:27.533+0000] {logging_mixin.py:190} INFO - [2026-02-25T11:13:27.532+0000] {dagbag.py:588} INFO - Filling up the DagBag from /home/ubuntu/airflow-venv/lib/python3.12/site-packages/airflow/example_dags/plugins/workday.py
[2026-02-25T11:13:27.534+0000] {logging_mixin.py:190} INFO - [2026-02-25T11:13:27.534+0000] {workday.py:41} WARNING - Could not import pandas. Holidays will not be considered.
[2026-02-25T11:13:27.535+0000] {processor.py:927} WARNING - No viable dags retrieved from /home/ubuntu/airflow-venv/lib/python3.12/site-packages/airflow/example_dags/plugins/workday.py
[2026-02-25T11:13:27.542+0000] {processor.py:208} INFO - Processing /home/ubuntu/airflow-venv/lib/python3.12/site-packages/airflow/example_dags/plugins/workday.py took 0.015 seconds
[2026-02-25T11:13:38.591+0000] {processor.py:186} INFO - Started process (PID=9101) to work on /home/ubuntu/airflow-venv/lib/python3.12/site-packages/airflow/example_dags/plugins/workday.py
[2026-02-25T11:13:38.591+0000] {processor.py:914} INFO - Processing file /home/ubuntu/airflow-venv/lib/python3.12/site-packages/airflow/example_dags/plugins/workday.py for tasks to queue
[2026-02-25T11:13:38.593+0000] {logging_mixin.py:190} INFO - [2026-02-25T11:13:38.592+0000] {dagbag.py:588} INFO - Filling up the DagBag from /home/ubuntu/airflow-venv/lib/python3.12/site-packages/airflow/example_dags/plugins/workday.py
[2026-02-25T11:13:38.595+0000] {logging_mixin.py:190} INFO - [2026-02-25T11:13:38.595+0000] {workday.py:41} WARNING - Could not import pandas. Holidays will not be considered.
[2026-02-25T11:13:38.595+0000] {processor.py:927} WARNING - No viable dags retrieved from /home/ubuntu/airflow-venv/lib/python3.12/site-packages/airflow/example_dags/plugins/workday.py
[2026-02-25T11:13:38.602+0000] {processor.py:208} INFO - Processing /home/ubuntu/airflow-venv/lib/python3.12/site-packages/airflow/example_dags/plugins/workday.py took 0.016 seconds
[2026-02-25T11:14:20.325+0000] {processor.py:186} INFO - Started process (PID=9188) to work on /home/ubuntu/airflow-venv/lib/python3.12/site-packages/airflow/example_dags/plugins/workday.py
[2026-02-25T11:14:20.326+0000] {processor.py:914} INFO - Processing file /home/ubuntu/airflow-venv/lib/python3.12/site-packages/airflow/example_dags/plugins/workday.py for tasks to queue
[2026-02-25T11:14:20.327+0000] {logging_mixin.py:190} INFO - [2026-02-25T11:14:20.327+0000] {dagbag.py:588} INFO - Filling up the DagBag from /home/ubuntu/airflow-venv/lib/python3.12/site-packages/airflow/example_dags/plugins/workday.py
[2026-02-25T11:14:20.329+0000] {logging_mixin.py:190} INFO - [2026-02-25T11:14:20.329+0000] {workday.py:41} WARNING - Could not import pandas. Holidays will not be considered.
[2026-02-25T11:14:20.329+0000] {processor.py:927} WARNING - No viable dags retrieved from /home/ubuntu/airflow-venv/lib/python3.12/site-packages/airflow/example_dags/plugins/workday.py
[2026-02-25T11:14:20.336+0000] {processor.py:208} INFO - Processing /home/ubuntu/airflow-venv/lib/python3.12/site-packages/airflow/example_dags/plugins/workday.py took 0.015 seconds
[2026-02-25T11:14:28.121+0000] {processor.py:186} INFO - Started process (PID=9204) to work on /home/ubuntu/airflow-venv/lib/python3.12/site-packages/airflow/example_dags/plugins/workday.py
[2026-02-25T11:14:28.121+0000] {processor.py:914} INFO - Processing file /home/ubuntu/airflow-venv/lib/python3.12/site-packages/airflow/example_dags/plugins/workday.py for tasks to queue
[2026-02-25T11:14:28.123+0000] {logging_mixin.py:190} INFO - [2026-02-25T11:14:28.123+0000] {dagbag.py:588} INFO - Filling up the DagBag from /home/ubuntu/airflow-venv/lib/python3.12/site-packages/airflow/example_dags/plugins/workday.py
[2026-02-25T11:14:28.126+0000] {logging_mixin.py:190} INFO - [2026-02-25T11:14:28.125+0000] {workday.py:41} WARNING - Could not import pandas. Holidays will not be considered.
[2026-02-25T11:14:28.126+0000] {processor.py:927} WARNING - No viable dags retrieved from /home/ubuntu/airflow-venv/lib/python3.12/site-packages/airflow/example_dags/plugins/workday.py
[2026-02-25T11:14:28.136+0000] {processor.py:208} INFO - Processing /home/ubuntu/airflow-venv/lib/python3.12/site-packages/airflow/example_dags/plugins/workday.py took 0.020 seconds
[2026-02-25T11:15:14.276+0000] {processor.py:186} INFO - Started process (PID=9305) to work on /home/ubuntu/airflow-venv/lib/python3.12/site-packages/airflow/example_dags/plugins/workday.py
[2026-02-25T11:15:14.278+0000] {processor.py:914} INFO - Processing file /home/ubuntu/airflow-venv/lib/python3.12/site-packages/airflow/example_dags/plugins/workday.py for tasks to queue
[2026-02-25T11:15:14.279+0000] {logging_mixin.py:190} INFO - [2026-02-25T11:15:14.279+0000] {dagbag.py:588} INFO - Filling up the DagBag from /home/ubuntu/airflow-venv/lib/python3.12/site-packages/airflow/example_dags/plugins/workday.py
[2026-02-25T11:15:14.281+0000] {logging_mixin.py:190} INFO - [2026-02-25T11:15:14.281+0000] {workday.py:41} WARNING - Could not import pandas. Holidays will not be considered.
[2026-02-25T11:15:14.281+0000] {processor.py:927} WARNING - No viable dags retrieved from /home/ubuntu/airflow-venv/lib/python3.12/site-packages/airflow/example_dags/plugins/workday.py
[2026-02-25T11:15:14.289+0000] {processor.py:208} INFO - Processing /home/ubuntu/airflow-venv/lib/python3.12/site-packages/airflow/example_dags/plugins/workday.py took 0.016 seconds
[2026-02-25T11:15:14.738+0000] {processor.py:186} INFO - Started process (PID=9306) to work on /home/ubuntu/airflow-venv/lib/python3.12/site-packages/airflow/example_dags/plugins/workday.py
[2026-02-25T11:15:14.739+0000] {processor.py:914} INFO - Processing file /home/ubuntu/airflow-venv/lib/python3.12/site-packages/airflow/example_dags/plugins/workday.py for tasks to queue
[2026-02-25T11:15:14.740+0000] {logging_mixin.py:190} INFO - [2026-02-25T11:15:14.740+0000] {dagbag.py:588} INFO - Filling up the DagBag from /home/ubuntu/airflow-venv/lib/python3.12/site-packages/airflow/example_dags/plugins/workday.py
[2026-02-25T11:15:14.742+0000] {logging_mixin.py:190} INFO - [2026-02-25T11:15:14.742+0000] {workday.py:41} WARNING - Could not import pandas. Holidays will not be considered.
[2026-02-25T11:15:14.742+0000] {processor.py:927} WARNING - No viable dags retrieved from /home/ubuntu/airflow-venv/lib/python3.12/site-packages/airflow/example_dags/plugins/workday.py
[2026-02-25T11:15:14.750+0000] {processor.py:208} INFO - Processing /home/ubuntu/airflow-venv/lib/python3.12/site-packages/airflow/example_dags/plugins/workday.py took 0.015 seconds
[2026-02-25T11:16:01.519+0000] {processor.py:186} INFO - Started process (PID=9405) to work on /home/ubuntu/airflow-venv/lib/python3.12/site-packages/airflow/example_dags/plugins/workday.py
[2026-02-25T11:16:01.520+0000] {processor.py:914} INFO - Processing file /home/ubuntu/airflow-venv/lib/python3.12/site-packages/airflow/example_dags/plugins/workday.py for tasks to queue
[2026-02-25T11:16:01.522+0000] {logging_mixin.py:190} INFO - [2026-02-25T11:16:01.522+0000] {dagbag.py:588} INFO - Filling up the DagBag from /home/ubuntu/airflow-venv/lib/python3.12/site-packages/airflow/example_dags/plugins/workday.py
[2026-02-25T11:16:01.524+0000] {logging_mixin.py:190} INFO - [2026-02-25T11:16:01.524+0000] {workday.py:41} WARNING - Could not import pandas. Holidays will not be considered.
[2026-02-25T11:16:01.524+0000] {processor.py:927} WARNING - No viable dags retrieved from /home/ubuntu/airflow-venv/lib/python3.12/site-packages/airflow/example_dags/plugins/workday.py
[2026-02-25T11:16:01.531+0000] {processor.py:208} INFO - Processing /home/ubuntu/airflow-venv/lib/python3.12/site-packages/airflow/example_dags/plugins/workday.py took 0.016 seconds
[2026-02-25T11:16:03.959+0000] {processor.py:186} INFO - Started process (PID=9410) to work on /home/ubuntu/airflow-venv/lib/python3.12/site-packages/airflow/example_dags/plugins/workday.py
[2026-02-25T11:16:03.959+0000] {processor.py:914} INFO - Processing file /home/ubuntu/airflow-venv/lib/python3.12/site-packages/airflow/example_dags/plugins/workday.py for tasks to queue
[2026-02-25T11:16:03.961+0000] {logging_mixin.py:190} INFO - [2026-02-25T11:16:03.960+0000] {dagbag.py:588} INFO - Filling up the DagBag from /home/ubuntu/airflow-venv/lib/python3.12/site-packages/airflow/example_dags/plugins/workday.py
[2026-02-25T11:16:03.963+0000] {logging_mixin.py:190} INFO - [2026-02-25T11:16:03.962+0000] {workday.py:41} WARNING - Could not import pandas. Holidays will not be considered.
[2026-02-25T11:16:03.963+0000] {processor.py:927} WARNING - No viable dags retrieved from /home/ubuntu/airflow-venv/lib/python3.12/site-packages/airflow/example_dags/plugins/workday.py
[2026-02-25T11:16:03.970+0000] {processor.py:208} INFO - Processing /home/ubuntu/airflow-venv/lib/python3.12/site-packages/airflow/example_dags/plugins/workday.py took 0.016 seconds
[2026-02-25T11:16:51.568+0000] {processor.py:186} INFO - Started process (PID=9510) to work on /home/ubuntu/airflow-venv/lib/python3.12/site-packages/airflow/example_dags/plugins/workday.py
[2026-02-25T11:16:51.569+0000] {processor.py:914} INFO - Processing file /home/ubuntu/airflow-venv/lib/python3.12/site-packages/airflow/example_dags/plugins/workday.py for tasks to queue
[2026-02-25T11:16:51.571+0000] {logging_mixin.py:190} INFO - [2026-02-25T11:16:51.570+0000] {dagbag.py:588} INFO - Filling up the DagBag from /home/ubuntu/airflow-venv/lib/python3.12/site-packages/airflow/example_dags/plugins/workday.py
[2026-02-25T11:16:51.572+0000] {logging_mixin.py:190} INFO - [2026-02-25T11:16:51.572+0000] {workday.py:41} WARNING - Could not import pandas. Holidays will not be considered.
[2026-02-25T11:16:51.573+0000] {processor.py:927} WARNING - No viable dags retrieved from /home/ubuntu/airflow-venv/lib/python3.12/site-packages/airflow/example_dags/plugins/workday.py
[2026-02-25T11:16:51.580+0000] {processor.py:208} INFO - Processing /home/ubuntu/airflow-venv/lib/python3.12/site-packages/airflow/example_dags/plugins/workday.py took 0.016 seconds
[2026-02-25T11:16:54.221+0000] {processor.py:186} INFO - Started process (PID=9516) to work on /home/ubuntu/airflow-venv/lib/python3.12/site-packages/airflow/example_dags/plugins/workday.py
[2026-02-25T11:16:54.221+0000] {processor.py:914} INFO - Processing file /home/ubuntu/airflow-venv/lib/python3.12/site-packages/airflow/example_dags/plugins/workday.py for tasks to queue
[2026-02-25T11:16:54.222+0000] {logging_mixin.py:190} INFO - [2026-02-25T11:16:54.222+0000] {dagbag.py:588} INFO - Filling up the DagBag from /home/ubuntu/airflow-venv/lib/python3.12/site-packages/airflow/example_dags/plugins/workday.py
[2026-02-25T11:16:54.224+0000] {logging_mixin.py:190} INFO - [2026-02-25T11:16:54.224+0000] {workday.py:41} WARNING - Could not import pandas. Holidays will not be considered.
[2026-02-25T11:16:54.224+0000] {processor.py:927} WARNING - No viable dags retrieved from /home/ubuntu/airflow-venv/lib/python3.12/site-packages/airflow/example_dags/plugins/workday.py
[2026-02-25T11:16:54.232+0000] {processor.py:208} INFO - Processing /home/ubuntu/airflow-venv/lib/python3.12/site-packages/airflow/example_dags/plugins/workday.py took 0.015 seconds
[2026-02-25T11:17:40.368+0000] {processor.py:186} INFO - Started process (PID=9616) to work on /home/ubuntu/airflow-venv/lib/python3.12/site-packages/airflow/example_dags/plugins/workday.py
[2026-02-25T11:17:40.369+0000] {processor.py:914} INFO - Processing file /home/ubuntu/airflow-venv/lib/python3.12/site-packages/airflow/example_dags/plugins/workday.py for tasks to queue
[2026-02-25T11:17:40.370+0000] {logging_mixin.py:190} INFO - [2026-02-25T11:17:40.370+0000] {dagbag.py:588} INFO - Filling up the DagBag from /home/ubuntu/airflow-venv/lib/python3.12/site-packages/airflow/example_dags/plugins/workday.py
[2026-02-25T11:17:40.372+0000] {logging_mixin.py:190} INFO - [2026-02-25T11:17:40.372+0000] {workday.py:41} WARNING - Could not import pandas. Holidays will not be considered.
[2026-02-25T11:17:40.372+0000] {processor.py:927} WARNING - No viable dags retrieved from /home/ubuntu/airflow-venv/lib/python3.12/site-packages/airflow/example_dags/plugins/workday.py
[2026-02-25T11:17:40.380+0000] {processor.py:208} INFO - Processing /home/ubuntu/airflow-venv/lib/python3.12/site-packages/airflow/example_dags/plugins/workday.py took 0.017 seconds
[2026-02-25T11:17:43.959+0000] {processor.py:186} INFO - Started process (PID=9624) to work on /home/ubuntu/airflow-venv/lib/python3.12/site-packages/airflow/example_dags/plugins/workday.py
[2026-02-25T11:17:43.960+0000] {processor.py:914} INFO - Processing file /home/ubuntu/airflow-venv/lib/python3.12/site-packages/airflow/example_dags/plugins/workday.py for tasks to queue
[2026-02-25T11:17:43.961+0000] {logging_mixin.py:190} INFO - [2026-02-25T11:17:43.961+0000] {dagbag.py:588} INFO - Filling up the DagBag from /home/ubuntu/airflow-venv/lib/python3.12/site-packages/airflow/example_dags/plugins/workday.py
[2026-02-25T11:17:43.963+0000] {logging_mixin.py:190} INFO - [2026-02-25T11:17:43.963+0000] {workday.py:41} WARNING - Could not import pandas. Holidays will not be considered.
[2026-02-25T11:17:43.963+0000] {processor.py:927} WARNING - No viable dags retrieved from /home/ubuntu/airflow-venv/lib/python3.12/site-packages/airflow/example_dags/plugins/workday.py
[2026-02-25T11:17:43.971+0000] {processor.py:208} INFO - Processing /home/ubuntu/airflow-venv/lib/python3.12/site-packages/airflow/example_dags/plugins/workday.py took 0.015 seconds
[2026-02-25T11:18:32.886+0000] {processor.py:186} INFO - Started process (PID=9725) to work on /home/ubuntu/airflow-venv/lib/python3.12/site-packages/airflow/example_dags/plugins/workday.py
[2026-02-25T11:18:32.888+0000] {processor.py:914} INFO - Processing file /home/ubuntu/airflow-venv/lib/python3.12/site-packages/airflow/example_dags/plugins/workday.py for tasks to queue
[2026-02-25T11:18:32.889+0000] {logging_mixin.py:190} INFO - [2026-02-25T11:18:32.889+0000] {dagbag.py:588} INFO - Filling up the DagBag from /home/ubuntu/airflow-venv/lib/python3.12/site-packages/airflow/example_dags/plugins/workday.py
[2026-02-25T11:18:32.891+0000] {logging_mixin.py:190} INFO - [2026-02-25T11:18:32.891+0000] {workday.py:41} WARNING - Could not import pandas. Holidays will not be considered.
[2026-02-25T11:18:32.891+0000] {processor.py:927} WARNING - No viable dags retrieved from /home/ubuntu/airflow-venv/lib/python3.12/site-packages/airflow/example_dags/plugins/workday.py
[2026-02-25T11:18:32.898+0000] {processor.py:208} INFO - Processing /home/ubuntu/airflow-venv/lib/python3.12/site-packages/airflow/example_dags/plugins/workday.py took 0.016 seconds
[2026-02-25T11:18:34.220+0000] {processor.py:186} INFO - Started process (PID=9728) to work on /home/ubuntu/airflow-venv/lib/python3.12/site-packages/airflow/example_dags/plugins/workday.py
[2026-02-25T11:18:34.221+0000] {processor.py:914} INFO - Processing file /home/ubuntu/airflow-venv/lib/python3.12/site-packages/airflow/example_dags/plugins/workday.py for tasks to queue
[2026-02-25T11:18:34.222+0000] {logging_mixin.py:190} INFO - [2026-02-25T11:18:34.222+0000] {dagbag.py:588} INFO - Filling up the DagBag from /home/ubuntu/airflow-venv/lib/python3.12/site-packages/airflow/example_dags/plugins/workday.py
[2026-02-25T11:18:34.224+0000] {logging_mixin.py:190} INFO - [2026-02-25T11:18:34.224+0000] {workday.py:41} WARNING - Could not import pandas. Holidays will not be considered.
[2026-02-25T11:18:34.224+0000] {processor.py:927} WARNING - No viable dags retrieved from /home/ubuntu/airflow-venv/lib/python3.12/site-packages/airflow/example_dags/plugins/workday.py
[2026-02-25T11:18:34.231+0000] {processor.py:208} INFO - Processing /home/ubuntu/airflow-venv/lib/python3.12/site-packages/airflow/example_dags/plugins/workday.py took 0.015 seconds
[2026-02-25T11:19:22.857+0000] {processor.py:186} INFO - Started process (PID=9832) to work on /home/ubuntu/airflow-venv/lib/python3.12/site-packages/airflow/example_dags/plugins/workday.py
[2026-02-25T11:19:22.859+0000] {processor.py:914} INFO - Processing file /home/ubuntu/airflow-venv/lib/python3.12/site-packages/airflow/example_dags/plugins/workday.py for tasks to queue
[2026-02-25T11:19:22.861+0000] {logging_mixin.py:190} INFO - [2026-02-25T11:19:22.860+0000] {dagbag.py:588} INFO - Filling up the DagBag from /home/ubuntu/airflow-venv/lib/python3.12/site-packages/airflow/example_dags/plugins/workday.py
[2026-02-25T11:19:22.863+0000] {logging_mixin.py:190} INFO - [2026-02-25T11:19:22.863+0000] {workday.py:41} WARNING - Could not import pandas. Holidays will not be considered.
[2026-02-25T11:19:22.863+0000] {processor.py:927} WARNING - No viable dags retrieved from /home/ubuntu/airflow-venv/lib/python3.12/site-packages/airflow/example_dags/plugins/workday.py
[2026-02-25T11:19:22.873+0000] {processor.py:208} INFO - Processing /home/ubuntu/airflow-venv/lib/python3.12/site-packages/airflow/example_dags/plugins/workday.py took 0.020 seconds
[2026-02-25T11:19:22.876+0000] {processor.py:186} INFO - Started process (PID=9833) to work on /home/ubuntu/airflow-venv/lib/python3.12/site-packages/airflow/example_dags/plugins/workday.py
[2026-02-25T11:19:22.876+0000] {processor.py:914} INFO - Processing file /home/ubuntu/airflow-venv/lib/python3.12/site-packages/airflow/example_dags/plugins/workday.py for tasks to queue
[2026-02-25T11:19:22.878+0000] {logging_mixin.py:190} INFO - [2026-02-25T11:19:22.878+0000] {dagbag.py:588} INFO - Filling up the DagBag from /home/ubuntu/airflow-venv/lib/python3.12/site-packages/airflow/example_dags/plugins/workday.py
[2026-02-25T11:19:22.880+0000] {logging_mixin.py:190} INFO - [2026-02-25T11:19:22.880+0000] {workday.py:41} WARNING - Could not import pandas. Holidays will not be considered.
[2026-02-25T11:19:22.880+0000] {processor.py:927} WARNING - No viable dags retrieved from /home/ubuntu/airflow-venv/lib/python3.12/site-packages/airflow/example_dags/plugins/workday.py
[2026-02-25T11:19:22.888+0000] {processor.py:208} INFO - Processing /home/ubuntu/airflow-venv/lib/python3.12/site-packages/airflow/example_dags/plugins/workday.py took 0.017 seconds
[2026-02-25T11:20:11.993+0000] {processor.py:186} INFO - Started process (PID=9936) to work on /home/ubuntu/airflow-venv/lib/python3.12/site-packages/airflow/example_dags/plugins/workday.py
[2026-02-25T11:20:11.994+0000] {processor.py:914} INFO - Processing file /home/ubuntu/airflow-venv/lib/python3.12/site-packages/airflow/example_dags/plugins/workday.py for tasks to queue
[2026-02-25T11:20:11.995+0000] {logging_mixin.py:190} INFO - [2026-02-25T11:20:11.995+0000] {dagbag.py:588} INFO - Filling up the DagBag from /home/ubuntu/airflow-venv/lib/python3.12/site-packages/airflow/example_dags/plugins/workday.py
[2026-02-25T11:20:11.997+0000] {logging_mixin.py:190} INFO - [2026-02-25T11:20:11.997+0000] {workday.py:41} WARNING - Could not import pandas. Holidays will not be considered.
[2026-02-25T11:20:11.998+0000] {processor.py:927} WARNING - No viable dags retrieved from /home/ubuntu/airflow-venv/lib/python3.12/site-packages/airflow/example_dags/plugins/workday.py
[2026-02-25T11:20:12.005+0000] {processor.py:208} INFO - Processing /home/ubuntu/airflow-venv/lib/python3.12/site-packages/airflow/example_dags/plugins/workday.py took 0.017 seconds
[2026-02-25T11:20:12.580+0000] {processor.py:186} INFO - Started process (PID=9937) to work on /home/ubuntu/airflow-venv/lib/python3.12/site-packages/airflow/example_dags/plugins/workday.py
[2026-02-25T11:20:12.581+0000] {processor.py:914} INFO - Processing file /home/ubuntu/airflow-venv/lib/python3.12/site-packages/airflow/example_dags/plugins/workday.py for tasks to queue
[2026-02-25T11:20:12.582+0000] {logging_mixin.py:190} INFO - [2026-02-25T11:20:12.582+0000] {dagbag.py:588} INFO - Filling up the DagBag from /home/ubuntu/airflow-venv/lib/python3.12/site-packages/airflow/example_dags/plugins/workday.py
[2026-02-25T11:20:12.584+0000] {logging_mixin.py:190} INFO - [2026-02-25T11:20:12.584+0000] {workday.py:41} WARNING - Could not import pandas. Holidays will not be considered.
[2026-02-25T11:20:12.585+0000] {processor.py:927} WARNING - No viable dags retrieved from /home/ubuntu/airflow-venv/lib/python3.12/site-packages/airflow/example_dags/plugins/workday.py
[2026-02-25T11:20:12.592+0000] {processor.py:208} INFO - Processing /home/ubuntu/airflow-venv/lib/python3.12/site-packages/airflow/example_dags/plugins/workday.py took 0.016 seconds
[2026-02-25T11:21:01.602+0000] {processor.py:186} INFO - Started process (PID=10040) to work on /home/ubuntu/airflow-venv/lib/python3.12/site-packages/airflow/example_dags/plugins/workday.py
[2026-02-25T11:21:01.603+0000] {processor.py:914} INFO - Processing file /home/ubuntu/airflow-venv/lib/python3.12/site-packages/airflow/example_dags/plugins/workday.py for tasks to queue
[2026-02-25T11:21:01.604+0000] {logging_mixin.py:190} INFO - [2026-02-25T11:21:01.604+0000] {dagbag.py:588} INFO - Filling up the DagBag from /home/ubuntu/airflow-venv/lib/python3.12/site-packages/airflow/example_dags/plugins/workday.py
[2026-02-25T11:21:01.606+0000] {logging_mixin.py:190} INFO - [2026-02-25T11:21:01.606+0000] {workday.py:41} WARNING - Could not import pandas. Holidays will not be considered.
[2026-02-25T11:21:01.606+0000] {processor.py:927} WARNING - No viable dags retrieved from /home/ubuntu/airflow-venv/lib/python3.12/site-packages/airflow/example_dags/plugins/workday.py
[2026-02-25T11:21:01.614+0000] {processor.py:208} INFO - Processing /home/ubuntu/airflow-venv/lib/python3.12/site-packages/airflow/example_dags/plugins/workday.py took 0.016 seconds
[2026-02-25T11:21:01.880+0000] {processor.py:186} INFO - Started process (PID=10041) to work on /home/ubuntu/airflow-venv/lib/python3.12/site-packages/airflow/example_dags/plugins/workday.py
[2026-02-25T11:21:01.881+0000] {processor.py:914} INFO - Processing file /home/ubuntu/airflow-venv/lib/python3.12/site-packages/airflow/example_dags/plugins/workday.py for tasks to queue
[2026-02-25T11:21:01.882+0000] {logging_mixin.py:190} INFO - [2026-02-25T11:21:01.882+0000] {dagbag.py:588} INFO - Filling up the DagBag from /home/ubuntu/airflow-venv/lib/python3.12/site-packages/airflow/example_dags/plugins/workday.py
[2026-02-25T11:21:01.884+0000] {logging_mixin.py:190} INFO - [2026-02-25T11:21:01.884+0000] {workday.py:41} WARNING - Could not import pandas. Holidays will not be considered.
[2026-02-25T11:21:01.884+0000] {processor.py:927} WARNING - No viable dags retrieved from /home/ubuntu/airflow-venv/lib/python3.12/site-packages/airflow/example_dags/plugins/workday.py
[2026-02-25T11:21:01.891+0000] {processor.py:208} INFO - Processing /home/ubuntu/airflow-venv/lib/python3.12/site-packages/airflow/example_dags/plugins/workday.py took 0.015 seconds
[2026-02-25T11:21:50.289+0000] {processor.py:186} INFO - Started process (PID=10143) to work on /home/ubuntu/airflow-venv/lib/python3.12/site-packages/airflow/example_dags/plugins/workday.py
[2026-02-25T11:21:50.290+0000] {processor.py:914} INFO - Processing file /home/ubuntu/airflow-venv/lib/python3.12/site-packages/airflow/example_dags/plugins/workday.py for tasks to queue
[2026-02-25T11:21:50.292+0000] {logging_mixin.py:190} INFO - [2026-02-25T11:21:50.292+0000] {dagbag.py:588} INFO - Filling up the DagBag from /home/ubuntu/airflow-venv/lib/python3.12/site-packages/airflow/example_dags/plugins/workday.py
[2026-02-25T11:21:50.294+0000] {logging_mixin.py:190} INFO - [2026-02-25T11:21:50.294+0000] {workday.py:41} WARNING - Could not import pandas. Holidays will not be considered.
[2026-02-25T11:21:50.294+0000] {processor.py:927} WARNING - No viable dags retrieved from /home/ubuntu/airflow-venv/lib/python3.12/site-packages/airflow/example_dags/plugins/workday.py
[2026-02-25T11:21:50.301+0000] {processor.py:208} INFO - Processing /home/ubuntu/airflow-venv/lib/python3.12/site-packages/airflow/example_dags/plugins/workday.py took 0.015 seconds
[2026-02-25T11:21:54.042+0000] {processor.py:186} INFO - Started process (PID=10151) to work on /home/ubuntu/airflow-venv/lib/python3.12/site-packages/airflow/example_dags/plugins/workday.py
[2026-02-25T11:21:54.042+0000] {processor.py:914} INFO - Processing file /home/ubuntu/airflow-venv/lib/python3.12/site-packages/airflow/example_dags/plugins/workday.py for tasks to queue
[2026-02-25T11:21:54.044+0000] {logging_mixin.py:190} INFO - [2026-02-25T11:21:54.043+0000] {dagbag.py:588} INFO - Filling up the DagBag from /home/ubuntu/airflow-venv/lib/python3.12/site-packages/airflow/example_dags/plugins/workday.py
[2026-02-25T11:21:54.046+0000] {logging_mixin.py:190} INFO - [2026-02-25T11:21:54.045+0000] {workday.py:41} WARNING - Could not import pandas. Holidays will not be considered.
[2026-02-25T11:21:54.046+0000] {processor.py:927} WARNING - No viable dags retrieved from /home/ubuntu/airflow-venv/lib/python3.12/site-packages/airflow/example_dags/plugins/workday.py
[2026-02-25T11:21:54.053+0000] {processor.py:208} INFO - Processing /home/ubuntu/airflow-venv/lib/python3.12/site-packages/airflow/example_dags/plugins/workday.py took 0.015 seconds
[2026-02-25T11:22:41.893+0000] {processor.py:186} INFO - Started process (PID=10249) to work on /home/ubuntu/airflow-venv/lib/python3.12/site-packages/airflow/example_dags/plugins/workday.py
[2026-02-25T11:22:41.894+0000] {processor.py:914} INFO - Processing file /home/ubuntu/airflow-venv/lib/python3.12/site-packages/airflow/example_dags/plugins/workday.py for tasks to queue
[2026-02-25T11:22:41.895+0000] {logging_mixin.py:190} INFO - [2026-02-25T11:22:41.895+0000] {dagbag.py:588} INFO - Filling up the DagBag from /home/ubuntu/airflow-venv/lib/python3.12/site-packages/airflow/example_dags/plugins/workday.py
[2026-02-25T11:22:41.897+0000] {logging_mixin.py:190} INFO - [2026-02-25T11:22:41.897+0000] {workday.py:41} WARNING - Could not import pandas. Holidays will not be considered.
[2026-02-25T11:22:41.897+0000] {processor.py:927} WARNING - No viable dags retrieved from /home/ubuntu/airflow-venv/lib/python3.12/site-packages/airflow/example_dags/plugins/workday.py
[2026-02-25T11:22:41.904+0000] {processor.py:208} INFO - Processing /home/ubuntu/airflow-venv/lib/python3.12/site-packages/airflow/example_dags/plugins/workday.py took 0.016 seconds
[2026-02-25T11:22:45.676+0000] {processor.py:186} INFO - Started process (PID=10257) to work on /home/ubuntu/airflow-venv/lib/python3.12/site-packages/airflow/example_dags/plugins/workday.py
[2026-02-25T11:22:45.676+0000] {processor.py:914} INFO - Processing file /home/ubuntu/airflow-venv/lib/python3.12/site-packages/airflow/example_dags/plugins/workday.py for tasks to queue
[2026-02-25T11:22:45.678+0000] {logging_mixin.py:190} INFO - [2026-02-25T11:22:45.677+0000] {dagbag.py:588} INFO - Filling up the DagBag from /home/ubuntu/airflow-venv/lib/python3.12/site-packages/airflow/example_dags/plugins/workday.py
[2026-02-25T11:22:45.679+0000] {logging_mixin.py:190} INFO - [2026-02-25T11:22:45.679+0000] {workday.py:41} WARNING - Could not import pandas. Holidays will not be considered.
[2026-02-25T11:22:45.680+0000] {processor.py:927} WARNING - No viable dags retrieved from /home/ubuntu/airflow-venv/lib/python3.12/site-packages/airflow/example_dags/plugins/workday.py
[2026-02-25T11:22:45.687+0000] {processor.py:208} INFO - Processing /home/ubuntu/airflow-venv/lib/python3.12/site-packages/airflow/example_dags/plugins/workday.py took 0.015 seconds
[2026-02-25T11:23:32.104+0000] {processor.py:186} INFO - Started process (PID=10354) to work on /home/ubuntu/airflow-venv/lib/python3.12/site-packages/airflow/example_dags/plugins/workday.py
[2026-02-25T11:23:32.105+0000] {processor.py:914} INFO - Processing file /home/ubuntu/airflow-venv/lib/python3.12/site-packages/airflow/example_dags/plugins/workday.py for tasks to queue
[2026-02-25T11:23:32.106+0000] {logging_mixin.py:190} INFO - [2026-02-25T11:23:32.106+0000] {dagbag.py:588} INFO - Filling up the DagBag from /home/ubuntu/airflow-venv/lib/python3.12/site-packages/airflow/example_dags/plugins/workday.py
[2026-02-25T11:23:32.108+0000] {logging_mixin.py:190} INFO - [2026-02-25T11:23:32.108+0000] {workday.py:41} WARNING - Could not import pandas. Holidays will not be considered.
[2026-02-25T11:23:32.108+0000] {processor.py:927} WARNING - No viable dags retrieved from /home/ubuntu/airflow-venv/lib/python3.12/site-packages/airflow/example_dags/plugins/workday.py
[2026-02-25T11:23:32.116+0000] {processor.py:208} INFO - Processing /home/ubuntu/airflow-venv/lib/python3.12/site-packages/airflow/example_dags/plugins/workday.py took 0.016 seconds
[2026-02-25T11:23:36.638+0000] {processor.py:186} INFO - Started process (PID=10364) to work on /home/ubuntu/airflow-venv/lib/python3.12/site-packages/airflow/example_dags/plugins/workday.py
[2026-02-25T11:23:36.639+0000] {processor.py:914} INFO - Processing file /home/ubuntu/airflow-venv/lib/python3.12/site-packages/airflow/example_dags/plugins/workday.py for tasks to queue
[2026-02-25T11:23:36.640+0000] {logging_mixin.py:190} INFO - [2026-02-25T11:23:36.640+0000] {dagbag.py:588} INFO - Filling up the DagBag from /home/ubuntu/airflow-venv/lib/python3.12/site-packages/airflow/example_dags/plugins/workday.py
[2026-02-25T11:23:36.642+0000] {logging_mixin.py:190} INFO - [2026-02-25T11:23:36.642+0000] {workday.py:41} WARNING - Could not import pandas. Holidays will not be considered.
[2026-02-25T11:23:36.642+0000] {processor.py:927} WARNING - No viable dags retrieved from /home/ubuntu/airflow-venv/lib/python3.12/site-packages/airflow/example_dags/plugins/workday.py
[2026-02-25T11:23:36.649+0000] {processor.py:208} INFO - Processing /home/ubuntu/airflow-venv/lib/python3.12/site-packages/airflow/example_dags/plugins/workday.py took 0.015 seconds
[2026-02-25T11:24:21.226+0000] {processor.py:186} INFO - Started process (PID=10459) to work on /home/ubuntu/airflow-venv/lib/python3.12/site-packages/airflow/example_dags/plugins/workday.py
[2026-02-25T11:24:21.227+0000] {processor.py:914} INFO - Processing file /home/ubuntu/airflow-venv/lib/python3.12/site-packages/airflow/example_dags/plugins/workday.py for tasks to queue
[2026-02-25T11:24:21.229+0000] {logging_mixin.py:190} INFO - [2026-02-25T11:24:21.228+0000] {dagbag.py:588} INFO - Filling up the DagBag from /home/ubuntu/airflow-venv/lib/python3.12/site-packages/airflow/example_dags/plugins/workday.py
[2026-02-25T11:24:21.230+0000] {logging_mixin.py:190} INFO - [2026-02-25T11:24:21.230+0000] {workday.py:41} WARNING - Could not import pandas. Holidays will not be considered.
[2026-02-25T11:24:21.231+0000] {processor.py:927} WARNING - No viable dags retrieved from /home/ubuntu/airflow-venv/lib/python3.12/site-packages/airflow/example_dags/plugins/workday.py
[2026-02-25T11:24:21.238+0000] {processor.py:208} INFO - Processing /home/ubuntu/airflow-venv/lib/python3.12/site-packages/airflow/example_dags/plugins/workday.py took 0.016 seconds
[2026-02-25T11:24:23.515+0000] {processor.py:186} INFO - Started process (PID=10464) to work on /home/ubuntu/airflow-venv/lib/python3.12/site-packages/airflow/example_dags/plugins/workday.py
[2026-02-25T11:24:23.516+0000] {processor.py:914} INFO - Processing file /home/ubuntu/airflow-venv/lib/python3.12/site-packages/airflow/example_dags/plugins/workday.py for tasks to queue
[2026-02-25T11:24:23.517+0000] {logging_mixin.py:190} INFO - [2026-02-25T11:24:23.517+0000] {dagbag.py:588} INFO - Filling up the DagBag from /home/ubuntu/airflow-venv/lib/python3.12/site-packages/airflow/example_dags/plugins/workday.py
[2026-02-25T11:24:23.519+0000] {logging_mixin.py:190} INFO - [2026-02-25T11:24:23.519+0000] {workday.py:41} WARNING - Could not import pandas. Holidays will not be considered.
[2026-02-25T11:24:23.519+0000] {processor.py:927} WARNING - No viable dags retrieved from /home/ubuntu/airflow-venv/lib/python3.12/site-packages/airflow/example_dags/plugins/workday.py
[2026-02-25T11:24:23.527+0000] {processor.py:208} INFO - Processing /home/ubuntu/airflow-venv/lib/python3.12/site-packages/airflow/example_dags/plugins/workday.py took 0.015 seconds
[2026-02-25T11:25:12.572+0000] {processor.py:186} INFO - Started process (PID=10569) to work on /home/ubuntu/airflow-venv/lib/python3.12/site-packages/airflow/example_dags/plugins/workday.py
[2026-02-25T11:25:12.573+0000] {processor.py:914} INFO - Processing file /home/ubuntu/airflow-venv/lib/python3.12/site-packages/airflow/example_dags/plugins/workday.py for tasks to queue
[2026-02-25T11:25:12.575+0000] {logging_mixin.py:190} INFO - [2026-02-25T11:25:12.574+0000] {dagbag.py:588} INFO - Filling up the DagBag from /home/ubuntu/airflow-venv/lib/python3.12/site-packages/airflow/example_dags/plugins/workday.py
[2026-02-25T11:25:12.576+0000] {logging_mixin.py:190} INFO - [2026-02-25T11:25:12.576+0000] {workday.py:41} WARNING - Could not import pandas. Holidays will not be considered.
[2026-02-25T11:25:12.577+0000] {processor.py:927} WARNING - No viable dags retrieved from /home/ubuntu/airflow-venv/lib/python3.12/site-packages/airflow/example_dags/plugins/workday.py
[2026-02-25T11:25:12.584+0000] {processor.py:208} INFO - Processing /home/ubuntu/airflow-venv/lib/python3.12/site-packages/airflow/example_dags/plugins/workday.py took 0.016 seconds
[2026-02-25T11:25:17.129+0000] {processor.py:186} INFO - Started process (PID=10578) to work on /home/ubuntu/airflow-venv/lib/python3.12/site-packages/airflow/example_dags/plugins/workday.py
[2026-02-25T11:25:17.130+0000] {processor.py:914} INFO - Processing file /home/ubuntu/airflow-venv/lib/python3.12/site-packages/airflow/example_dags/plugins/workday.py for tasks to queue
[2026-02-25T11:25:17.131+0000] {logging_mixin.py:190} INFO - [2026-02-25T11:25:17.131+0000] {dagbag.py:588} INFO - Filling up the DagBag from /home/ubuntu/airflow-venv/lib/python3.12/site-packages/airflow/example_dags/plugins/workday.py
[2026-02-25T11:25:17.133+0000] {logging_mixin.py:190} INFO - [2026-02-25T11:25:17.133+0000] {workday.py:41} WARNING - Could not import pandas. Holidays will not be considered.
[2026-02-25T11:25:17.133+0000] {processor.py:927} WARNING - No viable dags retrieved from /home/ubuntu/airflow-venv/lib/python3.12/site-packages/airflow/example_dags/plugins/workday.py
[2026-02-25T11:25:17.141+0000] {processor.py:208} INFO - Processing /home/ubuntu/airflow-venv/lib/python3.12/site-packages/airflow/example_dags/plugins/workday.py took 0.015 seconds
[2026-02-25T11:26:01.027+0000] {processor.py:186} INFO - Started process (PID=10669) to work on /home/ubuntu/airflow-venv/lib/python3.12/site-packages/airflow/example_dags/plugins/workday.py
[2026-02-25T11:26:01.029+0000] {processor.py:914} INFO - Processing file /home/ubuntu/airflow-venv/lib/python3.12/site-packages/airflow/example_dags/plugins/workday.py for tasks to queue
[2026-02-25T11:26:01.030+0000] {logging_mixin.py:190} INFO - [2026-02-25T11:26:01.030+0000] {dagbag.py:588} INFO - Filling up the DagBag from /home/ubuntu/airflow-venv/lib/python3.12/site-packages/airflow/example_dags/plugins/workday.py
[2026-02-25T11:26:01.032+0000] {logging_mixin.py:190} INFO - [2026-02-25T11:26:01.032+0000] {workday.py:41} WARNING - Could not import pandas. Holidays will not be considered.
[2026-02-25T11:26:01.032+0000] {processor.py:927} WARNING - No viable dags retrieved from /home/ubuntu/airflow-venv/lib/python3.12/site-packages/airflow/example_dags/plugins/workday.py
[2026-02-25T11:26:01.040+0000] {processor.py:208} INFO - Processing /home/ubuntu/airflow-venv/lib/python3.12/site-packages/airflow/example_dags/plugins/workday.py took 0.016 seconds
[2026-02-25T11:26:08.483+0000] {processor.py:186} INFO - Started process (PID=10684) to work on /home/ubuntu/airflow-venv/lib/python3.12/site-packages/airflow/example_dags/plugins/workday.py
[2026-02-25T11:26:08.483+0000] {processor.py:914} INFO - Processing file /home/ubuntu/airflow-venv/lib/python3.12/site-packages/airflow/example_dags/plugins/workday.py for tasks to queue
[2026-02-25T11:26:08.485+0000] {logging_mixin.py:190} INFO - [2026-02-25T11:26:08.484+0000] {dagbag.py:588} INFO - Filling up the DagBag from /home/ubuntu/airflow-venv/lib/python3.12/site-packages/airflow/example_dags/plugins/workday.py
[2026-02-25T11:26:08.487+0000] {logging_mixin.py:190} INFO - [2026-02-25T11:26:08.486+0000] {workday.py:41} WARNING - Could not import pandas. Holidays will not be considered.
[2026-02-25T11:26:08.487+0000] {processor.py:927} WARNING - No viable dags retrieved from /home/ubuntu/airflow-venv/lib/python3.12/site-packages/airflow/example_dags/plugins/workday.py
[2026-02-25T11:26:08.494+0000] {processor.py:208} INFO - Processing /home/ubuntu/airflow-venv/lib/python3.12/site-packages/airflow/example_dags/plugins/workday.py took 0.016 seconds
[2026-02-25T11:26:50.166+0000] {processor.py:186} INFO - Started process (PID=10773) to work on /home/ubuntu/airflow-venv/lib/python3.12/site-packages/airflow/example_dags/plugins/workday.py
[2026-02-25T11:26:50.167+0000] {processor.py:914} INFO - Processing file /home/ubuntu/airflow-venv/lib/python3.12/site-packages/airflow/example_dags/plugins/workday.py for tasks to queue
[2026-02-25T11:26:50.169+0000] {logging_mixin.py:190} INFO - [2026-02-25T11:26:50.169+0000] {dagbag.py:588} INFO - Filling up the DagBag from /home/ubuntu/airflow-venv/lib/python3.12/site-packages/airflow/example_dags/plugins/workday.py
[2026-02-25T11:26:50.171+0000] {logging_mixin.py:190} INFO - [2026-02-25T11:26:50.171+0000] {workday.py:41} WARNING - Could not import pandas. Holidays will not be considered.
[2026-02-25T11:26:50.171+0000] {processor.py:927} WARNING - No viable dags retrieved from /home/ubuntu/airflow-venv/lib/python3.12/site-packages/airflow/example_dags/plugins/workday.py
[2026-02-25T11:26:50.179+0000] {processor.py:208} INFO - Processing /home/ubuntu/airflow-venv/lib/python3.12/site-packages/airflow/example_dags/plugins/workday.py took 0.017 seconds
[2026-02-25T11:26:57.551+0000] {processor.py:186} INFO - Started process (PID=10789) to work on /home/ubuntu/airflow-venv/lib/python3.12/site-packages/airflow/example_dags/plugins/workday.py
[2026-02-25T11:26:57.552+0000] {processor.py:914} INFO - Processing file /home/ubuntu/airflow-venv/lib/python3.12/site-packages/airflow/example_dags/plugins/workday.py for tasks to queue
[2026-02-25T11:26:57.553+0000] {logging_mixin.py:190} INFO - [2026-02-25T11:26:57.553+0000] {dagbag.py:588} INFO - Filling up the DagBag from /home/ubuntu/airflow-venv/lib/python3.12/site-packages/airflow/example_dags/plugins/workday.py
[2026-02-25T11:26:57.555+0000] {logging_mixin.py:190} INFO - [2026-02-25T11:26:57.555+0000] {workday.py:41} WARNING - Could not import pandas. Holidays will not be considered.
[2026-02-25T11:26:57.555+0000] {processor.py:927} WARNING - No viable dags retrieved from /home/ubuntu/airflow-venv/lib/python3.12/site-packages/airflow/example_dags/plugins/workday.py
[2026-02-25T11:26:57.563+0000] {processor.py:208} INFO - Processing /home/ubuntu/airflow-venv/lib/python3.12/site-packages/airflow/example_dags/plugins/workday.py took 0.016 seconds
[2026-02-25T11:27:41.209+0000] {processor.py:186} INFO - Started process (PID=10877) to work on /home/ubuntu/airflow-venv/lib/python3.12/site-packages/airflow/example_dags/plugins/workday.py
[2026-02-25T11:27:41.210+0000] {processor.py:914} INFO - Processing file /home/ubuntu/airflow-venv/lib/python3.12/site-packages/airflow/example_dags/plugins/workday.py for tasks to queue
[2026-02-25T11:27:41.212+0000] {logging_mixin.py:190} INFO - [2026-02-25T11:27:41.211+0000] {dagbag.py:588} INFO - Filling up the DagBag from /home/ubuntu/airflow-venv/lib/python3.12/site-packages/airflow/example_dags/plugins/workday.py
[2026-02-25T11:27:41.213+0000] {logging_mixin.py:190} INFO - [2026-02-25T11:27:41.213+0000] {workday.py:41} WARNING - Could not import pandas. Holidays will not be considered.
[2026-02-25T11:27:41.214+0000] {processor.py:927} WARNING - No viable dags retrieved from /home/ubuntu/airflow-venv/lib/python3.12/site-packages/airflow/example_dags/plugins/workday.py
[2026-02-25T11:27:41.221+0000] {processor.py:208} INFO - Processing /home/ubuntu/airflow-venv/lib/python3.12/site-packages/airflow/example_dags/plugins/workday.py took 0.016 seconds
[2026-02-25T11:27:48.918+0000] {processor.py:186} INFO - Started process (PID=10894) to work on /home/ubuntu/airflow-venv/lib/python3.12/site-packages/airflow/example_dags/plugins/workday.py
[2026-02-25T11:27:48.919+0000] {processor.py:914} INFO - Processing file /home/ubuntu/airflow-venv/lib/python3.12/site-packages/airflow/example_dags/plugins/workday.py for tasks to queue
[2026-02-25T11:27:48.921+0000] {logging_mixin.py:190} INFO - [2026-02-25T11:27:48.920+0000] {dagbag.py:588} INFO - Filling up the DagBag from /home/ubuntu/airflow-venv/lib/python3.12/site-packages/airflow/example_dags/plugins/workday.py
[2026-02-25T11:27:48.922+0000] {logging_mixin.py:190} INFO - [2026-02-25T11:27:48.922+0000] {workday.py:41} WARNING - Could not import pandas. Holidays will not be considered.
[2026-02-25T11:27:48.923+0000] {processor.py:927} WARNING - No viable dags retrieved from /home/ubuntu/airflow-venv/lib/python3.12/site-packages/airflow/example_dags/plugins/workday.py
[2026-02-25T11:27:48.930+0000] {processor.py:208} INFO - Processing /home/ubuntu/airflow-venv/lib/python3.12/site-packages/airflow/example_dags/plugins/workday.py took 0.016 seconds
[2026-02-25T11:28:32.210+0000] {processor.py:186} INFO - Started process (PID=10985) to work on /home/ubuntu/airflow-venv/lib/python3.12/site-packages/airflow/example_dags/plugins/workday.py
[2026-02-25T11:28:32.211+0000] {processor.py:914} INFO - Processing file /home/ubuntu/airflow-venv/lib/python3.12/site-packages/airflow/example_dags/plugins/workday.py for tasks to queue
[2026-02-25T11:28:32.213+0000] {logging_mixin.py:190} INFO - [2026-02-25T11:28:32.212+0000] {dagbag.py:588} INFO - Filling up the DagBag from /home/ubuntu/airflow-venv/lib/python3.12/site-packages/airflow/example_dags/plugins/workday.py
[2026-02-25T11:28:32.214+0000] {logging_mixin.py:190} INFO - [2026-02-25T11:28:32.214+0000] {workday.py:41} WARNING - Could not import pandas. Holidays will not be considered.
[2026-02-25T11:28:32.215+0000] {processor.py:927} WARNING - No viable dags retrieved from /home/ubuntu/airflow-venv/lib/python3.12/site-packages/airflow/example_dags/plugins/workday.py
[2026-02-25T11:28:32.222+0000] {processor.py:208} INFO - Processing /home/ubuntu/airflow-venv/lib/python3.12/site-packages/airflow/example_dags/plugins/workday.py took 0.016 seconds
[2026-02-25T11:28:37.450+0000] {processor.py:186} INFO - Started process (PID=10996) to work on /home/ubuntu/airflow-venv/lib/python3.12/site-packages/airflow/example_dags/plugins/workday.py
[2026-02-25T11:28:37.451+0000] {processor.py:914} INFO - Processing file /home/ubuntu/airflow-venv/lib/python3.12/site-packages/airflow/example_dags/plugins/workday.py for tasks to queue
[2026-02-25T11:28:37.453+0000] {logging_mixin.py:190} INFO - [2026-02-25T11:28:37.452+0000] {dagbag.py:588} INFO - Filling up the DagBag from /home/ubuntu/airflow-venv/lib/python3.12/site-packages/airflow/example_dags/plugins/workday.py
[2026-02-25T11:28:37.455+0000] {logging_mixin.py:190} INFO - [2026-02-25T11:28:37.454+0000] {workday.py:41} WARNING - Could not import pandas. Holidays will not be considered.
[2026-02-25T11:28:37.455+0000] {processor.py:927} WARNING - No viable dags retrieved from /home/ubuntu/airflow-venv/lib/python3.12/site-packages/airflow/example_dags/plugins/workday.py
[2026-02-25T11:28:37.463+0000] {processor.py:208} INFO - Processing /home/ubuntu/airflow-venv/lib/python3.12/site-packages/airflow/example_dags/plugins/workday.py took 0.017 seconds
[2026-02-25T11:29:22.906+0000] {processor.py:186} INFO - Started process (PID=11090) to work on /home/ubuntu/airflow-venv/lib/python3.12/site-packages/airflow/example_dags/plugins/workday.py
[2026-02-25T11:29:22.907+0000] {processor.py:914} INFO - Processing file /home/ubuntu/airflow-venv/lib/python3.12/site-packages/airflow/example_dags/plugins/workday.py for tasks to queue
[2026-02-25T11:29:22.909+0000] {logging_mixin.py:190} INFO - [2026-02-25T11:29:22.908+0000] {dagbag.py:588} INFO - Filling up the DagBag from /home/ubuntu/airflow-venv/lib/python3.12/site-packages/airflow/example_dags/plugins/workday.py
[2026-02-25T11:29:22.910+0000] {logging_mixin.py:190} INFO - [2026-02-25T11:29:22.910+0000] {workday.py:41} WARNING - Could not import pandas. Holidays will not be considered.
[2026-02-25T11:29:22.911+0000] {processor.py:927} WARNING - No viable dags retrieved from /home/ubuntu/airflow-venv/lib/python3.12/site-packages/airflow/example_dags/plugins/workday.py
[2026-02-25T11:29:22.918+0000] {processor.py:208} INFO - Processing /home/ubuntu/airflow-venv/lib/python3.12/site-packages/airflow/example_dags/plugins/workday.py took 0.016 seconds
[2026-02-25T11:29:27.706+0000] {processor.py:186} INFO - Started process (PID=11099) to work on /home/ubuntu/airflow-venv/lib/python3.12/site-packages/airflow/example_dags/plugins/workday.py
[2026-02-25T11:29:27.706+0000] {processor.py:914} INFO - Processing file /home/ubuntu/airflow-venv/lib/python3.12/site-packages/airflow/example_dags/plugins/workday.py for tasks to queue
[2026-02-25T11:29:27.708+0000] {logging_mixin.py:190} INFO - [2026-02-25T11:29:27.708+0000] {dagbag.py:588} INFO - Filling up the DagBag from /home/ubuntu/airflow-venv/lib/python3.12/site-packages/airflow/example_dags/plugins/workday.py
[2026-02-25T11:29:27.710+0000] {logging_mixin.py:190} INFO - [2026-02-25T11:29:27.710+0000] {workday.py:41} WARNING - Could not import pandas. Holidays will not be considered.
[2026-02-25T11:29:27.710+0000] {processor.py:927} WARNING - No viable dags retrieved from /home/ubuntu/airflow-venv/lib/python3.12/site-packages/airflow/example_dags/plugins/workday.py
[2026-02-25T11:29:27.717+0000] {processor.py:208} INFO - Processing /home/ubuntu/airflow-venv/lib/python3.12/site-packages/airflow/example_dags/plugins/workday.py took 0.016 seconds
[2026-02-25T11:30:14.970+0000] {processor.py:186} INFO - Started process (PID=11205) to work on /home/ubuntu/airflow-venv/lib/python3.12/site-packages/airflow/example_dags/plugins/workday.py
[2026-02-25T11:30:14.971+0000] {processor.py:914} INFO - Processing file /home/ubuntu/airflow-venv/lib/python3.12/site-packages/airflow/example_dags/plugins/workday.py for tasks to queue
[2026-02-25T11:30:14.972+0000] {logging_mixin.py:190} INFO - [2026-02-25T11:30:14.972+0000] {dagbag.py:588} INFO - Filling up the DagBag from /home/ubuntu/airflow-venv/lib/python3.12/site-packages/airflow/example_dags/plugins/workday.py
[2026-02-25T11:30:14.974+0000] {logging_mixin.py:190} INFO - [2026-02-25T11:30:14.974+0000] {workday.py:41} WARNING - Could not import pandas. Holidays will not be considered.
[2026-02-25T11:30:14.974+0000] {processor.py:927} WARNING - No viable dags retrieved from /home/ubuntu/airflow-venv/lib/python3.12/site-packages/airflow/example_dags/plugins/workday.py
[2026-02-25T11:30:14.982+0000] {processor.py:208} INFO - Processing /home/ubuntu/airflow-venv/lib/python3.12/site-packages/airflow/example_dags/plugins/workday.py took 0.016 seconds
[2026-02-25T11:30:15.139+0000] {processor.py:186} INFO - Started process (PID=11206) to work on /home/ubuntu/airflow-venv/lib/python3.12/site-packages/airflow/example_dags/plugins/workday.py
[2026-02-25T11:30:15.140+0000] {processor.py:914} INFO - Processing file /home/ubuntu/airflow-venv/lib/python3.12/site-packages/airflow/example_dags/plugins/workday.py for tasks to queue
[2026-02-25T11:30:15.141+0000] {logging_mixin.py:190} INFO - [2026-02-25T11:30:15.141+0000] {dagbag.py:588} INFO - Filling up the DagBag from /home/ubuntu/airflow-venv/lib/python3.12/site-packages/airflow/example_dags/plugins/workday.py
[2026-02-25T11:30:15.143+0000] {logging_mixin.py:190} INFO - [2026-02-25T11:30:15.143+0000] {workday.py:41} WARNING - Could not import pandas. Holidays will not be considered.
[2026-02-25T11:30:15.143+0000] {processor.py:927} WARNING - No viable dags retrieved from /home/ubuntu/airflow-venv/lib/python3.12/site-packages/airflow/example_dags/plugins/workday.py
[2026-02-25T11:30:15.151+0000] {processor.py:208} INFO - Processing /home/ubuntu/airflow-venv/lib/python3.12/site-packages/airflow/example_dags/plugins/workday.py took 0.015 seconds
[2026-02-25T11:31:01.537+0000] {processor.py:186} INFO - Started process (PID=11303) to work on /home/ubuntu/airflow-venv/lib/python3.12/site-packages/airflow/example_dags/plugins/workday.py
[2026-02-25T11:31:01.538+0000] {processor.py:914} INFO - Processing file /home/ubuntu/airflow-venv/lib/python3.12/site-packages/airflow/example_dags/plugins/workday.py for tasks to queue
[2026-02-25T11:31:01.540+0000] {logging_mixin.py:190} INFO - [2026-02-25T11:31:01.540+0000] {dagbag.py:588} INFO - Filling up the DagBag from /home/ubuntu/airflow-venv/lib/python3.12/site-packages/airflow/example_dags/plugins/workday.py
[2026-02-25T11:31:01.542+0000] {logging_mixin.py:190} INFO - [2026-02-25T11:31:01.542+0000] {workday.py:41} WARNING - Could not import pandas. Holidays will not be considered.
[2026-02-25T11:31:01.542+0000] {processor.py:927} WARNING - No viable dags retrieved from /home/ubuntu/airflow-venv/lib/python3.12/site-packages/airflow/example_dags/plugins/workday.py
[2026-02-25T11:31:01.549+0000] {processor.py:208} INFO - Processing /home/ubuntu/airflow-venv/lib/python3.12/site-packages/airflow/example_dags/plugins/workday.py took 0.016 seconds
[2026-02-25T11:31:02.760+0000] {processor.py:186} INFO - Started process (PID=11306) to work on /home/ubuntu/airflow-venv/lib/python3.12/site-packages/airflow/example_dags/plugins/workday.py
[2026-02-25T11:31:02.761+0000] {processor.py:914} INFO - Processing file /home/ubuntu/airflow-venv/lib/python3.12/site-packages/airflow/example_dags/plugins/workday.py for tasks to queue
[2026-02-25T11:31:02.762+0000] {logging_mixin.py:190} INFO - [2026-02-25T11:31:02.762+0000] {dagbag.py:588} INFO - Filling up the DagBag from /home/ubuntu/airflow-venv/lib/python3.12/site-packages/airflow/example_dags/plugins/workday.py
[2026-02-25T11:31:02.764+0000] {logging_mixin.py:190} INFO - [2026-02-25T11:31:02.764+0000] {workday.py:41} WARNING - Could not import pandas. Holidays will not be considered.
[2026-02-25T11:31:02.764+0000] {processor.py:927} WARNING - No viable dags retrieved from /home/ubuntu/airflow-venv/lib/python3.12/site-packages/airflow/example_dags/plugins/workday.py
[2026-02-25T11:31:02.771+0000] {processor.py:208} INFO - Processing /home/ubuntu/airflow-venv/lib/python3.12/site-packages/airflow/example_dags/plugins/workday.py took 0.015 seconds
[2026-02-25T11:31:50.232+0000] {processor.py:186} INFO - Started process (PID=11405) to work on /home/ubuntu/airflow-venv/lib/python3.12/site-packages/airflow/example_dags/plugins/workday.py
[2026-02-25T11:31:50.234+0000] {processor.py:914} INFO - Processing file /home/ubuntu/airflow-venv/lib/python3.12/site-packages/airflow/example_dags/plugins/workday.py for tasks to queue
[2026-02-25T11:31:50.235+0000] {logging_mixin.py:190} INFO - [2026-02-25T11:31:50.235+0000] {dagbag.py:588} INFO - Filling up the DagBag from /home/ubuntu/airflow-venv/lib/python3.12/site-packages/airflow/example_dags/plugins/workday.py
[2026-02-25T11:31:50.237+0000] {logging_mixin.py:190} INFO - [2026-02-25T11:31:50.237+0000] {workday.py:41} WARNING - Could not import pandas. Holidays will not be considered.
[2026-02-25T11:31:50.237+0000] {processor.py:927} WARNING - No viable dags retrieved from /home/ubuntu/airflow-venv/lib/python3.12/site-packages/airflow/example_dags/plugins/workday.py
[2026-02-25T11:31:50.244+0000] {processor.py:208} INFO - Processing /home/ubuntu/airflow-venv/lib/python3.12/site-packages/airflow/example_dags/plugins/workday.py took 0.016 seconds
[2026-02-25T11:31:50.752+0000] {processor.py:186} INFO - Started process (PID=11406) to work on /home/ubuntu/airflow-venv/lib/python3.12/site-packages/airflow/example_dags/plugins/workday.py
[2026-02-25T11:31:50.753+0000] {processor.py:914} INFO - Processing file /home/ubuntu/airflow-venv/lib/python3.12/site-packages/airflow/example_dags/plugins/workday.py for tasks to queue
[2026-02-25T11:31:50.755+0000] {logging_mixin.py:190} INFO - [2026-02-25T11:31:50.754+0000] {dagbag.py:588} INFO - Filling up the DagBag from /home/ubuntu/airflow-venv/lib/python3.12/site-packages/airflow/example_dags/plugins/workday.py
[2026-02-25T11:31:50.756+0000] {logging_mixin.py:190} INFO - [2026-02-25T11:31:50.756+0000] {workday.py:41} WARNING - Could not import pandas. Holidays will not be considered.
[2026-02-25T11:31:50.757+0000] {processor.py:927} WARNING - No viable dags retrieved from /home/ubuntu/airflow-venv/lib/python3.12/site-packages/airflow/example_dags/plugins/workday.py
[2026-02-25T11:31:50.764+0000] {processor.py:208} INFO - Processing /home/ubuntu/airflow-venv/lib/python3.12/site-packages/airflow/example_dags/plugins/workday.py took 0.015 seconds
[2026-02-25T11:32:41.400+0000] {processor.py:186} INFO - Started process (PID=11511) to work on /home/ubuntu/airflow-venv/lib/python3.12/site-packages/airflow/example_dags/plugins/workday.py
[2026-02-25T11:32:41.402+0000] {processor.py:914} INFO - Processing file /home/ubuntu/airflow-venv/lib/python3.12/site-packages/airflow/example_dags/plugins/workday.py for tasks to queue
[2026-02-25T11:32:41.403+0000] {logging_mixin.py:190} INFO - [2026-02-25T11:32:41.403+0000] {dagbag.py:588} INFO - Filling up the DagBag from /home/ubuntu/airflow-venv/lib/python3.12/site-packages/airflow/example_dags/plugins/workday.py
[2026-02-25T11:32:41.405+0000] {logging_mixin.py:190} INFO - [2026-02-25T11:32:41.405+0000] {workday.py:41} WARNING - Could not import pandas. Holidays will not be considered.
[2026-02-25T11:32:41.405+0000] {processor.py:927} WARNING - No viable dags retrieved from /home/ubuntu/airflow-venv/lib/python3.12/site-packages/airflow/example_dags/plugins/workday.py
[2026-02-25T11:32:41.413+0000] {processor.py:208} INFO - Processing /home/ubuntu/airflow-venv/lib/python3.12/site-packages/airflow/example_dags/plugins/workday.py took 0.016 seconds
[2026-02-25T11:32:41.630+0000] {processor.py:186} INFO - Started process (PID=11512) to work on /home/ubuntu/airflow-venv/lib/python3.12/site-packages/airflow/example_dags/plugins/workday.py
[2026-02-25T11:32:41.631+0000] {processor.py:914} INFO - Processing file /home/ubuntu/airflow-venv/lib/python3.12/site-packages/airflow/example_dags/plugins/workday.py for tasks to queue
[2026-02-25T11:32:41.632+0000] {logging_mixin.py:190} INFO - [2026-02-25T11:32:41.632+0000] {dagbag.py:588} INFO - Filling up the DagBag from /home/ubuntu/airflow-venv/lib/python3.12/site-packages/airflow/example_dags/plugins/workday.py
[2026-02-25T11:32:41.634+0000] {logging_mixin.py:190} INFO - [2026-02-25T11:32:41.634+0000] {workday.py:41} WARNING - Could not import pandas. Holidays will not be considered.
[2026-02-25T11:32:41.634+0000] {processor.py:927} WARNING - No viable dags retrieved from /home/ubuntu/airflow-venv/lib/python3.12/site-packages/airflow/example_dags/plugins/workday.py
[2026-02-25T11:32:41.641+0000] {processor.py:208} INFO - Processing /home/ubuntu/airflow-venv/lib/python3.12/site-packages/airflow/example_dags/plugins/workday.py took 0.015 seconds
[2026-02-25T11:33:27.992+0000] {processor.py:186} INFO - Started process (PID=11610) to work on /home/ubuntu/airflow-venv/lib/python3.12/site-packages/airflow/example_dags/plugins/workday.py
[2026-02-25T11:33:27.993+0000] {processor.py:914} INFO - Processing file /home/ubuntu/airflow-venv/lib/python3.12/site-packages/airflow/example_dags/plugins/workday.py for tasks to queue
[2026-02-25T11:33:27.994+0000] {logging_mixin.py:190} INFO - [2026-02-25T11:33:27.994+0000] {dagbag.py:588} INFO - Filling up the DagBag from /home/ubuntu/airflow-venv/lib/python3.12/site-packages/airflow/example_dags/plugins/workday.py
[2026-02-25T11:33:27.996+0000] {logging_mixin.py:190} INFO - [2026-02-25T11:33:27.996+0000] {workday.py:41} WARNING - Could not import pandas. Holidays will not be considered.
[2026-02-25T11:33:27.997+0000] {processor.py:927} WARNING - No viable dags retrieved from /home/ubuntu/airflow-venv/lib/python3.12/site-packages/airflow/example_dags/plugins/workday.py
[2026-02-25T11:33:28.004+0000] {processor.py:208} INFO - Processing /home/ubuntu/airflow-venv/lib/python3.12/site-packages/airflow/example_dags/plugins/workday.py took 0.017 seconds
[2026-02-25T11:33:32.057+0000] {processor.py:186} INFO - Started process (PID=11618) to work on /home/ubuntu/airflow-venv/lib/python3.12/site-packages/airflow/example_dags/plugins/workday.py
[2026-02-25T11:33:32.057+0000] {processor.py:914} INFO - Processing file /home/ubuntu/airflow-venv/lib/python3.12/site-packages/airflow/example_dags/plugins/workday.py for tasks to queue
[2026-02-25T11:33:32.059+0000] {logging_mixin.py:190} INFO - [2026-02-25T11:33:32.059+0000] {dagbag.py:588} INFO - Filling up the DagBag from /home/ubuntu/airflow-venv/lib/python3.12/site-packages/airflow/example_dags/plugins/workday.py
[2026-02-25T11:33:32.061+0000] {logging_mixin.py:190} INFO - [2026-02-25T11:33:32.061+0000] {workday.py:41} WARNING - Could not import pandas. Holidays will not be considered.
[2026-02-25T11:33:32.061+0000] {processor.py:927} WARNING - No viable dags retrieved from /home/ubuntu/airflow-venv/lib/python3.12/site-packages/airflow/example_dags/plugins/workday.py
[2026-02-25T11:33:32.068+0000] {processor.py:208} INFO - Processing /home/ubuntu/airflow-venv/lib/python3.12/site-packages/airflow/example_dags/plugins/workday.py took 0.015 seconds
[2026-02-25T11:34:14.245+0000] {processor.py:186} INFO - Started process (PID=11708) to work on /home/ubuntu/airflow-venv/lib/python3.12/site-packages/airflow/example_dags/plugins/workday.py
[2026-02-25T11:34:14.246+0000] {processor.py:914} INFO - Processing file /home/ubuntu/airflow-venv/lib/python3.12/site-packages/airflow/example_dags/plugins/workday.py for tasks to queue
[2026-02-25T11:34:14.248+0000] {logging_mixin.py:190} INFO - [2026-02-25T11:34:14.247+0000] {dagbag.py:588} INFO - Filling up the DagBag from /home/ubuntu/airflow-venv/lib/python3.12/site-packages/airflow/example_dags/plugins/workday.py
[2026-02-25T11:34:14.249+0000] {logging_mixin.py:190} INFO - [2026-02-25T11:34:14.249+0000] {workday.py:41} WARNING - Could not import pandas. Holidays will not be considered.
[2026-02-25T11:34:14.250+0000] {processor.py:927} WARNING - No viable dags retrieved from /home/ubuntu/airflow-venv/lib/python3.12/site-packages/airflow/example_dags/plugins/workday.py
[2026-02-25T11:34:14.257+0000] {processor.py:208} INFO - Processing /home/ubuntu/airflow-venv/lib/python3.12/site-packages/airflow/example_dags/plugins/workday.py took 0.016 seconds
[2026-02-25T11:34:21.487+0000] {processor.py:186} INFO - Started process (PID=11722) to work on /home/ubuntu/airflow-venv/lib/python3.12/site-packages/airflow/example_dags/plugins/workday.py
[2026-02-25T11:34:21.487+0000] {processor.py:914} INFO - Processing file /home/ubuntu/airflow-venv/lib/python3.12/site-packages/airflow/example_dags/plugins/workday.py for tasks to queue
[2026-02-25T11:34:21.489+0000] {logging_mixin.py:190} INFO - [2026-02-25T11:34:21.488+0000] {dagbag.py:588} INFO - Filling up the DagBag from /home/ubuntu/airflow-venv/lib/python3.12/site-packages/airflow/example_dags/plugins/workday.py
[2026-02-25T11:34:21.490+0000] {logging_mixin.py:190} INFO - [2026-02-25T11:34:21.490+0000] {workday.py:41} WARNING - Could not import pandas. Holidays will not be considered.
[2026-02-25T11:34:21.491+0000] {processor.py:927} WARNING - No viable dags retrieved from /home/ubuntu/airflow-venv/lib/python3.12/site-packages/airflow/example_dags/plugins/workday.py
[2026-02-25T11:34:21.498+0000] {processor.py:208} INFO - Processing /home/ubuntu/airflow-venv/lib/python3.12/site-packages/airflow/example_dags/plugins/workday.py took 0.015 seconds
[2026-02-25T11:35:03.894+0000] {processor.py:186} INFO - Started process (PID=11826) to work on /home/ubuntu/airflow-venv/lib/python3.12/site-packages/airflow/example_dags/plugins/workday.py
[2026-02-25T11:35:03.895+0000] {processor.py:914} INFO - Processing file /home/ubuntu/airflow-venv/lib/python3.12/site-packages/airflow/example_dags/plugins/workday.py for tasks to queue
[2026-02-25T11:35:03.896+0000] {logging_mixin.py:190} INFO - [2026-02-25T11:35:03.896+0000] {dagbag.py:588} INFO - Filling up the DagBag from /home/ubuntu/airflow-venv/lib/python3.12/site-packages/airflow/example_dags/plugins/workday.py
[2026-02-25T11:35:03.898+0000] {logging_mixin.py:190} INFO - [2026-02-25T11:35:03.898+0000] {workday.py:41} WARNING - Could not import pandas. Holidays will not be considered.
[2026-02-25T11:35:03.898+0000] {processor.py:927} WARNING - No viable dags retrieved from /home/ubuntu/airflow-venv/lib/python3.12/site-packages/airflow/example_dags/plugins/workday.py
[2026-02-25T11:35:03.906+0000] {processor.py:208} INFO - Processing /home/ubuntu/airflow-venv/lib/python3.12/site-packages/airflow/example_dags/plugins/workday.py took 0.016 seconds
[2026-02-25T11:35:13.212+0000] {processor.py:186} INFO - Started process (PID=11848) to work on /home/ubuntu/airflow-venv/lib/python3.12/site-packages/airflow/example_dags/plugins/workday.py
[2026-02-25T11:35:13.213+0000] {processor.py:914} INFO - Processing file /home/ubuntu/airflow-venv/lib/python3.12/site-packages/airflow/example_dags/plugins/workday.py for tasks to queue
[2026-02-25T11:35:13.214+0000] {logging_mixin.py:190} INFO - [2026-02-25T11:35:13.214+0000] {dagbag.py:588} INFO - Filling up the DagBag from /home/ubuntu/airflow-venv/lib/python3.12/site-packages/airflow/example_dags/plugins/workday.py
[2026-02-25T11:35:13.216+0000] {logging_mixin.py:190} INFO - [2026-02-25T11:35:13.216+0000] {workday.py:41} WARNING - Could not import pandas. Holidays will not be considered.
[2026-02-25T11:35:13.216+0000] {processor.py:927} WARNING - No viable dags retrieved from /home/ubuntu/airflow-venv/lib/python3.12/site-packages/airflow/example_dags/plugins/workday.py
[2026-02-25T11:35:13.223+0000] {processor.py:208} INFO - Processing /home/ubuntu/airflow-venv/lib/python3.12/site-packages/airflow/example_dags/plugins/workday.py took 0.014 seconds
[2026-02-25T11:35:50.775+0000] {processor.py:186} INFO - Started process (PID=11930) to work on /home/ubuntu/airflow-venv/lib/python3.12/site-packages/airflow/example_dags/plugins/workday.py
[2026-02-25T11:35:50.777+0000] {processor.py:914} INFO - Processing file /home/ubuntu/airflow-venv/lib/python3.12/site-packages/airflow/example_dags/plugins/workday.py for tasks to queue
[2026-02-25T11:35:50.778+0000] {logging_mixin.py:190} INFO - [2026-02-25T11:35:50.778+0000] {dagbag.py:588} INFO - Filling up the DagBag from /home/ubuntu/airflow-venv/lib/python3.12/site-packages/airflow/example_dags/plugins/workday.py
[2026-02-25T11:35:50.780+0000] {logging_mixin.py:190} INFO - [2026-02-25T11:35:50.780+0000] {workday.py:41} WARNING - Could not import pandas. Holidays will not be considered.
[2026-02-25T11:35:50.780+0000] {processor.py:927} WARNING - No viable dags retrieved from /home/ubuntu/airflow-venv/lib/python3.12/site-packages/airflow/example_dags/plugins/workday.py
[2026-02-25T11:35:50.788+0000] {processor.py:208} INFO - Processing /home/ubuntu/airflow-venv/lib/python3.12/site-packages/airflow/example_dags/plugins/workday.py took 0.016 seconds
[2026-02-25T11:36:00.607+0000] {processor.py:186} INFO - Started process (PID=11951) to work on /home/ubuntu/airflow-venv/lib/python3.12/site-packages/airflow/example_dags/plugins/workday.py
[2026-02-25T11:36:00.608+0000] {processor.py:914} INFO - Processing file /home/ubuntu/airflow-venv/lib/python3.12/site-packages/airflow/example_dags/plugins/workday.py for tasks to queue
[2026-02-25T11:36:00.609+0000] {logging_mixin.py:190} INFO - [2026-02-25T11:36:00.609+0000] {dagbag.py:588} INFO - Filling up the DagBag from /home/ubuntu/airflow-venv/lib/python3.12/site-packages/airflow/example_dags/plugins/workday.py
[2026-02-25T11:36:00.611+0000] {logging_mixin.py:190} INFO - [2026-02-25T11:36:00.611+0000] {workday.py:41} WARNING - Could not import pandas. Holidays will not be considered.
[2026-02-25T11:36:00.611+0000] {processor.py:927} WARNING - No viable dags retrieved from /home/ubuntu/airflow-venv/lib/python3.12/site-packages/airflow/example_dags/plugins/workday.py
[2026-02-25T11:36:00.619+0000] {processor.py:208} INFO - Processing /home/ubuntu/airflow-venv/lib/python3.12/site-packages/airflow/example_dags/plugins/workday.py took 0.016 seconds
[2026-02-25T11:36:42.728+0000] {processor.py:186} INFO - Started process (PID=12132) to work on /home/ubuntu/airflow-venv/lib/python3.12/site-packages/airflow/example_dags/plugins/workday.py
[2026-02-25T11:36:42.729+0000] {processor.py:914} INFO - Processing file /home/ubuntu/airflow-venv/lib/python3.12/site-packages/airflow/example_dags/plugins/workday.py for tasks to queue
[2026-02-25T11:36:42.731+0000] {logging_mixin.py:190} INFO - [2026-02-25T11:36:42.730+0000] {dagbag.py:588} INFO - Filling up the DagBag from /home/ubuntu/airflow-venv/lib/python3.12/site-packages/airflow/example_dags/plugins/workday.py
[2026-02-25T11:36:42.733+0000] {logging_mixin.py:190} INFO - [2026-02-25T11:36:42.733+0000] {workday.py:41} WARNING - Could not import pandas. Holidays will not be considered.
[2026-02-25T11:36:42.734+0000] {processor.py:927} WARNING - No viable dags retrieved from /home/ubuntu/airflow-venv/lib/python3.12/site-packages/airflow/example_dags/plugins/workday.py
[2026-02-25T11:36:42.743+0000] {processor.py:208} INFO - Processing /home/ubuntu/airflow-venv/lib/python3.12/site-packages/airflow/example_dags/plugins/workday.py took 0.019 seconds
[2026-02-25T11:36:52.925+0000] {processor.py:186} INFO - Started process (PID=12156) to work on /home/ubuntu/airflow-venv/lib/python3.12/site-packages/airflow/example_dags/plugins/workday.py
[2026-02-25T11:36:52.925+0000] {processor.py:914} INFO - Processing file /home/ubuntu/airflow-venv/lib/python3.12/site-packages/airflow/example_dags/plugins/workday.py for tasks to queue
[2026-02-25T11:36:52.927+0000] {logging_mixin.py:190} INFO - [2026-02-25T11:36:52.926+0000] {dagbag.py:588} INFO - Filling up the DagBag from /home/ubuntu/airflow-venv/lib/python3.12/site-packages/airflow/example_dags/plugins/workday.py
[2026-02-25T11:36:52.928+0000] {logging_mixin.py:190} INFO - [2026-02-25T11:36:52.928+0000] {workday.py:41} WARNING - Could not import pandas. Holidays will not be considered.
[2026-02-25T11:36:52.929+0000] {processor.py:927} WARNING - No viable dags retrieved from /home/ubuntu/airflow-venv/lib/python3.12/site-packages/airflow/example_dags/plugins/workday.py
[2026-02-25T11:36:52.936+0000] {processor.py:208} INFO - Processing /home/ubuntu/airflow-venv/lib/python3.12/site-packages/airflow/example_dags/plugins/workday.py took 0.015 seconds
[2026-02-25T11:37:32.891+0000] {processor.py:186} INFO - Started process (PID=12239) to work on /home/ubuntu/airflow-venv/lib/python3.12/site-packages/airflow/example_dags/plugins/workday.py
[2026-02-25T11:37:32.892+0000] {processor.py:914} INFO - Processing file /home/ubuntu/airflow-venv/lib/python3.12/site-packages/airflow/example_dags/plugins/workday.py for tasks to queue
[2026-02-25T11:37:32.893+0000] {logging_mixin.py:190} INFO - [2026-02-25T11:37:32.893+0000] {dagbag.py:588} INFO - Filling up the DagBag from /home/ubuntu/airflow-venv/lib/python3.12/site-packages/airflow/example_dags/plugins/workday.py
[2026-02-25T11:37:32.895+0000] {logging_mixin.py:190} INFO - [2026-02-25T11:37:32.895+0000] {workday.py:41} WARNING - Could not import pandas. Holidays will not be considered.
[2026-02-25T11:37:32.896+0000] {processor.py:927} WARNING - No viable dags retrieved from /home/ubuntu/airflow-venv/lib/python3.12/site-packages/airflow/example_dags/plugins/workday.py
[2026-02-25T11:37:32.903+0000] {processor.py:208} INFO - Processing /home/ubuntu/airflow-venv/lib/python3.12/site-packages/airflow/example_dags/plugins/workday.py took 0.016 seconds
[2026-02-25T11:37:43.196+0000] {processor.py:186} INFO - Started process (PID=12261) to work on /home/ubuntu/airflow-venv/lib/python3.12/site-packages/airflow/example_dags/plugins/workday.py
[2026-02-25T11:37:43.196+0000] {processor.py:914} INFO - Processing file /home/ubuntu/airflow-venv/lib/python3.12/site-packages/airflow/example_dags/plugins/workday.py for tasks to queue
[2026-02-25T11:37:43.198+0000] {logging_mixin.py:190} INFO - [2026-02-25T11:37:43.198+0000] {dagbag.py:588} INFO - Filling up the DagBag from /home/ubuntu/airflow-venv/lib/python3.12/site-packages/airflow/example_dags/plugins/workday.py
[2026-02-25T11:37:43.200+0000] {logging_mixin.py:190} INFO - [2026-02-25T11:37:43.199+0000] {workday.py:41} WARNING - Could not import pandas. Holidays will not be considered.
[2026-02-25T11:37:43.200+0000] {processor.py:927} WARNING - No viable dags retrieved from /home/ubuntu/airflow-venv/lib/python3.12/site-packages/airflow/example_dags/plugins/workday.py
[2026-02-25T11:37:43.207+0000] {processor.py:208} INFO - Processing /home/ubuntu/airflow-venv/lib/python3.12/site-packages/airflow/example_dags/plugins/workday.py took 0.015 seconds
[2026-02-25T11:42:30.948+0000] {processor.py:186} INFO - Started process (PID=1678) to work on /home/ubuntu/airflow-venv/lib/python3.12/site-packages/airflow/example_dags/plugins/workday.py
[2026-02-25T11:42:30.950+0000] {processor.py:914} INFO - Processing file /home/ubuntu/airflow-venv/lib/python3.12/site-packages/airflow/example_dags/plugins/workday.py for tasks to queue
[2026-02-25T11:42:30.951+0000] {logging_mixin.py:190} INFO - [2026-02-25T11:42:30.951+0000] {dagbag.py:588} INFO - Filling up the DagBag from /home/ubuntu/airflow-venv/lib/python3.12/site-packages/airflow/example_dags/plugins/workday.py
[2026-02-25T11:42:30.953+0000] {logging_mixin.py:190} INFO - [2026-02-25T11:42:30.953+0000] {workday.py:41} WARNING - Could not import pandas. Holidays will not be considered.
[2026-02-25T11:42:30.953+0000] {processor.py:927} WARNING - No viable dags retrieved from /home/ubuntu/airflow-venv/lib/python3.12/site-packages/airflow/example_dags/plugins/workday.py
[2026-02-25T11:42:30.960+0000] {processor.py:208} INFO - Processing /home/ubuntu/airflow-venv/lib/python3.12/site-packages/airflow/example_dags/plugins/workday.py took 0.016 seconds
[2026-02-25T11:43:24.881+0000] {processor.py:186} INFO - Started process (PID=2105) to work on /home/ubuntu/airflow-venv/lib/python3.12/site-packages/airflow/example_dags/plugins/workday.py
[2026-02-25T11:43:24.882+0000] {processor.py:914} INFO - Processing file /home/ubuntu/airflow-venv/lib/python3.12/site-packages/airflow/example_dags/plugins/workday.py for tasks to queue
[2026-02-25T11:43:24.883+0000] {logging_mixin.py:190} INFO - [2026-02-25T11:43:24.883+0000] {dagbag.py:588} INFO - Filling up the DagBag from /home/ubuntu/airflow-venv/lib/python3.12/site-packages/airflow/example_dags/plugins/workday.py
[2026-02-25T11:43:24.885+0000] {logging_mixin.py:190} INFO - [2026-02-25T11:43:24.885+0000] {workday.py:41} WARNING - Could not import pandas. Holidays will not be considered.
[2026-02-25T11:43:24.885+0000] {processor.py:927} WARNING - No viable dags retrieved from /home/ubuntu/airflow-venv/lib/python3.12/site-packages/airflow/example_dags/plugins/workday.py
[2026-02-25T11:43:24.892+0000] {processor.py:208} INFO - Processing /home/ubuntu/airflow-venv/lib/python3.12/site-packages/airflow/example_dags/plugins/workday.py took 0.015 seconds
[2026-02-25T11:44:13.330+0000] {processor.py:186} INFO - Started process (PID=2520) to work on /home/ubuntu/airflow-venv/lib/python3.12/site-packages/airflow/example_dags/plugins/workday.py
[2026-02-25T11:44:13.331+0000] {processor.py:914} INFO - Processing file /home/ubuntu/airflow-venv/lib/python3.12/site-packages/airflow/example_dags/plugins/workday.py for tasks to queue
[2026-02-25T11:44:13.332+0000] {logging_mixin.py:190} INFO - [2026-02-25T11:44:13.332+0000] {dagbag.py:588} INFO - Filling up the DagBag from /home/ubuntu/airflow-venv/lib/python3.12/site-packages/airflow/example_dags/plugins/workday.py
[2026-02-25T11:44:13.334+0000] {logging_mixin.py:190} INFO - [2026-02-25T11:44:13.334+0000] {workday.py:41} WARNING - Could not import pandas. Holidays will not be considered.
[2026-02-25T11:44:13.334+0000] {processor.py:927} WARNING - No viable dags retrieved from /home/ubuntu/airflow-venv/lib/python3.12/site-packages/airflow/example_dags/plugins/workday.py
[2026-02-25T11:44:13.341+0000] {processor.py:208} INFO - Processing /home/ubuntu/airflow-venv/lib/python3.12/site-packages/airflow/example_dags/plugins/workday.py took 0.014 seconds
[2026-02-25T11:44:59.574+0000] {processor.py:186} INFO - Started process (PID=2570) to work on /home/ubuntu/airflow-venv/lib/python3.12/site-packages/airflow/example_dags/plugins/workday.py
[2026-02-25T11:44:59.576+0000] {processor.py:914} INFO - Processing file /home/ubuntu/airflow-venv/lib/python3.12/site-packages/airflow/example_dags/plugins/workday.py for tasks to queue
[2026-02-25T11:44:59.577+0000] {logging_mixin.py:190} INFO - [2026-02-25T11:44:59.577+0000] {dagbag.py:588} INFO - Filling up the DagBag from /home/ubuntu/airflow-venv/lib/python3.12/site-packages/airflow/example_dags/plugins/workday.py
[2026-02-25T11:44:59.578+0000] {logging_mixin.py:190} INFO - [2026-02-25T11:44:59.578+0000] {workday.py:41} WARNING - Could not import pandas. Holidays will not be considered.
[2026-02-25T11:44:59.579+0000] {processor.py:927} WARNING - No viable dags retrieved from /home/ubuntu/airflow-venv/lib/python3.12/site-packages/airflow/example_dags/plugins/workday.py
[2026-02-25T11:44:59.585+0000] {processor.py:208} INFO - Processing /home/ubuntu/airflow-venv/lib/python3.12/site-packages/airflow/example_dags/plugins/workday.py took 0.014 seconds
[2026-02-25T11:45:53.088+0000] {processor.py:186} INFO - Started process (PID=2637) to work on /home/ubuntu/airflow-venv/lib/python3.12/site-packages/airflow/example_dags/plugins/workday.py
[2026-02-25T11:45:53.089+0000] {processor.py:914} INFO - Processing file /home/ubuntu/airflow-venv/lib/python3.12/site-packages/airflow/example_dags/plugins/workday.py for tasks to queue
[2026-02-25T11:45:53.090+0000] {logging_mixin.py:190} INFO - [2026-02-25T11:45:53.090+0000] {dagbag.py:588} INFO - Filling up the DagBag from /home/ubuntu/airflow-venv/lib/python3.12/site-packages/airflow/example_dags/plugins/workday.py
[2026-02-25T11:45:53.092+0000] {logging_mixin.py:190} INFO - [2026-02-25T11:45:53.092+0000] {workday.py:41} WARNING - Could not import pandas. Holidays will not be considered.
[2026-02-25T11:45:53.092+0000] {processor.py:927} WARNING - No viable dags retrieved from /home/ubuntu/airflow-venv/lib/python3.12/site-packages/airflow/example_dags/plugins/workday.py
[2026-02-25T11:45:53.099+0000] {processor.py:208} INFO - Processing /home/ubuntu/airflow-venv/lib/python3.12/site-packages/airflow/example_dags/plugins/workday.py took 0.014 seconds
[2026-02-25T11:46:46.635+0000] {processor.py:186} INFO - Started process (PID=2697) to work on /home/ubuntu/airflow-venv/lib/python3.12/site-packages/airflow/example_dags/plugins/workday.py
[2026-02-25T11:46:46.636+0000] {processor.py:914} INFO - Processing file /home/ubuntu/airflow-venv/lib/python3.12/site-packages/airflow/example_dags/plugins/workday.py for tasks to queue
[2026-02-25T11:46:46.638+0000] {logging_mixin.py:190} INFO - [2026-02-25T11:46:46.637+0000] {dagbag.py:588} INFO - Filling up the DagBag from /home/ubuntu/airflow-venv/lib/python3.12/site-packages/airflow/example_dags/plugins/workday.py
[2026-02-25T11:46:46.639+0000] {logging_mixin.py:190} INFO - [2026-02-25T11:46:46.639+0000] {workday.py:41} WARNING - Could not import pandas. Holidays will not be considered.
[2026-02-25T11:46:46.640+0000] {processor.py:927} WARNING - No viable dags retrieved from /home/ubuntu/airflow-venv/lib/python3.12/site-packages/airflow/example_dags/plugins/workday.py
[2026-02-25T11:46:46.646+0000] {processor.py:208} INFO - Processing /home/ubuntu/airflow-venv/lib/python3.12/site-packages/airflow/example_dags/plugins/workday.py took 0.015 seconds
[2026-02-25T12:38:50.638+0000] {processor.py:186} INFO - Started process (PID=1664) to work on /home/ubuntu/airflow-venv/lib/python3.12/site-packages/airflow/example_dags/plugins/workday.py
[2026-02-25T12:38:50.640+0000] {processor.py:914} INFO - Processing file /home/ubuntu/airflow-venv/lib/python3.12/site-packages/airflow/example_dags/plugins/workday.py for tasks to queue
[2026-02-25T12:38:50.641+0000] {logging_mixin.py:190} INFO - [2026-02-25T12:38:50.641+0000] {dagbag.py:588} INFO - Filling up the DagBag from /home/ubuntu/airflow-venv/lib/python3.12/site-packages/airflow/example_dags/plugins/workday.py
[2026-02-25T12:38:50.643+0000] {logging_mixin.py:190} INFO - [2026-02-25T12:38:50.643+0000] {workday.py:41} WARNING - Could not import pandas. Holidays will not be considered.
[2026-02-25T12:38:50.643+0000] {processor.py:927} WARNING - No viable dags retrieved from /home/ubuntu/airflow-venv/lib/python3.12/site-packages/airflow/example_dags/plugins/workday.py
[2026-02-25T12:38:50.649+0000] {processor.py:208} INFO - Processing /home/ubuntu/airflow-venv/lib/python3.12/site-packages/airflow/example_dags/plugins/workday.py took 0.015 seconds
[2026-02-25T12:39:44.565+0000] {processor.py:186} INFO - Started process (PID=2153) to work on /home/ubuntu/airflow-venv/lib/python3.12/site-packages/airflow/example_dags/plugins/workday.py
[2026-02-25T12:39:44.567+0000] {processor.py:914} INFO - Processing file /home/ubuntu/airflow-venv/lib/python3.12/site-packages/airflow/example_dags/plugins/workday.py for tasks to queue
[2026-02-25T12:39:44.568+0000] {logging_mixin.py:190} INFO - [2026-02-25T12:39:44.568+0000] {dagbag.py:588} INFO - Filling up the DagBag from /home/ubuntu/airflow-venv/lib/python3.12/site-packages/airflow/example_dags/plugins/workday.py
[2026-02-25T12:39:44.569+0000] {logging_mixin.py:190} INFO - [2026-02-25T12:39:44.569+0000] {workday.py:41} WARNING - Could not import pandas. Holidays will not be considered.
[2026-02-25T12:39:44.570+0000] {processor.py:927} WARNING - No viable dags retrieved from /home/ubuntu/airflow-venv/lib/python3.12/site-packages/airflow/example_dags/plugins/workday.py
[2026-02-25T12:39:44.576+0000] {processor.py:208} INFO - Processing /home/ubuntu/airflow-venv/lib/python3.12/site-packages/airflow/example_dags/plugins/workday.py took 0.014 seconds
[2026-02-25T12:40:33.004+0000] {processor.py:186} INFO - Started process (PID=2208) to work on /home/ubuntu/airflow-venv/lib/python3.12/site-packages/airflow/example_dags/plugins/workday.py
[2026-02-25T12:40:33.006+0000] {processor.py:914} INFO - Processing file /home/ubuntu/airflow-venv/lib/python3.12/site-packages/airflow/example_dags/plugins/workday.py for tasks to queue
[2026-02-25T12:40:33.007+0000] {logging_mixin.py:190} INFO - [2026-02-25T12:40:33.007+0000] {dagbag.py:588} INFO - Filling up the DagBag from /home/ubuntu/airflow-venv/lib/python3.12/site-packages/airflow/example_dags/plugins/workday.py
[2026-02-25T12:40:33.008+0000] {logging_mixin.py:190} INFO - [2026-02-25T12:40:33.008+0000] {workday.py:41} WARNING - Could not import pandas. Holidays will not be considered.
[2026-02-25T12:40:33.009+0000] {processor.py:927} WARNING - No viable dags retrieved from /home/ubuntu/airflow-venv/lib/python3.12/site-packages/airflow/example_dags/plugins/workday.py
[2026-02-25T12:40:33.015+0000] {processor.py:208} INFO - Processing /home/ubuntu/airflow-venv/lib/python3.12/site-packages/airflow/example_dags/plugins/workday.py took 0.014 seconds
[2026-02-25T12:41:19.247+0000] {processor.py:186} INFO - Started process (PID=2622) to work on /home/ubuntu/airflow-venv/lib/python3.12/site-packages/airflow/example_dags/plugins/workday.py
[2026-02-25T12:41:19.249+0000] {processor.py:914} INFO - Processing file /home/ubuntu/airflow-venv/lib/python3.12/site-packages/airflow/example_dags/plugins/workday.py for tasks to queue
[2026-02-25T12:41:19.250+0000] {logging_mixin.py:190} INFO - [2026-02-25T12:41:19.250+0000] {dagbag.py:588} INFO - Filling up the DagBag from /home/ubuntu/airflow-venv/lib/python3.12/site-packages/airflow/example_dags/plugins/workday.py
[2026-02-25T12:41:19.251+0000] {logging_mixin.py:190} INFO - [2026-02-25T12:41:19.251+0000] {workday.py:41} WARNING - Could not import pandas. Holidays will not be considered.
[2026-02-25T12:41:19.252+0000] {processor.py:927} WARNING - No viable dags retrieved from /home/ubuntu/airflow-venv/lib/python3.12/site-packages/airflow/example_dags/plugins/workday.py
[2026-02-25T12:41:19.258+0000] {processor.py:208} INFO - Processing /home/ubuntu/airflow-venv/lib/python3.12/site-packages/airflow/example_dags/plugins/workday.py took 0.014 seconds
[2026-02-25T12:42:09.459+0000] {processor.py:186} INFO - Started process (PID=2676) to work on /home/ubuntu/airflow-venv/lib/python3.12/site-packages/airflow/example_dags/plugins/workday.py
[2026-02-25T12:42:09.461+0000] {processor.py:914} INFO - Processing file /home/ubuntu/airflow-venv/lib/python3.12/site-packages/airflow/example_dags/plugins/workday.py for tasks to queue
[2026-02-25T12:42:09.462+0000] {logging_mixin.py:190} INFO - [2026-02-25T12:42:09.462+0000] {dagbag.py:588} INFO - Filling up the DagBag from /home/ubuntu/airflow-venv/lib/python3.12/site-packages/airflow/example_dags/plugins/workday.py
[2026-02-25T12:42:09.463+0000] {logging_mixin.py:190} INFO - [2026-02-25T12:42:09.463+0000] {workday.py:41} WARNING - Could not import pandas. Holidays will not be considered.
[2026-02-25T12:42:09.464+0000] {processor.py:927} WARNING - No viable dags retrieved from /home/ubuntu/airflow-venv/lib/python3.12/site-packages/airflow/example_dags/plugins/workday.py
[2026-02-25T12:42:09.470+0000] {processor.py:208} INFO - Processing /home/ubuntu/airflow-venv/lib/python3.12/site-packages/airflow/example_dags/plugins/workday.py took 0.014 seconds
[2026-02-25T12:43:01.237+0000] {processor.py:186} INFO - Started process (PID=2730) to work on /home/ubuntu/airflow-venv/lib/python3.12/site-packages/airflow/example_dags/plugins/workday.py
[2026-02-25T12:43:01.238+0000] {processor.py:914} INFO - Processing file /home/ubuntu/airflow-venv/lib/python3.12/site-packages/airflow/example_dags/plugins/workday.py for tasks to queue
[2026-02-25T12:43:01.239+0000] {logging_mixin.py:190} INFO - [2026-02-25T12:43:01.239+0000] {dagbag.py:588} INFO - Filling up the DagBag from /home/ubuntu/airflow-venv/lib/python3.12/site-packages/airflow/example_dags/plugins/workday.py
[2026-02-25T12:43:01.241+0000] {logging_mixin.py:190} INFO - [2026-02-25T12:43:01.241+0000] {workday.py:41} WARNING - Could not import pandas. Holidays will not be considered.
[2026-02-25T12:43:01.241+0000] {processor.py:927} WARNING - No viable dags retrieved from /home/ubuntu/airflow-venv/lib/python3.12/site-packages/airflow/example_dags/plugins/workday.py
[2026-02-25T12:43:01.248+0000] {processor.py:208} INFO - Processing /home/ubuntu/airflow-venv/lib/python3.12/site-packages/airflow/example_dags/plugins/workday.py took 0.014 seconds
[2026-02-25T12:43:49.848+0000] {processor.py:186} INFO - Started process (PID=2790) to work on /home/ubuntu/airflow-venv/lib/python3.12/site-packages/airflow/example_dags/plugins/workday.py
[2026-02-25T12:43:49.849+0000] {processor.py:914} INFO - Processing file /home/ubuntu/airflow-venv/lib/python3.12/site-packages/airflow/example_dags/plugins/workday.py for tasks to queue
[2026-02-25T12:43:49.850+0000] {logging_mixin.py:190} INFO - [2026-02-25T12:43:49.850+0000] {dagbag.py:588} INFO - Filling up the DagBag from /home/ubuntu/airflow-venv/lib/python3.12/site-packages/airflow/example_dags/plugins/workday.py
[2026-02-25T12:43:49.852+0000] {logging_mixin.py:190} INFO - [2026-02-25T12:43:49.852+0000] {workday.py:41} WARNING - Could not import pandas. Holidays will not be considered.
[2026-02-25T12:43:49.852+0000] {processor.py:927} WARNING - No viable dags retrieved from /home/ubuntu/airflow-venv/lib/python3.12/site-packages/airflow/example_dags/plugins/workday.py
[2026-02-25T12:43:49.859+0000] {processor.py:208} INFO - Processing /home/ubuntu/airflow-venv/lib/python3.12/site-packages/airflow/example_dags/plugins/workday.py took 0.014 seconds
[2026-02-25T12:44:40.991+0000] {processor.py:186} INFO - Started process (PID=2842) to work on /home/ubuntu/airflow-venv/lib/python3.12/site-packages/airflow/example_dags/plugins/workday.py
[2026-02-25T12:44:40.993+0000] {processor.py:914} INFO - Processing file /home/ubuntu/airflow-venv/lib/python3.12/site-packages/airflow/example_dags/plugins/workday.py for tasks to queue
[2026-02-25T12:44:40.994+0000] {logging_mixin.py:190} INFO - [2026-02-25T12:44:40.993+0000] {dagbag.py:588} INFO - Filling up the DagBag from /home/ubuntu/airflow-venv/lib/python3.12/site-packages/airflow/example_dags/plugins/workday.py
[2026-02-25T12:44:40.995+0000] {logging_mixin.py:190} INFO - [2026-02-25T12:44:40.995+0000] {workday.py:41} WARNING - Could not import pandas. Holidays will not be considered.
[2026-02-25T12:44:40.996+0000] {processor.py:927} WARNING - No viable dags retrieved from /home/ubuntu/airflow-venv/lib/python3.12/site-packages/airflow/example_dags/plugins/workday.py
[2026-02-25T12:44:41.002+0000] {processor.py:208} INFO - Processing /home/ubuntu/airflow-venv/lib/python3.12/site-packages/airflow/example_dags/plugins/workday.py took 0.014 seconds
[2026-02-25T12:45:33.042+0000] {processor.py:186} INFO - Started process (PID=2898) to work on /home/ubuntu/airflow-venv/lib/python3.12/site-packages/airflow/example_dags/plugins/workday.py
[2026-02-25T12:45:33.043+0000] {processor.py:914} INFO - Processing file /home/ubuntu/airflow-venv/lib/python3.12/site-packages/airflow/example_dags/plugins/workday.py for tasks to queue
[2026-02-25T12:45:33.044+0000] {logging_mixin.py:190} INFO - [2026-02-25T12:45:33.044+0000] {dagbag.py:588} INFO - Filling up the DagBag from /home/ubuntu/airflow-venv/lib/python3.12/site-packages/airflow/example_dags/plugins/workday.py
[2026-02-25T12:45:33.046+0000] {logging_mixin.py:190} INFO - [2026-02-25T12:45:33.046+0000] {workday.py:41} WARNING - Could not import pandas. Holidays will not be considered.
[2026-02-25T12:45:33.046+0000] {processor.py:927} WARNING - No viable dags retrieved from /home/ubuntu/airflow-venv/lib/python3.12/site-packages/airflow/example_dags/plugins/workday.py
[2026-02-25T12:45:33.053+0000] {processor.py:208} INFO - Processing /home/ubuntu/airflow-venv/lib/python3.12/site-packages/airflow/example_dags/plugins/workday.py took 0.015 seconds
[2026-02-25T12:46:25.954+0000] {processor.py:186} INFO - Started process (PID=2952) to work on /home/ubuntu/airflow-venv/lib/python3.12/site-packages/airflow/example_dags/plugins/workday.py
[2026-02-25T12:46:25.956+0000] {processor.py:914} INFO - Processing file /home/ubuntu/airflow-venv/lib/python3.12/site-packages/airflow/example_dags/plugins/workday.py for tasks to queue
[2026-02-25T12:46:25.957+0000] {logging_mixin.py:190} INFO - [2026-02-25T12:46:25.957+0000] {dagbag.py:588} INFO - Filling up the DagBag from /home/ubuntu/airflow-venv/lib/python3.12/site-packages/airflow/example_dags/plugins/workday.py
[2026-02-25T12:46:25.958+0000] {logging_mixin.py:190} INFO - [2026-02-25T12:46:25.958+0000] {workday.py:41} WARNING - Could not import pandas. Holidays will not be considered.
[2026-02-25T12:46:25.959+0000] {processor.py:927} WARNING - No viable dags retrieved from /home/ubuntu/airflow-venv/lib/python3.12/site-packages/airflow/example_dags/plugins/workday.py
[2026-02-25T12:46:25.965+0000] {processor.py:208} INFO - Processing /home/ubuntu/airflow-venv/lib/python3.12/site-packages/airflow/example_dags/plugins/workday.py took 0.014 seconds
[2026-02-25T12:47:13.487+0000] {processor.py:186} INFO - Started process (PID=3004) to work on /home/ubuntu/airflow-venv/lib/python3.12/site-packages/airflow/example_dags/plugins/workday.py
[2026-02-25T12:47:13.488+0000] {processor.py:914} INFO - Processing file /home/ubuntu/airflow-venv/lib/python3.12/site-packages/airflow/example_dags/plugins/workday.py for tasks to queue
[2026-02-25T12:47:13.490+0000] {logging_mixin.py:190} INFO - [2026-02-25T12:47:13.489+0000] {dagbag.py:588} INFO - Filling up the DagBag from /home/ubuntu/airflow-venv/lib/python3.12/site-packages/airflow/example_dags/plugins/workday.py
[2026-02-25T12:47:13.491+0000] {logging_mixin.py:190} INFO - [2026-02-25T12:47:13.491+0000] {workday.py:41} WARNING - Could not import pandas. Holidays will not be considered.
[2026-02-25T12:47:13.491+0000] {processor.py:927} WARNING - No viable dags retrieved from /home/ubuntu/airflow-venv/lib/python3.12/site-packages/airflow/example_dags/plugins/workday.py
[2026-02-25T12:47:13.498+0000] {processor.py:208} INFO - Processing /home/ubuntu/airflow-venv/lib/python3.12/site-packages/airflow/example_dags/plugins/workday.py took 0.014 seconds
[2026-02-25T12:48:03.125+0000] {processor.py:186} INFO - Started process (PID=3056) to work on /home/ubuntu/airflow-venv/lib/python3.12/site-packages/airflow/example_dags/plugins/workday.py
[2026-02-25T12:48:03.127+0000] {processor.py:914} INFO - Processing file /home/ubuntu/airflow-venv/lib/python3.12/site-packages/airflow/example_dags/plugins/workday.py for tasks to queue
[2026-02-25T12:48:03.128+0000] {logging_mixin.py:190} INFO - [2026-02-25T12:48:03.128+0000] {dagbag.py:588} INFO - Filling up the DagBag from /home/ubuntu/airflow-venv/lib/python3.12/site-packages/airflow/example_dags/plugins/workday.py
[2026-02-25T12:48:03.129+0000] {logging_mixin.py:190} INFO - [2026-02-25T12:48:03.129+0000] {workday.py:41} WARNING - Could not import pandas. Holidays will not be considered.
[2026-02-25T12:48:03.130+0000] {processor.py:927} WARNING - No viable dags retrieved from /home/ubuntu/airflow-venv/lib/python3.12/site-packages/airflow/example_dags/plugins/workday.py
[2026-02-25T12:48:03.136+0000] {processor.py:208} INFO - Processing /home/ubuntu/airflow-venv/lib/python3.12/site-packages/airflow/example_dags/plugins/workday.py took 0.014 seconds
[2026-02-25T12:48:53.383+0000] {processor.py:186} INFO - Started process (PID=3111) to work on /home/ubuntu/airflow-venv/lib/python3.12/site-packages/airflow/example_dags/plugins/workday.py
[2026-02-25T12:48:53.384+0000] {processor.py:914} INFO - Processing file /home/ubuntu/airflow-venv/lib/python3.12/site-packages/airflow/example_dags/plugins/workday.py for tasks to queue
[2026-02-25T12:48:53.385+0000] {logging_mixin.py:190} INFO - [2026-02-25T12:48:53.385+0000] {dagbag.py:588} INFO - Filling up the DagBag from /home/ubuntu/airflow-venv/lib/python3.12/site-packages/airflow/example_dags/plugins/workday.py
[2026-02-25T12:48:53.387+0000] {logging_mixin.py:190} INFO - [2026-02-25T12:48:53.387+0000] {workday.py:41} WARNING - Could not import pandas. Holidays will not be considered.
[2026-02-25T12:48:53.387+0000] {processor.py:927} WARNING - No viable dags retrieved from /home/ubuntu/airflow-venv/lib/python3.12/site-packages/airflow/example_dags/plugins/workday.py
[2026-02-25T12:48:53.394+0000] {processor.py:208} INFO - Processing /home/ubuntu/airflow-venv/lib/python3.12/site-packages/airflow/example_dags/plugins/workday.py took 0.014 seconds
[2026-02-25T12:49:41.040+0000] {processor.py:186} INFO - Started process (PID=3161) to work on /home/ubuntu/airflow-venv/lib/python3.12/site-packages/airflow/example_dags/plugins/workday.py
[2026-02-25T12:49:41.041+0000] {processor.py:914} INFO - Processing file /home/ubuntu/airflow-venv/lib/python3.12/site-packages/airflow/example_dags/plugins/workday.py for tasks to queue
[2026-02-25T12:49:41.042+0000] {logging_mixin.py:190} INFO - [2026-02-25T12:49:41.042+0000] {dagbag.py:588} INFO - Filling up the DagBag from /home/ubuntu/airflow-venv/lib/python3.12/site-packages/airflow/example_dags/plugins/workday.py
[2026-02-25T12:49:41.044+0000] {logging_mixin.py:190} INFO - [2026-02-25T12:49:41.043+0000] {workday.py:41} WARNING - Could not import pandas. Holidays will not be considered.
[2026-02-25T12:49:41.044+0000] {processor.py:927} WARNING - No viable dags retrieved from /home/ubuntu/airflow-venv/lib/python3.12/site-packages/airflow/example_dags/plugins/workday.py
[2026-02-25T12:49:41.050+0000] {processor.py:208} INFO - Processing /home/ubuntu/airflow-venv/lib/python3.12/site-packages/airflow/example_dags/plugins/workday.py took 0.014 seconds
[2026-02-25T12:50:30.876+0000] {processor.py:186} INFO - Started process (PID=3212) to work on /home/ubuntu/airflow-venv/lib/python3.12/site-packages/airflow/example_dags/plugins/workday.py
[2026-02-25T12:50:30.877+0000] {processor.py:914} INFO - Processing file /home/ubuntu/airflow-venv/lib/python3.12/site-packages/airflow/example_dags/plugins/workday.py for tasks to queue
[2026-02-25T12:50:30.878+0000] {logging_mixin.py:190} INFO - [2026-02-25T12:50:30.878+0000] {dagbag.py:588} INFO - Filling up the DagBag from /home/ubuntu/airflow-venv/lib/python3.12/site-packages/airflow/example_dags/plugins/workday.py
[2026-02-25T12:50:30.880+0000] {logging_mixin.py:190} INFO - [2026-02-25T12:50:30.880+0000] {workday.py:41} WARNING - Could not import pandas. Holidays will not be considered.
[2026-02-25T12:50:30.880+0000] {processor.py:927} WARNING - No viable dags retrieved from /home/ubuntu/airflow-venv/lib/python3.12/site-packages/airflow/example_dags/plugins/workday.py
[2026-02-25T12:50:30.886+0000] {processor.py:208} INFO - Processing /home/ubuntu/airflow-venv/lib/python3.12/site-packages/airflow/example_dags/plugins/workday.py took 0.014 seconds
[2026-02-25T12:51:21.071+0000] {processor.py:186} INFO - Started process (PID=3269) to work on /home/ubuntu/airflow-venv/lib/python3.12/site-packages/airflow/example_dags/plugins/workday.py
[2026-02-25T12:51:21.073+0000] {processor.py:914} INFO - Processing file /home/ubuntu/airflow-venv/lib/python3.12/site-packages/airflow/example_dags/plugins/workday.py for tasks to queue
[2026-02-25T12:51:21.074+0000] {logging_mixin.py:190} INFO - [2026-02-25T12:51:21.074+0000] {dagbag.py:588} INFO - Filling up the DagBag from /home/ubuntu/airflow-venv/lib/python3.12/site-packages/airflow/example_dags/plugins/workday.py
[2026-02-25T12:51:21.075+0000] {logging_mixin.py:190} INFO - [2026-02-25T12:51:21.075+0000] {workday.py:41} WARNING - Could not import pandas. Holidays will not be considered.
[2026-02-25T12:51:21.076+0000] {processor.py:927} WARNING - No viable dags retrieved from /home/ubuntu/airflow-venv/lib/python3.12/site-packages/airflow/example_dags/plugins/workday.py
[2026-02-25T12:51:21.082+0000] {processor.py:208} INFO - Processing /home/ubuntu/airflow-venv/lib/python3.12/site-packages/airflow/example_dags/plugins/workday.py took 0.014 seconds
[2026-02-25T12:52:09.973+0000] {processor.py:186} INFO - Started process (PID=3323) to work on /home/ubuntu/airflow-venv/lib/python3.12/site-packages/airflow/example_dags/plugins/workday.py
[2026-02-25T12:52:09.974+0000] {processor.py:914} INFO - Processing file /home/ubuntu/airflow-venv/lib/python3.12/site-packages/airflow/example_dags/plugins/workday.py for tasks to queue
[2026-02-25T12:52:09.976+0000] {logging_mixin.py:190} INFO - [2026-02-25T12:52:09.975+0000] {dagbag.py:588} INFO - Filling up the DagBag from /home/ubuntu/airflow-venv/lib/python3.12/site-packages/airflow/example_dags/plugins/workday.py
[2026-02-25T12:52:09.977+0000] {logging_mixin.py:190} INFO - [2026-02-25T12:52:09.977+0000] {workday.py:41} WARNING - Could not import pandas. Holidays will not be considered.
[2026-02-25T12:52:09.977+0000] {processor.py:927} WARNING - No viable dags retrieved from /home/ubuntu/airflow-venv/lib/python3.12/site-packages/airflow/example_dags/plugins/workday.py
[2026-02-25T12:52:09.984+0000] {processor.py:208} INFO - Processing /home/ubuntu/airflow-venv/lib/python3.12/site-packages/airflow/example_dags/plugins/workday.py took 0.014 seconds
[2026-02-25T12:52:57.628+0000] {processor.py:186} INFO - Started process (PID=3379) to work on /home/ubuntu/airflow-venv/lib/python3.12/site-packages/airflow/example_dags/plugins/workday.py
[2026-02-25T12:52:57.629+0000] {processor.py:914} INFO - Processing file /home/ubuntu/airflow-venv/lib/python3.12/site-packages/airflow/example_dags/plugins/workday.py for tasks to queue
[2026-02-25T12:52:57.631+0000] {logging_mixin.py:190} INFO - [2026-02-25T12:52:57.630+0000] {dagbag.py:588} INFO - Filling up the DagBag from /home/ubuntu/airflow-venv/lib/python3.12/site-packages/airflow/example_dags/plugins/workday.py
[2026-02-25T12:52:57.632+0000] {logging_mixin.py:190} INFO - [2026-02-25T12:52:57.632+0000] {workday.py:41} WARNING - Could not import pandas. Holidays will not be considered.
[2026-02-25T12:52:57.633+0000] {processor.py:927} WARNING - No viable dags retrieved from /home/ubuntu/airflow-venv/lib/python3.12/site-packages/airflow/example_dags/plugins/workday.py
[2026-02-25T12:52:57.639+0000] {processor.py:208} INFO - Processing /home/ubuntu/airflow-venv/lib/python3.12/site-packages/airflow/example_dags/plugins/workday.py took 0.015 seconds
[2026-02-25T12:53:48.399+0000] {processor.py:186} INFO - Started process (PID=3436) to work on /home/ubuntu/airflow-venv/lib/python3.12/site-packages/airflow/example_dags/plugins/workday.py
[2026-02-25T12:53:48.400+0000] {processor.py:914} INFO - Processing file /home/ubuntu/airflow-venv/lib/python3.12/site-packages/airflow/example_dags/plugins/workday.py for tasks to queue
[2026-02-25T12:53:48.402+0000] {logging_mixin.py:190} INFO - [2026-02-25T12:53:48.401+0000] {dagbag.py:588} INFO - Filling up the DagBag from /home/ubuntu/airflow-venv/lib/python3.12/site-packages/airflow/example_dags/plugins/workday.py
[2026-02-25T12:53:48.403+0000] {logging_mixin.py:190} INFO - [2026-02-25T12:53:48.403+0000] {workday.py:41} WARNING - Could not import pandas. Holidays will not be considered.
[2026-02-25T12:53:48.403+0000] {processor.py:927} WARNING - No viable dags retrieved from /home/ubuntu/airflow-venv/lib/python3.12/site-packages/airflow/example_dags/plugins/workday.py
[2026-02-25T12:53:48.410+0000] {processor.py:208} INFO - Processing /home/ubuntu/airflow-venv/lib/python3.12/site-packages/airflow/example_dags/plugins/workday.py took 0.014 seconds
[2026-02-25T12:54:36.413+0000] {processor.py:186} INFO - Started process (PID=3487) to work on /home/ubuntu/airflow-venv/lib/python3.12/site-packages/airflow/example_dags/plugins/workday.py
[2026-02-25T12:54:36.414+0000] {processor.py:914} INFO - Processing file /home/ubuntu/airflow-venv/lib/python3.12/site-packages/airflow/example_dags/plugins/workday.py for tasks to queue
[2026-02-25T12:54:36.416+0000] {logging_mixin.py:190} INFO - [2026-02-25T12:54:36.415+0000] {dagbag.py:588} INFO - Filling up the DagBag from /home/ubuntu/airflow-venv/lib/python3.12/site-packages/airflow/example_dags/plugins/workday.py
[2026-02-25T12:54:36.417+0000] {logging_mixin.py:190} INFO - [2026-02-25T12:54:36.417+0000] {workday.py:41} WARNING - Could not import pandas. Holidays will not be considered.
[2026-02-25T12:54:36.418+0000] {processor.py:927} WARNING - No viable dags retrieved from /home/ubuntu/airflow-venv/lib/python3.12/site-packages/airflow/example_dags/plugins/workday.py
[2026-02-25T12:54:36.424+0000] {processor.py:208} INFO - Processing /home/ubuntu/airflow-venv/lib/python3.12/site-packages/airflow/example_dags/plugins/workday.py took 0.015 seconds
[2026-02-25T12:55:24.847+0000] {processor.py:186} INFO - Started process (PID=3542) to work on /home/ubuntu/airflow-venv/lib/python3.12/site-packages/airflow/example_dags/plugins/workday.py
[2026-02-25T12:55:24.849+0000] {processor.py:914} INFO - Processing file /home/ubuntu/airflow-venv/lib/python3.12/site-packages/airflow/example_dags/plugins/workday.py for tasks to queue
[2026-02-25T12:55:24.850+0000] {logging_mixin.py:190} INFO - [2026-02-25T12:55:24.850+0000] {dagbag.py:588} INFO - Filling up the DagBag from /home/ubuntu/airflow-venv/lib/python3.12/site-packages/airflow/example_dags/plugins/workday.py
[2026-02-25T12:55:24.851+0000] {logging_mixin.py:190} INFO - [2026-02-25T12:55:24.851+0000] {workday.py:41} WARNING - Could not import pandas. Holidays will not be considered.
[2026-02-25T12:55:24.852+0000] {processor.py:927} WARNING - No viable dags retrieved from /home/ubuntu/airflow-venv/lib/python3.12/site-packages/airflow/example_dags/plugins/workday.py
[2026-02-25T12:55:24.858+0000] {processor.py:208} INFO - Processing /home/ubuntu/airflow-venv/lib/python3.12/site-packages/airflow/example_dags/plugins/workday.py took 0.014 seconds
[2026-02-25T12:56:13.974+0000] {processor.py:186} INFO - Started process (PID=3594) to work on /home/ubuntu/airflow-venv/lib/python3.12/site-packages/airflow/example_dags/plugins/workday.py
[2026-02-25T12:56:13.975+0000] {processor.py:914} INFO - Processing file /home/ubuntu/airflow-venv/lib/python3.12/site-packages/airflow/example_dags/plugins/workday.py for tasks to queue
[2026-02-25T12:56:13.977+0000] {logging_mixin.py:190} INFO - [2026-02-25T12:56:13.976+0000] {dagbag.py:588} INFO - Filling up the DagBag from /home/ubuntu/airflow-venv/lib/python3.12/site-packages/airflow/example_dags/plugins/workday.py
[2026-02-25T12:56:13.978+0000] {logging_mixin.py:190} INFO - [2026-02-25T12:56:13.978+0000] {workday.py:41} WARNING - Could not import pandas. Holidays will not be considered.
[2026-02-25T12:56:13.978+0000] {processor.py:927} WARNING - No viable dags retrieved from /home/ubuntu/airflow-venv/lib/python3.12/site-packages/airflow/example_dags/plugins/workday.py
[2026-02-25T12:56:13.985+0000] {processor.py:208} INFO - Processing /home/ubuntu/airflow-venv/lib/python3.12/site-packages/airflow/example_dags/plugins/workday.py took 0.015 seconds
[2026-02-25T12:57:05.284+0000] {processor.py:186} INFO - Started process (PID=3647) to work on /home/ubuntu/airflow-venv/lib/python3.12/site-packages/airflow/example_dags/plugins/workday.py
[2026-02-25T12:57:05.285+0000] {processor.py:914} INFO - Processing file /home/ubuntu/airflow-venv/lib/python3.12/site-packages/airflow/example_dags/plugins/workday.py for tasks to queue
[2026-02-25T12:57:05.286+0000] {logging_mixin.py:190} INFO - [2026-02-25T12:57:05.286+0000] {dagbag.py:588} INFO - Filling up the DagBag from /home/ubuntu/airflow-venv/lib/python3.12/site-packages/airflow/example_dags/plugins/workday.py
[2026-02-25T12:57:05.288+0000] {logging_mixin.py:190} INFO - [2026-02-25T12:57:05.288+0000] {workday.py:41} WARNING - Could not import pandas. Holidays will not be considered.
[2026-02-25T12:57:05.288+0000] {processor.py:927} WARNING - No viable dags retrieved from /home/ubuntu/airflow-venv/lib/python3.12/site-packages/airflow/example_dags/plugins/workday.py
[2026-02-25T12:57:05.295+0000] {processor.py:208} INFO - Processing /home/ubuntu/airflow-venv/lib/python3.12/site-packages/airflow/example_dags/plugins/workday.py took 0.014 seconds
[2026-02-25T12:57:58.887+0000] {processor.py:186} INFO - Started process (PID=3702) to work on /home/ubuntu/airflow-venv/lib/python3.12/site-packages/airflow/example_dags/plugins/workday.py
[2026-02-25T12:57:58.889+0000] {processor.py:914} INFO - Processing file /home/ubuntu/airflow-venv/lib/python3.12/site-packages/airflow/example_dags/plugins/workday.py for tasks to queue
[2026-02-25T12:57:58.890+0000] {logging_mixin.py:190} INFO - [2026-02-25T12:57:58.890+0000] {dagbag.py:588} INFO - Filling up the DagBag from /home/ubuntu/airflow-venv/lib/python3.12/site-packages/airflow/example_dags/plugins/workday.py
[2026-02-25T12:57:58.891+0000] {logging_mixin.py:190} INFO - [2026-02-25T12:57:58.891+0000] {workday.py:41} WARNING - Could not import pandas. Holidays will not be considered.
[2026-02-25T12:57:58.892+0000] {processor.py:927} WARNING - No viable dags retrieved from /home/ubuntu/airflow-venv/lib/python3.12/site-packages/airflow/example_dags/plugins/workday.py
[2026-02-25T12:57:58.898+0000] {processor.py:208} INFO - Processing /home/ubuntu/airflow-venv/lib/python3.12/site-packages/airflow/example_dags/plugins/workday.py took 0.014 seconds
[2026-02-25T12:58:46.823+0000] {processor.py:186} INFO - Started process (PID=3753) to work on /home/ubuntu/airflow-venv/lib/python3.12/site-packages/airflow/example_dags/plugins/workday.py
[2026-02-25T12:58:46.824+0000] {processor.py:914} INFO - Processing file /home/ubuntu/airflow-venv/lib/python3.12/site-packages/airflow/example_dags/plugins/workday.py for tasks to queue
[2026-02-25T12:58:46.825+0000] {logging_mixin.py:190} INFO - [2026-02-25T12:58:46.825+0000] {dagbag.py:588} INFO - Filling up the DagBag from /home/ubuntu/airflow-venv/lib/python3.12/site-packages/airflow/example_dags/plugins/workday.py
[2026-02-25T12:58:46.827+0000] {logging_mixin.py:190} INFO - [2026-02-25T12:58:46.827+0000] {workday.py:41} WARNING - Could not import pandas. Holidays will not be considered.
[2026-02-25T12:58:46.827+0000] {processor.py:927} WARNING - No viable dags retrieved from /home/ubuntu/airflow-venv/lib/python3.12/site-packages/airflow/example_dags/plugins/workday.py
[2026-02-25T12:58:46.834+0000] {processor.py:208} INFO - Processing /home/ubuntu/airflow-venv/lib/python3.12/site-packages/airflow/example_dags/plugins/workday.py took 0.014 seconds
[2026-02-25T12:59:38.162+0000] {processor.py:186} INFO - Started process (PID=3808) to work on /home/ubuntu/airflow-venv/lib/python3.12/site-packages/airflow/example_dags/plugins/workday.py
[2026-02-25T12:59:38.163+0000] {processor.py:914} INFO - Processing file /home/ubuntu/airflow-venv/lib/python3.12/site-packages/airflow/example_dags/plugins/workday.py for tasks to queue
[2026-02-25T12:59:38.165+0000] {logging_mixin.py:190} INFO - [2026-02-25T12:59:38.164+0000] {dagbag.py:588} INFO - Filling up the DagBag from /home/ubuntu/airflow-venv/lib/python3.12/site-packages/airflow/example_dags/plugins/workday.py
[2026-02-25T12:59:38.166+0000] {logging_mixin.py:190} INFO - [2026-02-25T12:59:38.166+0000] {workday.py:41} WARNING - Could not import pandas. Holidays will not be considered.
[2026-02-25T12:59:38.166+0000] {processor.py:927} WARNING - No viable dags retrieved from /home/ubuntu/airflow-venv/lib/python3.12/site-packages/airflow/example_dags/plugins/workday.py
[2026-02-25T12:59:38.173+0000] {processor.py:208} INFO - Processing /home/ubuntu/airflow-venv/lib/python3.12/site-packages/airflow/example_dags/plugins/workday.py took 0.015 seconds
[2026-02-25T13:00:26.445+0000] {processor.py:186} INFO - Started process (PID=3860) to work on /home/ubuntu/airflow-venv/lib/python3.12/site-packages/airflow/example_dags/plugins/workday.py
[2026-02-25T13:00:26.446+0000] {processor.py:914} INFO - Processing file /home/ubuntu/airflow-venv/lib/python3.12/site-packages/airflow/example_dags/plugins/workday.py for tasks to queue
[2026-02-25T13:00:26.448+0000] {logging_mixin.py:190} INFO - [2026-02-25T13:00:26.448+0000] {dagbag.py:588} INFO - Filling up the DagBag from /home/ubuntu/airflow-venv/lib/python3.12/site-packages/airflow/example_dags/plugins/workday.py
[2026-02-25T13:00:26.449+0000] {logging_mixin.py:190} INFO - [2026-02-25T13:00:26.449+0000] {workday.py:41} WARNING - Could not import pandas. Holidays will not be considered.
[2026-02-25T13:00:26.450+0000] {processor.py:927} WARNING - No viable dags retrieved from /home/ubuntu/airflow-venv/lib/python3.12/site-packages/airflow/example_dags/plugins/workday.py
[2026-02-25T13:00:26.456+0000] {processor.py:208} INFO - Processing /home/ubuntu/airflow-venv/lib/python3.12/site-packages/airflow/example_dags/plugins/workday.py took 0.015 seconds
[2026-02-25T13:01:13.823+0000] {processor.py:186} INFO - Started process (PID=3913) to work on /home/ubuntu/airflow-venv/lib/python3.12/site-packages/airflow/example_dags/plugins/workday.py
[2026-02-25T13:01:13.824+0000] {processor.py:914} INFO - Processing file /home/ubuntu/airflow-venv/lib/python3.12/site-packages/airflow/example_dags/plugins/workday.py for tasks to queue
[2026-02-25T13:01:13.826+0000] {logging_mixin.py:190} INFO - [2026-02-25T13:01:13.825+0000] {dagbag.py:588} INFO - Filling up the DagBag from /home/ubuntu/airflow-venv/lib/python3.12/site-packages/airflow/example_dags/plugins/workday.py
[2026-02-25T13:01:13.827+0000] {logging_mixin.py:190} INFO - [2026-02-25T13:01:13.827+0000] {workday.py:41} WARNING - Could not import pandas. Holidays will not be considered.
[2026-02-25T13:01:13.827+0000] {processor.py:927} WARNING - No viable dags retrieved from /home/ubuntu/airflow-venv/lib/python3.12/site-packages/airflow/example_dags/plugins/workday.py
[2026-02-25T13:01:13.834+0000] {processor.py:208} INFO - Processing /home/ubuntu/airflow-venv/lib/python3.12/site-packages/airflow/example_dags/plugins/workday.py took 0.015 seconds
[2026-02-25T13:02:20.818+0000] {processor.py:186} INFO - Started process (PID=3953) to work on /home/ubuntu/airflow-venv/lib/python3.12/site-packages/airflow/example_dags/plugins/workday.py
[2026-02-25T13:02:20.820+0000] {processor.py:914} INFO - Processing file /home/ubuntu/airflow-venv/lib/python3.12/site-packages/airflow/example_dags/plugins/workday.py for tasks to queue
[2026-02-25T13:02:20.821+0000] {logging_mixin.py:190} INFO - [2026-02-25T13:02:20.820+0000] {dagbag.py:588} INFO - Filling up the DagBag from /home/ubuntu/airflow-venv/lib/python3.12/site-packages/airflow/example_dags/plugins/workday.py
[2026-02-25T13:02:20.822+0000] {logging_mixin.py:190} INFO - [2026-02-25T13:02:20.822+0000] {workday.py:41} WARNING - Could not import pandas. Holidays will not be considered.
[2026-02-25T13:02:20.823+0000] {processor.py:927} WARNING - No viable dags retrieved from /home/ubuntu/airflow-venv/lib/python3.12/site-packages/airflow/example_dags/plugins/workday.py
[2026-02-25T13:02:21.210+0000] {processor.py:208} INFO - Processing /home/ubuntu/airflow-venv/lib/python3.12/site-packages/airflow/example_dags/plugins/workday.py took 0.396 seconds
[2026-02-25T13:03:20.845+0000] {processor.py:186} INFO - Started process (PID=4018) to work on /home/ubuntu/airflow-venv/lib/python3.12/site-packages/airflow/example_dags/plugins/workday.py
[2026-02-25T13:03:20.846+0000] {processor.py:914} INFO - Processing file /home/ubuntu/airflow-venv/lib/python3.12/site-packages/airflow/example_dags/plugins/workday.py for tasks to queue
[2026-02-25T13:03:20.848+0000] {logging_mixin.py:190} INFO - [2026-02-25T13:03:20.847+0000] {dagbag.py:588} INFO - Filling up the DagBag from /home/ubuntu/airflow-venv/lib/python3.12/site-packages/airflow/example_dags/plugins/workday.py
[2026-02-25T13:03:20.849+0000] {logging_mixin.py:190} INFO - [2026-02-25T13:03:20.849+0000] {workday.py:41} WARNING - Could not import pandas. Holidays will not be considered.
[2026-02-25T13:03:20.850+0000] {processor.py:927} WARNING - No viable dags retrieved from /home/ubuntu/airflow-venv/lib/python3.12/site-packages/airflow/example_dags/plugins/workday.py
[2026-02-25T13:03:20.856+0000] {processor.py:208} INFO - Processing /home/ubuntu/airflow-venv/lib/python3.12/site-packages/airflow/example_dags/plugins/workday.py took 0.014 seconds
[2026-02-25T13:04:12.160+0000] {processor.py:186} INFO - Started process (PID=4072) to work on /home/ubuntu/airflow-venv/lib/python3.12/site-packages/airflow/example_dags/plugins/workday.py
[2026-02-25T13:04:12.161+0000] {processor.py:914} INFO - Processing file /home/ubuntu/airflow-venv/lib/python3.12/site-packages/airflow/example_dags/plugins/workday.py for tasks to queue
[2026-02-25T13:04:12.162+0000] {logging_mixin.py:190} INFO - [2026-02-25T13:04:12.162+0000] {dagbag.py:588} INFO - Filling up the DagBag from /home/ubuntu/airflow-venv/lib/python3.12/site-packages/airflow/example_dags/plugins/workday.py
[2026-02-25T13:04:12.164+0000] {logging_mixin.py:190} INFO - [2026-02-25T13:04:12.164+0000] {workday.py:41} WARNING - Could not import pandas. Holidays will not be considered.
[2026-02-25T13:04:12.164+0000] {processor.py:927} WARNING - No viable dags retrieved from /home/ubuntu/airflow-venv/lib/python3.12/site-packages/airflow/example_dags/plugins/workday.py
[2026-02-25T13:04:12.171+0000] {processor.py:208} INFO - Processing /home/ubuntu/airflow-venv/lib/python3.12/site-packages/airflow/example_dags/plugins/workday.py took 0.014 seconds
[2026-02-25T13:05:14.042+0000] {processor.py:186} INFO - Started process (PID=4128) to work on /home/ubuntu/airflow-venv/lib/python3.12/site-packages/airflow/example_dags/plugins/workday.py
[2026-02-25T13:05:14.043+0000] {processor.py:914} INFO - Processing file /home/ubuntu/airflow-venv/lib/python3.12/site-packages/airflow/example_dags/plugins/workday.py for tasks to queue
[2026-02-25T13:05:14.044+0000] {logging_mixin.py:190} INFO - [2026-02-25T13:05:14.044+0000] {dagbag.py:588} INFO - Filling up the DagBag from /home/ubuntu/airflow-venv/lib/python3.12/site-packages/airflow/example_dags/plugins/workday.py
[2026-02-25T13:05:14.046+0000] {logging_mixin.py:190} INFO - [2026-02-25T13:05:14.046+0000] {workday.py:41} WARNING - Could not import pandas. Holidays will not be considered.
[2026-02-25T13:05:14.046+0000] {processor.py:927} WARNING - No viable dags retrieved from /home/ubuntu/airflow-venv/lib/python3.12/site-packages/airflow/example_dags/plugins/workday.py
[2026-02-25T13:05:14.052+0000] {processor.py:208} INFO - Processing /home/ubuntu/airflow-venv/lib/python3.12/site-packages/airflow/example_dags/plugins/workday.py took 0.014 seconds
[2026-02-25T13:08:57.669+0000] {processor.py:186} INFO - Started process (PID=1667) to work on /home/ubuntu/airflow-venv/lib/python3.12/site-packages/airflow/example_dags/plugins/workday.py
[2026-02-25T13:08:57.671+0000] {processor.py:914} INFO - Processing file /home/ubuntu/airflow-venv/lib/python3.12/site-packages/airflow/example_dags/plugins/workday.py for tasks to queue
[2026-02-25T13:08:57.673+0000] {logging_mixin.py:190} INFO - [2026-02-25T13:08:57.672+0000] {dagbag.py:588} INFO - Filling up the DagBag from /home/ubuntu/airflow-venv/lib/python3.12/site-packages/airflow/example_dags/plugins/workday.py
[2026-02-25T13:08:57.674+0000] {logging_mixin.py:190} INFO - [2026-02-25T13:08:57.674+0000] {workday.py:41} WARNING - Could not import pandas. Holidays will not be considered.
[2026-02-25T13:08:57.675+0000] {processor.py:927} WARNING - No viable dags retrieved from /home/ubuntu/airflow-venv/lib/python3.12/site-packages/airflow/example_dags/plugins/workday.py
[2026-02-25T13:08:57.682+0000] {processor.py:208} INFO - Processing /home/ubuntu/airflow-venv/lib/python3.12/site-packages/airflow/example_dags/plugins/workday.py took 0.016 seconds
[2026-02-25T13:09:51.616+0000] {processor.py:186} INFO - Started process (PID=2159) to work on /home/ubuntu/airflow-venv/lib/python3.12/site-packages/airflow/example_dags/plugins/workday.py
[2026-02-25T13:09:51.618+0000] {processor.py:914} INFO - Processing file /home/ubuntu/airflow-venv/lib/python3.12/site-packages/airflow/example_dags/plugins/workday.py for tasks to queue
[2026-02-25T13:09:51.619+0000] {logging_mixin.py:190} INFO - [2026-02-25T13:09:51.619+0000] {dagbag.py:588} INFO - Filling up the DagBag from /home/ubuntu/airflow-venv/lib/python3.12/site-packages/airflow/example_dags/plugins/workday.py
[2026-02-25T13:09:51.621+0000] {logging_mixin.py:190} INFO - [2026-02-25T13:09:51.621+0000] {workday.py:41} WARNING - Could not import pandas. Holidays will not be considered.
[2026-02-25T13:09:51.621+0000] {processor.py:927} WARNING - No viable dags retrieved from /home/ubuntu/airflow-venv/lib/python3.12/site-packages/airflow/example_dags/plugins/workday.py
[2026-02-25T13:09:51.628+0000] {processor.py:208} INFO - Processing /home/ubuntu/airflow-venv/lib/python3.12/site-packages/airflow/example_dags/plugins/workday.py took 0.015 seconds
[2026-02-25T13:10:40.081+0000] {processor.py:186} INFO - Started process (PID=2213) to work on /home/ubuntu/airflow-venv/lib/python3.12/site-packages/airflow/example_dags/plugins/workday.py
[2026-02-25T13:10:40.082+0000] {processor.py:914} INFO - Processing file /home/ubuntu/airflow-venv/lib/python3.12/site-packages/airflow/example_dags/plugins/workday.py for tasks to queue
[2026-02-25T13:10:40.083+0000] {logging_mixin.py:190} INFO - [2026-02-25T13:10:40.083+0000] {dagbag.py:588} INFO - Filling up the DagBag from /home/ubuntu/airflow-venv/lib/python3.12/site-packages/airflow/example_dags/plugins/workday.py
[2026-02-25T13:10:40.085+0000] {logging_mixin.py:190} INFO - [2026-02-25T13:10:40.085+0000] {workday.py:41} WARNING - Could not import pandas. Holidays will not be considered.
[2026-02-25T13:10:40.085+0000] {processor.py:927} WARNING - No viable dags retrieved from /home/ubuntu/airflow-venv/lib/python3.12/site-packages/airflow/example_dags/plugins/workday.py
[2026-02-25T13:10:40.093+0000] {processor.py:208} INFO - Processing /home/ubuntu/airflow-venv/lib/python3.12/site-packages/airflow/example_dags/plugins/workday.py took 0.015 seconds
[2026-02-25T13:11:26.324+0000] {processor.py:186} INFO - Started process (PID=2627) to work on /home/ubuntu/airflow-venv/lib/python3.12/site-packages/airflow/example_dags/plugins/workday.py
[2026-02-25T13:11:26.325+0000] {processor.py:914} INFO - Processing file /home/ubuntu/airflow-venv/lib/python3.12/site-packages/airflow/example_dags/plugins/workday.py for tasks to queue
[2026-02-25T13:11:26.326+0000] {logging_mixin.py:190} INFO - [2026-02-25T13:11:26.326+0000] {dagbag.py:588} INFO - Filling up the DagBag from /home/ubuntu/airflow-venv/lib/python3.12/site-packages/airflow/example_dags/plugins/workday.py
[2026-02-25T13:11:26.328+0000] {logging_mixin.py:190} INFO - [2026-02-25T13:11:26.328+0000] {workday.py:41} WARNING - Could not import pandas. Holidays will not be considered.
[2026-02-25T13:11:26.328+0000] {processor.py:927} WARNING - No viable dags retrieved from /home/ubuntu/airflow-venv/lib/python3.12/site-packages/airflow/example_dags/plugins/workday.py
[2026-02-25T13:11:26.336+0000] {processor.py:208} INFO - Processing /home/ubuntu/airflow-venv/lib/python3.12/site-packages/airflow/example_dags/plugins/workday.py took 0.016 seconds
[2026-02-25T13:15:08.861+0000] {processor.py:186} INFO - Started process (PID=3034) to work on /home/ubuntu/airflow-venv/lib/python3.12/site-packages/airflow/example_dags/plugins/workday.py
[2026-02-25T13:15:08.862+0000] {processor.py:914} INFO - Processing file /home/ubuntu/airflow-venv/lib/python3.12/site-packages/airflow/example_dags/plugins/workday.py for tasks to queue
[2026-02-25T13:15:08.864+0000] {logging_mixin.py:190} INFO - [2026-02-25T13:15:08.864+0000] {dagbag.py:588} INFO - Filling up the DagBag from /home/ubuntu/airflow-venv/lib/python3.12/site-packages/airflow/example_dags/plugins/workday.py
[2026-02-25T13:15:08.866+0000] {logging_mixin.py:190} INFO - [2026-02-25T13:15:08.866+0000] {workday.py:41} WARNING - Could not import pandas. Holidays will not be considered.
[2026-02-25T13:15:08.866+0000] {processor.py:927} WARNING - No viable dags retrieved from /home/ubuntu/airflow-venv/lib/python3.12/site-packages/airflow/example_dags/plugins/workday.py
[2026-02-25T13:15:08.873+0000] {processor.py:208} INFO - Processing /home/ubuntu/airflow-venv/lib/python3.12/site-packages/airflow/example_dags/plugins/workday.py took 0.015 seconds
[2026-02-25T13:16:05.290+0000] {processor.py:186} INFO - Started process (PID=3098) to work on /home/ubuntu/airflow-venv/lib/python3.12/site-packages/airflow/example_dags/plugins/workday.py
[2026-02-25T13:16:05.291+0000] {processor.py:914} INFO - Processing file /home/ubuntu/airflow-venv/lib/python3.12/site-packages/airflow/example_dags/plugins/workday.py for tasks to queue
[2026-02-25T13:16:05.292+0000] {logging_mixin.py:190} INFO - [2026-02-25T13:16:05.292+0000] {dagbag.py:588} INFO - Filling up the DagBag from /home/ubuntu/airflow-venv/lib/python3.12/site-packages/airflow/example_dags/plugins/workday.py
[2026-02-25T13:16:05.294+0000] {logging_mixin.py:190} INFO - [2026-02-25T13:16:05.294+0000] {workday.py:41} WARNING - Could not import pandas. Holidays will not be considered.
[2026-02-25T13:16:05.294+0000] {processor.py:927} WARNING - No viable dags retrieved from /home/ubuntu/airflow-venv/lib/python3.12/site-packages/airflow/example_dags/plugins/workday.py
[2026-02-25T13:16:05.302+0000] {processor.py:208} INFO - Processing /home/ubuntu/airflow-venv/lib/python3.12/site-packages/airflow/example_dags/plugins/workday.py took 0.015 seconds
[2026-02-25T13:16:56.601+0000] {processor.py:186} INFO - Started process (PID=3154) to work on /home/ubuntu/airflow-venv/lib/python3.12/site-packages/airflow/example_dags/plugins/workday.py
[2026-02-25T13:16:56.602+0000] {processor.py:914} INFO - Processing file /home/ubuntu/airflow-venv/lib/python3.12/site-packages/airflow/example_dags/plugins/workday.py for tasks to queue
[2026-02-25T13:16:56.603+0000] {logging_mixin.py:190} INFO - [2026-02-25T13:16:56.603+0000] {dagbag.py:588} INFO - Filling up the DagBag from /home/ubuntu/airflow-venv/lib/python3.12/site-packages/airflow/example_dags/plugins/workday.py
[2026-02-25T13:16:56.605+0000] {logging_mixin.py:190} INFO - [2026-02-25T13:16:56.605+0000] {workday.py:41} WARNING - Could not import pandas. Holidays will not be considered.
[2026-02-25T13:16:56.605+0000] {processor.py:927} WARNING - No viable dags retrieved from /home/ubuntu/airflow-venv/lib/python3.12/site-packages/airflow/example_dags/plugins/workday.py
[2026-02-25T13:16:56.612+0000] {processor.py:208} INFO - Processing /home/ubuntu/airflow-venv/lib/python3.12/site-packages/airflow/example_dags/plugins/workday.py took 0.015 seconds
[2026-02-25T13:17:46.876+0000] {processor.py:186} INFO - Started process (PID=3210) to work on /home/ubuntu/airflow-venv/lib/python3.12/site-packages/airflow/example_dags/plugins/workday.py
[2026-02-25T13:17:46.878+0000] {processor.py:914} INFO - Processing file /home/ubuntu/airflow-venv/lib/python3.12/site-packages/airflow/example_dags/plugins/workday.py for tasks to queue
[2026-02-25T13:17:46.879+0000] {logging_mixin.py:190} INFO - [2026-02-25T13:17:46.879+0000] {dagbag.py:588} INFO - Filling up the DagBag from /home/ubuntu/airflow-venv/lib/python3.12/site-packages/airflow/example_dags/plugins/workday.py
[2026-02-25T13:17:46.881+0000] {logging_mixin.py:190} INFO - [2026-02-25T13:17:46.881+0000] {workday.py:41} WARNING - Could not import pandas. Holidays will not be considered.
[2026-02-25T13:17:46.881+0000] {processor.py:927} WARNING - No viable dags retrieved from /home/ubuntu/airflow-venv/lib/python3.12/site-packages/airflow/example_dags/plugins/workday.py
[2026-02-25T13:17:46.889+0000] {processor.py:208} INFO - Processing /home/ubuntu/airflow-venv/lib/python3.12/site-packages/airflow/example_dags/plugins/workday.py took 0.016 seconds
[2026-02-25T13:18:37.087+0000] {processor.py:186} INFO - Started process (PID=3266) to work on /home/ubuntu/airflow-venv/lib/python3.12/site-packages/airflow/example_dags/plugins/workday.py
[2026-02-25T13:18:37.088+0000] {processor.py:914} INFO - Processing file /home/ubuntu/airflow-venv/lib/python3.12/site-packages/airflow/example_dags/plugins/workday.py for tasks to queue
[2026-02-25T13:18:37.090+0000] {logging_mixin.py:190} INFO - [2026-02-25T13:18:37.089+0000] {dagbag.py:588} INFO - Filling up the DagBag from /home/ubuntu/airflow-venv/lib/python3.12/site-packages/airflow/example_dags/plugins/workday.py
[2026-02-25T13:18:37.091+0000] {logging_mixin.py:190} INFO - [2026-02-25T13:18:37.091+0000] {workday.py:41} WARNING - Could not import pandas. Holidays will not be considered.
[2026-02-25T13:18:37.092+0000] {processor.py:927} WARNING - No viable dags retrieved from /home/ubuntu/airflow-venv/lib/python3.12/site-packages/airflow/example_dags/plugins/workday.py
[2026-02-25T13:18:37.099+0000] {processor.py:208} INFO - Processing /home/ubuntu/airflow-venv/lib/python3.12/site-packages/airflow/example_dags/plugins/workday.py took 0.015 seconds
[2026-02-25T13:19:29.473+0000] {processor.py:186} INFO - Started process (PID=3336) to work on /home/ubuntu/airflow-venv/lib/python3.12/site-packages/airflow/example_dags/plugins/workday.py
[2026-02-25T13:19:29.474+0000] {processor.py:914} INFO - Processing file /home/ubuntu/airflow-venv/lib/python3.12/site-packages/airflow/example_dags/plugins/workday.py for tasks to queue
[2026-02-25T13:19:29.476+0000] {logging_mixin.py:190} INFO - [2026-02-25T13:19:29.475+0000] {dagbag.py:588} INFO - Filling up the DagBag from /home/ubuntu/airflow-venv/lib/python3.12/site-packages/airflow/example_dags/plugins/workday.py
[2026-02-25T13:19:29.477+0000] {logging_mixin.py:190} INFO - [2026-02-25T13:19:29.477+0000] {workday.py:41} WARNING - Could not import pandas. Holidays will not be considered.
[2026-02-25T13:19:29.478+0000] {processor.py:927} WARNING - No viable dags retrieved from /home/ubuntu/airflow-venv/lib/python3.12/site-packages/airflow/example_dags/plugins/workday.py
[2026-02-25T13:19:29.485+0000] {processor.py:208} INFO - Processing /home/ubuntu/airflow-venv/lib/python3.12/site-packages/airflow/example_dags/plugins/workday.py took 0.015 seconds
[2026-02-25T13:20:19.691+0000] {processor.py:186} INFO - Started process (PID=3392) to work on /home/ubuntu/airflow-venv/lib/python3.12/site-packages/airflow/example_dags/plugins/workday.py
[2026-02-25T13:20:19.692+0000] {processor.py:914} INFO - Processing file /home/ubuntu/airflow-venv/lib/python3.12/site-packages/airflow/example_dags/plugins/workday.py for tasks to queue
[2026-02-25T13:20:19.694+0000] {logging_mixin.py:190} INFO - [2026-02-25T13:20:19.693+0000] {dagbag.py:588} INFO - Filling up the DagBag from /home/ubuntu/airflow-venv/lib/python3.12/site-packages/airflow/example_dags/plugins/workday.py
[2026-02-25T13:20:19.695+0000] {logging_mixin.py:190} INFO - [2026-02-25T13:20:19.695+0000] {workday.py:41} WARNING - Could not import pandas. Holidays will not be considered.
[2026-02-25T13:20:19.696+0000] {processor.py:927} WARNING - No viable dags retrieved from /home/ubuntu/airflow-venv/lib/python3.12/site-packages/airflow/example_dags/plugins/workday.py
[2026-02-25T13:20:19.703+0000] {processor.py:208} INFO - Processing /home/ubuntu/airflow-venv/lib/python3.12/site-packages/airflow/example_dags/plugins/workday.py took 0.015 seconds
[2026-02-25T13:21:17.023+0000] {processor.py:186} INFO - Started process (PID=3447) to work on /home/ubuntu/airflow-venv/lib/python3.12/site-packages/airflow/example_dags/plugins/workday.py
[2026-02-25T13:21:17.024+0000] {processor.py:914} INFO - Processing file /home/ubuntu/airflow-venv/lib/python3.12/site-packages/airflow/example_dags/plugins/workday.py for tasks to queue
[2026-02-25T13:21:17.025+0000] {logging_mixin.py:190} INFO - [2026-02-25T13:21:17.025+0000] {dagbag.py:588} INFO - Filling up the DagBag from /home/ubuntu/airflow-venv/lib/python3.12/site-packages/airflow/example_dags/plugins/workday.py
[2026-02-25T13:21:17.027+0000] {logging_mixin.py:190} INFO - [2026-02-25T13:21:17.027+0000] {workday.py:41} WARNING - Could not import pandas. Holidays will not be considered.
[2026-02-25T13:21:17.027+0000] {processor.py:927} WARNING - No viable dags retrieved from /home/ubuntu/airflow-venv/lib/python3.12/site-packages/airflow/example_dags/plugins/workday.py
[2026-02-25T13:21:17.035+0000] {processor.py:208} INFO - Processing /home/ubuntu/airflow-venv/lib/python3.12/site-packages/airflow/example_dags/plugins/workday.py took 0.015 seconds
[2026-02-25T13:22:11.177+0000] {processor.py:186} INFO - Started process (PID=3503) to work on /home/ubuntu/airflow-venv/lib/python3.12/site-packages/airflow/example_dags/plugins/workday.py
[2026-02-25T13:22:11.178+0000] {processor.py:914} INFO - Processing file /home/ubuntu/airflow-venv/lib/python3.12/site-packages/airflow/example_dags/plugins/workday.py for tasks to queue
[2026-02-25T13:22:11.179+0000] {logging_mixin.py:190} INFO - [2026-02-25T13:22:11.179+0000] {dagbag.py:588} INFO - Filling up the DagBag from /home/ubuntu/airflow-venv/lib/python3.12/site-packages/airflow/example_dags/plugins/workday.py
[2026-02-25T13:22:11.181+0000] {logging_mixin.py:190} INFO - [2026-02-25T13:22:11.181+0000] {workday.py:41} WARNING - Could not import pandas. Holidays will not be considered.
[2026-02-25T13:22:11.181+0000] {processor.py:927} WARNING - No viable dags retrieved from /home/ubuntu/airflow-venv/lib/python3.12/site-packages/airflow/example_dags/plugins/workday.py
[2026-02-25T13:22:11.188+0000] {processor.py:208} INFO - Processing /home/ubuntu/airflow-venv/lib/python3.12/site-packages/airflow/example_dags/plugins/workday.py took 0.016 seconds
[2026-02-25T13:23:02.654+0000] {processor.py:186} INFO - Started process (PID=3597) to work on /home/ubuntu/airflow-venv/lib/python3.12/site-packages/airflow/example_dags/plugins/workday.py
[2026-02-25T13:23:02.655+0000] {processor.py:914} INFO - Processing file /home/ubuntu/airflow-venv/lib/python3.12/site-packages/airflow/example_dags/plugins/workday.py for tasks to queue
[2026-02-25T13:23:02.656+0000] {logging_mixin.py:190} INFO - [2026-02-25T13:23:02.656+0000] {dagbag.py:588} INFO - Filling up the DagBag from /home/ubuntu/airflow-venv/lib/python3.12/site-packages/airflow/example_dags/plugins/workday.py
[2026-02-25T13:23:02.658+0000] {logging_mixin.py:190} INFO - [2026-02-25T13:23:02.658+0000] {workday.py:41} WARNING - Could not import pandas. Holidays will not be considered.
[2026-02-25T13:23:02.658+0000] {processor.py:927} WARNING - No viable dags retrieved from /home/ubuntu/airflow-venv/lib/python3.12/site-packages/airflow/example_dags/plugins/workday.py
[2026-02-25T13:23:02.666+0000] {processor.py:208} INFO - Processing /home/ubuntu/airflow-venv/lib/python3.12/site-packages/airflow/example_dags/plugins/workday.py took 0.016 seconds
[2026-02-25T13:25:11.633+0000] {processor.py:186} INFO - Started process (PID=3661) to work on /home/ubuntu/airflow-venv/lib/python3.12/site-packages/airflow/example_dags/plugins/workday.py
[2026-02-25T13:25:11.635+0000] {processor.py:914} INFO - Processing file /home/ubuntu/airflow-venv/lib/python3.12/site-packages/airflow/example_dags/plugins/workday.py for tasks to queue
[2026-02-25T13:25:11.636+0000] {logging_mixin.py:190} INFO - [2026-02-25T13:25:11.636+0000] {dagbag.py:588} INFO - Filling up the DagBag from /home/ubuntu/airflow-venv/lib/python3.12/site-packages/airflow/example_dags/plugins/workday.py
[2026-02-25T13:25:11.638+0000] {logging_mixin.py:190} INFO - [2026-02-25T13:25:11.638+0000] {workday.py:41} WARNING - Could not import pandas. Holidays will not be considered.
[2026-02-25T13:25:11.638+0000] {processor.py:927} WARNING - No viable dags retrieved from /home/ubuntu/airflow-venv/lib/python3.12/site-packages/airflow/example_dags/plugins/workday.py
[2026-02-25T13:25:11.645+0000] {processor.py:208} INFO - Processing /home/ubuntu/airflow-venv/lib/python3.12/site-packages/airflow/example_dags/plugins/workday.py took 0.015 seconds
[2026-02-25T13:35:28.742+0000] {processor.py:186} INFO - Started process (PID=1674) to work on /home/ubuntu/airflow-venv/lib/python3.12/site-packages/airflow/example_dags/plugins/workday.py
[2026-02-25T13:35:28.744+0000] {processor.py:914} INFO - Processing file /home/ubuntu/airflow-venv/lib/python3.12/site-packages/airflow/example_dags/plugins/workday.py for tasks to queue
[2026-02-25T13:35:28.745+0000] {logging_mixin.py:190} INFO - [2026-02-25T13:35:28.745+0000] {dagbag.py:588} INFO - Filling up the DagBag from /home/ubuntu/airflow-venv/lib/python3.12/site-packages/airflow/example_dags/plugins/workday.py
[2026-02-25T13:35:28.747+0000] {logging_mixin.py:190} INFO - [2026-02-25T13:35:28.747+0000] {workday.py:41} WARNING - Could not import pandas. Holidays will not be considered.
[2026-02-25T13:35:28.747+0000] {processor.py:927} WARNING - No viable dags retrieved from /home/ubuntu/airflow-venv/lib/python3.12/site-packages/airflow/example_dags/plugins/workday.py
[2026-02-25T13:35:28.754+0000] {processor.py:208} INFO - Processing /home/ubuntu/airflow-venv/lib/python3.12/site-packages/airflow/example_dags/plugins/workday.py took 0.015 seconds
[2026-02-25T13:36:22.677+0000] {processor.py:186} INFO - Started process (PID=2113) to work on /home/ubuntu/airflow-venv/lib/python3.12/site-packages/airflow/example_dags/plugins/workday.py
[2026-02-25T13:36:22.678+0000] {processor.py:914} INFO - Processing file /home/ubuntu/airflow-venv/lib/python3.12/site-packages/airflow/example_dags/plugins/workday.py for tasks to queue
[2026-02-25T13:36:22.679+0000] {logging_mixin.py:190} INFO - [2026-02-25T13:36:22.679+0000] {dagbag.py:588} INFO - Filling up the DagBag from /home/ubuntu/airflow-venv/lib/python3.12/site-packages/airflow/example_dags/plugins/workday.py
[2026-02-25T13:36:22.681+0000] {logging_mixin.py:190} INFO - [2026-02-25T13:36:22.681+0000] {workday.py:41} WARNING - Could not import pandas. Holidays will not be considered.
[2026-02-25T13:36:22.681+0000] {processor.py:927} WARNING - No viable dags retrieved from /home/ubuntu/airflow-venv/lib/python3.12/site-packages/airflow/example_dags/plugins/workday.py
[2026-02-25T13:36:22.687+0000] {processor.py:208} INFO - Processing /home/ubuntu/airflow-venv/lib/python3.12/site-packages/airflow/example_dags/plugins/workday.py took 0.014 seconds
[2026-02-25T13:37:11.119+0000] {processor.py:186} INFO - Started process (PID=2544) to work on /home/ubuntu/airflow-venv/lib/python3.12/site-packages/airflow/example_dags/plugins/workday.py
[2026-02-25T13:37:11.120+0000] {processor.py:914} INFO - Processing file /home/ubuntu/airflow-venv/lib/python3.12/site-packages/airflow/example_dags/plugins/workday.py for tasks to queue
[2026-02-25T13:37:11.121+0000] {logging_mixin.py:190} INFO - [2026-02-25T13:37:11.121+0000] {dagbag.py:588} INFO - Filling up the DagBag from /home/ubuntu/airflow-venv/lib/python3.12/site-packages/airflow/example_dags/plugins/workday.py
[2026-02-25T13:37:11.123+0000] {logging_mixin.py:190} INFO - [2026-02-25T13:37:11.123+0000] {workday.py:41} WARNING - Could not import pandas. Holidays will not be considered.
[2026-02-25T13:37:11.123+0000] {processor.py:927} WARNING - No viable dags retrieved from /home/ubuntu/airflow-venv/lib/python3.12/site-packages/airflow/example_dags/plugins/workday.py
[2026-02-25T13:37:11.130+0000] {processor.py:208} INFO - Processing /home/ubuntu/airflow-venv/lib/python3.12/site-packages/airflow/example_dags/plugins/workday.py took 0.014 seconds
[2026-02-25T13:38:00.233+0000] {processor.py:186} INFO - Started process (PID=2601) to work on /home/ubuntu/airflow-venv/lib/python3.12/site-packages/airflow/example_dags/plugins/workday.py
[2026-02-25T13:38:00.234+0000] {processor.py:914} INFO - Processing file /home/ubuntu/airflow-venv/lib/python3.12/site-packages/airflow/example_dags/plugins/workday.py for tasks to queue
[2026-02-25T13:38:00.235+0000] {logging_mixin.py:190} INFO - [2026-02-25T13:38:00.235+0000] {dagbag.py:588} INFO - Filling up the DagBag from /home/ubuntu/airflow-venv/lib/python3.12/site-packages/airflow/example_dags/plugins/workday.py
[2026-02-25T13:38:00.237+0000] {logging_mixin.py:190} INFO - [2026-02-25T13:38:00.237+0000] {workday.py:41} WARNING - Could not import pandas. Holidays will not be considered.
[2026-02-25T13:38:00.237+0000] {processor.py:927} WARNING - No viable dags retrieved from /home/ubuntu/airflow-venv/lib/python3.12/site-packages/airflow/example_dags/plugins/workday.py
[2026-02-25T13:38:00.243+0000] {processor.py:208} INFO - Processing /home/ubuntu/airflow-venv/lib/python3.12/site-packages/airflow/example_dags/plugins/workday.py took 0.014 seconds
[2026-02-25T13:38:52.711+0000] {processor.py:186} INFO - Started process (PID=2656) to work on /home/ubuntu/airflow-venv/lib/python3.12/site-packages/airflow/example_dags/plugins/workday.py
[2026-02-25T13:38:52.712+0000] {processor.py:914} INFO - Processing file /home/ubuntu/airflow-venv/lib/python3.12/site-packages/airflow/example_dags/plugins/workday.py for tasks to queue
[2026-02-25T13:38:52.713+0000] {logging_mixin.py:190} INFO - [2026-02-25T13:38:52.713+0000] {dagbag.py:588} INFO - Filling up the DagBag from /home/ubuntu/airflow-venv/lib/python3.12/site-packages/airflow/example_dags/plugins/workday.py
[2026-02-25T13:38:52.715+0000] {logging_mixin.py:190} INFO - [2026-02-25T13:38:52.715+0000] {workday.py:41} WARNING - Could not import pandas. Holidays will not be considered.
[2026-02-25T13:38:52.715+0000] {processor.py:927} WARNING - No viable dags retrieved from /home/ubuntu/airflow-venv/lib/python3.12/site-packages/airflow/example_dags/plugins/workday.py
[2026-02-25T13:38:52.722+0000] {processor.py:208} INFO - Processing /home/ubuntu/airflow-venv/lib/python3.12/site-packages/airflow/example_dags/plugins/workday.py took 0.015 seconds
[2026-02-25T13:39:45.476+0000] {processor.py:186} INFO - Started process (PID=2719) to work on /home/ubuntu/airflow-venv/lib/python3.12/site-packages/airflow/example_dags/plugins/workday.py
[2026-02-25T13:39:45.477+0000] {processor.py:914} INFO - Processing file /home/ubuntu/airflow-venv/lib/python3.12/site-packages/airflow/example_dags/plugins/workday.py for tasks to queue
[2026-02-25T13:39:45.478+0000] {logging_mixin.py:190} INFO - [2026-02-25T13:39:45.478+0000] {dagbag.py:588} INFO - Filling up the DagBag from /home/ubuntu/airflow-venv/lib/python3.12/site-packages/airflow/example_dags/plugins/workday.py
[2026-02-25T13:39:45.480+0000] {logging_mixin.py:190} INFO - [2026-02-25T13:39:45.480+0000] {workday.py:41} WARNING - Could not import pandas. Holidays will not be considered.
[2026-02-25T13:39:45.480+0000] {processor.py:927} WARNING - No viable dags retrieved from /home/ubuntu/airflow-venv/lib/python3.12/site-packages/airflow/example_dags/plugins/workday.py
[2026-02-25T13:39:45.486+0000] {processor.py:208} INFO - Processing /home/ubuntu/airflow-venv/lib/python3.12/site-packages/airflow/example_dags/plugins/workday.py took 0.014 seconds
[2026-02-25T13:40:33.361+0000] {processor.py:186} INFO - Started process (PID=2773) to work on /home/ubuntu/airflow-venv/lib/python3.12/site-packages/airflow/example_dags/plugins/workday.py
[2026-02-25T13:40:33.362+0000] {processor.py:914} INFO - Processing file /home/ubuntu/airflow-venv/lib/python3.12/site-packages/airflow/example_dags/plugins/workday.py for tasks to queue
[2026-02-25T13:40:33.363+0000] {logging_mixin.py:190} INFO - [2026-02-25T13:40:33.363+0000] {dagbag.py:588} INFO - Filling up the DagBag from /home/ubuntu/airflow-venv/lib/python3.12/site-packages/airflow/example_dags/plugins/workday.py
[2026-02-25T13:40:33.365+0000] {logging_mixin.py:190} INFO - [2026-02-25T13:40:33.365+0000] {workday.py:41} WARNING - Could not import pandas. Holidays will not be considered.
[2026-02-25T13:40:33.365+0000] {processor.py:927} WARNING - No viable dags retrieved from /home/ubuntu/airflow-venv/lib/python3.12/site-packages/airflow/example_dags/plugins/workday.py
[2026-02-25T13:40:33.372+0000] {processor.py:208} INFO - Processing /home/ubuntu/airflow-venv/lib/python3.12/site-packages/airflow/example_dags/plugins/workday.py took 0.015 seconds
[2026-02-25T13:41:21.852+0000] {processor.py:186} INFO - Started process (PID=2824) to work on /home/ubuntu/airflow-venv/lib/python3.12/site-packages/airflow/example_dags/plugins/workday.py
[2026-02-25T13:41:21.854+0000] {processor.py:914} INFO - Processing file /home/ubuntu/airflow-venv/lib/python3.12/site-packages/airflow/example_dags/plugins/workday.py for tasks to queue
[2026-02-25T13:41:21.855+0000] {logging_mixin.py:190} INFO - [2026-02-25T13:41:21.855+0000] {dagbag.py:588} INFO - Filling up the DagBag from /home/ubuntu/airflow-venv/lib/python3.12/site-packages/airflow/example_dags/plugins/workday.py
[2026-02-25T13:41:21.857+0000] {logging_mixin.py:190} INFO - [2026-02-25T13:41:21.856+0000] {workday.py:41} WARNING - Could not import pandas. Holidays will not be considered.
[2026-02-25T13:41:21.857+0000] {processor.py:927} WARNING - No viable dags retrieved from /home/ubuntu/airflow-venv/lib/python3.12/site-packages/airflow/example_dags/plugins/workday.py
[2026-02-25T13:41:21.863+0000] {processor.py:208} INFO - Processing /home/ubuntu/airflow-venv/lib/python3.12/site-packages/airflow/example_dags/plugins/workday.py took 0.014 seconds
[2026-02-25T13:42:15.857+0000] {processor.py:186} INFO - Started process (PID=2881) to work on /home/ubuntu/airflow-venv/lib/python3.12/site-packages/airflow/example_dags/plugins/workday.py
[2026-02-25T13:42:15.858+0000] {processor.py:914} INFO - Processing file /home/ubuntu/airflow-venv/lib/python3.12/site-packages/airflow/example_dags/plugins/workday.py for tasks to queue
[2026-02-25T13:42:15.860+0000] {logging_mixin.py:190} INFO - [2026-02-25T13:42:15.860+0000] {dagbag.py:588} INFO - Filling up the DagBag from /home/ubuntu/airflow-venv/lib/python3.12/site-packages/airflow/example_dags/plugins/workday.py
[2026-02-25T13:42:15.861+0000] {logging_mixin.py:190} INFO - [2026-02-25T13:42:15.861+0000] {workday.py:41} WARNING - Could not import pandas. Holidays will not be considered.
[2026-02-25T13:42:15.862+0000] {processor.py:927} WARNING - No viable dags retrieved from /home/ubuntu/airflow-venv/lib/python3.12/site-packages/airflow/example_dags/plugins/workday.py
[2026-02-25T13:42:15.868+0000] {processor.py:208} INFO - Processing /home/ubuntu/airflow-venv/lib/python3.12/site-packages/airflow/example_dags/plugins/workday.py took 0.015 seconds
[2026-02-25T13:43:08.933+0000] {processor.py:186} INFO - Started process (PID=2936) to work on /home/ubuntu/airflow-venv/lib/python3.12/site-packages/airflow/example_dags/plugins/workday.py
[2026-02-25T13:43:08.934+0000] {processor.py:914} INFO - Processing file /home/ubuntu/airflow-venv/lib/python3.12/site-packages/airflow/example_dags/plugins/workday.py for tasks to queue
[2026-02-25T13:43:08.935+0000] {logging_mixin.py:190} INFO - [2026-02-25T13:43:08.935+0000] {dagbag.py:588} INFO - Filling up the DagBag from /home/ubuntu/airflow-venv/lib/python3.12/site-packages/airflow/example_dags/plugins/workday.py
[2026-02-25T13:43:08.937+0000] {logging_mixin.py:190} INFO - [2026-02-25T13:43:08.937+0000] {workday.py:41} WARNING - Could not import pandas. Holidays will not be considered.
[2026-02-25T13:43:08.937+0000] {processor.py:927} WARNING - No viable dags retrieved from /home/ubuntu/airflow-venv/lib/python3.12/site-packages/airflow/example_dags/plugins/workday.py
[2026-02-25T13:43:08.944+0000] {processor.py:208} INFO - Processing /home/ubuntu/airflow-venv/lib/python3.12/site-packages/airflow/example_dags/plugins/workday.py took 0.015 seconds
[2026-02-25T13:44:00.605+0000] {processor.py:186} INFO - Started process (PID=2988) to work on /home/ubuntu/airflow-venv/lib/python3.12/site-packages/airflow/example_dags/plugins/workday.py
[2026-02-25T13:44:00.606+0000] {processor.py:914} INFO - Processing file /home/ubuntu/airflow-venv/lib/python3.12/site-packages/airflow/example_dags/plugins/workday.py for tasks to queue
[2026-02-25T13:44:00.607+0000] {logging_mixin.py:190} INFO - [2026-02-25T13:44:00.607+0000] {dagbag.py:588} INFO - Filling up the DagBag from /home/ubuntu/airflow-venv/lib/python3.12/site-packages/airflow/example_dags/plugins/workday.py
[2026-02-25T13:44:00.609+0000] {logging_mixin.py:190} INFO - [2026-02-25T13:44:00.609+0000] {workday.py:41} WARNING - Could not import pandas. Holidays will not be considered.
[2026-02-25T13:44:00.609+0000] {processor.py:927} WARNING - No viable dags retrieved from /home/ubuntu/airflow-venv/lib/python3.12/site-packages/airflow/example_dags/plugins/workday.py
[2026-02-25T13:44:00.615+0000] {processor.py:208} INFO - Processing /home/ubuntu/airflow-venv/lib/python3.12/site-packages/airflow/example_dags/plugins/workday.py took 0.014 seconds
[2026-02-25T13:44:53.464+0000] {processor.py:186} INFO - Started process (PID=3046) to work on /home/ubuntu/airflow-venv/lib/python3.12/site-packages/airflow/example_dags/plugins/workday.py
[2026-02-25T13:44:53.466+0000] {processor.py:914} INFO - Processing file /home/ubuntu/airflow-venv/lib/python3.12/site-packages/airflow/example_dags/plugins/workday.py for tasks to queue
[2026-02-25T13:44:53.467+0000] {logging_mixin.py:190} INFO - [2026-02-25T13:44:53.467+0000] {dagbag.py:588} INFO - Filling up the DagBag from /home/ubuntu/airflow-venv/lib/python3.12/site-packages/airflow/example_dags/plugins/workday.py
[2026-02-25T13:44:53.469+0000] {logging_mixin.py:190} INFO - [2026-02-25T13:44:53.468+0000] {workday.py:41} WARNING - Could not import pandas. Holidays will not be considered.
[2026-02-25T13:44:53.469+0000] {processor.py:927} WARNING - No viable dags retrieved from /home/ubuntu/airflow-venv/lib/python3.12/site-packages/airflow/example_dags/plugins/workday.py
[2026-02-25T13:44:53.475+0000] {processor.py:208} INFO - Processing /home/ubuntu/airflow-venv/lib/python3.12/site-packages/airflow/example_dags/plugins/workday.py took 0.015 seconds
[2026-02-25T13:45:42.867+0000] {processor.py:186} INFO - Started process (PID=3102) to work on /home/ubuntu/airflow-venv/lib/python3.12/site-packages/airflow/example_dags/plugins/workday.py
[2026-02-25T13:45:42.868+0000] {processor.py:914} INFO - Processing file /home/ubuntu/airflow-venv/lib/python3.12/site-packages/airflow/example_dags/plugins/workday.py for tasks to queue
[2026-02-25T13:45:42.869+0000] {logging_mixin.py:190} INFO - [2026-02-25T13:45:42.869+0000] {dagbag.py:588} INFO - Filling up the DagBag from /home/ubuntu/airflow-venv/lib/python3.12/site-packages/airflow/example_dags/plugins/workday.py
[2026-02-25T13:45:42.871+0000] {logging_mixin.py:190} INFO - [2026-02-25T13:45:42.871+0000] {workday.py:41} WARNING - Could not import pandas. Holidays will not be considered.
[2026-02-25T13:45:42.871+0000] {processor.py:927} WARNING - No viable dags retrieved from /home/ubuntu/airflow-venv/lib/python3.12/site-packages/airflow/example_dags/plugins/workday.py
[2026-02-25T13:45:42.878+0000] {processor.py:208} INFO - Processing /home/ubuntu/airflow-venv/lib/python3.12/site-packages/airflow/example_dags/plugins/workday.py took 0.015 seconds
[2026-02-25T13:46:33.903+0000] {processor.py:186} INFO - Started process (PID=3153) to work on /home/ubuntu/airflow-venv/lib/python3.12/site-packages/airflow/example_dags/plugins/workday.py
[2026-02-25T13:46:33.904+0000] {processor.py:914} INFO - Processing file /home/ubuntu/airflow-venv/lib/python3.12/site-packages/airflow/example_dags/plugins/workday.py for tasks to queue
[2026-02-25T13:46:33.905+0000] {logging_mixin.py:190} INFO - [2026-02-25T13:46:33.905+0000] {dagbag.py:588} INFO - Filling up the DagBag from /home/ubuntu/airflow-venv/lib/python3.12/site-packages/airflow/example_dags/plugins/workday.py
[2026-02-25T13:46:33.907+0000] {logging_mixin.py:190} INFO - [2026-02-25T13:46:33.907+0000] {workday.py:41} WARNING - Could not import pandas. Holidays will not be considered.
[2026-02-25T13:46:33.907+0000] {processor.py:927} WARNING - No viable dags retrieved from /home/ubuntu/airflow-venv/lib/python3.12/site-packages/airflow/example_dags/plugins/workday.py
[2026-02-25T13:46:33.914+0000] {processor.py:208} INFO - Processing /home/ubuntu/airflow-venv/lib/python3.12/site-packages/airflow/example_dags/plugins/workday.py took 0.015 seconds
[2026-02-25T13:47:21.563+0000] {processor.py:186} INFO - Started process (PID=3206) to work on /home/ubuntu/airflow-venv/lib/python3.12/site-packages/airflow/example_dags/plugins/workday.py
[2026-02-25T13:47:21.564+0000] {processor.py:914} INFO - Processing file /home/ubuntu/airflow-venv/lib/python3.12/site-packages/airflow/example_dags/plugins/workday.py for tasks to queue
[2026-02-25T13:47:21.565+0000] {logging_mixin.py:190} INFO - [2026-02-25T13:47:21.565+0000] {dagbag.py:588} INFO - Filling up the DagBag from /home/ubuntu/airflow-venv/lib/python3.12/site-packages/airflow/example_dags/plugins/workday.py
[2026-02-25T13:47:21.567+0000] {logging_mixin.py:190} INFO - [2026-02-25T13:47:21.567+0000] {workday.py:41} WARNING - Could not import pandas. Holidays will not be considered.
[2026-02-25T13:47:21.567+0000] {processor.py:927} WARNING - No viable dags retrieved from /home/ubuntu/airflow-venv/lib/python3.12/site-packages/airflow/example_dags/plugins/workday.py
[2026-02-25T13:47:21.574+0000] {processor.py:208} INFO - Processing /home/ubuntu/airflow-venv/lib/python3.12/site-packages/airflow/example_dags/plugins/workday.py took 0.014 seconds
[2026-02-25T13:48:10.064+0000] {processor.py:186} INFO - Started process (PID=3256) to work on /home/ubuntu/airflow-venv/lib/python3.12/site-packages/airflow/example_dags/plugins/workday.py
[2026-02-25T13:48:10.065+0000] {processor.py:914} INFO - Processing file /home/ubuntu/airflow-venv/lib/python3.12/site-packages/airflow/example_dags/plugins/workday.py for tasks to queue
[2026-02-25T13:48:10.066+0000] {logging_mixin.py:190} INFO - [2026-02-25T13:48:10.066+0000] {dagbag.py:588} INFO - Filling up the DagBag from /home/ubuntu/airflow-venv/lib/python3.12/site-packages/airflow/example_dags/plugins/workday.py
[2026-02-25T13:48:10.068+0000] {logging_mixin.py:190} INFO - [2026-02-25T13:48:10.068+0000] {workday.py:41} WARNING - Could not import pandas. Holidays will not be considered.
[2026-02-25T13:48:10.068+0000] {processor.py:927} WARNING - No viable dags retrieved from /home/ubuntu/airflow-venv/lib/python3.12/site-packages/airflow/example_dags/plugins/workday.py
[2026-02-25T13:48:10.075+0000] {processor.py:208} INFO - Processing /home/ubuntu/airflow-venv/lib/python3.12/site-packages/airflow/example_dags/plugins/workday.py took 0.014 seconds
[2026-02-25T13:49:04.261+0000] {processor.py:186} INFO - Started process (PID=3313) to work on /home/ubuntu/airflow-venv/lib/python3.12/site-packages/airflow/example_dags/plugins/workday.py
[2026-02-25T13:49:04.263+0000] {processor.py:914} INFO - Processing file /home/ubuntu/airflow-venv/lib/python3.12/site-packages/airflow/example_dags/plugins/workday.py for tasks to queue
[2026-02-25T13:49:04.264+0000] {logging_mixin.py:190} INFO - [2026-02-25T13:49:04.264+0000] {dagbag.py:588} INFO - Filling up the DagBag from /home/ubuntu/airflow-venv/lib/python3.12/site-packages/airflow/example_dags/plugins/workday.py
[2026-02-25T13:49:04.266+0000] {logging_mixin.py:190} INFO - [2026-02-25T13:49:04.265+0000] {workday.py:41} WARNING - Could not import pandas. Holidays will not be considered.
[2026-02-25T13:49:04.266+0000] {processor.py:927} WARNING - No viable dags retrieved from /home/ubuntu/airflow-venv/lib/python3.12/site-packages/airflow/example_dags/plugins/workday.py
[2026-02-25T13:49:04.272+0000] {processor.py:208} INFO - Processing /home/ubuntu/airflow-venv/lib/python3.12/site-packages/airflow/example_dags/plugins/workday.py took 0.014 seconds
[2026-02-25T13:49:54.441+0000] {processor.py:186} INFO - Started process (PID=3370) to work on /home/ubuntu/airflow-venv/lib/python3.12/site-packages/airflow/example_dags/plugins/workday.py
[2026-02-25T13:49:54.442+0000] {processor.py:914} INFO - Processing file /home/ubuntu/airflow-venv/lib/python3.12/site-packages/airflow/example_dags/plugins/workday.py for tasks to queue
[2026-02-25T13:49:54.443+0000] {logging_mixin.py:190} INFO - [2026-02-25T13:49:54.443+0000] {dagbag.py:588} INFO - Filling up the DagBag from /home/ubuntu/airflow-venv/lib/python3.12/site-packages/airflow/example_dags/plugins/workday.py
[2026-02-25T13:49:54.445+0000] {logging_mixin.py:190} INFO - [2026-02-25T13:49:54.445+0000] {workday.py:41} WARNING - Could not import pandas. Holidays will not be considered.
[2026-02-25T13:49:54.445+0000] {processor.py:927} WARNING - No viable dags retrieved from /home/ubuntu/airflow-venv/lib/python3.12/site-packages/airflow/example_dags/plugins/workday.py
[2026-02-25T13:49:54.452+0000] {processor.py:208} INFO - Processing /home/ubuntu/airflow-venv/lib/python3.12/site-packages/airflow/example_dags/plugins/workday.py took 0.015 seconds
[2026-02-25T13:50:42.913+0000] {processor.py:186} INFO - Started process (PID=3423) to work on /home/ubuntu/airflow-venv/lib/python3.12/site-packages/airflow/example_dags/plugins/workday.py
[2026-02-25T13:50:42.915+0000] {processor.py:914} INFO - Processing file /home/ubuntu/airflow-venv/lib/python3.12/site-packages/airflow/example_dags/plugins/workday.py for tasks to queue
[2026-02-25T13:50:42.916+0000] {logging_mixin.py:190} INFO - [2026-02-25T13:50:42.916+0000] {dagbag.py:588} INFO - Filling up the DagBag from /home/ubuntu/airflow-venv/lib/python3.12/site-packages/airflow/example_dags/plugins/workday.py
[2026-02-25T13:50:42.918+0000] {logging_mixin.py:190} INFO - [2026-02-25T13:50:42.917+0000] {workday.py:41} WARNING - Could not import pandas. Holidays will not be considered.
[2026-02-25T13:50:42.918+0000] {processor.py:927} WARNING - No viable dags retrieved from /home/ubuntu/airflow-venv/lib/python3.12/site-packages/airflow/example_dags/plugins/workday.py
[2026-02-25T13:50:42.924+0000] {processor.py:208} INFO - Processing /home/ubuntu/airflow-venv/lib/python3.12/site-packages/airflow/example_dags/plugins/workday.py took 0.015 seconds
[2026-02-25T13:51:35.188+0000] {processor.py:186} INFO - Started process (PID=3479) to work on /home/ubuntu/airflow-venv/lib/python3.12/site-packages/airflow/example_dags/plugins/workday.py
[2026-02-25T13:51:35.189+0000] {processor.py:914} INFO - Processing file /home/ubuntu/airflow-venv/lib/python3.12/site-packages/airflow/example_dags/plugins/workday.py for tasks to queue
[2026-02-25T13:51:35.191+0000] {logging_mixin.py:190} INFO - [2026-02-25T13:51:35.190+0000] {dagbag.py:588} INFO - Filling up the DagBag from /home/ubuntu/airflow-venv/lib/python3.12/site-packages/airflow/example_dags/plugins/workday.py
[2026-02-25T13:51:35.192+0000] {logging_mixin.py:190} INFO - [2026-02-25T13:51:35.192+0000] {workday.py:41} WARNING - Could not import pandas. Holidays will not be considered.
[2026-02-25T13:51:35.192+0000] {processor.py:927} WARNING - No viable dags retrieved from /home/ubuntu/airflow-venv/lib/python3.12/site-packages/airflow/example_dags/plugins/workday.py
[2026-02-25T13:51:35.199+0000] {processor.py:208} INFO - Processing /home/ubuntu/airflow-venv/lib/python3.12/site-packages/airflow/example_dags/plugins/workday.py took 0.014 seconds
[2026-02-25T13:52:26.798+0000] {processor.py:186} INFO - Started process (PID=3532) to work on /home/ubuntu/airflow-venv/lib/python3.12/site-packages/airflow/example_dags/plugins/workday.py
[2026-02-25T13:52:26.799+0000] {processor.py:914} INFO - Processing file /home/ubuntu/airflow-venv/lib/python3.12/site-packages/airflow/example_dags/plugins/workday.py for tasks to queue
[2026-02-25T13:52:26.801+0000] {logging_mixin.py:190} INFO - [2026-02-25T13:52:26.800+0000] {dagbag.py:588} INFO - Filling up the DagBag from /home/ubuntu/airflow-venv/lib/python3.12/site-packages/airflow/example_dags/plugins/workday.py
[2026-02-25T13:52:26.802+0000] {logging_mixin.py:190} INFO - [2026-02-25T13:52:26.802+0000] {workday.py:41} WARNING - Could not import pandas. Holidays will not be considered.
[2026-02-25T13:52:26.803+0000] {processor.py:927} WARNING - No viable dags retrieved from /home/ubuntu/airflow-venv/lib/python3.12/site-packages/airflow/example_dags/plugins/workday.py
[2026-02-25T13:52:26.809+0000] {processor.py:208} INFO - Processing /home/ubuntu/airflow-venv/lib/python3.12/site-packages/airflow/example_dags/plugins/workday.py took 0.015 seconds
[2026-02-25T13:53:14.647+0000] {processor.py:186} INFO - Started process (PID=3584) to work on /home/ubuntu/airflow-venv/lib/python3.12/site-packages/airflow/example_dags/plugins/workday.py
[2026-02-25T13:53:14.649+0000] {processor.py:914} INFO - Processing file /home/ubuntu/airflow-venv/lib/python3.12/site-packages/airflow/example_dags/plugins/workday.py for tasks to queue
[2026-02-25T13:53:14.650+0000] {logging_mixin.py:190} INFO - [2026-02-25T13:53:14.650+0000] {dagbag.py:588} INFO - Filling up the DagBag from /home/ubuntu/airflow-venv/lib/python3.12/site-packages/airflow/example_dags/plugins/workday.py
[2026-02-25T13:53:14.651+0000] {logging_mixin.py:190} INFO - [2026-02-25T13:53:14.651+0000] {workday.py:41} WARNING - Could not import pandas. Holidays will not be considered.
[2026-02-25T13:53:14.652+0000] {processor.py:927} WARNING - No viable dags retrieved from /home/ubuntu/airflow-venv/lib/python3.12/site-packages/airflow/example_dags/plugins/workday.py
[2026-02-25T13:53:14.658+0000] {processor.py:208} INFO - Processing /home/ubuntu/airflow-venv/lib/python3.12/site-packages/airflow/example_dags/plugins/workday.py took 0.015 seconds
[2026-02-25T13:54:04.879+0000] {processor.py:186} INFO - Started process (PID=3648) to work on /home/ubuntu/airflow-venv/lib/python3.12/site-packages/airflow/example_dags/plugins/workday.py
[2026-02-25T13:54:04.881+0000] {processor.py:914} INFO - Processing file /home/ubuntu/airflow-venv/lib/python3.12/site-packages/airflow/example_dags/plugins/workday.py for tasks to queue
[2026-02-25T13:54:04.882+0000] {logging_mixin.py:190} INFO - [2026-02-25T13:54:04.882+0000] {dagbag.py:588} INFO - Filling up the DagBag from /home/ubuntu/airflow-venv/lib/python3.12/site-packages/airflow/example_dags/plugins/workday.py
[2026-02-25T13:54:04.884+0000] {logging_mixin.py:190} INFO - [2026-02-25T13:54:04.884+0000] {workday.py:41} WARNING - Could not import pandas. Holidays will not be considered.
[2026-02-25T13:54:04.884+0000] {processor.py:927} WARNING - No viable dags retrieved from /home/ubuntu/airflow-venv/lib/python3.12/site-packages/airflow/example_dags/plugins/workday.py
[2026-02-25T13:54:04.890+0000] {processor.py:208} INFO - Processing /home/ubuntu/airflow-venv/lib/python3.12/site-packages/airflow/example_dags/plugins/workday.py took 0.015 seconds
[2026-02-25T13:54:55.005+0000] {processor.py:186} INFO - Started process (PID=3701) to work on /home/ubuntu/airflow-venv/lib/python3.12/site-packages/airflow/example_dags/plugins/workday.py
[2026-02-25T13:54:55.007+0000] {processor.py:914} INFO - Processing file /home/ubuntu/airflow-venv/lib/python3.12/site-packages/airflow/example_dags/plugins/workday.py for tasks to queue
[2026-02-25T13:54:55.008+0000] {logging_mixin.py:190} INFO - [2026-02-25T13:54:55.008+0000] {dagbag.py:588} INFO - Filling up the DagBag from /home/ubuntu/airflow-venv/lib/python3.12/site-packages/airflow/example_dags/plugins/workday.py
[2026-02-25T13:54:55.010+0000] {logging_mixin.py:190} INFO - [2026-02-25T13:54:55.009+0000] {workday.py:41} WARNING - Could not import pandas. Holidays will not be considered.
[2026-02-25T13:54:55.010+0000] {processor.py:927} WARNING - No viable dags retrieved from /home/ubuntu/airflow-venv/lib/python3.12/site-packages/airflow/example_dags/plugins/workday.py
[2026-02-25T13:54:55.017+0000] {processor.py:208} INFO - Processing /home/ubuntu/airflow-venv/lib/python3.12/site-packages/airflow/example_dags/plugins/workday.py took 0.015 seconds
[2026-02-25T14:08:22.236+0000] {processor.py:186} INFO - Started process (PID=2048) to work on /home/ubuntu/airflow-venv/lib/python3.12/site-packages/airflow/example_dags/plugins/workday.py
[2026-02-25T14:08:22.238+0000] {processor.py:914} INFO - Processing file /home/ubuntu/airflow-venv/lib/python3.12/site-packages/airflow/example_dags/plugins/workday.py for tasks to queue
[2026-02-25T14:08:22.239+0000] {logging_mixin.py:190} INFO - [2026-02-25T14:08:22.239+0000] {dagbag.py:588} INFO - Filling up the DagBag from /home/ubuntu/airflow-venv/lib/python3.12/site-packages/airflow/example_dags/plugins/workday.py
[2026-02-25T14:08:22.240+0000] {logging_mixin.py:190} INFO - [2026-02-25T14:08:22.240+0000] {workday.py:41} WARNING - Could not import pandas. Holidays will not be considered.
[2026-02-25T14:08:22.241+0000] {processor.py:927} WARNING - No viable dags retrieved from /home/ubuntu/airflow-venv/lib/python3.12/site-packages/airflow/example_dags/plugins/workday.py
[2026-02-25T14:08:22.247+0000] {processor.py:208} INFO - Processing /home/ubuntu/airflow-venv/lib/python3.12/site-packages/airflow/example_dags/plugins/workday.py took 0.015 seconds
[2026-02-25T14:09:16.987+0000] {processor.py:186} INFO - Started process (PID=2121) to work on /home/ubuntu/airflow-venv/lib/python3.12/site-packages/airflow/example_dags/plugins/workday.py
[2026-02-25T14:09:16.988+0000] {processor.py:914} INFO - Processing file /home/ubuntu/airflow-venv/lib/python3.12/site-packages/airflow/example_dags/plugins/workday.py for tasks to queue
[2026-02-25T14:09:16.989+0000] {logging_mixin.py:190} INFO - [2026-02-25T14:09:16.989+0000] {dagbag.py:588} INFO - Filling up the DagBag from /home/ubuntu/airflow-venv/lib/python3.12/site-packages/airflow/example_dags/plugins/workday.py
[2026-02-25T14:09:16.991+0000] {logging_mixin.py:190} INFO - [2026-02-25T14:09:16.990+0000] {workday.py:41} WARNING - Could not import pandas. Holidays will not be considered.
[2026-02-25T14:09:16.991+0000] {processor.py:927} WARNING - No viable dags retrieved from /home/ubuntu/airflow-venv/lib/python3.12/site-packages/airflow/example_dags/plugins/workday.py
[2026-02-25T14:09:16.998+0000] {processor.py:208} INFO - Processing /home/ubuntu/airflow-venv/lib/python3.12/site-packages/airflow/example_dags/plugins/workday.py took 0.015 seconds
[2026-02-25T14:10:09.460+0000] {processor.py:186} INFO - Started process (PID=2178) to work on /home/ubuntu/airflow-venv/lib/python3.12/site-packages/airflow/example_dags/plugins/workday.py
[2026-02-25T14:10:09.461+0000] {processor.py:914} INFO - Processing file /home/ubuntu/airflow-venv/lib/python3.12/site-packages/airflow/example_dags/plugins/workday.py for tasks to queue
[2026-02-25T14:10:09.463+0000] {logging_mixin.py:190} INFO - [2026-02-25T14:10:09.463+0000] {dagbag.py:588} INFO - Filling up the DagBag from /home/ubuntu/airflow-venv/lib/python3.12/site-packages/airflow/example_dags/plugins/workday.py
[2026-02-25T14:10:09.465+0000] {logging_mixin.py:190} INFO - [2026-02-25T14:10:09.464+0000] {workday.py:41} WARNING - Could not import pandas. Holidays will not be considered.
[2026-02-25T14:10:09.465+0000] {processor.py:927} WARNING - No viable dags retrieved from /home/ubuntu/airflow-venv/lib/python3.12/site-packages/airflow/example_dags/plugins/workday.py
[2026-02-25T14:10:09.472+0000] {processor.py:208} INFO - Processing /home/ubuntu/airflow-venv/lib/python3.12/site-packages/airflow/example_dags/plugins/workday.py took 0.015 seconds
[2026-02-25T14:10:56.377+0000] {processor.py:186} INFO - Started process (PID=2228) to work on /home/ubuntu/airflow-venv/lib/python3.12/site-packages/airflow/example_dags/plugins/workday.py
[2026-02-25T14:10:56.379+0000] {processor.py:914} INFO - Processing file /home/ubuntu/airflow-venv/lib/python3.12/site-packages/airflow/example_dags/plugins/workday.py for tasks to queue
[2026-02-25T14:10:56.380+0000] {logging_mixin.py:190} INFO - [2026-02-25T14:10:56.380+0000] {dagbag.py:588} INFO - Filling up the DagBag from /home/ubuntu/airflow-venv/lib/python3.12/site-packages/airflow/example_dags/plugins/workday.py
[2026-02-25T14:10:56.382+0000] {logging_mixin.py:190} INFO - [2026-02-25T14:10:56.381+0000] {workday.py:41} WARNING - Could not import pandas. Holidays will not be considered.
[2026-02-25T14:10:56.382+0000] {processor.py:927} WARNING - No viable dags retrieved from /home/ubuntu/airflow-venv/lib/python3.12/site-packages/airflow/example_dags/plugins/workday.py
[2026-02-25T14:10:56.389+0000] {processor.py:208} INFO - Processing /home/ubuntu/airflow-venv/lib/python3.12/site-packages/airflow/example_dags/plugins/workday.py took 0.015 seconds
[2026-02-25T14:11:46.866+0000] {processor.py:186} INFO - Started process (PID=2280) to work on /home/ubuntu/airflow-venv/lib/python3.12/site-packages/airflow/example_dags/plugins/workday.py
[2026-02-25T14:11:46.867+0000] {processor.py:914} INFO - Processing file /home/ubuntu/airflow-venv/lib/python3.12/site-packages/airflow/example_dags/plugins/workday.py for tasks to queue
[2026-02-25T14:11:46.868+0000] {logging_mixin.py:190} INFO - [2026-02-25T14:11:46.868+0000] {dagbag.py:588} INFO - Filling up the DagBag from /home/ubuntu/airflow-venv/lib/python3.12/site-packages/airflow/example_dags/plugins/workday.py
[2026-02-25T14:11:46.870+0000] {logging_mixin.py:190} INFO - [2026-02-25T14:11:46.870+0000] {workday.py:41} WARNING - Could not import pandas. Holidays will not be considered.
[2026-02-25T14:11:46.870+0000] {processor.py:927} WARNING - No viable dags retrieved from /home/ubuntu/airflow-venv/lib/python3.12/site-packages/airflow/example_dags/plugins/workday.py
[2026-02-25T14:11:46.876+0000] {processor.py:208} INFO - Processing /home/ubuntu/airflow-venv/lib/python3.12/site-packages/airflow/example_dags/plugins/workday.py took 0.014 seconds
[2026-02-25T14:12:35.262+0000] {processor.py:186} INFO - Started process (PID=2341) to work on /home/ubuntu/airflow-venv/lib/python3.12/site-packages/airflow/example_dags/plugins/workday.py
[2026-02-25T14:12:35.263+0000] {processor.py:914} INFO - Processing file /home/ubuntu/airflow-venv/lib/python3.12/site-packages/airflow/example_dags/plugins/workday.py for tasks to queue
[2026-02-25T14:12:35.265+0000] {logging_mixin.py:190} INFO - [2026-02-25T14:12:35.264+0000] {dagbag.py:588} INFO - Filling up the DagBag from /home/ubuntu/airflow-venv/lib/python3.12/site-packages/airflow/example_dags/plugins/workday.py
[2026-02-25T14:12:35.266+0000] {logging_mixin.py:190} INFO - [2026-02-25T14:12:35.266+0000] {workday.py:41} WARNING - Could not import pandas. Holidays will not be considered.
[2026-02-25T14:12:35.267+0000] {processor.py:927} WARNING - No viable dags retrieved from /home/ubuntu/airflow-venv/lib/python3.12/site-packages/airflow/example_dags/plugins/workday.py
[2026-02-25T14:12:35.273+0000] {processor.py:208} INFO - Processing /home/ubuntu/airflow-venv/lib/python3.12/site-packages/airflow/example_dags/plugins/workday.py took 0.014 seconds
[2026-02-25T14:13:22.436+0000] {processor.py:186} INFO - Started process (PID=2392) to work on /home/ubuntu/airflow-venv/lib/python3.12/site-packages/airflow/example_dags/plugins/workday.py
[2026-02-25T14:13:22.437+0000] {processor.py:914} INFO - Processing file /home/ubuntu/airflow-venv/lib/python3.12/site-packages/airflow/example_dags/plugins/workday.py for tasks to queue
[2026-02-25T14:13:22.439+0000] {logging_mixin.py:190} INFO - [2026-02-25T14:13:22.438+0000] {dagbag.py:588} INFO - Filling up the DagBag from /home/ubuntu/airflow-venv/lib/python3.12/site-packages/airflow/example_dags/plugins/workday.py
[2026-02-25T14:13:22.440+0000] {logging_mixin.py:190} INFO - [2026-02-25T14:13:22.440+0000] {workday.py:41} WARNING - Could not import pandas. Holidays will not be considered.
[2026-02-25T14:13:22.441+0000] {processor.py:927} WARNING - No viable dags retrieved from /home/ubuntu/airflow-venv/lib/python3.12/site-packages/airflow/example_dags/plugins/workday.py
[2026-02-25T14:13:22.447+0000] {processor.py:208} INFO - Processing /home/ubuntu/airflow-venv/lib/python3.12/site-packages/airflow/example_dags/plugins/workday.py took 0.015 seconds
[2026-02-25T14:14:17.540+0000] {processor.py:186} INFO - Started process (PID=2446) to work on /home/ubuntu/airflow-venv/lib/python3.12/site-packages/airflow/example_dags/plugins/workday.py
[2026-02-25T14:14:17.541+0000] {processor.py:914} INFO - Processing file /home/ubuntu/airflow-venv/lib/python3.12/site-packages/airflow/example_dags/plugins/workday.py for tasks to queue
[2026-02-25T14:14:17.543+0000] {logging_mixin.py:190} INFO - [2026-02-25T14:14:17.542+0000] {dagbag.py:588} INFO - Filling up the DagBag from /home/ubuntu/airflow-venv/lib/python3.12/site-packages/airflow/example_dags/plugins/workday.py
[2026-02-25T14:14:17.544+0000] {logging_mixin.py:190} INFO - [2026-02-25T14:14:17.544+0000] {workday.py:41} WARNING - Could not import pandas. Holidays will not be considered.
[2026-02-25T14:14:17.545+0000] {processor.py:927} WARNING - No viable dags retrieved from /home/ubuntu/airflow-venv/lib/python3.12/site-packages/airflow/example_dags/plugins/workday.py
[2026-02-25T14:14:17.551+0000] {processor.py:208} INFO - Processing /home/ubuntu/airflow-venv/lib/python3.12/site-packages/airflow/example_dags/plugins/workday.py took 0.015 seconds
[2026-02-25T14:15:11.487+0000] {processor.py:186} INFO - Started process (PID=2504) to work on /home/ubuntu/airflow-venv/lib/python3.12/site-packages/airflow/example_dags/plugins/workday.py
[2026-02-25T14:15:11.489+0000] {processor.py:914} INFO - Processing file /home/ubuntu/airflow-venv/lib/python3.12/site-packages/airflow/example_dags/plugins/workday.py for tasks to queue
[2026-02-25T14:15:11.490+0000] {logging_mixin.py:190} INFO - [2026-02-25T14:15:11.490+0000] {dagbag.py:588} INFO - Filling up the DagBag from /home/ubuntu/airflow-venv/lib/python3.12/site-packages/airflow/example_dags/plugins/workday.py
[2026-02-25T14:15:11.492+0000] {logging_mixin.py:190} INFO - [2026-02-25T14:15:11.492+0000] {workday.py:41} WARNING - Could not import pandas. Holidays will not be considered.
[2026-02-25T14:15:11.492+0000] {processor.py:927} WARNING - No viable dags retrieved from /home/ubuntu/airflow-venv/lib/python3.12/site-packages/airflow/example_dags/plugins/workday.py
[2026-02-25T14:15:11.499+0000] {processor.py:208} INFO - Processing /home/ubuntu/airflow-venv/lib/python3.12/site-packages/airflow/example_dags/plugins/workday.py took 0.016 seconds
[2026-02-25T14:16:01.713+0000] {processor.py:186} INFO - Started process (PID=2557) to work on /home/ubuntu/airflow-venv/lib/python3.12/site-packages/airflow/example_dags/plugins/workday.py
[2026-02-25T14:16:01.715+0000] {processor.py:914} INFO - Processing file /home/ubuntu/airflow-venv/lib/python3.12/site-packages/airflow/example_dags/plugins/workday.py for tasks to queue
[2026-02-25T14:16:01.716+0000] {logging_mixin.py:190} INFO - [2026-02-25T14:16:01.716+0000] {dagbag.py:588} INFO - Filling up the DagBag from /home/ubuntu/airflow-venv/lib/python3.12/site-packages/airflow/example_dags/plugins/workday.py
[2026-02-25T14:16:01.718+0000] {logging_mixin.py:190} INFO - [2026-02-25T14:16:01.718+0000] {workday.py:41} WARNING - Could not import pandas. Holidays will not be considered.
[2026-02-25T14:16:01.718+0000] {processor.py:927} WARNING - No viable dags retrieved from /home/ubuntu/airflow-venv/lib/python3.12/site-packages/airflow/example_dags/plugins/workday.py
[2026-02-25T14:16:01.726+0000] {processor.py:208} INFO - Processing /home/ubuntu/airflow-venv/lib/python3.12/site-packages/airflow/example_dags/plugins/workday.py took 0.016 seconds
[2026-02-25T14:16:48.663+0000] {processor.py:186} INFO - Started process (PID=2607) to work on /home/ubuntu/airflow-venv/lib/python3.12/site-packages/airflow/example_dags/plugins/workday.py
[2026-02-25T14:16:48.664+0000] {processor.py:914} INFO - Processing file /home/ubuntu/airflow-venv/lib/python3.12/site-packages/airflow/example_dags/plugins/workday.py for tasks to queue
[2026-02-25T14:16:48.665+0000] {logging_mixin.py:190} INFO - [2026-02-25T14:16:48.665+0000] {dagbag.py:588} INFO - Filling up the DagBag from /home/ubuntu/airflow-venv/lib/python3.12/site-packages/airflow/example_dags/plugins/workday.py
[2026-02-25T14:16:48.667+0000] {logging_mixin.py:190} INFO - [2026-02-25T14:16:48.667+0000] {workday.py:41} WARNING - Could not import pandas. Holidays will not be considered.
[2026-02-25T14:16:48.667+0000] {processor.py:927} WARNING - No viable dags retrieved from /home/ubuntu/airflow-venv/lib/python3.12/site-packages/airflow/example_dags/plugins/workday.py
[2026-02-25T14:16:48.675+0000] {processor.py:208} INFO - Processing /home/ubuntu/airflow-venv/lib/python3.12/site-packages/airflow/example_dags/plugins/workday.py took 0.016 seconds
[2026-02-25T14:17:39.227+0000] {processor.py:186} INFO - Started process (PID=2666) to work on /home/ubuntu/airflow-venv/lib/python3.12/site-packages/airflow/example_dags/plugins/workday.py
[2026-02-25T14:17:39.228+0000] {processor.py:914} INFO - Processing file /home/ubuntu/airflow-venv/lib/python3.12/site-packages/airflow/example_dags/plugins/workday.py for tasks to queue
[2026-02-25T14:17:39.229+0000] {logging_mixin.py:190} INFO - [2026-02-25T14:17:39.229+0000] {dagbag.py:588} INFO - Filling up the DagBag from /home/ubuntu/airflow-venv/lib/python3.12/site-packages/airflow/example_dags/plugins/workday.py
[2026-02-25T14:17:39.231+0000] {logging_mixin.py:190} INFO - [2026-02-25T14:17:39.231+0000] {workday.py:41} WARNING - Could not import pandas. Holidays will not be considered.
[2026-02-25T14:17:39.231+0000] {processor.py:927} WARNING - No viable dags retrieved from /home/ubuntu/airflow-venv/lib/python3.12/site-packages/airflow/example_dags/plugins/workday.py
[2026-02-25T14:17:39.238+0000] {processor.py:208} INFO - Processing /home/ubuntu/airflow-venv/lib/python3.12/site-packages/airflow/example_dags/plugins/workday.py took 0.015 seconds
[2026-02-25T14:18:29.622+0000] {processor.py:186} INFO - Started process (PID=2719) to work on /home/ubuntu/airflow-venv/lib/python3.12/site-packages/airflow/example_dags/plugins/workday.py
[2026-02-25T14:18:29.623+0000] {processor.py:914} INFO - Processing file /home/ubuntu/airflow-venv/lib/python3.12/site-packages/airflow/example_dags/plugins/workday.py for tasks to queue
[2026-02-25T14:18:29.624+0000] {logging_mixin.py:190} INFO - [2026-02-25T14:18:29.624+0000] {dagbag.py:588} INFO - Filling up the DagBag from /home/ubuntu/airflow-venv/lib/python3.12/site-packages/airflow/example_dags/plugins/workday.py
[2026-02-25T14:18:29.626+0000] {logging_mixin.py:190} INFO - [2026-02-25T14:18:29.626+0000] {workday.py:41} WARNING - Could not import pandas. Holidays will not be considered.
[2026-02-25T14:18:29.626+0000] {processor.py:927} WARNING - No viable dags retrieved from /home/ubuntu/airflow-venv/lib/python3.12/site-packages/airflow/example_dags/plugins/workday.py
[2026-02-25T14:18:29.633+0000] {processor.py:208} INFO - Processing /home/ubuntu/airflow-venv/lib/python3.12/site-packages/airflow/example_dags/plugins/workday.py took 0.015 seconds
[2026-02-25T14:19:15.025+0000] {processor.py:186} INFO - Started process (PID=3133) to work on /home/ubuntu/airflow-venv/lib/python3.12/site-packages/airflow/example_dags/plugins/workday.py
[2026-02-25T14:19:15.026+0000] {processor.py:914} INFO - Processing file /home/ubuntu/airflow-venv/lib/python3.12/site-packages/airflow/example_dags/plugins/workday.py for tasks to queue
[2026-02-25T14:19:15.028+0000] {logging_mixin.py:190} INFO - [2026-02-25T14:19:15.027+0000] {dagbag.py:588} INFO - Filling up the DagBag from /home/ubuntu/airflow-venv/lib/python3.12/site-packages/airflow/example_dags/plugins/workday.py
[2026-02-25T14:19:15.029+0000] {logging_mixin.py:190} INFO - [2026-02-25T14:19:15.029+0000] {workday.py:41} WARNING - Could not import pandas. Holidays will not be considered.
[2026-02-25T14:19:15.030+0000] {processor.py:927} WARNING - No viable dags retrieved from /home/ubuntu/airflow-venv/lib/python3.12/site-packages/airflow/example_dags/plugins/workday.py
[2026-02-25T14:19:15.037+0000] {processor.py:208} INFO - Processing /home/ubuntu/airflow-venv/lib/python3.12/site-packages/airflow/example_dags/plugins/workday.py took 0.015 seconds
[2026-02-25T14:20:01.840+0000] {processor.py:186} INFO - Started process (PID=3188) to work on /home/ubuntu/airflow-venv/lib/python3.12/site-packages/airflow/example_dags/plugins/workday.py
[2026-02-25T14:20:01.841+0000] {processor.py:914} INFO - Processing file /home/ubuntu/airflow-venv/lib/python3.12/site-packages/airflow/example_dags/plugins/workday.py for tasks to queue
[2026-02-25T14:20:01.842+0000] {logging_mixin.py:190} INFO - [2026-02-25T14:20:01.842+0000] {dagbag.py:588} INFO - Filling up the DagBag from /home/ubuntu/airflow-venv/lib/python3.12/site-packages/airflow/example_dags/plugins/workday.py
[2026-02-25T14:20:01.844+0000] {logging_mixin.py:190} INFO - [2026-02-25T14:20:01.844+0000] {workday.py:41} WARNING - Could not import pandas. Holidays will not be considered.
[2026-02-25T14:20:01.845+0000] {processor.py:927} WARNING - No viable dags retrieved from /home/ubuntu/airflow-venv/lib/python3.12/site-packages/airflow/example_dags/plugins/workday.py
[2026-02-25T14:20:01.852+0000] {processor.py:208} INFO - Processing /home/ubuntu/airflow-venv/lib/python3.12/site-packages/airflow/example_dags/plugins/workday.py took 0.016 seconds
[2026-02-25T14:20:54.262+0000] {processor.py:186} INFO - Started process (PID=3242) to work on /home/ubuntu/airflow-venv/lib/python3.12/site-packages/airflow/example_dags/plugins/workday.py
[2026-02-25T14:20:54.263+0000] {processor.py:914} INFO - Processing file /home/ubuntu/airflow-venv/lib/python3.12/site-packages/airflow/example_dags/plugins/workday.py for tasks to queue
[2026-02-25T14:20:54.265+0000] {logging_mixin.py:190} INFO - [2026-02-25T14:20:54.265+0000] {dagbag.py:588} INFO - Filling up the DagBag from /home/ubuntu/airflow-venv/lib/python3.12/site-packages/airflow/example_dags/plugins/workday.py
[2026-02-25T14:20:54.267+0000] {logging_mixin.py:190} INFO - [2026-02-25T14:20:54.266+0000] {workday.py:41} WARNING - Could not import pandas. Holidays will not be considered.
[2026-02-25T14:20:54.267+0000] {processor.py:927} WARNING - No viable dags retrieved from /home/ubuntu/airflow-venv/lib/python3.12/site-packages/airflow/example_dags/plugins/workday.py
[2026-02-25T14:20:54.274+0000] {processor.py:208} INFO - Processing /home/ubuntu/airflow-venv/lib/python3.12/site-packages/airflow/example_dags/plugins/workday.py took 0.016 seconds
[2026-02-25T14:21:44.618+0000] {processor.py:186} INFO - Started process (PID=3658) to work on /home/ubuntu/airflow-venv/lib/python3.12/site-packages/airflow/example_dags/plugins/workday.py
[2026-02-25T14:21:44.619+0000] {processor.py:914} INFO - Processing file /home/ubuntu/airflow-venv/lib/python3.12/site-packages/airflow/example_dags/plugins/workday.py for tasks to queue
[2026-02-25T14:21:44.620+0000] {logging_mixin.py:190} INFO - [2026-02-25T14:21:44.620+0000] {dagbag.py:588} INFO - Filling up the DagBag from /home/ubuntu/airflow-venv/lib/python3.12/site-packages/airflow/example_dags/plugins/workday.py
[2026-02-25T14:21:44.622+0000] {logging_mixin.py:190} INFO - [2026-02-25T14:21:44.622+0000] {workday.py:41} WARNING - Could not import pandas. Holidays will not be considered.
[2026-02-25T14:21:44.623+0000] {processor.py:927} WARNING - No viable dags retrieved from /home/ubuntu/airflow-venv/lib/python3.12/site-packages/airflow/example_dags/plugins/workday.py
[2026-02-25T14:21:44.630+0000] {processor.py:208} INFO - Processing /home/ubuntu/airflow-venv/lib/python3.12/site-packages/airflow/example_dags/plugins/workday.py took 0.016 seconds
[2026-02-25T14:22:35.967+0000] {processor.py:186} INFO - Started process (PID=3718) to work on /home/ubuntu/airflow-venv/lib/python3.12/site-packages/airflow/example_dags/plugins/workday.py
[2026-02-25T14:22:35.968+0000] {processor.py:914} INFO - Processing file /home/ubuntu/airflow-venv/lib/python3.12/site-packages/airflow/example_dags/plugins/workday.py for tasks to queue
[2026-02-25T14:22:35.969+0000] {logging_mixin.py:190} INFO - [2026-02-25T14:22:35.969+0000] {dagbag.py:588} INFO - Filling up the DagBag from /home/ubuntu/airflow-venv/lib/python3.12/site-packages/airflow/example_dags/plugins/workday.py
[2026-02-25T14:22:35.971+0000] {logging_mixin.py:190} INFO - [2026-02-25T14:22:35.971+0000] {workday.py:41} WARNING - Could not import pandas. Holidays will not be considered.
[2026-02-25T14:22:35.971+0000] {processor.py:927} WARNING - No viable dags retrieved from /home/ubuntu/airflow-venv/lib/python3.12/site-packages/airflow/example_dags/plugins/workday.py
[2026-02-25T14:22:35.978+0000] {processor.py:208} INFO - Processing /home/ubuntu/airflow-venv/lib/python3.12/site-packages/airflow/example_dags/plugins/workday.py took 0.015 seconds
[2026-02-25T14:23:27.311+0000] {processor.py:186} INFO - Started process (PID=3773) to work on /home/ubuntu/airflow-venv/lib/python3.12/site-packages/airflow/example_dags/plugins/workday.py
[2026-02-25T14:23:27.312+0000] {processor.py:914} INFO - Processing file /home/ubuntu/airflow-venv/lib/python3.12/site-packages/airflow/example_dags/plugins/workday.py for tasks to queue
[2026-02-25T14:23:27.313+0000] {logging_mixin.py:190} INFO - [2026-02-25T14:23:27.313+0000] {dagbag.py:588} INFO - Filling up the DagBag from /home/ubuntu/airflow-venv/lib/python3.12/site-packages/airflow/example_dags/plugins/workday.py
[2026-02-25T14:23:27.315+0000] {logging_mixin.py:190} INFO - [2026-02-25T14:23:27.315+0000] {workday.py:41} WARNING - Could not import pandas. Holidays will not be considered.
[2026-02-25T14:23:27.315+0000] {processor.py:927} WARNING - No viable dags retrieved from /home/ubuntu/airflow-venv/lib/python3.12/site-packages/airflow/example_dags/plugins/workday.py
[2026-02-25T14:23:27.322+0000] {processor.py:208} INFO - Processing /home/ubuntu/airflow-venv/lib/python3.12/site-packages/airflow/example_dags/plugins/workday.py took 0.015 seconds
[2026-02-25T14:24:15.253+0000] {processor.py:186} INFO - Started process (PID=3822) to work on /home/ubuntu/airflow-venv/lib/python3.12/site-packages/airflow/example_dags/plugins/workday.py
[2026-02-25T14:24:15.254+0000] {processor.py:914} INFO - Processing file /home/ubuntu/airflow-venv/lib/python3.12/site-packages/airflow/example_dags/plugins/workday.py for tasks to queue
[2026-02-25T14:24:15.255+0000] {logging_mixin.py:190} INFO - [2026-02-25T14:24:15.255+0000] {dagbag.py:588} INFO - Filling up the DagBag from /home/ubuntu/airflow-venv/lib/python3.12/site-packages/airflow/example_dags/plugins/workday.py
[2026-02-25T14:24:15.257+0000] {logging_mixin.py:190} INFO - [2026-02-25T14:24:15.257+0000] {workday.py:41} WARNING - Could not import pandas. Holidays will not be considered.
[2026-02-25T14:24:15.257+0000] {processor.py:927} WARNING - No viable dags retrieved from /home/ubuntu/airflow-venv/lib/python3.12/site-packages/airflow/example_dags/plugins/workday.py
[2026-02-25T14:24:15.264+0000] {processor.py:208} INFO - Processing /home/ubuntu/airflow-venv/lib/python3.12/site-packages/airflow/example_dags/plugins/workday.py took 0.015 seconds
[2026-02-25T14:25:04.909+0000] {processor.py:186} INFO - Started process (PID=3878) to work on /home/ubuntu/airflow-venv/lib/python3.12/site-packages/airflow/example_dags/plugins/workday.py
[2026-02-25T14:25:04.910+0000] {processor.py:914} INFO - Processing file /home/ubuntu/airflow-venv/lib/python3.12/site-packages/airflow/example_dags/plugins/workday.py for tasks to queue
[2026-02-25T14:25:04.912+0000] {logging_mixin.py:190} INFO - [2026-02-25T14:25:04.911+0000] {dagbag.py:588} INFO - Filling up the DagBag from /home/ubuntu/airflow-venv/lib/python3.12/site-packages/airflow/example_dags/plugins/workday.py
[2026-02-25T14:25:04.914+0000] {logging_mixin.py:190} INFO - [2026-02-25T14:25:04.913+0000] {workday.py:41} WARNING - Could not import pandas. Holidays will not be considered.
[2026-02-25T14:25:04.914+0000] {processor.py:927} WARNING - No viable dags retrieved from /home/ubuntu/airflow-venv/lib/python3.12/site-packages/airflow/example_dags/plugins/workday.py
[2026-02-25T14:25:04.921+0000] {processor.py:208} INFO - Processing /home/ubuntu/airflow-venv/lib/python3.12/site-packages/airflow/example_dags/plugins/workday.py took 0.015 seconds
[2026-02-25T14:25:54.936+0000] {processor.py:186} INFO - Started process (PID=3944) to work on /home/ubuntu/airflow-venv/lib/python3.12/site-packages/airflow/example_dags/plugins/workday.py
[2026-02-25T14:25:54.937+0000] {processor.py:914} INFO - Processing file /home/ubuntu/airflow-venv/lib/python3.12/site-packages/airflow/example_dags/plugins/workday.py for tasks to queue
[2026-02-25T14:25:54.938+0000] {logging_mixin.py:190} INFO - [2026-02-25T14:25:54.938+0000] {dagbag.py:588} INFO - Filling up the DagBag from /home/ubuntu/airflow-venv/lib/python3.12/site-packages/airflow/example_dags/plugins/workday.py
[2026-02-25T14:25:54.940+0000] {logging_mixin.py:190} INFO - [2026-02-25T14:25:54.940+0000] {workday.py:41} WARNING - Could not import pandas. Holidays will not be considered.
[2026-02-25T14:25:54.940+0000] {processor.py:927} WARNING - No viable dags retrieved from /home/ubuntu/airflow-venv/lib/python3.12/site-packages/airflow/example_dags/plugins/workday.py
[2026-02-25T14:25:54.947+0000] {processor.py:208} INFO - Processing /home/ubuntu/airflow-venv/lib/python3.12/site-packages/airflow/example_dags/plugins/workday.py took 0.015 seconds
[2026-02-25T14:26:43.348+0000] {processor.py:186} INFO - Started process (PID=3996) to work on /home/ubuntu/airflow-venv/lib/python3.12/site-packages/airflow/example_dags/plugins/workday.py
[2026-02-25T14:26:43.349+0000] {processor.py:914} INFO - Processing file /home/ubuntu/airflow-venv/lib/python3.12/site-packages/airflow/example_dags/plugins/workday.py for tasks to queue
[2026-02-25T14:26:43.351+0000] {logging_mixin.py:190} INFO - [2026-02-25T14:26:43.350+0000] {dagbag.py:588} INFO - Filling up the DagBag from /home/ubuntu/airflow-venv/lib/python3.12/site-packages/airflow/example_dags/plugins/workday.py
[2026-02-25T14:26:43.352+0000] {logging_mixin.py:190} INFO - [2026-02-25T14:26:43.352+0000] {workday.py:41} WARNING - Could not import pandas. Holidays will not be considered.
[2026-02-25T14:26:43.353+0000] {processor.py:927} WARNING - No viable dags retrieved from /home/ubuntu/airflow-venv/lib/python3.12/site-packages/airflow/example_dags/plugins/workday.py
[2026-02-25T14:26:43.360+0000] {processor.py:208} INFO - Processing /home/ubuntu/airflow-venv/lib/python3.12/site-packages/airflow/example_dags/plugins/workday.py took 0.015 seconds
[2026-02-25T14:27:33.617+0000] {processor.py:186} INFO - Started process (PID=4049) to work on /home/ubuntu/airflow-venv/lib/python3.12/site-packages/airflow/example_dags/plugins/workday.py
[2026-02-25T14:27:33.618+0000] {processor.py:914} INFO - Processing file /home/ubuntu/airflow-venv/lib/python3.12/site-packages/airflow/example_dags/plugins/workday.py for tasks to queue
[2026-02-25T14:27:33.619+0000] {logging_mixin.py:190} INFO - [2026-02-25T14:27:33.619+0000] {dagbag.py:588} INFO - Filling up the DagBag from /home/ubuntu/airflow-venv/lib/python3.12/site-packages/airflow/example_dags/plugins/workday.py
[2026-02-25T14:27:33.621+0000] {logging_mixin.py:190} INFO - [2026-02-25T14:27:33.621+0000] {workday.py:41} WARNING - Could not import pandas. Holidays will not be considered.
[2026-02-25T14:27:33.621+0000] {processor.py:927} WARNING - No viable dags retrieved from /home/ubuntu/airflow-venv/lib/python3.12/site-packages/airflow/example_dags/plugins/workday.py
[2026-02-25T14:27:33.628+0000] {processor.py:208} INFO - Processing /home/ubuntu/airflow-venv/lib/python3.12/site-packages/airflow/example_dags/plugins/workday.py took 0.015 seconds
[2026-02-25T14:28:22.750+0000] {processor.py:186} INFO - Started process (PID=4101) to work on /home/ubuntu/airflow-venv/lib/python3.12/site-packages/airflow/example_dags/plugins/workday.py
[2026-02-25T14:28:22.752+0000] {processor.py:914} INFO - Processing file /home/ubuntu/airflow-venv/lib/python3.12/site-packages/airflow/example_dags/plugins/workday.py for tasks to queue
[2026-02-25T14:28:22.753+0000] {logging_mixin.py:190} INFO - [2026-02-25T14:28:22.752+0000] {dagbag.py:588} INFO - Filling up the DagBag from /home/ubuntu/airflow-venv/lib/python3.12/site-packages/airflow/example_dags/plugins/workday.py
[2026-02-25T14:28:22.754+0000] {logging_mixin.py:190} INFO - [2026-02-25T14:28:22.754+0000] {workday.py:41} WARNING - Could not import pandas. Holidays will not be considered.
[2026-02-25T14:28:22.755+0000] {processor.py:927} WARNING - No viable dags retrieved from /home/ubuntu/airflow-venv/lib/python3.12/site-packages/airflow/example_dags/plugins/workday.py
[2026-02-25T14:28:22.761+0000] {processor.py:208} INFO - Processing /home/ubuntu/airflow-venv/lib/python3.12/site-packages/airflow/example_dags/plugins/workday.py took 0.014 seconds
[2026-02-25T14:29:12.942+0000] {processor.py:186} INFO - Started process (PID=4153) to work on /home/ubuntu/airflow-venv/lib/python3.12/site-packages/airflow/example_dags/plugins/workday.py
[2026-02-25T14:29:12.944+0000] {processor.py:914} INFO - Processing file /home/ubuntu/airflow-venv/lib/python3.12/site-packages/airflow/example_dags/plugins/workday.py for tasks to queue
[2026-02-25T14:29:12.945+0000] {logging_mixin.py:190} INFO - [2026-02-25T14:29:12.944+0000] {dagbag.py:588} INFO - Filling up the DagBag from /home/ubuntu/airflow-venv/lib/python3.12/site-packages/airflow/example_dags/plugins/workday.py
[2026-02-25T14:29:12.947+0000] {logging_mixin.py:190} INFO - [2026-02-25T14:29:12.946+0000] {workday.py:41} WARNING - Could not import pandas. Holidays will not be considered.
[2026-02-25T14:29:12.947+0000] {processor.py:927} WARNING - No viable dags retrieved from /home/ubuntu/airflow-venv/lib/python3.12/site-packages/airflow/example_dags/plugins/workday.py
[2026-02-25T14:29:12.954+0000] {processor.py:208} INFO - Processing /home/ubuntu/airflow-venv/lib/python3.12/site-packages/airflow/example_dags/plugins/workday.py took 0.015 seconds
[2026-02-25T14:30:03.596+0000] {processor.py:186} INFO - Started process (PID=4211) to work on /home/ubuntu/airflow-venv/lib/python3.12/site-packages/airflow/example_dags/plugins/workday.py
[2026-02-25T14:30:03.597+0000] {processor.py:914} INFO - Processing file /home/ubuntu/airflow-venv/lib/python3.12/site-packages/airflow/example_dags/plugins/workday.py for tasks to queue
[2026-02-25T14:30:03.598+0000] {logging_mixin.py:190} INFO - [2026-02-25T14:30:03.597+0000] {dagbag.py:588} INFO - Filling up the DagBag from /home/ubuntu/airflow-venv/lib/python3.12/site-packages/airflow/example_dags/plugins/workday.py
[2026-02-25T14:30:03.599+0000] {logging_mixin.py:190} INFO - [2026-02-25T14:30:03.599+0000] {workday.py:41} WARNING - Could not import pandas. Holidays will not be considered.
[2026-02-25T14:30:03.600+0000] {processor.py:927} WARNING - No viable dags retrieved from /home/ubuntu/airflow-venv/lib/python3.12/site-packages/airflow/example_dags/plugins/workday.py
[2026-02-25T14:30:03.607+0000] {processor.py:208} INFO - Processing /home/ubuntu/airflow-venv/lib/python3.12/site-packages/airflow/example_dags/plugins/workday.py took 0.015 seconds
[2026-02-25T14:33:27.916+0000] {processor.py:186} INFO - Started process (PID=1671) to work on /home/ubuntu/airflow-venv/lib/python3.12/site-packages/airflow/example_dags/plugins/workday.py
[2026-02-25T14:33:27.918+0000] {processor.py:914} INFO - Processing file /home/ubuntu/airflow-venv/lib/python3.12/site-packages/airflow/example_dags/plugins/workday.py for tasks to queue
[2026-02-25T14:33:27.920+0000] {logging_mixin.py:190} INFO - [2026-02-25T14:33:27.919+0000] {dagbag.py:588} INFO - Filling up the DagBag from /home/ubuntu/airflow-venv/lib/python3.12/site-packages/airflow/example_dags/plugins/workday.py
[2026-02-25T14:33:27.921+0000] {logging_mixin.py:190} INFO - [2026-02-25T14:33:27.921+0000] {workday.py:41} WARNING - Could not import pandas. Holidays will not be considered.
[2026-02-25T14:33:27.922+0000] {processor.py:927} WARNING - No viable dags retrieved from /home/ubuntu/airflow-venv/lib/python3.12/site-packages/airflow/example_dags/plugins/workday.py
[2026-02-25T14:33:27.928+0000] {processor.py:208} INFO - Processing /home/ubuntu/airflow-venv/lib/python3.12/site-packages/airflow/example_dags/plugins/workday.py took 0.015 seconds
[2026-02-25T14:34:21.837+0000] {processor.py:186} INFO - Started process (PID=2112) to work on /home/ubuntu/airflow-venv/lib/python3.12/site-packages/airflow/example_dags/plugins/workday.py
[2026-02-25T14:34:21.838+0000] {processor.py:914} INFO - Processing file /home/ubuntu/airflow-venv/lib/python3.12/site-packages/airflow/example_dags/plugins/workday.py for tasks to queue
[2026-02-25T14:34:21.839+0000] {logging_mixin.py:190} INFO - [2026-02-25T14:34:21.839+0000] {dagbag.py:588} INFO - Filling up the DagBag from /home/ubuntu/airflow-venv/lib/python3.12/site-packages/airflow/example_dags/plugins/workday.py
[2026-02-25T14:34:21.841+0000] {logging_mixin.py:190} INFO - [2026-02-25T14:34:21.841+0000] {workday.py:41} WARNING - Could not import pandas. Holidays will not be considered.
[2026-02-25T14:34:21.841+0000] {processor.py:927} WARNING - No viable dags retrieved from /home/ubuntu/airflow-venv/lib/python3.12/site-packages/airflow/example_dags/plugins/workday.py
[2026-02-25T14:34:21.848+0000] {processor.py:208} INFO - Processing /home/ubuntu/airflow-venv/lib/python3.12/site-packages/airflow/example_dags/plugins/workday.py took 0.015 seconds
[2026-02-25T14:35:10.291+0000] {processor.py:186} INFO - Started process (PID=2167) to work on /home/ubuntu/airflow-venv/lib/python3.12/site-packages/airflow/example_dags/plugins/workday.py
[2026-02-25T14:35:10.293+0000] {processor.py:914} INFO - Processing file /home/ubuntu/airflow-venv/lib/python3.12/site-packages/airflow/example_dags/plugins/workday.py for tasks to queue
[2026-02-25T14:35:10.294+0000] {logging_mixin.py:190} INFO - [2026-02-25T14:35:10.294+0000] {dagbag.py:588} INFO - Filling up the DagBag from /home/ubuntu/airflow-venv/lib/python3.12/site-packages/airflow/example_dags/plugins/workday.py
[2026-02-25T14:35:10.296+0000] {logging_mixin.py:190} INFO - [2026-02-25T14:35:10.296+0000] {workday.py:41} WARNING - Could not import pandas. Holidays will not be considered.
[2026-02-25T14:35:10.296+0000] {processor.py:927} WARNING - No viable dags retrieved from /home/ubuntu/airflow-venv/lib/python3.12/site-packages/airflow/example_dags/plugins/workday.py
[2026-02-25T14:35:10.303+0000] {processor.py:208} INFO - Processing /home/ubuntu/airflow-venv/lib/python3.12/site-packages/airflow/example_dags/plugins/workday.py took 0.016 seconds
[2026-02-25T14:35:56.533+0000] {processor.py:186} INFO - Started process (PID=2579) to work on /home/ubuntu/airflow-venv/lib/python3.12/site-packages/airflow/example_dags/plugins/workday.py
[2026-02-25T14:35:56.534+0000] {processor.py:914} INFO - Processing file /home/ubuntu/airflow-venv/lib/python3.12/site-packages/airflow/example_dags/plugins/workday.py for tasks to queue
[2026-02-25T14:35:56.535+0000] {logging_mixin.py:190} INFO - [2026-02-25T14:35:56.535+0000] {dagbag.py:588} INFO - Filling up the DagBag from /home/ubuntu/airflow-venv/lib/python3.12/site-packages/airflow/example_dags/plugins/workday.py
[2026-02-25T14:35:56.537+0000] {logging_mixin.py:190} INFO - [2026-02-25T14:35:56.536+0000] {workday.py:41} WARNING - Could not import pandas. Holidays will not be considered.
[2026-02-25T14:35:56.537+0000] {processor.py:927} WARNING - No viable dags retrieved from /home/ubuntu/airflow-venv/lib/python3.12/site-packages/airflow/example_dags/plugins/workday.py
[2026-02-25T14:35:56.543+0000] {processor.py:208} INFO - Processing /home/ubuntu/airflow-venv/lib/python3.12/site-packages/airflow/example_dags/plugins/workday.py took 0.014 seconds
[2026-02-25T14:36:46.757+0000] {processor.py:186} INFO - Started process (PID=2648) to work on /home/ubuntu/airflow-venv/lib/python3.12/site-packages/airflow/example_dags/plugins/workday.py
[2026-02-25T14:36:46.758+0000] {processor.py:914} INFO - Processing file /home/ubuntu/airflow-venv/lib/python3.12/site-packages/airflow/example_dags/plugins/workday.py for tasks to queue
[2026-02-25T14:36:46.760+0000] {logging_mixin.py:190} INFO - [2026-02-25T14:36:46.759+0000] {dagbag.py:588} INFO - Filling up the DagBag from /home/ubuntu/airflow-venv/lib/python3.12/site-packages/airflow/example_dags/plugins/workday.py
[2026-02-25T14:36:46.761+0000] {logging_mixin.py:190} INFO - [2026-02-25T14:36:46.761+0000] {workday.py:41} WARNING - Could not import pandas. Holidays will not be considered.
[2026-02-25T14:36:46.761+0000] {processor.py:927} WARNING - No viable dags retrieved from /home/ubuntu/airflow-venv/lib/python3.12/site-packages/airflow/example_dags/plugins/workday.py
[2026-02-25T14:36:46.768+0000] {processor.py:208} INFO - Processing /home/ubuntu/airflow-venv/lib/python3.12/site-packages/airflow/example_dags/plugins/workday.py took 0.015 seconds
[2026-02-25T14:37:38.543+0000] {processor.py:186} INFO - Started process (PID=2709) to work on /home/ubuntu/airflow-venv/lib/python3.12/site-packages/airflow/example_dags/plugins/workday.py
[2026-02-25T14:37:38.544+0000] {processor.py:914} INFO - Processing file /home/ubuntu/airflow-venv/lib/python3.12/site-packages/airflow/example_dags/plugins/workday.py for tasks to queue
[2026-02-25T14:37:38.545+0000] {logging_mixin.py:190} INFO - [2026-02-25T14:37:38.545+0000] {dagbag.py:588} INFO - Filling up the DagBag from /home/ubuntu/airflow-venv/lib/python3.12/site-packages/airflow/example_dags/plugins/workday.py
[2026-02-25T14:37:38.547+0000] {logging_mixin.py:190} INFO - [2026-02-25T14:37:38.547+0000] {workday.py:41} WARNING - Could not import pandas. Holidays will not be considered.
[2026-02-25T14:37:38.547+0000] {processor.py:927} WARNING - No viable dags retrieved from /home/ubuntu/airflow-venv/lib/python3.12/site-packages/airflow/example_dags/plugins/workday.py
[2026-02-25T14:37:38.554+0000] {processor.py:208} INFO - Processing /home/ubuntu/airflow-venv/lib/python3.12/site-packages/airflow/example_dags/plugins/workday.py took 0.015 seconds
[2026-02-25T14:38:27.094+0000] {processor.py:186} INFO - Started process (PID=2762) to work on /home/ubuntu/airflow-venv/lib/python3.12/site-packages/airflow/example_dags/plugins/workday.py
[2026-02-25T14:38:27.095+0000] {processor.py:914} INFO - Processing file /home/ubuntu/airflow-venv/lib/python3.12/site-packages/airflow/example_dags/plugins/workday.py for tasks to queue
[2026-02-25T14:38:27.097+0000] {logging_mixin.py:190} INFO - [2026-02-25T14:38:27.096+0000] {dagbag.py:588} INFO - Filling up the DagBag from /home/ubuntu/airflow-venv/lib/python3.12/site-packages/airflow/example_dags/plugins/workday.py
[2026-02-25T14:38:27.098+0000] {logging_mixin.py:190} INFO - [2026-02-25T14:38:27.098+0000] {workday.py:41} WARNING - Could not import pandas. Holidays will not be considered.
[2026-02-25T14:38:27.099+0000] {processor.py:927} WARNING - No viable dags retrieved from /home/ubuntu/airflow-venv/lib/python3.12/site-packages/airflow/example_dags/plugins/workday.py
[2026-02-25T14:38:27.106+0000] {processor.py:208} INFO - Processing /home/ubuntu/airflow-venv/lib/python3.12/site-packages/airflow/example_dags/plugins/workday.py took 0.015 seconds
[2026-02-25T14:39:18.282+0000] {processor.py:186} INFO - Started process (PID=2814) to work on /home/ubuntu/airflow-venv/lib/python3.12/site-packages/airflow/example_dags/plugins/workday.py
[2026-02-25T14:39:18.283+0000] {processor.py:914} INFO - Processing file /home/ubuntu/airflow-venv/lib/python3.12/site-packages/airflow/example_dags/plugins/workday.py for tasks to queue
[2026-02-25T14:39:18.285+0000] {logging_mixin.py:190} INFO - [2026-02-25T14:39:18.285+0000] {dagbag.py:588} INFO - Filling up the DagBag from /home/ubuntu/airflow-venv/lib/python3.12/site-packages/airflow/example_dags/plugins/workday.py
[2026-02-25T14:39:18.287+0000] {logging_mixin.py:190} INFO - [2026-02-25T14:39:18.286+0000] {workday.py:41} WARNING - Could not import pandas. Holidays will not be considered.
[2026-02-25T14:39:18.287+0000] {processor.py:927} WARNING - No viable dags retrieved from /home/ubuntu/airflow-venv/lib/python3.12/site-packages/airflow/example_dags/plugins/workday.py
[2026-02-25T14:39:18.295+0000] {processor.py:208} INFO - Processing /home/ubuntu/airflow-venv/lib/python3.12/site-packages/airflow/example_dags/plugins/workday.py took 0.016 seconds
[2026-02-25T14:40:11.797+0000] {processor.py:186} INFO - Started process (PID=2868) to work on /home/ubuntu/airflow-venv/lib/python3.12/site-packages/airflow/example_dags/plugins/workday.py
[2026-02-25T14:40:11.798+0000] {processor.py:914} INFO - Processing file /home/ubuntu/airflow-venv/lib/python3.12/site-packages/airflow/example_dags/plugins/workday.py for tasks to queue
[2026-02-25T14:40:11.799+0000] {logging_mixin.py:190} INFO - [2026-02-25T14:40:11.799+0000] {dagbag.py:588} INFO - Filling up the DagBag from /home/ubuntu/airflow-venv/lib/python3.12/site-packages/airflow/example_dags/plugins/workday.py
[2026-02-25T14:40:11.801+0000] {logging_mixin.py:190} INFO - [2026-02-25T14:40:11.801+0000] {workday.py:41} WARNING - Could not import pandas. Holidays will not be considered.
[2026-02-25T14:40:11.801+0000] {processor.py:927} WARNING - No viable dags retrieved from /home/ubuntu/airflow-venv/lib/python3.12/site-packages/airflow/example_dags/plugins/workday.py
[2026-02-25T14:40:11.808+0000] {processor.py:208} INFO - Processing /home/ubuntu/airflow-venv/lib/python3.12/site-packages/airflow/example_dags/plugins/workday.py took 0.015 seconds
[2026-02-25T14:41:05.373+0000] {processor.py:186} INFO - Started process (PID=2926) to work on /home/ubuntu/airflow-venv/lib/python3.12/site-packages/airflow/example_dags/plugins/workday.py
[2026-02-25T14:41:05.375+0000] {processor.py:914} INFO - Processing file /home/ubuntu/airflow-venv/lib/python3.12/site-packages/airflow/example_dags/plugins/workday.py for tasks to queue
[2026-02-25T14:41:05.376+0000] {logging_mixin.py:190} INFO - [2026-02-25T14:41:05.376+0000] {dagbag.py:588} INFO - Filling up the DagBag from /home/ubuntu/airflow-venv/lib/python3.12/site-packages/airflow/example_dags/plugins/workday.py
[2026-02-25T14:41:05.378+0000] {logging_mixin.py:190} INFO - [2026-02-25T14:41:05.378+0000] {workday.py:41} WARNING - Could not import pandas. Holidays will not be considered.
[2026-02-25T14:41:05.378+0000] {processor.py:927} WARNING - No viable dags retrieved from /home/ubuntu/airflow-venv/lib/python3.12/site-packages/airflow/example_dags/plugins/workday.py
[2026-02-25T14:41:05.385+0000] {processor.py:208} INFO - Processing /home/ubuntu/airflow-venv/lib/python3.12/site-packages/airflow/example_dags/plugins/workday.py took 0.015 seconds
[2026-02-25T14:41:58.947+0000] {processor.py:186} INFO - Started process (PID=2981) to work on /home/ubuntu/airflow-venv/lib/python3.12/site-packages/airflow/example_dags/plugins/workday.py
[2026-02-25T14:41:58.948+0000] {processor.py:914} INFO - Processing file /home/ubuntu/airflow-venv/lib/python3.12/site-packages/airflow/example_dags/plugins/workday.py for tasks to queue
[2026-02-25T14:41:58.950+0000] {logging_mixin.py:190} INFO - [2026-02-25T14:41:58.950+0000] {dagbag.py:588} INFO - Filling up the DagBag from /home/ubuntu/airflow-venv/lib/python3.12/site-packages/airflow/example_dags/plugins/workday.py
[2026-02-25T14:41:58.952+0000] {logging_mixin.py:190} INFO - [2026-02-25T14:41:58.951+0000] {workday.py:41} WARNING - Could not import pandas. Holidays will not be considered.
[2026-02-25T14:41:58.952+0000] {processor.py:927} WARNING - No viable dags retrieved from /home/ubuntu/airflow-venv/lib/python3.12/site-packages/airflow/example_dags/plugins/workday.py
[2026-02-25T14:41:58.959+0000] {processor.py:208} INFO - Processing /home/ubuntu/airflow-venv/lib/python3.12/site-packages/airflow/example_dags/plugins/workday.py took 0.015 seconds
[2026-02-25T14:42:50.954+0000] {processor.py:186} INFO - Started process (PID=3039) to work on /home/ubuntu/airflow-venv/lib/python3.12/site-packages/airflow/example_dags/plugins/workday.py
[2026-02-25T14:42:50.956+0000] {processor.py:914} INFO - Processing file /home/ubuntu/airflow-venv/lib/python3.12/site-packages/airflow/example_dags/plugins/workday.py for tasks to queue
[2026-02-25T14:42:50.957+0000] {logging_mixin.py:190} INFO - [2026-02-25T14:42:50.957+0000] {dagbag.py:588} INFO - Filling up the DagBag from /home/ubuntu/airflow-venv/lib/python3.12/site-packages/airflow/example_dags/plugins/workday.py
[2026-02-25T14:42:50.959+0000] {logging_mixin.py:190} INFO - [2026-02-25T14:42:50.959+0000] {workday.py:41} WARNING - Could not import pandas. Holidays will not be considered.
[2026-02-25T14:42:50.959+0000] {processor.py:927} WARNING - No viable dags retrieved from /home/ubuntu/airflow-venv/lib/python3.12/site-packages/airflow/example_dags/plugins/workday.py
[2026-02-25T14:42:50.966+0000] {processor.py:208} INFO - Processing /home/ubuntu/airflow-venv/lib/python3.12/site-packages/airflow/example_dags/plugins/workday.py took 0.015 seconds
[2026-02-25T14:43:39.419+0000] {processor.py:186} INFO - Started process (PID=3092) to work on /home/ubuntu/airflow-venv/lib/python3.12/site-packages/airflow/example_dags/plugins/workday.py
[2026-02-25T14:43:39.420+0000] {processor.py:914} INFO - Processing file /home/ubuntu/airflow-venv/lib/python3.12/site-packages/airflow/example_dags/plugins/workday.py for tasks to queue
[2026-02-25T14:43:39.422+0000] {logging_mixin.py:190} INFO - [2026-02-25T14:43:39.422+0000] {dagbag.py:588} INFO - Filling up the DagBag from /home/ubuntu/airflow-venv/lib/python3.12/site-packages/airflow/example_dags/plugins/workday.py
[2026-02-25T14:43:39.424+0000] {logging_mixin.py:190} INFO - [2026-02-25T14:43:39.424+0000] {workday.py:41} WARNING - Could not import pandas. Holidays will not be considered.
[2026-02-25T14:43:39.424+0000] {processor.py:927} WARNING - No viable dags retrieved from /home/ubuntu/airflow-venv/lib/python3.12/site-packages/airflow/example_dags/plugins/workday.py
[2026-02-25T14:43:39.431+0000] {processor.py:208} INFO - Processing /home/ubuntu/airflow-venv/lib/python3.12/site-packages/airflow/example_dags/plugins/workday.py took 0.016 seconds
[2026-02-25T14:44:29.644+0000] {processor.py:186} INFO - Started process (PID=3146) to work on /home/ubuntu/airflow-venv/lib/python3.12/site-packages/airflow/example_dags/plugins/workday.py
[2026-02-25T14:44:29.645+0000] {processor.py:914} INFO - Processing file /home/ubuntu/airflow-venv/lib/python3.12/site-packages/airflow/example_dags/plugins/workday.py for tasks to queue
[2026-02-25T14:44:29.647+0000] {logging_mixin.py:190} INFO - [2026-02-25T14:44:29.646+0000] {dagbag.py:588} INFO - Filling up the DagBag from /home/ubuntu/airflow-venv/lib/python3.12/site-packages/airflow/example_dags/plugins/workday.py
[2026-02-25T14:44:29.648+0000] {logging_mixin.py:190} INFO - [2026-02-25T14:44:29.648+0000] {workday.py:41} WARNING - Could not import pandas. Holidays will not be considered.
[2026-02-25T14:44:29.649+0000] {processor.py:927} WARNING - No viable dags retrieved from /home/ubuntu/airflow-venv/lib/python3.12/site-packages/airflow/example_dags/plugins/workday.py
[2026-02-25T14:44:29.655+0000] {processor.py:208} INFO - Processing /home/ubuntu/airflow-venv/lib/python3.12/site-packages/airflow/example_dags/plugins/workday.py took 0.015 seconds
[2026-02-25T15:00:03.453+0000] {processor.py:186} INFO - Started process (PID=2100) to work on /home/ubuntu/airflow-venv/lib/python3.12/site-packages/airflow/example_dags/plugins/workday.py
[2026-02-25T15:00:03.455+0000] {processor.py:914} INFO - Processing file /home/ubuntu/airflow-venv/lib/python3.12/site-packages/airflow/example_dags/plugins/workday.py for tasks to queue
[2026-02-25T15:00:03.456+0000] {logging_mixin.py:190} INFO - [2026-02-25T15:00:03.456+0000] {dagbag.py:588} INFO - Filling up the DagBag from /home/ubuntu/airflow-venv/lib/python3.12/site-packages/airflow/example_dags/plugins/workday.py
[2026-02-25T15:00:03.458+0000] {logging_mixin.py:190} INFO - [2026-02-25T15:00:03.458+0000] {workday.py:41} WARNING - Could not import pandas. Holidays will not be considered.
[2026-02-25T15:00:03.458+0000] {processor.py:927} WARNING - No viable dags retrieved from /home/ubuntu/airflow-venv/lib/python3.12/site-packages/airflow/example_dags/plugins/workday.py
[2026-02-25T15:00:03.465+0000] {processor.py:208} INFO - Processing /home/ubuntu/airflow-venv/lib/python3.12/site-packages/airflow/example_dags/plugins/workday.py took 0.015 seconds
[2026-02-25T15:00:57.234+0000] {processor.py:186} INFO - Started process (PID=2166) to work on /home/ubuntu/airflow-venv/lib/python3.12/site-packages/airflow/example_dags/plugins/workday.py
[2026-02-25T15:00:57.235+0000] {processor.py:914} INFO - Processing file /home/ubuntu/airflow-venv/lib/python3.12/site-packages/airflow/example_dags/plugins/workday.py for tasks to queue
[2026-02-25T15:00:57.236+0000] {logging_mixin.py:190} INFO - [2026-02-25T15:00:57.236+0000] {dagbag.py:588} INFO - Filling up the DagBag from /home/ubuntu/airflow-venv/lib/python3.12/site-packages/airflow/example_dags/plugins/workday.py
[2026-02-25T15:00:57.238+0000] {logging_mixin.py:190} INFO - [2026-02-25T15:00:57.238+0000] {workday.py:41} WARNING - Could not import pandas. Holidays will not be considered.
[2026-02-25T15:00:57.238+0000] {processor.py:927} WARNING - No viable dags retrieved from /home/ubuntu/airflow-venv/lib/python3.12/site-packages/airflow/example_dags/plugins/workday.py
[2026-02-25T15:00:57.245+0000] {processor.py:208} INFO - Processing /home/ubuntu/airflow-venv/lib/python3.12/site-packages/airflow/example_dags/plugins/workday.py took 0.014 seconds
[2026-02-25T15:01:43.171+0000] {processor.py:186} INFO - Started process (PID=2216) to work on /home/ubuntu/airflow-venv/lib/python3.12/site-packages/airflow/example_dags/plugins/workday.py
[2026-02-25T15:01:43.172+0000] {processor.py:914} INFO - Processing file /home/ubuntu/airflow-venv/lib/python3.12/site-packages/airflow/example_dags/plugins/workday.py for tasks to queue
[2026-02-25T15:01:43.174+0000] {logging_mixin.py:190} INFO - [2026-02-25T15:01:43.173+0000] {dagbag.py:588} INFO - Filling up the DagBag from /home/ubuntu/airflow-venv/lib/python3.12/site-packages/airflow/example_dags/plugins/workday.py
[2026-02-25T15:01:43.175+0000] {logging_mixin.py:190} INFO - [2026-02-25T15:01:43.175+0000] {workday.py:41} WARNING - Could not import pandas. Holidays will not be considered.
[2026-02-25T15:01:43.175+0000] {processor.py:927} WARNING - No viable dags retrieved from /home/ubuntu/airflow-venv/lib/python3.12/site-packages/airflow/example_dags/plugins/workday.py
[2026-02-25T15:01:43.182+0000] {processor.py:208} INFO - Processing /home/ubuntu/airflow-venv/lib/python3.12/site-packages/airflow/example_dags/plugins/workday.py took 0.014 seconds
[2026-02-25T15:02:30.546+0000] {processor.py:186} INFO - Started process (PID=2266) to work on /home/ubuntu/airflow-venv/lib/python3.12/site-packages/airflow/example_dags/plugins/workday.py
[2026-02-25T15:02:30.547+0000] {processor.py:914} INFO - Processing file /home/ubuntu/airflow-venv/lib/python3.12/site-packages/airflow/example_dags/plugins/workday.py for tasks to queue
[2026-02-25T15:02:30.549+0000] {logging_mixin.py:190} INFO - [2026-02-25T15:02:30.548+0000] {dagbag.py:588} INFO - Filling up the DagBag from /home/ubuntu/airflow-venv/lib/python3.12/site-packages/airflow/example_dags/plugins/workday.py
[2026-02-25T15:02:30.550+0000] {logging_mixin.py:190} INFO - [2026-02-25T15:02:30.550+0000] {workday.py:41} WARNING - Could not import pandas. Holidays will not be considered.
[2026-02-25T15:02:30.550+0000] {processor.py:927} WARNING - No viable dags retrieved from /home/ubuntu/airflow-venv/lib/python3.12/site-packages/airflow/example_dags/plugins/workday.py
[2026-02-25T15:02:30.557+0000] {processor.py:208} INFO - Processing /home/ubuntu/airflow-venv/lib/python3.12/site-packages/airflow/example_dags/plugins/workday.py took 0.014 seconds
[2026-02-25T15:03:21.890+0000] {processor.py:186} INFO - Started process (PID=2322) to work on /home/ubuntu/airflow-venv/lib/python3.12/site-packages/airflow/example_dags/plugins/workday.py
[2026-02-25T15:03:21.892+0000] {processor.py:914} INFO - Processing file /home/ubuntu/airflow-venv/lib/python3.12/site-packages/airflow/example_dags/plugins/workday.py for tasks to queue
[2026-02-25T15:03:21.893+0000] {logging_mixin.py:190} INFO - [2026-02-25T15:03:21.893+0000] {dagbag.py:588} INFO - Filling up the DagBag from /home/ubuntu/airflow-venv/lib/python3.12/site-packages/airflow/example_dags/plugins/workday.py
[2026-02-25T15:03:21.895+0000] {logging_mixin.py:190} INFO - [2026-02-25T15:03:21.894+0000] {workday.py:41} WARNING - Could not import pandas. Holidays will not be considered.
[2026-02-25T15:03:21.895+0000] {processor.py:927} WARNING - No viable dags retrieved from /home/ubuntu/airflow-venv/lib/python3.12/site-packages/airflow/example_dags/plugins/workday.py
[2026-02-25T15:03:21.901+0000] {processor.py:208} INFO - Processing /home/ubuntu/airflow-venv/lib/python3.12/site-packages/airflow/example_dags/plugins/workday.py took 0.014 seconds
[2026-02-25T15:04:13.555+0000] {processor.py:186} INFO - Started process (PID=2377) to work on /home/ubuntu/airflow-venv/lib/python3.12/site-packages/airflow/example_dags/plugins/workday.py
[2026-02-25T15:04:13.556+0000] {processor.py:914} INFO - Processing file /home/ubuntu/airflow-venv/lib/python3.12/site-packages/airflow/example_dags/plugins/workday.py for tasks to queue
[2026-02-25T15:04:13.558+0000] {logging_mixin.py:190} INFO - [2026-02-25T15:04:13.557+0000] {dagbag.py:588} INFO - Filling up the DagBag from /home/ubuntu/airflow-venv/lib/python3.12/site-packages/airflow/example_dags/plugins/workday.py
[2026-02-25T15:04:13.559+0000] {logging_mixin.py:190} INFO - [2026-02-25T15:04:13.559+0000] {workday.py:41} WARNING - Could not import pandas. Holidays will not be considered.
[2026-02-25T15:04:13.559+0000] {processor.py:927} WARNING - No viable dags retrieved from /home/ubuntu/airflow-venv/lib/python3.12/site-packages/airflow/example_dags/plugins/workday.py
[2026-02-25T15:04:13.566+0000] {processor.py:208} INFO - Processing /home/ubuntu/airflow-venv/lib/python3.12/site-packages/airflow/example_dags/plugins/workday.py took 0.014 seconds
[2026-02-25T15:05:01.124+0000] {processor.py:186} INFO - Started process (PID=2436) to work on /home/ubuntu/airflow-venv/lib/python3.12/site-packages/airflow/example_dags/plugins/workday.py
[2026-02-25T15:05:01.125+0000] {processor.py:914} INFO - Processing file /home/ubuntu/airflow-venv/lib/python3.12/site-packages/airflow/example_dags/plugins/workday.py for tasks to queue
[2026-02-25T15:05:01.126+0000] {logging_mixin.py:190} INFO - [2026-02-25T15:05:01.126+0000] {dagbag.py:588} INFO - Filling up the DagBag from /home/ubuntu/airflow-venv/lib/python3.12/site-packages/airflow/example_dags/plugins/workday.py
[2026-02-25T15:05:01.128+0000] {logging_mixin.py:190} INFO - [2026-02-25T15:05:01.128+0000] {workday.py:41} WARNING - Could not import pandas. Holidays will not be considered.
[2026-02-25T15:05:01.128+0000] {processor.py:927} WARNING - No viable dags retrieved from /home/ubuntu/airflow-venv/lib/python3.12/site-packages/airflow/example_dags/plugins/workday.py
[2026-02-25T15:05:01.135+0000] {processor.py:208} INFO - Processing /home/ubuntu/airflow-venv/lib/python3.12/site-packages/airflow/example_dags/plugins/workday.py took 0.015 seconds
[2026-02-25T15:05:54.588+0000] {processor.py:186} INFO - Started process (PID=2495) to work on /home/ubuntu/airflow-venv/lib/python3.12/site-packages/airflow/example_dags/plugins/workday.py
[2026-02-25T15:05:54.589+0000] {processor.py:914} INFO - Processing file /home/ubuntu/airflow-venv/lib/python3.12/site-packages/airflow/example_dags/plugins/workday.py for tasks to queue
[2026-02-25T15:05:54.590+0000] {logging_mixin.py:190} INFO - [2026-02-25T15:05:54.590+0000] {dagbag.py:588} INFO - Filling up the DagBag from /home/ubuntu/airflow-venv/lib/python3.12/site-packages/airflow/example_dags/plugins/workday.py
[2026-02-25T15:05:54.592+0000] {logging_mixin.py:190} INFO - [2026-02-25T15:05:54.592+0000] {workday.py:41} WARNING - Could not import pandas. Holidays will not be considered.
[2026-02-25T15:05:54.592+0000] {processor.py:927} WARNING - No viable dags retrieved from /home/ubuntu/airflow-venv/lib/python3.12/site-packages/airflow/example_dags/plugins/workday.py
[2026-02-25T15:05:54.599+0000] {processor.py:208} INFO - Processing /home/ubuntu/airflow-venv/lib/python3.12/site-packages/airflow/example_dags/plugins/workday.py took 0.014 seconds
[2026-02-25T15:06:48.133+0000] {processor.py:186} INFO - Started process (PID=2551) to work on /home/ubuntu/airflow-venv/lib/python3.12/site-packages/airflow/example_dags/plugins/workday.py
[2026-02-25T15:06:48.135+0000] {processor.py:914} INFO - Processing file /home/ubuntu/airflow-venv/lib/python3.12/site-packages/airflow/example_dags/plugins/workday.py for tasks to queue
[2026-02-25T15:06:48.136+0000] {logging_mixin.py:190} INFO - [2026-02-25T15:06:48.136+0000] {dagbag.py:588} INFO - Filling up the DagBag from /home/ubuntu/airflow-venv/lib/python3.12/site-packages/airflow/example_dags/plugins/workday.py
[2026-02-25T15:06:48.137+0000] {logging_mixin.py:190} INFO - [2026-02-25T15:06:48.137+0000] {workday.py:41} WARNING - Could not import pandas. Holidays will not be considered.
[2026-02-25T15:06:48.138+0000] {processor.py:927} WARNING - No viable dags retrieved from /home/ubuntu/airflow-venv/lib/python3.12/site-packages/airflow/example_dags/plugins/workday.py
[2026-02-25T15:06:48.144+0000] {processor.py:208} INFO - Processing /home/ubuntu/airflow-venv/lib/python3.12/site-packages/airflow/example_dags/plugins/workday.py took 0.014 seconds
[2026-02-25T15:07:37.262+0000] {processor.py:186} INFO - Started process (PID=2603) to work on /home/ubuntu/airflow-venv/lib/python3.12/site-packages/airflow/example_dags/plugins/workday.py
[2026-02-25T15:07:37.264+0000] {processor.py:914} INFO - Processing file /home/ubuntu/airflow-venv/lib/python3.12/site-packages/airflow/example_dags/plugins/workday.py for tasks to queue
[2026-02-25T15:07:37.265+0000] {logging_mixin.py:190} INFO - [2026-02-25T15:07:37.265+0000] {dagbag.py:588} INFO - Filling up the DagBag from /home/ubuntu/airflow-venv/lib/python3.12/site-packages/airflow/example_dags/plugins/workday.py
[2026-02-25T15:07:37.267+0000] {logging_mixin.py:190} INFO - [2026-02-25T15:07:37.267+0000] {workday.py:41} WARNING - Could not import pandas. Holidays will not be considered.
[2026-02-25T15:07:37.267+0000] {processor.py:927} WARNING - No viable dags retrieved from /home/ubuntu/airflow-venv/lib/python3.12/site-packages/airflow/example_dags/plugins/workday.py
[2026-02-25T15:07:37.274+0000] {processor.py:208} INFO - Processing /home/ubuntu/airflow-venv/lib/python3.12/site-packages/airflow/example_dags/plugins/workday.py took 0.015 seconds
[2026-02-25T15:08:27.440+0000] {processor.py:186} INFO - Started process (PID=3023) to work on /home/ubuntu/airflow-venv/lib/python3.12/site-packages/airflow/example_dags/plugins/workday.py
[2026-02-25T15:08:27.442+0000] {processor.py:914} INFO - Processing file /home/ubuntu/airflow-venv/lib/python3.12/site-packages/airflow/example_dags/plugins/workday.py for tasks to queue
[2026-02-25T15:08:27.443+0000] {logging_mixin.py:190} INFO - [2026-02-25T15:08:27.443+0000] {dagbag.py:588} INFO - Filling up the DagBag from /home/ubuntu/airflow-venv/lib/python3.12/site-packages/airflow/example_dags/plugins/workday.py
[2026-02-25T15:08:27.444+0000] {logging_mixin.py:190} INFO - [2026-02-25T15:08:27.444+0000] {workday.py:41} WARNING - Could not import pandas. Holidays will not be considered.
[2026-02-25T15:08:27.445+0000] {processor.py:927} WARNING - No viable dags retrieved from /home/ubuntu/airflow-venv/lib/python3.12/site-packages/airflow/example_dags/plugins/workday.py
[2026-02-25T15:08:27.451+0000] {processor.py:208} INFO - Processing /home/ubuntu/airflow-venv/lib/python3.12/site-packages/airflow/example_dags/plugins/workday.py took 0.014 seconds
[2026-02-25T15:09:15.107+0000] {processor.py:186} INFO - Started process (PID=3075) to work on /home/ubuntu/airflow-venv/lib/python3.12/site-packages/airflow/example_dags/plugins/workday.py
[2026-02-25T15:09:15.108+0000] {processor.py:914} INFO - Processing file /home/ubuntu/airflow-venv/lib/python3.12/site-packages/airflow/example_dags/plugins/workday.py for tasks to queue
[2026-02-25T15:09:15.110+0000] {logging_mixin.py:190} INFO - [2026-02-25T15:09:15.109+0000] {dagbag.py:588} INFO - Filling up the DagBag from /home/ubuntu/airflow-venv/lib/python3.12/site-packages/airflow/example_dags/plugins/workday.py
[2026-02-25T15:09:15.111+0000] {logging_mixin.py:190} INFO - [2026-02-25T15:09:15.111+0000] {workday.py:41} WARNING - Could not import pandas. Holidays will not be considered.
[2026-02-25T15:09:15.112+0000] {processor.py:927} WARNING - No viable dags retrieved from /home/ubuntu/airflow-venv/lib/python3.12/site-packages/airflow/example_dags/plugins/workday.py
[2026-02-25T15:09:15.118+0000] {processor.py:208} INFO - Processing /home/ubuntu/airflow-venv/lib/python3.12/site-packages/airflow/example_dags/plugins/workday.py took 0.015 seconds
[2026-02-25T15:10:06.143+0000] {processor.py:186} INFO - Started process (PID=3132) to work on /home/ubuntu/airflow-venv/lib/python3.12/site-packages/airflow/example_dags/plugins/workday.py
[2026-02-25T15:10:06.144+0000] {processor.py:914} INFO - Processing file /home/ubuntu/airflow-venv/lib/python3.12/site-packages/airflow/example_dags/plugins/workday.py for tasks to queue
[2026-02-25T15:10:06.145+0000] {logging_mixin.py:190} INFO - [2026-02-25T15:10:06.145+0000] {dagbag.py:588} INFO - Filling up the DagBag from /home/ubuntu/airflow-venv/lib/python3.12/site-packages/airflow/example_dags/plugins/workday.py
[2026-02-25T15:10:06.147+0000] {logging_mixin.py:190} INFO - [2026-02-25T15:10:06.147+0000] {workday.py:41} WARNING - Could not import pandas. Holidays will not be considered.
[2026-02-25T15:10:06.147+0000] {processor.py:927} WARNING - No viable dags retrieved from /home/ubuntu/airflow-venv/lib/python3.12/site-packages/airflow/example_dags/plugins/workday.py
[2026-02-25T15:10:06.154+0000] {processor.py:208} INFO - Processing /home/ubuntu/airflow-venv/lib/python3.12/site-packages/airflow/example_dags/plugins/workday.py took 0.014 seconds
[2026-02-25T15:10:57.531+0000] {processor.py:186} INFO - Started process (PID=3187) to work on /home/ubuntu/airflow-venv/lib/python3.12/site-packages/airflow/example_dags/plugins/workday.py
[2026-02-25T15:10:57.533+0000] {processor.py:914} INFO - Processing file /home/ubuntu/airflow-venv/lib/python3.12/site-packages/airflow/example_dags/plugins/workday.py for tasks to queue
[2026-02-25T15:10:57.534+0000] {logging_mixin.py:190} INFO - [2026-02-25T15:10:57.534+0000] {dagbag.py:588} INFO - Filling up the DagBag from /home/ubuntu/airflow-venv/lib/python3.12/site-packages/airflow/example_dags/plugins/workday.py
[2026-02-25T15:10:57.535+0000] {logging_mixin.py:190} INFO - [2026-02-25T15:10:57.535+0000] {workday.py:41} WARNING - Could not import pandas. Holidays will not be considered.
[2026-02-25T15:10:57.536+0000] {processor.py:927} WARNING - No viable dags retrieved from /home/ubuntu/airflow-venv/lib/python3.12/site-packages/airflow/example_dags/plugins/workday.py
[2026-02-25T15:10:57.542+0000] {processor.py:208} INFO - Processing /home/ubuntu/airflow-venv/lib/python3.12/site-packages/airflow/example_dags/plugins/workday.py took 0.014 seconds
[2026-02-25T15:11:47.446+0000] {processor.py:186} INFO - Started process (PID=3238) to work on /home/ubuntu/airflow-venv/lib/python3.12/site-packages/airflow/example_dags/plugins/workday.py
[2026-02-25T15:11:47.448+0000] {processor.py:914} INFO - Processing file /home/ubuntu/airflow-venv/lib/python3.12/site-packages/airflow/example_dags/plugins/workday.py for tasks to queue
[2026-02-25T15:11:47.449+0000] {logging_mixin.py:190} INFO - [2026-02-25T15:11:47.449+0000] {dagbag.py:588} INFO - Filling up the DagBag from /home/ubuntu/airflow-venv/lib/python3.12/site-packages/airflow/example_dags/plugins/workday.py
[2026-02-25T15:11:47.451+0000] {logging_mixin.py:190} INFO - [2026-02-25T15:11:47.451+0000] {workday.py:41} WARNING - Could not import pandas. Holidays will not be considered.
[2026-02-25T15:11:47.451+0000] {processor.py:927} WARNING - No viable dags retrieved from /home/ubuntu/airflow-venv/lib/python3.12/site-packages/airflow/example_dags/plugins/workday.py
[2026-02-25T15:11:47.458+0000] {processor.py:208} INFO - Processing /home/ubuntu/airflow-venv/lib/python3.12/site-packages/airflow/example_dags/plugins/workday.py took 0.015 seconds
[2026-02-25T15:12:40.153+0000] {processor.py:186} INFO - Started process (PID=3293) to work on /home/ubuntu/airflow-venv/lib/python3.12/site-packages/airflow/example_dags/plugins/workday.py
[2026-02-25T15:12:40.155+0000] {processor.py:914} INFO - Processing file /home/ubuntu/airflow-venv/lib/python3.12/site-packages/airflow/example_dags/plugins/workday.py for tasks to queue
[2026-02-25T15:12:40.156+0000] {logging_mixin.py:190} INFO - [2026-02-25T15:12:40.156+0000] {dagbag.py:588} INFO - Filling up the DagBag from /home/ubuntu/airflow-venv/lib/python3.12/site-packages/airflow/example_dags/plugins/workday.py
[2026-02-25T15:12:40.157+0000] {logging_mixin.py:190} INFO - [2026-02-25T15:12:40.157+0000] {workday.py:41} WARNING - Could not import pandas. Holidays will not be considered.
[2026-02-25T15:12:40.158+0000] {processor.py:927} WARNING - No viable dags retrieved from /home/ubuntu/airflow-venv/lib/python3.12/site-packages/airflow/example_dags/plugins/workday.py
[2026-02-25T15:12:40.164+0000] {processor.py:208} INFO - Processing /home/ubuntu/airflow-venv/lib/python3.12/site-packages/airflow/example_dags/plugins/workday.py took 0.015 seconds
[2026-02-25T15:13:27.527+0000] {processor.py:186} INFO - Started process (PID=3344) to work on /home/ubuntu/airflow-venv/lib/python3.12/site-packages/airflow/example_dags/plugins/workday.py
[2026-02-25T15:13:27.529+0000] {processor.py:914} INFO - Processing file /home/ubuntu/airflow-venv/lib/python3.12/site-packages/airflow/example_dags/plugins/workday.py for tasks to queue
[2026-02-25T15:13:27.530+0000] {logging_mixin.py:190} INFO - [2026-02-25T15:13:27.530+0000] {dagbag.py:588} INFO - Filling up the DagBag from /home/ubuntu/airflow-venv/lib/python3.12/site-packages/airflow/example_dags/plugins/workday.py
[2026-02-25T15:13:27.532+0000] {logging_mixin.py:190} INFO - [2026-02-25T15:13:27.532+0000] {workday.py:41} WARNING - Could not import pandas. Holidays will not be considered.
[2026-02-25T15:13:27.532+0000] {processor.py:927} WARNING - No viable dags retrieved from /home/ubuntu/airflow-venv/lib/python3.12/site-packages/airflow/example_dags/plugins/workday.py
[2026-02-25T15:13:27.539+0000] {processor.py:208} INFO - Processing /home/ubuntu/airflow-venv/lib/python3.12/site-packages/airflow/example_dags/plugins/workday.py took 0.015 seconds
[2026-02-25T15:14:16.372+0000] {processor.py:186} INFO - Started process (PID=3396) to work on /home/ubuntu/airflow-venv/lib/python3.12/site-packages/airflow/example_dags/plugins/workday.py
[2026-02-25T15:14:16.373+0000] {processor.py:914} INFO - Processing file /home/ubuntu/airflow-venv/lib/python3.12/site-packages/airflow/example_dags/plugins/workday.py for tasks to queue
[2026-02-25T15:14:16.375+0000] {logging_mixin.py:190} INFO - [2026-02-25T15:14:16.375+0000] {dagbag.py:588} INFO - Filling up the DagBag from /home/ubuntu/airflow-venv/lib/python3.12/site-packages/airflow/example_dags/plugins/workday.py
[2026-02-25T15:14:16.376+0000] {logging_mixin.py:190} INFO - [2026-02-25T15:14:16.376+0000] {workday.py:41} WARNING - Could not import pandas. Holidays will not be considered.
[2026-02-25T15:14:16.377+0000] {processor.py:927} WARNING - No viable dags retrieved from /home/ubuntu/airflow-venv/lib/python3.12/site-packages/airflow/example_dags/plugins/workday.py
[2026-02-25T15:14:16.383+0000] {processor.py:208} INFO - Processing /home/ubuntu/airflow-venv/lib/python3.12/site-packages/airflow/example_dags/plugins/workday.py took 0.014 seconds
[2026-02-25T15:15:03.922+0000] {processor.py:186} INFO - Started process (PID=3453) to work on /home/ubuntu/airflow-venv/lib/python3.12/site-packages/airflow/example_dags/plugins/workday.py
[2026-02-25T15:15:03.923+0000] {processor.py:914} INFO - Processing file /home/ubuntu/airflow-venv/lib/python3.12/site-packages/airflow/example_dags/plugins/workday.py for tasks to queue
[2026-02-25T15:15:03.925+0000] {logging_mixin.py:190} INFO - [2026-02-25T15:15:03.924+0000] {dagbag.py:588} INFO - Filling up the DagBag from /home/ubuntu/airflow-venv/lib/python3.12/site-packages/airflow/example_dags/plugins/workday.py
[2026-02-25T15:15:03.926+0000] {logging_mixin.py:190} INFO - [2026-02-25T15:15:03.926+0000] {workday.py:41} WARNING - Could not import pandas. Holidays will not be considered.
[2026-02-25T15:15:03.927+0000] {processor.py:927} WARNING - No viable dags retrieved from /home/ubuntu/airflow-venv/lib/python3.12/site-packages/airflow/example_dags/plugins/workday.py
[2026-02-25T15:15:03.933+0000] {processor.py:208} INFO - Processing /home/ubuntu/airflow-venv/lib/python3.12/site-packages/airflow/example_dags/plugins/workday.py took 0.015 seconds
[2026-02-25T15:15:53.441+0000] {processor.py:186} INFO - Started process (PID=3506) to work on /home/ubuntu/airflow-venv/lib/python3.12/site-packages/airflow/example_dags/plugins/workday.py
[2026-02-25T15:15:53.442+0000] {processor.py:914} INFO - Processing file /home/ubuntu/airflow-venv/lib/python3.12/site-packages/airflow/example_dags/plugins/workday.py for tasks to queue
[2026-02-25T15:15:53.443+0000] {logging_mixin.py:190} INFO - [2026-02-25T15:15:53.443+0000] {dagbag.py:588} INFO - Filling up the DagBag from /home/ubuntu/airflow-venv/lib/python3.12/site-packages/airflow/example_dags/plugins/workday.py
[2026-02-25T15:15:53.445+0000] {logging_mixin.py:190} INFO - [2026-02-25T15:15:53.445+0000] {workday.py:41} WARNING - Could not import pandas. Holidays will not be considered.
[2026-02-25T15:15:53.445+0000] {processor.py:927} WARNING - No viable dags retrieved from /home/ubuntu/airflow-venv/lib/python3.12/site-packages/airflow/example_dags/plugins/workday.py
[2026-02-25T15:15:53.452+0000] {processor.py:208} INFO - Processing /home/ubuntu/airflow-venv/lib/python3.12/site-packages/airflow/example_dags/plugins/workday.py took 0.015 seconds
[2026-02-25T15:16:42.567+0000] {processor.py:186} INFO - Started process (PID=3557) to work on /home/ubuntu/airflow-venv/lib/python3.12/site-packages/airflow/example_dags/plugins/workday.py
[2026-02-25T15:16:42.569+0000] {processor.py:914} INFO - Processing file /home/ubuntu/airflow-venv/lib/python3.12/site-packages/airflow/example_dags/plugins/workday.py for tasks to queue
[2026-02-25T15:16:42.570+0000] {logging_mixin.py:190} INFO - [2026-02-25T15:16:42.570+0000] {dagbag.py:588} INFO - Filling up the DagBag from /home/ubuntu/airflow-venv/lib/python3.12/site-packages/airflow/example_dags/plugins/workday.py
[2026-02-25T15:16:42.571+0000] {logging_mixin.py:190} INFO - [2026-02-25T15:16:42.571+0000] {workday.py:41} WARNING - Could not import pandas. Holidays will not be considered.
[2026-02-25T15:16:42.572+0000] {processor.py:927} WARNING - No viable dags retrieved from /home/ubuntu/airflow-venv/lib/python3.12/site-packages/airflow/example_dags/plugins/workday.py
[2026-02-25T15:16:42.578+0000] {processor.py:208} INFO - Processing /home/ubuntu/airflow-venv/lib/python3.12/site-packages/airflow/example_dags/plugins/workday.py took 0.014 seconds
[2026-02-25T15:17:31.685+0000] {processor.py:186} INFO - Started process (PID=3612) to work on /home/ubuntu/airflow-venv/lib/python3.12/site-packages/airflow/example_dags/plugins/workday.py
[2026-02-25T15:17:31.686+0000] {processor.py:914} INFO - Processing file /home/ubuntu/airflow-venv/lib/python3.12/site-packages/airflow/example_dags/plugins/workday.py for tasks to queue
[2026-02-25T15:17:31.687+0000] {logging_mixin.py:190} INFO - [2026-02-25T15:17:31.687+0000] {dagbag.py:588} INFO - Filling up the DagBag from /home/ubuntu/airflow-venv/lib/python3.12/site-packages/airflow/example_dags/plugins/workday.py
[2026-02-25T15:17:31.689+0000] {logging_mixin.py:190} INFO - [2026-02-25T15:17:31.689+0000] {workday.py:41} WARNING - Could not import pandas. Holidays will not be considered.
[2026-02-25T15:17:31.689+0000] {processor.py:927} WARNING - No viable dags retrieved from /home/ubuntu/airflow-venv/lib/python3.12/site-packages/airflow/example_dags/plugins/workday.py
[2026-02-25T15:17:31.696+0000] {processor.py:208} INFO - Processing /home/ubuntu/airflow-venv/lib/python3.12/site-packages/airflow/example_dags/plugins/workday.py took 0.015 seconds
[2026-02-25T15:18:19.484+0000] {processor.py:186} INFO - Started process (PID=3664) to work on /home/ubuntu/airflow-venv/lib/python3.12/site-packages/airflow/example_dags/plugins/workday.py
[2026-02-25T15:18:19.485+0000] {processor.py:914} INFO - Processing file /home/ubuntu/airflow-venv/lib/python3.12/site-packages/airflow/example_dags/plugins/workday.py for tasks to queue
[2026-02-25T15:18:19.487+0000] {logging_mixin.py:190} INFO - [2026-02-25T15:18:19.487+0000] {dagbag.py:588} INFO - Filling up the DagBag from /home/ubuntu/airflow-venv/lib/python3.12/site-packages/airflow/example_dags/plugins/workday.py
[2026-02-25T15:18:19.488+0000] {logging_mixin.py:190} INFO - [2026-02-25T15:18:19.488+0000] {workday.py:41} WARNING - Could not import pandas. Holidays will not be considered.
[2026-02-25T15:18:19.489+0000] {processor.py:927} WARNING - No viable dags retrieved from /home/ubuntu/airflow-venv/lib/python3.12/site-packages/airflow/example_dags/plugins/workday.py
[2026-02-25T15:18:19.495+0000] {processor.py:208} INFO - Processing /home/ubuntu/airflow-venv/lib/python3.12/site-packages/airflow/example_dags/plugins/workday.py took 0.015 seconds
[2026-02-25T15:19:05.118+0000] {processor.py:186} INFO - Started process (PID=3713) to work on /home/ubuntu/airflow-venv/lib/python3.12/site-packages/airflow/example_dags/plugins/workday.py
[2026-02-25T15:19:05.119+0000] {processor.py:914} INFO - Processing file /home/ubuntu/airflow-venv/lib/python3.12/site-packages/airflow/example_dags/plugins/workday.py for tasks to queue
[2026-02-25T15:19:05.120+0000] {logging_mixin.py:190} INFO - [2026-02-25T15:19:05.120+0000] {dagbag.py:588} INFO - Filling up the DagBag from /home/ubuntu/airflow-venv/lib/python3.12/site-packages/airflow/example_dags/plugins/workday.py
[2026-02-25T15:19:05.122+0000] {logging_mixin.py:190} INFO - [2026-02-25T15:19:05.122+0000] {workday.py:41} WARNING - Could not import pandas. Holidays will not be considered.
[2026-02-25T15:19:05.122+0000] {processor.py:927} WARNING - No viable dags retrieved from /home/ubuntu/airflow-venv/lib/python3.12/site-packages/airflow/example_dags/plugins/workday.py
[2026-02-25T15:19:05.129+0000] {processor.py:208} INFO - Processing /home/ubuntu/airflow-venv/lib/python3.12/site-packages/airflow/example_dags/plugins/workday.py took 0.014 seconds
[2026-02-25T15:19:54.694+0000] {processor.py:186} INFO - Started process (PID=3765) to work on /home/ubuntu/airflow-venv/lib/python3.12/site-packages/airflow/example_dags/plugins/workday.py
[2026-02-25T15:19:54.695+0000] {processor.py:914} INFO - Processing file /home/ubuntu/airflow-venv/lib/python3.12/site-packages/airflow/example_dags/plugins/workday.py for tasks to queue
[2026-02-25T15:19:54.696+0000] {logging_mixin.py:190} INFO - [2026-02-25T15:19:54.696+0000] {dagbag.py:588} INFO - Filling up the DagBag from /home/ubuntu/airflow-venv/lib/python3.12/site-packages/airflow/example_dags/plugins/workday.py
[2026-02-25T15:19:54.698+0000] {logging_mixin.py:190} INFO - [2026-02-25T15:19:54.698+0000] {workday.py:41} WARNING - Could not import pandas. Holidays will not be considered.
[2026-02-25T15:19:54.698+0000] {processor.py:927} WARNING - No viable dags retrieved from /home/ubuntu/airflow-venv/lib/python3.12/site-packages/airflow/example_dags/plugins/workday.py
[2026-02-25T15:19:54.705+0000] {processor.py:208} INFO - Processing /home/ubuntu/airflow-venv/lib/python3.12/site-packages/airflow/example_dags/plugins/workday.py took 0.014 seconds
[2026-02-25T15:20:43.666+0000] {processor.py:186} INFO - Started process (PID=3820) to work on /home/ubuntu/airflow-venv/lib/python3.12/site-packages/airflow/example_dags/plugins/workday.py
[2026-02-25T15:20:43.667+0000] {processor.py:914} INFO - Processing file /home/ubuntu/airflow-venv/lib/python3.12/site-packages/airflow/example_dags/plugins/workday.py for tasks to queue
[2026-02-25T15:20:43.668+0000] {logging_mixin.py:190} INFO - [2026-02-25T15:20:43.668+0000] {dagbag.py:588} INFO - Filling up the DagBag from /home/ubuntu/airflow-venv/lib/python3.12/site-packages/airflow/example_dags/plugins/workday.py
[2026-02-25T15:20:43.670+0000] {logging_mixin.py:190} INFO - [2026-02-25T15:20:43.670+0000] {workday.py:41} WARNING - Could not import pandas. Holidays will not be considered.
[2026-02-25T15:20:43.670+0000] {processor.py:927} WARNING - No viable dags retrieved from /home/ubuntu/airflow-venv/lib/python3.12/site-packages/airflow/example_dags/plugins/workday.py
[2026-02-25T15:20:43.677+0000] {processor.py:208} INFO - Processing /home/ubuntu/airflow-venv/lib/python3.12/site-packages/airflow/example_dags/plugins/workday.py took 0.014 seconds
[2026-02-25T15:21:33.906+0000] {processor.py:186} INFO - Started process (PID=3872) to work on /home/ubuntu/airflow-venv/lib/python3.12/site-packages/airflow/example_dags/plugins/workday.py
[2026-02-25T15:21:33.908+0000] {processor.py:914} INFO - Processing file /home/ubuntu/airflow-venv/lib/python3.12/site-packages/airflow/example_dags/plugins/workday.py for tasks to queue
[2026-02-25T15:21:33.909+0000] {logging_mixin.py:190} INFO - [2026-02-25T15:21:33.909+0000] {dagbag.py:588} INFO - Filling up the DagBag from /home/ubuntu/airflow-venv/lib/python3.12/site-packages/airflow/example_dags/plugins/workday.py
[2026-02-25T15:21:33.911+0000] {logging_mixin.py:190} INFO - [2026-02-25T15:21:33.911+0000] {workday.py:41} WARNING - Could not import pandas. Holidays will not be considered.
[2026-02-25T15:21:33.911+0000] {processor.py:927} WARNING - No viable dags retrieved from /home/ubuntu/airflow-venv/lib/python3.12/site-packages/airflow/example_dags/plugins/workday.py
[2026-02-25T15:21:33.917+0000] {processor.py:208} INFO - Processing /home/ubuntu/airflow-venv/lib/python3.12/site-packages/airflow/example_dags/plugins/workday.py took 0.014 seconds
[2026-02-25T15:22:22.362+0000] {processor.py:186} INFO - Started process (PID=3925) to work on /home/ubuntu/airflow-venv/lib/python3.12/site-packages/airflow/example_dags/plugins/workday.py
[2026-02-25T15:22:22.363+0000] {processor.py:914} INFO - Processing file /home/ubuntu/airflow-venv/lib/python3.12/site-packages/airflow/example_dags/plugins/workday.py for tasks to queue
[2026-02-25T15:22:22.364+0000] {logging_mixin.py:190} INFO - [2026-02-25T15:22:22.364+0000] {dagbag.py:588} INFO - Filling up the DagBag from /home/ubuntu/airflow-venv/lib/python3.12/site-packages/airflow/example_dags/plugins/workday.py
[2026-02-25T15:22:22.366+0000] {logging_mixin.py:190} INFO - [2026-02-25T15:22:22.366+0000] {workday.py:41} WARNING - Could not import pandas. Holidays will not be considered.
[2026-02-25T15:22:22.366+0000] {processor.py:927} WARNING - No viable dags retrieved from /home/ubuntu/airflow-venv/lib/python3.12/site-packages/airflow/example_dags/plugins/workday.py
[2026-02-25T15:22:22.373+0000] {processor.py:208} INFO - Processing /home/ubuntu/airflow-venv/lib/python3.12/site-packages/airflow/example_dags/plugins/workday.py took 0.015 seconds
[2026-02-25T15:23:14.136+0000] {processor.py:186} INFO - Started process (PID=3976) to work on /home/ubuntu/airflow-venv/lib/python3.12/site-packages/airflow/example_dags/plugins/workday.py
[2026-02-25T15:23:14.138+0000] {processor.py:914} INFO - Processing file /home/ubuntu/airflow-venv/lib/python3.12/site-packages/airflow/example_dags/plugins/workday.py for tasks to queue
[2026-02-25T15:23:14.139+0000] {logging_mixin.py:190} INFO - [2026-02-25T15:23:14.139+0000] {dagbag.py:588} INFO - Filling up the DagBag from /home/ubuntu/airflow-venv/lib/python3.12/site-packages/airflow/example_dags/plugins/workday.py
[2026-02-25T15:23:14.141+0000] {logging_mixin.py:190} INFO - [2026-02-25T15:23:14.141+0000] {workday.py:41} WARNING - Could not import pandas. Holidays will not be considered.
[2026-02-25T15:23:14.141+0000] {processor.py:927} WARNING - No viable dags retrieved from /home/ubuntu/airflow-venv/lib/python3.12/site-packages/airflow/example_dags/plugins/workday.py
[2026-02-25T15:23:14.147+0000] {processor.py:208} INFO - Processing /home/ubuntu/airflow-venv/lib/python3.12/site-packages/airflow/example_dags/plugins/workday.py took 0.014 seconds
[2026-02-25T15:44:04.558+0000] {processor.py:186} INFO - Started process (PID=2562) to work on /home/ubuntu/airflow-venv/lib/python3.12/site-packages/airflow/example_dags/plugins/workday.py
[2026-02-25T15:44:04.560+0000] {processor.py:914} INFO - Processing file /home/ubuntu/airflow-venv/lib/python3.12/site-packages/airflow/example_dags/plugins/workday.py for tasks to queue
[2026-02-25T15:44:04.561+0000] {logging_mixin.py:190} INFO - [2026-02-25T15:44:04.561+0000] {dagbag.py:588} INFO - Filling up the DagBag from /home/ubuntu/airflow-venv/lib/python3.12/site-packages/airflow/example_dags/plugins/workday.py
[2026-02-25T15:44:04.563+0000] {logging_mixin.py:190} INFO - [2026-02-25T15:44:04.562+0000] {workday.py:41} WARNING - Could not import pandas. Holidays will not be considered.
[2026-02-25T15:44:04.563+0000] {processor.py:927} WARNING - No viable dags retrieved from /home/ubuntu/airflow-venv/lib/python3.12/site-packages/airflow/example_dags/plugins/workday.py
[2026-02-25T15:44:04.569+0000] {processor.py:208} INFO - Processing /home/ubuntu/airflow-venv/lib/python3.12/site-packages/airflow/example_dags/plugins/workday.py took 0.014 seconds
[2026-02-25T15:44:58.465+0000] {processor.py:186} INFO - Started process (PID=2636) to work on /home/ubuntu/airflow-venv/lib/python3.12/site-packages/airflow/example_dags/plugins/workday.py
[2026-02-25T15:44:58.466+0000] {processor.py:914} INFO - Processing file /home/ubuntu/airflow-venv/lib/python3.12/site-packages/airflow/example_dags/plugins/workday.py for tasks to queue
[2026-02-25T15:44:58.467+0000] {logging_mixin.py:190} INFO - [2026-02-25T15:44:58.467+0000] {dagbag.py:588} INFO - Filling up the DagBag from /home/ubuntu/airflow-venv/lib/python3.12/site-packages/airflow/example_dags/plugins/workday.py
[2026-02-25T15:44:58.469+0000] {logging_mixin.py:190} INFO - [2026-02-25T15:44:58.469+0000] {workday.py:41} WARNING - Could not import pandas. Holidays will not be considered.
[2026-02-25T15:44:58.469+0000] {processor.py:927} WARNING - No viable dags retrieved from /home/ubuntu/airflow-venv/lib/python3.12/site-packages/airflow/example_dags/plugins/workday.py
[2026-02-25T15:44:58.475+0000] {processor.py:208} INFO - Processing /home/ubuntu/airflow-venv/lib/python3.12/site-packages/airflow/example_dags/plugins/workday.py took 0.014 seconds
[2026-02-25T15:45:46.895+0000] {processor.py:186} INFO - Started process (PID=2691) to work on /home/ubuntu/airflow-venv/lib/python3.12/site-packages/airflow/example_dags/plugins/workday.py
[2026-02-25T15:45:46.896+0000] {processor.py:914} INFO - Processing file /home/ubuntu/airflow-venv/lib/python3.12/site-packages/airflow/example_dags/plugins/workday.py for tasks to queue
[2026-02-25T15:45:46.897+0000] {logging_mixin.py:190} INFO - [2026-02-25T15:45:46.897+0000] {dagbag.py:588} INFO - Filling up the DagBag from /home/ubuntu/airflow-venv/lib/python3.12/site-packages/airflow/example_dags/plugins/workday.py
[2026-02-25T15:45:46.899+0000] {logging_mixin.py:190} INFO - [2026-02-25T15:45:46.898+0000] {workday.py:41} WARNING - Could not import pandas. Holidays will not be considered.
[2026-02-25T15:45:46.899+0000] {processor.py:927} WARNING - No viable dags retrieved from /home/ubuntu/airflow-venv/lib/python3.12/site-packages/airflow/example_dags/plugins/workday.py
[2026-02-25T15:45:46.906+0000] {processor.py:208} INFO - Processing /home/ubuntu/airflow-venv/lib/python3.12/site-packages/airflow/example_dags/plugins/workday.py took 0.014 seconds
[2026-02-25T15:46:33.136+0000] {processor.py:186} INFO - Started process (PID=2740) to work on /home/ubuntu/airflow-venv/lib/python3.12/site-packages/airflow/example_dags/plugins/workday.py
[2026-02-25T15:46:33.138+0000] {processor.py:914} INFO - Processing file /home/ubuntu/airflow-venv/lib/python3.12/site-packages/airflow/example_dags/plugins/workday.py for tasks to queue
[2026-02-25T15:46:33.139+0000] {logging_mixin.py:190} INFO - [2026-02-25T15:46:33.139+0000] {dagbag.py:588} INFO - Filling up the DagBag from /home/ubuntu/airflow-venv/lib/python3.12/site-packages/airflow/example_dags/plugins/workday.py
[2026-02-25T15:46:33.140+0000] {logging_mixin.py:190} INFO - [2026-02-25T15:46:33.140+0000] {workday.py:41} WARNING - Could not import pandas. Holidays will not be considered.
[2026-02-25T15:46:33.141+0000] {processor.py:927} WARNING - No viable dags retrieved from /home/ubuntu/airflow-venv/lib/python3.12/site-packages/airflow/example_dags/plugins/workday.py
[2026-02-25T15:46:33.147+0000] {processor.py:208} INFO - Processing /home/ubuntu/airflow-venv/lib/python3.12/site-packages/airflow/example_dags/plugins/workday.py took 0.014 seconds
[2026-02-25T15:47:23.348+0000] {processor.py:186} INFO - Started process (PID=2793) to work on /home/ubuntu/airflow-venv/lib/python3.12/site-packages/airflow/example_dags/plugins/workday.py
[2026-02-25T15:47:23.349+0000] {processor.py:914} INFO - Processing file /home/ubuntu/airflow-venv/lib/python3.12/site-packages/airflow/example_dags/plugins/workday.py for tasks to queue
[2026-02-25T15:47:23.350+0000] {logging_mixin.py:190} INFO - [2026-02-25T15:47:23.350+0000] {dagbag.py:588} INFO - Filling up the DagBag from /home/ubuntu/airflow-venv/lib/python3.12/site-packages/airflow/example_dags/plugins/workday.py
[2026-02-25T15:47:23.352+0000] {logging_mixin.py:190} INFO - [2026-02-25T15:47:23.352+0000] {workday.py:41} WARNING - Could not import pandas. Holidays will not be considered.
[2026-02-25T15:47:23.352+0000] {processor.py:927} WARNING - No viable dags retrieved from /home/ubuntu/airflow-venv/lib/python3.12/site-packages/airflow/example_dags/plugins/workday.py
[2026-02-25T15:47:23.359+0000] {processor.py:208} INFO - Processing /home/ubuntu/airflow-venv/lib/python3.12/site-packages/airflow/example_dags/plugins/workday.py took 0.014 seconds
[2026-02-25T15:48:15.126+0000] {processor.py:186} INFO - Started process (PID=2846) to work on /home/ubuntu/airflow-venv/lib/python3.12/site-packages/airflow/example_dags/plugins/workday.py
[2026-02-25T15:48:15.128+0000] {processor.py:914} INFO - Processing file /home/ubuntu/airflow-venv/lib/python3.12/site-packages/airflow/example_dags/plugins/workday.py for tasks to queue
[2026-02-25T15:48:15.129+0000] {logging_mixin.py:190} INFO - [2026-02-25T15:48:15.129+0000] {dagbag.py:588} INFO - Filling up the DagBag from /home/ubuntu/airflow-venv/lib/python3.12/site-packages/airflow/example_dags/plugins/workday.py
[2026-02-25T15:48:15.130+0000] {logging_mixin.py:190} INFO - [2026-02-25T15:48:15.130+0000] {workday.py:41} WARNING - Could not import pandas. Holidays will not be considered.
[2026-02-25T15:48:15.131+0000] {processor.py:927} WARNING - No viable dags retrieved from /home/ubuntu/airflow-venv/lib/python3.12/site-packages/airflow/example_dags/plugins/workday.py
[2026-02-25T15:48:15.137+0000] {processor.py:208} INFO - Processing /home/ubuntu/airflow-venv/lib/python3.12/site-packages/airflow/example_dags/plugins/workday.py took 0.014 seconds
[2026-02-25T15:49:03.729+0000] {processor.py:186} INFO - Started process (PID=2898) to work on /home/ubuntu/airflow-venv/lib/python3.12/site-packages/airflow/example_dags/plugins/workday.py
[2026-02-25T15:49:03.730+0000] {processor.py:914} INFO - Processing file /home/ubuntu/airflow-venv/lib/python3.12/site-packages/airflow/example_dags/plugins/workday.py for tasks to queue
[2026-02-25T15:49:03.731+0000] {logging_mixin.py:190} INFO - [2026-02-25T15:49:03.731+0000] {dagbag.py:588} INFO - Filling up the DagBag from /home/ubuntu/airflow-venv/lib/python3.12/site-packages/airflow/example_dags/plugins/workday.py
[2026-02-25T15:49:03.733+0000] {logging_mixin.py:190} INFO - [2026-02-25T15:49:03.733+0000] {workday.py:41} WARNING - Could not import pandas. Holidays will not be considered.
[2026-02-25T15:49:03.733+0000] {processor.py:927} WARNING - No viable dags retrieved from /home/ubuntu/airflow-venv/lib/python3.12/site-packages/airflow/example_dags/plugins/workday.py
[2026-02-25T15:49:03.740+0000] {processor.py:208} INFO - Processing /home/ubuntu/airflow-venv/lib/python3.12/site-packages/airflow/example_dags/plugins/workday.py took 0.014 seconds
[2026-02-25T15:49:54.836+0000] {processor.py:186} INFO - Started process (PID=2953) to work on /home/ubuntu/airflow-venv/lib/python3.12/site-packages/airflow/example_dags/plugins/workday.py
[2026-02-25T15:49:54.837+0000] {processor.py:914} INFO - Processing file /home/ubuntu/airflow-venv/lib/python3.12/site-packages/airflow/example_dags/plugins/workday.py for tasks to queue
[2026-02-25T15:49:54.838+0000] {logging_mixin.py:190} INFO - [2026-02-25T15:49:54.838+0000] {dagbag.py:588} INFO - Filling up the DagBag from /home/ubuntu/airflow-venv/lib/python3.12/site-packages/airflow/example_dags/plugins/workday.py
[2026-02-25T15:49:54.840+0000] {logging_mixin.py:190} INFO - [2026-02-25T15:49:54.840+0000] {workday.py:41} WARNING - Could not import pandas. Holidays will not be considered.
[2026-02-25T15:49:54.840+0000] {processor.py:927} WARNING - No viable dags retrieved from /home/ubuntu/airflow-venv/lib/python3.12/site-packages/airflow/example_dags/plugins/workday.py
[2026-02-25T15:49:54.846+0000] {processor.py:208} INFO - Processing /home/ubuntu/airflow-venv/lib/python3.12/site-packages/airflow/example_dags/plugins/workday.py took 0.014 seconds
[2026-02-25T15:50:47.439+0000] {processor.py:186} INFO - Started process (PID=3009) to work on /home/ubuntu/airflow-venv/lib/python3.12/site-packages/airflow/example_dags/plugins/workday.py
[2026-02-25T15:50:47.441+0000] {processor.py:914} INFO - Processing file /home/ubuntu/airflow-venv/lib/python3.12/site-packages/airflow/example_dags/plugins/workday.py for tasks to queue
[2026-02-25T15:50:47.442+0000] {logging_mixin.py:190} INFO - [2026-02-25T15:50:47.442+0000] {dagbag.py:588} INFO - Filling up the DagBag from /home/ubuntu/airflow-venv/lib/python3.12/site-packages/airflow/example_dags/plugins/workday.py
[2026-02-25T15:50:47.444+0000] {logging_mixin.py:190} INFO - [2026-02-25T15:50:47.443+0000] {workday.py:41} WARNING - Could not import pandas. Holidays will not be considered.
[2026-02-25T15:50:47.444+0000] {processor.py:927} WARNING - No viable dags retrieved from /home/ubuntu/airflow-venv/lib/python3.12/site-packages/airflow/example_dags/plugins/workday.py
[2026-02-25T15:50:47.450+0000] {processor.py:208} INFO - Processing /home/ubuntu/airflow-venv/lib/python3.12/site-packages/airflow/example_dags/plugins/workday.py took 0.014 seconds
[2026-02-25T15:51:39.812+0000] {processor.py:186} INFO - Started process (PID=3064) to work on /home/ubuntu/airflow-venv/lib/python3.12/site-packages/airflow/example_dags/plugins/workday.py
[2026-02-25T15:51:39.813+0000] {processor.py:914} INFO - Processing file /home/ubuntu/airflow-venv/lib/python3.12/site-packages/airflow/example_dags/plugins/workday.py for tasks to queue
[2026-02-25T15:51:39.814+0000] {logging_mixin.py:190} INFO - [2026-02-25T15:51:39.814+0000] {dagbag.py:588} INFO - Filling up the DagBag from /home/ubuntu/airflow-venv/lib/python3.12/site-packages/airflow/example_dags/plugins/workday.py
[2026-02-25T15:51:39.816+0000] {logging_mixin.py:190} INFO - [2026-02-25T15:51:39.816+0000] {workday.py:41} WARNING - Could not import pandas. Holidays will not be considered.
[2026-02-25T15:51:39.816+0000] {processor.py:927} WARNING - No viable dags retrieved from /home/ubuntu/airflow-venv/lib/python3.12/site-packages/airflow/example_dags/plugins/workday.py
[2026-02-25T15:51:39.823+0000] {processor.py:208} INFO - Processing /home/ubuntu/airflow-venv/lib/python3.12/site-packages/airflow/example_dags/plugins/workday.py took 0.015 seconds
[2026-02-25T15:52:30.857+0000] {processor.py:186} INFO - Started process (PID=3119) to work on /home/ubuntu/airflow-venv/lib/python3.12/site-packages/airflow/example_dags/plugins/workday.py
[2026-02-25T15:52:30.858+0000] {processor.py:914} INFO - Processing file /home/ubuntu/airflow-venv/lib/python3.12/site-packages/airflow/example_dags/plugins/workday.py for tasks to queue
[2026-02-25T15:52:30.860+0000] {logging_mixin.py:190} INFO - [2026-02-25T15:52:30.860+0000] {dagbag.py:588} INFO - Filling up the DagBag from /home/ubuntu/airflow-venv/lib/python3.12/site-packages/airflow/example_dags/plugins/workday.py
[2026-02-25T15:52:30.861+0000] {logging_mixin.py:190} INFO - [2026-02-25T15:52:30.861+0000] {workday.py:41} WARNING - Could not import pandas. Holidays will not be considered.
[2026-02-25T15:52:30.862+0000] {processor.py:927} WARNING - No viable dags retrieved from /home/ubuntu/airflow-venv/lib/python3.12/site-packages/airflow/example_dags/plugins/workday.py
[2026-02-25T15:52:30.868+0000] {processor.py:208} INFO - Processing /home/ubuntu/airflow-venv/lib/python3.12/site-packages/airflow/example_dags/plugins/workday.py took 0.015 seconds
[2026-02-25T15:53:19.225+0000] {processor.py:186} INFO - Started process (PID=3169) to work on /home/ubuntu/airflow-venv/lib/python3.12/site-packages/airflow/example_dags/plugins/workday.py
[2026-02-25T15:53:19.226+0000] {processor.py:914} INFO - Processing file /home/ubuntu/airflow-venv/lib/python3.12/site-packages/airflow/example_dags/plugins/workday.py for tasks to queue
[2026-02-25T15:53:19.227+0000] {logging_mixin.py:190} INFO - [2026-02-25T15:53:19.227+0000] {dagbag.py:588} INFO - Filling up the DagBag from /home/ubuntu/airflow-venv/lib/python3.12/site-packages/airflow/example_dags/plugins/workday.py
[2026-02-25T15:53:19.229+0000] {logging_mixin.py:190} INFO - [2026-02-25T15:53:19.229+0000] {workday.py:41} WARNING - Could not import pandas. Holidays will not be considered.
[2026-02-25T15:53:19.229+0000] {processor.py:927} WARNING - No viable dags retrieved from /home/ubuntu/airflow-venv/lib/python3.12/site-packages/airflow/example_dags/plugins/workday.py
[2026-02-25T15:53:19.236+0000] {processor.py:208} INFO - Processing /home/ubuntu/airflow-venv/lib/python3.12/site-packages/airflow/example_dags/plugins/workday.py took 0.014 seconds
[2026-02-25T15:54:08.105+0000] {processor.py:186} INFO - Started process (PID=3237) to work on /home/ubuntu/airflow-venv/lib/python3.12/site-packages/airflow/example_dags/plugins/workday.py
[2026-02-25T15:54:08.106+0000] {processor.py:914} INFO - Processing file /home/ubuntu/airflow-venv/lib/python3.12/site-packages/airflow/example_dags/plugins/workday.py for tasks to queue
[2026-02-25T15:54:08.108+0000] {logging_mixin.py:190} INFO - [2026-02-25T15:54:08.107+0000] {dagbag.py:588} INFO - Filling up the DagBag from /home/ubuntu/airflow-venv/lib/python3.12/site-packages/airflow/example_dags/plugins/workday.py
[2026-02-25T15:54:08.109+0000] {logging_mixin.py:190} INFO - [2026-02-25T15:54:08.109+0000] {workday.py:41} WARNING - Could not import pandas. Holidays will not be considered.
[2026-02-25T15:54:08.110+0000] {processor.py:927} WARNING - No viable dags retrieved from /home/ubuntu/airflow-venv/lib/python3.12/site-packages/airflow/example_dags/plugins/workday.py
[2026-02-25T15:54:08.116+0000] {processor.py:208} INFO - Processing /home/ubuntu/airflow-venv/lib/python3.12/site-packages/airflow/example_dags/plugins/workday.py took 0.015 seconds
[2026-02-25T15:54:56.051+0000] {processor.py:186} INFO - Started process (PID=3288) to work on /home/ubuntu/airflow-venv/lib/python3.12/site-packages/airflow/example_dags/plugins/workday.py
[2026-02-25T15:54:56.052+0000] {processor.py:914} INFO - Processing file /home/ubuntu/airflow-venv/lib/python3.12/site-packages/airflow/example_dags/plugins/workday.py for tasks to queue
[2026-02-25T15:54:56.053+0000] {logging_mixin.py:190} INFO - [2026-02-25T15:54:56.053+0000] {dagbag.py:588} INFO - Filling up the DagBag from /home/ubuntu/airflow-venv/lib/python3.12/site-packages/airflow/example_dags/plugins/workday.py
[2026-02-25T15:54:56.055+0000] {logging_mixin.py:190} INFO - [2026-02-25T15:54:56.055+0000] {workday.py:41} WARNING - Could not import pandas. Holidays will not be considered.
[2026-02-25T15:54:56.055+0000] {processor.py:927} WARNING - No viable dags retrieved from /home/ubuntu/airflow-venv/lib/python3.12/site-packages/airflow/example_dags/plugins/workday.py
[2026-02-25T15:54:56.062+0000] {processor.py:208} INFO - Processing /home/ubuntu/airflow-venv/lib/python3.12/site-packages/airflow/example_dags/plugins/workday.py took 0.014 seconds
[2026-02-25T15:55:47.434+0000] {processor.py:186} INFO - Started process (PID=3351) to work on /home/ubuntu/airflow-venv/lib/python3.12/site-packages/airflow/example_dags/plugins/workday.py
[2026-02-25T15:55:47.436+0000] {processor.py:914} INFO - Processing file /home/ubuntu/airflow-venv/lib/python3.12/site-packages/airflow/example_dags/plugins/workday.py for tasks to queue
[2026-02-25T15:55:47.437+0000] {logging_mixin.py:190} INFO - [2026-02-25T15:55:47.437+0000] {dagbag.py:588} INFO - Filling up the DagBag from /home/ubuntu/airflow-venv/lib/python3.12/site-packages/airflow/example_dags/plugins/workday.py
[2026-02-25T15:55:47.438+0000] {logging_mixin.py:190} INFO - [2026-02-25T15:55:47.438+0000] {workday.py:41} WARNING - Could not import pandas. Holidays will not be considered.
[2026-02-25T15:55:47.439+0000] {processor.py:927} WARNING - No viable dags retrieved from /home/ubuntu/airflow-venv/lib/python3.12/site-packages/airflow/example_dags/plugins/workday.py
[2026-02-25T15:55:47.445+0000] {processor.py:208} INFO - Processing /home/ubuntu/airflow-venv/lib/python3.12/site-packages/airflow/example_dags/plugins/workday.py took 0.015 seconds
[2026-02-25T15:56:38.248+0000] {processor.py:186} INFO - Started process (PID=3410) to work on /home/ubuntu/airflow-venv/lib/python3.12/site-packages/airflow/example_dags/plugins/workday.py
[2026-02-25T15:56:38.249+0000] {processor.py:914} INFO - Processing file /home/ubuntu/airflow-venv/lib/python3.12/site-packages/airflow/example_dags/plugins/workday.py for tasks to queue
[2026-02-25T15:56:38.251+0000] {logging_mixin.py:190} INFO - [2026-02-25T15:56:38.250+0000] {dagbag.py:588} INFO - Filling up the DagBag from /home/ubuntu/airflow-venv/lib/python3.12/site-packages/airflow/example_dags/plugins/workday.py
[2026-02-25T15:56:38.252+0000] {logging_mixin.py:190} INFO - [2026-02-25T15:56:38.252+0000] {workday.py:41} WARNING - Could not import pandas. Holidays will not be considered.
[2026-02-25T15:56:38.252+0000] {processor.py:927} WARNING - No viable dags retrieved from /home/ubuntu/airflow-venv/lib/python3.12/site-packages/airflow/example_dags/plugins/workday.py
[2026-02-25T15:56:38.259+0000] {processor.py:208} INFO - Processing /home/ubuntu/airflow-venv/lib/python3.12/site-packages/airflow/example_dags/plugins/workday.py took 0.015 seconds
[2026-02-25T15:57:28.454+0000] {processor.py:186} INFO - Started process (PID=3465) to work on /home/ubuntu/airflow-venv/lib/python3.12/site-packages/airflow/example_dags/plugins/workday.py
[2026-02-25T15:57:28.455+0000] {processor.py:914} INFO - Processing file /home/ubuntu/airflow-venv/lib/python3.12/site-packages/airflow/example_dags/plugins/workday.py for tasks to queue
[2026-02-25T15:57:28.457+0000] {logging_mixin.py:190} INFO - [2026-02-25T15:57:28.457+0000] {dagbag.py:588} INFO - Filling up the DagBag from /home/ubuntu/airflow-venv/lib/python3.12/site-packages/airflow/example_dags/plugins/workday.py
[2026-02-25T15:57:28.458+0000] {logging_mixin.py:190} INFO - [2026-02-25T15:57:28.458+0000] {workday.py:41} WARNING - Could not import pandas. Holidays will not be considered.
[2026-02-25T15:57:28.459+0000] {processor.py:927} WARNING - No viable dags retrieved from /home/ubuntu/airflow-venv/lib/python3.12/site-packages/airflow/example_dags/plugins/workday.py
[2026-02-25T15:57:28.465+0000] {processor.py:208} INFO - Processing /home/ubuntu/airflow-venv/lib/python3.12/site-packages/airflow/example_dags/plugins/workday.py took 0.015 seconds
[2026-02-25T15:58:18.497+0000] {processor.py:186} INFO - Started process (PID=3516) to work on /home/ubuntu/airflow-venv/lib/python3.12/site-packages/airflow/example_dags/plugins/workday.py
[2026-02-25T15:58:18.498+0000] {processor.py:914} INFO - Processing file /home/ubuntu/airflow-venv/lib/python3.12/site-packages/airflow/example_dags/plugins/workday.py for tasks to queue
[2026-02-25T15:58:18.500+0000] {logging_mixin.py:190} INFO - [2026-02-25T15:58:18.499+0000] {dagbag.py:588} INFO - Filling up the DagBag from /home/ubuntu/airflow-venv/lib/python3.12/site-packages/airflow/example_dags/plugins/workday.py
[2026-02-25T15:58:18.501+0000] {logging_mixin.py:190} INFO - [2026-02-25T15:58:18.501+0000] {workday.py:41} WARNING - Could not import pandas. Holidays will not be considered.
[2026-02-25T15:58:18.502+0000] {processor.py:927} WARNING - No viable dags retrieved from /home/ubuntu/airflow-venv/lib/python3.12/site-packages/airflow/example_dags/plugins/workday.py
[2026-02-25T15:58:18.508+0000] {processor.py:208} INFO - Processing /home/ubuntu/airflow-venv/lib/python3.12/site-packages/airflow/example_dags/plugins/workday.py took 0.015 seconds
[2026-02-25T15:59:06.488+0000] {processor.py:186} INFO - Started process (PID=3572) to work on /home/ubuntu/airflow-venv/lib/python3.12/site-packages/airflow/example_dags/plugins/workday.py
[2026-02-25T15:59:06.489+0000] {processor.py:914} INFO - Processing file /home/ubuntu/airflow-venv/lib/python3.12/site-packages/airflow/example_dags/plugins/workday.py for tasks to queue
[2026-02-25T15:59:06.490+0000] {logging_mixin.py:190} INFO - [2026-02-25T15:59:06.490+0000] {dagbag.py:588} INFO - Filling up the DagBag from /home/ubuntu/airflow-venv/lib/python3.12/site-packages/airflow/example_dags/plugins/workday.py
[2026-02-25T15:59:06.492+0000] {logging_mixin.py:190} INFO - [2026-02-25T15:59:06.492+0000] {workday.py:41} WARNING - Could not import pandas. Holidays will not be considered.
[2026-02-25T15:59:06.492+0000] {processor.py:927} WARNING - No viable dags retrieved from /home/ubuntu/airflow-venv/lib/python3.12/site-packages/airflow/example_dags/plugins/workday.py
[2026-02-25T15:59:06.499+0000] {processor.py:208} INFO - Processing /home/ubuntu/airflow-venv/lib/python3.12/site-packages/airflow/example_dags/plugins/workday.py took 0.015 seconds
[2026-02-25T15:59:54.884+0000] {processor.py:186} INFO - Started process (PID=3624) to work on /home/ubuntu/airflow-venv/lib/python3.12/site-packages/airflow/example_dags/plugins/workday.py
[2026-02-25T15:59:54.886+0000] {processor.py:914} INFO - Processing file /home/ubuntu/airflow-venv/lib/python3.12/site-packages/airflow/example_dags/plugins/workday.py for tasks to queue
[2026-02-25T15:59:54.887+0000] {logging_mixin.py:190} INFO - [2026-02-25T15:59:54.887+0000] {dagbag.py:588} INFO - Filling up the DagBag from /home/ubuntu/airflow-venv/lib/python3.12/site-packages/airflow/example_dags/plugins/workday.py
[2026-02-25T15:59:54.889+0000] {logging_mixin.py:190} INFO - [2026-02-25T15:59:54.889+0000] {workday.py:41} WARNING - Could not import pandas. Holidays will not be considered.
[2026-02-25T15:59:54.889+0000] {processor.py:927} WARNING - No viable dags retrieved from /home/ubuntu/airflow-venv/lib/python3.12/site-packages/airflow/example_dags/plugins/workday.py
[2026-02-25T15:59:54.895+0000] {processor.py:208} INFO - Processing /home/ubuntu/airflow-venv/lib/python3.12/site-packages/airflow/example_dags/plugins/workday.py took 0.014 seconds
[2026-02-25T16:00:43.671+0000] {processor.py:186} INFO - Started process (PID=3676) to work on /home/ubuntu/airflow-venv/lib/python3.12/site-packages/airflow/example_dags/plugins/workday.py
[2026-02-25T16:00:43.672+0000] {processor.py:914} INFO - Processing file /home/ubuntu/airflow-venv/lib/python3.12/site-packages/airflow/example_dags/plugins/workday.py for tasks to queue
[2026-02-25T16:00:43.673+0000] {logging_mixin.py:190} INFO - [2026-02-25T16:00:43.673+0000] {dagbag.py:588} INFO - Filling up the DagBag from /home/ubuntu/airflow-venv/lib/python3.12/site-packages/airflow/example_dags/plugins/workday.py
[2026-02-25T16:00:43.675+0000] {logging_mixin.py:190} INFO - [2026-02-25T16:00:43.675+0000] {workday.py:41} WARNING - Could not import pandas. Holidays will not be considered.
[2026-02-25T16:00:43.675+0000] {processor.py:927} WARNING - No viable dags retrieved from /home/ubuntu/airflow-venv/lib/python3.12/site-packages/airflow/example_dags/plugins/workday.py
[2026-02-25T16:00:43.682+0000] {processor.py:208} INFO - Processing /home/ubuntu/airflow-venv/lib/python3.12/site-packages/airflow/example_dags/plugins/workday.py took 0.015 seconds
[2026-02-25T16:01:33.505+0000] {processor.py:186} INFO - Started process (PID=3729) to work on /home/ubuntu/airflow-venv/lib/python3.12/site-packages/airflow/example_dags/plugins/workday.py
[2026-02-25T16:01:33.506+0000] {processor.py:914} INFO - Processing file /home/ubuntu/airflow-venv/lib/python3.12/site-packages/airflow/example_dags/plugins/workday.py for tasks to queue
[2026-02-25T16:01:33.508+0000] {logging_mixin.py:190} INFO - [2026-02-25T16:01:33.507+0000] {dagbag.py:588} INFO - Filling up the DagBag from /home/ubuntu/airflow-venv/lib/python3.12/site-packages/airflow/example_dags/plugins/workday.py
[2026-02-25T16:01:33.509+0000] {logging_mixin.py:190} INFO - [2026-02-25T16:01:33.509+0000] {workday.py:41} WARNING - Could not import pandas. Holidays will not be considered.
[2026-02-25T16:01:33.510+0000] {processor.py:927} WARNING - No viable dags retrieved from /home/ubuntu/airflow-venv/lib/python3.12/site-packages/airflow/example_dags/plugins/workday.py
[2026-02-25T16:01:33.516+0000] {processor.py:208} INFO - Processing /home/ubuntu/airflow-venv/lib/python3.12/site-packages/airflow/example_dags/plugins/workday.py took 0.015 seconds
[2026-02-25T17:24:15.042+0000] {processor.py:186} INFO - Started process (PID=2553) to work on /home/ubuntu/airflow-venv/lib/python3.12/site-packages/airflow/example_dags/plugins/workday.py
[2026-02-25T17:24:15.044+0000] {processor.py:914} INFO - Processing file /home/ubuntu/airflow-venv/lib/python3.12/site-packages/airflow/example_dags/plugins/workday.py for tasks to queue
[2026-02-25T17:24:15.046+0000] {logging_mixin.py:190} INFO - [2026-02-25T17:24:15.045+0000] {dagbag.py:588} INFO - Filling up the DagBag from /home/ubuntu/airflow-venv/lib/python3.12/site-packages/airflow/example_dags/plugins/workday.py
[2026-02-25T17:24:15.047+0000] {logging_mixin.py:190} INFO - [2026-02-25T17:24:15.047+0000] {workday.py:41} WARNING - Could not import pandas. Holidays will not be considered.
[2026-02-25T17:24:15.047+0000] {processor.py:927} WARNING - No viable dags retrieved from /home/ubuntu/airflow-venv/lib/python3.12/site-packages/airflow/example_dags/plugins/workday.py
[2026-02-25T17:24:15.054+0000] {processor.py:208} INFO - Processing /home/ubuntu/airflow-venv/lib/python3.12/site-packages/airflow/example_dags/plugins/workday.py took 0.015 seconds
[2026-02-25T17:25:08.204+0000] {processor.py:186} INFO - Started process (PID=2621) to work on /home/ubuntu/airflow-venv/lib/python3.12/site-packages/airflow/example_dags/plugins/workday.py
[2026-02-25T17:25:08.205+0000] {processor.py:914} INFO - Processing file /home/ubuntu/airflow-venv/lib/python3.12/site-packages/airflow/example_dags/plugins/workday.py for tasks to queue
[2026-02-25T17:25:08.207+0000] {logging_mixin.py:190} INFO - [2026-02-25T17:25:08.206+0000] {dagbag.py:588} INFO - Filling up the DagBag from /home/ubuntu/airflow-venv/lib/python3.12/site-packages/airflow/example_dags/plugins/workday.py
[2026-02-25T17:25:08.208+0000] {logging_mixin.py:190} INFO - [2026-02-25T17:25:08.208+0000] {workday.py:41} WARNING - Could not import pandas. Holidays will not be considered.
[2026-02-25T17:25:08.208+0000] {processor.py:927} WARNING - No viable dags retrieved from /home/ubuntu/airflow-venv/lib/python3.12/site-packages/airflow/example_dags/plugins/workday.py
[2026-02-25T17:25:08.215+0000] {processor.py:208} INFO - Processing /home/ubuntu/airflow-venv/lib/python3.12/site-packages/airflow/example_dags/plugins/workday.py took 0.014 seconds
[2026-02-25T17:25:54.998+0000] {processor.py:186} INFO - Started process (PID=2672) to work on /home/ubuntu/airflow-venv/lib/python3.12/site-packages/airflow/example_dags/plugins/workday.py
[2026-02-25T17:25:54.999+0000] {processor.py:914} INFO - Processing file /home/ubuntu/airflow-venv/lib/python3.12/site-packages/airflow/example_dags/plugins/workday.py for tasks to queue
[2026-02-25T17:25:55.000+0000] {logging_mixin.py:190} INFO - [2026-02-25T17:25:55.000+0000] {dagbag.py:588} INFO - Filling up the DagBag from /home/ubuntu/airflow-venv/lib/python3.12/site-packages/airflow/example_dags/plugins/workday.py
[2026-02-25T17:25:55.002+0000] {logging_mixin.py:190} INFO - [2026-02-25T17:25:55.002+0000] {workday.py:41} WARNING - Could not import pandas. Holidays will not be considered.
[2026-02-25T17:25:55.002+0000] {processor.py:927} WARNING - No viable dags retrieved from /home/ubuntu/airflow-venv/lib/python3.12/site-packages/airflow/example_dags/plugins/workday.py
[2026-02-25T17:25:55.009+0000] {processor.py:208} INFO - Processing /home/ubuntu/airflow-venv/lib/python3.12/site-packages/airflow/example_dags/plugins/workday.py took 0.014 seconds
[2026-02-25T17:26:43.412+0000] {processor.py:186} INFO - Started process (PID=2722) to work on /home/ubuntu/airflow-venv/lib/python3.12/site-packages/airflow/example_dags/plugins/workday.py
[2026-02-25T17:26:43.413+0000] {processor.py:914} INFO - Processing file /home/ubuntu/airflow-venv/lib/python3.12/site-packages/airflow/example_dags/plugins/workday.py for tasks to queue
[2026-02-25T17:26:43.414+0000] {logging_mixin.py:190} INFO - [2026-02-25T17:26:43.414+0000] {dagbag.py:588} INFO - Filling up the DagBag from /home/ubuntu/airflow-venv/lib/python3.12/site-packages/airflow/example_dags/plugins/workday.py
[2026-02-25T17:26:43.416+0000] {logging_mixin.py:190} INFO - [2026-02-25T17:26:43.416+0000] {workday.py:41} WARNING - Could not import pandas. Holidays will not be considered.
[2026-02-25T17:26:43.416+0000] {processor.py:927} WARNING - No viable dags retrieved from /home/ubuntu/airflow-venv/lib/python3.12/site-packages/airflow/example_dags/plugins/workday.py
[2026-02-25T17:26:43.423+0000] {processor.py:208} INFO - Processing /home/ubuntu/airflow-venv/lib/python3.12/site-packages/airflow/example_dags/plugins/workday.py took 0.014 seconds
[2026-02-25T17:27:34.689+0000] {processor.py:186} INFO - Started process (PID=2776) to work on /home/ubuntu/airflow-venv/lib/python3.12/site-packages/airflow/example_dags/plugins/workday.py
[2026-02-25T17:27:34.691+0000] {processor.py:914} INFO - Processing file /home/ubuntu/airflow-venv/lib/python3.12/site-packages/airflow/example_dags/plugins/workday.py for tasks to queue
[2026-02-25T17:27:34.692+0000] {logging_mixin.py:190} INFO - [2026-02-25T17:27:34.692+0000] {dagbag.py:588} INFO - Filling up the DagBag from /home/ubuntu/airflow-venv/lib/python3.12/site-packages/airflow/example_dags/plugins/workday.py
[2026-02-25T17:27:34.694+0000] {logging_mixin.py:190} INFO - [2026-02-25T17:27:34.694+0000] {workday.py:41} WARNING - Could not import pandas. Holidays will not be considered.
[2026-02-25T17:27:34.694+0000] {processor.py:927} WARNING - No viable dags retrieved from /home/ubuntu/airflow-venv/lib/python3.12/site-packages/airflow/example_dags/plugins/workday.py
[2026-02-25T17:27:34.701+0000] {processor.py:208} INFO - Processing /home/ubuntu/airflow-venv/lib/python3.12/site-packages/airflow/example_dags/plugins/workday.py took 0.015 seconds
[2026-02-25T17:28:25.641+0000] {processor.py:186} INFO - Started process (PID=2834) to work on /home/ubuntu/airflow-venv/lib/python3.12/site-packages/airflow/example_dags/plugins/workday.py
[2026-02-25T17:28:25.642+0000] {processor.py:914} INFO - Processing file /home/ubuntu/airflow-venv/lib/python3.12/site-packages/airflow/example_dags/plugins/workday.py for tasks to queue
[2026-02-25T17:28:25.643+0000] {logging_mixin.py:190} INFO - [2026-02-25T17:28:25.643+0000] {dagbag.py:588} INFO - Filling up the DagBag from /home/ubuntu/airflow-venv/lib/python3.12/site-packages/airflow/example_dags/plugins/workday.py
[2026-02-25T17:28:25.645+0000] {logging_mixin.py:190} INFO - [2026-02-25T17:28:25.645+0000] {workday.py:41} WARNING - Could not import pandas. Holidays will not be considered.
[2026-02-25T17:28:25.645+0000] {processor.py:927} WARNING - No viable dags retrieved from /home/ubuntu/airflow-venv/lib/python3.12/site-packages/airflow/example_dags/plugins/workday.py
[2026-02-25T17:28:25.652+0000] {processor.py:208} INFO - Processing /home/ubuntu/airflow-venv/lib/python3.12/site-packages/airflow/example_dags/plugins/workday.py took 0.014 seconds
[2026-02-25T17:29:17.251+0000] {processor.py:186} INFO - Started process (PID=2893) to work on /home/ubuntu/airflow-venv/lib/python3.12/site-packages/airflow/example_dags/plugins/workday.py
[2026-02-25T17:29:17.252+0000] {processor.py:914} INFO - Processing file /home/ubuntu/airflow-venv/lib/python3.12/site-packages/airflow/example_dags/plugins/workday.py for tasks to queue
[2026-02-25T17:29:17.254+0000] {logging_mixin.py:190} INFO - [2026-02-25T17:29:17.253+0000] {dagbag.py:588} INFO - Filling up the DagBag from /home/ubuntu/airflow-venv/lib/python3.12/site-packages/airflow/example_dags/plugins/workday.py
[2026-02-25T17:29:17.255+0000] {logging_mixin.py:190} INFO - [2026-02-25T17:29:17.255+0000] {workday.py:41} WARNING - Could not import pandas. Holidays will not be considered.
[2026-02-25T17:29:17.255+0000] {processor.py:927} WARNING - No viable dags retrieved from /home/ubuntu/airflow-venv/lib/python3.12/site-packages/airflow/example_dags/plugins/workday.py
[2026-02-25T17:29:17.262+0000] {processor.py:208} INFO - Processing /home/ubuntu/airflow-venv/lib/python3.12/site-packages/airflow/example_dags/plugins/workday.py took 0.014 seconds
[2026-02-25T17:30:08.987+0000] {processor.py:186} INFO - Started process (PID=2953) to work on /home/ubuntu/airflow-venv/lib/python3.12/site-packages/airflow/example_dags/plugins/workday.py
[2026-02-25T17:30:08.988+0000] {processor.py:914} INFO - Processing file /home/ubuntu/airflow-venv/lib/python3.12/site-packages/airflow/example_dags/plugins/workday.py for tasks to queue
[2026-02-25T17:30:08.989+0000] {logging_mixin.py:190} INFO - [2026-02-25T17:30:08.989+0000] {dagbag.py:588} INFO - Filling up the DagBag from /home/ubuntu/airflow-venv/lib/python3.12/site-packages/airflow/example_dags/plugins/workday.py
[2026-02-25T17:30:08.991+0000] {logging_mixin.py:190} INFO - [2026-02-25T17:30:08.991+0000] {workday.py:41} WARNING - Could not import pandas. Holidays will not be considered.
[2026-02-25T17:30:08.991+0000] {processor.py:927} WARNING - No viable dags retrieved from /home/ubuntu/airflow-venv/lib/python3.12/site-packages/airflow/example_dags/plugins/workday.py
[2026-02-25T17:30:08.997+0000] {processor.py:208} INFO - Processing /home/ubuntu/airflow-venv/lib/python3.12/site-packages/airflow/example_dags/plugins/workday.py took 0.014 seconds
[2026-02-25T17:30:41.664+0000] {processor.py:186} INFO - Started process (PID=2992) to work on /home/ubuntu/airflow-venv/lib/python3.12/site-packages/airflow/example_dags/plugins/workday.py
[2026-02-25T17:30:41.665+0000] {processor.py:914} INFO - Processing file /home/ubuntu/airflow-venv/lib/python3.12/site-packages/airflow/example_dags/plugins/workday.py for tasks to queue
[2026-02-25T17:30:41.666+0000] {logging_mixin.py:190} INFO - [2026-02-25T17:30:41.666+0000] {dagbag.py:588} INFO - Filling up the DagBag from /home/ubuntu/airflow-venv/lib/python3.12/site-packages/airflow/example_dags/plugins/workday.py
[2026-02-25T17:30:41.668+0000] {logging_mixin.py:190} INFO - [2026-02-25T17:30:41.667+0000] {workday.py:41} WARNING - Could not import pandas. Holidays will not be considered.
[2026-02-25T17:30:41.668+0000] {processor.py:927} WARNING - No viable dags retrieved from /home/ubuntu/airflow-venv/lib/python3.12/site-packages/airflow/example_dags/plugins/workday.py
[2026-02-25T17:30:41.674+0000] {processor.py:208} INFO - Processing /home/ubuntu/airflow-venv/lib/python3.12/site-packages/airflow/example_dags/plugins/workday.py took 0.014 seconds
[2026-02-25T17:31:38.733+0000] {processor.py:186} INFO - Started process (PID=3055) to work on /home/ubuntu/airflow-venv/lib/python3.12/site-packages/airflow/example_dags/plugins/workday.py
[2026-02-25T17:31:38.734+0000] {processor.py:914} INFO - Processing file /home/ubuntu/airflow-venv/lib/python3.12/site-packages/airflow/example_dags/plugins/workday.py for tasks to queue
[2026-02-25T17:31:38.736+0000] {logging_mixin.py:190} INFO - [2026-02-25T17:31:38.735+0000] {dagbag.py:588} INFO - Filling up the DagBag from /home/ubuntu/airflow-venv/lib/python3.12/site-packages/airflow/example_dags/plugins/workday.py
[2026-02-25T17:31:38.737+0000] {logging_mixin.py:190} INFO - [2026-02-25T17:31:38.737+0000] {workday.py:41} WARNING - Could not import pandas. Holidays will not be considered.
[2026-02-25T17:31:38.738+0000] {processor.py:927} WARNING - No viable dags retrieved from /home/ubuntu/airflow-venv/lib/python3.12/site-packages/airflow/example_dags/plugins/workday.py
[2026-02-25T17:31:38.744+0000] {processor.py:208} INFO - Processing /home/ubuntu/airflow-venv/lib/python3.12/site-packages/airflow/example_dags/plugins/workday.py took 0.014 seconds
[2026-02-25T17:32:28.224+0000] {processor.py:186} INFO - Started process (PID=3108) to work on /home/ubuntu/airflow-venv/lib/python3.12/site-packages/airflow/example_dags/plugins/workday.py
[2026-02-25T17:32:28.225+0000] {processor.py:914} INFO - Processing file /home/ubuntu/airflow-venv/lib/python3.12/site-packages/airflow/example_dags/plugins/workday.py for tasks to queue
[2026-02-25T17:32:28.227+0000] {logging_mixin.py:190} INFO - [2026-02-25T17:32:28.227+0000] {dagbag.py:588} INFO - Filling up the DagBag from /home/ubuntu/airflow-venv/lib/python3.12/site-packages/airflow/example_dags/plugins/workday.py
[2026-02-25T17:32:28.228+0000] {logging_mixin.py:190} INFO - [2026-02-25T17:32:28.228+0000] {workday.py:41} WARNING - Could not import pandas. Holidays will not be considered.
[2026-02-25T17:32:28.229+0000] {processor.py:927} WARNING - No viable dags retrieved from /home/ubuntu/airflow-venv/lib/python3.12/site-packages/airflow/example_dags/plugins/workday.py
[2026-02-25T17:32:28.235+0000] {processor.py:208} INFO - Processing /home/ubuntu/airflow-venv/lib/python3.12/site-packages/airflow/example_dags/plugins/workday.py took 0.014 seconds
[2026-02-25T17:33:17.147+0000] {processor.py:186} INFO - Started process (PID=3161) to work on /home/ubuntu/airflow-venv/lib/python3.12/site-packages/airflow/example_dags/plugins/workday.py
[2026-02-25T17:33:17.148+0000] {processor.py:914} INFO - Processing file /home/ubuntu/airflow-venv/lib/python3.12/site-packages/airflow/example_dags/plugins/workday.py for tasks to queue
[2026-02-25T17:33:17.150+0000] {logging_mixin.py:190} INFO - [2026-02-25T17:33:17.149+0000] {dagbag.py:588} INFO - Filling up the DagBag from /home/ubuntu/airflow-venv/lib/python3.12/site-packages/airflow/example_dags/plugins/workday.py
[2026-02-25T17:33:17.151+0000] {logging_mixin.py:190} INFO - [2026-02-25T17:33:17.151+0000] {workday.py:41} WARNING - Could not import pandas. Holidays will not be considered.
[2026-02-25T17:33:17.152+0000] {processor.py:927} WARNING - No viable dags retrieved from /home/ubuntu/airflow-venv/lib/python3.12/site-packages/airflow/example_dags/plugins/workday.py
[2026-02-25T17:33:17.158+0000] {processor.py:208} INFO - Processing /home/ubuntu/airflow-venv/lib/python3.12/site-packages/airflow/example_dags/plugins/workday.py took 0.015 seconds
[2026-02-25T17:34:06.870+0000] {processor.py:186} INFO - Started process (PID=3214) to work on /home/ubuntu/airflow-venv/lib/python3.12/site-packages/airflow/example_dags/plugins/workday.py
[2026-02-25T17:34:06.871+0000] {processor.py:914} INFO - Processing file /home/ubuntu/airflow-venv/lib/python3.12/site-packages/airflow/example_dags/plugins/workday.py for tasks to queue
[2026-02-25T17:34:06.872+0000] {logging_mixin.py:190} INFO - [2026-02-25T17:34:06.872+0000] {dagbag.py:588} INFO - Filling up the DagBag from /home/ubuntu/airflow-venv/lib/python3.12/site-packages/airflow/example_dags/plugins/workday.py
[2026-02-25T17:34:06.874+0000] {logging_mixin.py:190} INFO - [2026-02-25T17:34:06.874+0000] {workday.py:41} WARNING - Could not import pandas. Holidays will not be considered.
[2026-02-25T17:34:06.874+0000] {processor.py:927} WARNING - No viable dags retrieved from /home/ubuntu/airflow-venv/lib/python3.12/site-packages/airflow/example_dags/plugins/workday.py
[2026-02-25T17:34:06.881+0000] {processor.py:208} INFO - Processing /home/ubuntu/airflow-venv/lib/python3.12/site-packages/airflow/example_dags/plugins/workday.py took 0.014 seconds
[2026-02-25T17:34:55.263+0000] {processor.py:186} INFO - Started process (PID=3266) to work on /home/ubuntu/airflow-venv/lib/python3.12/site-packages/airflow/example_dags/plugins/workday.py
[2026-02-25T17:34:55.265+0000] {processor.py:914} INFO - Processing file /home/ubuntu/airflow-venv/lib/python3.12/site-packages/airflow/example_dags/plugins/workday.py for tasks to queue
[2026-02-25T17:34:55.266+0000] {logging_mixin.py:190} INFO - [2026-02-25T17:34:55.266+0000] {dagbag.py:588} INFO - Filling up the DagBag from /home/ubuntu/airflow-venv/lib/python3.12/site-packages/airflow/example_dags/plugins/workday.py
[2026-02-25T17:34:55.268+0000] {logging_mixin.py:190} INFO - [2026-02-25T17:34:55.268+0000] {workday.py:41} WARNING - Could not import pandas. Holidays will not be considered.
[2026-02-25T17:34:55.268+0000] {processor.py:927} WARNING - No viable dags retrieved from /home/ubuntu/airflow-venv/lib/python3.12/site-packages/airflow/example_dags/plugins/workday.py
[2026-02-25T17:34:55.274+0000] {processor.py:208} INFO - Processing /home/ubuntu/airflow-venv/lib/python3.12/site-packages/airflow/example_dags/plugins/workday.py took 0.015 seconds
