[2026-02-25T04:53:42.684+0000] {processor.py:186} INFO - Started process (PID=2101) to work on /home/ubuntu/airflow/dags/microservice_spark_dag.py
[2026-02-25T04:53:42.685+0000] {processor.py:914} INFO - Processing file /home/ubuntu/airflow/dags/microservice_spark_dag.py for tasks to queue
[2026-02-25T04:53:42.686+0000] {logging_mixin.py:190} INFO - [2026-02-25T04:53:42.686+0000] {dagbag.py:588} INFO - Filling up the DagBag from /home/ubuntu/airflow/dags/microservice_spark_dag.py
[2026-02-25T04:53:42.706+0000] {processor.py:925} INFO - DAG(s) 'microservice_spark_dag' retrieved from /home/ubuntu/airflow/dags/microservice_spark_dag.py
[2026-02-25T04:53:42.730+0000] {logging_mixin.py:190} INFO - [2026-02-25T04:53:42.730+0000] {dag.py:3239} INFO - Sync 1 DAGs
[2026-02-25T04:53:42.740+0000] {logging_mixin.py:190} INFO - [2026-02-25T04:53:42.740+0000] {dag.py:4180} INFO - Setting next_dagrun for microservice_spark_dag to None, run_after=None
[2026-02-25T04:53:42.759+0000] {processor.py:208} INFO - Processing /home/ubuntu/airflow/dags/microservice_spark_dag.py took 0.078 seconds
[2026-02-25T04:54:38.296+0000] {processor.py:186} INFO - Started process (PID=2584) to work on /home/ubuntu/airflow/dags/microservice_spark_dag.py
[2026-02-25T04:54:38.297+0000] {processor.py:914} INFO - Processing file /home/ubuntu/airflow/dags/microservice_spark_dag.py for tasks to queue
[2026-02-25T04:54:38.298+0000] {logging_mixin.py:190} INFO - [2026-02-25T04:54:38.298+0000] {dagbag.py:588} INFO - Filling up the DagBag from /home/ubuntu/airflow/dags/microservice_spark_dag.py
[2026-02-25T04:54:38.303+0000] {processor.py:925} INFO - DAG(s) 'microservice_spark_dag' retrieved from /home/ubuntu/airflow/dags/microservice_spark_dag.py
[2026-02-25T04:54:38.313+0000] {logging_mixin.py:190} INFO - [2026-02-25T04:54:38.313+0000] {dag.py:3239} INFO - Sync 1 DAGs
[2026-02-25T04:54:38.320+0000] {logging_mixin.py:190} INFO - [2026-02-25T04:54:38.320+0000] {dag.py:4180} INFO - Setting next_dagrun for microservice_spark_dag to None, run_after=None
[2026-02-25T04:54:38.336+0000] {processor.py:208} INFO - Processing /home/ubuntu/airflow/dags/microservice_spark_dag.py took 0.044 seconds
[2026-02-25T04:55:28.270+0000] {processor.py:186} INFO - Started process (PID=2648) to work on /home/ubuntu/airflow/dags/microservice_spark_dag.py
[2026-02-25T04:55:28.272+0000] {processor.py:914} INFO - Processing file /home/ubuntu/airflow/dags/microservice_spark_dag.py for tasks to queue
[2026-02-25T04:55:28.273+0000] {logging_mixin.py:190} INFO - [2026-02-25T04:55:28.273+0000] {dagbag.py:588} INFO - Filling up the DagBag from /home/ubuntu/airflow/dags/microservice_spark_dag.py
[2026-02-25T04:55:28.278+0000] {processor.py:925} INFO - DAG(s) 'microservice_spark_dag' retrieved from /home/ubuntu/airflow/dags/microservice_spark_dag.py
[2026-02-25T04:55:28.287+0000] {logging_mixin.py:190} INFO - [2026-02-25T04:55:28.287+0000] {dag.py:3239} INFO - Sync 1 DAGs
[2026-02-25T04:55:28.295+0000] {logging_mixin.py:190} INFO - [2026-02-25T04:55:28.295+0000] {dag.py:4180} INFO - Setting next_dagrun for microservice_spark_dag to None, run_after=None
[2026-02-25T04:55:28.311+0000] {processor.py:208} INFO - Processing /home/ubuntu/airflow/dags/microservice_spark_dag.py took 0.044 seconds
[2026-02-25T04:56:17.620+0000] {processor.py:186} INFO - Started process (PID=2702) to work on /home/ubuntu/airflow/dags/microservice_spark_dag.py
[2026-02-25T04:56:17.621+0000] {processor.py:914} INFO - Processing file /home/ubuntu/airflow/dags/microservice_spark_dag.py for tasks to queue
[2026-02-25T04:56:17.622+0000] {logging_mixin.py:190} INFO - [2026-02-25T04:56:17.622+0000] {dagbag.py:588} INFO - Filling up the DagBag from /home/ubuntu/airflow/dags/microservice_spark_dag.py
[2026-02-25T04:56:17.627+0000] {processor.py:925} INFO - DAG(s) 'microservice_spark_dag' retrieved from /home/ubuntu/airflow/dags/microservice_spark_dag.py
[2026-02-25T04:56:17.637+0000] {logging_mixin.py:190} INFO - [2026-02-25T04:56:17.637+0000] {dag.py:3239} INFO - Sync 1 DAGs
[2026-02-25T04:56:17.644+0000] {logging_mixin.py:190} INFO - [2026-02-25T04:56:17.644+0000] {dag.py:4180} INFO - Setting next_dagrun for microservice_spark_dag to None, run_after=None
[2026-02-25T04:56:17.661+0000] {processor.py:208} INFO - Processing /home/ubuntu/airflow/dags/microservice_spark_dag.py took 0.045 seconds
[2026-02-25T04:57:04.727+0000] {processor.py:186} INFO - Started process (PID=2761) to work on /home/ubuntu/airflow/dags/microservice_spark_dag.py
[2026-02-25T04:57:04.728+0000] {processor.py:914} INFO - Processing file /home/ubuntu/airflow/dags/microservice_spark_dag.py for tasks to queue
[2026-02-25T04:57:04.730+0000] {logging_mixin.py:190} INFO - [2026-02-25T04:57:04.729+0000] {dagbag.py:588} INFO - Filling up the DagBag from /home/ubuntu/airflow/dags/microservice_spark_dag.py
[2026-02-25T04:57:04.734+0000] {processor.py:925} INFO - DAG(s) 'microservice_spark_dag' retrieved from /home/ubuntu/airflow/dags/microservice_spark_dag.py
[2026-02-25T04:57:04.744+0000] {logging_mixin.py:190} INFO - [2026-02-25T04:57:04.743+0000] {dag.py:3239} INFO - Sync 1 DAGs
[2026-02-25T04:57:04.751+0000] {logging_mixin.py:190} INFO - [2026-02-25T04:57:04.751+0000] {dag.py:4180} INFO - Setting next_dagrun for microservice_spark_dag to None, run_after=None
[2026-02-25T04:57:04.767+0000] {processor.py:208} INFO - Processing /home/ubuntu/airflow/dags/microservice_spark_dag.py took 0.043 seconds
[2026-02-25T04:57:56.448+0000] {processor.py:186} INFO - Started process (PID=3177) to work on /home/ubuntu/airflow/dags/microservice_spark_dag.py
[2026-02-25T04:57:56.449+0000] {processor.py:914} INFO - Processing file /home/ubuntu/airflow/dags/microservice_spark_dag.py for tasks to queue
[2026-02-25T04:57:56.450+0000] {logging_mixin.py:190} INFO - [2026-02-25T04:57:56.450+0000] {dagbag.py:588} INFO - Filling up the DagBag from /home/ubuntu/airflow/dags/microservice_spark_dag.py
[2026-02-25T04:57:56.455+0000] {processor.py:925} INFO - DAG(s) 'microservice_spark_dag' retrieved from /home/ubuntu/airflow/dags/microservice_spark_dag.py
[2026-02-25T04:57:56.465+0000] {logging_mixin.py:190} INFO - [2026-02-25T04:57:56.465+0000] {dag.py:3239} INFO - Sync 1 DAGs
[2026-02-25T04:57:56.472+0000] {logging_mixin.py:190} INFO - [2026-02-25T04:57:56.472+0000] {dag.py:4180} INFO - Setting next_dagrun for microservice_spark_dag to None, run_after=None
[2026-02-25T04:57:56.489+0000] {processor.py:208} INFO - Processing /home/ubuntu/airflow/dags/microservice_spark_dag.py took 0.045 seconds
[2026-02-25T04:58:47.102+0000] {processor.py:186} INFO - Started process (PID=3233) to work on /home/ubuntu/airflow/dags/microservice_spark_dag.py
[2026-02-25T04:58:47.103+0000] {processor.py:914} INFO - Processing file /home/ubuntu/airflow/dags/microservice_spark_dag.py for tasks to queue
[2026-02-25T04:58:47.105+0000] {logging_mixin.py:190} INFO - [2026-02-25T04:58:47.104+0000] {dagbag.py:588} INFO - Filling up the DagBag from /home/ubuntu/airflow/dags/microservice_spark_dag.py
[2026-02-25T04:58:47.110+0000] {processor.py:925} INFO - DAG(s) 'microservice_spark_dag' retrieved from /home/ubuntu/airflow/dags/microservice_spark_dag.py
[2026-02-25T04:58:47.119+0000] {logging_mixin.py:190} INFO - [2026-02-25T04:58:47.119+0000] {dag.py:3239} INFO - Sync 1 DAGs
[2026-02-25T04:58:47.127+0000] {logging_mixin.py:190} INFO - [2026-02-25T04:58:47.127+0000] {dag.py:4180} INFO - Setting next_dagrun for microservice_spark_dag to None, run_after=None
[2026-02-25T04:58:47.143+0000] {processor.py:208} INFO - Processing /home/ubuntu/airflow/dags/microservice_spark_dag.py took 0.045 seconds
[2026-02-25T04:59:36.533+0000] {processor.py:186} INFO - Started process (PID=3286) to work on /home/ubuntu/airflow/dags/microservice_spark_dag.py
[2026-02-25T04:59:36.534+0000] {processor.py:914} INFO - Processing file /home/ubuntu/airflow/dags/microservice_spark_dag.py for tasks to queue
[2026-02-25T04:59:36.535+0000] {logging_mixin.py:190} INFO - [2026-02-25T04:59:36.535+0000] {dagbag.py:588} INFO - Filling up the DagBag from /home/ubuntu/airflow/dags/microservice_spark_dag.py
[2026-02-25T04:59:36.540+0000] {processor.py:925} INFO - DAG(s) 'microservice_spark_dag' retrieved from /home/ubuntu/airflow/dags/microservice_spark_dag.py
[2026-02-25T04:59:36.550+0000] {logging_mixin.py:190} INFO - [2026-02-25T04:59:36.549+0000] {dag.py:3239} INFO - Sync 1 DAGs
[2026-02-25T04:59:36.557+0000] {logging_mixin.py:190} INFO - [2026-02-25T04:59:36.557+0000] {dag.py:4180} INFO - Setting next_dagrun for microservice_spark_dag to None, run_after=None
[2026-02-25T04:59:36.642+0000] {processor.py:208} INFO - Processing /home/ubuntu/airflow/dags/microservice_spark_dag.py took 0.113 seconds
[2026-02-25T05:00:31.135+0000] {processor.py:186} INFO - Started process (PID=3343) to work on /home/ubuntu/airflow/dags/microservice_spark_dag.py
[2026-02-25T05:00:31.136+0000] {processor.py:914} INFO - Processing file /home/ubuntu/airflow/dags/microservice_spark_dag.py for tasks to queue
[2026-02-25T05:00:31.137+0000] {logging_mixin.py:190} INFO - [2026-02-25T05:00:31.137+0000] {dagbag.py:588} INFO - Filling up the DagBag from /home/ubuntu/airflow/dags/microservice_spark_dag.py
[2026-02-25T05:00:31.143+0000] {processor.py:925} INFO - DAG(s) 'microservice_spark_dag' retrieved from /home/ubuntu/airflow/dags/microservice_spark_dag.py
[2026-02-25T05:00:31.153+0000] {logging_mixin.py:190} INFO - [2026-02-25T05:00:31.152+0000] {dag.py:3239} INFO - Sync 1 DAGs
[2026-02-25T05:00:31.160+0000] {logging_mixin.py:190} INFO - [2026-02-25T05:00:31.160+0000] {dag.py:4180} INFO - Setting next_dagrun for microservice_spark_dag to None, run_after=None
[2026-02-25T05:00:31.179+0000] {processor.py:208} INFO - Processing /home/ubuntu/airflow/dags/microservice_spark_dag.py took 0.048 seconds
[2026-02-25T05:01:23.778+0000] {processor.py:186} INFO - Started process (PID=3403) to work on /home/ubuntu/airflow/dags/microservice_spark_dag.py
[2026-02-25T05:01:23.779+0000] {processor.py:914} INFO - Processing file /home/ubuntu/airflow/dags/microservice_spark_dag.py for tasks to queue
[2026-02-25T05:01:23.780+0000] {logging_mixin.py:190} INFO - [2026-02-25T05:01:23.780+0000] {dagbag.py:588} INFO - Filling up the DagBag from /home/ubuntu/airflow/dags/microservice_spark_dag.py
[2026-02-25T05:01:23.785+0000] {processor.py:925} INFO - DAG(s) 'microservice_spark_dag' retrieved from /home/ubuntu/airflow/dags/microservice_spark_dag.py
[2026-02-25T05:01:23.795+0000] {logging_mixin.py:190} INFO - [2026-02-25T05:01:23.795+0000] {dag.py:3239} INFO - Sync 1 DAGs
[2026-02-25T05:01:23.802+0000] {logging_mixin.py:190} INFO - [2026-02-25T05:01:23.802+0000] {dag.py:4180} INFO - Setting next_dagrun for microservice_spark_dag to None, run_after=None
[2026-02-25T05:01:23.820+0000] {processor.py:208} INFO - Processing /home/ubuntu/airflow/dags/microservice_spark_dag.py took 0.046 seconds
[2026-02-25T05:02:12.721+0000] {processor.py:186} INFO - Started process (PID=3455) to work on /home/ubuntu/airflow/dags/microservice_spark_dag.py
[2026-02-25T05:02:12.722+0000] {processor.py:914} INFO - Processing file /home/ubuntu/airflow/dags/microservice_spark_dag.py for tasks to queue
[2026-02-25T05:02:12.723+0000] {logging_mixin.py:190} INFO - [2026-02-25T05:02:12.723+0000] {dagbag.py:588} INFO - Filling up the DagBag from /home/ubuntu/airflow/dags/microservice_spark_dag.py
[2026-02-25T05:02:12.728+0000] {processor.py:925} INFO - DAG(s) 'microservice_spark_dag' retrieved from /home/ubuntu/airflow/dags/microservice_spark_dag.py
[2026-02-25T05:02:12.738+0000] {logging_mixin.py:190} INFO - [2026-02-25T05:02:12.738+0000] {dag.py:3239} INFO - Sync 1 DAGs
[2026-02-25T05:02:12.745+0000] {logging_mixin.py:190} INFO - [2026-02-25T05:02:12.745+0000] {dag.py:4180} INFO - Setting next_dagrun for microservice_spark_dag to None, run_after=None
[2026-02-25T05:02:12.762+0000] {processor.py:208} INFO - Processing /home/ubuntu/airflow/dags/microservice_spark_dag.py took 0.044 seconds
[2026-02-25T05:03:02.916+0000] {processor.py:186} INFO - Started process (PID=3508) to work on /home/ubuntu/airflow/dags/microservice_spark_dag.py
[2026-02-25T05:03:02.918+0000] {processor.py:914} INFO - Processing file /home/ubuntu/airflow/dags/microservice_spark_dag.py for tasks to queue
[2026-02-25T05:03:02.919+0000] {logging_mixin.py:190} INFO - [2026-02-25T05:03:02.919+0000] {dagbag.py:588} INFO - Filling up the DagBag from /home/ubuntu/airflow/dags/microservice_spark_dag.py
[2026-02-25T05:03:02.924+0000] {processor.py:925} INFO - DAG(s) 'microservice_spark_dag' retrieved from /home/ubuntu/airflow/dags/microservice_spark_dag.py
[2026-02-25T05:03:02.933+0000] {logging_mixin.py:190} INFO - [2026-02-25T05:03:02.933+0000] {dag.py:3239} INFO - Sync 1 DAGs
[2026-02-25T05:03:02.941+0000] {logging_mixin.py:190} INFO - [2026-02-25T05:03:02.941+0000] {dag.py:4180} INFO - Setting next_dagrun for microservice_spark_dag to None, run_after=None
[2026-02-25T05:03:02.958+0000] {processor.py:208} INFO - Processing /home/ubuntu/airflow/dags/microservice_spark_dag.py took 0.044 seconds
[2026-02-25T05:03:51.145+0000] {processor.py:186} INFO - Started process (PID=3560) to work on /home/ubuntu/airflow/dags/microservice_spark_dag.py
[2026-02-25T05:03:51.147+0000] {processor.py:914} INFO - Processing file /home/ubuntu/airflow/dags/microservice_spark_dag.py for tasks to queue
[2026-02-25T05:03:51.148+0000] {logging_mixin.py:190} INFO - [2026-02-25T05:03:51.148+0000] {dagbag.py:588} INFO - Filling up the DagBag from /home/ubuntu/airflow/dags/microservice_spark_dag.py
[2026-02-25T05:03:51.153+0000] {processor.py:925} INFO - DAG(s) 'microservice_spark_dag' retrieved from /home/ubuntu/airflow/dags/microservice_spark_dag.py
[2026-02-25T05:03:51.162+0000] {logging_mixin.py:190} INFO - [2026-02-25T05:03:51.162+0000] {dag.py:3239} INFO - Sync 1 DAGs
[2026-02-25T05:03:51.170+0000] {logging_mixin.py:190} INFO - [2026-02-25T05:03:51.170+0000] {dag.py:4180} INFO - Setting next_dagrun for microservice_spark_dag to None, run_after=None
[2026-02-25T05:03:51.187+0000] {processor.py:208} INFO - Processing /home/ubuntu/airflow/dags/microservice_spark_dag.py took 0.046 seconds
[2026-02-25T05:04:40.493+0000] {processor.py:186} INFO - Started process (PID=3611) to work on /home/ubuntu/airflow/dags/microservice_spark_dag.py
[2026-02-25T05:04:40.494+0000] {processor.py:914} INFO - Processing file /home/ubuntu/airflow/dags/microservice_spark_dag.py for tasks to queue
[2026-02-25T05:04:40.496+0000] {logging_mixin.py:190} INFO - [2026-02-25T05:04:40.495+0000] {dagbag.py:588} INFO - Filling up the DagBag from /home/ubuntu/airflow/dags/microservice_spark_dag.py
[2026-02-25T05:04:40.501+0000] {processor.py:925} INFO - DAG(s) 'microservice_spark_dag' retrieved from /home/ubuntu/airflow/dags/microservice_spark_dag.py
[2026-02-25T05:04:40.510+0000] {logging_mixin.py:190} INFO - [2026-02-25T05:04:40.510+0000] {dag.py:3239} INFO - Sync 1 DAGs
[2026-02-25T05:04:40.517+0000] {logging_mixin.py:190} INFO - [2026-02-25T05:04:40.517+0000] {dag.py:4180} INFO - Setting next_dagrun for microservice_spark_dag to None, run_after=None
[2026-02-25T05:04:40.535+0000] {processor.py:208} INFO - Processing /home/ubuntu/airflow/dags/microservice_spark_dag.py took 0.045 seconds
[2026-02-25T05:05:27.890+0000] {processor.py:186} INFO - Started process (PID=3666) to work on /home/ubuntu/airflow/dags/microservice_spark_dag.py
[2026-02-25T05:05:27.891+0000] {processor.py:914} INFO - Processing file /home/ubuntu/airflow/dags/microservice_spark_dag.py for tasks to queue
[2026-02-25T05:05:27.893+0000] {logging_mixin.py:190} INFO - [2026-02-25T05:05:27.893+0000] {dagbag.py:588} INFO - Filling up the DagBag from /home/ubuntu/airflow/dags/microservice_spark_dag.py
[2026-02-25T05:05:27.898+0000] {processor.py:925} INFO - DAG(s) 'microservice_spark_dag' retrieved from /home/ubuntu/airflow/dags/microservice_spark_dag.py
[2026-02-25T05:05:27.908+0000] {logging_mixin.py:190} INFO - [2026-02-25T05:05:27.907+0000] {dag.py:3239} INFO - Sync 1 DAGs
[2026-02-25T05:05:27.915+0000] {logging_mixin.py:190} INFO - [2026-02-25T05:05:27.915+0000] {dag.py:4180} INFO - Setting next_dagrun for microservice_spark_dag to None, run_after=None
[2026-02-25T05:05:27.932+0000] {processor.py:208} INFO - Processing /home/ubuntu/airflow/dags/microservice_spark_dag.py took 0.045 seconds
[2026-02-25T05:06:19.002+0000] {processor.py:186} INFO - Started process (PID=3717) to work on /home/ubuntu/airflow/dags/microservice_spark_dag.py
[2026-02-25T05:06:19.003+0000] {processor.py:914} INFO - Processing file /home/ubuntu/airflow/dags/microservice_spark_dag.py for tasks to queue
[2026-02-25T05:06:19.004+0000] {logging_mixin.py:190} INFO - [2026-02-25T05:06:19.004+0000] {dagbag.py:588} INFO - Filling up the DagBag from /home/ubuntu/airflow/dags/microservice_spark_dag.py
[2026-02-25T05:06:19.009+0000] {processor.py:925} INFO - DAG(s) 'microservice_spark_dag' retrieved from /home/ubuntu/airflow/dags/microservice_spark_dag.py
[2026-02-25T05:06:19.019+0000] {logging_mixin.py:190} INFO - [2026-02-25T05:06:19.019+0000] {dag.py:3239} INFO - Sync 1 DAGs
[2026-02-25T05:06:19.026+0000] {logging_mixin.py:190} INFO - [2026-02-25T05:06:19.026+0000] {dag.py:4180} INFO - Setting next_dagrun for microservice_spark_dag to None, run_after=None
[2026-02-25T05:06:19.043+0000] {processor.py:208} INFO - Processing /home/ubuntu/airflow/dags/microservice_spark_dag.py took 0.045 seconds
[2026-02-25T05:07:07.726+0000] {processor.py:186} INFO - Started process (PID=3773) to work on /home/ubuntu/airflow/dags/microservice_spark_dag.py
[2026-02-25T05:07:07.728+0000] {processor.py:914} INFO - Processing file /home/ubuntu/airflow/dags/microservice_spark_dag.py for tasks to queue
[2026-02-25T05:07:07.729+0000] {logging_mixin.py:190} INFO - [2026-02-25T05:07:07.729+0000] {dagbag.py:588} INFO - Filling up the DagBag from /home/ubuntu/airflow/dags/microservice_spark_dag.py
[2026-02-25T05:07:07.734+0000] {processor.py:925} INFO - DAG(s) 'microservice_spark_dag' retrieved from /home/ubuntu/airflow/dags/microservice_spark_dag.py
[2026-02-25T05:07:07.743+0000] {logging_mixin.py:190} INFO - [2026-02-25T05:07:07.743+0000] {dag.py:3239} INFO - Sync 1 DAGs
[2026-02-25T05:07:07.750+0000] {logging_mixin.py:190} INFO - [2026-02-25T05:07:07.750+0000] {dag.py:4180} INFO - Setting next_dagrun for microservice_spark_dag to None, run_after=None
[2026-02-25T05:07:07.767+0000] {processor.py:208} INFO - Processing /home/ubuntu/airflow/dags/microservice_spark_dag.py took 0.044 seconds
[2026-02-25T05:07:57.872+0000] {processor.py:186} INFO - Started process (PID=3826) to work on /home/ubuntu/airflow/dags/microservice_spark_dag.py
[2026-02-25T05:07:57.873+0000] {processor.py:914} INFO - Processing file /home/ubuntu/airflow/dags/microservice_spark_dag.py for tasks to queue
[2026-02-25T05:07:57.874+0000] {logging_mixin.py:190} INFO - [2026-02-25T05:07:57.874+0000] {dagbag.py:588} INFO - Filling up the DagBag from /home/ubuntu/airflow/dags/microservice_spark_dag.py
[2026-02-25T05:07:57.879+0000] {processor.py:925} INFO - DAG(s) 'microservice_spark_dag' retrieved from /home/ubuntu/airflow/dags/microservice_spark_dag.py
[2026-02-25T05:07:57.889+0000] {logging_mixin.py:190} INFO - [2026-02-25T05:07:57.889+0000] {dag.py:3239} INFO - Sync 1 DAGs
[2026-02-25T05:07:57.896+0000] {logging_mixin.py:190} INFO - [2026-02-25T05:07:57.896+0000] {dag.py:4180} INFO - Setting next_dagrun for microservice_spark_dag to None, run_after=None
[2026-02-25T05:07:57.913+0000] {processor.py:208} INFO - Processing /home/ubuntu/airflow/dags/microservice_spark_dag.py took 0.045 seconds
[2026-02-25T05:08:45.452+0000] {processor.py:186} INFO - Started process (PID=3876) to work on /home/ubuntu/airflow/dags/microservice_spark_dag.py
[2026-02-25T05:08:45.453+0000] {processor.py:914} INFO - Processing file /home/ubuntu/airflow/dags/microservice_spark_dag.py for tasks to queue
[2026-02-25T05:08:45.455+0000] {logging_mixin.py:190} INFO - [2026-02-25T05:08:45.455+0000] {dagbag.py:588} INFO - Filling up the DagBag from /home/ubuntu/airflow/dags/microservice_spark_dag.py
[2026-02-25T05:08:45.460+0000] {processor.py:925} INFO - DAG(s) 'microservice_spark_dag' retrieved from /home/ubuntu/airflow/dags/microservice_spark_dag.py
[2026-02-25T05:08:45.469+0000] {logging_mixin.py:190} INFO - [2026-02-25T05:08:45.469+0000] {dag.py:3239} INFO - Sync 1 DAGs
[2026-02-25T05:08:45.476+0000] {logging_mixin.py:190} INFO - [2026-02-25T05:08:45.476+0000] {dag.py:4180} INFO - Setting next_dagrun for microservice_spark_dag to None, run_after=None
[2026-02-25T05:08:45.493+0000] {processor.py:208} INFO - Processing /home/ubuntu/airflow/dags/microservice_spark_dag.py took 0.044 seconds
[2026-02-25T05:09:34.192+0000] {processor.py:186} INFO - Started process (PID=3927) to work on /home/ubuntu/airflow/dags/microservice_spark_dag.py
[2026-02-25T05:09:34.194+0000] {processor.py:914} INFO - Processing file /home/ubuntu/airflow/dags/microservice_spark_dag.py for tasks to queue
[2026-02-25T05:09:34.195+0000] {logging_mixin.py:190} INFO - [2026-02-25T05:09:34.195+0000] {dagbag.py:588} INFO - Filling up the DagBag from /home/ubuntu/airflow/dags/microservice_spark_dag.py
[2026-02-25T05:09:34.200+0000] {processor.py:925} INFO - DAG(s) 'microservice_spark_dag' retrieved from /home/ubuntu/airflow/dags/microservice_spark_dag.py
[2026-02-25T05:09:34.209+0000] {logging_mixin.py:190} INFO - [2026-02-25T05:09:34.209+0000] {dag.py:3239} INFO - Sync 1 DAGs
[2026-02-25T05:09:34.217+0000] {logging_mixin.py:190} INFO - [2026-02-25T05:09:34.217+0000] {dag.py:4180} INFO - Setting next_dagrun for microservice_spark_dag to None, run_after=None
[2026-02-25T05:09:34.234+0000] {processor.py:208} INFO - Processing /home/ubuntu/airflow/dags/microservice_spark_dag.py took 0.045 seconds
[2026-02-25T05:10:23.239+0000] {processor.py:186} INFO - Started process (PID=3979) to work on /home/ubuntu/airflow/dags/microservice_spark_dag.py
[2026-02-25T05:10:23.240+0000] {processor.py:914} INFO - Processing file /home/ubuntu/airflow/dags/microservice_spark_dag.py for tasks to queue
[2026-02-25T05:10:23.241+0000] {logging_mixin.py:190} INFO - [2026-02-25T05:10:23.241+0000] {dagbag.py:588} INFO - Filling up the DagBag from /home/ubuntu/airflow/dags/microservice_spark_dag.py
[2026-02-25T05:10:23.246+0000] {processor.py:925} INFO - DAG(s) 'microservice_spark_dag' retrieved from /home/ubuntu/airflow/dags/microservice_spark_dag.py
[2026-02-25T05:10:23.255+0000] {logging_mixin.py:190} INFO - [2026-02-25T05:10:23.255+0000] {dag.py:3239} INFO - Sync 1 DAGs
[2026-02-25T05:10:23.263+0000] {logging_mixin.py:190} INFO - [2026-02-25T05:10:23.262+0000] {dag.py:4180} INFO - Setting next_dagrun for microservice_spark_dag to None, run_after=None
[2026-02-25T05:10:23.279+0000] {processor.py:208} INFO - Processing /home/ubuntu/airflow/dags/microservice_spark_dag.py took 0.044 seconds
[2026-02-25T05:11:15.142+0000] {processor.py:186} INFO - Started process (PID=4036) to work on /home/ubuntu/airflow/dags/microservice_spark_dag.py
[2026-02-25T05:11:15.143+0000] {processor.py:914} INFO - Processing file /home/ubuntu/airflow/dags/microservice_spark_dag.py for tasks to queue
[2026-02-25T05:11:15.145+0000] {logging_mixin.py:190} INFO - [2026-02-25T05:11:15.145+0000] {dagbag.py:588} INFO - Filling up the DagBag from /home/ubuntu/airflow/dags/microservice_spark_dag.py
[2026-02-25T05:11:15.150+0000] {processor.py:925} INFO - DAG(s) 'microservice_spark_dag' retrieved from /home/ubuntu/airflow/dags/microservice_spark_dag.py
[2026-02-25T05:11:15.160+0000] {logging_mixin.py:190} INFO - [2026-02-25T05:11:15.159+0000] {dag.py:3239} INFO - Sync 1 DAGs
[2026-02-25T05:11:15.167+0000] {logging_mixin.py:190} INFO - [2026-02-25T05:11:15.167+0000] {dag.py:4180} INFO - Setting next_dagrun for microservice_spark_dag to None, run_after=None
[2026-02-25T05:11:15.184+0000] {processor.py:208} INFO - Processing /home/ubuntu/airflow/dags/microservice_spark_dag.py took 0.045 seconds
[2026-02-25T05:12:05.273+0000] {processor.py:186} INFO - Started process (PID=4090) to work on /home/ubuntu/airflow/dags/microservice_spark_dag.py
[2026-02-25T05:12:05.274+0000] {processor.py:914} INFO - Processing file /home/ubuntu/airflow/dags/microservice_spark_dag.py for tasks to queue
[2026-02-25T05:12:05.276+0000] {logging_mixin.py:190} INFO - [2026-02-25T05:12:05.275+0000] {dagbag.py:588} INFO - Filling up the DagBag from /home/ubuntu/airflow/dags/microservice_spark_dag.py
[2026-02-25T05:12:05.281+0000] {processor.py:925} INFO - DAG(s) 'microservice_spark_dag' retrieved from /home/ubuntu/airflow/dags/microservice_spark_dag.py
[2026-02-25T05:12:05.290+0000] {logging_mixin.py:190} INFO - [2026-02-25T05:12:05.290+0000] {dag.py:3239} INFO - Sync 1 DAGs
[2026-02-25T05:12:05.298+0000] {logging_mixin.py:190} INFO - [2026-02-25T05:12:05.298+0000] {dag.py:4180} INFO - Setting next_dagrun for microservice_spark_dag to None, run_after=None
[2026-02-25T05:12:05.315+0000] {processor.py:208} INFO - Processing /home/ubuntu/airflow/dags/microservice_spark_dag.py took 0.046 seconds
[2026-02-25T05:12:55.481+0000] {processor.py:186} INFO - Started process (PID=4142) to work on /home/ubuntu/airflow/dags/microservice_spark_dag.py
[2026-02-25T05:12:55.482+0000] {processor.py:914} INFO - Processing file /home/ubuntu/airflow/dags/microservice_spark_dag.py for tasks to queue
[2026-02-25T05:12:55.484+0000] {logging_mixin.py:190} INFO - [2026-02-25T05:12:55.483+0000] {dagbag.py:588} INFO - Filling up the DagBag from /home/ubuntu/airflow/dags/microservice_spark_dag.py
[2026-02-25T05:12:55.489+0000] {processor.py:925} INFO - DAG(s) 'microservice_spark_dag' retrieved from /home/ubuntu/airflow/dags/microservice_spark_dag.py
[2026-02-25T05:12:55.499+0000] {logging_mixin.py:190} INFO - [2026-02-25T05:12:55.498+0000] {dag.py:3239} INFO - Sync 1 DAGs
[2026-02-25T05:12:55.506+0000] {logging_mixin.py:190} INFO - [2026-02-25T05:12:55.506+0000] {dag.py:4180} INFO - Setting next_dagrun for microservice_spark_dag to None, run_after=None
[2026-02-25T05:12:55.522+0000] {processor.py:208} INFO - Processing /home/ubuntu/airflow/dags/microservice_spark_dag.py took 0.044 seconds
[2026-02-25T05:13:44.607+0000] {processor.py:186} INFO - Started process (PID=4193) to work on /home/ubuntu/airflow/dags/microservice_spark_dag.py
[2026-02-25T05:13:44.608+0000] {processor.py:914} INFO - Processing file /home/ubuntu/airflow/dags/microservice_spark_dag.py for tasks to queue
[2026-02-25T05:13:44.610+0000] {logging_mixin.py:190} INFO - [2026-02-25T05:13:44.609+0000] {dagbag.py:588} INFO - Filling up the DagBag from /home/ubuntu/airflow/dags/microservice_spark_dag.py
[2026-02-25T05:13:44.615+0000] {processor.py:925} INFO - DAG(s) 'microservice_spark_dag' retrieved from /home/ubuntu/airflow/dags/microservice_spark_dag.py
[2026-02-25T05:13:44.625+0000] {logging_mixin.py:190} INFO - [2026-02-25T05:13:44.624+0000] {dag.py:3239} INFO - Sync 1 DAGs
[2026-02-25T05:13:44.633+0000] {logging_mixin.py:190} INFO - [2026-02-25T05:13:44.633+0000] {dag.py:4180} INFO - Setting next_dagrun for microservice_spark_dag to None, run_after=None
[2026-02-25T05:13:44.652+0000] {processor.py:208} INFO - Processing /home/ubuntu/airflow/dags/microservice_spark_dag.py took 0.048 seconds
[2026-02-25T05:14:34.187+0000] {processor.py:186} INFO - Started process (PID=4246) to work on /home/ubuntu/airflow/dags/microservice_spark_dag.py
[2026-02-25T05:14:34.188+0000] {processor.py:914} INFO - Processing file /home/ubuntu/airflow/dags/microservice_spark_dag.py for tasks to queue
[2026-02-25T05:14:34.190+0000] {logging_mixin.py:190} INFO - [2026-02-25T05:14:34.189+0000] {dagbag.py:588} INFO - Filling up the DagBag from /home/ubuntu/airflow/dags/microservice_spark_dag.py
[2026-02-25T05:14:34.195+0000] {processor.py:925} INFO - DAG(s) 'microservice_spark_dag' retrieved from /home/ubuntu/airflow/dags/microservice_spark_dag.py
[2026-02-25T05:14:34.204+0000] {logging_mixin.py:190} INFO - [2026-02-25T05:14:34.204+0000] {dag.py:3239} INFO - Sync 1 DAGs
[2026-02-25T05:14:34.212+0000] {logging_mixin.py:190} INFO - [2026-02-25T05:14:34.212+0000] {dag.py:4180} INFO - Setting next_dagrun for microservice_spark_dag to None, run_after=None
[2026-02-25T05:14:34.229+0000] {processor.py:208} INFO - Processing /home/ubuntu/airflow/dags/microservice_spark_dag.py took 0.045 seconds
[2026-02-25T05:15:23.271+0000] {processor.py:186} INFO - Started process (PID=4299) to work on /home/ubuntu/airflow/dags/microservice_spark_dag.py
[2026-02-25T05:15:23.272+0000] {processor.py:914} INFO - Processing file /home/ubuntu/airflow/dags/microservice_spark_dag.py for tasks to queue
[2026-02-25T05:15:23.273+0000] {logging_mixin.py:190} INFO - [2026-02-25T05:15:23.273+0000] {dagbag.py:588} INFO - Filling up the DagBag from /home/ubuntu/airflow/dags/microservice_spark_dag.py
[2026-02-25T05:15:23.278+0000] {processor.py:925} INFO - DAG(s) 'microservice_spark_dag' retrieved from /home/ubuntu/airflow/dags/microservice_spark_dag.py
[2026-02-25T05:15:23.288+0000] {logging_mixin.py:190} INFO - [2026-02-25T05:15:23.288+0000] {dag.py:3239} INFO - Sync 1 DAGs
[2026-02-25T05:15:23.296+0000] {logging_mixin.py:190} INFO - [2026-02-25T05:15:23.296+0000] {dag.py:4180} INFO - Setting next_dagrun for microservice_spark_dag to None, run_after=None
[2026-02-25T05:15:23.313+0000] {processor.py:208} INFO - Processing /home/ubuntu/airflow/dags/microservice_spark_dag.py took 0.046 seconds
[2026-02-25T05:16:13.471+0000] {processor.py:186} INFO - Started process (PID=4354) to work on /home/ubuntu/airflow/dags/microservice_spark_dag.py
[2026-02-25T05:16:13.472+0000] {processor.py:914} INFO - Processing file /home/ubuntu/airflow/dags/microservice_spark_dag.py for tasks to queue
[2026-02-25T05:16:13.474+0000] {logging_mixin.py:190} INFO - [2026-02-25T05:16:13.474+0000] {dagbag.py:588} INFO - Filling up the DagBag from /home/ubuntu/airflow/dags/microservice_spark_dag.py
[2026-02-25T05:16:13.479+0000] {processor.py:925} INFO - DAG(s) 'microservice_spark_dag' retrieved from /home/ubuntu/airflow/dags/microservice_spark_dag.py
[2026-02-25T05:16:13.488+0000] {logging_mixin.py:190} INFO - [2026-02-25T05:16:13.488+0000] {dag.py:3239} INFO - Sync 1 DAGs
[2026-02-25T05:16:13.496+0000] {logging_mixin.py:190} INFO - [2026-02-25T05:16:13.496+0000] {dag.py:4180} INFO - Setting next_dagrun for microservice_spark_dag to None, run_after=None
[2026-02-25T05:16:13.512+0000] {processor.py:208} INFO - Processing /home/ubuntu/airflow/dags/microservice_spark_dag.py took 0.044 seconds
[2026-02-25T05:17:04.794+0000] {processor.py:186} INFO - Started process (PID=4410) to work on /home/ubuntu/airflow/dags/microservice_spark_dag.py
[2026-02-25T05:17:04.795+0000] {processor.py:914} INFO - Processing file /home/ubuntu/airflow/dags/microservice_spark_dag.py for tasks to queue
[2026-02-25T05:17:04.797+0000] {logging_mixin.py:190} INFO - [2026-02-25T05:17:04.796+0000] {dagbag.py:588} INFO - Filling up the DagBag from /home/ubuntu/airflow/dags/microservice_spark_dag.py
[2026-02-25T05:17:04.802+0000] {processor.py:925} INFO - DAG(s) 'microservice_spark_dag' retrieved from /home/ubuntu/airflow/dags/microservice_spark_dag.py
[2026-02-25T05:17:04.811+0000] {logging_mixin.py:190} INFO - [2026-02-25T05:17:04.811+0000] {dag.py:3239} INFO - Sync 1 DAGs
[2026-02-25T05:17:04.819+0000] {logging_mixin.py:190} INFO - [2026-02-25T05:17:04.818+0000] {dag.py:4180} INFO - Setting next_dagrun for microservice_spark_dag to None, run_after=None
[2026-02-25T05:17:04.835+0000] {processor.py:208} INFO - Processing /home/ubuntu/airflow/dags/microservice_spark_dag.py took 0.044 seconds
[2026-02-25T05:17:53.314+0000] {processor.py:186} INFO - Started process (PID=4464) to work on /home/ubuntu/airflow/dags/microservice_spark_dag.py
[2026-02-25T05:17:53.315+0000] {processor.py:914} INFO - Processing file /home/ubuntu/airflow/dags/microservice_spark_dag.py for tasks to queue
[2026-02-25T05:17:53.316+0000] {logging_mixin.py:190} INFO - [2026-02-25T05:17:53.316+0000] {dagbag.py:588} INFO - Filling up the DagBag from /home/ubuntu/airflow/dags/microservice_spark_dag.py
[2026-02-25T05:17:53.322+0000] {processor.py:925} INFO - DAG(s) 'microservice_spark_dag' retrieved from /home/ubuntu/airflow/dags/microservice_spark_dag.py
[2026-02-25T05:17:53.331+0000] {logging_mixin.py:190} INFO - [2026-02-25T05:17:53.331+0000] {dag.py:3239} INFO - Sync 1 DAGs
[2026-02-25T05:17:53.339+0000] {logging_mixin.py:190} INFO - [2026-02-25T05:17:53.339+0000] {dag.py:4180} INFO - Setting next_dagrun for microservice_spark_dag to None, run_after=None
[2026-02-25T05:17:53.355+0000] {processor.py:208} INFO - Processing /home/ubuntu/airflow/dags/microservice_spark_dag.py took 0.045 seconds
[2026-02-25T05:18:42.365+0000] {processor.py:186} INFO - Started process (PID=4514) to work on /home/ubuntu/airflow/dags/microservice_spark_dag.py
[2026-02-25T05:18:42.366+0000] {processor.py:914} INFO - Processing file /home/ubuntu/airflow/dags/microservice_spark_dag.py for tasks to queue
[2026-02-25T05:18:42.367+0000] {logging_mixin.py:190} INFO - [2026-02-25T05:18:42.367+0000] {dagbag.py:588} INFO - Filling up the DagBag from /home/ubuntu/airflow/dags/microservice_spark_dag.py
[2026-02-25T05:18:42.372+0000] {processor.py:925} INFO - DAG(s) 'microservice_spark_dag' retrieved from /home/ubuntu/airflow/dags/microservice_spark_dag.py
[2026-02-25T05:18:42.382+0000] {logging_mixin.py:190} INFO - [2026-02-25T05:18:42.382+0000] {dag.py:3239} INFO - Sync 1 DAGs
[2026-02-25T05:18:42.389+0000] {logging_mixin.py:190} INFO - [2026-02-25T05:18:42.389+0000] {dag.py:4180} INFO - Setting next_dagrun for microservice_spark_dag to None, run_after=None
[2026-02-25T05:18:42.406+0000] {processor.py:208} INFO - Processing /home/ubuntu/airflow/dags/microservice_spark_dag.py took 0.045 seconds
[2026-02-25T05:19:31.871+0000] {processor.py:186} INFO - Started process (PID=4567) to work on /home/ubuntu/airflow/dags/microservice_spark_dag.py
[2026-02-25T05:19:31.872+0000] {processor.py:914} INFO - Processing file /home/ubuntu/airflow/dags/microservice_spark_dag.py for tasks to queue
[2026-02-25T05:19:31.873+0000] {logging_mixin.py:190} INFO - [2026-02-25T05:19:31.873+0000] {dagbag.py:588} INFO - Filling up the DagBag from /home/ubuntu/airflow/dags/microservice_spark_dag.py
[2026-02-25T05:19:31.878+0000] {processor.py:925} INFO - DAG(s) 'microservice_spark_dag' retrieved from /home/ubuntu/airflow/dags/microservice_spark_dag.py
[2026-02-25T05:19:31.888+0000] {logging_mixin.py:190} INFO - [2026-02-25T05:19:31.887+0000] {dag.py:3239} INFO - Sync 1 DAGs
[2026-02-25T05:19:31.895+0000] {logging_mixin.py:190} INFO - [2026-02-25T05:19:31.895+0000] {dag.py:4180} INFO - Setting next_dagrun for microservice_spark_dag to None, run_after=None
[2026-02-25T05:19:31.912+0000] {processor.py:208} INFO - Processing /home/ubuntu/airflow/dags/microservice_spark_dag.py took 0.045 seconds
[2026-02-25T08:22:22.148+0000] {processor.py:186} INFO - Started process (PID=2245) to work on /home/ubuntu/airflow/dags/microservice_spark_dag.py
[2026-02-25T08:22:22.150+0000] {processor.py:914} INFO - Processing file /home/ubuntu/airflow/dags/microservice_spark_dag.py for tasks to queue
[2026-02-25T08:22:22.152+0000] {logging_mixin.py:190} INFO - [2026-02-25T08:22:22.151+0000] {dagbag.py:588} INFO - Filling up the DagBag from /home/ubuntu/airflow/dags/microservice_spark_dag.py
[2026-02-25T08:22:22.170+0000] {processor.py:925} INFO - DAG(s) 'microservice_spark_dag' retrieved from /home/ubuntu/airflow/dags/microservice_spark_dag.py
[2026-02-25T08:22:22.195+0000] {logging_mixin.py:190} INFO - [2026-02-25T08:22:22.194+0000] {dag.py:3239} INFO - Sync 1 DAGs
[2026-02-25T08:22:22.205+0000] {logging_mixin.py:190} INFO - [2026-02-25T08:22:22.205+0000] {dag.py:4180} INFO - Setting next_dagrun for microservice_spark_dag to None, run_after=None
[2026-02-25T08:22:22.221+0000] {processor.py:208} INFO - Processing /home/ubuntu/airflow/dags/microservice_spark_dag.py took 0.076 seconds
[2026-02-25T08:23:16.593+0000] {processor.py:186} INFO - Started process (PID=2677) to work on /home/ubuntu/airflow/dags/microservice_spark_dag.py
[2026-02-25T08:23:16.594+0000] {processor.py:914} INFO - Processing file /home/ubuntu/airflow/dags/microservice_spark_dag.py for tasks to queue
[2026-02-25T08:23:16.596+0000] {logging_mixin.py:190} INFO - [2026-02-25T08:23:16.595+0000] {dagbag.py:588} INFO - Filling up the DagBag from /home/ubuntu/airflow/dags/microservice_spark_dag.py
[2026-02-25T08:23:16.600+0000] {processor.py:925} INFO - DAG(s) 'microservice_spark_dag' retrieved from /home/ubuntu/airflow/dags/microservice_spark_dag.py
[2026-02-25T08:23:16.609+0000] {logging_mixin.py:190} INFO - [2026-02-25T08:23:16.609+0000] {dag.py:3239} INFO - Sync 1 DAGs
[2026-02-25T08:23:16.616+0000] {logging_mixin.py:190} INFO - [2026-02-25T08:23:16.616+0000] {dag.py:4180} INFO - Setting next_dagrun for microservice_spark_dag to None, run_after=None
[2026-02-25T08:23:16.629+0000] {processor.py:208} INFO - Processing /home/ubuntu/airflow/dags/microservice_spark_dag.py took 0.039 seconds
[2026-02-25T08:24:04.519+0000] {processor.py:186} INFO - Started process (PID=2737) to work on /home/ubuntu/airflow/dags/microservice_spark_dag.py
[2026-02-25T08:24:04.520+0000] {processor.py:914} INFO - Processing file /home/ubuntu/airflow/dags/microservice_spark_dag.py for tasks to queue
[2026-02-25T08:24:04.522+0000] {logging_mixin.py:190} INFO - [2026-02-25T08:24:04.521+0000] {dagbag.py:588} INFO - Filling up the DagBag from /home/ubuntu/airflow/dags/microservice_spark_dag.py
[2026-02-25T08:24:04.526+0000] {processor.py:925} INFO - DAG(s) 'microservice_spark_dag' retrieved from /home/ubuntu/airflow/dags/microservice_spark_dag.py
[2026-02-25T08:24:04.536+0000] {logging_mixin.py:190} INFO - [2026-02-25T08:24:04.536+0000] {dag.py:3239} INFO - Sync 1 DAGs
[2026-02-25T08:24:04.543+0000] {logging_mixin.py:190} INFO - [2026-02-25T08:24:04.543+0000] {dag.py:4180} INFO - Setting next_dagrun for microservice_spark_dag to None, run_after=None
[2026-02-25T08:24:04.556+0000] {processor.py:208} INFO - Processing /home/ubuntu/airflow/dags/microservice_spark_dag.py took 0.040 seconds
[2026-02-25T08:24:50.762+0000] {processor.py:186} INFO - Started process (PID=2787) to work on /home/ubuntu/airflow/dags/microservice_spark_dag.py
[2026-02-25T08:24:50.763+0000] {processor.py:914} INFO - Processing file /home/ubuntu/airflow/dags/microservice_spark_dag.py for tasks to queue
[2026-02-25T08:24:50.764+0000] {logging_mixin.py:190} INFO - [2026-02-25T08:24:50.764+0000] {dagbag.py:588} INFO - Filling up the DagBag from /home/ubuntu/airflow/dags/microservice_spark_dag.py
[2026-02-25T08:24:50.769+0000] {processor.py:925} INFO - DAG(s) 'microservice_spark_dag' retrieved from /home/ubuntu/airflow/dags/microservice_spark_dag.py
[2026-02-25T08:24:50.778+0000] {logging_mixin.py:190} INFO - [2026-02-25T08:24:50.778+0000] {dag.py:3239} INFO - Sync 1 DAGs
[2026-02-25T08:24:50.786+0000] {logging_mixin.py:190} INFO - [2026-02-25T08:24:50.785+0000] {dag.py:4180} INFO - Setting next_dagrun for microservice_spark_dag to None, run_after=None
[2026-02-25T08:24:50.801+0000] {processor.py:208} INFO - Processing /home/ubuntu/airflow/dags/microservice_spark_dag.py took 0.043 seconds
[2026-02-25T08:25:40.689+0000] {processor.py:186} INFO - Started process (PID=2844) to work on /home/ubuntu/airflow/dags/microservice_spark_dag.py
[2026-02-25T08:25:40.690+0000] {processor.py:914} INFO - Processing file /home/ubuntu/airflow/dags/microservice_spark_dag.py for tasks to queue
[2026-02-25T08:25:40.691+0000] {logging_mixin.py:190} INFO - [2026-02-25T08:25:40.691+0000] {dagbag.py:588} INFO - Filling up the DagBag from /home/ubuntu/airflow/dags/microservice_spark_dag.py
[2026-02-25T08:25:40.696+0000] {processor.py:925} INFO - DAG(s) 'microservice_spark_dag' retrieved from /home/ubuntu/airflow/dags/microservice_spark_dag.py
[2026-02-25T08:25:40.705+0000] {logging_mixin.py:190} INFO - [2026-02-25T08:25:40.705+0000] {dag.py:3239} INFO - Sync 1 DAGs
[2026-02-25T08:25:40.712+0000] {logging_mixin.py:190} INFO - [2026-02-25T08:25:40.712+0000] {dag.py:4180} INFO - Setting next_dagrun for microservice_spark_dag to None, run_after=None
[2026-02-25T08:25:40.728+0000] {processor.py:208} INFO - Processing /home/ubuntu/airflow/dags/microservice_spark_dag.py took 0.043 seconds
[2026-02-25T08:26:31.767+0000] {processor.py:186} INFO - Started process (PID=2895) to work on /home/ubuntu/airflow/dags/microservice_spark_dag.py
[2026-02-25T08:26:31.768+0000] {processor.py:914} INFO - Processing file /home/ubuntu/airflow/dags/microservice_spark_dag.py for tasks to queue
[2026-02-25T08:26:31.769+0000] {logging_mixin.py:190} INFO - [2026-02-25T08:26:31.769+0000] {dagbag.py:588} INFO - Filling up the DagBag from /home/ubuntu/airflow/dags/microservice_spark_dag.py
[2026-02-25T08:26:31.774+0000] {processor.py:925} INFO - DAG(s) 'microservice_spark_dag' retrieved from /home/ubuntu/airflow/dags/microservice_spark_dag.py
[2026-02-25T08:26:31.783+0000] {logging_mixin.py:190} INFO - [2026-02-25T08:26:31.783+0000] {dag.py:3239} INFO - Sync 1 DAGs
[2026-02-25T08:26:31.790+0000] {logging_mixin.py:190} INFO - [2026-02-25T08:26:31.790+0000] {dag.py:4180} INFO - Setting next_dagrun for microservice_spark_dag to None, run_after=None
[2026-02-25T08:26:31.807+0000] {processor.py:208} INFO - Processing /home/ubuntu/airflow/dags/microservice_spark_dag.py took 0.043 seconds
[2026-02-25T08:27:21.988+0000] {processor.py:186} INFO - Started process (PID=2948) to work on /home/ubuntu/airflow/dags/microservice_spark_dag.py
[2026-02-25T08:27:21.989+0000] {processor.py:914} INFO - Processing file /home/ubuntu/airflow/dags/microservice_spark_dag.py for tasks to queue
[2026-02-25T08:27:21.990+0000] {logging_mixin.py:190} INFO - [2026-02-25T08:27:21.990+0000] {dagbag.py:588} INFO - Filling up the DagBag from /home/ubuntu/airflow/dags/microservice_spark_dag.py
[2026-02-25T08:27:21.995+0000] {processor.py:925} INFO - DAG(s) 'microservice_spark_dag' retrieved from /home/ubuntu/airflow/dags/microservice_spark_dag.py
[2026-02-25T08:27:22.004+0000] {logging_mixin.py:190} INFO - [2026-02-25T08:27:22.004+0000] {dag.py:3239} INFO - Sync 1 DAGs
[2026-02-25T08:27:22.011+0000] {logging_mixin.py:190} INFO - [2026-02-25T08:27:22.011+0000] {dag.py:4180} INFO - Setting next_dagrun for microservice_spark_dag to None, run_after=None
[2026-02-25T08:27:22.027+0000] {processor.py:208} INFO - Processing /home/ubuntu/airflow/dags/microservice_spark_dag.py took 0.043 seconds
[2026-02-25T08:28:13.700+0000] {processor.py:186} INFO - Started process (PID=3001) to work on /home/ubuntu/airflow/dags/microservice_spark_dag.py
[2026-02-25T08:28:13.701+0000] {processor.py:914} INFO - Processing file /home/ubuntu/airflow/dags/microservice_spark_dag.py for tasks to queue
[2026-02-25T08:28:13.703+0000] {logging_mixin.py:190} INFO - [2026-02-25T08:28:13.702+0000] {dagbag.py:588} INFO - Filling up the DagBag from /home/ubuntu/airflow/dags/microservice_spark_dag.py
[2026-02-25T08:28:13.707+0000] {processor.py:925} INFO - DAG(s) 'microservice_spark_dag' retrieved from /home/ubuntu/airflow/dags/microservice_spark_dag.py
[2026-02-25T08:28:13.717+0000] {logging_mixin.py:190} INFO - [2026-02-25T08:28:13.717+0000] {dag.py:3239} INFO - Sync 1 DAGs
[2026-02-25T08:28:13.726+0000] {logging_mixin.py:190} INFO - [2026-02-25T08:28:13.726+0000] {dag.py:4180} INFO - Setting next_dagrun for microservice_spark_dag to None, run_after=None
[2026-02-25T08:28:13.822+0000] {processor.py:208} INFO - Processing /home/ubuntu/airflow/dags/microservice_spark_dag.py took 0.125 seconds
[2026-02-25T08:29:05.594+0000] {processor.py:186} INFO - Started process (PID=3056) to work on /home/ubuntu/airflow/dags/microservice_spark_dag.py
[2026-02-25T08:29:05.595+0000] {processor.py:914} INFO - Processing file /home/ubuntu/airflow/dags/microservice_spark_dag.py for tasks to queue
[2026-02-25T08:29:05.597+0000] {logging_mixin.py:190} INFO - [2026-02-25T08:29:05.596+0000] {dagbag.py:588} INFO - Filling up the DagBag from /home/ubuntu/airflow/dags/microservice_spark_dag.py
[2026-02-25T08:29:05.602+0000] {processor.py:925} INFO - DAG(s) 'microservice_spark_dag' retrieved from /home/ubuntu/airflow/dags/microservice_spark_dag.py
[2026-02-25T08:29:05.611+0000] {logging_mixin.py:190} INFO - [2026-02-25T08:29:05.611+0000] {dag.py:3239} INFO - Sync 1 DAGs
[2026-02-25T08:29:05.619+0000] {logging_mixin.py:190} INFO - [2026-02-25T08:29:05.619+0000] {dag.py:4180} INFO - Setting next_dagrun for microservice_spark_dag to None, run_after=None
[2026-02-25T08:29:05.636+0000] {processor.py:208} INFO - Processing /home/ubuntu/airflow/dags/microservice_spark_dag.py took 0.046 seconds
[2026-02-25T08:29:55.820+0000] {processor.py:186} INFO - Started process (PID=3109) to work on /home/ubuntu/airflow/dags/microservice_spark_dag.py
[2026-02-25T08:29:55.822+0000] {processor.py:914} INFO - Processing file /home/ubuntu/airflow/dags/microservice_spark_dag.py for tasks to queue
[2026-02-25T08:29:55.823+0000] {logging_mixin.py:190} INFO - [2026-02-25T08:29:55.823+0000] {dagbag.py:588} INFO - Filling up the DagBag from /home/ubuntu/airflow/dags/microservice_spark_dag.py
[2026-02-25T08:29:55.828+0000] {processor.py:925} INFO - DAG(s) 'microservice_spark_dag' retrieved from /home/ubuntu/airflow/dags/microservice_spark_dag.py
[2026-02-25T08:29:55.837+0000] {logging_mixin.py:190} INFO - [2026-02-25T08:29:55.837+0000] {dag.py:3239} INFO - Sync 1 DAGs
[2026-02-25T08:29:55.845+0000] {logging_mixin.py:190} INFO - [2026-02-25T08:29:55.844+0000] {dag.py:4180} INFO - Setting next_dagrun for microservice_spark_dag to None, run_after=None
[2026-02-25T08:29:55.861+0000] {processor.py:208} INFO - Processing /home/ubuntu/airflow/dags/microservice_spark_dag.py took 0.044 seconds
[2026-02-25T08:30:47.156+0000] {processor.py:186} INFO - Started process (PID=3166) to work on /home/ubuntu/airflow/dags/microservice_spark_dag.py
[2026-02-25T08:30:47.157+0000] {processor.py:914} INFO - Processing file /home/ubuntu/airflow/dags/microservice_spark_dag.py for tasks to queue
[2026-02-25T08:30:47.159+0000] {logging_mixin.py:190} INFO - [2026-02-25T08:30:47.158+0000] {dagbag.py:588} INFO - Filling up the DagBag from /home/ubuntu/airflow/dags/microservice_spark_dag.py
[2026-02-25T08:30:47.164+0000] {processor.py:925} INFO - DAG(s) 'microservice_spark_dag' retrieved from /home/ubuntu/airflow/dags/microservice_spark_dag.py
[2026-02-25T08:30:47.173+0000] {logging_mixin.py:190} INFO - [2026-02-25T08:30:47.173+0000] {dag.py:3239} INFO - Sync 1 DAGs
[2026-02-25T08:30:47.181+0000] {logging_mixin.py:190} INFO - [2026-02-25T08:30:47.180+0000] {dag.py:4180} INFO - Setting next_dagrun for microservice_spark_dag to None, run_after=None
[2026-02-25T08:30:47.198+0000] {processor.py:208} INFO - Processing /home/ubuntu/airflow/dags/microservice_spark_dag.py took 0.045 seconds
[2026-02-25T08:31:35.670+0000] {processor.py:186} INFO - Started process (PID=3220) to work on /home/ubuntu/airflow/dags/microservice_spark_dag.py
[2026-02-25T08:31:35.671+0000] {processor.py:914} INFO - Processing file /home/ubuntu/airflow/dags/microservice_spark_dag.py for tasks to queue
[2026-02-25T08:31:35.673+0000] {logging_mixin.py:190} INFO - [2026-02-25T08:31:35.672+0000] {dagbag.py:588} INFO - Filling up the DagBag from /home/ubuntu/airflow/dags/microservice_spark_dag.py
[2026-02-25T08:31:35.677+0000] {processor.py:925} INFO - DAG(s) 'microservice_spark_dag' retrieved from /home/ubuntu/airflow/dags/microservice_spark_dag.py
[2026-02-25T08:31:35.687+0000] {logging_mixin.py:190} INFO - [2026-02-25T08:31:35.687+0000] {dag.py:3239} INFO - Sync 1 DAGs
[2026-02-25T08:31:35.694+0000] {logging_mixin.py:190} INFO - [2026-02-25T08:31:35.694+0000] {dag.py:4180} INFO - Setting next_dagrun for microservice_spark_dag to None, run_after=None
[2026-02-25T08:31:35.711+0000] {processor.py:208} INFO - Processing /home/ubuntu/airflow/dags/microservice_spark_dag.py took 0.045 seconds
[2026-02-25T09:42:31.649+0000] {processor.py:186} INFO - Started process (PID=1718) to work on /home/ubuntu/airflow/dags/microservice_spark_dag.py
[2026-02-25T09:42:31.651+0000] {processor.py:914} INFO - Processing file /home/ubuntu/airflow/dags/microservice_spark_dag.py for tasks to queue
[2026-02-25T09:42:31.652+0000] {logging_mixin.py:190} INFO - [2026-02-25T09:42:31.652+0000] {dagbag.py:588} INFO - Filling up the DagBag from /home/ubuntu/airflow/dags/microservice_spark_dag.py
[2026-02-25T09:42:31.672+0000] {processor.py:925} INFO - DAG(s) 'microservice_spark_dag' retrieved from /home/ubuntu/airflow/dags/microservice_spark_dag.py
[2026-02-25T09:42:31.695+0000] {logging_mixin.py:190} INFO - [2026-02-25T09:42:31.695+0000] {dag.py:3239} INFO - Sync 1 DAGs
[2026-02-25T09:42:31.705+0000] {logging_mixin.py:190} INFO - [2026-02-25T09:42:31.705+0000] {dag.py:4180} INFO - Setting next_dagrun for microservice_spark_dag to None, run_after=None
[2026-02-25T09:42:31.721+0000] {processor.py:208} INFO - Processing /home/ubuntu/airflow/dags/microservice_spark_dag.py took 0.076 seconds
[2026-02-25T09:43:26.128+0000] {processor.py:186} INFO - Started process (PID=2211) to work on /home/ubuntu/airflow/dags/microservice_spark_dag.py
[2026-02-25T09:43:26.129+0000] {processor.py:914} INFO - Processing file /home/ubuntu/airflow/dags/microservice_spark_dag.py for tasks to queue
[2026-02-25T09:43:26.130+0000] {logging_mixin.py:190} INFO - [2026-02-25T09:43:26.130+0000] {dagbag.py:588} INFO - Filling up the DagBag from /home/ubuntu/airflow/dags/microservice_spark_dag.py
[2026-02-25T09:43:26.135+0000] {processor.py:925} INFO - DAG(s) 'microservice_spark_dag' retrieved from /home/ubuntu/airflow/dags/microservice_spark_dag.py
[2026-02-25T09:43:26.144+0000] {logging_mixin.py:190} INFO - [2026-02-25T09:43:26.144+0000] {dag.py:3239} INFO - Sync 1 DAGs
[2026-02-25T09:43:26.151+0000] {logging_mixin.py:190} INFO - [2026-02-25T09:43:26.151+0000] {dag.py:4180} INFO - Setting next_dagrun for microservice_spark_dag to None, run_after=None
[2026-02-25T09:43:26.166+0000] {processor.py:208} INFO - Processing /home/ubuntu/airflow/dags/microservice_spark_dag.py took 0.042 seconds
[2026-02-25T09:44:14.034+0000] {processor.py:186} INFO - Started process (PID=2689) to work on /home/ubuntu/airflow/dags/microservice_spark_dag.py
[2026-02-25T09:44:14.036+0000] {processor.py:914} INFO - Processing file /home/ubuntu/airflow/dags/microservice_spark_dag.py for tasks to queue
[2026-02-25T09:44:14.037+0000] {logging_mixin.py:190} INFO - [2026-02-25T09:44:14.037+0000] {dagbag.py:588} INFO - Filling up the DagBag from /home/ubuntu/airflow/dags/microservice_spark_dag.py
[2026-02-25T09:44:14.042+0000] {processor.py:925} INFO - DAG(s) 'microservice_spark_dag' retrieved from /home/ubuntu/airflow/dags/microservice_spark_dag.py
[2026-02-25T09:44:14.051+0000] {logging_mixin.py:190} INFO - [2026-02-25T09:44:14.051+0000] {dag.py:3239} INFO - Sync 1 DAGs
[2026-02-25T09:44:14.058+0000] {logging_mixin.py:190} INFO - [2026-02-25T09:44:14.058+0000] {dag.py:4180} INFO - Setting next_dagrun for microservice_spark_dag to None, run_after=None
[2026-02-25T09:44:14.075+0000] {processor.py:208} INFO - Processing /home/ubuntu/airflow/dags/microservice_spark_dag.py took 0.044 seconds
[2026-02-25T09:45:00.279+0000] {processor.py:186} INFO - Started process (PID=2740) to work on /home/ubuntu/airflow/dags/microservice_spark_dag.py
[2026-02-25T09:45:00.280+0000] {processor.py:914} INFO - Processing file /home/ubuntu/airflow/dags/microservice_spark_dag.py for tasks to queue
[2026-02-25T09:45:00.281+0000] {logging_mixin.py:190} INFO - [2026-02-25T09:45:00.281+0000] {dagbag.py:588} INFO - Filling up the DagBag from /home/ubuntu/airflow/dags/microservice_spark_dag.py
[2026-02-25T09:45:00.286+0000] {processor.py:925} INFO - DAG(s) 'microservice_spark_dag' retrieved from /home/ubuntu/airflow/dags/microservice_spark_dag.py
[2026-02-25T09:45:00.295+0000] {logging_mixin.py:190} INFO - [2026-02-25T09:45:00.295+0000] {dag.py:3239} INFO - Sync 1 DAGs
[2026-02-25T09:45:00.302+0000] {logging_mixin.py:190} INFO - [2026-02-25T09:45:00.302+0000] {dag.py:4180} INFO - Setting next_dagrun for microservice_spark_dag to None, run_after=None
[2026-02-25T09:45:00.318+0000] {processor.py:208} INFO - Processing /home/ubuntu/airflow/dags/microservice_spark_dag.py took 0.042 seconds
[2026-02-25T09:45:51.326+0000] {processor.py:186} INFO - Started process (PID=2796) to work on /home/ubuntu/airflow/dags/microservice_spark_dag.py
[2026-02-25T09:45:51.327+0000] {processor.py:914} INFO - Processing file /home/ubuntu/airflow/dags/microservice_spark_dag.py for tasks to queue
[2026-02-25T09:45:51.329+0000] {logging_mixin.py:190} INFO - [2026-02-25T09:45:51.328+0000] {dagbag.py:588} INFO - Filling up the DagBag from /home/ubuntu/airflow/dags/microservice_spark_dag.py
[2026-02-25T09:45:51.333+0000] {processor.py:925} INFO - DAG(s) 'microservice_spark_dag' retrieved from /home/ubuntu/airflow/dags/microservice_spark_dag.py
[2026-02-25T09:45:51.343+0000] {logging_mixin.py:190} INFO - [2026-02-25T09:45:51.343+0000] {dag.py:3239} INFO - Sync 1 DAGs
[2026-02-25T09:45:51.350+0000] {logging_mixin.py:190} INFO - [2026-02-25T09:45:51.350+0000] {dag.py:4180} INFO - Setting next_dagrun for microservice_spark_dag to None, run_after=None
[2026-02-25T09:45:51.366+0000] {processor.py:208} INFO - Processing /home/ubuntu/airflow/dags/microservice_spark_dag.py took 0.043 seconds
[2026-02-25T09:46:42.928+0000] {processor.py:186} INFO - Started process (PID=2848) to work on /home/ubuntu/airflow/dags/microservice_spark_dag.py
[2026-02-25T09:46:42.929+0000] {processor.py:914} INFO - Processing file /home/ubuntu/airflow/dags/microservice_spark_dag.py for tasks to queue
[2026-02-25T09:46:42.930+0000] {logging_mixin.py:190} INFO - [2026-02-25T09:46:42.930+0000] {dagbag.py:588} INFO - Filling up the DagBag from /home/ubuntu/airflow/dags/microservice_spark_dag.py
[2026-02-25T09:46:42.935+0000] {processor.py:925} INFO - DAG(s) 'microservice_spark_dag' retrieved from /home/ubuntu/airflow/dags/microservice_spark_dag.py
[2026-02-25T09:46:42.945+0000] {logging_mixin.py:190} INFO - [2026-02-25T09:46:42.945+0000] {dag.py:3239} INFO - Sync 1 DAGs
[2026-02-25T09:46:42.952+0000] {logging_mixin.py:190} INFO - [2026-02-25T09:46:42.952+0000] {dag.py:4180} INFO - Setting next_dagrun for microservice_spark_dag to None, run_after=None
[2026-02-25T09:46:42.968+0000] {processor.py:208} INFO - Processing /home/ubuntu/airflow/dags/microservice_spark_dag.py took 0.044 seconds
[2026-02-25T09:47:31.484+0000] {processor.py:186} INFO - Started process (PID=2906) to work on /home/ubuntu/airflow/dags/microservice_spark_dag.py
[2026-02-25T09:47:31.485+0000] {processor.py:914} INFO - Processing file /home/ubuntu/airflow/dags/microservice_spark_dag.py for tasks to queue
[2026-02-25T09:47:31.486+0000] {logging_mixin.py:190} INFO - [2026-02-25T09:47:31.486+0000] {dagbag.py:588} INFO - Filling up the DagBag from /home/ubuntu/airflow/dags/microservice_spark_dag.py
[2026-02-25T09:47:31.491+0000] {processor.py:925} INFO - DAG(s) 'microservice_spark_dag' retrieved from /home/ubuntu/airflow/dags/microservice_spark_dag.py
[2026-02-25T09:47:31.500+0000] {logging_mixin.py:190} INFO - [2026-02-25T09:47:31.500+0000] {dag.py:3239} INFO - Sync 1 DAGs
[2026-02-25T09:47:31.508+0000] {logging_mixin.py:190} INFO - [2026-02-25T09:47:31.508+0000] {dag.py:4180} INFO - Setting next_dagrun for microservice_spark_dag to None, run_after=None
[2026-02-25T09:47:31.524+0000] {processor.py:208} INFO - Processing /home/ubuntu/airflow/dags/microservice_spark_dag.py took 0.043 seconds
[2026-02-25T09:48:21.924+0000] {processor.py:186} INFO - Started process (PID=2962) to work on /home/ubuntu/airflow/dags/microservice_spark_dag.py
[2026-02-25T09:48:21.925+0000] {processor.py:914} INFO - Processing file /home/ubuntu/airflow/dags/microservice_spark_dag.py for tasks to queue
[2026-02-25T09:48:21.927+0000] {logging_mixin.py:190} INFO - [2026-02-25T09:48:21.926+0000] {dagbag.py:588} INFO - Filling up the DagBag from /home/ubuntu/airflow/dags/microservice_spark_dag.py
[2026-02-25T09:48:21.931+0000] {processor.py:925} INFO - DAG(s) 'microservice_spark_dag' retrieved from /home/ubuntu/airflow/dags/microservice_spark_dag.py
[2026-02-25T09:48:21.941+0000] {logging_mixin.py:190} INFO - [2026-02-25T09:48:21.940+0000] {dag.py:3239} INFO - Sync 1 DAGs
[2026-02-25T09:48:21.948+0000] {logging_mixin.py:190} INFO - [2026-02-25T09:48:21.948+0000] {dag.py:4180} INFO - Setting next_dagrun for microservice_spark_dag to None, run_after=None
[2026-02-25T09:48:22.048+0000] {processor.py:208} INFO - Processing /home/ubuntu/airflow/dags/microservice_spark_dag.py took 0.127 seconds
[2026-02-25T09:49:15.240+0000] {processor.py:186} INFO - Started process (PID=3015) to work on /home/ubuntu/airflow/dags/microservice_spark_dag.py
[2026-02-25T09:49:15.241+0000] {processor.py:914} INFO - Processing file /home/ubuntu/airflow/dags/microservice_spark_dag.py for tasks to queue
[2026-02-25T09:49:15.243+0000] {logging_mixin.py:190} INFO - [2026-02-25T09:49:15.242+0000] {dagbag.py:588} INFO - Filling up the DagBag from /home/ubuntu/airflow/dags/microservice_spark_dag.py
[2026-02-25T09:49:15.247+0000] {processor.py:925} INFO - DAG(s) 'microservice_spark_dag' retrieved from /home/ubuntu/airflow/dags/microservice_spark_dag.py
[2026-02-25T09:49:15.257+0000] {logging_mixin.py:190} INFO - [2026-02-25T09:49:15.257+0000] {dag.py:3239} INFO - Sync 1 DAGs
[2026-02-25T09:49:15.264+0000] {logging_mixin.py:190} INFO - [2026-02-25T09:49:15.264+0000] {dag.py:4180} INFO - Setting next_dagrun for microservice_spark_dag to None, run_after=None
[2026-02-25T09:49:15.281+0000] {processor.py:208} INFO - Processing /home/ubuntu/airflow/dags/microservice_spark_dag.py took 0.044 seconds
[2026-02-25T09:50:09.358+0000] {processor.py:186} INFO - Started process (PID=3074) to work on /home/ubuntu/airflow/dags/microservice_spark_dag.py
[2026-02-25T09:50:09.359+0000] {processor.py:914} INFO - Processing file /home/ubuntu/airflow/dags/microservice_spark_dag.py for tasks to queue
[2026-02-25T09:50:09.360+0000] {logging_mixin.py:190} INFO - [2026-02-25T09:50:09.360+0000] {dagbag.py:588} INFO - Filling up the DagBag from /home/ubuntu/airflow/dags/microservice_spark_dag.py
[2026-02-25T09:50:09.365+0000] {processor.py:925} INFO - DAG(s) 'microservice_spark_dag' retrieved from /home/ubuntu/airflow/dags/microservice_spark_dag.py
[2026-02-25T09:50:09.374+0000] {logging_mixin.py:190} INFO - [2026-02-25T09:50:09.374+0000] {dag.py:3239} INFO - Sync 1 DAGs
[2026-02-25T09:50:09.381+0000] {logging_mixin.py:190} INFO - [2026-02-25T09:50:09.381+0000] {dag.py:4180} INFO - Setting next_dagrun for microservice_spark_dag to None, run_after=None
[2026-02-25T09:50:09.397+0000] {processor.py:208} INFO - Processing /home/ubuntu/airflow/dags/microservice_spark_dag.py took 0.043 seconds
[2026-02-25T09:50:55.605+0000] {processor.py:186} INFO - Started process (PID=3124) to work on /home/ubuntu/airflow/dags/microservice_spark_dag.py
[2026-02-25T09:50:55.606+0000] {processor.py:914} INFO - Processing file /home/ubuntu/airflow/dags/microservice_spark_dag.py for tasks to queue
[2026-02-25T09:50:55.607+0000] {logging_mixin.py:190} INFO - [2026-02-25T09:50:55.607+0000] {dagbag.py:588} INFO - Filling up the DagBag from /home/ubuntu/airflow/dags/microservice_spark_dag.py
[2026-02-25T09:50:55.612+0000] {processor.py:925} INFO - DAG(s) 'microservice_spark_dag' retrieved from /home/ubuntu/airflow/dags/microservice_spark_dag.py
[2026-02-25T09:50:55.622+0000] {logging_mixin.py:190} INFO - [2026-02-25T09:50:55.622+0000] {dag.py:3239} INFO - Sync 1 DAGs
[2026-02-25T09:50:55.629+0000] {logging_mixin.py:190} INFO - [2026-02-25T09:50:55.629+0000] {dag.py:4180} INFO - Setting next_dagrun for microservice_spark_dag to None, run_after=None
[2026-02-25T09:50:55.646+0000] {processor.py:208} INFO - Processing /home/ubuntu/airflow/dags/microservice_spark_dag.py took 0.044 seconds
[2026-02-25T09:51:44.120+0000] {processor.py:186} INFO - Started process (PID=3175) to work on /home/ubuntu/airflow/dags/microservice_spark_dag.py
[2026-02-25T09:51:44.121+0000] {processor.py:914} INFO - Processing file /home/ubuntu/airflow/dags/microservice_spark_dag.py for tasks to queue
[2026-02-25T09:51:44.123+0000] {logging_mixin.py:190} INFO - [2026-02-25T09:51:44.122+0000] {dagbag.py:588} INFO - Filling up the DagBag from /home/ubuntu/airflow/dags/microservice_spark_dag.py
[2026-02-25T09:51:44.128+0000] {processor.py:925} INFO - DAG(s) 'microservice_spark_dag' retrieved from /home/ubuntu/airflow/dags/microservice_spark_dag.py
[2026-02-25T09:51:44.137+0000] {logging_mixin.py:190} INFO - [2026-02-25T09:51:44.137+0000] {dag.py:3239} INFO - Sync 1 DAGs
[2026-02-25T09:51:44.145+0000] {logging_mixin.py:190} INFO - [2026-02-25T09:51:44.145+0000] {dag.py:4180} INFO - Setting next_dagrun for microservice_spark_dag to None, run_after=None
[2026-02-25T09:51:44.161+0000] {processor.py:208} INFO - Processing /home/ubuntu/airflow/dags/microservice_spark_dag.py took 0.045 seconds
[2026-02-25T09:52:34.376+0000] {processor.py:186} INFO - Started process (PID=3230) to work on /home/ubuntu/airflow/dags/microservice_spark_dag.py
[2026-02-25T09:52:34.378+0000] {processor.py:914} INFO - Processing file /home/ubuntu/airflow/dags/microservice_spark_dag.py for tasks to queue
[2026-02-25T09:52:34.379+0000] {logging_mixin.py:190} INFO - [2026-02-25T09:52:34.379+0000] {dagbag.py:588} INFO - Filling up the DagBag from /home/ubuntu/airflow/dags/microservice_spark_dag.py
[2026-02-25T09:52:34.384+0000] {processor.py:925} INFO - DAG(s) 'microservice_spark_dag' retrieved from /home/ubuntu/airflow/dags/microservice_spark_dag.py
[2026-02-25T09:52:34.393+0000] {logging_mixin.py:190} INFO - [2026-02-25T09:52:34.393+0000] {dag.py:3239} INFO - Sync 1 DAGs
[2026-02-25T09:52:34.400+0000] {logging_mixin.py:190} INFO - [2026-02-25T09:52:34.400+0000] {dag.py:4180} INFO - Setting next_dagrun for microservice_spark_dag to None, run_after=None
[2026-02-25T09:52:34.417+0000] {processor.py:208} INFO - Processing /home/ubuntu/airflow/dags/microservice_spark_dag.py took 0.044 seconds
[2026-02-25T09:53:22.033+0000] {processor.py:186} INFO - Started process (PID=3283) to work on /home/ubuntu/airflow/dags/microservice_spark_dag.py
[2026-02-25T09:53:22.034+0000] {processor.py:914} INFO - Processing file /home/ubuntu/airflow/dags/microservice_spark_dag.py for tasks to queue
[2026-02-25T09:53:22.036+0000] {logging_mixin.py:190} INFO - [2026-02-25T09:53:22.035+0000] {dagbag.py:588} INFO - Filling up the DagBag from /home/ubuntu/airflow/dags/microservice_spark_dag.py
[2026-02-25T09:53:22.041+0000] {processor.py:925} INFO - DAG(s) 'microservice_spark_dag' retrieved from /home/ubuntu/airflow/dags/microservice_spark_dag.py
[2026-02-25T09:53:22.050+0000] {logging_mixin.py:190} INFO - [2026-02-25T09:53:22.050+0000] {dag.py:3239} INFO - Sync 1 DAGs
[2026-02-25T09:53:22.057+0000] {logging_mixin.py:190} INFO - [2026-02-25T09:53:22.057+0000] {dag.py:4180} INFO - Setting next_dagrun for microservice_spark_dag to None, run_after=None
[2026-02-25T09:53:22.073+0000] {processor.py:208} INFO - Processing /home/ubuntu/airflow/dags/microservice_spark_dag.py took 0.044 seconds
[2026-02-25T09:54:10.735+0000] {processor.py:186} INFO - Started process (PID=3334) to work on /home/ubuntu/airflow/dags/microservice_spark_dag.py
[2026-02-25T09:54:10.736+0000] {processor.py:914} INFO - Processing file /home/ubuntu/airflow/dags/microservice_spark_dag.py for tasks to queue
[2026-02-25T09:54:10.738+0000] {logging_mixin.py:190} INFO - [2026-02-25T09:54:10.738+0000] {dagbag.py:588} INFO - Filling up the DagBag from /home/ubuntu/airflow/dags/microservice_spark_dag.py
[2026-02-25T09:54:10.743+0000] {processor.py:925} INFO - DAG(s) 'microservice_spark_dag' retrieved from /home/ubuntu/airflow/dags/microservice_spark_dag.py
[2026-02-25T09:54:10.752+0000] {logging_mixin.py:190} INFO - [2026-02-25T09:54:10.752+0000] {dag.py:3239} INFO - Sync 1 DAGs
[2026-02-25T09:54:10.759+0000] {logging_mixin.py:190} INFO - [2026-02-25T09:54:10.759+0000] {dag.py:4180} INFO - Setting next_dagrun for microservice_spark_dag to None, run_after=None
[2026-02-25T09:54:10.775+0000] {processor.py:208} INFO - Processing /home/ubuntu/airflow/dags/microservice_spark_dag.py took 0.043 seconds
[2026-02-25T09:55:02.054+0000] {processor.py:186} INFO - Started process (PID=3391) to work on /home/ubuntu/airflow/dags/microservice_spark_dag.py
[2026-02-25T09:55:02.055+0000] {processor.py:914} INFO - Processing file /home/ubuntu/airflow/dags/microservice_spark_dag.py for tasks to queue
[2026-02-25T09:55:02.056+0000] {logging_mixin.py:190} INFO - [2026-02-25T09:55:02.056+0000] {dagbag.py:588} INFO - Filling up the DagBag from /home/ubuntu/airflow/dags/microservice_spark_dag.py
[2026-02-25T09:55:02.061+0000] {processor.py:925} INFO - DAG(s) 'microservice_spark_dag' retrieved from /home/ubuntu/airflow/dags/microservice_spark_dag.py
[2026-02-25T09:55:02.070+0000] {logging_mixin.py:190} INFO - [2026-02-25T09:55:02.070+0000] {dag.py:3239} INFO - Sync 1 DAGs
[2026-02-25T09:55:02.078+0000] {logging_mixin.py:190} INFO - [2026-02-25T09:55:02.077+0000] {dag.py:4180} INFO - Setting next_dagrun for microservice_spark_dag to None, run_after=None
[2026-02-25T09:55:02.094+0000] {processor.py:208} INFO - Processing /home/ubuntu/airflow/dags/microservice_spark_dag.py took 0.044 seconds
[2026-02-25T09:55:51.136+0000] {processor.py:186} INFO - Started process (PID=3442) to work on /home/ubuntu/airflow/dags/microservice_spark_dag.py
[2026-02-25T09:55:51.137+0000] {processor.py:914} INFO - Processing file /home/ubuntu/airflow/dags/microservice_spark_dag.py for tasks to queue
[2026-02-25T09:55:51.138+0000] {logging_mixin.py:190} INFO - [2026-02-25T09:55:51.138+0000] {dagbag.py:588} INFO - Filling up the DagBag from /home/ubuntu/airflow/dags/microservice_spark_dag.py
[2026-02-25T09:55:51.143+0000] {processor.py:925} INFO - DAG(s) 'microservice_spark_dag' retrieved from /home/ubuntu/airflow/dags/microservice_spark_dag.py
[2026-02-25T09:55:51.153+0000] {logging_mixin.py:190} INFO - [2026-02-25T09:55:51.152+0000] {dag.py:3239} INFO - Sync 1 DAGs
[2026-02-25T09:55:51.160+0000] {logging_mixin.py:190} INFO - [2026-02-25T09:55:51.160+0000] {dag.py:4180} INFO - Setting next_dagrun for microservice_spark_dag to None, run_after=None
[2026-02-25T09:55:51.176+0000] {processor.py:208} INFO - Processing /home/ubuntu/airflow/dags/microservice_spark_dag.py took 0.043 seconds
[2026-02-25T09:56:39.636+0000] {processor.py:186} INFO - Started process (PID=3494) to work on /home/ubuntu/airflow/dags/microservice_spark_dag.py
[2026-02-25T09:56:39.637+0000] {processor.py:914} INFO - Processing file /home/ubuntu/airflow/dags/microservice_spark_dag.py for tasks to queue
[2026-02-25T09:56:39.639+0000] {logging_mixin.py:190} INFO - [2026-02-25T09:56:39.638+0000] {dagbag.py:588} INFO - Filling up the DagBag from /home/ubuntu/airflow/dags/microservice_spark_dag.py
[2026-02-25T09:56:39.644+0000] {processor.py:925} INFO - DAG(s) 'microservice_spark_dag' retrieved from /home/ubuntu/airflow/dags/microservice_spark_dag.py
[2026-02-25T09:56:39.653+0000] {logging_mixin.py:190} INFO - [2026-02-25T09:56:39.653+0000] {dag.py:3239} INFO - Sync 1 DAGs
[2026-02-25T09:56:39.660+0000] {logging_mixin.py:190} INFO - [2026-02-25T09:56:39.660+0000] {dag.py:4180} INFO - Setting next_dagrun for microservice_spark_dag to None, run_after=None
[2026-02-25T09:56:39.676+0000] {processor.py:208} INFO - Processing /home/ubuntu/airflow/dags/microservice_spark_dag.py took 0.043 seconds
[2026-02-25T09:57:31.002+0000] {processor.py:186} INFO - Started process (PID=3991) to work on /home/ubuntu/airflow/dags/microservice_spark_dag.py
[2026-02-25T09:57:31.003+0000] {processor.py:914} INFO - Processing file /home/ubuntu/airflow/dags/microservice_spark_dag.py for tasks to queue
[2026-02-25T09:57:31.005+0000] {logging_mixin.py:190} INFO - [2026-02-25T09:57:31.004+0000] {dagbag.py:588} INFO - Filling up the DagBag from /home/ubuntu/airflow/dags/microservice_spark_dag.py
[2026-02-25T09:57:31.009+0000] {processor.py:925} INFO - DAG(s) 'microservice_spark_dag' retrieved from /home/ubuntu/airflow/dags/microservice_spark_dag.py
[2026-02-25T09:57:31.019+0000] {logging_mixin.py:190} INFO - [2026-02-25T09:57:31.018+0000] {dag.py:3239} INFO - Sync 1 DAGs
[2026-02-25T09:57:31.026+0000] {logging_mixin.py:190} INFO - [2026-02-25T09:57:31.026+0000] {dag.py:4180} INFO - Setting next_dagrun for microservice_spark_dag to None, run_after=None
[2026-02-25T09:57:31.039+0000] {processor.py:208} INFO - Processing /home/ubuntu/airflow/dags/microservice_spark_dag.py took 0.041 seconds
[2026-02-25T09:58:22.895+0000] {processor.py:186} INFO - Started process (PID=4044) to work on /home/ubuntu/airflow/dags/microservice_spark_dag.py
[2026-02-25T09:58:22.896+0000] {processor.py:914} INFO - Processing file /home/ubuntu/airflow/dags/microservice_spark_dag.py for tasks to queue
[2026-02-25T09:58:22.897+0000] {logging_mixin.py:190} INFO - [2026-02-25T09:58:22.897+0000] {dagbag.py:588} INFO - Filling up the DagBag from /home/ubuntu/airflow/dags/microservice_spark_dag.py
[2026-02-25T09:58:22.902+0000] {processor.py:925} INFO - DAG(s) 'microservice_spark_dag' retrieved from /home/ubuntu/airflow/dags/microservice_spark_dag.py
[2026-02-25T09:58:22.911+0000] {logging_mixin.py:190} INFO - [2026-02-25T09:58:22.911+0000] {dag.py:3239} INFO - Sync 1 DAGs
[2026-02-25T09:58:22.919+0000] {logging_mixin.py:190} INFO - [2026-02-25T09:58:22.919+0000] {dag.py:4180} INFO - Setting next_dagrun for microservice_spark_dag to None, run_after=None
[2026-02-25T09:58:22.932+0000] {processor.py:208} INFO - Processing /home/ubuntu/airflow/dags/microservice_spark_dag.py took 0.040 seconds
[2026-02-25T09:59:10.834+0000] {processor.py:186} INFO - Started process (PID=4096) to work on /home/ubuntu/airflow/dags/microservice_spark_dag.py
[2026-02-25T09:59:10.836+0000] {processor.py:914} INFO - Processing file /home/ubuntu/airflow/dags/microservice_spark_dag.py for tasks to queue
[2026-02-25T09:59:10.837+0000] {logging_mixin.py:190} INFO - [2026-02-25T09:59:10.837+0000] {dagbag.py:588} INFO - Filling up the DagBag from /home/ubuntu/airflow/dags/microservice_spark_dag.py
[2026-02-25T09:59:10.842+0000] {processor.py:925} INFO - DAG(s) 'microservice_spark_dag' retrieved from /home/ubuntu/airflow/dags/microservice_spark_dag.py
[2026-02-25T09:59:10.852+0000] {logging_mixin.py:190} INFO - [2026-02-25T09:59:10.851+0000] {dag.py:3239} INFO - Sync 1 DAGs
[2026-02-25T09:59:10.859+0000] {logging_mixin.py:190} INFO - [2026-02-25T09:59:10.859+0000] {dag.py:4180} INFO - Setting next_dagrun for microservice_spark_dag to None, run_after=None
[2026-02-25T09:59:10.872+0000] {processor.py:208} INFO - Processing /home/ubuntu/airflow/dags/microservice_spark_dag.py took 0.042 seconds
[2026-02-25T09:59:58.487+0000] {processor.py:186} INFO - Started process (PID=4146) to work on /home/ubuntu/airflow/dags/microservice_spark_dag.py
[2026-02-25T09:59:58.488+0000] {processor.py:914} INFO - Processing file /home/ubuntu/airflow/dags/microservice_spark_dag.py for tasks to queue
[2026-02-25T09:59:58.489+0000] {logging_mixin.py:190} INFO - [2026-02-25T09:59:58.489+0000] {dagbag.py:588} INFO - Filling up the DagBag from /home/ubuntu/airflow/dags/microservice_spark_dag.py
[2026-02-25T09:59:58.494+0000] {processor.py:925} INFO - DAG(s) 'microservice_spark_dag' retrieved from /home/ubuntu/airflow/dags/microservice_spark_dag.py
[2026-02-25T09:59:58.504+0000] {logging_mixin.py:190} INFO - [2026-02-25T09:59:58.504+0000] {dag.py:3239} INFO - Sync 1 DAGs
[2026-02-25T09:59:58.512+0000] {logging_mixin.py:190} INFO - [2026-02-25T09:59:58.511+0000] {dag.py:4180} INFO - Setting next_dagrun for microservice_spark_dag to None, run_after=None
[2026-02-25T09:59:58.525+0000] {processor.py:208} INFO - Processing /home/ubuntu/airflow/dags/microservice_spark_dag.py took 0.042 seconds
[2026-02-25T10:00:50.362+0000] {processor.py:186} INFO - Started process (PID=4202) to work on /home/ubuntu/airflow/dags/microservice_spark_dag.py
[2026-02-25T10:00:50.363+0000] {processor.py:914} INFO - Processing file /home/ubuntu/airflow/dags/microservice_spark_dag.py for tasks to queue
[2026-02-25T10:00:50.365+0000] {logging_mixin.py:190} INFO - [2026-02-25T10:00:50.364+0000] {dagbag.py:588} INFO - Filling up the DagBag from /home/ubuntu/airflow/dags/microservice_spark_dag.py
[2026-02-25T10:00:50.370+0000] {processor.py:925} INFO - DAG(s) 'microservice_spark_dag' retrieved from /home/ubuntu/airflow/dags/microservice_spark_dag.py
[2026-02-25T10:00:50.379+0000] {logging_mixin.py:190} INFO - [2026-02-25T10:00:50.379+0000] {dag.py:3239} INFO - Sync 1 DAGs
[2026-02-25T10:00:50.387+0000] {logging_mixin.py:190} INFO - [2026-02-25T10:00:50.386+0000] {dag.py:4180} INFO - Setting next_dagrun for microservice_spark_dag to None, run_after=None
[2026-02-25T10:00:50.403+0000] {processor.py:208} INFO - Processing /home/ubuntu/airflow/dags/microservice_spark_dag.py took 0.045 seconds
[2026-02-25T10:01:42.092+0000] {processor.py:186} INFO - Started process (PID=4258) to work on /home/ubuntu/airflow/dags/microservice_spark_dag.py
[2026-02-25T10:01:42.094+0000] {processor.py:914} INFO - Processing file /home/ubuntu/airflow/dags/microservice_spark_dag.py for tasks to queue
[2026-02-25T10:01:42.095+0000] {logging_mixin.py:190} INFO - [2026-02-25T10:01:42.095+0000] {dagbag.py:588} INFO - Filling up the DagBag from /home/ubuntu/airflow/dags/microservice_spark_dag.py
[2026-02-25T10:01:42.101+0000] {processor.py:925} INFO - DAG(s) 'microservice_spark_dag' retrieved from /home/ubuntu/airflow/dags/microservice_spark_dag.py
[2026-02-25T10:01:42.111+0000] {logging_mixin.py:190} INFO - [2026-02-25T10:01:42.111+0000] {dag.py:3239} INFO - Sync 1 DAGs
[2026-02-25T10:01:42.119+0000] {logging_mixin.py:190} INFO - [2026-02-25T10:01:42.119+0000] {dag.py:4180} INFO - Setting next_dagrun for microservice_spark_dag to None, run_after=None
[2026-02-25T10:01:42.136+0000] {processor.py:208} INFO - Processing /home/ubuntu/airflow/dags/microservice_spark_dag.py took 0.047 seconds
[2026-02-25T10:02:32.750+0000] {processor.py:186} INFO - Started process (PID=4314) to work on /home/ubuntu/airflow/dags/microservice_spark_dag.py
[2026-02-25T10:02:32.752+0000] {processor.py:914} INFO - Processing file /home/ubuntu/airflow/dags/microservice_spark_dag.py for tasks to queue
[2026-02-25T10:02:32.753+0000] {logging_mixin.py:190} INFO - [2026-02-25T10:02:32.753+0000] {dagbag.py:588} INFO - Filling up the DagBag from /home/ubuntu/airflow/dags/microservice_spark_dag.py
[2026-02-25T10:02:32.758+0000] {processor.py:925} INFO - DAG(s) 'microservice_spark_dag' retrieved from /home/ubuntu/airflow/dags/microservice_spark_dag.py
[2026-02-25T10:02:32.767+0000] {logging_mixin.py:190} INFO - [2026-02-25T10:02:32.767+0000] {dag.py:3239} INFO - Sync 1 DAGs
[2026-02-25T10:02:32.775+0000] {logging_mixin.py:190} INFO - [2026-02-25T10:02:32.775+0000] {dag.py:4180} INFO - Setting next_dagrun for microservice_spark_dag to None, run_after=None
[2026-02-25T10:02:32.791+0000] {processor.py:208} INFO - Processing /home/ubuntu/airflow/dags/microservice_spark_dag.py took 0.045 seconds
[2026-02-25T10:03:22.198+0000] {processor.py:186} INFO - Started process (PID=4366) to work on /home/ubuntu/airflow/dags/microservice_spark_dag.py
[2026-02-25T10:03:22.199+0000] {processor.py:914} INFO - Processing file /home/ubuntu/airflow/dags/microservice_spark_dag.py for tasks to queue
[2026-02-25T10:03:22.200+0000] {logging_mixin.py:190} INFO - [2026-02-25T10:03:22.200+0000] {dagbag.py:588} INFO - Filling up the DagBag from /home/ubuntu/airflow/dags/microservice_spark_dag.py
[2026-02-25T10:03:22.205+0000] {processor.py:925} INFO - DAG(s) 'microservice_spark_dag' retrieved from /home/ubuntu/airflow/dags/microservice_spark_dag.py
[2026-02-25T10:03:22.215+0000] {logging_mixin.py:190} INFO - [2026-02-25T10:03:22.215+0000] {dag.py:3239} INFO - Sync 1 DAGs
[2026-02-25T10:03:22.222+0000] {logging_mixin.py:190} INFO - [2026-02-25T10:03:22.222+0000] {dag.py:4180} INFO - Setting next_dagrun for microservice_spark_dag to None, run_after=None
[2026-02-25T10:03:22.238+0000] {processor.py:208} INFO - Processing /home/ubuntu/airflow/dags/microservice_spark_dag.py took 0.044 seconds
[2026-02-25T10:05:16.313+0000] {processor.py:186} INFO - Started process (PID=1788) to work on /home/ubuntu/airflow/dags/microservice_spark_dag.py
[2026-02-25T10:05:16.315+0000] {processor.py:914} INFO - Processing file /home/ubuntu/airflow/dags/microservice_spark_dag.py for tasks to queue
[2026-02-25T10:05:16.317+0000] {logging_mixin.py:190} INFO - [2026-02-25T10:05:16.316+0000] {dagbag.py:588} INFO - Filling up the DagBag from /home/ubuntu/airflow/dags/microservice_spark_dag.py
[2026-02-25T10:05:16.337+0000] {processor.py:925} INFO - DAG(s) 'microservice_spark_dag' retrieved from /home/ubuntu/airflow/dags/microservice_spark_dag.py
[2026-02-25T10:05:16.361+0000] {logging_mixin.py:190} INFO - [2026-02-25T10:05:16.360+0000] {dag.py:3239} INFO - Sync 1 DAGs
[2026-02-25T10:05:16.371+0000] {logging_mixin.py:190} INFO - [2026-02-25T10:05:16.371+0000] {dag.py:4180} INFO - Setting next_dagrun for microservice_spark_dag to None, run_after=None
[2026-02-25T10:05:16.390+0000] {processor.py:208} INFO - Processing /home/ubuntu/airflow/dags/microservice_spark_dag.py took 0.080 seconds
[2026-02-25T10:06:10.792+0000] {processor.py:186} INFO - Started process (PID=2764) to work on /home/ubuntu/airflow/dags/microservice_spark_dag.py
[2026-02-25T10:06:10.793+0000] {processor.py:914} INFO - Processing file /home/ubuntu/airflow/dags/microservice_spark_dag.py for tasks to queue
[2026-02-25T10:06:10.794+0000] {logging_mixin.py:190} INFO - [2026-02-25T10:06:10.794+0000] {dagbag.py:588} INFO - Filling up the DagBag from /home/ubuntu/airflow/dags/microservice_spark_dag.py
[2026-02-25T10:06:10.799+0000] {processor.py:925} INFO - DAG(s) 'microservice_spark_dag' retrieved from /home/ubuntu/airflow/dags/microservice_spark_dag.py
[2026-02-25T10:06:10.808+0000] {logging_mixin.py:190} INFO - [2026-02-25T10:06:10.808+0000] {dag.py:3239} INFO - Sync 1 DAGs
[2026-02-25T10:06:10.816+0000] {logging_mixin.py:190} INFO - [2026-02-25T10:06:10.815+0000] {dag.py:4180} INFO - Setting next_dagrun for microservice_spark_dag to None, run_after=None
[2026-02-25T10:06:10.831+0000] {processor.py:208} INFO - Processing /home/ubuntu/airflow/dags/microservice_spark_dag.py took 0.042 seconds
[2026-02-25T10:06:58.709+0000] {processor.py:186} INFO - Started process (PID=2820) to work on /home/ubuntu/airflow/dags/microservice_spark_dag.py
[2026-02-25T10:06:58.710+0000] {processor.py:914} INFO - Processing file /home/ubuntu/airflow/dags/microservice_spark_dag.py for tasks to queue
[2026-02-25T10:06:58.711+0000] {logging_mixin.py:190} INFO - [2026-02-25T10:06:58.711+0000] {dagbag.py:588} INFO - Filling up the DagBag from /home/ubuntu/airflow/dags/microservice_spark_dag.py
[2026-02-25T10:06:58.716+0000] {processor.py:925} INFO - DAG(s) 'microservice_spark_dag' retrieved from /home/ubuntu/airflow/dags/microservice_spark_dag.py
[2026-02-25T10:06:58.726+0000] {logging_mixin.py:190} INFO - [2026-02-25T10:06:58.726+0000] {dag.py:3239} INFO - Sync 1 DAGs
[2026-02-25T10:06:58.733+0000] {logging_mixin.py:190} INFO - [2026-02-25T10:06:58.733+0000] {dag.py:4180} INFO - Setting next_dagrun for microservice_spark_dag to None, run_after=None
[2026-02-25T10:06:58.749+0000] {processor.py:208} INFO - Processing /home/ubuntu/airflow/dags/microservice_spark_dag.py took 0.044 seconds
[2026-02-25T10:07:44.950+0000] {processor.py:186} INFO - Started process (PID=2869) to work on /home/ubuntu/airflow/dags/microservice_spark_dag.py
[2026-02-25T10:07:44.951+0000] {processor.py:914} INFO - Processing file /home/ubuntu/airflow/dags/microservice_spark_dag.py for tasks to queue
[2026-02-25T10:07:44.952+0000] {logging_mixin.py:190} INFO - [2026-02-25T10:07:44.952+0000] {dagbag.py:588} INFO - Filling up the DagBag from /home/ubuntu/airflow/dags/microservice_spark_dag.py
[2026-02-25T10:07:44.957+0000] {processor.py:925} INFO - DAG(s) 'microservice_spark_dag' retrieved from /home/ubuntu/airflow/dags/microservice_spark_dag.py
[2026-02-25T10:07:44.966+0000] {logging_mixin.py:190} INFO - [2026-02-25T10:07:44.966+0000] {dag.py:3239} INFO - Sync 1 DAGs
[2026-02-25T10:07:44.973+0000] {logging_mixin.py:190} INFO - [2026-02-25T10:07:44.973+0000] {dag.py:4180} INFO - Setting next_dagrun for microservice_spark_dag to None, run_after=None
[2026-02-25T10:07:44.988+0000] {processor.py:208} INFO - Processing /home/ubuntu/airflow/dags/microservice_spark_dag.py took 0.042 seconds
[2026-02-25T10:08:36.000+0000] {processor.py:186} INFO - Started process (PID=2923) to work on /home/ubuntu/airflow/dags/microservice_spark_dag.py
[2026-02-25T10:08:36.001+0000] {processor.py:914} INFO - Processing file /home/ubuntu/airflow/dags/microservice_spark_dag.py for tasks to queue
[2026-02-25T10:08:36.002+0000] {logging_mixin.py:190} INFO - [2026-02-25T10:08:36.002+0000] {dagbag.py:588} INFO - Filling up the DagBag from /home/ubuntu/airflow/dags/microservice_spark_dag.py
[2026-02-25T10:08:36.007+0000] {processor.py:925} INFO - DAG(s) 'microservice_spark_dag' retrieved from /home/ubuntu/airflow/dags/microservice_spark_dag.py
[2026-02-25T10:08:36.016+0000] {logging_mixin.py:190} INFO - [2026-02-25T10:08:36.016+0000] {dag.py:3239} INFO - Sync 1 DAGs
[2026-02-25T10:08:36.023+0000] {logging_mixin.py:190} INFO - [2026-02-25T10:08:36.023+0000] {dag.py:4180} INFO - Setting next_dagrun for microservice_spark_dag to None, run_after=None
[2026-02-25T10:08:36.039+0000] {processor.py:208} INFO - Processing /home/ubuntu/airflow/dags/microservice_spark_dag.py took 0.043 seconds
[2026-02-25T10:09:27.600+0000] {processor.py:186} INFO - Started process (PID=2975) to work on /home/ubuntu/airflow/dags/microservice_spark_dag.py
[2026-02-25T10:09:27.601+0000] {processor.py:914} INFO - Processing file /home/ubuntu/airflow/dags/microservice_spark_dag.py for tasks to queue
[2026-02-25T10:09:27.603+0000] {logging_mixin.py:190} INFO - [2026-02-25T10:09:27.602+0000] {dagbag.py:588} INFO - Filling up the DagBag from /home/ubuntu/airflow/dags/microservice_spark_dag.py
[2026-02-25T10:09:27.607+0000] {processor.py:925} INFO - DAG(s) 'microservice_spark_dag' retrieved from /home/ubuntu/airflow/dags/microservice_spark_dag.py
[2026-02-25T10:09:27.616+0000] {logging_mixin.py:190} INFO - [2026-02-25T10:09:27.616+0000] {dag.py:3239} INFO - Sync 1 DAGs
[2026-02-25T10:09:27.623+0000] {logging_mixin.py:190} INFO - [2026-02-25T10:09:27.623+0000] {dag.py:4180} INFO - Setting next_dagrun for microservice_spark_dag to None, run_after=None
[2026-02-25T10:09:27.640+0000] {processor.py:208} INFO - Processing /home/ubuntu/airflow/dags/microservice_spark_dag.py took 0.043 seconds
[2026-02-25T10:10:16.114+0000] {processor.py:186} INFO - Started process (PID=3034) to work on /home/ubuntu/airflow/dags/microservice_spark_dag.py
[2026-02-25T10:10:16.115+0000] {processor.py:914} INFO - Processing file /home/ubuntu/airflow/dags/microservice_spark_dag.py for tasks to queue
[2026-02-25T10:10:16.117+0000] {logging_mixin.py:190} INFO - [2026-02-25T10:10:16.116+0000] {dagbag.py:588} INFO - Filling up the DagBag from /home/ubuntu/airflow/dags/microservice_spark_dag.py
[2026-02-25T10:10:16.121+0000] {processor.py:925} INFO - DAG(s) 'microservice_spark_dag' retrieved from /home/ubuntu/airflow/dags/microservice_spark_dag.py
[2026-02-25T10:10:16.131+0000] {logging_mixin.py:190} INFO - [2026-02-25T10:10:16.130+0000] {dag.py:3239} INFO - Sync 1 DAGs
[2026-02-25T10:10:16.138+0000] {logging_mixin.py:190} INFO - [2026-02-25T10:10:16.138+0000] {dag.py:4180} INFO - Setting next_dagrun for microservice_spark_dag to None, run_after=None
[2026-02-25T10:10:16.154+0000] {processor.py:208} INFO - Processing /home/ubuntu/airflow/dags/microservice_spark_dag.py took 0.043 seconds
[2026-02-25T10:11:06.598+0000] {processor.py:186} INFO - Started process (PID=3091) to work on /home/ubuntu/airflow/dags/microservice_spark_dag.py
[2026-02-25T10:11:06.599+0000] {processor.py:914} INFO - Processing file /home/ubuntu/airflow/dags/microservice_spark_dag.py for tasks to queue
[2026-02-25T10:11:06.601+0000] {logging_mixin.py:190} INFO - [2026-02-25T10:11:06.600+0000] {dagbag.py:588} INFO - Filling up the DagBag from /home/ubuntu/airflow/dags/microservice_spark_dag.py
[2026-02-25T10:11:06.605+0000] {processor.py:925} INFO - DAG(s) 'microservice_spark_dag' retrieved from /home/ubuntu/airflow/dags/microservice_spark_dag.py
[2026-02-25T10:11:06.616+0000] {logging_mixin.py:190} INFO - [2026-02-25T10:11:06.615+0000] {dag.py:3239} INFO - Sync 1 DAGs
[2026-02-25T10:11:06.623+0000] {logging_mixin.py:190} INFO - [2026-02-25T10:11:06.623+0000] {dag.py:4180} INFO - Setting next_dagrun for microservice_spark_dag to None, run_after=None
[2026-02-25T10:11:06.716+0000] {processor.py:208} INFO - Processing /home/ubuntu/airflow/dags/microservice_spark_dag.py took 0.121 seconds
[2026-02-25T10:11:58.753+0000] {processor.py:186} INFO - Started process (PID=3144) to work on /home/ubuntu/airflow/dags/microservice_spark_dag.py
[2026-02-25T10:11:58.754+0000] {processor.py:914} INFO - Processing file /home/ubuntu/airflow/dags/microservice_spark_dag.py for tasks to queue
[2026-02-25T10:11:58.755+0000] {logging_mixin.py:190} INFO - [2026-02-25T10:11:58.755+0000] {dagbag.py:588} INFO - Filling up the DagBag from /home/ubuntu/airflow/dags/microservice_spark_dag.py
[2026-02-25T10:11:58.760+0000] {processor.py:925} INFO - DAG(s) 'microservice_spark_dag' retrieved from /home/ubuntu/airflow/dags/microservice_spark_dag.py
[2026-02-25T10:11:58.769+0000] {logging_mixin.py:190} INFO - [2026-02-25T10:11:58.769+0000] {dag.py:3239} INFO - Sync 1 DAGs
[2026-02-25T10:11:58.777+0000] {logging_mixin.py:190} INFO - [2026-02-25T10:11:58.777+0000] {dag.py:4180} INFO - Setting next_dagrun for microservice_spark_dag to None, run_after=None
[2026-02-25T10:11:58.793+0000] {processor.py:208} INFO - Processing /home/ubuntu/airflow/dags/microservice_spark_dag.py took 0.044 seconds
[2026-02-25T10:12:51.662+0000] {processor.py:186} INFO - Started process (PID=3198) to work on /home/ubuntu/airflow/dags/microservice_spark_dag.py
[2026-02-25T10:12:51.663+0000] {processor.py:914} INFO - Processing file /home/ubuntu/airflow/dags/microservice_spark_dag.py for tasks to queue
[2026-02-25T10:12:51.665+0000] {logging_mixin.py:190} INFO - [2026-02-25T10:12:51.665+0000] {dagbag.py:588} INFO - Filling up the DagBag from /home/ubuntu/airflow/dags/microservice_spark_dag.py
[2026-02-25T10:12:51.670+0000] {processor.py:925} INFO - DAG(s) 'microservice_spark_dag' retrieved from /home/ubuntu/airflow/dags/microservice_spark_dag.py
[2026-02-25T10:12:51.679+0000] {logging_mixin.py:190} INFO - [2026-02-25T10:12:51.679+0000] {dag.py:3239} INFO - Sync 1 DAGs
[2026-02-25T10:12:51.686+0000] {logging_mixin.py:190} INFO - [2026-02-25T10:12:51.686+0000] {dag.py:4180} INFO - Setting next_dagrun for microservice_spark_dag to None, run_after=None
[2026-02-25T10:12:51.703+0000] {processor.py:208} INFO - Processing /home/ubuntu/airflow/dags/microservice_spark_dag.py took 0.045 seconds
[2026-02-25T10:13:39.980+0000] {processor.py:186} INFO - Started process (PID=3251) to work on /home/ubuntu/airflow/dags/microservice_spark_dag.py
[2026-02-25T10:13:39.981+0000] {processor.py:914} INFO - Processing file /home/ubuntu/airflow/dags/microservice_spark_dag.py for tasks to queue
[2026-02-25T10:13:39.982+0000] {logging_mixin.py:190} INFO - [2026-02-25T10:13:39.982+0000] {dagbag.py:588} INFO - Filling up the DagBag from /home/ubuntu/airflow/dags/microservice_spark_dag.py
[2026-02-25T10:13:39.987+0000] {processor.py:925} INFO - DAG(s) 'microservice_spark_dag' retrieved from /home/ubuntu/airflow/dags/microservice_spark_dag.py
[2026-02-25T10:13:39.996+0000] {logging_mixin.py:190} INFO - [2026-02-25T10:13:39.996+0000] {dag.py:3239} INFO - Sync 1 DAGs
[2026-02-25T10:13:40.004+0000] {logging_mixin.py:190} INFO - [2026-02-25T10:13:40.004+0000] {dag.py:4180} INFO - Setting next_dagrun for microservice_spark_dag to None, run_after=None
[2026-02-25T10:13:40.020+0000] {processor.py:208} INFO - Processing /home/ubuntu/airflow/dags/microservice_spark_dag.py took 0.044 seconds
[2026-02-25T10:14:28.827+0000] {processor.py:186} INFO - Started process (PID=3305) to work on /home/ubuntu/airflow/dags/microservice_spark_dag.py
[2026-02-25T10:14:28.828+0000] {processor.py:914} INFO - Processing file /home/ubuntu/airflow/dags/microservice_spark_dag.py for tasks to queue
[2026-02-25T10:14:28.829+0000] {logging_mixin.py:190} INFO - [2026-02-25T10:14:28.829+0000] {dagbag.py:588} INFO - Filling up the DagBag from /home/ubuntu/airflow/dags/microservice_spark_dag.py
[2026-02-25T10:14:28.834+0000] {processor.py:925} INFO - DAG(s) 'microservice_spark_dag' retrieved from /home/ubuntu/airflow/dags/microservice_spark_dag.py
[2026-02-25T10:14:28.844+0000] {logging_mixin.py:190} INFO - [2026-02-25T10:14:28.843+0000] {dag.py:3239} INFO - Sync 1 DAGs
[2026-02-25T10:14:28.851+0000] {logging_mixin.py:190} INFO - [2026-02-25T10:14:28.851+0000] {dag.py:4180} INFO - Setting next_dagrun for microservice_spark_dag to None, run_after=None
[2026-02-25T10:14:28.868+0000] {processor.py:208} INFO - Processing /home/ubuntu/airflow/dags/microservice_spark_dag.py took 0.045 seconds
[2026-02-25T10:15:19.081+0000] {processor.py:186} INFO - Started process (PID=3363) to work on /home/ubuntu/airflow/dags/microservice_spark_dag.py
[2026-02-25T10:15:19.082+0000] {processor.py:914} INFO - Processing file /home/ubuntu/airflow/dags/microservice_spark_dag.py for tasks to queue
[2026-02-25T10:15:19.084+0000] {logging_mixin.py:190} INFO - [2026-02-25T10:15:19.083+0000] {dagbag.py:588} INFO - Filling up the DagBag from /home/ubuntu/airflow/dags/microservice_spark_dag.py
[2026-02-25T10:15:19.088+0000] {processor.py:925} INFO - DAG(s) 'microservice_spark_dag' retrieved from /home/ubuntu/airflow/dags/microservice_spark_dag.py
[2026-02-25T10:15:19.097+0000] {logging_mixin.py:190} INFO - [2026-02-25T10:15:19.097+0000] {dag.py:3239} INFO - Sync 1 DAGs
[2026-02-25T10:15:19.105+0000] {logging_mixin.py:190} INFO - [2026-02-25T10:15:19.105+0000] {dag.py:4180} INFO - Setting next_dagrun for microservice_spark_dag to None, run_after=None
[2026-02-25T10:15:19.121+0000] {processor.py:208} INFO - Processing /home/ubuntu/airflow/dags/microservice_spark_dag.py took 0.044 seconds
[2026-02-25T10:16:06.456+0000] {processor.py:186} INFO - Started process (PID=3414) to work on /home/ubuntu/airflow/dags/microservice_spark_dag.py
[2026-02-25T10:16:06.457+0000] {processor.py:914} INFO - Processing file /home/ubuntu/airflow/dags/microservice_spark_dag.py for tasks to queue
[2026-02-25T10:16:06.458+0000] {logging_mixin.py:190} INFO - [2026-02-25T10:16:06.458+0000] {dagbag.py:588} INFO - Filling up the DagBag from /home/ubuntu/airflow/dags/microservice_spark_dag.py
[2026-02-25T10:16:06.463+0000] {processor.py:925} INFO - DAG(s) 'microservice_spark_dag' retrieved from /home/ubuntu/airflow/dags/microservice_spark_dag.py
[2026-02-25T10:16:06.473+0000] {logging_mixin.py:190} INFO - [2026-02-25T10:16:06.473+0000] {dag.py:3239} INFO - Sync 1 DAGs
[2026-02-25T10:16:06.480+0000] {logging_mixin.py:190} INFO - [2026-02-25T10:16:06.480+0000] {dag.py:4180} INFO - Setting next_dagrun for microservice_spark_dag to None, run_after=None
[2026-02-25T10:16:06.496+0000] {processor.py:208} INFO - Processing /home/ubuntu/airflow/dags/microservice_spark_dag.py took 0.044 seconds
[2026-02-25T10:16:57.545+0000] {processor.py:186} INFO - Started process (PID=3472) to work on /home/ubuntu/airflow/dags/microservice_spark_dag.py
[2026-02-25T10:16:57.547+0000] {processor.py:914} INFO - Processing file /home/ubuntu/airflow/dags/microservice_spark_dag.py for tasks to queue
[2026-02-25T10:16:57.548+0000] {logging_mixin.py:190} INFO - [2026-02-25T10:16:57.548+0000] {dagbag.py:588} INFO - Filling up the DagBag from /home/ubuntu/airflow/dags/microservice_spark_dag.py
[2026-02-25T10:16:57.553+0000] {processor.py:925} INFO - DAG(s) 'microservice_spark_dag' retrieved from /home/ubuntu/airflow/dags/microservice_spark_dag.py
[2026-02-25T10:16:57.562+0000] {logging_mixin.py:190} INFO - [2026-02-25T10:16:57.562+0000] {dag.py:3239} INFO - Sync 1 DAGs
[2026-02-25T10:16:57.570+0000] {logging_mixin.py:190} INFO - [2026-02-25T10:16:57.570+0000] {dag.py:4180} INFO - Setting next_dagrun for microservice_spark_dag to None, run_after=None
[2026-02-25T10:16:57.586+0000] {processor.py:208} INFO - Processing /home/ubuntu/airflow/dags/microservice_spark_dag.py took 0.044 seconds
[2026-02-25T10:17:51.121+0000] {processor.py:186} INFO - Started process (PID=3530) to work on /home/ubuntu/airflow/dags/microservice_spark_dag.py
[2026-02-25T10:17:51.122+0000] {processor.py:914} INFO - Processing file /home/ubuntu/airflow/dags/microservice_spark_dag.py for tasks to queue
[2026-02-25T10:17:51.124+0000] {logging_mixin.py:190} INFO - [2026-02-25T10:17:51.123+0000] {dagbag.py:588} INFO - Filling up the DagBag from /home/ubuntu/airflow/dags/microservice_spark_dag.py
[2026-02-25T10:17:51.128+0000] {processor.py:925} INFO - DAG(s) 'microservice_spark_dag' retrieved from /home/ubuntu/airflow/dags/microservice_spark_dag.py
[2026-02-25T10:17:51.137+0000] {logging_mixin.py:190} INFO - [2026-02-25T10:17:51.137+0000] {dag.py:3239} INFO - Sync 1 DAGs
[2026-02-25T10:17:51.145+0000] {logging_mixin.py:190} INFO - [2026-02-25T10:17:51.145+0000] {dag.py:4180} INFO - Setting next_dagrun for microservice_spark_dag to None, run_after=None
[2026-02-25T10:17:51.161+0000] {processor.py:208} INFO - Processing /home/ubuntu/airflow/dags/microservice_spark_dag.py took 0.043 seconds
[2026-02-25T10:18:40.205+0000] {processor.py:186} INFO - Started process (PID=3580) to work on /home/ubuntu/airflow/dags/microservice_spark_dag.py
[2026-02-25T10:18:40.206+0000] {processor.py:914} INFO - Processing file /home/ubuntu/airflow/dags/microservice_spark_dag.py for tasks to queue
[2026-02-25T10:18:40.208+0000] {logging_mixin.py:190} INFO - [2026-02-25T10:18:40.207+0000] {dagbag.py:588} INFO - Filling up the DagBag from /home/ubuntu/airflow/dags/microservice_spark_dag.py
[2026-02-25T10:18:40.212+0000] {processor.py:925} INFO - DAG(s) 'microservice_spark_dag' retrieved from /home/ubuntu/airflow/dags/microservice_spark_dag.py
[2026-02-25T10:18:40.222+0000] {logging_mixin.py:190} INFO - [2026-02-25T10:18:40.222+0000] {dag.py:3239} INFO - Sync 1 DAGs
[2026-02-25T10:18:40.229+0000] {logging_mixin.py:190} INFO - [2026-02-25T10:18:40.229+0000] {dag.py:4180} INFO - Setting next_dagrun for microservice_spark_dag to None, run_after=None
[2026-02-25T10:18:40.245+0000] {processor.py:208} INFO - Processing /home/ubuntu/airflow/dags/microservice_spark_dag.py took 0.043 seconds
[2026-02-25T10:19:31.576+0000] {processor.py:186} INFO - Started process (PID=3634) to work on /home/ubuntu/airflow/dags/microservice_spark_dag.py
[2026-02-25T10:19:31.577+0000] {processor.py:914} INFO - Processing file /home/ubuntu/airflow/dags/microservice_spark_dag.py for tasks to queue
[2026-02-25T10:19:31.579+0000] {logging_mixin.py:190} INFO - [2026-02-25T10:19:31.579+0000] {dagbag.py:588} INFO - Filling up the DagBag from /home/ubuntu/airflow/dags/microservice_spark_dag.py
[2026-02-25T10:19:31.584+0000] {processor.py:925} INFO - DAG(s) 'microservice_spark_dag' retrieved from /home/ubuntu/airflow/dags/microservice_spark_dag.py
[2026-02-25T10:19:31.593+0000] {logging_mixin.py:190} INFO - [2026-02-25T10:19:31.593+0000] {dag.py:3239} INFO - Sync 1 DAGs
[2026-02-25T10:19:31.601+0000] {logging_mixin.py:190} INFO - [2026-02-25T10:19:31.601+0000] {dag.py:4180} INFO - Setting next_dagrun for microservice_spark_dag to None, run_after=None
[2026-02-25T10:19:31.617+0000] {processor.py:208} INFO - Processing /home/ubuntu/airflow/dags/microservice_spark_dag.py took 0.045 seconds
[2026-02-25T10:20:21.822+0000] {processor.py:186} INFO - Started process (PID=3694) to work on /home/ubuntu/airflow/dags/microservice_spark_dag.py
[2026-02-25T10:20:21.823+0000] {processor.py:914} INFO - Processing file /home/ubuntu/airflow/dags/microservice_spark_dag.py for tasks to queue
[2026-02-25T10:20:21.824+0000] {logging_mixin.py:190} INFO - [2026-02-25T10:20:21.824+0000] {dagbag.py:588} INFO - Filling up the DagBag from /home/ubuntu/airflow/dags/microservice_spark_dag.py
[2026-02-25T10:20:21.829+0000] {processor.py:925} INFO - DAG(s) 'microservice_spark_dag' retrieved from /home/ubuntu/airflow/dags/microservice_spark_dag.py
[2026-02-25T10:20:21.838+0000] {logging_mixin.py:190} INFO - [2026-02-25T10:20:21.838+0000] {dag.py:3239} INFO - Sync 1 DAGs
[2026-02-25T10:20:21.845+0000] {logging_mixin.py:190} INFO - [2026-02-25T10:20:21.845+0000] {dag.py:4180} INFO - Setting next_dagrun for microservice_spark_dag to None, run_after=None
[2026-02-25T10:20:21.861+0000] {processor.py:208} INFO - Processing /home/ubuntu/airflow/dags/microservice_spark_dag.py took 0.043 seconds
[2026-02-25T10:21:09.071+0000] {processor.py:186} INFO - Started process (PID=3746) to work on /home/ubuntu/airflow/dags/microservice_spark_dag.py
[2026-02-25T10:21:09.072+0000] {processor.py:914} INFO - Processing file /home/ubuntu/airflow/dags/microservice_spark_dag.py for tasks to queue
[2026-02-25T10:21:09.073+0000] {logging_mixin.py:190} INFO - [2026-02-25T10:21:09.073+0000] {dagbag.py:588} INFO - Filling up the DagBag from /home/ubuntu/airflow/dags/microservice_spark_dag.py
[2026-02-25T10:21:09.078+0000] {processor.py:925} INFO - DAG(s) 'microservice_spark_dag' retrieved from /home/ubuntu/airflow/dags/microservice_spark_dag.py
[2026-02-25T10:21:09.087+0000] {logging_mixin.py:190} INFO - [2026-02-25T10:21:09.087+0000] {dag.py:3239} INFO - Sync 1 DAGs
[2026-02-25T10:21:09.095+0000] {logging_mixin.py:190} INFO - [2026-02-25T10:21:09.095+0000] {dag.py:4180} INFO - Setting next_dagrun for microservice_spark_dag to None, run_after=None
[2026-02-25T10:21:09.111+0000] {processor.py:208} INFO - Processing /home/ubuntu/airflow/dags/microservice_spark_dag.py took 0.043 seconds
[2026-02-25T10:21:59.007+0000] {processor.py:186} INFO - Started process (PID=3803) to work on /home/ubuntu/airflow/dags/microservice_spark_dag.py
[2026-02-25T10:21:59.008+0000] {processor.py:914} INFO - Processing file /home/ubuntu/airflow/dags/microservice_spark_dag.py for tasks to queue
[2026-02-25T10:21:59.009+0000] {logging_mixin.py:190} INFO - [2026-02-25T10:21:59.009+0000] {dagbag.py:588} INFO - Filling up the DagBag from /home/ubuntu/airflow/dags/microservice_spark_dag.py
[2026-02-25T10:21:59.014+0000] {processor.py:925} INFO - DAG(s) 'microservice_spark_dag' retrieved from /home/ubuntu/airflow/dags/microservice_spark_dag.py
[2026-02-25T10:21:59.024+0000] {logging_mixin.py:190} INFO - [2026-02-25T10:21:59.024+0000] {dag.py:3239} INFO - Sync 1 DAGs
[2026-02-25T10:21:59.031+0000] {logging_mixin.py:190} INFO - [2026-02-25T10:21:59.031+0000] {dag.py:4180} INFO - Setting next_dagrun for microservice_spark_dag to None, run_after=None
[2026-02-25T10:21:59.047+0000] {processor.py:208} INFO - Processing /home/ubuntu/airflow/dags/microservice_spark_dag.py took 0.043 seconds
[2026-02-25T10:22:48.877+0000] {processor.py:186} INFO - Started process (PID=3856) to work on /home/ubuntu/airflow/dags/microservice_spark_dag.py
[2026-02-25T10:22:48.879+0000] {processor.py:914} INFO - Processing file /home/ubuntu/airflow/dags/microservice_spark_dag.py for tasks to queue
[2026-02-25T10:22:48.880+0000] {logging_mixin.py:190} INFO - [2026-02-25T10:22:48.880+0000] {dagbag.py:588} INFO - Filling up the DagBag from /home/ubuntu/airflow/dags/microservice_spark_dag.py
[2026-02-25T10:22:48.885+0000] {processor.py:925} INFO - DAG(s) 'microservice_spark_dag' retrieved from /home/ubuntu/airflow/dags/microservice_spark_dag.py
[2026-02-25T10:22:48.894+0000] {logging_mixin.py:190} INFO - [2026-02-25T10:22:48.894+0000] {dag.py:3239} INFO - Sync 1 DAGs
[2026-02-25T10:22:48.901+0000] {logging_mixin.py:190} INFO - [2026-02-25T10:22:48.901+0000] {dag.py:4180} INFO - Setting next_dagrun for microservice_spark_dag to None, run_after=None
[2026-02-25T10:22:48.918+0000] {processor.py:208} INFO - Processing /home/ubuntu/airflow/dags/microservice_spark_dag.py took 0.044 seconds
[2026-02-25T10:23:41.673+0000] {processor.py:186} INFO - Started process (PID=3911) to work on /home/ubuntu/airflow/dags/microservice_spark_dag.py
[2026-02-25T10:23:41.674+0000] {processor.py:914} INFO - Processing file /home/ubuntu/airflow/dags/microservice_spark_dag.py for tasks to queue
[2026-02-25T10:23:41.676+0000] {logging_mixin.py:190} INFO - [2026-02-25T10:23:41.675+0000] {dagbag.py:588} INFO - Filling up the DagBag from /home/ubuntu/airflow/dags/microservice_spark_dag.py
[2026-02-25T10:23:41.681+0000] {processor.py:925} INFO - DAG(s) 'microservice_spark_dag' retrieved from /home/ubuntu/airflow/dags/microservice_spark_dag.py
[2026-02-25T10:23:41.690+0000] {logging_mixin.py:190} INFO - [2026-02-25T10:23:41.690+0000] {dag.py:3239} INFO - Sync 1 DAGs
[2026-02-25T10:23:41.697+0000] {logging_mixin.py:190} INFO - [2026-02-25T10:23:41.697+0000] {dag.py:4180} INFO - Setting next_dagrun for microservice_spark_dag to None, run_after=None
[2026-02-25T10:23:41.715+0000] {processor.py:208} INFO - Processing /home/ubuntu/airflow/dags/microservice_spark_dag.py took 0.045 seconds
[2026-02-25T10:24:33.275+0000] {processor.py:186} INFO - Started process (PID=3964) to work on /home/ubuntu/airflow/dags/microservice_spark_dag.py
[2026-02-25T10:24:33.277+0000] {processor.py:914} INFO - Processing file /home/ubuntu/airflow/dags/microservice_spark_dag.py for tasks to queue
[2026-02-25T10:24:33.278+0000] {logging_mixin.py:190} INFO - [2026-02-25T10:24:33.278+0000] {dagbag.py:588} INFO - Filling up the DagBag from /home/ubuntu/airflow/dags/microservice_spark_dag.py
[2026-02-25T10:24:33.283+0000] {processor.py:925} INFO - DAG(s) 'microservice_spark_dag' retrieved from /home/ubuntu/airflow/dags/microservice_spark_dag.py
[2026-02-25T10:24:33.292+0000] {logging_mixin.py:190} INFO - [2026-02-25T10:24:33.292+0000] {dag.py:3239} INFO - Sync 1 DAGs
[2026-02-25T10:24:33.299+0000] {logging_mixin.py:190} INFO - [2026-02-25T10:24:33.299+0000] {dag.py:4180} INFO - Setting next_dagrun for microservice_spark_dag to None, run_after=None
[2026-02-25T10:24:33.316+0000] {processor.py:208} INFO - Processing /home/ubuntu/airflow/dags/microservice_spark_dag.py took 0.044 seconds
[2026-02-25T10:25:23.761+0000] {processor.py:186} INFO - Started process (PID=4022) to work on /home/ubuntu/airflow/dags/microservice_spark_dag.py
[2026-02-25T10:25:23.763+0000] {processor.py:914} INFO - Processing file /home/ubuntu/airflow/dags/microservice_spark_dag.py for tasks to queue
[2026-02-25T10:25:23.764+0000] {logging_mixin.py:190} INFO - [2026-02-25T10:25:23.764+0000] {dagbag.py:588} INFO - Filling up the DagBag from /home/ubuntu/airflow/dags/microservice_spark_dag.py
[2026-02-25T10:25:23.769+0000] {processor.py:925} INFO - DAG(s) 'microservice_spark_dag' retrieved from /home/ubuntu/airflow/dags/microservice_spark_dag.py
[2026-02-25T10:25:23.778+0000] {logging_mixin.py:190} INFO - [2026-02-25T10:25:23.778+0000] {dag.py:3239} INFO - Sync 1 DAGs
[2026-02-25T10:25:23.785+0000] {logging_mixin.py:190} INFO - [2026-02-25T10:25:23.785+0000] {dag.py:4180} INFO - Setting next_dagrun for microservice_spark_dag to None, run_after=None
[2026-02-25T10:25:23.802+0000] {processor.py:208} INFO - Processing /home/ubuntu/airflow/dags/microservice_spark_dag.py took 0.044 seconds
[2026-02-25T10:26:15.544+0000] {processor.py:186} INFO - Started process (PID=4076) to work on /home/ubuntu/airflow/dags/microservice_spark_dag.py
[2026-02-25T10:26:15.546+0000] {processor.py:914} INFO - Processing file /home/ubuntu/airflow/dags/microservice_spark_dag.py for tasks to queue
[2026-02-25T10:26:15.547+0000] {logging_mixin.py:190} INFO - [2026-02-25T10:26:15.547+0000] {dagbag.py:588} INFO - Filling up the DagBag from /home/ubuntu/airflow/dags/microservice_spark_dag.py
[2026-02-25T10:26:15.552+0000] {processor.py:925} INFO - DAG(s) 'microservice_spark_dag' retrieved from /home/ubuntu/airflow/dags/microservice_spark_dag.py
[2026-02-25T10:26:15.562+0000] {logging_mixin.py:190} INFO - [2026-02-25T10:26:15.562+0000] {dag.py:3239} INFO - Sync 1 DAGs
[2026-02-25T10:26:15.569+0000] {logging_mixin.py:190} INFO - [2026-02-25T10:26:15.569+0000] {dag.py:4180} INFO - Setting next_dagrun for microservice_spark_dag to None, run_after=None
[2026-02-25T10:26:15.586+0000] {processor.py:208} INFO - Processing /home/ubuntu/airflow/dags/microservice_spark_dag.py took 0.045 seconds
[2026-02-25T10:27:07.300+0000] {processor.py:186} INFO - Started process (PID=4138) to work on /home/ubuntu/airflow/dags/microservice_spark_dag.py
[2026-02-25T10:27:07.302+0000] {processor.py:914} INFO - Processing file /home/ubuntu/airflow/dags/microservice_spark_dag.py for tasks to queue
[2026-02-25T10:27:07.303+0000] {logging_mixin.py:190} INFO - [2026-02-25T10:27:07.303+0000] {dagbag.py:588} INFO - Filling up the DagBag from /home/ubuntu/airflow/dags/microservice_spark_dag.py
[2026-02-25T10:27:07.308+0000] {processor.py:925} INFO - DAG(s) 'microservice_spark_dag' retrieved from /home/ubuntu/airflow/dags/microservice_spark_dag.py
[2026-02-25T10:27:07.317+0000] {logging_mixin.py:190} INFO - [2026-02-25T10:27:07.317+0000] {dag.py:3239} INFO - Sync 1 DAGs
[2026-02-25T10:27:07.324+0000] {logging_mixin.py:190} INFO - [2026-02-25T10:27:07.324+0000] {dag.py:4180} INFO - Setting next_dagrun for microservice_spark_dag to None, run_after=None
[2026-02-25T10:27:07.340+0000] {processor.py:208} INFO - Processing /home/ubuntu/airflow/dags/microservice_spark_dag.py took 0.043 seconds
[2026-02-25T10:27:57.579+0000] {processor.py:186} INFO - Started process (PID=4194) to work on /home/ubuntu/airflow/dags/microservice_spark_dag.py
[2026-02-25T10:27:57.581+0000] {processor.py:914} INFO - Processing file /home/ubuntu/airflow/dags/microservice_spark_dag.py for tasks to queue
[2026-02-25T10:27:57.582+0000] {logging_mixin.py:190} INFO - [2026-02-25T10:27:57.582+0000] {dagbag.py:588} INFO - Filling up the DagBag from /home/ubuntu/airflow/dags/microservice_spark_dag.py
[2026-02-25T10:27:57.587+0000] {processor.py:925} INFO - DAG(s) 'microservice_spark_dag' retrieved from /home/ubuntu/airflow/dags/microservice_spark_dag.py
[2026-02-25T10:27:57.596+0000] {logging_mixin.py:190} INFO - [2026-02-25T10:27:57.596+0000] {dag.py:3239} INFO - Sync 1 DAGs
[2026-02-25T10:27:57.604+0000] {logging_mixin.py:190} INFO - [2026-02-25T10:27:57.603+0000] {dag.py:4180} INFO - Setting next_dagrun for microservice_spark_dag to None, run_after=None
[2026-02-25T10:27:57.620+0000] {processor.py:208} INFO - Processing /home/ubuntu/airflow/dags/microservice_spark_dag.py took 0.044 seconds
[2026-02-25T10:28:45.941+0000] {processor.py:186} INFO - Started process (PID=4251) to work on /home/ubuntu/airflow/dags/microservice_spark_dag.py
[2026-02-25T10:28:45.942+0000] {processor.py:914} INFO - Processing file /home/ubuntu/airflow/dags/microservice_spark_dag.py for tasks to queue
[2026-02-25T10:28:45.943+0000] {logging_mixin.py:190} INFO - [2026-02-25T10:28:45.943+0000] {dagbag.py:588} INFO - Filling up the DagBag from /home/ubuntu/airflow/dags/microservice_spark_dag.py
[2026-02-25T10:28:45.948+0000] {processor.py:925} INFO - DAG(s) 'microservice_spark_dag' retrieved from /home/ubuntu/airflow/dags/microservice_spark_dag.py
[2026-02-25T10:28:45.958+0000] {logging_mixin.py:190} INFO - [2026-02-25T10:28:45.958+0000] {dag.py:3239} INFO - Sync 1 DAGs
[2026-02-25T10:28:45.965+0000] {logging_mixin.py:190} INFO - [2026-02-25T10:28:45.965+0000] {dag.py:4180} INFO - Setting next_dagrun for microservice_spark_dag to None, run_after=None
[2026-02-25T10:28:45.982+0000] {processor.py:208} INFO - Processing /home/ubuntu/airflow/dags/microservice_spark_dag.py took 0.045 seconds
[2026-02-25T10:29:36.050+0000] {processor.py:186} INFO - Started process (PID=4305) to work on /home/ubuntu/airflow/dags/microservice_spark_dag.py
[2026-02-25T10:29:36.051+0000] {processor.py:914} INFO - Processing file /home/ubuntu/airflow/dags/microservice_spark_dag.py for tasks to queue
[2026-02-25T10:29:36.053+0000] {logging_mixin.py:190} INFO - [2026-02-25T10:29:36.052+0000] {dagbag.py:588} INFO - Filling up the DagBag from /home/ubuntu/airflow/dags/microservice_spark_dag.py
[2026-02-25T10:29:36.058+0000] {processor.py:925} INFO - DAG(s) 'microservice_spark_dag' retrieved from /home/ubuntu/airflow/dags/microservice_spark_dag.py
[2026-02-25T10:29:36.067+0000] {logging_mixin.py:190} INFO - [2026-02-25T10:29:36.067+0000] {dag.py:3239} INFO - Sync 1 DAGs
[2026-02-25T10:29:36.074+0000] {logging_mixin.py:190} INFO - [2026-02-25T10:29:36.074+0000] {dag.py:4180} INFO - Setting next_dagrun for microservice_spark_dag to None, run_after=None
[2026-02-25T10:29:36.091+0000] {processor.py:208} INFO - Processing /home/ubuntu/airflow/dags/microservice_spark_dag.py took 0.044 seconds
[2026-02-25T10:30:24.567+0000] {processor.py:186} INFO - Started process (PID=4358) to work on /home/ubuntu/airflow/dags/microservice_spark_dag.py
[2026-02-25T10:30:24.569+0000] {processor.py:914} INFO - Processing file /home/ubuntu/airflow/dags/microservice_spark_dag.py for tasks to queue
[2026-02-25T10:30:24.570+0000] {logging_mixin.py:190} INFO - [2026-02-25T10:30:24.570+0000] {dagbag.py:588} INFO - Filling up the DagBag from /home/ubuntu/airflow/dags/microservice_spark_dag.py
[2026-02-25T10:30:24.575+0000] {processor.py:925} INFO - DAG(s) 'microservice_spark_dag' retrieved from /home/ubuntu/airflow/dags/microservice_spark_dag.py
[2026-02-25T10:30:24.584+0000] {logging_mixin.py:190} INFO - [2026-02-25T10:30:24.584+0000] {dag.py:3239} INFO - Sync 1 DAGs
[2026-02-25T10:30:24.592+0000] {logging_mixin.py:190} INFO - [2026-02-25T10:30:24.592+0000] {dag.py:4180} INFO - Setting next_dagrun for microservice_spark_dag to None, run_after=None
[2026-02-25T10:30:24.609+0000] {processor.py:208} INFO - Processing /home/ubuntu/airflow/dags/microservice_spark_dag.py took 0.045 seconds
[2026-02-25T10:31:13.613+0000] {processor.py:186} INFO - Started process (PID=4410) to work on /home/ubuntu/airflow/dags/microservice_spark_dag.py
[2026-02-25T10:31:13.614+0000] {processor.py:914} INFO - Processing file /home/ubuntu/airflow/dags/microservice_spark_dag.py for tasks to queue
[2026-02-25T10:31:13.615+0000] {logging_mixin.py:190} INFO - [2026-02-25T10:31:13.615+0000] {dagbag.py:588} INFO - Filling up the DagBag from /home/ubuntu/airflow/dags/microservice_spark_dag.py
[2026-02-25T10:31:13.620+0000] {processor.py:925} INFO - DAG(s) 'microservice_spark_dag' retrieved from /home/ubuntu/airflow/dags/microservice_spark_dag.py
[2026-02-25T10:31:13.629+0000] {logging_mixin.py:190} INFO - [2026-02-25T10:31:13.629+0000] {dag.py:3239} INFO - Sync 1 DAGs
[2026-02-25T10:31:13.636+0000] {logging_mixin.py:190} INFO - [2026-02-25T10:31:13.636+0000] {dag.py:4180} INFO - Setting next_dagrun for microservice_spark_dag to None, run_after=None
[2026-02-25T10:31:13.652+0000] {processor.py:208} INFO - Processing /home/ubuntu/airflow/dags/microservice_spark_dag.py took 0.043 seconds
[2026-02-25T10:32:03.126+0000] {processor.py:186} INFO - Started process (PID=4461) to work on /home/ubuntu/airflow/dags/microservice_spark_dag.py
[2026-02-25T10:32:03.127+0000] {processor.py:914} INFO - Processing file /home/ubuntu/airflow/dags/microservice_spark_dag.py for tasks to queue
[2026-02-25T10:32:03.128+0000] {logging_mixin.py:190} INFO - [2026-02-25T10:32:03.128+0000] {dagbag.py:588} INFO - Filling up the DagBag from /home/ubuntu/airflow/dags/microservice_spark_dag.py
[2026-02-25T10:32:03.133+0000] {processor.py:925} INFO - DAG(s) 'microservice_spark_dag' retrieved from /home/ubuntu/airflow/dags/microservice_spark_dag.py
[2026-02-25T10:32:03.142+0000] {logging_mixin.py:190} INFO - [2026-02-25T10:32:03.142+0000] {dag.py:3239} INFO - Sync 1 DAGs
[2026-02-25T10:32:03.150+0000] {logging_mixin.py:190} INFO - [2026-02-25T10:32:03.150+0000] {dag.py:4180} INFO - Setting next_dagrun for microservice_spark_dag to None, run_after=None
[2026-02-25T10:32:03.166+0000] {processor.py:208} INFO - Processing /home/ubuntu/airflow/dags/microservice_spark_dag.py took 0.044 seconds
[2026-02-25T10:32:54.393+0000] {processor.py:186} INFO - Started process (PID=4514) to work on /home/ubuntu/airflow/dags/microservice_spark_dag.py
[2026-02-25T10:32:54.394+0000] {processor.py:914} INFO - Processing file /home/ubuntu/airflow/dags/microservice_spark_dag.py for tasks to queue
[2026-02-25T10:32:54.396+0000] {logging_mixin.py:190} INFO - [2026-02-25T10:32:54.395+0000] {dagbag.py:588} INFO - Filling up the DagBag from /home/ubuntu/airflow/dags/microservice_spark_dag.py
[2026-02-25T10:32:54.401+0000] {processor.py:925} INFO - DAG(s) 'microservice_spark_dag' retrieved from /home/ubuntu/airflow/dags/microservice_spark_dag.py
[2026-02-25T10:32:54.410+0000] {logging_mixin.py:190} INFO - [2026-02-25T10:32:54.410+0000] {dag.py:3239} INFO - Sync 1 DAGs
[2026-02-25T10:32:54.418+0000] {logging_mixin.py:190} INFO - [2026-02-25T10:32:54.418+0000] {dag.py:4180} INFO - Setting next_dagrun for microservice_spark_dag to None, run_after=None
[2026-02-25T10:32:54.434+0000] {processor.py:208} INFO - Processing /home/ubuntu/airflow/dags/microservice_spark_dag.py took 0.045 seconds
[2026-02-25T10:46:03.581+0000] {processor.py:186} INFO - Started process (PID=5328) to work on /home/ubuntu/airflow/dags/microservice_spark_dag.py
[2026-02-25T10:46:03.583+0000] {processor.py:914} INFO - Processing file /home/ubuntu/airflow/dags/microservice_spark_dag.py for tasks to queue
[2026-02-25T10:46:03.584+0000] {logging_mixin.py:190} INFO - [2026-02-25T10:46:03.583+0000] {dagbag.py:588} INFO - Filling up the DagBag from /home/ubuntu/airflow/dags/microservice_spark_dag.py
[2026-02-25T10:46:03.592+0000] {processor.py:925} INFO - DAG(s) 'microservice_spark_dag' retrieved from /home/ubuntu/airflow/dags/microservice_spark_dag.py
[2026-02-25T10:46:03.604+0000] {logging_mixin.py:190} INFO - [2026-02-25T10:46:03.603+0000] {dag.py:3239} INFO - Sync 1 DAGs
[2026-02-25T10:46:03.610+0000] {logging_mixin.py:190} INFO - [2026-02-25T10:46:03.610+0000] {dag.py:4180} INFO - Setting next_dagrun for microservice_spark_dag to None, run_after=None
[2026-02-25T10:46:03.626+0000] {processor.py:208} INFO - Processing /home/ubuntu/airflow/dags/microservice_spark_dag.py took 0.047 seconds
[2026-02-25T10:47:09.842+0000] {processor.py:186} INFO - Started process (PID=5844) to work on /home/ubuntu/airflow/dags/microservice_spark_dag.py
[2026-02-25T10:47:09.843+0000] {processor.py:914} INFO - Processing file /home/ubuntu/airflow/dags/microservice_spark_dag.py for tasks to queue
[2026-02-25T10:47:09.845+0000] {logging_mixin.py:190} INFO - [2026-02-25T10:47:09.844+0000] {dagbag.py:588} INFO - Filling up the DagBag from /home/ubuntu/airflow/dags/microservice_spark_dag.py
[2026-02-25T10:47:09.849+0000] {processor.py:925} INFO - DAG(s) 'microservice_spark_dag' retrieved from /home/ubuntu/airflow/dags/microservice_spark_dag.py
[2026-02-25T10:47:09.859+0000] {logging_mixin.py:190} INFO - [2026-02-25T10:47:09.859+0000] {dag.py:3239} INFO - Sync 1 DAGs
[2026-02-25T10:47:09.866+0000] {logging_mixin.py:190} INFO - [2026-02-25T10:47:09.866+0000] {dag.py:4180} INFO - Setting next_dagrun for microservice_spark_dag to None, run_after=None
[2026-02-25T10:47:09.882+0000] {processor.py:208} INFO - Processing /home/ubuntu/airflow/dags/microservice_spark_dag.py took 0.043 seconds
[2026-02-25T10:48:01.210+0000] {processor.py:186} INFO - Started process (PID=6262) to work on /home/ubuntu/airflow/dags/microservice_spark_dag.py
[2026-02-25T10:48:01.211+0000] {processor.py:914} INFO - Processing file /home/ubuntu/airflow/dags/microservice_spark_dag.py for tasks to queue
[2026-02-25T10:48:01.212+0000] {logging_mixin.py:190} INFO - [2026-02-25T10:48:01.212+0000] {dagbag.py:588} INFO - Filling up the DagBag from /home/ubuntu/airflow/dags/microservice_spark_dag.py
[2026-02-25T10:48:01.217+0000] {processor.py:925} INFO - DAG(s) 'microservice_spark_dag' retrieved from /home/ubuntu/airflow/dags/microservice_spark_dag.py
[2026-02-25T10:48:01.226+0000] {logging_mixin.py:190} INFO - [2026-02-25T10:48:01.226+0000] {dag.py:3239} INFO - Sync 1 DAGs
[2026-02-25T10:48:01.233+0000] {logging_mixin.py:190} INFO - [2026-02-25T10:48:01.233+0000] {dag.py:4180} INFO - Setting next_dagrun for microservice_spark_dag to None, run_after=None
[2026-02-25T10:48:01.249+0000] {processor.py:208} INFO - Processing /home/ubuntu/airflow/dags/microservice_spark_dag.py took 0.042 seconds
[2026-02-25T10:48:49.783+0000] {processor.py:186} INFO - Started process (PID=6316) to work on /home/ubuntu/airflow/dags/microservice_spark_dag.py
[2026-02-25T10:48:49.784+0000] {processor.py:914} INFO - Processing file /home/ubuntu/airflow/dags/microservice_spark_dag.py for tasks to queue
[2026-02-25T10:48:49.786+0000] {logging_mixin.py:190} INFO - [2026-02-25T10:48:49.785+0000] {dagbag.py:588} INFO - Filling up the DagBag from /home/ubuntu/airflow/dags/microservice_spark_dag.py
[2026-02-25T10:48:49.791+0000] {processor.py:925} INFO - DAG(s) 'microservice_spark_dag' retrieved from /home/ubuntu/airflow/dags/microservice_spark_dag.py
[2026-02-25T10:48:49.801+0000] {logging_mixin.py:190} INFO - [2026-02-25T10:48:49.801+0000] {dag.py:3239} INFO - Sync 1 DAGs
[2026-02-25T10:48:49.808+0000] {logging_mixin.py:190} INFO - [2026-02-25T10:48:49.808+0000] {dag.py:4180} INFO - Setting next_dagrun for microservice_spark_dag to None, run_after=None
[2026-02-25T10:48:49.824+0000] {processor.py:208} INFO - Processing /home/ubuntu/airflow/dags/microservice_spark_dag.py took 0.045 seconds
[2026-02-25T10:49:41.061+0000] {processor.py:186} INFO - Started process (PID=6376) to work on /home/ubuntu/airflow/dags/microservice_spark_dag.py
[2026-02-25T10:49:41.062+0000] {processor.py:914} INFO - Processing file /home/ubuntu/airflow/dags/microservice_spark_dag.py for tasks to queue
[2026-02-25T10:49:41.064+0000] {logging_mixin.py:190} INFO - [2026-02-25T10:49:41.063+0000] {dagbag.py:588} INFO - Filling up the DagBag from /home/ubuntu/airflow/dags/microservice_spark_dag.py
[2026-02-25T10:49:41.068+0000] {processor.py:925} INFO - DAG(s) 'microservice_spark_dag' retrieved from /home/ubuntu/airflow/dags/microservice_spark_dag.py
[2026-02-25T10:49:41.078+0000] {logging_mixin.py:190} INFO - [2026-02-25T10:49:41.077+0000] {dag.py:3239} INFO - Sync 1 DAGs
[2026-02-25T10:49:41.085+0000] {logging_mixin.py:190} INFO - [2026-02-25T10:49:41.085+0000] {dag.py:4180} INFO - Setting next_dagrun for microservice_spark_dag to None, run_after=None
[2026-02-25T10:49:41.101+0000] {processor.py:208} INFO - Processing /home/ubuntu/airflow/dags/microservice_spark_dag.py took 0.043 seconds
[2026-02-25T10:50:28.982+0000] {processor.py:186} INFO - Started process (PID=6429) to work on /home/ubuntu/airflow/dags/microservice_spark_dag.py
[2026-02-25T10:50:28.983+0000] {processor.py:914} INFO - Processing file /home/ubuntu/airflow/dags/microservice_spark_dag.py for tasks to queue
[2026-02-25T10:50:28.985+0000] {logging_mixin.py:190} INFO - [2026-02-25T10:50:28.984+0000] {dagbag.py:588} INFO - Filling up the DagBag from /home/ubuntu/airflow/dags/microservice_spark_dag.py
[2026-02-25T10:50:28.989+0000] {processor.py:925} INFO - DAG(s) 'microservice_spark_dag' retrieved from /home/ubuntu/airflow/dags/microservice_spark_dag.py
[2026-02-25T10:50:29.000+0000] {logging_mixin.py:190} INFO - [2026-02-25T10:50:29.000+0000] {dag.py:3239} INFO - Sync 1 DAGs
[2026-02-25T10:50:29.007+0000] {logging_mixin.py:190} INFO - [2026-02-25T10:50:29.007+0000] {dag.py:4180} INFO - Setting next_dagrun for microservice_spark_dag to None, run_after=None
[2026-02-25T10:50:29.024+0000] {processor.py:208} INFO - Processing /home/ubuntu/airflow/dags/microservice_spark_dag.py took 0.045 seconds
[2026-02-25T10:51:16.747+0000] {processor.py:186} INFO - Started process (PID=6486) to work on /home/ubuntu/airflow/dags/microservice_spark_dag.py
[2026-02-25T10:51:16.748+0000] {processor.py:914} INFO - Processing file /home/ubuntu/airflow/dags/microservice_spark_dag.py for tasks to queue
[2026-02-25T10:51:16.749+0000] {logging_mixin.py:190} INFO - [2026-02-25T10:51:16.749+0000] {dagbag.py:588} INFO - Filling up the DagBag from /home/ubuntu/airflow/dags/microservice_spark_dag.py
[2026-02-25T10:51:16.754+0000] {processor.py:925} INFO - DAG(s) 'microservice_spark_dag' retrieved from /home/ubuntu/airflow/dags/microservice_spark_dag.py
[2026-02-25T10:51:16.763+0000] {logging_mixin.py:190} INFO - [2026-02-25T10:51:16.763+0000] {dag.py:3239} INFO - Sync 1 DAGs
[2026-02-25T10:51:16.770+0000] {logging_mixin.py:190} INFO - [2026-02-25T10:51:16.770+0000] {dag.py:4180} INFO - Setting next_dagrun for microservice_spark_dag to None, run_after=None
[2026-02-25T10:51:16.786+0000] {processor.py:208} INFO - Processing /home/ubuntu/airflow/dags/microservice_spark_dag.py took 0.043 seconds
[2026-02-25T10:52:09.406+0000] {processor.py:186} INFO - Started process (PID=6554) to work on /home/ubuntu/airflow/dags/microservice_spark_dag.py
[2026-02-25T10:52:09.407+0000] {processor.py:914} INFO - Processing file /home/ubuntu/airflow/dags/microservice_spark_dag.py for tasks to queue
[2026-02-25T10:52:09.408+0000] {logging_mixin.py:190} INFO - [2026-02-25T10:52:09.408+0000] {dagbag.py:588} INFO - Filling up the DagBag from /home/ubuntu/airflow/dags/microservice_spark_dag.py
[2026-02-25T10:52:09.413+0000] {processor.py:925} INFO - DAG(s) 'microservice_spark_dag' retrieved from /home/ubuntu/airflow/dags/microservice_spark_dag.py
[2026-02-25T10:52:09.423+0000] {logging_mixin.py:190} INFO - [2026-02-25T10:52:09.423+0000] {dag.py:3239} INFO - Sync 1 DAGs
[2026-02-25T10:52:09.503+0000] {logging_mixin.py:190} INFO - [2026-02-25T10:52:09.503+0000] {dag.py:4180} INFO - Setting next_dagrun for microservice_spark_dag to None, run_after=None
[2026-02-25T10:52:09.518+0000] {processor.py:208} INFO - Processing /home/ubuntu/airflow/dags/microservice_spark_dag.py took 0.115 seconds
[2026-02-25T10:52:10.650+0000] {processor.py:186} INFO - Started process (PID=6555) to work on /home/ubuntu/airflow/dags/microservice_spark_dag.py
[2026-02-25T10:52:10.651+0000] {processor.py:914} INFO - Processing file /home/ubuntu/airflow/dags/microservice_spark_dag.py for tasks to queue
[2026-02-25T10:52:10.652+0000] {logging_mixin.py:190} INFO - [2026-02-25T10:52:10.652+0000] {dagbag.py:588} INFO - Filling up the DagBag from /home/ubuntu/airflow/dags/microservice_spark_dag.py
[2026-02-25T10:52:10.657+0000] {processor.py:925} INFO - DAG(s) 'microservice_spark_dag' retrieved from /home/ubuntu/airflow/dags/microservice_spark_dag.py
[2026-02-25T10:52:10.666+0000] {logging_mixin.py:190} INFO - [2026-02-25T10:52:10.665+0000] {dag.py:3239} INFO - Sync 1 DAGs
[2026-02-25T10:52:10.740+0000] {logging_mixin.py:190} INFO - [2026-02-25T10:52:10.740+0000] {dag.py:4180} INFO - Setting next_dagrun for microservice_spark_dag to None, run_after=None
[2026-02-25T10:52:10.754+0000] {processor.py:208} INFO - Processing /home/ubuntu/airflow/dags/microservice_spark_dag.py took 0.107 seconds
[2026-02-25T10:57:22.314+0000] {processor.py:186} INFO - Started process (PID=6971) to work on /home/ubuntu/airflow/dags/microservice_spark_dag.py
[2026-02-25T10:57:22.315+0000] {processor.py:914} INFO - Processing file /home/ubuntu/airflow/dags/microservice_spark_dag.py for tasks to queue
[2026-02-25T10:57:22.316+0000] {logging_mixin.py:190} INFO - [2026-02-25T10:57:22.316+0000] {dagbag.py:588} INFO - Filling up the DagBag from /home/ubuntu/airflow/dags/microservice_spark_dag.py
[2026-02-25T10:57:22.324+0000] {processor.py:925} INFO - DAG(s) 'microservice_spark_dag' retrieved from /home/ubuntu/airflow/dags/microservice_spark_dag.py
[2026-02-25T10:57:22.336+0000] {logging_mixin.py:190} INFO - [2026-02-25T10:57:22.336+0000] {dag.py:3239} INFO - Sync 1 DAGs
[2026-02-25T10:57:22.343+0000] {logging_mixin.py:190} INFO - [2026-02-25T10:57:22.343+0000] {dag.py:4180} INFO - Setting next_dagrun for microservice_spark_dag to None, run_after=None
[2026-02-25T10:57:22.359+0000] {processor.py:208} INFO - Processing /home/ubuntu/airflow/dags/microservice_spark_dag.py took 0.048 seconds
[2026-02-25T10:58:16.950+0000] {processor.py:186} INFO - Started process (PID=7399) to work on /home/ubuntu/airflow/dags/microservice_spark_dag.py
[2026-02-25T10:58:16.951+0000] {processor.py:914} INFO - Processing file /home/ubuntu/airflow/dags/microservice_spark_dag.py for tasks to queue
[2026-02-25T10:58:16.952+0000] {logging_mixin.py:190} INFO - [2026-02-25T10:58:16.952+0000] {dagbag.py:588} INFO - Filling up the DagBag from /home/ubuntu/airflow/dags/microservice_spark_dag.py
[2026-02-25T10:58:16.957+0000] {processor.py:925} INFO - DAG(s) 'microservice_spark_dag' retrieved from /home/ubuntu/airflow/dags/microservice_spark_dag.py
[2026-02-25T10:58:16.966+0000] {logging_mixin.py:190} INFO - [2026-02-25T10:58:16.966+0000] {dag.py:3239} INFO - Sync 1 DAGs
[2026-02-25T10:58:16.973+0000] {logging_mixin.py:190} INFO - [2026-02-25T10:58:16.973+0000] {dag.py:4180} INFO - Setting next_dagrun for microservice_spark_dag to None, run_after=None
[2026-02-25T10:58:16.990+0000] {processor.py:208} INFO - Processing /home/ubuntu/airflow/dags/microservice_spark_dag.py took 0.043 seconds
[2026-02-25T10:59:06.005+0000] {processor.py:186} INFO - Started process (PID=7457) to work on /home/ubuntu/airflow/dags/microservice_spark_dag.py
[2026-02-25T10:59:06.006+0000] {processor.py:914} INFO - Processing file /home/ubuntu/airflow/dags/microservice_spark_dag.py for tasks to queue
[2026-02-25T10:59:06.008+0000] {logging_mixin.py:190} INFO - [2026-02-25T10:59:06.007+0000] {dagbag.py:588} INFO - Filling up the DagBag from /home/ubuntu/airflow/dags/microservice_spark_dag.py
[2026-02-25T10:59:06.013+0000] {processor.py:925} INFO - DAG(s) 'microservice_spark_dag' retrieved from /home/ubuntu/airflow/dags/microservice_spark_dag.py
[2026-02-25T10:59:06.022+0000] {logging_mixin.py:190} INFO - [2026-02-25T10:59:06.022+0000] {dag.py:3239} INFO - Sync 1 DAGs
[2026-02-25T10:59:06.030+0000] {logging_mixin.py:190} INFO - [2026-02-25T10:59:06.029+0000] {dag.py:4180} INFO - Setting next_dagrun for microservice_spark_dag to None, run_after=None
[2026-02-25T10:59:06.046+0000] {processor.py:208} INFO - Processing /home/ubuntu/airflow/dags/microservice_spark_dag.py took 0.045 seconds
[2026-02-25T10:59:54.097+0000] {processor.py:186} INFO - Started process (PID=7508) to work on /home/ubuntu/airflow/dags/microservice_spark_dag.py
[2026-02-25T10:59:54.098+0000] {processor.py:914} INFO - Processing file /home/ubuntu/airflow/dags/microservice_spark_dag.py for tasks to queue
[2026-02-25T10:59:54.100+0000] {logging_mixin.py:190} INFO - [2026-02-25T10:59:54.099+0000] {dagbag.py:588} INFO - Filling up the DagBag from /home/ubuntu/airflow/dags/microservice_spark_dag.py
[2026-02-25T10:59:54.104+0000] {processor.py:925} INFO - DAG(s) 'microservice_spark_dag' retrieved from /home/ubuntu/airflow/dags/microservice_spark_dag.py
[2026-02-25T10:59:54.114+0000] {logging_mixin.py:190} INFO - [2026-02-25T10:59:54.114+0000] {dag.py:3239} INFO - Sync 1 DAGs
[2026-02-25T10:59:54.121+0000] {logging_mixin.py:190} INFO - [2026-02-25T10:59:54.121+0000] {dag.py:4180} INFO - Setting next_dagrun for microservice_spark_dag to None, run_after=None
[2026-02-25T10:59:54.137+0000] {processor.py:208} INFO - Processing /home/ubuntu/airflow/dags/microservice_spark_dag.py took 0.043 seconds
[2026-02-25T11:00:19.427+0000] {processor.py:186} INFO - Started process (PID=7916) to work on /home/ubuntu/airflow/dags/microservice_spark_dag.py
[2026-02-25T11:00:19.428+0000] {processor.py:914} INFO - Processing file /home/ubuntu/airflow/dags/microservice_spark_dag.py for tasks to queue
[2026-02-25T11:00:19.430+0000] {logging_mixin.py:190} INFO - [2026-02-25T11:00:19.429+0000] {dagbag.py:588} INFO - Filling up the DagBag from /home/ubuntu/airflow/dags/microservice_spark_dag.py
[2026-02-25T11:00:19.441+0000] {processor.py:925} INFO - DAG(s) 'microservice_spark_dag' retrieved from /home/ubuntu/airflow/dags/microservice_spark_dag.py
[2026-02-25T11:00:19.459+0000] {logging_mixin.py:190} INFO - [2026-02-25T11:00:19.459+0000] {dag.py:3239} INFO - Sync 1 DAGs
[2026-02-25T11:00:19.469+0000] {logging_mixin.py:190} INFO - [2026-02-25T11:00:19.469+0000] {dag.py:4180} INFO - Setting next_dagrun for microservice_spark_dag to None, run_after=None
[2026-02-25T11:00:19.489+0000] {processor.py:208} INFO - Processing /home/ubuntu/airflow/dags/microservice_spark_dag.py took 0.066 seconds
[2026-02-25T11:00:48.859+0000] {processor.py:186} INFO - Started process (PID=7978) to work on /home/ubuntu/airflow/dags/microservice_spark_dag.py
[2026-02-25T11:00:48.860+0000] {processor.py:914} INFO - Processing file /home/ubuntu/airflow/dags/microservice_spark_dag.py for tasks to queue
[2026-02-25T11:00:48.862+0000] {logging_mixin.py:190} INFO - [2026-02-25T11:00:48.862+0000] {dagbag.py:588} INFO - Filling up the DagBag from /home/ubuntu/airflow/dags/microservice_spark_dag.py
[2026-02-25T11:00:48.867+0000] {processor.py:925} INFO - DAG(s) 'microservice_spark_dag' retrieved from /home/ubuntu/airflow/dags/microservice_spark_dag.py
[2026-02-25T11:00:48.877+0000] {logging_mixin.py:190} INFO - [2026-02-25T11:00:48.877+0000] {dag.py:3239} INFO - Sync 1 DAGs
[2026-02-25T11:00:48.884+0000] {logging_mixin.py:190} INFO - [2026-02-25T11:00:48.884+0000] {dag.py:4180} INFO - Setting next_dagrun for microservice_spark_dag to None, run_after=None
[2026-02-25T11:00:48.900+0000] {processor.py:208} INFO - Processing /home/ubuntu/airflow/dags/microservice_spark_dag.py took 0.045 seconds
[2026-02-25T11:05:09.925+0000] {processor.py:186} INFO - Started process (PID=8040) to work on /home/ubuntu/airflow/dags/microservice_spark_dag.py
[2026-02-25T11:05:09.926+0000] {processor.py:914} INFO - Processing file /home/ubuntu/airflow/dags/microservice_spark_dag.py for tasks to queue
[2026-02-25T11:05:09.928+0000] {logging_mixin.py:190} INFO - [2026-02-25T11:05:09.927+0000] {dagbag.py:588} INFO - Filling up the DagBag from /home/ubuntu/airflow/dags/microservice_spark_dag.py
[2026-02-25T11:05:09.936+0000] {processor.py:925} INFO - DAG(s) 'microservice_spark_dag' retrieved from /home/ubuntu/airflow/dags/microservice_spark_dag.py
[2026-02-25T11:05:09.947+0000] {logging_mixin.py:190} INFO - [2026-02-25T11:05:09.947+0000] {dag.py:3239} INFO - Sync 1 DAGs
[2026-02-25T11:05:09.954+0000] {logging_mixin.py:190} INFO - [2026-02-25T11:05:09.954+0000] {dag.py:4180} INFO - Setting next_dagrun for microservice_spark_dag to None, run_after=None
[2026-02-25T11:05:09.969+0000] {processor.py:208} INFO - Processing /home/ubuntu/airflow/dags/microservice_spark_dag.py took 0.046 seconds
[2026-02-25T11:05:43.652+0000] {processor.py:186} INFO - Started process (PID=8084) to work on /home/ubuntu/airflow/dags/microservice_spark_dag.py
[2026-02-25T11:05:43.653+0000] {processor.py:914} INFO - Processing file /home/ubuntu/airflow/dags/microservice_spark_dag.py for tasks to queue
[2026-02-25T11:05:43.654+0000] {logging_mixin.py:190} INFO - [2026-02-25T11:05:43.654+0000] {dagbag.py:588} INFO - Filling up the DagBag from /home/ubuntu/airflow/dags/microservice_spark_dag.py
[2026-02-25T11:05:43.662+0000] {processor.py:925} INFO - DAG(s) 'microservice_spark_dag' retrieved from /home/ubuntu/airflow/dags/microservice_spark_dag.py
[2026-02-25T11:05:43.674+0000] {logging_mixin.py:190} INFO - [2026-02-25T11:05:43.674+0000] {dag.py:3239} INFO - Sync 1 DAGs
[2026-02-25T11:05:43.681+0000] {logging_mixin.py:190} INFO - [2026-02-25T11:05:43.681+0000] {dag.py:4180} INFO - Setting next_dagrun for microservice_spark_dag to None, run_after=None
[2026-02-25T11:05:43.696+0000] {processor.py:208} INFO - Processing /home/ubuntu/airflow/dags/microservice_spark_dag.py took 0.047 seconds
[2026-02-25T11:06:04.641+0000] {processor.py:186} INFO - Started process (PID=8128) to work on /home/ubuntu/airflow/dags/microservice_spark_dag.py
[2026-02-25T11:06:04.642+0000] {processor.py:914} INFO - Processing file /home/ubuntu/airflow/dags/microservice_spark_dag.py for tasks to queue
[2026-02-25T11:06:04.643+0000] {logging_mixin.py:190} INFO - [2026-02-25T11:06:04.643+0000] {dagbag.py:588} INFO - Filling up the DagBag from /home/ubuntu/airflow/dags/microservice_spark_dag.py
[2026-02-25T11:06:04.648+0000] {processor.py:925} INFO - DAG(s) 'microservice_spark_dag' retrieved from /home/ubuntu/airflow/dags/microservice_spark_dag.py
[2026-02-25T11:06:04.657+0000] {logging_mixin.py:190} INFO - [2026-02-25T11:06:04.657+0000] {dag.py:3239} INFO - Sync 1 DAGs
[2026-02-25T11:06:04.664+0000] {logging_mixin.py:190} INFO - [2026-02-25T11:06:04.664+0000] {dag.py:4180} INFO - Setting next_dagrun for microservice_spark_dag to None, run_after=None
[2026-02-25T11:06:04.680+0000] {processor.py:208} INFO - Processing /home/ubuntu/airflow/dags/microservice_spark_dag.py took 0.042 seconds
[2026-02-25T11:06:38.264+0000] {processor.py:186} INFO - Started process (PID=8199) to work on /home/ubuntu/airflow/dags/microservice_spark_dag.py
[2026-02-25T11:06:38.265+0000] {processor.py:914} INFO - Processing file /home/ubuntu/airflow/dags/microservice_spark_dag.py for tasks to queue
[2026-02-25T11:06:38.267+0000] {logging_mixin.py:190} INFO - [2026-02-25T11:06:38.266+0000] {dagbag.py:588} INFO - Filling up the DagBag from /home/ubuntu/airflow/dags/microservice_spark_dag.py
[2026-02-25T11:06:38.272+0000] {processor.py:925} INFO - DAG(s) 'microservice_spark_dag' retrieved from /home/ubuntu/airflow/dags/microservice_spark_dag.py
[2026-02-25T11:06:38.281+0000] {logging_mixin.py:190} INFO - [2026-02-25T11:06:38.281+0000] {dag.py:3239} INFO - Sync 1 DAGs
[2026-02-25T11:06:38.289+0000] {logging_mixin.py:190} INFO - [2026-02-25T11:06:38.289+0000] {dag.py:4180} INFO - Setting next_dagrun for microservice_spark_dag to None, run_after=None
[2026-02-25T11:06:38.306+0000] {processor.py:208} INFO - Processing /home/ubuntu/airflow/dags/microservice_spark_dag.py took 0.045 seconds
[2026-02-25T11:06:52.474+0000] {processor.py:186} INFO - Started process (PID=8230) to work on /home/ubuntu/airflow/dags/microservice_spark_dag.py
[2026-02-25T11:06:52.474+0000] {processor.py:914} INFO - Processing file /home/ubuntu/airflow/dags/microservice_spark_dag.py for tasks to queue
[2026-02-25T11:06:52.476+0000] {logging_mixin.py:190} INFO - [2026-02-25T11:06:52.475+0000] {dagbag.py:588} INFO - Filling up the DagBag from /home/ubuntu/airflow/dags/microservice_spark_dag.py
[2026-02-25T11:06:52.480+0000] {processor.py:925} INFO - DAG(s) 'microservice_spark_dag' retrieved from /home/ubuntu/airflow/dags/microservice_spark_dag.py
[2026-02-25T11:06:52.490+0000] {logging_mixin.py:190} INFO - [2026-02-25T11:06:52.490+0000] {dag.py:3239} INFO - Sync 1 DAGs
[2026-02-25T11:06:52.497+0000] {logging_mixin.py:190} INFO - [2026-02-25T11:06:52.497+0000] {dag.py:4180} INFO - Setting next_dagrun for microservice_spark_dag to None, run_after=None
[2026-02-25T11:06:52.513+0000] {processor.py:208} INFO - Processing /home/ubuntu/airflow/dags/microservice_spark_dag.py took 0.043 seconds
[2026-02-25T11:07:26.209+0000] {processor.py:186} INFO - Started process (PID=8303) to work on /home/ubuntu/airflow/dags/microservice_spark_dag.py
[2026-02-25T11:07:26.210+0000] {processor.py:914} INFO - Processing file /home/ubuntu/airflow/dags/microservice_spark_dag.py for tasks to queue
[2026-02-25T11:07:26.211+0000] {logging_mixin.py:190} INFO - [2026-02-25T11:07:26.211+0000] {dagbag.py:588} INFO - Filling up the DagBag from /home/ubuntu/airflow/dags/microservice_spark_dag.py
[2026-02-25T11:07:26.216+0000] {processor.py:925} INFO - DAG(s) 'microservice_spark_dag' retrieved from /home/ubuntu/airflow/dags/microservice_spark_dag.py
[2026-02-25T11:07:26.225+0000] {logging_mixin.py:190} INFO - [2026-02-25T11:07:26.225+0000] {dag.py:3239} INFO - Sync 1 DAGs
[2026-02-25T11:07:26.232+0000] {logging_mixin.py:190} INFO - [2026-02-25T11:07:26.232+0000] {dag.py:4180} INFO - Setting next_dagrun for microservice_spark_dag to None, run_after=None
[2026-02-25T11:07:26.248+0000] {processor.py:208} INFO - Processing /home/ubuntu/airflow/dags/microservice_spark_dag.py took 0.043 seconds
[2026-02-25T11:07:38.728+0000] {processor.py:186} INFO - Started process (PID=8328) to work on /home/ubuntu/airflow/dags/microservice_spark_dag.py
[2026-02-25T11:07:38.729+0000] {processor.py:914} INFO - Processing file /home/ubuntu/airflow/dags/microservice_spark_dag.py for tasks to queue
[2026-02-25T11:07:38.730+0000] {logging_mixin.py:190} INFO - [2026-02-25T11:07:38.730+0000] {dagbag.py:588} INFO - Filling up the DagBag from /home/ubuntu/airflow/dags/microservice_spark_dag.py
[2026-02-25T11:07:38.735+0000] {processor.py:925} INFO - DAG(s) 'microservice_spark_dag' retrieved from /home/ubuntu/airflow/dags/microservice_spark_dag.py
[2026-02-25T11:07:38.744+0000] {logging_mixin.py:190} INFO - [2026-02-25T11:07:38.744+0000] {dag.py:3239} INFO - Sync 1 DAGs
[2026-02-25T11:07:38.751+0000] {logging_mixin.py:190} INFO - [2026-02-25T11:07:38.751+0000] {dag.py:4180} INFO - Setting next_dagrun for microservice_spark_dag to None, run_after=None
[2026-02-25T11:07:38.770+0000] {processor.py:208} INFO - Processing /home/ubuntu/airflow/dags/microservice_spark_dag.py took 0.045 seconds
[2026-02-25T11:08:12.455+0000] {processor.py:186} INFO - Started process (PID=8403) to work on /home/ubuntu/airflow/dags/microservice_spark_dag.py
[2026-02-25T11:08:12.456+0000] {processor.py:914} INFO - Processing file /home/ubuntu/airflow/dags/microservice_spark_dag.py for tasks to queue
[2026-02-25T11:08:12.457+0000] {logging_mixin.py:190} INFO - [2026-02-25T11:08:12.457+0000] {dagbag.py:588} INFO - Filling up the DagBag from /home/ubuntu/airflow/dags/microservice_spark_dag.py
[2026-02-25T11:08:12.462+0000] {processor.py:925} INFO - DAG(s) 'microservice_spark_dag' retrieved from /home/ubuntu/airflow/dags/microservice_spark_dag.py
[2026-02-25T11:08:12.472+0000] {logging_mixin.py:190} INFO - [2026-02-25T11:08:12.472+0000] {dag.py:3239} INFO - Sync 1 DAGs
[2026-02-25T11:08:12.479+0000] {logging_mixin.py:190} INFO - [2026-02-25T11:08:12.479+0000] {dag.py:4180} INFO - Setting next_dagrun for microservice_spark_dag to None, run_after=None
[2026-02-25T11:08:12.496+0000] {processor.py:208} INFO - Processing /home/ubuntu/airflow/dags/microservice_spark_dag.py took 0.045 seconds
[2026-02-25T11:08:29.685+0000] {processor.py:186} INFO - Started process (PID=8449) to work on /home/ubuntu/airflow/dags/microservice_spark_dag.py
[2026-02-25T11:08:29.685+0000] {processor.py:914} INFO - Processing file /home/ubuntu/airflow/dags/microservice_spark_dag.py for tasks to queue
[2026-02-25T11:08:29.687+0000] {logging_mixin.py:190} INFO - [2026-02-25T11:08:29.686+0000] {dagbag.py:588} INFO - Filling up the DagBag from /home/ubuntu/airflow/dags/microservice_spark_dag.py
[2026-02-25T11:08:29.691+0000] {processor.py:925} INFO - DAG(s) 'microservice_spark_dag' retrieved from /home/ubuntu/airflow/dags/microservice_spark_dag.py
[2026-02-25T11:08:29.701+0000] {logging_mixin.py:190} INFO - [2026-02-25T11:08:29.701+0000] {dag.py:3239} INFO - Sync 1 DAGs
[2026-02-25T11:08:29.708+0000] {logging_mixin.py:190} INFO - [2026-02-25T11:08:29.708+0000] {dag.py:4180} INFO - Setting next_dagrun for microservice_spark_dag to None, run_after=None
[2026-02-25T11:08:29.724+0000] {processor.py:208} INFO - Processing /home/ubuntu/airflow/dags/microservice_spark_dag.py took 0.042 seconds
[2026-02-25T11:09:02.494+0000] {processor.py:186} INFO - Started process (PID=8525) to work on /home/ubuntu/airflow/dags/microservice_spark_dag.py
[2026-02-25T11:09:02.495+0000] {processor.py:914} INFO - Processing file /home/ubuntu/airflow/dags/microservice_spark_dag.py for tasks to queue
[2026-02-25T11:09:02.497+0000] {logging_mixin.py:190} INFO - [2026-02-25T11:09:02.496+0000] {dagbag.py:588} INFO - Filling up the DagBag from /home/ubuntu/airflow/dags/microservice_spark_dag.py
[2026-02-25T11:09:02.502+0000] {processor.py:925} INFO - DAG(s) 'microservice_spark_dag' retrieved from /home/ubuntu/airflow/dags/microservice_spark_dag.py
[2026-02-25T11:09:02.512+0000] {logging_mixin.py:190} INFO - [2026-02-25T11:09:02.512+0000] {dag.py:3239} INFO - Sync 1 DAGs
[2026-02-25T11:09:02.520+0000] {logging_mixin.py:190} INFO - [2026-02-25T11:09:02.519+0000] {dag.py:4180} INFO - Setting next_dagrun for microservice_spark_dag to None, run_after=None
[2026-02-25T11:09:02.536+0000] {processor.py:208} INFO - Processing /home/ubuntu/airflow/dags/microservice_spark_dag.py took 0.046 seconds
[2026-02-25T11:09:22.501+0000] {processor.py:186} INFO - Started process (PID=8565) to work on /home/ubuntu/airflow/dags/microservice_spark_dag.py
[2026-02-25T11:09:22.501+0000] {processor.py:914} INFO - Processing file /home/ubuntu/airflow/dags/microservice_spark_dag.py for tasks to queue
[2026-02-25T11:09:22.503+0000] {logging_mixin.py:190} INFO - [2026-02-25T11:09:22.502+0000] {dagbag.py:588} INFO - Filling up the DagBag from /home/ubuntu/airflow/dags/microservice_spark_dag.py
[2026-02-25T11:09:22.508+0000] {processor.py:925} INFO - DAG(s) 'microservice_spark_dag' retrieved from /home/ubuntu/airflow/dags/microservice_spark_dag.py
[2026-02-25T11:09:22.518+0000] {logging_mixin.py:190} INFO - [2026-02-25T11:09:22.518+0000] {dag.py:3239} INFO - Sync 1 DAGs
[2026-02-25T11:09:22.526+0000] {logging_mixin.py:190} INFO - [2026-02-25T11:09:22.526+0000] {dag.py:4180} INFO - Setting next_dagrun for microservice_spark_dag to None, run_after=None
[2026-02-25T11:09:22.543+0000] {processor.py:208} INFO - Processing /home/ubuntu/airflow/dags/microservice_spark_dag.py took 0.046 seconds
[2026-02-25T11:09:53.461+0000] {processor.py:186} INFO - Started process (PID=8631) to work on /home/ubuntu/airflow/dags/microservice_spark_dag.py
[2026-02-25T11:09:53.462+0000] {processor.py:914} INFO - Processing file /home/ubuntu/airflow/dags/microservice_spark_dag.py for tasks to queue
[2026-02-25T11:09:53.463+0000] {logging_mixin.py:190} INFO - [2026-02-25T11:09:53.463+0000] {dagbag.py:588} INFO - Filling up the DagBag from /home/ubuntu/airflow/dags/microservice_spark_dag.py
[2026-02-25T11:09:53.468+0000] {processor.py:925} INFO - DAG(s) 'microservice_spark_dag' retrieved from /home/ubuntu/airflow/dags/microservice_spark_dag.py
[2026-02-25T11:09:53.478+0000] {logging_mixin.py:190} INFO - [2026-02-25T11:09:53.477+0000] {dag.py:3239} INFO - Sync 1 DAGs
[2026-02-25T11:09:53.485+0000] {logging_mixin.py:190} INFO - [2026-02-25T11:09:53.485+0000] {dag.py:4180} INFO - Setting next_dagrun for microservice_spark_dag to None, run_after=None
[2026-02-25T11:09:53.502+0000] {processor.py:208} INFO - Processing /home/ubuntu/airflow/dags/microservice_spark_dag.py took 0.044 seconds
[2026-02-25T11:10:10.185+0000] {processor.py:186} INFO - Started process (PID=8669) to work on /home/ubuntu/airflow/dags/microservice_spark_dag.py
[2026-02-25T11:10:10.185+0000] {processor.py:914} INFO - Processing file /home/ubuntu/airflow/dags/microservice_spark_dag.py for tasks to queue
[2026-02-25T11:10:10.186+0000] {logging_mixin.py:190} INFO - [2026-02-25T11:10:10.186+0000] {dagbag.py:588} INFO - Filling up the DagBag from /home/ubuntu/airflow/dags/microservice_spark_dag.py
[2026-02-25T11:10:10.191+0000] {processor.py:925} INFO - DAG(s) 'microservice_spark_dag' retrieved from /home/ubuntu/airflow/dags/microservice_spark_dag.py
[2026-02-25T11:10:10.200+0000] {logging_mixin.py:190} INFO - [2026-02-25T11:10:10.200+0000] {dag.py:3239} INFO - Sync 1 DAGs
[2026-02-25T11:10:10.208+0000] {logging_mixin.py:190} INFO - [2026-02-25T11:10:10.208+0000] {dag.py:4180} INFO - Setting next_dagrun for microservice_spark_dag to None, run_after=None
[2026-02-25T11:10:10.224+0000] {processor.py:208} INFO - Processing /home/ubuntu/airflow/dags/microservice_spark_dag.py took 0.043 seconds
[2026-02-25T11:10:43.621+0000] {processor.py:186} INFO - Started process (PID=8738) to work on /home/ubuntu/airflow/dags/microservice_spark_dag.py
[2026-02-25T11:10:43.622+0000] {processor.py:914} INFO - Processing file /home/ubuntu/airflow/dags/microservice_spark_dag.py for tasks to queue
[2026-02-25T11:10:43.623+0000] {logging_mixin.py:190} INFO - [2026-02-25T11:10:43.623+0000] {dagbag.py:588} INFO - Filling up the DagBag from /home/ubuntu/airflow/dags/microservice_spark_dag.py
[2026-02-25T11:10:43.628+0000] {processor.py:925} INFO - DAG(s) 'microservice_spark_dag' retrieved from /home/ubuntu/airflow/dags/microservice_spark_dag.py
[2026-02-25T11:10:43.638+0000] {logging_mixin.py:190} INFO - [2026-02-25T11:10:43.638+0000] {dag.py:3239} INFO - Sync 1 DAGs
[2026-02-25T11:10:43.654+0000] {logging_mixin.py:190} INFO - [2026-02-25T11:10:43.653+0000] {dag.py:4180} INFO - Setting next_dagrun for microservice_spark_dag to None, run_after=None
[2026-02-25T11:10:43.670+0000] {processor.py:208} INFO - Processing /home/ubuntu/airflow/dags/microservice_spark_dag.py took 0.053 seconds
[2026-02-25T11:11:00.381+0000] {processor.py:186} INFO - Started process (PID=8772) to work on /home/ubuntu/airflow/dags/microservice_spark_dag.py
[2026-02-25T11:11:00.382+0000] {processor.py:914} INFO - Processing file /home/ubuntu/airflow/dags/microservice_spark_dag.py for tasks to queue
[2026-02-25T11:11:00.383+0000] {logging_mixin.py:190} INFO - [2026-02-25T11:11:00.383+0000] {dagbag.py:588} INFO - Filling up the DagBag from /home/ubuntu/airflow/dags/microservice_spark_dag.py
[2026-02-25T11:11:00.388+0000] {processor.py:925} INFO - DAG(s) 'microservice_spark_dag' retrieved from /home/ubuntu/airflow/dags/microservice_spark_dag.py
[2026-02-25T11:11:00.398+0000] {logging_mixin.py:190} INFO - [2026-02-25T11:11:00.398+0000] {dag.py:3239} INFO - Sync 1 DAGs
[2026-02-25T11:11:00.405+0000] {logging_mixin.py:190} INFO - [2026-02-25T11:11:00.405+0000] {dag.py:4180} INFO - Setting next_dagrun for microservice_spark_dag to None, run_after=None
[2026-02-25T11:11:00.494+0000] {processor.py:208} INFO - Processing /home/ubuntu/airflow/dags/microservice_spark_dag.py took 0.117 seconds
[2026-02-25T11:11:36.350+0000] {processor.py:186} INFO - Started process (PID=8845) to work on /home/ubuntu/airflow/dags/microservice_spark_dag.py
[2026-02-25T11:11:36.351+0000] {processor.py:914} INFO - Processing file /home/ubuntu/airflow/dags/microservice_spark_dag.py for tasks to queue
[2026-02-25T11:11:36.353+0000] {logging_mixin.py:190} INFO - [2026-02-25T11:11:36.353+0000] {dagbag.py:588} INFO - Filling up the DagBag from /home/ubuntu/airflow/dags/microservice_spark_dag.py
[2026-02-25T11:11:36.358+0000] {processor.py:925} INFO - DAG(s) 'microservice_spark_dag' retrieved from /home/ubuntu/airflow/dags/microservice_spark_dag.py
[2026-02-25T11:11:36.368+0000] {logging_mixin.py:190} INFO - [2026-02-25T11:11:36.368+0000] {dag.py:3239} INFO - Sync 1 DAGs
[2026-02-25T11:11:36.376+0000] {logging_mixin.py:190} INFO - [2026-02-25T11:11:36.375+0000] {dag.py:4180} INFO - Setting next_dagrun for microservice_spark_dag to None, run_after=None
[2026-02-25T11:11:36.465+0000] {processor.py:208} INFO - Processing /home/ubuntu/airflow/dags/microservice_spark_dag.py took 0.118 seconds
[2026-02-25T11:11:53.700+0000] {processor.py:186} INFO - Started process (PID=8888) to work on /home/ubuntu/airflow/dags/microservice_spark_dag.py
[2026-02-25T11:11:53.701+0000] {processor.py:914} INFO - Processing file /home/ubuntu/airflow/dags/microservice_spark_dag.py for tasks to queue
[2026-02-25T11:11:53.702+0000] {logging_mixin.py:190} INFO - [2026-02-25T11:11:53.702+0000] {dagbag.py:588} INFO - Filling up the DagBag from /home/ubuntu/airflow/dags/microservice_spark_dag.py
[2026-02-25T11:11:53.708+0000] {processor.py:925} INFO - DAG(s) 'microservice_spark_dag' retrieved from /home/ubuntu/airflow/dags/microservice_spark_dag.py
[2026-02-25T11:11:53.721+0000] {logging_mixin.py:190} INFO - [2026-02-25T11:11:53.721+0000] {dag.py:3239} INFO - Sync 1 DAGs
[2026-02-25T11:11:53.729+0000] {logging_mixin.py:190} INFO - [2026-02-25T11:11:53.729+0000] {dag.py:4180} INFO - Setting next_dagrun for microservice_spark_dag to None, run_after=None
[2026-02-25T11:11:53.755+0000] {processor.py:208} INFO - Processing /home/ubuntu/airflow/dags/microservice_spark_dag.py took 0.059 seconds
[2026-02-25T11:12:31.136+0000] {processor.py:186} INFO - Started process (PID=8964) to work on /home/ubuntu/airflow/dags/microservice_spark_dag.py
[2026-02-25T11:12:31.137+0000] {processor.py:914} INFO - Processing file /home/ubuntu/airflow/dags/microservice_spark_dag.py for tasks to queue
[2026-02-25T11:12:31.139+0000] {logging_mixin.py:190} INFO - [2026-02-25T11:12:31.139+0000] {dagbag.py:588} INFO - Filling up the DagBag from /home/ubuntu/airflow/dags/microservice_spark_dag.py
[2026-02-25T11:12:31.144+0000] {processor.py:925} INFO - DAG(s) 'microservice_spark_dag' retrieved from /home/ubuntu/airflow/dags/microservice_spark_dag.py
[2026-02-25T11:12:31.154+0000] {logging_mixin.py:190} INFO - [2026-02-25T11:12:31.154+0000] {dag.py:3239} INFO - Sync 1 DAGs
[2026-02-25T11:12:31.162+0000] {logging_mixin.py:190} INFO - [2026-02-25T11:12:31.162+0000] {dag.py:4180} INFO - Setting next_dagrun for microservice_spark_dag to None, run_after=None
[2026-02-25T11:12:31.178+0000] {processor.py:208} INFO - Processing /home/ubuntu/airflow/dags/microservice_spark_dag.py took 0.046 seconds
[2026-02-25T11:12:42.787+0000] {processor.py:186} INFO - Started process (PID=8987) to work on /home/ubuntu/airflow/dags/microservice_spark_dag.py
[2026-02-25T11:12:42.788+0000] {processor.py:914} INFO - Processing file /home/ubuntu/airflow/dags/microservice_spark_dag.py for tasks to queue
[2026-02-25T11:12:42.789+0000] {logging_mixin.py:190} INFO - [2026-02-25T11:12:42.789+0000] {dagbag.py:588} INFO - Filling up the DagBag from /home/ubuntu/airflow/dags/microservice_spark_dag.py
[2026-02-25T11:12:42.795+0000] {processor.py:925} INFO - DAG(s) 'microservice_spark_dag' retrieved from /home/ubuntu/airflow/dags/microservice_spark_dag.py
[2026-02-25T11:12:42.805+0000] {logging_mixin.py:190} INFO - [2026-02-25T11:12:42.804+0000] {dag.py:3239} INFO - Sync 1 DAGs
[2026-02-25T11:12:42.812+0000] {logging_mixin.py:190} INFO - [2026-02-25T11:12:42.812+0000] {dag.py:4180} INFO - Setting next_dagrun for microservice_spark_dag to None, run_after=None
[2026-02-25T11:12:42.830+0000] {processor.py:208} INFO - Processing /home/ubuntu/airflow/dags/microservice_spark_dag.py took 0.046 seconds
[2026-02-25T11:13:25.779+0000] {processor.py:186} INFO - Started process (PID=9075) to work on /home/ubuntu/airflow/dags/microservice_spark_dag.py
[2026-02-25T11:13:25.780+0000] {processor.py:914} INFO - Processing file /home/ubuntu/airflow/dags/microservice_spark_dag.py for tasks to queue
[2026-02-25T11:13:25.782+0000] {logging_mixin.py:190} INFO - [2026-02-25T11:13:25.781+0000] {dagbag.py:588} INFO - Filling up the DagBag from /home/ubuntu/airflow/dags/microservice_spark_dag.py
[2026-02-25T11:13:25.787+0000] {processor.py:925} INFO - DAG(s) 'microservice_spark_dag' retrieved from /home/ubuntu/airflow/dags/microservice_spark_dag.py
[2026-02-25T11:13:25.797+0000] {logging_mixin.py:190} INFO - [2026-02-25T11:13:25.797+0000] {dag.py:3239} INFO - Sync 1 DAGs
[2026-02-25T11:13:25.805+0000] {logging_mixin.py:190} INFO - [2026-02-25T11:13:25.805+0000] {dag.py:4180} INFO - Setting next_dagrun for microservice_spark_dag to None, run_after=None
[2026-02-25T11:13:25.822+0000] {processor.py:208} INFO - Processing /home/ubuntu/airflow/dags/microservice_spark_dag.py took 0.047 seconds
[2026-02-25T11:13:36.329+0000] {processor.py:186} INFO - Started process (PID=9097) to work on /home/ubuntu/airflow/dags/microservice_spark_dag.py
[2026-02-25T11:13:36.330+0000] {processor.py:914} INFO - Processing file /home/ubuntu/airflow/dags/microservice_spark_dag.py for tasks to queue
[2026-02-25T11:13:36.331+0000] {logging_mixin.py:190} INFO - [2026-02-25T11:13:36.331+0000] {dagbag.py:588} INFO - Filling up the DagBag from /home/ubuntu/airflow/dags/microservice_spark_dag.py
[2026-02-25T11:13:36.336+0000] {processor.py:925} INFO - DAG(s) 'microservice_spark_dag' retrieved from /home/ubuntu/airflow/dags/microservice_spark_dag.py
[2026-02-25T11:13:36.346+0000] {logging_mixin.py:190} INFO - [2026-02-25T11:13:36.346+0000] {dag.py:3239} INFO - Sync 1 DAGs
[2026-02-25T11:13:36.354+0000] {logging_mixin.py:190} INFO - [2026-02-25T11:13:36.354+0000] {dag.py:4180} INFO - Setting next_dagrun for microservice_spark_dag to None, run_after=None
[2026-02-25T11:13:36.372+0000] {processor.py:208} INFO - Processing /home/ubuntu/airflow/dags/microservice_spark_dag.py took 0.046 seconds
[2026-02-25T11:14:18.066+0000] {processor.py:186} INFO - Started process (PID=9184) to work on /home/ubuntu/airflow/dags/microservice_spark_dag.py
[2026-02-25T11:14:18.067+0000] {processor.py:914} INFO - Processing file /home/ubuntu/airflow/dags/microservice_spark_dag.py for tasks to queue
[2026-02-25T11:14:18.068+0000] {logging_mixin.py:190} INFO - [2026-02-25T11:14:18.068+0000] {dagbag.py:588} INFO - Filling up the DagBag from /home/ubuntu/airflow/dags/microservice_spark_dag.py
[2026-02-25T11:14:18.073+0000] {processor.py:925} INFO - DAG(s) 'microservice_spark_dag' retrieved from /home/ubuntu/airflow/dags/microservice_spark_dag.py
[2026-02-25T11:14:18.084+0000] {logging_mixin.py:190} INFO - [2026-02-25T11:14:18.084+0000] {dag.py:3239} INFO - Sync 1 DAGs
[2026-02-25T11:14:18.092+0000] {logging_mixin.py:190} INFO - [2026-02-25T11:14:18.092+0000] {dag.py:4180} INFO - Setting next_dagrun for microservice_spark_dag to None, run_after=None
[2026-02-25T11:14:18.109+0000] {processor.py:208} INFO - Processing /home/ubuntu/airflow/dags/microservice_spark_dag.py took 0.047 seconds
[2026-02-25T11:14:26.517+0000] {processor.py:186} INFO - Started process (PID=9200) to work on /home/ubuntu/airflow/dags/microservice_spark_dag.py
[2026-02-25T11:14:26.518+0000] {processor.py:914} INFO - Processing file /home/ubuntu/airflow/dags/microservice_spark_dag.py for tasks to queue
[2026-02-25T11:14:26.519+0000] {logging_mixin.py:190} INFO - [2026-02-25T11:14:26.519+0000] {dagbag.py:588} INFO - Filling up the DagBag from /home/ubuntu/airflow/dags/microservice_spark_dag.py
[2026-02-25T11:14:26.524+0000] {processor.py:925} INFO - DAG(s) 'microservice_spark_dag' retrieved from /home/ubuntu/airflow/dags/microservice_spark_dag.py
[2026-02-25T11:14:26.534+0000] {logging_mixin.py:190} INFO - [2026-02-25T11:14:26.534+0000] {dag.py:3239} INFO - Sync 1 DAGs
[2026-02-25T11:14:26.542+0000] {logging_mixin.py:190} INFO - [2026-02-25T11:14:26.542+0000] {dag.py:4180} INFO - Setting next_dagrun for microservice_spark_dag to None, run_after=None
[2026-02-25T11:14:26.559+0000] {processor.py:208} INFO - Processing /home/ubuntu/airflow/dags/microservice_spark_dag.py took 0.046 seconds
[2026-02-25T11:15:12.017+0000] {processor.py:186} INFO - Started process (PID=9301) to work on /home/ubuntu/airflow/dags/microservice_spark_dag.py
[2026-02-25T11:15:12.019+0000] {processor.py:914} INFO - Processing file /home/ubuntu/airflow/dags/microservice_spark_dag.py for tasks to queue
[2026-02-25T11:15:12.020+0000] {logging_mixin.py:190} INFO - [2026-02-25T11:15:12.020+0000] {dagbag.py:588} INFO - Filling up the DagBag from /home/ubuntu/airflow/dags/microservice_spark_dag.py
[2026-02-25T11:15:12.025+0000] {processor.py:925} INFO - DAG(s) 'microservice_spark_dag' retrieved from /home/ubuntu/airflow/dags/microservice_spark_dag.py
[2026-02-25T11:15:12.035+0000] {logging_mixin.py:190} INFO - [2026-02-25T11:15:12.035+0000] {dag.py:3239} INFO - Sync 1 DAGs
[2026-02-25T11:15:12.043+0000] {logging_mixin.py:190} INFO - [2026-02-25T11:15:12.043+0000] {dag.py:4180} INFO - Setting next_dagrun for microservice_spark_dag to None, run_after=None
[2026-02-25T11:15:12.060+0000] {processor.py:208} INFO - Processing /home/ubuntu/airflow/dags/microservice_spark_dag.py took 0.047 seconds
[2026-02-25T11:15:12.764+0000] {processor.py:186} INFO - Started process (PID=9302) to work on /home/ubuntu/airflow/dags/microservice_spark_dag.py
[2026-02-25T11:15:12.764+0000] {processor.py:914} INFO - Processing file /home/ubuntu/airflow/dags/microservice_spark_dag.py for tasks to queue
[2026-02-25T11:15:12.766+0000] {logging_mixin.py:190} INFO - [2026-02-25T11:15:12.765+0000] {dagbag.py:588} INFO - Filling up the DagBag from /home/ubuntu/airflow/dags/microservice_spark_dag.py
[2026-02-25T11:15:12.771+0000] {processor.py:925} INFO - DAG(s) 'microservice_spark_dag' retrieved from /home/ubuntu/airflow/dags/microservice_spark_dag.py
[2026-02-25T11:15:12.781+0000] {logging_mixin.py:190} INFO - [2026-02-25T11:15:12.781+0000] {dag.py:3239} INFO - Sync 1 DAGs
[2026-02-25T11:15:12.790+0000] {logging_mixin.py:190} INFO - [2026-02-25T11:15:12.789+0000] {dag.py:4180} INFO - Setting next_dagrun for microservice_spark_dag to None, run_after=None
[2026-02-25T11:15:12.806+0000] {processor.py:208} INFO - Processing /home/ubuntu/airflow/dags/microservice_spark_dag.py took 0.047 seconds
[2026-02-25T11:15:59.921+0000] {processor.py:186} INFO - Started process (PID=9401) to work on /home/ubuntu/airflow/dags/microservice_spark_dag.py
[2026-02-25T11:15:59.922+0000] {processor.py:914} INFO - Processing file /home/ubuntu/airflow/dags/microservice_spark_dag.py for tasks to queue
[2026-02-25T11:15:59.923+0000] {logging_mixin.py:190} INFO - [2026-02-25T11:15:59.923+0000] {dagbag.py:588} INFO - Filling up the DagBag from /home/ubuntu/airflow/dags/microservice_spark_dag.py
[2026-02-25T11:15:59.929+0000] {processor.py:925} INFO - DAG(s) 'microservice_spark_dag' retrieved from /home/ubuntu/airflow/dags/microservice_spark_dag.py
[2026-02-25T11:15:59.939+0000] {logging_mixin.py:190} INFO - [2026-02-25T11:15:59.939+0000] {dag.py:3239} INFO - Sync 1 DAGs
[2026-02-25T11:15:59.947+0000] {logging_mixin.py:190} INFO - [2026-02-25T11:15:59.947+0000] {dag.py:4180} INFO - Setting next_dagrun for microservice_spark_dag to None, run_after=None
[2026-02-25T11:15:59.964+0000] {processor.py:208} INFO - Processing /home/ubuntu/airflow/dags/microservice_spark_dag.py took 0.048 seconds
[2026-02-25T11:16:02.396+0000] {processor.py:186} INFO - Started process (PID=9406) to work on /home/ubuntu/airflow/dags/microservice_spark_dag.py
[2026-02-25T11:16:02.396+0000] {processor.py:914} INFO - Processing file /home/ubuntu/airflow/dags/microservice_spark_dag.py for tasks to queue
[2026-02-25T11:16:02.398+0000] {logging_mixin.py:190} INFO - [2026-02-25T11:16:02.397+0000] {dagbag.py:588} INFO - Filling up the DagBag from /home/ubuntu/airflow/dags/microservice_spark_dag.py
[2026-02-25T11:16:02.403+0000] {processor.py:925} INFO - DAG(s) 'microservice_spark_dag' retrieved from /home/ubuntu/airflow/dags/microservice_spark_dag.py
[2026-02-25T11:16:02.413+0000] {logging_mixin.py:190} INFO - [2026-02-25T11:16:02.413+0000] {dag.py:3239} INFO - Sync 1 DAGs
[2026-02-25T11:16:02.421+0000] {logging_mixin.py:190} INFO - [2026-02-25T11:16:02.421+0000] {dag.py:4180} INFO - Setting next_dagrun for microservice_spark_dag to None, run_after=None
[2026-02-25T11:16:02.437+0000] {processor.py:208} INFO - Processing /home/ubuntu/airflow/dags/microservice_spark_dag.py took 0.045 seconds
[2026-02-25T11:16:49.305+0000] {processor.py:186} INFO - Started process (PID=9506) to work on /home/ubuntu/airflow/dags/microservice_spark_dag.py
[2026-02-25T11:16:49.306+0000] {processor.py:914} INFO - Processing file /home/ubuntu/airflow/dags/microservice_spark_dag.py for tasks to queue
[2026-02-25T11:16:49.308+0000] {logging_mixin.py:190} INFO - [2026-02-25T11:16:49.308+0000] {dagbag.py:588} INFO - Filling up the DagBag from /home/ubuntu/airflow/dags/microservice_spark_dag.py
[2026-02-25T11:16:49.313+0000] {processor.py:925} INFO - DAG(s) 'microservice_spark_dag' retrieved from /home/ubuntu/airflow/dags/microservice_spark_dag.py
[2026-02-25T11:16:49.323+0000] {logging_mixin.py:190} INFO - [2026-02-25T11:16:49.323+0000] {dag.py:3239} INFO - Sync 1 DAGs
[2026-02-25T11:16:49.331+0000] {logging_mixin.py:190} INFO - [2026-02-25T11:16:49.331+0000] {dag.py:4180} INFO - Setting next_dagrun for microservice_spark_dag to None, run_after=None
[2026-02-25T11:16:49.348+0000] {processor.py:208} INFO - Processing /home/ubuntu/airflow/dags/microservice_spark_dag.py took 0.047 seconds
[2026-02-25T11:16:52.480+0000] {processor.py:186} INFO - Started process (PID=9513) to work on /home/ubuntu/airflow/dags/microservice_spark_dag.py
[2026-02-25T11:16:52.480+0000] {processor.py:914} INFO - Processing file /home/ubuntu/airflow/dags/microservice_spark_dag.py for tasks to queue
[2026-02-25T11:16:52.482+0000] {logging_mixin.py:190} INFO - [2026-02-25T11:16:52.482+0000] {dagbag.py:588} INFO - Filling up the DagBag from /home/ubuntu/airflow/dags/microservice_spark_dag.py
[2026-02-25T11:16:52.487+0000] {processor.py:925} INFO - DAG(s) 'microservice_spark_dag' retrieved from /home/ubuntu/airflow/dags/microservice_spark_dag.py
[2026-02-25T11:16:52.498+0000] {logging_mixin.py:190} INFO - [2026-02-25T11:16:52.498+0000] {dag.py:3239} INFO - Sync 1 DAGs
[2026-02-25T11:16:52.507+0000] {logging_mixin.py:190} INFO - [2026-02-25T11:16:52.506+0000] {dag.py:4180} INFO - Setting next_dagrun for microservice_spark_dag to None, run_after=None
[2026-02-25T11:16:52.524+0000] {processor.py:208} INFO - Processing /home/ubuntu/airflow/dags/microservice_spark_dag.py took 0.048 seconds
[2026-02-25T11:17:38.098+0000] {processor.py:186} INFO - Started process (PID=9612) to work on /home/ubuntu/airflow/dags/microservice_spark_dag.py
[2026-02-25T11:17:38.099+0000] {processor.py:914} INFO - Processing file /home/ubuntu/airflow/dags/microservice_spark_dag.py for tasks to queue
[2026-02-25T11:17:38.100+0000] {logging_mixin.py:190} INFO - [2026-02-25T11:17:38.100+0000] {dagbag.py:588} INFO - Filling up the DagBag from /home/ubuntu/airflow/dags/microservice_spark_dag.py
[2026-02-25T11:17:38.105+0000] {processor.py:925} INFO - DAG(s) 'microservice_spark_dag' retrieved from /home/ubuntu/airflow/dags/microservice_spark_dag.py
[2026-02-25T11:17:38.115+0000] {logging_mixin.py:190} INFO - [2026-02-25T11:17:38.115+0000] {dag.py:3239} INFO - Sync 1 DAGs
[2026-02-25T11:17:38.124+0000] {logging_mixin.py:190} INFO - [2026-02-25T11:17:38.123+0000] {dag.py:4180} INFO - Setting next_dagrun for microservice_spark_dag to None, run_after=None
[2026-02-25T11:17:38.140+0000] {processor.py:208} INFO - Processing /home/ubuntu/airflow/dags/microservice_spark_dag.py took 0.047 seconds
[2026-02-25T11:17:41.699+0000] {processor.py:186} INFO - Started process (PID=9619) to work on /home/ubuntu/airflow/dags/microservice_spark_dag.py
[2026-02-25T11:17:41.700+0000] {processor.py:914} INFO - Processing file /home/ubuntu/airflow/dags/microservice_spark_dag.py for tasks to queue
[2026-02-25T11:17:41.701+0000] {logging_mixin.py:190} INFO - [2026-02-25T11:17:41.701+0000] {dagbag.py:588} INFO - Filling up the DagBag from /home/ubuntu/airflow/dags/microservice_spark_dag.py
[2026-02-25T11:17:41.707+0000] {processor.py:925} INFO - DAG(s) 'microservice_spark_dag' retrieved from /home/ubuntu/airflow/dags/microservice_spark_dag.py
[2026-02-25T11:17:41.717+0000] {logging_mixin.py:190} INFO - [2026-02-25T11:17:41.717+0000] {dag.py:3239} INFO - Sync 1 DAGs
[2026-02-25T11:17:41.725+0000] {logging_mixin.py:190} INFO - [2026-02-25T11:17:41.724+0000] {dag.py:4180} INFO - Setting next_dagrun for microservice_spark_dag to None, run_after=None
[2026-02-25T11:17:41.741+0000] {processor.py:208} INFO - Processing /home/ubuntu/airflow/dags/microservice_spark_dag.py took 0.046 seconds
[2026-02-25T11:18:30.628+0000] {processor.py:186} INFO - Started process (PID=9720) to work on /home/ubuntu/airflow/dags/microservice_spark_dag.py
[2026-02-25T11:18:30.629+0000] {processor.py:914} INFO - Processing file /home/ubuntu/airflow/dags/microservice_spark_dag.py for tasks to queue
[2026-02-25T11:18:30.630+0000] {logging_mixin.py:190} INFO - [2026-02-25T11:18:30.630+0000] {dagbag.py:588} INFO - Filling up the DagBag from /home/ubuntu/airflow/dags/microservice_spark_dag.py
[2026-02-25T11:18:30.636+0000] {processor.py:925} INFO - DAG(s) 'microservice_spark_dag' retrieved from /home/ubuntu/airflow/dags/microservice_spark_dag.py
[2026-02-25T11:18:30.646+0000] {logging_mixin.py:190} INFO - [2026-02-25T11:18:30.646+0000] {dag.py:3239} INFO - Sync 1 DAGs
[2026-02-25T11:18:30.654+0000] {logging_mixin.py:190} INFO - [2026-02-25T11:18:30.654+0000] {dag.py:4180} INFO - Setting next_dagrun for microservice_spark_dag to None, run_after=None
[2026-02-25T11:18:30.672+0000] {processor.py:208} INFO - Processing /home/ubuntu/airflow/dags/microservice_spark_dag.py took 0.048 seconds
[2026-02-25T11:18:31.951+0000] {processor.py:186} INFO - Started process (PID=9724) to work on /home/ubuntu/airflow/dags/microservice_spark_dag.py
[2026-02-25T11:18:31.952+0000] {processor.py:914} INFO - Processing file /home/ubuntu/airflow/dags/microservice_spark_dag.py for tasks to queue
[2026-02-25T11:18:31.954+0000] {logging_mixin.py:190} INFO - [2026-02-25T11:18:31.953+0000] {dagbag.py:588} INFO - Filling up the DagBag from /home/ubuntu/airflow/dags/microservice_spark_dag.py
[2026-02-25T11:18:31.959+0000] {processor.py:925} INFO - DAG(s) 'microservice_spark_dag' retrieved from /home/ubuntu/airflow/dags/microservice_spark_dag.py
[2026-02-25T11:18:31.969+0000] {logging_mixin.py:190} INFO - [2026-02-25T11:18:31.969+0000] {dag.py:3239} INFO - Sync 1 DAGs
[2026-02-25T11:18:31.978+0000] {logging_mixin.py:190} INFO - [2026-02-25T11:18:31.977+0000] {dag.py:4180} INFO - Setting next_dagrun for microservice_spark_dag to None, run_after=None
[2026-02-25T11:18:31.995+0000] {processor.py:208} INFO - Processing /home/ubuntu/airflow/dags/microservice_spark_dag.py took 0.047 seconds
[2026-02-25T11:19:20.594+0000] {processor.py:186} INFO - Started process (PID=9828) to work on /home/ubuntu/airflow/dags/microservice_spark_dag.py
[2026-02-25T11:19:20.596+0000] {processor.py:914} INFO - Processing file /home/ubuntu/airflow/dags/microservice_spark_dag.py for tasks to queue
[2026-02-25T11:19:20.596+0000] {processor.py:186} INFO - Started process (PID=9829) to work on /home/ubuntu/airflow/dags/microservice_spark_dag.py
[2026-02-25T11:19:20.598+0000] {logging_mixin.py:190} INFO - [2026-02-25T11:19:20.597+0000] {dagbag.py:588} INFO - Filling up the DagBag from /home/ubuntu/airflow/dags/microservice_spark_dag.py
[2026-02-25T11:19:20.597+0000] {processor.py:914} INFO - Processing file /home/ubuntu/airflow/dags/microservice_spark_dag.py for tasks to queue
[2026-02-25T11:19:20.599+0000] {logging_mixin.py:190} INFO - [2026-02-25T11:19:20.598+0000] {dagbag.py:588} INFO - Filling up the DagBag from /home/ubuntu/airflow/dags/microservice_spark_dag.py
[2026-02-25T11:19:20.605+0000] {processor.py:925} INFO - DAG(s) 'microservice_spark_dag' retrieved from /home/ubuntu/airflow/dags/microservice_spark_dag.py
[2026-02-25T11:19:20.606+0000] {processor.py:925} INFO - DAG(s) 'microservice_spark_dag' retrieved from /home/ubuntu/airflow/dags/microservice_spark_dag.py
[2026-02-25T11:19:20.619+0000] {logging_mixin.py:190} INFO - [2026-02-25T11:19:20.619+0000] {dag.py:3239} INFO - Sync 1 DAGs
[2026-02-25T11:19:20.620+0000] {logging_mixin.py:190} INFO - [2026-02-25T11:19:20.620+0000] {dag.py:3239} INFO - Sync 1 DAGs
[2026-02-25T11:19:20.630+0000] {logging_mixin.py:190} INFO - [2026-02-25T11:19:20.630+0000] {dag.py:4180} INFO - Setting next_dagrun for microservice_spark_dag to None, run_after=None
[2026-02-25T11:19:20.631+0000] {logging_mixin.py:190} INFO - [2026-02-25T11:19:20.631+0000] {dag.py:4180} INFO - Setting next_dagrun for microservice_spark_dag to None, run_after=None
[2026-02-25T11:19:20.657+0000] {processor.py:208} INFO - Processing /home/ubuntu/airflow/dags/microservice_spark_dag.py took 0.066 seconds
[2026-02-25T11:19:20.667+0000] {processor.py:208} INFO - Processing /home/ubuntu/airflow/dags/microservice_spark_dag.py took 0.078 seconds
[2026-02-25T11:20:10.254+0000] {processor.py:186} INFO - Started process (PID=9932) to work on /home/ubuntu/airflow/dags/microservice_spark_dag.py
[2026-02-25T11:20:10.255+0000] {processor.py:914} INFO - Processing file /home/ubuntu/airflow/dags/microservice_spark_dag.py for tasks to queue
[2026-02-25T11:20:10.256+0000] {logging_mixin.py:190} INFO - [2026-02-25T11:20:10.256+0000] {dagbag.py:588} INFO - Filling up the DagBag from /home/ubuntu/airflow/dags/microservice_spark_dag.py
[2026-02-25T11:20:10.262+0000] {processor.py:925} INFO - DAG(s) 'microservice_spark_dag' retrieved from /home/ubuntu/airflow/dags/microservice_spark_dag.py
[2026-02-25T11:20:10.273+0000] {logging_mixin.py:190} INFO - [2026-02-25T11:20:10.273+0000] {dag.py:3239} INFO - Sync 1 DAGs
[2026-02-25T11:20:10.283+0000] {logging_mixin.py:190} INFO - [2026-02-25T11:20:10.283+0000] {dag.py:4180} INFO - Setting next_dagrun for microservice_spark_dag to None, run_after=None
[2026-02-25T11:20:10.305+0000] {processor.py:208} INFO - Processing /home/ubuntu/airflow/dags/microservice_spark_dag.py took 0.055 seconds
[2026-02-25T11:20:11.233+0000] {processor.py:186} INFO - Started process (PID=9933) to work on /home/ubuntu/airflow/dags/microservice_spark_dag.py
[2026-02-25T11:20:11.233+0000] {processor.py:914} INFO - Processing file /home/ubuntu/airflow/dags/microservice_spark_dag.py for tasks to queue
[2026-02-25T11:20:11.235+0000] {logging_mixin.py:190} INFO - [2026-02-25T11:20:11.235+0000] {dagbag.py:588} INFO - Filling up the DagBag from /home/ubuntu/airflow/dags/microservice_spark_dag.py
[2026-02-25T11:20:11.240+0000] {processor.py:925} INFO - DAG(s) 'microservice_spark_dag' retrieved from /home/ubuntu/airflow/dags/microservice_spark_dag.py
[2026-02-25T11:20:11.251+0000] {logging_mixin.py:190} INFO - [2026-02-25T11:20:11.251+0000] {dag.py:3239} INFO - Sync 1 DAGs
[2026-02-25T11:20:11.260+0000] {logging_mixin.py:190} INFO - [2026-02-25T11:20:11.259+0000] {dag.py:4180} INFO - Setting next_dagrun for microservice_spark_dag to None, run_after=None
[2026-02-25T11:20:11.278+0000] {processor.py:208} INFO - Processing /home/ubuntu/airflow/dags/microservice_spark_dag.py took 0.049 seconds
[2026-02-25T11:20:59.343+0000] {processor.py:186} INFO - Started process (PID=10036) to work on /home/ubuntu/airflow/dags/microservice_spark_dag.py
[2026-02-25T11:20:59.344+0000] {processor.py:914} INFO - Processing file /home/ubuntu/airflow/dags/microservice_spark_dag.py for tasks to queue
[2026-02-25T11:20:59.345+0000] {logging_mixin.py:190} INFO - [2026-02-25T11:20:59.345+0000] {dagbag.py:588} INFO - Filling up the DagBag from /home/ubuntu/airflow/dags/microservice_spark_dag.py
[2026-02-25T11:20:59.351+0000] {processor.py:925} INFO - DAG(s) 'microservice_spark_dag' retrieved from /home/ubuntu/airflow/dags/microservice_spark_dag.py
[2026-02-25T11:20:59.361+0000] {logging_mixin.py:190} INFO - [2026-02-25T11:20:59.361+0000] {dag.py:3239} INFO - Sync 1 DAGs
[2026-02-25T11:20:59.369+0000] {logging_mixin.py:190} INFO - [2026-02-25T11:20:59.369+0000] {dag.py:4180} INFO - Setting next_dagrun for microservice_spark_dag to None, run_after=None
[2026-02-25T11:20:59.385+0000] {processor.py:208} INFO - Processing /home/ubuntu/airflow/dags/microservice_spark_dag.py took 0.046 seconds
[2026-02-25T11:21:00.277+0000] {processor.py:186} INFO - Started process (PID=10037) to work on /home/ubuntu/airflow/dags/microservice_spark_dag.py
[2026-02-25T11:21:00.277+0000] {processor.py:914} INFO - Processing file /home/ubuntu/airflow/dags/microservice_spark_dag.py for tasks to queue
[2026-02-25T11:21:00.279+0000] {logging_mixin.py:190} INFO - [2026-02-25T11:21:00.279+0000] {dagbag.py:588} INFO - Filling up the DagBag from /home/ubuntu/airflow/dags/microservice_spark_dag.py
[2026-02-25T11:21:00.285+0000] {processor.py:925} INFO - DAG(s) 'microservice_spark_dag' retrieved from /home/ubuntu/airflow/dags/microservice_spark_dag.py
[2026-02-25T11:21:00.295+0000] {logging_mixin.py:190} INFO - [2026-02-25T11:21:00.295+0000] {dag.py:3239} INFO - Sync 1 DAGs
[2026-02-25T11:21:00.303+0000] {logging_mixin.py:190} INFO - [2026-02-25T11:21:00.303+0000] {dag.py:4180} INFO - Setting next_dagrun for microservice_spark_dag to None, run_after=None
[2026-02-25T11:21:00.321+0000] {processor.py:208} INFO - Processing /home/ubuntu/airflow/dags/microservice_spark_dag.py took 0.048 seconds
[2026-02-25T11:21:48.015+0000] {processor.py:186} INFO - Started process (PID=10138) to work on /home/ubuntu/airflow/dags/microservice_spark_dag.py
[2026-02-25T11:21:48.016+0000] {processor.py:914} INFO - Processing file /home/ubuntu/airflow/dags/microservice_spark_dag.py for tasks to queue
[2026-02-25T11:21:48.018+0000] {logging_mixin.py:190} INFO - [2026-02-25T11:21:48.018+0000] {dagbag.py:588} INFO - Filling up the DagBag from /home/ubuntu/airflow/dags/microservice_spark_dag.py
[2026-02-25T11:21:48.023+0000] {processor.py:925} INFO - DAG(s) 'microservice_spark_dag' retrieved from /home/ubuntu/airflow/dags/microservice_spark_dag.py
[2026-02-25T11:21:48.033+0000] {logging_mixin.py:190} INFO - [2026-02-25T11:21:48.033+0000] {dag.py:3239} INFO - Sync 1 DAGs
[2026-02-25T11:21:48.041+0000] {logging_mixin.py:190} INFO - [2026-02-25T11:21:48.041+0000] {dag.py:4180} INFO - Setting next_dagrun for microservice_spark_dag to None, run_after=None
[2026-02-25T11:21:48.057+0000] {processor.py:208} INFO - Processing /home/ubuntu/airflow/dags/microservice_spark_dag.py took 0.046 seconds
[2026-02-25T11:21:51.779+0000] {processor.py:186} INFO - Started process (PID=10146) to work on /home/ubuntu/airflow/dags/microservice_spark_dag.py
[2026-02-25T11:21:51.779+0000] {processor.py:914} INFO - Processing file /home/ubuntu/airflow/dags/microservice_spark_dag.py for tasks to queue
[2026-02-25T11:21:51.781+0000] {logging_mixin.py:190} INFO - [2026-02-25T11:21:51.780+0000] {dagbag.py:588} INFO - Filling up the DagBag from /home/ubuntu/airflow/dags/microservice_spark_dag.py
[2026-02-25T11:21:51.786+0000] {processor.py:925} INFO - DAG(s) 'microservice_spark_dag' retrieved from /home/ubuntu/airflow/dags/microservice_spark_dag.py
[2026-02-25T11:21:51.796+0000] {logging_mixin.py:190} INFO - [2026-02-25T11:21:51.796+0000] {dag.py:3239} INFO - Sync 1 DAGs
[2026-02-25T11:21:51.804+0000] {logging_mixin.py:190} INFO - [2026-02-25T11:21:51.804+0000] {dag.py:4180} INFO - Setting next_dagrun for microservice_spark_dag to None, run_after=None
[2026-02-25T11:21:51.822+0000] {processor.py:208} INFO - Processing /home/ubuntu/airflow/dags/microservice_spark_dag.py took 0.047 seconds
[2026-02-25T11:22:39.628+0000] {processor.py:186} INFO - Started process (PID=10245) to work on /home/ubuntu/airflow/dags/microservice_spark_dag.py
[2026-02-25T11:22:39.630+0000] {processor.py:914} INFO - Processing file /home/ubuntu/airflow/dags/microservice_spark_dag.py for tasks to queue
[2026-02-25T11:22:39.631+0000] {logging_mixin.py:190} INFO - [2026-02-25T11:22:39.631+0000] {dagbag.py:588} INFO - Filling up the DagBag from /home/ubuntu/airflow/dags/microservice_spark_dag.py
[2026-02-25T11:22:39.636+0000] {processor.py:925} INFO - DAG(s) 'microservice_spark_dag' retrieved from /home/ubuntu/airflow/dags/microservice_spark_dag.py
[2026-02-25T11:22:39.647+0000] {logging_mixin.py:190} INFO - [2026-02-25T11:22:39.646+0000] {dag.py:3239} INFO - Sync 1 DAGs
[2026-02-25T11:22:39.655+0000] {logging_mixin.py:190} INFO - [2026-02-25T11:22:39.655+0000] {dag.py:4180} INFO - Setting next_dagrun for microservice_spark_dag to None, run_after=None
[2026-02-25T11:22:39.673+0000] {processor.py:208} INFO - Processing /home/ubuntu/airflow/dags/microservice_spark_dag.py took 0.048 seconds
[2026-02-25T11:22:44.258+0000] {processor.py:186} INFO - Started process (PID=10254) to work on /home/ubuntu/airflow/dags/microservice_spark_dag.py
[2026-02-25T11:22:44.258+0000] {processor.py:914} INFO - Processing file /home/ubuntu/airflow/dags/microservice_spark_dag.py for tasks to queue
[2026-02-25T11:22:44.260+0000] {logging_mixin.py:190} INFO - [2026-02-25T11:22:44.260+0000] {dagbag.py:588} INFO - Filling up the DagBag from /home/ubuntu/airflow/dags/microservice_spark_dag.py
[2026-02-25T11:22:44.265+0000] {processor.py:925} INFO - DAG(s) 'microservice_spark_dag' retrieved from /home/ubuntu/airflow/dags/microservice_spark_dag.py
[2026-02-25T11:22:44.275+0000] {logging_mixin.py:190} INFO - [2026-02-25T11:22:44.275+0000] {dag.py:3239} INFO - Sync 1 DAGs
[2026-02-25T11:22:44.283+0000] {logging_mixin.py:190} INFO - [2026-02-25T11:22:44.283+0000] {dag.py:4180} INFO - Setting next_dagrun for microservice_spark_dag to None, run_after=None
[2026-02-25T11:22:44.300+0000] {processor.py:208} INFO - Processing /home/ubuntu/airflow/dags/microservice_spark_dag.py took 0.046 seconds
[2026-02-25T11:23:29.834+0000] {processor.py:186} INFO - Started process (PID=10350) to work on /home/ubuntu/airflow/dags/microservice_spark_dag.py
[2026-02-25T11:23:29.835+0000] {processor.py:914} INFO - Processing file /home/ubuntu/airflow/dags/microservice_spark_dag.py for tasks to queue
[2026-02-25T11:23:29.836+0000] {logging_mixin.py:190} INFO - [2026-02-25T11:23:29.836+0000] {dagbag.py:588} INFO - Filling up the DagBag from /home/ubuntu/airflow/dags/microservice_spark_dag.py
[2026-02-25T11:23:29.842+0000] {processor.py:925} INFO - DAG(s) 'microservice_spark_dag' retrieved from /home/ubuntu/airflow/dags/microservice_spark_dag.py
[2026-02-25T11:23:29.852+0000] {logging_mixin.py:190} INFO - [2026-02-25T11:23:29.852+0000] {dag.py:3239} INFO - Sync 1 DAGs
[2026-02-25T11:23:29.860+0000] {logging_mixin.py:190} INFO - [2026-02-25T11:23:29.860+0000] {dag.py:4180} INFO - Setting next_dagrun for microservice_spark_dag to None, run_after=None
[2026-02-25T11:23:29.877+0000] {processor.py:208} INFO - Processing /home/ubuntu/airflow/dags/microservice_spark_dag.py took 0.047 seconds
[2026-02-25T11:23:34.379+0000] {processor.py:186} INFO - Started process (PID=10360) to work on /home/ubuntu/airflow/dags/microservice_spark_dag.py
[2026-02-25T11:23:34.380+0000] {processor.py:914} INFO - Processing file /home/ubuntu/airflow/dags/microservice_spark_dag.py for tasks to queue
[2026-02-25T11:23:34.381+0000] {logging_mixin.py:190} INFO - [2026-02-25T11:23:34.381+0000] {dagbag.py:588} INFO - Filling up the DagBag from /home/ubuntu/airflow/dags/microservice_spark_dag.py
[2026-02-25T11:23:34.386+0000] {processor.py:925} INFO - DAG(s) 'microservice_spark_dag' retrieved from /home/ubuntu/airflow/dags/microservice_spark_dag.py
[2026-02-25T11:23:34.397+0000] {logging_mixin.py:190} INFO - [2026-02-25T11:23:34.396+0000] {dag.py:3239} INFO - Sync 1 DAGs
[2026-02-25T11:23:34.405+0000] {logging_mixin.py:190} INFO - [2026-02-25T11:23:34.405+0000] {dag.py:4180} INFO - Setting next_dagrun for microservice_spark_dag to None, run_after=None
[2026-02-25T11:23:34.421+0000] {processor.py:208} INFO - Processing /home/ubuntu/airflow/dags/microservice_spark_dag.py took 0.046 seconds
[2026-02-25T11:24:19.198+0000] {processor.py:186} INFO - Started process (PID=10455) to work on /home/ubuntu/airflow/dags/microservice_spark_dag.py
[2026-02-25T11:24:19.200+0000] {processor.py:914} INFO - Processing file /home/ubuntu/airflow/dags/microservice_spark_dag.py for tasks to queue
[2026-02-25T11:24:19.201+0000] {logging_mixin.py:190} INFO - [2026-02-25T11:24:19.201+0000] {dagbag.py:588} INFO - Filling up the DagBag from /home/ubuntu/airflow/dags/microservice_spark_dag.py
[2026-02-25T11:24:19.207+0000] {processor.py:925} INFO - DAG(s) 'microservice_spark_dag' retrieved from /home/ubuntu/airflow/dags/microservice_spark_dag.py
[2026-02-25T11:24:19.217+0000] {logging_mixin.py:190} INFO - [2026-02-25T11:24:19.217+0000] {dag.py:3239} INFO - Sync 1 DAGs
[2026-02-25T11:24:19.225+0000] {logging_mixin.py:190} INFO - [2026-02-25T11:24:19.225+0000] {dag.py:4180} INFO - Setting next_dagrun for microservice_spark_dag to None, run_after=None
[2026-02-25T11:24:19.243+0000] {processor.py:208} INFO - Processing /home/ubuntu/airflow/dags/microservice_spark_dag.py took 0.048 seconds
[2026-02-25T11:24:21.775+0000] {processor.py:186} INFO - Started process (PID=10460) to work on /home/ubuntu/airflow/dags/microservice_spark_dag.py
[2026-02-25T11:24:21.776+0000] {processor.py:914} INFO - Processing file /home/ubuntu/airflow/dags/microservice_spark_dag.py for tasks to queue
[2026-02-25T11:24:21.777+0000] {logging_mixin.py:190} INFO - [2026-02-25T11:24:21.777+0000] {dagbag.py:588} INFO - Filling up the DagBag from /home/ubuntu/airflow/dags/microservice_spark_dag.py
[2026-02-25T11:24:21.783+0000] {processor.py:925} INFO - DAG(s) 'microservice_spark_dag' retrieved from /home/ubuntu/airflow/dags/microservice_spark_dag.py
[2026-02-25T11:24:21.794+0000] {logging_mixin.py:190} INFO - [2026-02-25T11:24:21.794+0000] {dag.py:3239} INFO - Sync 1 DAGs
[2026-02-25T11:24:21.802+0000] {logging_mixin.py:190} INFO - [2026-02-25T11:24:21.802+0000] {dag.py:4180} INFO - Setting next_dagrun for microservice_spark_dag to None, run_after=None
[2026-02-25T11:24:21.819+0000] {processor.py:208} INFO - Processing /home/ubuntu/airflow/dags/microservice_spark_dag.py took 0.048 seconds
[2026-02-25T11:25:11.198+0000] {processor.py:186} INFO - Started process (PID=10566) to work on /home/ubuntu/airflow/dags/microservice_spark_dag.py
[2026-02-25T11:25:11.199+0000] {processor.py:914} INFO - Processing file /home/ubuntu/airflow/dags/microservice_spark_dag.py for tasks to queue
[2026-02-25T11:25:11.201+0000] {logging_mixin.py:190} INFO - [2026-02-25T11:25:11.201+0000] {dagbag.py:588} INFO - Filling up the DagBag from /home/ubuntu/airflow/dags/microservice_spark_dag.py
[2026-02-25T11:25:11.206+0000] {processor.py:925} INFO - DAG(s) 'microservice_spark_dag' retrieved from /home/ubuntu/airflow/dags/microservice_spark_dag.py
[2026-02-25T11:25:11.217+0000] {logging_mixin.py:190} INFO - [2026-02-25T11:25:11.217+0000] {dag.py:3239} INFO - Sync 1 DAGs
[2026-02-25T11:25:11.225+0000] {logging_mixin.py:190} INFO - [2026-02-25T11:25:11.225+0000] {dag.py:4180} INFO - Setting next_dagrun for microservice_spark_dag to None, run_after=None
[2026-02-25T11:25:11.242+0000] {processor.py:208} INFO - Processing /home/ubuntu/airflow/dags/microservice_spark_dag.py took 0.048 seconds
[2026-02-25T11:25:14.857+0000] {processor.py:186} INFO - Started process (PID=10574) to work on /home/ubuntu/airflow/dags/microservice_spark_dag.py
[2026-02-25T11:25:14.858+0000] {processor.py:914} INFO - Processing file /home/ubuntu/airflow/dags/microservice_spark_dag.py for tasks to queue
[2026-02-25T11:25:14.860+0000] {logging_mixin.py:190} INFO - [2026-02-25T11:25:14.859+0000] {dagbag.py:588} INFO - Filling up the DagBag from /home/ubuntu/airflow/dags/microservice_spark_dag.py
[2026-02-25T11:25:14.866+0000] {processor.py:925} INFO - DAG(s) 'microservice_spark_dag' retrieved from /home/ubuntu/airflow/dags/microservice_spark_dag.py
[2026-02-25T11:25:14.877+0000] {logging_mixin.py:190} INFO - [2026-02-25T11:25:14.877+0000] {dag.py:3239} INFO - Sync 1 DAGs
[2026-02-25T11:25:14.885+0000] {logging_mixin.py:190} INFO - [2026-02-25T11:25:14.885+0000] {dag.py:4180} INFO - Setting next_dagrun for microservice_spark_dag to None, run_after=None
[2026-02-25T11:25:14.903+0000] {processor.py:208} INFO - Processing /home/ubuntu/airflow/dags/microservice_spark_dag.py took 0.051 seconds
[2026-02-25T11:25:58.759+0000] {processor.py:186} INFO - Started process (PID=10665) to work on /home/ubuntu/airflow/dags/microservice_spark_dag.py
[2026-02-25T11:25:58.760+0000] {processor.py:914} INFO - Processing file /home/ubuntu/airflow/dags/microservice_spark_dag.py for tasks to queue
[2026-02-25T11:25:58.762+0000] {logging_mixin.py:190} INFO - [2026-02-25T11:25:58.761+0000] {dagbag.py:588} INFO - Filling up the DagBag from /home/ubuntu/airflow/dags/microservice_spark_dag.py
[2026-02-25T11:25:58.767+0000] {processor.py:925} INFO - DAG(s) 'microservice_spark_dag' retrieved from /home/ubuntu/airflow/dags/microservice_spark_dag.py
[2026-02-25T11:25:58.778+0000] {logging_mixin.py:190} INFO - [2026-02-25T11:25:58.778+0000] {dag.py:3239} INFO - Sync 1 DAGs
[2026-02-25T11:25:58.786+0000] {logging_mixin.py:190} INFO - [2026-02-25T11:25:58.786+0000] {dag.py:4180} INFO - Setting next_dagrun for microservice_spark_dag to None, run_after=None
[2026-02-25T11:25:58.803+0000] {processor.py:208} INFO - Processing /home/ubuntu/airflow/dags/microservice_spark_dag.py took 0.048 seconds
[2026-02-25T11:26:06.210+0000] {processor.py:186} INFO - Started process (PID=10680) to work on /home/ubuntu/airflow/dags/microservice_spark_dag.py
[2026-02-25T11:26:06.211+0000] {processor.py:914} INFO - Processing file /home/ubuntu/airflow/dags/microservice_spark_dag.py for tasks to queue
[2026-02-25T11:26:06.212+0000] {logging_mixin.py:190} INFO - [2026-02-25T11:26:06.212+0000] {dagbag.py:588} INFO - Filling up the DagBag from /home/ubuntu/airflow/dags/microservice_spark_dag.py
[2026-02-25T11:26:06.218+0000] {processor.py:925} INFO - DAG(s) 'microservice_spark_dag' retrieved from /home/ubuntu/airflow/dags/microservice_spark_dag.py
[2026-02-25T11:26:06.229+0000] {logging_mixin.py:190} INFO - [2026-02-25T11:26:06.229+0000] {dag.py:3239} INFO - Sync 1 DAGs
[2026-02-25T11:26:06.238+0000] {logging_mixin.py:190} INFO - [2026-02-25T11:26:06.237+0000] {dag.py:4180} INFO - Setting next_dagrun for microservice_spark_dag to None, run_after=None
[2026-02-25T11:26:06.255+0000] {processor.py:208} INFO - Processing /home/ubuntu/airflow/dags/microservice_spark_dag.py took 0.049 seconds
[2026-02-25T11:26:48.286+0000] {processor.py:186} INFO - Started process (PID=10769) to work on /home/ubuntu/airflow/dags/microservice_spark_dag.py
[2026-02-25T11:26:48.287+0000] {processor.py:914} INFO - Processing file /home/ubuntu/airflow/dags/microservice_spark_dag.py for tasks to queue
[2026-02-25T11:26:48.289+0000] {logging_mixin.py:190} INFO - [2026-02-25T11:26:48.288+0000] {dagbag.py:588} INFO - Filling up the DagBag from /home/ubuntu/airflow/dags/microservice_spark_dag.py
[2026-02-25T11:26:48.294+0000] {processor.py:925} INFO - DAG(s) 'microservice_spark_dag' retrieved from /home/ubuntu/airflow/dags/microservice_spark_dag.py
[2026-02-25T11:26:48.305+0000] {logging_mixin.py:190} INFO - [2026-02-25T11:26:48.305+0000] {dag.py:3239} INFO - Sync 1 DAGs
[2026-02-25T11:26:48.314+0000] {logging_mixin.py:190} INFO - [2026-02-25T11:26:48.314+0000] {dag.py:4180} INFO - Setting next_dagrun for microservice_spark_dag to None, run_after=None
[2026-02-25T11:26:48.332+0000] {processor.py:208} INFO - Processing /home/ubuntu/airflow/dags/microservice_spark_dag.py took 0.050 seconds
[2026-02-25T11:26:55.289+0000] {processor.py:186} INFO - Started process (PID=10784) to work on /home/ubuntu/airflow/dags/microservice_spark_dag.py
[2026-02-25T11:26:55.290+0000] {processor.py:914} INFO - Processing file /home/ubuntu/airflow/dags/microservice_spark_dag.py for tasks to queue
[2026-02-25T11:26:55.291+0000] {logging_mixin.py:190} INFO - [2026-02-25T11:26:55.291+0000] {dagbag.py:588} INFO - Filling up the DagBag from /home/ubuntu/airflow/dags/microservice_spark_dag.py
[2026-02-25T11:26:55.297+0000] {processor.py:925} INFO - DAG(s) 'microservice_spark_dag' retrieved from /home/ubuntu/airflow/dags/microservice_spark_dag.py
[2026-02-25T11:26:55.307+0000] {logging_mixin.py:190} INFO - [2026-02-25T11:26:55.307+0000] {dag.py:3239} INFO - Sync 1 DAGs
[2026-02-25T11:26:55.315+0000] {logging_mixin.py:190} INFO - [2026-02-25T11:26:55.315+0000] {dag.py:4180} INFO - Setting next_dagrun for microservice_spark_dag to None, run_after=None
[2026-02-25T11:26:55.334+0000] {processor.py:208} INFO - Processing /home/ubuntu/airflow/dags/microservice_spark_dag.py took 0.049 seconds
[2026-02-25T11:27:38.950+0000] {processor.py:186} INFO - Started process (PID=10873) to work on /home/ubuntu/airflow/dags/microservice_spark_dag.py
[2026-02-25T11:27:38.951+0000] {processor.py:914} INFO - Processing file /home/ubuntu/airflow/dags/microservice_spark_dag.py for tasks to queue
[2026-02-25T11:27:38.952+0000] {logging_mixin.py:190} INFO - [2026-02-25T11:27:38.952+0000] {dagbag.py:588} INFO - Filling up the DagBag from /home/ubuntu/airflow/dags/microservice_spark_dag.py
[2026-02-25T11:27:38.958+0000] {processor.py:925} INFO - DAG(s) 'microservice_spark_dag' retrieved from /home/ubuntu/airflow/dags/microservice_spark_dag.py
[2026-02-25T11:27:38.968+0000] {logging_mixin.py:190} INFO - [2026-02-25T11:27:38.968+0000] {dag.py:3239} INFO - Sync 1 DAGs
[2026-02-25T11:27:38.976+0000] {logging_mixin.py:190} INFO - [2026-02-25T11:27:38.976+0000] {dag.py:4180} INFO - Setting next_dagrun for microservice_spark_dag to None, run_after=None
[2026-02-25T11:27:38.994+0000] {processor.py:208} INFO - Processing /home/ubuntu/airflow/dags/microservice_spark_dag.py took 0.048 seconds
[2026-02-25T11:27:47.446+0000] {processor.py:186} INFO - Started process (PID=10891) to work on /home/ubuntu/airflow/dags/microservice_spark_dag.py
[2026-02-25T11:27:47.446+0000] {processor.py:914} INFO - Processing file /home/ubuntu/airflow/dags/microservice_spark_dag.py for tasks to queue
[2026-02-25T11:27:47.448+0000] {logging_mixin.py:190} INFO - [2026-02-25T11:27:47.447+0000] {dagbag.py:588} INFO - Filling up the DagBag from /home/ubuntu/airflow/dags/microservice_spark_dag.py
[2026-02-25T11:27:47.453+0000] {processor.py:925} INFO - DAG(s) 'microservice_spark_dag' retrieved from /home/ubuntu/airflow/dags/microservice_spark_dag.py
[2026-02-25T11:27:47.464+0000] {logging_mixin.py:190} INFO - [2026-02-25T11:27:47.464+0000] {dag.py:3239} INFO - Sync 1 DAGs
[2026-02-25T11:27:47.472+0000] {logging_mixin.py:190} INFO - [2026-02-25T11:27:47.472+0000] {dag.py:4180} INFO - Setting next_dagrun for microservice_spark_dag to None, run_after=None
[2026-02-25T11:27:47.489+0000] {processor.py:208} INFO - Processing /home/ubuntu/airflow/dags/microservice_spark_dag.py took 0.047 seconds
[2026-02-25T11:28:29.949+0000] {processor.py:186} INFO - Started process (PID=10980) to work on /home/ubuntu/airflow/dags/microservice_spark_dag.py
[2026-02-25T11:28:29.951+0000] {processor.py:914} INFO - Processing file /home/ubuntu/airflow/dags/microservice_spark_dag.py for tasks to queue
[2026-02-25T11:28:29.952+0000] {logging_mixin.py:190} INFO - [2026-02-25T11:28:29.952+0000] {dagbag.py:588} INFO - Filling up the DagBag from /home/ubuntu/airflow/dags/microservice_spark_dag.py
[2026-02-25T11:28:29.958+0000] {processor.py:925} INFO - DAG(s) 'microservice_spark_dag' retrieved from /home/ubuntu/airflow/dags/microservice_spark_dag.py
[2026-02-25T11:28:29.969+0000] {logging_mixin.py:190} INFO - [2026-02-25T11:28:29.969+0000] {dag.py:3239} INFO - Sync 1 DAGs
[2026-02-25T11:28:29.978+0000] {logging_mixin.py:190} INFO - [2026-02-25T11:28:29.978+0000] {dag.py:4180} INFO - Setting next_dagrun for microservice_spark_dag to None, run_after=None
[2026-02-25T11:28:29.997+0000] {processor.py:208} INFO - Processing /home/ubuntu/airflow/dags/microservice_spark_dag.py took 0.051 seconds
[2026-02-25T11:28:35.172+0000] {processor.py:186} INFO - Started process (PID=10991) to work on /home/ubuntu/airflow/dags/microservice_spark_dag.py
[2026-02-25T11:28:35.173+0000] {processor.py:914} INFO - Processing file /home/ubuntu/airflow/dags/microservice_spark_dag.py for tasks to queue
[2026-02-25T11:28:35.174+0000] {logging_mixin.py:190} INFO - [2026-02-25T11:28:35.174+0000] {dagbag.py:588} INFO - Filling up the DagBag from /home/ubuntu/airflow/dags/microservice_spark_dag.py
[2026-02-25T11:28:35.180+0000] {processor.py:925} INFO - DAG(s) 'microservice_spark_dag' retrieved from /home/ubuntu/airflow/dags/microservice_spark_dag.py
[2026-02-25T11:28:35.192+0000] {logging_mixin.py:190} INFO - [2026-02-25T11:28:35.192+0000] {dag.py:3239} INFO - Sync 1 DAGs
[2026-02-25T11:28:35.202+0000] {logging_mixin.py:190} INFO - [2026-02-25T11:28:35.202+0000] {dag.py:4180} INFO - Setting next_dagrun for microservice_spark_dag to None, run_after=None
[2026-02-25T11:28:35.219+0000] {processor.py:208} INFO - Processing /home/ubuntu/airflow/dags/microservice_spark_dag.py took 0.051 seconds
[2026-02-25T11:29:21.235+0000] {processor.py:186} INFO - Started process (PID=11086) to work on /home/ubuntu/airflow/dags/microservice_spark_dag.py
[2026-02-25T11:29:21.236+0000] {processor.py:914} INFO - Processing file /home/ubuntu/airflow/dags/microservice_spark_dag.py for tasks to queue
[2026-02-25T11:29:21.238+0000] {logging_mixin.py:190} INFO - [2026-02-25T11:29:21.237+0000] {dagbag.py:588} INFO - Filling up the DagBag from /home/ubuntu/airflow/dags/microservice_spark_dag.py
[2026-02-25T11:29:21.243+0000] {processor.py:925} INFO - DAG(s) 'microservice_spark_dag' retrieved from /home/ubuntu/airflow/dags/microservice_spark_dag.py
[2026-02-25T11:29:21.254+0000] {logging_mixin.py:190} INFO - [2026-02-25T11:29:21.254+0000] {dag.py:3239} INFO - Sync 1 DAGs
[2026-02-25T11:29:21.262+0000] {logging_mixin.py:190} INFO - [2026-02-25T11:29:21.262+0000] {dag.py:4180} INFO - Setting next_dagrun for microservice_spark_dag to None, run_after=None
[2026-02-25T11:29:21.280+0000] {processor.py:208} INFO - Processing /home/ubuntu/airflow/dags/microservice_spark_dag.py took 0.049 seconds
[2026-02-25T11:29:25.430+0000] {processor.py:186} INFO - Started process (PID=11095) to work on /home/ubuntu/airflow/dags/microservice_spark_dag.py
[2026-02-25T11:29:25.431+0000] {processor.py:914} INFO - Processing file /home/ubuntu/airflow/dags/microservice_spark_dag.py for tasks to queue
[2026-02-25T11:29:25.432+0000] {logging_mixin.py:190} INFO - [2026-02-25T11:29:25.432+0000] {dagbag.py:588} INFO - Filling up the DagBag from /home/ubuntu/airflow/dags/microservice_spark_dag.py
[2026-02-25T11:29:25.438+0000] {processor.py:925} INFO - DAG(s) 'microservice_spark_dag' retrieved from /home/ubuntu/airflow/dags/microservice_spark_dag.py
[2026-02-25T11:29:25.448+0000] {logging_mixin.py:190} INFO - [2026-02-25T11:29:25.448+0000] {dag.py:3239} INFO - Sync 1 DAGs
[2026-02-25T11:29:25.456+0000] {logging_mixin.py:190} INFO - [2026-02-25T11:29:25.456+0000] {dag.py:4180} INFO - Setting next_dagrun for microservice_spark_dag to None, run_after=None
[2026-02-25T11:29:25.473+0000] {processor.py:208} INFO - Processing /home/ubuntu/airflow/dags/microservice_spark_dag.py took 0.047 seconds
[2026-02-25T11:30:12.701+0000] {processor.py:186} INFO - Started process (PID=11201) to work on /home/ubuntu/airflow/dags/microservice_spark_dag.py
[2026-02-25T11:30:12.703+0000] {processor.py:914} INFO - Processing file /home/ubuntu/airflow/dags/microservice_spark_dag.py for tasks to queue
[2026-02-25T11:30:12.704+0000] {logging_mixin.py:190} INFO - [2026-02-25T11:30:12.704+0000] {dagbag.py:588} INFO - Filling up the DagBag from /home/ubuntu/airflow/dags/microservice_spark_dag.py
[2026-02-25T11:30:12.710+0000] {processor.py:925} INFO - DAG(s) 'microservice_spark_dag' retrieved from /home/ubuntu/airflow/dags/microservice_spark_dag.py
[2026-02-25T11:30:12.720+0000] {logging_mixin.py:190} INFO - [2026-02-25T11:30:12.720+0000] {dag.py:3239} INFO - Sync 1 DAGs
[2026-02-25T11:30:12.728+0000] {logging_mixin.py:190} INFO - [2026-02-25T11:30:12.728+0000] {dag.py:4180} INFO - Setting next_dagrun for microservice_spark_dag to None, run_after=None
[2026-02-25T11:30:12.745+0000] {processor.py:208} INFO - Processing /home/ubuntu/airflow/dags/microservice_spark_dag.py took 0.047 seconds
[2026-02-25T11:30:12.878+0000] {processor.py:186} INFO - Started process (PID=11202) to work on /home/ubuntu/airflow/dags/microservice_spark_dag.py
[2026-02-25T11:30:12.878+0000] {processor.py:914} INFO - Processing file /home/ubuntu/airflow/dags/microservice_spark_dag.py for tasks to queue
[2026-02-25T11:30:12.880+0000] {logging_mixin.py:190} INFO - [2026-02-25T11:30:12.879+0000] {dagbag.py:588} INFO - Filling up the DagBag from /home/ubuntu/airflow/dags/microservice_spark_dag.py
[2026-02-25T11:30:12.885+0000] {processor.py:925} INFO - DAG(s) 'microservice_spark_dag' retrieved from /home/ubuntu/airflow/dags/microservice_spark_dag.py
[2026-02-25T11:30:12.895+0000] {logging_mixin.py:190} INFO - [2026-02-25T11:30:12.895+0000] {dag.py:3239} INFO - Sync 1 DAGs
[2026-02-25T11:30:12.903+0000] {logging_mixin.py:190} INFO - [2026-02-25T11:30:12.903+0000] {dag.py:4180} INFO - Setting next_dagrun for microservice_spark_dag to None, run_after=None
[2026-02-25T11:30:12.920+0000] {processor.py:208} INFO - Processing /home/ubuntu/airflow/dags/microservice_spark_dag.py took 0.046 seconds
[2026-02-25T11:31:00.110+0000] {processor.py:186} INFO - Started process (PID=11300) to work on /home/ubuntu/airflow/dags/microservice_spark_dag.py
[2026-02-25T11:31:00.111+0000] {processor.py:914} INFO - Processing file /home/ubuntu/airflow/dags/microservice_spark_dag.py for tasks to queue
[2026-02-25T11:31:00.113+0000] {logging_mixin.py:190} INFO - [2026-02-25T11:31:00.112+0000] {dagbag.py:588} INFO - Filling up the DagBag from /home/ubuntu/airflow/dags/microservice_spark_dag.py
[2026-02-25T11:31:00.118+0000] {processor.py:925} INFO - DAG(s) 'microservice_spark_dag' retrieved from /home/ubuntu/airflow/dags/microservice_spark_dag.py
[2026-02-25T11:31:00.128+0000] {logging_mixin.py:190} INFO - [2026-02-25T11:31:00.128+0000] {dag.py:3239} INFO - Sync 1 DAGs
[2026-02-25T11:31:00.136+0000] {logging_mixin.py:190} INFO - [2026-02-25T11:31:00.136+0000] {dag.py:4180} INFO - Setting next_dagrun for microservice_spark_dag to None, run_after=None
[2026-02-25T11:31:00.155+0000] {processor.py:208} INFO - Processing /home/ubuntu/airflow/dags/microservice_spark_dag.py took 0.049 seconds
[2026-02-25T11:31:01.180+0000] {processor.py:186} INFO - Started process (PID=11301) to work on /home/ubuntu/airflow/dags/microservice_spark_dag.py
[2026-02-25T11:31:01.181+0000] {processor.py:914} INFO - Processing file /home/ubuntu/airflow/dags/microservice_spark_dag.py for tasks to queue
[2026-02-25T11:31:01.182+0000] {logging_mixin.py:190} INFO - [2026-02-25T11:31:01.182+0000] {dagbag.py:588} INFO - Filling up the DagBag from /home/ubuntu/airflow/dags/microservice_spark_dag.py
[2026-02-25T11:31:01.188+0000] {processor.py:925} INFO - DAG(s) 'microservice_spark_dag' retrieved from /home/ubuntu/airflow/dags/microservice_spark_dag.py
[2026-02-25T11:31:01.198+0000] {logging_mixin.py:190} INFO - [2026-02-25T11:31:01.197+0000] {dag.py:3239} INFO - Sync 1 DAGs
[2026-02-25T11:31:01.205+0000] {logging_mixin.py:190} INFO - [2026-02-25T11:31:01.205+0000] {dag.py:4180} INFO - Setting next_dagrun for microservice_spark_dag to None, run_after=None
[2026-02-25T11:31:01.222+0000] {processor.py:208} INFO - Processing /home/ubuntu/airflow/dags/microservice_spark_dag.py took 0.046 seconds
[2026-02-25T11:31:47.973+0000] {processor.py:186} INFO - Started process (PID=11401) to work on /home/ubuntu/airflow/dags/microservice_spark_dag.py
[2026-02-25T11:31:47.974+0000] {processor.py:914} INFO - Processing file /home/ubuntu/airflow/dags/microservice_spark_dag.py for tasks to queue
[2026-02-25T11:31:47.976+0000] {logging_mixin.py:190} INFO - [2026-02-25T11:31:47.976+0000] {dagbag.py:588} INFO - Filling up the DagBag from /home/ubuntu/airflow/dags/microservice_spark_dag.py
[2026-02-25T11:31:47.981+0000] {processor.py:925} INFO - DAG(s) 'microservice_spark_dag' retrieved from /home/ubuntu/airflow/dags/microservice_spark_dag.py
[2026-02-25T11:31:47.992+0000] {logging_mixin.py:190} INFO - [2026-02-25T11:31:47.992+0000] {dag.py:3239} INFO - Sync 1 DAGs
[2026-02-25T11:31:48.000+0000] {logging_mixin.py:190} INFO - [2026-02-25T11:31:48.000+0000] {dag.py:4180} INFO - Setting next_dagrun for microservice_spark_dag to None, run_after=None
[2026-02-25T11:31:48.018+0000] {processor.py:208} INFO - Processing /home/ubuntu/airflow/dags/microservice_spark_dag.py took 0.049 seconds
[2026-02-25T11:31:48.887+0000] {processor.py:186} INFO - Started process (PID=11402) to work on /home/ubuntu/airflow/dags/microservice_spark_dag.py
[2026-02-25T11:31:48.887+0000] {processor.py:914} INFO - Processing file /home/ubuntu/airflow/dags/microservice_spark_dag.py for tasks to queue
[2026-02-25T11:31:48.889+0000] {logging_mixin.py:190} INFO - [2026-02-25T11:31:48.888+0000] {dagbag.py:588} INFO - Filling up the DagBag from /home/ubuntu/airflow/dags/microservice_spark_dag.py
[2026-02-25T11:31:48.894+0000] {processor.py:925} INFO - DAG(s) 'microservice_spark_dag' retrieved from /home/ubuntu/airflow/dags/microservice_spark_dag.py
[2026-02-25T11:31:48.904+0000] {logging_mixin.py:190} INFO - [2026-02-25T11:31:48.904+0000] {dag.py:3239} INFO - Sync 1 DAGs
[2026-02-25T11:31:48.912+0000] {logging_mixin.py:190} INFO - [2026-02-25T11:31:48.912+0000] {dag.py:4180} INFO - Setting next_dagrun for microservice_spark_dag to None, run_after=None
[2026-02-25T11:31:48.929+0000] {processor.py:208} INFO - Processing /home/ubuntu/airflow/dags/microservice_spark_dag.py took 0.046 seconds
[2026-02-25T11:32:39.129+0000] {processor.py:186} INFO - Started process (PID=11507) to work on /home/ubuntu/airflow/dags/microservice_spark_dag.py
[2026-02-25T11:32:39.130+0000] {processor.py:914} INFO - Processing file /home/ubuntu/airflow/dags/microservice_spark_dag.py for tasks to queue
[2026-02-25T11:32:39.132+0000] {logging_mixin.py:190} INFO - [2026-02-25T11:32:39.131+0000] {dagbag.py:588} INFO - Filling up the DagBag from /home/ubuntu/airflow/dags/microservice_spark_dag.py
[2026-02-25T11:32:39.137+0000] {processor.py:925} INFO - DAG(s) 'microservice_spark_dag' retrieved from /home/ubuntu/airflow/dags/microservice_spark_dag.py
[2026-02-25T11:32:39.148+0000] {logging_mixin.py:190} INFO - [2026-02-25T11:32:39.148+0000] {dag.py:3239} INFO - Sync 1 DAGs
[2026-02-25T11:32:39.157+0000] {logging_mixin.py:190} INFO - [2026-02-25T11:32:39.156+0000] {dag.py:4180} INFO - Setting next_dagrun for microservice_spark_dag to None, run_after=None
[2026-02-25T11:32:39.174+0000] {processor.py:208} INFO - Processing /home/ubuntu/airflow/dags/microservice_spark_dag.py took 0.049 seconds
[2026-02-25T11:32:39.892+0000] {processor.py:186} INFO - Started process (PID=11508) to work on /home/ubuntu/airflow/dags/microservice_spark_dag.py
[2026-02-25T11:32:39.892+0000] {processor.py:914} INFO - Processing file /home/ubuntu/airflow/dags/microservice_spark_dag.py for tasks to queue
[2026-02-25T11:32:39.894+0000] {logging_mixin.py:190} INFO - [2026-02-25T11:32:39.894+0000] {dagbag.py:588} INFO - Filling up the DagBag from /home/ubuntu/airflow/dags/microservice_spark_dag.py
[2026-02-25T11:32:39.899+0000] {processor.py:925} INFO - DAG(s) 'microservice_spark_dag' retrieved from /home/ubuntu/airflow/dags/microservice_spark_dag.py
[2026-02-25T11:32:39.910+0000] {logging_mixin.py:190} INFO - [2026-02-25T11:32:39.910+0000] {dag.py:3239} INFO - Sync 1 DAGs
[2026-02-25T11:32:39.918+0000] {logging_mixin.py:190} INFO - [2026-02-25T11:32:39.918+0000] {dag.py:4180} INFO - Setting next_dagrun for microservice_spark_dag to None, run_after=None
[2026-02-25T11:32:39.935+0000] {processor.py:208} INFO - Processing /home/ubuntu/airflow/dags/microservice_spark_dag.py took 0.047 seconds
[2026-02-25T11:33:26.839+0000] {processor.py:186} INFO - Started process (PID=11607) to work on /home/ubuntu/airflow/dags/microservice_spark_dag.py
[2026-02-25T11:33:26.840+0000] {processor.py:914} INFO - Processing file /home/ubuntu/airflow/dags/microservice_spark_dag.py for tasks to queue
[2026-02-25T11:33:26.842+0000] {logging_mixin.py:190} INFO - [2026-02-25T11:33:26.842+0000] {dagbag.py:588} INFO - Filling up the DagBag from /home/ubuntu/airflow/dags/microservice_spark_dag.py
[2026-02-25T11:33:26.848+0000] {processor.py:925} INFO - DAG(s) 'microservice_spark_dag' retrieved from /home/ubuntu/airflow/dags/microservice_spark_dag.py
[2026-02-25T11:33:26.860+0000] {logging_mixin.py:190} INFO - [2026-02-25T11:33:26.860+0000] {dag.py:3239} INFO - Sync 1 DAGs
[2026-02-25T11:33:26.869+0000] {logging_mixin.py:190} INFO - [2026-02-25T11:33:26.869+0000] {dag.py:4180} INFO - Setting next_dagrun for microservice_spark_dag to None, run_after=None
[2026-02-25T11:33:26.887+0000] {processor.py:208} INFO - Processing /home/ubuntu/airflow/dags/microservice_spark_dag.py took 0.052 seconds
[2026-02-25T11:33:30.628+0000] {processor.py:186} INFO - Started process (PID=11615) to work on /home/ubuntu/airflow/dags/microservice_spark_dag.py
[2026-02-25T11:33:30.629+0000] {processor.py:914} INFO - Processing file /home/ubuntu/airflow/dags/microservice_spark_dag.py for tasks to queue
[2026-02-25T11:33:30.630+0000] {logging_mixin.py:190} INFO - [2026-02-25T11:33:30.630+0000] {dagbag.py:588} INFO - Filling up the DagBag from /home/ubuntu/airflow/dags/microservice_spark_dag.py
[2026-02-25T11:33:30.636+0000] {processor.py:925} INFO - DAG(s) 'microservice_spark_dag' retrieved from /home/ubuntu/airflow/dags/microservice_spark_dag.py
[2026-02-25T11:33:30.646+0000] {logging_mixin.py:190} INFO - [2026-02-25T11:33:30.645+0000] {dag.py:3239} INFO - Sync 1 DAGs
[2026-02-25T11:33:30.653+0000] {logging_mixin.py:190} INFO - [2026-02-25T11:33:30.653+0000] {dag.py:4180} INFO - Setting next_dagrun for microservice_spark_dag to None, run_after=None
[2026-02-25T11:33:30.670+0000] {processor.py:208} INFO - Processing /home/ubuntu/airflow/dags/microservice_spark_dag.py took 0.046 seconds
[2026-02-25T11:34:12.944+0000] {processor.py:186} INFO - Started process (PID=11705) to work on /home/ubuntu/airflow/dags/microservice_spark_dag.py
[2026-02-25T11:34:12.945+0000] {processor.py:914} INFO - Processing file /home/ubuntu/airflow/dags/microservice_spark_dag.py for tasks to queue
[2026-02-25T11:34:12.947+0000] {logging_mixin.py:190} INFO - [2026-02-25T11:34:12.947+0000] {dagbag.py:588} INFO - Filling up the DagBag from /home/ubuntu/airflow/dags/microservice_spark_dag.py
[2026-02-25T11:34:12.952+0000] {processor.py:925} INFO - DAG(s) 'microservice_spark_dag' retrieved from /home/ubuntu/airflow/dags/microservice_spark_dag.py
[2026-02-25T11:34:12.962+0000] {logging_mixin.py:190} INFO - [2026-02-25T11:34:12.962+0000] {dag.py:3239} INFO - Sync 1 DAGs
[2026-02-25T11:34:12.970+0000] {logging_mixin.py:190} INFO - [2026-02-25T11:34:12.970+0000] {dag.py:4180} INFO - Setting next_dagrun for microservice_spark_dag to None, run_after=None
[2026-02-25T11:34:12.987+0000] {processor.py:208} INFO - Processing /home/ubuntu/airflow/dags/microservice_spark_dag.py took 0.046 seconds
[2026-02-25T11:34:20.138+0000] {processor.py:186} INFO - Started process (PID=11719) to work on /home/ubuntu/airflow/dags/microservice_spark_dag.py
[2026-02-25T11:34:20.139+0000] {processor.py:914} INFO - Processing file /home/ubuntu/airflow/dags/microservice_spark_dag.py for tasks to queue
[2026-02-25T11:34:20.140+0000] {logging_mixin.py:190} INFO - [2026-02-25T11:34:20.140+0000] {dagbag.py:588} INFO - Filling up the DagBag from /home/ubuntu/airflow/dags/microservice_spark_dag.py
[2026-02-25T11:34:20.145+0000] {processor.py:925} INFO - DAG(s) 'microservice_spark_dag' retrieved from /home/ubuntu/airflow/dags/microservice_spark_dag.py
[2026-02-25T11:34:20.156+0000] {logging_mixin.py:190} INFO - [2026-02-25T11:34:20.156+0000] {dag.py:3239} INFO - Sync 1 DAGs
[2026-02-25T11:34:20.164+0000] {logging_mixin.py:190} INFO - [2026-02-25T11:34:20.163+0000] {dag.py:4180} INFO - Setting next_dagrun for microservice_spark_dag to None, run_after=None
[2026-02-25T11:34:20.181+0000] {processor.py:208} INFO - Processing /home/ubuntu/airflow/dags/microservice_spark_dag.py took 0.047 seconds
[2026-02-25T11:35:01.635+0000] {processor.py:186} INFO - Started process (PID=11820) to work on /home/ubuntu/airflow/dags/microservice_spark_dag.py
[2026-02-25T11:35:01.636+0000] {processor.py:914} INFO - Processing file /home/ubuntu/airflow/dags/microservice_spark_dag.py for tasks to queue
[2026-02-25T11:35:01.638+0000] {logging_mixin.py:190} INFO - [2026-02-25T11:35:01.638+0000] {dagbag.py:588} INFO - Filling up the DagBag from /home/ubuntu/airflow/dags/microservice_spark_dag.py
[2026-02-25T11:35:01.644+0000] {processor.py:925} INFO - DAG(s) 'microservice_spark_dag' retrieved from /home/ubuntu/airflow/dags/microservice_spark_dag.py
[2026-02-25T11:35:01.654+0000] {logging_mixin.py:190} INFO - [2026-02-25T11:35:01.654+0000] {dag.py:3239} INFO - Sync 1 DAGs
[2026-02-25T11:35:01.662+0000] {logging_mixin.py:190} INFO - [2026-02-25T11:35:01.662+0000] {dag.py:4180} INFO - Setting next_dagrun for microservice_spark_dag to None, run_after=None
[2026-02-25T11:35:01.680+0000] {processor.py:208} INFO - Processing /home/ubuntu/airflow/dags/microservice_spark_dag.py took 0.049 seconds
[2026-02-25T11:35:11.855+0000] {processor.py:186} INFO - Started process (PID=11844) to work on /home/ubuntu/airflow/dags/microservice_spark_dag.py
[2026-02-25T11:35:11.856+0000] {processor.py:914} INFO - Processing file /home/ubuntu/airflow/dags/microservice_spark_dag.py for tasks to queue
[2026-02-25T11:35:11.857+0000] {logging_mixin.py:190} INFO - [2026-02-25T11:35:11.857+0000] {dagbag.py:588} INFO - Filling up the DagBag from /home/ubuntu/airflow/dags/microservice_spark_dag.py
[2026-02-25T11:35:11.863+0000] {processor.py:925} INFO - DAG(s) 'microservice_spark_dag' retrieved from /home/ubuntu/airflow/dags/microservice_spark_dag.py
[2026-02-25T11:35:11.873+0000] {logging_mixin.py:190} INFO - [2026-02-25T11:35:11.873+0000] {dag.py:3239} INFO - Sync 1 DAGs
[2026-02-25T11:35:11.881+0000] {logging_mixin.py:190} INFO - [2026-02-25T11:35:11.881+0000] {dag.py:4180} INFO - Setting next_dagrun for microservice_spark_dag to None, run_after=None
[2026-02-25T11:35:11.900+0000] {processor.py:208} INFO - Processing /home/ubuntu/airflow/dags/microservice_spark_dag.py took 0.048 seconds
[2026-02-25T11:35:48.511+0000] {processor.py:186} INFO - Started process (PID=11925) to work on /home/ubuntu/airflow/dags/microservice_spark_dag.py
[2026-02-25T11:35:48.512+0000] {processor.py:914} INFO - Processing file /home/ubuntu/airflow/dags/microservice_spark_dag.py for tasks to queue
[2026-02-25T11:35:48.513+0000] {logging_mixin.py:190} INFO - [2026-02-25T11:35:48.513+0000] {dagbag.py:588} INFO - Filling up the DagBag from /home/ubuntu/airflow/dags/microservice_spark_dag.py
[2026-02-25T11:35:48.519+0000] {processor.py:925} INFO - DAG(s) 'microservice_spark_dag' retrieved from /home/ubuntu/airflow/dags/microservice_spark_dag.py
[2026-02-25T11:35:48.529+0000] {logging_mixin.py:190} INFO - [2026-02-25T11:35:48.529+0000] {dag.py:3239} INFO - Sync 1 DAGs
[2026-02-25T11:35:48.537+0000] {logging_mixin.py:190} INFO - [2026-02-25T11:35:48.537+0000] {dag.py:4180} INFO - Setting next_dagrun for microservice_spark_dag to None, run_after=None
[2026-02-25T11:35:48.554+0000] {processor.py:208} INFO - Processing /home/ubuntu/airflow/dags/microservice_spark_dag.py took 0.047 seconds
[2026-02-25T11:35:58.392+0000] {processor.py:186} INFO - Started process (PID=11945) to work on /home/ubuntu/airflow/dags/microservice_spark_dag.py
[2026-02-25T11:35:58.392+0000] {processor.py:914} INFO - Processing file /home/ubuntu/airflow/dags/microservice_spark_dag.py for tasks to queue
[2026-02-25T11:35:58.394+0000] {logging_mixin.py:190} INFO - [2026-02-25T11:35:58.394+0000] {dagbag.py:588} INFO - Filling up the DagBag from /home/ubuntu/airflow/dags/microservice_spark_dag.py
[2026-02-25T11:35:58.399+0000] {processor.py:925} INFO - DAG(s) 'microservice_spark_dag' retrieved from /home/ubuntu/airflow/dags/microservice_spark_dag.py
[2026-02-25T11:35:58.410+0000] {logging_mixin.py:190} INFO - [2026-02-25T11:35:58.409+0000] {dag.py:3239} INFO - Sync 1 DAGs
[2026-02-25T11:35:58.418+0000] {logging_mixin.py:190} INFO - [2026-02-25T11:35:58.417+0000] {dag.py:4180} INFO - Setting next_dagrun for microservice_spark_dag to None, run_after=None
[2026-02-25T11:35:58.434+0000] {processor.py:208} INFO - Processing /home/ubuntu/airflow/dags/microservice_spark_dag.py took 0.047 seconds
[2026-02-25T11:36:40.469+0000] {processor.py:186} INFO - Started process (PID=12089) to work on /home/ubuntu/airflow/dags/microservice_spark_dag.py
[2026-02-25T11:36:40.471+0000] {processor.py:914} INFO - Processing file /home/ubuntu/airflow/dags/microservice_spark_dag.py for tasks to queue
[2026-02-25T11:36:40.473+0000] {logging_mixin.py:190} INFO - [2026-02-25T11:36:40.472+0000] {dagbag.py:588} INFO - Filling up the DagBag from /home/ubuntu/airflow/dags/microservice_spark_dag.py
[2026-02-25T11:36:40.480+0000] {processor.py:925} INFO - DAG(s) 'microservice_spark_dag' retrieved from /home/ubuntu/airflow/dags/microservice_spark_dag.py
[2026-02-25T11:36:40.495+0000] {logging_mixin.py:190} INFO - [2026-02-25T11:36:40.495+0000] {dag.py:3239} INFO - Sync 1 DAGs
[2026-02-25T11:36:40.507+0000] {logging_mixin.py:190} INFO - [2026-02-25T11:36:40.507+0000] {dag.py:4180} INFO - Setting next_dagrun for microservice_spark_dag to None, run_after=None
[2026-02-25T11:36:40.527+0000] {processor.py:208} INFO - Processing /home/ubuntu/airflow/dags/microservice_spark_dag.py took 0.063 seconds
[2026-02-25T11:36:50.654+0000] {processor.py:186} INFO - Started process (PID=12152) to work on /home/ubuntu/airflow/dags/microservice_spark_dag.py
[2026-02-25T11:36:50.655+0000] {processor.py:914} INFO - Processing file /home/ubuntu/airflow/dags/microservice_spark_dag.py for tasks to queue
[2026-02-25T11:36:50.656+0000] {logging_mixin.py:190} INFO - [2026-02-25T11:36:50.656+0000] {dagbag.py:588} INFO - Filling up the DagBag from /home/ubuntu/airflow/dags/microservice_spark_dag.py
[2026-02-25T11:36:50.662+0000] {processor.py:925} INFO - DAG(s) 'microservice_spark_dag' retrieved from /home/ubuntu/airflow/dags/microservice_spark_dag.py
[2026-02-25T11:36:50.672+0000] {logging_mixin.py:190} INFO - [2026-02-25T11:36:50.672+0000] {dag.py:3239} INFO - Sync 1 DAGs
[2026-02-25T11:36:50.689+0000] {logging_mixin.py:190} INFO - [2026-02-25T11:36:50.688+0000] {dag.py:4180} INFO - Setting next_dagrun for microservice_spark_dag to None, run_after=None
[2026-02-25T11:36:50.706+0000] {processor.py:208} INFO - Processing /home/ubuntu/airflow/dags/microservice_spark_dag.py took 0.055 seconds
[2026-02-25T11:37:30.631+0000] {processor.py:186} INFO - Started process (PID=12235) to work on /home/ubuntu/airflow/dags/microservice_spark_dag.py
[2026-02-25T11:37:30.633+0000] {processor.py:914} INFO - Processing file /home/ubuntu/airflow/dags/microservice_spark_dag.py for tasks to queue
[2026-02-25T11:37:30.634+0000] {logging_mixin.py:190} INFO - [2026-02-25T11:37:30.634+0000] {dagbag.py:588} INFO - Filling up the DagBag from /home/ubuntu/airflow/dags/microservice_spark_dag.py
[2026-02-25T11:37:30.640+0000] {processor.py:925} INFO - DAG(s) 'microservice_spark_dag' retrieved from /home/ubuntu/airflow/dags/microservice_spark_dag.py
[2026-02-25T11:37:30.650+0000] {logging_mixin.py:190} INFO - [2026-02-25T11:37:30.650+0000] {dag.py:3239} INFO - Sync 1 DAGs
[2026-02-25T11:37:30.658+0000] {logging_mixin.py:190} INFO - [2026-02-25T11:37:30.658+0000] {dag.py:4180} INFO - Setting next_dagrun for microservice_spark_dag to None, run_after=None
[2026-02-25T11:37:30.675+0000] {processor.py:208} INFO - Processing /home/ubuntu/airflow/dags/microservice_spark_dag.py took 0.048 seconds
[2026-02-25T11:37:41.848+0000] {processor.py:186} INFO - Started process (PID=12257) to work on /home/ubuntu/airflow/dags/microservice_spark_dag.py
[2026-02-25T11:37:41.848+0000] {processor.py:914} INFO - Processing file /home/ubuntu/airflow/dags/microservice_spark_dag.py for tasks to queue
[2026-02-25T11:37:41.850+0000] {logging_mixin.py:190} INFO - [2026-02-25T11:37:41.850+0000] {dagbag.py:588} INFO - Filling up the DagBag from /home/ubuntu/airflow/dags/microservice_spark_dag.py
[2026-02-25T11:37:41.856+0000] {processor.py:925} INFO - DAG(s) 'microservice_spark_dag' retrieved from /home/ubuntu/airflow/dags/microservice_spark_dag.py
[2026-02-25T11:37:41.866+0000] {logging_mixin.py:190} INFO - [2026-02-25T11:37:41.866+0000] {dag.py:3239} INFO - Sync 1 DAGs
[2026-02-25T11:37:41.874+0000] {logging_mixin.py:190} INFO - [2026-02-25T11:37:41.874+0000] {dag.py:4180} INFO - Setting next_dagrun for microservice_spark_dag to None, run_after=None
[2026-02-25T11:37:41.891+0000] {processor.py:208} INFO - Processing /home/ubuntu/airflow/dags/microservice_spark_dag.py took 0.047 seconds
[2026-02-25T11:42:28.661+0000] {processor.py:186} INFO - Started process (PID=1676) to work on /home/ubuntu/airflow/dags/microservice_spark_dag.py
[2026-02-25T11:42:28.663+0000] {processor.py:914} INFO - Processing file /home/ubuntu/airflow/dags/microservice_spark_dag.py for tasks to queue
[2026-02-25T11:42:28.664+0000] {logging_mixin.py:190} INFO - [2026-02-25T11:42:28.664+0000] {dagbag.py:588} INFO - Filling up the DagBag from /home/ubuntu/airflow/dags/microservice_spark_dag.py
[2026-02-25T11:42:28.684+0000] {processor.py:925} INFO - DAG(s) 'microservice_spark_dag' retrieved from /home/ubuntu/airflow/dags/microservice_spark_dag.py
[2026-02-25T11:42:28.709+0000] {logging_mixin.py:190} INFO - [2026-02-25T11:42:28.709+0000] {dag.py:3239} INFO - Sync 1 DAGs
[2026-02-25T11:42:28.721+0000] {logging_mixin.py:190} INFO - [2026-02-25T11:42:28.721+0000] {dag.py:4180} INFO - Setting next_dagrun for microservice_spark_dag to None, run_after=None
[2026-02-25T11:42:28.740+0000] {processor.py:208} INFO - Processing /home/ubuntu/airflow/dags/microservice_spark_dag.py took 0.082 seconds
[2026-02-25T11:43:23.249+0000] {processor.py:186} INFO - Started process (PID=2099) to work on /home/ubuntu/airflow/dags/microservice_spark_dag.py
[2026-02-25T11:43:23.250+0000] {processor.py:914} INFO - Processing file /home/ubuntu/airflow/dags/microservice_spark_dag.py for tasks to queue
[2026-02-25T11:43:23.252+0000] {logging_mixin.py:190} INFO - [2026-02-25T11:43:23.251+0000] {dagbag.py:588} INFO - Filling up the DagBag from /home/ubuntu/airflow/dags/microservice_spark_dag.py
[2026-02-25T11:43:23.256+0000] {processor.py:925} INFO - DAG(s) 'microservice_spark_dag' retrieved from /home/ubuntu/airflow/dags/microservice_spark_dag.py
[2026-02-25T11:43:23.266+0000] {logging_mixin.py:190} INFO - [2026-02-25T11:43:23.266+0000] {dag.py:3239} INFO - Sync 1 DAGs
[2026-02-25T11:43:23.273+0000] {logging_mixin.py:190} INFO - [2026-02-25T11:43:23.273+0000] {dag.py:4180} INFO - Setting next_dagrun for microservice_spark_dag to None, run_after=None
[2026-02-25T11:43:23.290+0000] {processor.py:208} INFO - Processing /home/ubuntu/airflow/dags/microservice_spark_dag.py took 0.044 seconds
[2026-02-25T11:44:11.062+0000] {processor.py:186} INFO - Started process (PID=2518) to work on /home/ubuntu/airflow/dags/microservice_spark_dag.py
[2026-02-25T11:44:11.063+0000] {processor.py:914} INFO - Processing file /home/ubuntu/airflow/dags/microservice_spark_dag.py for tasks to queue
[2026-02-25T11:44:11.065+0000] {logging_mixin.py:190} INFO - [2026-02-25T11:44:11.064+0000] {dagbag.py:588} INFO - Filling up the DagBag from /home/ubuntu/airflow/dags/microservice_spark_dag.py
[2026-02-25T11:44:11.069+0000] {processor.py:925} INFO - DAG(s) 'microservice_spark_dag' retrieved from /home/ubuntu/airflow/dags/microservice_spark_dag.py
[2026-02-25T11:44:11.079+0000] {logging_mixin.py:190} INFO - [2026-02-25T11:44:11.079+0000] {dag.py:3239} INFO - Sync 1 DAGs
[2026-02-25T11:44:11.087+0000] {logging_mixin.py:190} INFO - [2026-02-25T11:44:11.086+0000] {dag.py:4180} INFO - Setting next_dagrun for microservice_spark_dag to None, run_after=None
[2026-02-25T11:44:11.104+0000] {processor.py:208} INFO - Processing /home/ubuntu/airflow/dags/microservice_spark_dag.py took 0.045 seconds
[2026-02-25T11:44:57.311+0000] {processor.py:186} INFO - Started process (PID=2568) to work on /home/ubuntu/airflow/dags/microservice_spark_dag.py
[2026-02-25T11:44:57.312+0000] {processor.py:914} INFO - Processing file /home/ubuntu/airflow/dags/microservice_spark_dag.py for tasks to queue
[2026-02-25T11:44:57.313+0000] {logging_mixin.py:190} INFO - [2026-02-25T11:44:57.313+0000] {dagbag.py:588} INFO - Filling up the DagBag from /home/ubuntu/airflow/dags/microservice_spark_dag.py
[2026-02-25T11:44:57.318+0000] {processor.py:925} INFO - DAG(s) 'microservice_spark_dag' retrieved from /home/ubuntu/airflow/dags/microservice_spark_dag.py
[2026-02-25T11:44:57.328+0000] {logging_mixin.py:190} INFO - [2026-02-25T11:44:57.328+0000] {dag.py:3239} INFO - Sync 1 DAGs
[2026-02-25T11:44:57.335+0000] {logging_mixin.py:190} INFO - [2026-02-25T11:44:57.335+0000] {dag.py:4180} INFO - Setting next_dagrun for microservice_spark_dag to None, run_after=None
[2026-02-25T11:44:57.353+0000] {processor.py:208} INFO - Processing /home/ubuntu/airflow/dags/microservice_spark_dag.py took 0.046 seconds
[2026-02-25T11:45:50.828+0000] {processor.py:186} INFO - Started process (PID=2635) to work on /home/ubuntu/airflow/dags/microservice_spark_dag.py
[2026-02-25T11:45:50.830+0000] {processor.py:914} INFO - Processing file /home/ubuntu/airflow/dags/microservice_spark_dag.py for tasks to queue
[2026-02-25T11:45:50.831+0000] {logging_mixin.py:190} INFO - [2026-02-25T11:45:50.831+0000] {dagbag.py:588} INFO - Filling up the DagBag from /home/ubuntu/airflow/dags/microservice_spark_dag.py
[2026-02-25T11:45:50.836+0000] {processor.py:925} INFO - DAG(s) 'microservice_spark_dag' retrieved from /home/ubuntu/airflow/dags/microservice_spark_dag.py
[2026-02-25T11:45:50.845+0000] {logging_mixin.py:190} INFO - [2026-02-25T11:45:50.845+0000] {dag.py:3239} INFO - Sync 1 DAGs
[2026-02-25T11:45:50.853+0000] {logging_mixin.py:190} INFO - [2026-02-25T11:45:50.852+0000] {dag.py:4180} INFO - Setting next_dagrun for microservice_spark_dag to None, run_after=None
[2026-02-25T11:45:50.870+0000] {processor.py:208} INFO - Processing /home/ubuntu/airflow/dags/microservice_spark_dag.py took 0.045 seconds
[2026-02-25T11:46:45.172+0000] {processor.py:186} INFO - Started process (PID=2695) to work on /home/ubuntu/airflow/dags/microservice_spark_dag.py
[2026-02-25T11:46:45.174+0000] {processor.py:914} INFO - Processing file /home/ubuntu/airflow/dags/microservice_spark_dag.py for tasks to queue
[2026-02-25T11:46:45.175+0000] {logging_mixin.py:190} INFO - [2026-02-25T11:46:45.175+0000] {dagbag.py:588} INFO - Filling up the DagBag from /home/ubuntu/airflow/dags/microservice_spark_dag.py
[2026-02-25T11:46:45.180+0000] {processor.py:925} INFO - DAG(s) 'microservice_spark_dag' retrieved from /home/ubuntu/airflow/dags/microservice_spark_dag.py
[2026-02-25T11:46:45.190+0000] {logging_mixin.py:190} INFO - [2026-02-25T11:46:45.190+0000] {dag.py:3239} INFO - Sync 1 DAGs
[2026-02-25T11:46:45.197+0000] {logging_mixin.py:190} INFO - [2026-02-25T11:46:45.197+0000] {dag.py:4180} INFO - Setting next_dagrun for microservice_spark_dag to None, run_after=None
[2026-02-25T11:46:45.214+0000] {processor.py:208} INFO - Processing /home/ubuntu/airflow/dags/microservice_spark_dag.py took 0.045 seconds
[2026-02-25T12:38:48.356+0000] {processor.py:186} INFO - Started process (PID=1662) to work on /home/ubuntu/airflow/dags/microservice_spark_dag.py
[2026-02-25T12:38:48.358+0000] {processor.py:914} INFO - Processing file /home/ubuntu/airflow/dags/microservice_spark_dag.py for tasks to queue
[2026-02-25T12:38:48.359+0000] {logging_mixin.py:190} INFO - [2026-02-25T12:38:48.359+0000] {dagbag.py:588} INFO - Filling up the DagBag from /home/ubuntu/airflow/dags/microservice_spark_dag.py
[2026-02-25T12:38:48.379+0000] {processor.py:925} INFO - DAG(s) 'microservice_spark_dag' retrieved from /home/ubuntu/airflow/dags/microservice_spark_dag.py
[2026-02-25T12:38:48.401+0000] {logging_mixin.py:190} INFO - [2026-02-25T12:38:48.401+0000] {dag.py:3239} INFO - Sync 1 DAGs
[2026-02-25T12:38:48.411+0000] {logging_mixin.py:190} INFO - [2026-02-25T12:38:48.411+0000] {dag.py:4180} INFO - Setting next_dagrun for microservice_spark_dag to None, run_after=None
[2026-02-25T12:38:48.430+0000] {processor.py:208} INFO - Processing /home/ubuntu/airflow/dags/microservice_spark_dag.py took 0.078 seconds
[2026-02-25T12:39:42.822+0000] {processor.py:186} INFO - Started process (PID=2151) to work on /home/ubuntu/airflow/dags/microservice_spark_dag.py
[2026-02-25T12:39:42.823+0000] {processor.py:914} INFO - Processing file /home/ubuntu/airflow/dags/microservice_spark_dag.py for tasks to queue
[2026-02-25T12:39:42.824+0000] {logging_mixin.py:190} INFO - [2026-02-25T12:39:42.824+0000] {dagbag.py:588} INFO - Filling up the DagBag from /home/ubuntu/airflow/dags/microservice_spark_dag.py
[2026-02-25T12:39:42.829+0000] {processor.py:925} INFO - DAG(s) 'microservice_spark_dag' retrieved from /home/ubuntu/airflow/dags/microservice_spark_dag.py
[2026-02-25T12:39:42.838+0000] {logging_mixin.py:190} INFO - [2026-02-25T12:39:42.837+0000] {dag.py:3239} INFO - Sync 1 DAGs
[2026-02-25T12:39:42.845+0000] {logging_mixin.py:190} INFO - [2026-02-25T12:39:42.844+0000] {dag.py:4180} INFO - Setting next_dagrun for microservice_spark_dag to None, run_after=None
[2026-02-25T12:39:42.862+0000] {processor.py:208} INFO - Processing /home/ubuntu/airflow/dags/microservice_spark_dag.py took 0.044 seconds
[2026-02-25T12:40:30.738+0000] {processor.py:186} INFO - Started process (PID=2206) to work on /home/ubuntu/airflow/dags/microservice_spark_dag.py
[2026-02-25T12:40:30.739+0000] {processor.py:914} INFO - Processing file /home/ubuntu/airflow/dags/microservice_spark_dag.py for tasks to queue
[2026-02-25T12:40:30.740+0000] {logging_mixin.py:190} INFO - [2026-02-25T12:40:30.740+0000] {dagbag.py:588} INFO - Filling up the DagBag from /home/ubuntu/airflow/dags/microservice_spark_dag.py
[2026-02-25T12:40:30.745+0000] {processor.py:925} INFO - DAG(s) 'microservice_spark_dag' retrieved from /home/ubuntu/airflow/dags/microservice_spark_dag.py
[2026-02-25T12:40:30.754+0000] {logging_mixin.py:190} INFO - [2026-02-25T12:40:30.754+0000] {dag.py:3239} INFO - Sync 1 DAGs
[2026-02-25T12:40:30.761+0000] {logging_mixin.py:190} INFO - [2026-02-25T12:40:30.761+0000] {dag.py:4180} INFO - Setting next_dagrun for microservice_spark_dag to None, run_after=None
[2026-02-25T12:40:30.777+0000] {processor.py:208} INFO - Processing /home/ubuntu/airflow/dags/microservice_spark_dag.py took 0.042 seconds
[2026-02-25T12:41:16.990+0000] {processor.py:186} INFO - Started process (PID=2620) to work on /home/ubuntu/airflow/dags/microservice_spark_dag.py
[2026-02-25T12:41:16.991+0000] {processor.py:914} INFO - Processing file /home/ubuntu/airflow/dags/microservice_spark_dag.py for tasks to queue
[2026-02-25T12:41:16.993+0000] {logging_mixin.py:190} INFO - [2026-02-25T12:41:16.992+0000] {dagbag.py:588} INFO - Filling up the DagBag from /home/ubuntu/airflow/dags/microservice_spark_dag.py
[2026-02-25T12:41:16.997+0000] {processor.py:925} INFO - DAG(s) 'microservice_spark_dag' retrieved from /home/ubuntu/airflow/dags/microservice_spark_dag.py
[2026-02-25T12:41:17.006+0000] {logging_mixin.py:190} INFO - [2026-02-25T12:41:17.006+0000] {dag.py:3239} INFO - Sync 1 DAGs
[2026-02-25T12:41:17.014+0000] {logging_mixin.py:190} INFO - [2026-02-25T12:41:17.013+0000] {dag.py:4180} INFO - Setting next_dagrun for microservice_spark_dag to None, run_after=None
[2026-02-25T12:41:17.037+0000] {processor.py:208} INFO - Processing /home/ubuntu/airflow/dags/microservice_spark_dag.py took 0.050 seconds
[2026-02-25T12:42:08.031+0000] {processor.py:186} INFO - Started process (PID=2674) to work on /home/ubuntu/airflow/dags/microservice_spark_dag.py
[2026-02-25T12:42:08.032+0000] {processor.py:914} INFO - Processing file /home/ubuntu/airflow/dags/microservice_spark_dag.py for tasks to queue
[2026-02-25T12:42:08.034+0000] {logging_mixin.py:190} INFO - [2026-02-25T12:42:08.033+0000] {dagbag.py:588} INFO - Filling up the DagBag from /home/ubuntu/airflow/dags/microservice_spark_dag.py
[2026-02-25T12:42:08.038+0000] {processor.py:925} INFO - DAG(s) 'microservice_spark_dag' retrieved from /home/ubuntu/airflow/dags/microservice_spark_dag.py
[2026-02-25T12:42:08.048+0000] {logging_mixin.py:190} INFO - [2026-02-25T12:42:08.047+0000] {dag.py:3239} INFO - Sync 1 DAGs
[2026-02-25T12:42:08.054+0000] {logging_mixin.py:190} INFO - [2026-02-25T12:42:08.054+0000] {dag.py:4180} INFO - Setting next_dagrun for microservice_spark_dag to None, run_after=None
[2026-02-25T12:42:08.071+0000] {processor.py:208} INFO - Processing /home/ubuntu/airflow/dags/microservice_spark_dag.py took 0.043 seconds
[2026-02-25T12:42:59.633+0000] {processor.py:186} INFO - Started process (PID=2728) to work on /home/ubuntu/airflow/dags/microservice_spark_dag.py
[2026-02-25T12:42:59.634+0000] {processor.py:914} INFO - Processing file /home/ubuntu/airflow/dags/microservice_spark_dag.py for tasks to queue
[2026-02-25T12:42:59.636+0000] {logging_mixin.py:190} INFO - [2026-02-25T12:42:59.635+0000] {dagbag.py:588} INFO - Filling up the DagBag from /home/ubuntu/airflow/dags/microservice_spark_dag.py
[2026-02-25T12:42:59.640+0000] {processor.py:925} INFO - DAG(s) 'microservice_spark_dag' retrieved from /home/ubuntu/airflow/dags/microservice_spark_dag.py
[2026-02-25T12:42:59.649+0000] {logging_mixin.py:190} INFO - [2026-02-25T12:42:59.649+0000] {dag.py:3239} INFO - Sync 1 DAGs
[2026-02-25T12:42:59.656+0000] {logging_mixin.py:190} INFO - [2026-02-25T12:42:59.656+0000] {dag.py:4180} INFO - Setting next_dagrun for microservice_spark_dag to None, run_after=None
[2026-02-25T12:42:59.673+0000] {processor.py:208} INFO - Processing /home/ubuntu/airflow/dags/microservice_spark_dag.py took 0.043 seconds
[2026-02-25T12:43:48.147+0000] {processor.py:186} INFO - Started process (PID=2788) to work on /home/ubuntu/airflow/dags/microservice_spark_dag.py
[2026-02-25T12:43:48.149+0000] {processor.py:914} INFO - Processing file /home/ubuntu/airflow/dags/microservice_spark_dag.py for tasks to queue
[2026-02-25T12:43:48.150+0000] {logging_mixin.py:190} INFO - [2026-02-25T12:43:48.150+0000] {dagbag.py:588} INFO - Filling up the DagBag from /home/ubuntu/airflow/dags/microservice_spark_dag.py
[2026-02-25T12:43:48.155+0000] {processor.py:925} INFO - DAG(s) 'microservice_spark_dag' retrieved from /home/ubuntu/airflow/dags/microservice_spark_dag.py
[2026-02-25T12:43:48.164+0000] {logging_mixin.py:190} INFO - [2026-02-25T12:43:48.164+0000] {dag.py:3239} INFO - Sync 1 DAGs
[2026-02-25T12:43:48.171+0000] {logging_mixin.py:190} INFO - [2026-02-25T12:43:48.171+0000] {dag.py:4180} INFO - Setting next_dagrun for microservice_spark_dag to None, run_after=None
[2026-02-25T12:43:48.187+0000] {processor.py:208} INFO - Processing /home/ubuntu/airflow/dags/microservice_spark_dag.py took 0.043 seconds
[2026-02-25T12:44:38.633+0000] {processor.py:186} INFO - Started process (PID=2840) to work on /home/ubuntu/airflow/dags/microservice_spark_dag.py
[2026-02-25T12:44:38.635+0000] {processor.py:914} INFO - Processing file /home/ubuntu/airflow/dags/microservice_spark_dag.py for tasks to queue
[2026-02-25T12:44:38.636+0000] {logging_mixin.py:190} INFO - [2026-02-25T12:44:38.636+0000] {dagbag.py:588} INFO - Filling up the DagBag from /home/ubuntu/airflow/dags/microservice_spark_dag.py
[2026-02-25T12:44:38.641+0000] {processor.py:925} INFO - DAG(s) 'microservice_spark_dag' retrieved from /home/ubuntu/airflow/dags/microservice_spark_dag.py
[2026-02-25T12:44:38.650+0000] {logging_mixin.py:190} INFO - [2026-02-25T12:44:38.650+0000] {dag.py:3239} INFO - Sync 1 DAGs
[2026-02-25T12:44:38.657+0000] {logging_mixin.py:190} INFO - [2026-02-25T12:44:38.657+0000] {dag.py:4180} INFO - Setting next_dagrun for microservice_spark_dag to None, run_after=None
[2026-02-25T12:44:38.746+0000] {processor.py:208} INFO - Processing /home/ubuntu/airflow/dags/microservice_spark_dag.py took 0.116 seconds
[2026-02-25T12:45:30.783+0000] {processor.py:186} INFO - Started process (PID=2896) to work on /home/ubuntu/airflow/dags/microservice_spark_dag.py
[2026-02-25T12:45:30.785+0000] {processor.py:914} INFO - Processing file /home/ubuntu/airflow/dags/microservice_spark_dag.py for tasks to queue
[2026-02-25T12:45:30.786+0000] {logging_mixin.py:190} INFO - [2026-02-25T12:45:30.786+0000] {dagbag.py:588} INFO - Filling up the DagBag from /home/ubuntu/airflow/dags/microservice_spark_dag.py
[2026-02-25T12:45:30.791+0000] {processor.py:925} INFO - DAG(s) 'microservice_spark_dag' retrieved from /home/ubuntu/airflow/dags/microservice_spark_dag.py
[2026-02-25T12:45:30.800+0000] {logging_mixin.py:190} INFO - [2026-02-25T12:45:30.800+0000] {dag.py:3239} INFO - Sync 1 DAGs
[2026-02-25T12:45:30.808+0000] {logging_mixin.py:190} INFO - [2026-02-25T12:45:30.807+0000] {dag.py:4180} INFO - Setting next_dagrun for microservice_spark_dag to None, run_after=None
[2026-02-25T12:45:30.824+0000] {processor.py:208} INFO - Processing /home/ubuntu/airflow/dags/microservice_spark_dag.py took 0.044 seconds
[2026-02-25T12:46:23.695+0000] {processor.py:186} INFO - Started process (PID=2950) to work on /home/ubuntu/airflow/dags/microservice_spark_dag.py
[2026-02-25T12:46:23.696+0000] {processor.py:914} INFO - Processing file /home/ubuntu/airflow/dags/microservice_spark_dag.py for tasks to queue
[2026-02-25T12:46:23.698+0000] {logging_mixin.py:190} INFO - [2026-02-25T12:46:23.697+0000] {dagbag.py:588} INFO - Filling up the DagBag from /home/ubuntu/airflow/dags/microservice_spark_dag.py
[2026-02-25T12:46:23.703+0000] {processor.py:925} INFO - DAG(s) 'microservice_spark_dag' retrieved from /home/ubuntu/airflow/dags/microservice_spark_dag.py
[2026-02-25T12:46:23.712+0000] {logging_mixin.py:190} INFO - [2026-02-25T12:46:23.712+0000] {dag.py:3239} INFO - Sync 1 DAGs
[2026-02-25T12:46:23.720+0000] {logging_mixin.py:190} INFO - [2026-02-25T12:46:23.719+0000] {dag.py:4180} INFO - Setting next_dagrun for microservice_spark_dag to None, run_after=None
[2026-02-25T12:46:23.735+0000] {processor.py:208} INFO - Processing /home/ubuntu/airflow/dags/microservice_spark_dag.py took 0.044 seconds
[2026-02-25T12:47:12.016+0000] {processor.py:186} INFO - Started process (PID=3002) to work on /home/ubuntu/airflow/dags/microservice_spark_dag.py
[2026-02-25T12:47:12.018+0000] {processor.py:914} INFO - Processing file /home/ubuntu/airflow/dags/microservice_spark_dag.py for tasks to queue
[2026-02-25T12:47:12.019+0000] {logging_mixin.py:190} INFO - [2026-02-25T12:47:12.019+0000] {dagbag.py:588} INFO - Filling up the DagBag from /home/ubuntu/airflow/dags/microservice_spark_dag.py
[2026-02-25T12:47:12.024+0000] {processor.py:925} INFO - DAG(s) 'microservice_spark_dag' retrieved from /home/ubuntu/airflow/dags/microservice_spark_dag.py
[2026-02-25T12:47:12.033+0000] {logging_mixin.py:190} INFO - [2026-02-25T12:47:12.033+0000] {dag.py:3239} INFO - Sync 1 DAGs
[2026-02-25T12:47:12.040+0000] {logging_mixin.py:190} INFO - [2026-02-25T12:47:12.040+0000] {dag.py:4180} INFO - Setting next_dagrun for microservice_spark_dag to None, run_after=None
[2026-02-25T12:47:12.057+0000] {processor.py:208} INFO - Processing /home/ubuntu/airflow/dags/microservice_spark_dag.py took 0.044 seconds
[2026-02-25T12:48:00.867+0000] {processor.py:186} INFO - Started process (PID=3054) to work on /home/ubuntu/airflow/dags/microservice_spark_dag.py
[2026-02-25T12:48:00.868+0000] {processor.py:914} INFO - Processing file /home/ubuntu/airflow/dags/microservice_spark_dag.py for tasks to queue
[2026-02-25T12:48:00.869+0000] {logging_mixin.py:190} INFO - [2026-02-25T12:48:00.869+0000] {dagbag.py:588} INFO - Filling up the DagBag from /home/ubuntu/airflow/dags/microservice_spark_dag.py
[2026-02-25T12:48:00.874+0000] {processor.py:925} INFO - DAG(s) 'microservice_spark_dag' retrieved from /home/ubuntu/airflow/dags/microservice_spark_dag.py
[2026-02-25T12:48:00.884+0000] {logging_mixin.py:190} INFO - [2026-02-25T12:48:00.884+0000] {dag.py:3239} INFO - Sync 1 DAGs
[2026-02-25T12:48:00.891+0000] {logging_mixin.py:190} INFO - [2026-02-25T12:48:00.891+0000] {dag.py:4180} INFO - Setting next_dagrun for microservice_spark_dag to None, run_after=None
[2026-02-25T12:48:00.908+0000] {processor.py:208} INFO - Processing /home/ubuntu/airflow/dags/microservice_spark_dag.py took 0.044 seconds
[2026-02-25T12:48:51.124+0000] {processor.py:186} INFO - Started process (PID=3109) to work on /home/ubuntu/airflow/dags/microservice_spark_dag.py
[2026-02-25T12:48:51.125+0000] {processor.py:914} INFO - Processing file /home/ubuntu/airflow/dags/microservice_spark_dag.py for tasks to queue
[2026-02-25T12:48:51.126+0000] {logging_mixin.py:190} INFO - [2026-02-25T12:48:51.126+0000] {dagbag.py:588} INFO - Filling up the DagBag from /home/ubuntu/airflow/dags/microservice_spark_dag.py
[2026-02-25T12:48:51.131+0000] {processor.py:925} INFO - DAG(s) 'microservice_spark_dag' retrieved from /home/ubuntu/airflow/dags/microservice_spark_dag.py
[2026-02-25T12:48:51.140+0000] {logging_mixin.py:190} INFO - [2026-02-25T12:48:51.140+0000] {dag.py:3239} INFO - Sync 1 DAGs
[2026-02-25T12:48:51.148+0000] {logging_mixin.py:190} INFO - [2026-02-25T12:48:51.148+0000] {dag.py:4180} INFO - Setting next_dagrun for microservice_spark_dag to None, run_after=None
[2026-02-25T12:48:51.165+0000] {processor.py:208} INFO - Processing /home/ubuntu/airflow/dags/microservice_spark_dag.py took 0.044 seconds
[2026-02-25T12:49:38.779+0000] {processor.py:186} INFO - Started process (PID=3159) to work on /home/ubuntu/airflow/dags/microservice_spark_dag.py
[2026-02-25T12:49:38.781+0000] {processor.py:914} INFO - Processing file /home/ubuntu/airflow/dags/microservice_spark_dag.py for tasks to queue
[2026-02-25T12:49:38.782+0000] {logging_mixin.py:190} INFO - [2026-02-25T12:49:38.782+0000] {dagbag.py:588} INFO - Filling up the DagBag from /home/ubuntu/airflow/dags/microservice_spark_dag.py
[2026-02-25T12:49:38.787+0000] {processor.py:925} INFO - DAG(s) 'microservice_spark_dag' retrieved from /home/ubuntu/airflow/dags/microservice_spark_dag.py
[2026-02-25T12:49:38.796+0000] {logging_mixin.py:190} INFO - [2026-02-25T12:49:38.796+0000] {dag.py:3239} INFO - Sync 1 DAGs
[2026-02-25T12:49:38.803+0000] {logging_mixin.py:190} INFO - [2026-02-25T12:49:38.803+0000] {dag.py:4180} INFO - Setting next_dagrun for microservice_spark_dag to None, run_after=None
[2026-02-25T12:49:38.818+0000] {processor.py:208} INFO - Processing /home/ubuntu/airflow/dags/microservice_spark_dag.py took 0.042 seconds
[2026-02-25T12:50:28.617+0000] {processor.py:186} INFO - Started process (PID=3210) to work on /home/ubuntu/airflow/dags/microservice_spark_dag.py
[2026-02-25T12:50:28.619+0000] {processor.py:914} INFO - Processing file /home/ubuntu/airflow/dags/microservice_spark_dag.py for tasks to queue
[2026-02-25T12:50:28.620+0000] {logging_mixin.py:190} INFO - [2026-02-25T12:50:28.620+0000] {dagbag.py:588} INFO - Filling up the DagBag from /home/ubuntu/airflow/dags/microservice_spark_dag.py
[2026-02-25T12:50:28.625+0000] {processor.py:925} INFO - DAG(s) 'microservice_spark_dag' retrieved from /home/ubuntu/airflow/dags/microservice_spark_dag.py
[2026-02-25T12:50:28.634+0000] {logging_mixin.py:190} INFO - [2026-02-25T12:50:28.634+0000] {dag.py:3239} INFO - Sync 1 DAGs
[2026-02-25T12:50:28.642+0000] {logging_mixin.py:190} INFO - [2026-02-25T12:50:28.642+0000] {dag.py:4180} INFO - Setting next_dagrun for microservice_spark_dag to None, run_after=None
[2026-02-25T12:50:28.661+0000] {processor.py:208} INFO - Processing /home/ubuntu/airflow/dags/microservice_spark_dag.py took 0.047 seconds
[2026-02-25T12:51:18.803+0000] {processor.py:186} INFO - Started process (PID=3267) to work on /home/ubuntu/airflow/dags/microservice_spark_dag.py
[2026-02-25T12:51:18.804+0000] {processor.py:914} INFO - Processing file /home/ubuntu/airflow/dags/microservice_spark_dag.py for tasks to queue
[2026-02-25T12:51:18.806+0000] {logging_mixin.py:190} INFO - [2026-02-25T12:51:18.806+0000] {dagbag.py:588} INFO - Filling up the DagBag from /home/ubuntu/airflow/dags/microservice_spark_dag.py
[2026-02-25T12:51:18.811+0000] {processor.py:925} INFO - DAG(s) 'microservice_spark_dag' retrieved from /home/ubuntu/airflow/dags/microservice_spark_dag.py
[2026-02-25T12:51:18.820+0000] {logging_mixin.py:190} INFO - [2026-02-25T12:51:18.820+0000] {dag.py:3239} INFO - Sync 1 DAGs
[2026-02-25T12:51:18.827+0000] {logging_mixin.py:190} INFO - [2026-02-25T12:51:18.827+0000] {dag.py:4180} INFO - Setting next_dagrun for microservice_spark_dag to None, run_after=None
[2026-02-25T12:51:18.844+0000] {processor.py:208} INFO - Processing /home/ubuntu/airflow/dags/microservice_spark_dag.py took 0.044 seconds
[2026-02-25T12:52:07.713+0000] {processor.py:186} INFO - Started process (PID=3321) to work on /home/ubuntu/airflow/dags/microservice_spark_dag.py
[2026-02-25T12:52:07.714+0000] {processor.py:914} INFO - Processing file /home/ubuntu/airflow/dags/microservice_spark_dag.py for tasks to queue
[2026-02-25T12:52:07.715+0000] {logging_mixin.py:190} INFO - [2026-02-25T12:52:07.715+0000] {dagbag.py:588} INFO - Filling up the DagBag from /home/ubuntu/airflow/dags/microservice_spark_dag.py
[2026-02-25T12:52:07.720+0000] {processor.py:925} INFO - DAG(s) 'microservice_spark_dag' retrieved from /home/ubuntu/airflow/dags/microservice_spark_dag.py
[2026-02-25T12:52:07.730+0000] {logging_mixin.py:190} INFO - [2026-02-25T12:52:07.730+0000] {dag.py:3239} INFO - Sync 1 DAGs
[2026-02-25T12:52:07.737+0000] {logging_mixin.py:190} INFO - [2026-02-25T12:52:07.737+0000] {dag.py:4180} INFO - Setting next_dagrun for microservice_spark_dag to None, run_after=None
[2026-02-25T12:52:07.754+0000] {processor.py:208} INFO - Processing /home/ubuntu/airflow/dags/microservice_spark_dag.py took 0.044 seconds
[2026-02-25T12:52:55.366+0000] {processor.py:186} INFO - Started process (PID=3377) to work on /home/ubuntu/airflow/dags/microservice_spark_dag.py
[2026-02-25T12:52:55.367+0000] {processor.py:914} INFO - Processing file /home/ubuntu/airflow/dags/microservice_spark_dag.py for tasks to queue
[2026-02-25T12:52:55.369+0000] {logging_mixin.py:190} INFO - [2026-02-25T12:52:55.368+0000] {dagbag.py:588} INFO - Filling up the DagBag from /home/ubuntu/airflow/dags/microservice_spark_dag.py
[2026-02-25T12:52:55.373+0000] {processor.py:925} INFO - DAG(s) 'microservice_spark_dag' retrieved from /home/ubuntu/airflow/dags/microservice_spark_dag.py
[2026-02-25T12:52:55.383+0000] {logging_mixin.py:190} INFO - [2026-02-25T12:52:55.383+0000] {dag.py:3239} INFO - Sync 1 DAGs
[2026-02-25T12:52:55.390+0000] {logging_mixin.py:190} INFO - [2026-02-25T12:52:55.390+0000] {dag.py:4180} INFO - Setting next_dagrun for microservice_spark_dag to None, run_after=None
[2026-02-25T12:52:55.407+0000] {processor.py:208} INFO - Processing /home/ubuntu/airflow/dags/microservice_spark_dag.py took 0.044 seconds
[2026-02-25T12:53:46.141+0000] {processor.py:186} INFO - Started process (PID=3434) to work on /home/ubuntu/airflow/dags/microservice_spark_dag.py
[2026-02-25T12:53:46.142+0000] {processor.py:914} INFO - Processing file /home/ubuntu/airflow/dags/microservice_spark_dag.py for tasks to queue
[2026-02-25T12:53:46.143+0000] {logging_mixin.py:190} INFO - [2026-02-25T12:53:46.143+0000] {dagbag.py:588} INFO - Filling up the DagBag from /home/ubuntu/airflow/dags/microservice_spark_dag.py
[2026-02-25T12:53:46.148+0000] {processor.py:925} INFO - DAG(s) 'microservice_spark_dag' retrieved from /home/ubuntu/airflow/dags/microservice_spark_dag.py
[2026-02-25T12:53:46.158+0000] {logging_mixin.py:190} INFO - [2026-02-25T12:53:46.158+0000] {dag.py:3239} INFO - Sync 1 DAGs
[2026-02-25T12:53:46.166+0000] {logging_mixin.py:190} INFO - [2026-02-25T12:53:46.165+0000] {dag.py:4180} INFO - Setting next_dagrun for microservice_spark_dag to None, run_after=None
[2026-02-25T12:53:46.183+0000] {processor.py:208} INFO - Processing /home/ubuntu/airflow/dags/microservice_spark_dag.py took 0.045 seconds
[2026-02-25T12:54:34.661+0000] {processor.py:186} INFO - Started process (PID=3485) to work on /home/ubuntu/airflow/dags/microservice_spark_dag.py
[2026-02-25T12:54:34.662+0000] {processor.py:914} INFO - Processing file /home/ubuntu/airflow/dags/microservice_spark_dag.py for tasks to queue
[2026-02-25T12:54:34.664+0000] {logging_mixin.py:190} INFO - [2026-02-25T12:54:34.664+0000] {dagbag.py:588} INFO - Filling up the DagBag from /home/ubuntu/airflow/dags/microservice_spark_dag.py
[2026-02-25T12:54:34.669+0000] {processor.py:925} INFO - DAG(s) 'microservice_spark_dag' retrieved from /home/ubuntu/airflow/dags/microservice_spark_dag.py
[2026-02-25T12:54:34.679+0000] {logging_mixin.py:190} INFO - [2026-02-25T12:54:34.679+0000] {dag.py:3239} INFO - Sync 1 DAGs
[2026-02-25T12:54:34.687+0000] {logging_mixin.py:190} INFO - [2026-02-25T12:54:34.687+0000] {dag.py:4180} INFO - Setting next_dagrun for microservice_spark_dag to None, run_after=None
[2026-02-25T12:54:34.703+0000] {processor.py:208} INFO - Processing /home/ubuntu/airflow/dags/microservice_spark_dag.py took 0.046 seconds
[2026-02-25T12:55:22.589+0000] {processor.py:186} INFO - Started process (PID=3540) to work on /home/ubuntu/airflow/dags/microservice_spark_dag.py
[2026-02-25T12:55:22.590+0000] {processor.py:914} INFO - Processing file /home/ubuntu/airflow/dags/microservice_spark_dag.py for tasks to queue
[2026-02-25T12:55:22.592+0000] {logging_mixin.py:190} INFO - [2026-02-25T12:55:22.591+0000] {dagbag.py:588} INFO - Filling up the DagBag from /home/ubuntu/airflow/dags/microservice_spark_dag.py
[2026-02-25T12:55:22.596+0000] {processor.py:925} INFO - DAG(s) 'microservice_spark_dag' retrieved from /home/ubuntu/airflow/dags/microservice_spark_dag.py
[2026-02-25T12:55:22.606+0000] {logging_mixin.py:190} INFO - [2026-02-25T12:55:22.606+0000] {dag.py:3239} INFO - Sync 1 DAGs
[2026-02-25T12:55:22.613+0000] {logging_mixin.py:190} INFO - [2026-02-25T12:55:22.613+0000] {dag.py:4180} INFO - Setting next_dagrun for microservice_spark_dag to None, run_after=None
[2026-02-25T12:55:22.630+0000] {processor.py:208} INFO - Processing /home/ubuntu/airflow/dags/microservice_spark_dag.py took 0.044 seconds
[2026-02-25T12:56:11.940+0000] {processor.py:186} INFO - Started process (PID=3592) to work on /home/ubuntu/airflow/dags/microservice_spark_dag.py
[2026-02-25T12:56:11.941+0000] {processor.py:914} INFO - Processing file /home/ubuntu/airflow/dags/microservice_spark_dag.py for tasks to queue
[2026-02-25T12:56:11.942+0000] {logging_mixin.py:190} INFO - [2026-02-25T12:56:11.942+0000] {dagbag.py:588} INFO - Filling up the DagBag from /home/ubuntu/airflow/dags/microservice_spark_dag.py
[2026-02-25T12:56:11.947+0000] {processor.py:925} INFO - DAG(s) 'microservice_spark_dag' retrieved from /home/ubuntu/airflow/dags/microservice_spark_dag.py
[2026-02-25T12:56:11.956+0000] {logging_mixin.py:190} INFO - [2026-02-25T12:56:11.956+0000] {dag.py:3239} INFO - Sync 1 DAGs
[2026-02-25T12:56:11.963+0000] {logging_mixin.py:190} INFO - [2026-02-25T12:56:11.963+0000] {dag.py:4180} INFO - Setting next_dagrun for microservice_spark_dag to None, run_after=None
[2026-02-25T12:56:11.980+0000] {processor.py:208} INFO - Processing /home/ubuntu/airflow/dags/microservice_spark_dag.py took 0.043 seconds
[2026-02-25T12:57:03.534+0000] {processor.py:186} INFO - Started process (PID=3645) to work on /home/ubuntu/airflow/dags/microservice_spark_dag.py
[2026-02-25T12:57:03.536+0000] {processor.py:914} INFO - Processing file /home/ubuntu/airflow/dags/microservice_spark_dag.py for tasks to queue
[2026-02-25T12:57:03.537+0000] {logging_mixin.py:190} INFO - [2026-02-25T12:57:03.537+0000] {dagbag.py:588} INFO - Filling up the DagBag from /home/ubuntu/airflow/dags/microservice_spark_dag.py
[2026-02-25T12:57:03.542+0000] {processor.py:925} INFO - DAG(s) 'microservice_spark_dag' retrieved from /home/ubuntu/airflow/dags/microservice_spark_dag.py
[2026-02-25T12:57:03.551+0000] {logging_mixin.py:190} INFO - [2026-02-25T12:57:03.551+0000] {dag.py:3239} INFO - Sync 1 DAGs
[2026-02-25T12:57:03.558+0000] {logging_mixin.py:190} INFO - [2026-02-25T12:57:03.558+0000] {dag.py:4180} INFO - Setting next_dagrun for microservice_spark_dag to None, run_after=None
[2026-02-25T12:57:03.575+0000] {processor.py:208} INFO - Processing /home/ubuntu/airflow/dags/microservice_spark_dag.py took 0.044 seconds
[2026-02-25T12:57:56.624+0000] {processor.py:186} INFO - Started process (PID=3700) to work on /home/ubuntu/airflow/dags/microservice_spark_dag.py
[2026-02-25T12:57:56.626+0000] {processor.py:914} INFO - Processing file /home/ubuntu/airflow/dags/microservice_spark_dag.py for tasks to queue
[2026-02-25T12:57:56.627+0000] {logging_mixin.py:190} INFO - [2026-02-25T12:57:56.627+0000] {dagbag.py:588} INFO - Filling up the DagBag from /home/ubuntu/airflow/dags/microservice_spark_dag.py
[2026-02-25T12:57:56.632+0000] {processor.py:925} INFO - DAG(s) 'microservice_spark_dag' retrieved from /home/ubuntu/airflow/dags/microservice_spark_dag.py
[2026-02-25T12:57:56.641+0000] {logging_mixin.py:190} INFO - [2026-02-25T12:57:56.641+0000] {dag.py:3239} INFO - Sync 1 DAGs
[2026-02-25T12:57:56.648+0000] {logging_mixin.py:190} INFO - [2026-02-25T12:57:56.648+0000] {dag.py:4180} INFO - Setting next_dagrun for microservice_spark_dag to None, run_after=None
[2026-02-25T12:57:56.664+0000] {processor.py:208} INFO - Processing /home/ubuntu/airflow/dags/microservice_spark_dag.py took 0.043 seconds
[2026-02-25T12:58:45.410+0000] {processor.py:186} INFO - Started process (PID=3751) to work on /home/ubuntu/airflow/dags/microservice_spark_dag.py
[2026-02-25T12:58:45.411+0000] {processor.py:914} INFO - Processing file /home/ubuntu/airflow/dags/microservice_spark_dag.py for tasks to queue
[2026-02-25T12:58:45.413+0000] {logging_mixin.py:190} INFO - [2026-02-25T12:58:45.412+0000] {dagbag.py:588} INFO - Filling up the DagBag from /home/ubuntu/airflow/dags/microservice_spark_dag.py
[2026-02-25T12:58:45.417+0000] {processor.py:925} INFO - DAG(s) 'microservice_spark_dag' retrieved from /home/ubuntu/airflow/dags/microservice_spark_dag.py
[2026-02-25T12:58:45.426+0000] {logging_mixin.py:190} INFO - [2026-02-25T12:58:45.426+0000] {dag.py:3239} INFO - Sync 1 DAGs
[2026-02-25T12:58:45.434+0000] {logging_mixin.py:190} INFO - [2026-02-25T12:58:45.434+0000] {dag.py:4180} INFO - Setting next_dagrun for microservice_spark_dag to None, run_after=None
[2026-02-25T12:58:45.450+0000] {processor.py:208} INFO - Processing /home/ubuntu/airflow/dags/microservice_spark_dag.py took 0.044 seconds
[2026-02-25T12:59:36.622+0000] {processor.py:186} INFO - Started process (PID=3806) to work on /home/ubuntu/airflow/dags/microservice_spark_dag.py
[2026-02-25T12:59:36.623+0000] {processor.py:914} INFO - Processing file /home/ubuntu/airflow/dags/microservice_spark_dag.py for tasks to queue
[2026-02-25T12:59:36.624+0000] {logging_mixin.py:190} INFO - [2026-02-25T12:59:36.624+0000] {dagbag.py:588} INFO - Filling up the DagBag from /home/ubuntu/airflow/dags/microservice_spark_dag.py
[2026-02-25T12:59:36.629+0000] {processor.py:925} INFO - DAG(s) 'microservice_spark_dag' retrieved from /home/ubuntu/airflow/dags/microservice_spark_dag.py
[2026-02-25T12:59:36.638+0000] {logging_mixin.py:190} INFO - [2026-02-25T12:59:36.638+0000] {dag.py:3239} INFO - Sync 1 DAGs
[2026-02-25T12:59:36.645+0000] {logging_mixin.py:190} INFO - [2026-02-25T12:59:36.645+0000] {dag.py:4180} INFO - Setting next_dagrun for microservice_spark_dag to None, run_after=None
[2026-02-25T12:59:36.662+0000] {processor.py:208} INFO - Processing /home/ubuntu/airflow/dags/microservice_spark_dag.py took 0.044 seconds
[2026-02-25T13:00:24.176+0000] {processor.py:186} INFO - Started process (PID=3858) to work on /home/ubuntu/airflow/dags/microservice_spark_dag.py
[2026-02-25T13:00:24.177+0000] {processor.py:914} INFO - Processing file /home/ubuntu/airflow/dags/microservice_spark_dag.py for tasks to queue
[2026-02-25T13:00:24.178+0000] {logging_mixin.py:190} INFO - [2026-02-25T13:00:24.178+0000] {dagbag.py:588} INFO - Filling up the DagBag from /home/ubuntu/airflow/dags/microservice_spark_dag.py
[2026-02-25T13:00:24.183+0000] {processor.py:925} INFO - DAG(s) 'microservice_spark_dag' retrieved from /home/ubuntu/airflow/dags/microservice_spark_dag.py
[2026-02-25T13:00:24.193+0000] {logging_mixin.py:190} INFO - [2026-02-25T13:00:24.193+0000] {dag.py:3239} INFO - Sync 1 DAGs
[2026-02-25T13:00:24.200+0000] {logging_mixin.py:190} INFO - [2026-02-25T13:00:24.200+0000] {dag.py:4180} INFO - Setting next_dagrun for microservice_spark_dag to None, run_after=None
[2026-02-25T13:00:24.217+0000] {processor.py:208} INFO - Processing /home/ubuntu/airflow/dags/microservice_spark_dag.py took 0.045 seconds
[2026-02-25T13:01:11.564+0000] {processor.py:186} INFO - Started process (PID=3911) to work on /home/ubuntu/airflow/dags/microservice_spark_dag.py
[2026-02-25T13:01:11.565+0000] {processor.py:914} INFO - Processing file /home/ubuntu/airflow/dags/microservice_spark_dag.py for tasks to queue
[2026-02-25T13:01:11.566+0000] {logging_mixin.py:190} INFO - [2026-02-25T13:01:11.566+0000] {dagbag.py:588} INFO - Filling up the DagBag from /home/ubuntu/airflow/dags/microservice_spark_dag.py
[2026-02-25T13:01:11.571+0000] {processor.py:925} INFO - DAG(s) 'microservice_spark_dag' retrieved from /home/ubuntu/airflow/dags/microservice_spark_dag.py
[2026-02-25T13:01:11.580+0000] {logging_mixin.py:190} INFO - [2026-02-25T13:01:11.580+0000] {dag.py:3239} INFO - Sync 1 DAGs
[2026-02-25T13:01:11.587+0000] {logging_mixin.py:190} INFO - [2026-02-25T13:01:11.587+0000] {dag.py:4180} INFO - Setting next_dagrun for microservice_spark_dag to None, run_after=None
[2026-02-25T13:01:11.603+0000] {processor.py:208} INFO - Processing /home/ubuntu/airflow/dags/microservice_spark_dag.py took 0.043 seconds
[2026-02-25T13:02:17.585+0000] {processor.py:186} INFO - Started process (PID=3950) to work on /home/ubuntu/airflow/dags/microservice_spark_dag.py
[2026-02-25T13:02:17.586+0000] {processor.py:914} INFO - Processing file /home/ubuntu/airflow/dags/microservice_spark_dag.py for tasks to queue
[2026-02-25T13:02:17.588+0000] {logging_mixin.py:190} INFO - [2026-02-25T13:02:17.588+0000] {dagbag.py:588} INFO - Filling up the DagBag from /home/ubuntu/airflow/dags/microservice_spark_dag.py
[2026-02-25T13:02:17.599+0000] {processor.py:925} INFO - DAG(s) 'microservice_spark_dag' retrieved from /home/ubuntu/airflow/dags/microservice_spark_dag.py
[2026-02-25T13:02:17.690+0000] {logging_mixin.py:190} INFO - [2026-02-25T13:02:17.689+0000] {override.py:1900} INFO - Created Permission View: can delete on DAG:microservice_spark_dag
[2026-02-25T13:02:17.702+0000] {logging_mixin.py:190} INFO - [2026-02-25T13:02:17.701+0000] {override.py:1900} INFO - Created Permission View: can read on DAG:microservice_spark_dag
[2026-02-25T13:02:17.711+0000] {logging_mixin.py:190} INFO - [2026-02-25T13:02:17.711+0000] {override.py:1900} INFO - Created Permission View: can edit on DAG:microservice_spark_dag
[2026-02-25T13:02:17.726+0000] {logging_mixin.py:190} INFO - [2026-02-25T13:02:17.726+0000] {override.py:1900} INFO - Created Permission View: can create on DAG Run:microservice_spark_dag
[2026-02-25T13:02:17.735+0000] {logging_mixin.py:190} INFO - [2026-02-25T13:02:17.735+0000] {override.py:1900} INFO - Created Permission View: can delete on DAG Run:microservice_spark_dag
[2026-02-25T13:02:17.744+0000] {logging_mixin.py:190} INFO - [2026-02-25T13:02:17.744+0000] {override.py:1900} INFO - Created Permission View: can read on DAG Run:microservice_spark_dag
[2026-02-25T13:02:17.753+0000] {logging_mixin.py:190} INFO - [2026-02-25T13:02:17.753+0000] {override.py:1900} INFO - Created Permission View: menu access on DAG Run:microservice_spark_dag
[2026-02-25T13:02:17.753+0000] {logging_mixin.py:190} INFO - [2026-02-25T13:02:17.753+0000] {dag.py:3239} INFO - Sync 1 DAGs
[2026-02-25T13:02:17.763+0000] {logging_mixin.py:190} INFO - [2026-02-25T13:02:17.763+0000] {dag.py:3262} INFO - Creating ORM DAG for microservice_spark_dag
[2026-02-25T13:02:17.764+0000] {logging_mixin.py:190} INFO - [2026-02-25T13:02:17.763+0000] {dag.py:4180} INFO - Setting next_dagrun for microservice_spark_dag to None, run_after=None
[2026-02-25T13:02:17.783+0000] {processor.py:208} INFO - Processing /home/ubuntu/airflow/dags/microservice_spark_dag.py took 0.202 seconds
[2026-02-25T13:03:18.655+0000] {processor.py:186} INFO - Started process (PID=4016) to work on /home/ubuntu/airflow/dags/microservice_spark_dag.py
[2026-02-25T13:03:18.656+0000] {processor.py:914} INFO - Processing file /home/ubuntu/airflow/dags/microservice_spark_dag.py for tasks to queue
[2026-02-25T13:03:18.657+0000] {logging_mixin.py:190} INFO - [2026-02-25T13:03:18.657+0000] {dagbag.py:588} INFO - Filling up the DagBag from /home/ubuntu/airflow/dags/microservice_spark_dag.py
[2026-02-25T13:03:18.662+0000] {processor.py:925} INFO - DAG(s) 'microservice_spark_dag' retrieved from /home/ubuntu/airflow/dags/microservice_spark_dag.py
[2026-02-25T13:03:18.671+0000] {logging_mixin.py:190} INFO - [2026-02-25T13:03:18.671+0000] {dag.py:3239} INFO - Sync 1 DAGs
[2026-02-25T13:03:18.678+0000] {logging_mixin.py:190} INFO - [2026-02-25T13:03:18.678+0000] {dag.py:4180} INFO - Setting next_dagrun for microservice_spark_dag to None, run_after=None
[2026-02-25T13:03:18.694+0000] {processor.py:208} INFO - Processing /home/ubuntu/airflow/dags/microservice_spark_dag.py took 0.042 seconds
[2026-02-25T13:04:10.409+0000] {processor.py:186} INFO - Started process (PID=4070) to work on /home/ubuntu/airflow/dags/microservice_spark_dag.py
[2026-02-25T13:04:10.411+0000] {processor.py:914} INFO - Processing file /home/ubuntu/airflow/dags/microservice_spark_dag.py for tasks to queue
[2026-02-25T13:04:10.412+0000] {logging_mixin.py:190} INFO - [2026-02-25T13:04:10.412+0000] {dagbag.py:588} INFO - Filling up the DagBag from /home/ubuntu/airflow/dags/microservice_spark_dag.py
[2026-02-25T13:04:10.417+0000] {processor.py:925} INFO - DAG(s) 'microservice_spark_dag' retrieved from /home/ubuntu/airflow/dags/microservice_spark_dag.py
[2026-02-25T13:04:10.426+0000] {logging_mixin.py:190} INFO - [2026-02-25T13:04:10.426+0000] {dag.py:3239} INFO - Sync 1 DAGs
[2026-02-25T13:04:10.433+0000] {logging_mixin.py:190} INFO - [2026-02-25T13:04:10.433+0000] {dag.py:4180} INFO - Setting next_dagrun for microservice_spark_dag to None, run_after=None
[2026-02-25T13:04:10.449+0000] {processor.py:208} INFO - Processing /home/ubuntu/airflow/dags/microservice_spark_dag.py took 0.043 seconds
[2026-02-25T13:05:11.737+0000] {processor.py:186} INFO - Started process (PID=4121) to work on /home/ubuntu/airflow/dags/microservice_spark_dag.py
[2026-02-25T13:05:11.738+0000] {processor.py:914} INFO - Processing file /home/ubuntu/airflow/dags/microservice_spark_dag.py for tasks to queue
[2026-02-25T13:05:11.740+0000] {logging_mixin.py:190} INFO - [2026-02-25T13:05:11.740+0000] {dagbag.py:588} INFO - Filling up the DagBag from /home/ubuntu/airflow/dags/microservice_spark_dag.py
[2026-02-25T13:05:11.751+0000] {processor.py:925} INFO - DAG(s) 'microservice_spark_dag' retrieved from /home/ubuntu/airflow/dags/microservice_spark_dag.py
[2026-02-25T13:05:11.767+0000] {logging_mixin.py:190} INFO - [2026-02-25T13:05:11.767+0000] {dag.py:3239} INFO - Sync 1 DAGs
[2026-02-25T13:05:11.777+0000] {logging_mixin.py:190} INFO - [2026-02-25T13:05:11.777+0000] {dag.py:4180} INFO - Setting next_dagrun for microservice_spark_dag to None, run_after=None
[2026-02-25T13:05:11.796+0000] {processor.py:208} INFO - Processing /home/ubuntu/airflow/dags/microservice_spark_dag.py took 0.063 seconds
[2026-02-25T13:08:55.383+0000] {processor.py:186} INFO - Started process (PID=1665) to work on /home/ubuntu/airflow/dags/microservice_spark_dag.py
[2026-02-25T13:08:55.385+0000] {processor.py:914} INFO - Processing file /home/ubuntu/airflow/dags/microservice_spark_dag.py for tasks to queue
[2026-02-25T13:08:55.386+0000] {logging_mixin.py:190} INFO - [2026-02-25T13:08:55.386+0000] {dagbag.py:588} INFO - Filling up the DagBag from /home/ubuntu/airflow/dags/microservice_spark_dag.py
[2026-02-25T13:08:55.407+0000] {processor.py:925} INFO - DAG(s) 'microservice_spark_dag' retrieved from /home/ubuntu/airflow/dags/microservice_spark_dag.py
[2026-02-25T13:08:55.432+0000] {logging_mixin.py:190} INFO - [2026-02-25T13:08:55.432+0000] {dag.py:3239} INFO - Sync 1 DAGs
[2026-02-25T13:08:55.444+0000] {logging_mixin.py:190} INFO - [2026-02-25T13:08:55.444+0000] {dag.py:4180} INFO - Setting next_dagrun for microservice_spark_dag to None, run_after=None
[2026-02-25T13:08:55.463+0000] {processor.py:208} INFO - Processing /home/ubuntu/airflow/dags/microservice_spark_dag.py took 0.084 seconds
[2026-02-25T13:09:49.977+0000] {processor.py:186} INFO - Started process (PID=2156) to work on /home/ubuntu/airflow/dags/microservice_spark_dag.py
[2026-02-25T13:09:49.978+0000] {processor.py:914} INFO - Processing file /home/ubuntu/airflow/dags/microservice_spark_dag.py for tasks to queue
[2026-02-25T13:09:49.980+0000] {logging_mixin.py:190} INFO - [2026-02-25T13:09:49.979+0000] {dagbag.py:588} INFO - Filling up the DagBag from /home/ubuntu/airflow/dags/microservice_spark_dag.py
[2026-02-25T13:09:49.985+0000] {processor.py:925} INFO - DAG(s) 'microservice_spark_dag' retrieved from /home/ubuntu/airflow/dags/microservice_spark_dag.py
[2026-02-25T13:09:49.996+0000] {logging_mixin.py:190} INFO - [2026-02-25T13:09:49.995+0000] {dag.py:3239} INFO - Sync 1 DAGs
[2026-02-25T13:09:50.004+0000] {logging_mixin.py:190} INFO - [2026-02-25T13:09:50.004+0000] {dag.py:4180} INFO - Setting next_dagrun for microservice_spark_dag to None, run_after=None
[2026-02-25T13:09:50.022+0000] {processor.py:208} INFO - Processing /home/ubuntu/airflow/dags/microservice_spark_dag.py took 0.048 seconds
[2026-02-25T13:10:37.811+0000] {processor.py:186} INFO - Started process (PID=2211) to work on /home/ubuntu/airflow/dags/microservice_spark_dag.py
[2026-02-25T13:10:37.812+0000] {processor.py:914} INFO - Processing file /home/ubuntu/airflow/dags/microservice_spark_dag.py for tasks to queue
[2026-02-25T13:10:37.814+0000] {logging_mixin.py:190} INFO - [2026-02-25T13:10:37.813+0000] {dagbag.py:588} INFO - Filling up the DagBag from /home/ubuntu/airflow/dags/microservice_spark_dag.py
[2026-02-25T13:10:37.819+0000] {processor.py:925} INFO - DAG(s) 'microservice_spark_dag' retrieved from /home/ubuntu/airflow/dags/microservice_spark_dag.py
[2026-02-25T13:10:37.829+0000] {logging_mixin.py:190} INFO - [2026-02-25T13:10:37.829+0000] {dag.py:3239} INFO - Sync 1 DAGs
[2026-02-25T13:10:37.837+0000] {logging_mixin.py:190} INFO - [2026-02-25T13:10:37.837+0000] {dag.py:4180} INFO - Setting next_dagrun for microservice_spark_dag to None, run_after=None
[2026-02-25T13:10:37.855+0000] {processor.py:208} INFO - Processing /home/ubuntu/airflow/dags/microservice_spark_dag.py took 0.047 seconds
[2026-02-25T13:11:24.071+0000] {processor.py:186} INFO - Started process (PID=2625) to work on /home/ubuntu/airflow/dags/microservice_spark_dag.py
[2026-02-25T13:11:24.072+0000] {processor.py:914} INFO - Processing file /home/ubuntu/airflow/dags/microservice_spark_dag.py for tasks to queue
[2026-02-25T13:11:24.073+0000] {logging_mixin.py:190} INFO - [2026-02-25T13:11:24.073+0000] {dagbag.py:588} INFO - Filling up the DagBag from /home/ubuntu/airflow/dags/microservice_spark_dag.py
[2026-02-25T13:11:24.078+0000] {processor.py:925} INFO - DAG(s) 'microservice_spark_dag' retrieved from /home/ubuntu/airflow/dags/microservice_spark_dag.py
[2026-02-25T13:11:24.089+0000] {logging_mixin.py:190} INFO - [2026-02-25T13:11:24.089+0000] {dag.py:3239} INFO - Sync 1 DAGs
[2026-02-25T13:11:24.097+0000] {logging_mixin.py:190} INFO - [2026-02-25T13:11:24.097+0000] {dag.py:4180} INFO - Setting next_dagrun for microservice_spark_dag to None, run_after=None
[2026-02-25T13:11:24.114+0000] {processor.py:208} INFO - Processing /home/ubuntu/airflow/dags/microservice_spark_dag.py took 0.047 seconds
[2026-02-25T13:15:06.559+0000] {processor.py:186} INFO - Started process (PID=3027) to work on /home/ubuntu/airflow/dags/microservice_spark_dag.py
[2026-02-25T13:15:06.560+0000] {processor.py:914} INFO - Processing file /home/ubuntu/airflow/dags/microservice_spark_dag.py for tasks to queue
[2026-02-25T13:15:06.561+0000] {logging_mixin.py:190} INFO - [2026-02-25T13:15:06.561+0000] {dagbag.py:588} INFO - Filling up the DagBag from /home/ubuntu/airflow/dags/microservice_spark_dag.py
[2026-02-25T13:15:06.572+0000] {processor.py:925} INFO - DAG(s) 'microservice_spark_dag' retrieved from /home/ubuntu/airflow/dags/microservice_spark_dag.py
[2026-02-25T13:15:06.586+0000] {logging_mixin.py:190} INFO - [2026-02-25T13:15:06.586+0000] {dag.py:3239} INFO - Sync 1 DAGs
[2026-02-25T13:15:06.594+0000] {logging_mixin.py:190} INFO - [2026-02-25T13:15:06.593+0000] {dag.py:4180} INFO - Setting next_dagrun for microservice_spark_dag to None, run_after=None
[2026-02-25T13:15:06.610+0000] {processor.py:208} INFO - Processing /home/ubuntu/airflow/dags/microservice_spark_dag.py took 0.055 seconds
[2026-02-25T13:16:03.017+0000] {processor.py:186} INFO - Started process (PID=3096) to work on /home/ubuntu/airflow/dags/microservice_spark_dag.py
[2026-02-25T13:16:03.018+0000] {processor.py:914} INFO - Processing file /home/ubuntu/airflow/dags/microservice_spark_dag.py for tasks to queue
[2026-02-25T13:16:03.020+0000] {logging_mixin.py:190} INFO - [2026-02-25T13:16:03.019+0000] {dagbag.py:588} INFO - Filling up the DagBag from /home/ubuntu/airflow/dags/microservice_spark_dag.py
[2026-02-25T13:16:03.025+0000] {processor.py:925} INFO - DAG(s) 'microservice_spark_dag' retrieved from /home/ubuntu/airflow/dags/microservice_spark_dag.py
[2026-02-25T13:16:03.035+0000] {logging_mixin.py:190} INFO - [2026-02-25T13:16:03.035+0000] {dag.py:3239} INFO - Sync 1 DAGs
[2026-02-25T13:16:03.044+0000] {logging_mixin.py:190} INFO - [2026-02-25T13:16:03.043+0000] {dag.py:4180} INFO - Setting next_dagrun for microservice_spark_dag to None, run_after=None
[2026-02-25T13:16:03.061+0000] {processor.py:208} INFO - Processing /home/ubuntu/airflow/dags/microservice_spark_dag.py took 0.048 seconds
[2026-02-25T13:16:54.329+0000] {processor.py:186} INFO - Started process (PID=3152) to work on /home/ubuntu/airflow/dags/microservice_spark_dag.py
[2026-02-25T13:16:54.330+0000] {processor.py:914} INFO - Processing file /home/ubuntu/airflow/dags/microservice_spark_dag.py for tasks to queue
[2026-02-25T13:16:54.332+0000] {logging_mixin.py:190} INFO - [2026-02-25T13:16:54.331+0000] {dagbag.py:588} INFO - Filling up the DagBag from /home/ubuntu/airflow/dags/microservice_spark_dag.py
[2026-02-25T13:16:54.337+0000] {processor.py:925} INFO - DAG(s) 'microservice_spark_dag' retrieved from /home/ubuntu/airflow/dags/microservice_spark_dag.py
[2026-02-25T13:16:54.347+0000] {logging_mixin.py:190} INFO - [2026-02-25T13:16:54.347+0000] {dag.py:3239} INFO - Sync 1 DAGs
[2026-02-25T13:16:54.356+0000] {logging_mixin.py:190} INFO - [2026-02-25T13:16:54.355+0000] {dag.py:4180} INFO - Setting next_dagrun for microservice_spark_dag to None, run_after=None
[2026-02-25T13:16:54.373+0000] {processor.py:208} INFO - Processing /home/ubuntu/airflow/dags/microservice_spark_dag.py took 0.048 seconds
[2026-02-25T13:17:45.228+0000] {processor.py:186} INFO - Started process (PID=3208) to work on /home/ubuntu/airflow/dags/microservice_spark_dag.py
[2026-02-25T13:17:45.230+0000] {processor.py:914} INFO - Processing file /home/ubuntu/airflow/dags/microservice_spark_dag.py for tasks to queue
[2026-02-25T13:17:45.231+0000] {logging_mixin.py:190} INFO - [2026-02-25T13:17:45.231+0000] {dagbag.py:588} INFO - Filling up the DagBag from /home/ubuntu/airflow/dags/microservice_spark_dag.py
[2026-02-25T13:17:45.236+0000] {processor.py:925} INFO - DAG(s) 'microservice_spark_dag' retrieved from /home/ubuntu/airflow/dags/microservice_spark_dag.py
[2026-02-25T13:17:45.247+0000] {logging_mixin.py:190} INFO - [2026-02-25T13:17:45.246+0000] {dag.py:3239} INFO - Sync 1 DAGs
[2026-02-25T13:17:45.254+0000] {logging_mixin.py:190} INFO - [2026-02-25T13:17:45.254+0000] {dag.py:4180} INFO - Setting next_dagrun for microservice_spark_dag to None, run_after=None
[2026-02-25T13:17:45.272+0000] {processor.py:208} INFO - Processing /home/ubuntu/airflow/dags/microservice_spark_dag.py took 0.047 seconds
[2026-02-25T13:18:35.349+0000] {processor.py:186} INFO - Started process (PID=3264) to work on /home/ubuntu/airflow/dags/microservice_spark_dag.py
[2026-02-25T13:18:35.350+0000] {processor.py:914} INFO - Processing file /home/ubuntu/airflow/dags/microservice_spark_dag.py for tasks to queue
[2026-02-25T13:18:35.352+0000] {logging_mixin.py:190} INFO - [2026-02-25T13:18:35.352+0000] {dagbag.py:588} INFO - Filling up the DagBag from /home/ubuntu/airflow/dags/microservice_spark_dag.py
[2026-02-25T13:18:35.357+0000] {processor.py:925} INFO - DAG(s) 'microservice_spark_dag' retrieved from /home/ubuntu/airflow/dags/microservice_spark_dag.py
[2026-02-25T13:18:35.368+0000] {logging_mixin.py:190} INFO - [2026-02-25T13:18:35.368+0000] {dag.py:3239} INFO - Sync 1 DAGs
[2026-02-25T13:18:35.376+0000] {logging_mixin.py:190} INFO - [2026-02-25T13:18:35.376+0000] {dag.py:4180} INFO - Setting next_dagrun for microservice_spark_dag to None, run_after=None
[2026-02-25T13:18:35.393+0000] {processor.py:208} INFO - Processing /home/ubuntu/airflow/dags/microservice_spark_dag.py took 0.047 seconds
[2026-02-25T13:19:27.724+0000] {processor.py:186} INFO - Started process (PID=3334) to work on /home/ubuntu/airflow/dags/microservice_spark_dag.py
[2026-02-25T13:19:27.726+0000] {processor.py:914} INFO - Processing file /home/ubuntu/airflow/dags/microservice_spark_dag.py for tasks to queue
[2026-02-25T13:19:27.727+0000] {logging_mixin.py:190} INFO - [2026-02-25T13:19:27.727+0000] {dagbag.py:588} INFO - Filling up the DagBag from /home/ubuntu/airflow/dags/microservice_spark_dag.py
[2026-02-25T13:19:27.732+0000] {processor.py:925} INFO - DAG(s) 'microservice_spark_dag' retrieved from /home/ubuntu/airflow/dags/microservice_spark_dag.py
[2026-02-25T13:19:27.743+0000] {logging_mixin.py:190} INFO - [2026-02-25T13:19:27.743+0000] {dag.py:3239} INFO - Sync 1 DAGs
[2026-02-25T13:19:27.751+0000] {logging_mixin.py:190} INFO - [2026-02-25T13:19:27.750+0000] {dag.py:4180} INFO - Setting next_dagrun for microservice_spark_dag to None, run_after=None
[2026-02-25T13:19:27.767+0000] {processor.py:208} INFO - Processing /home/ubuntu/airflow/dags/microservice_spark_dag.py took 0.046 seconds
[2026-02-25T13:20:18.154+0000] {processor.py:186} INFO - Started process (PID=3390) to work on /home/ubuntu/airflow/dags/microservice_spark_dag.py
[2026-02-25T13:20:18.155+0000] {processor.py:914} INFO - Processing file /home/ubuntu/airflow/dags/microservice_spark_dag.py for tasks to queue
[2026-02-25T13:20:18.157+0000] {logging_mixin.py:190} INFO - [2026-02-25T13:20:18.156+0000] {dagbag.py:588} INFO - Filling up the DagBag from /home/ubuntu/airflow/dags/microservice_spark_dag.py
[2026-02-25T13:20:18.162+0000] {processor.py:925} INFO - DAG(s) 'microservice_spark_dag' retrieved from /home/ubuntu/airflow/dags/microservice_spark_dag.py
[2026-02-25T13:20:18.173+0000] {logging_mixin.py:190} INFO - [2026-02-25T13:20:18.173+0000] {dag.py:3239} INFO - Sync 1 DAGs
[2026-02-25T13:20:18.181+0000] {logging_mixin.py:190} INFO - [2026-02-25T13:20:18.181+0000] {dag.py:4180} INFO - Setting next_dagrun for microservice_spark_dag to None, run_after=None
[2026-02-25T13:20:18.295+0000] {processor.py:208} INFO - Processing /home/ubuntu/airflow/dags/microservice_spark_dag.py took 0.145 seconds
[2026-02-25T13:21:14.473+0000] {processor.py:186} INFO - Started process (PID=3445) to work on /home/ubuntu/airflow/dags/microservice_spark_dag.py
[2026-02-25T13:21:14.474+0000] {processor.py:914} INFO - Processing file /home/ubuntu/airflow/dags/microservice_spark_dag.py for tasks to queue
[2026-02-25T13:21:14.475+0000] {logging_mixin.py:190} INFO - [2026-02-25T13:21:14.475+0000] {dagbag.py:588} INFO - Filling up the DagBag from /home/ubuntu/airflow/dags/microservice_spark_dag.py
[2026-02-25T13:21:14.572+0000] {processor.py:925} INFO - DAG(s) 'microservice_spark_dag' retrieved from /home/ubuntu/airflow/dags/microservice_spark_dag.py
[2026-02-25T13:21:14.579+0000] {logging_mixin.py:190} INFO - [2026-02-25T13:21:14.579+0000] {dag.py:3239} INFO - Sync 1 DAGs
[2026-02-25T13:21:14.585+0000] {logging_mixin.py:190} INFO - [2026-02-25T13:21:14.585+0000] {dag.py:4180} INFO - Setting next_dagrun for microservice_spark_dag to None, run_after=None
[2026-02-25T13:21:14.601+0000] {processor.py:208} INFO - Processing /home/ubuntu/airflow/dags/microservice_spark_dag.py took 0.132 seconds
[2026-02-25T13:22:09.581+0000] {processor.py:186} INFO - Started process (PID=3501) to work on /home/ubuntu/airflow/dags/microservice_spark_dag.py
[2026-02-25T13:22:09.583+0000] {processor.py:914} INFO - Processing file /home/ubuntu/airflow/dags/microservice_spark_dag.py for tasks to queue
[2026-02-25T13:22:09.585+0000] {logging_mixin.py:190} INFO - [2026-02-25T13:22:09.584+0000] {dagbag.py:588} INFO - Filling up the DagBag from /home/ubuntu/airflow/dags/microservice_spark_dag.py
[2026-02-25T13:22:09.590+0000] {processor.py:925} INFO - DAG(s) 'microservice_spark_dag' retrieved from /home/ubuntu/airflow/dags/microservice_spark_dag.py
[2026-02-25T13:22:09.600+0000] {logging_mixin.py:190} INFO - [2026-02-25T13:22:09.600+0000] {dag.py:3239} INFO - Sync 1 DAGs
[2026-02-25T13:22:09.609+0000] {logging_mixin.py:190} INFO - [2026-02-25T13:22:09.609+0000] {dag.py:4180} INFO - Setting next_dagrun for microservice_spark_dag to None, run_after=None
[2026-02-25T13:22:09.626+0000] {processor.py:208} INFO - Processing /home/ubuntu/airflow/dags/microservice_spark_dag.py took 0.048 seconds
[2026-02-25T13:23:00.990+0000] {processor.py:186} INFO - Started process (PID=3592) to work on /home/ubuntu/airflow/dags/microservice_spark_dag.py
[2026-02-25T13:23:00.991+0000] {processor.py:914} INFO - Processing file /home/ubuntu/airflow/dags/microservice_spark_dag.py for tasks to queue
[2026-02-25T13:23:00.993+0000] {logging_mixin.py:190} INFO - [2026-02-25T13:23:00.993+0000] {dagbag.py:588} INFO - Filling up the DagBag from /home/ubuntu/airflow/dags/microservice_spark_dag.py
[2026-02-25T13:23:00.998+0000] {processor.py:925} INFO - DAG(s) 'microservice_spark_dag' retrieved from /home/ubuntu/airflow/dags/microservice_spark_dag.py
[2026-02-25T13:23:01.009+0000] {logging_mixin.py:190} INFO - [2026-02-25T13:23:01.009+0000] {dag.py:3239} INFO - Sync 1 DAGs
[2026-02-25T13:23:01.018+0000] {logging_mixin.py:190} INFO - [2026-02-25T13:23:01.018+0000] {dag.py:4180} INFO - Setting next_dagrun for microservice_spark_dag to None, run_after=None
[2026-02-25T13:23:01.035+0000] {processor.py:208} INFO - Processing /home/ubuntu/airflow/dags/microservice_spark_dag.py took 0.049 seconds
[2026-02-25T13:25:09.346+0000] {processor.py:186} INFO - Started process (PID=3659) to work on /home/ubuntu/airflow/dags/microservice_spark_dag.py
[2026-02-25T13:25:09.347+0000] {processor.py:914} INFO - Processing file /home/ubuntu/airflow/dags/microservice_spark_dag.py for tasks to queue
[2026-02-25T13:25:09.348+0000] {logging_mixin.py:190} INFO - [2026-02-25T13:25:09.348+0000] {dagbag.py:588} INFO - Filling up the DagBag from /home/ubuntu/airflow/dags/microservice_spark_dag.py
[2026-02-25T13:25:09.358+0000] {processor.py:925} INFO - DAG(s) 'microservice_spark_dag' retrieved from /home/ubuntu/airflow/dags/microservice_spark_dag.py
[2026-02-25T13:25:09.373+0000] {logging_mixin.py:190} INFO - [2026-02-25T13:25:09.372+0000] {dag.py:3239} INFO - Sync 1 DAGs
[2026-02-25T13:25:09.381+0000] {logging_mixin.py:190} INFO - [2026-02-25T13:25:09.380+0000] {dag.py:4180} INFO - Setting next_dagrun for microservice_spark_dag to None, run_after=None
[2026-02-25T13:25:09.397+0000] {processor.py:208} INFO - Processing /home/ubuntu/airflow/dags/microservice_spark_dag.py took 0.055 seconds
[2026-02-25T13:35:26.458+0000] {processor.py:186} INFO - Started process (PID=1672) to work on /home/ubuntu/airflow/dags/microservice_spark_dag.py
[2026-02-25T13:35:26.460+0000] {processor.py:914} INFO - Processing file /home/ubuntu/airflow/dags/microservice_spark_dag.py for tasks to queue
[2026-02-25T13:35:26.461+0000] {logging_mixin.py:190} INFO - [2026-02-25T13:35:26.461+0000] {dagbag.py:588} INFO - Filling up the DagBag from /home/ubuntu/airflow/dags/microservice_spark_dag.py
[2026-02-25T13:35:26.481+0000] {processor.py:925} INFO - DAG(s) 'microservice_spark_dag' retrieved from /home/ubuntu/airflow/dags/microservice_spark_dag.py
[2026-02-25T13:35:26.505+0000] {logging_mixin.py:190} INFO - [2026-02-25T13:35:26.505+0000] {dag.py:3239} INFO - Sync 1 DAGs
[2026-02-25T13:35:26.515+0000] {logging_mixin.py:190} INFO - [2026-02-25T13:35:26.515+0000] {dag.py:4180} INFO - Setting next_dagrun for microservice_spark_dag to None, run_after=None
[2026-02-25T13:35:26.534+0000] {processor.py:208} INFO - Processing /home/ubuntu/airflow/dags/microservice_spark_dag.py took 0.079 seconds
[2026-02-25T13:36:20.934+0000] {processor.py:186} INFO - Started process (PID=2111) to work on /home/ubuntu/airflow/dags/microservice_spark_dag.py
[2026-02-25T13:36:20.935+0000] {processor.py:914} INFO - Processing file /home/ubuntu/airflow/dags/microservice_spark_dag.py for tasks to queue
[2026-02-25T13:36:20.936+0000] {logging_mixin.py:190} INFO - [2026-02-25T13:36:20.936+0000] {dagbag.py:588} INFO - Filling up the DagBag from /home/ubuntu/airflow/dags/microservice_spark_dag.py
[2026-02-25T13:36:20.941+0000] {processor.py:925} INFO - DAG(s) 'microservice_spark_dag' retrieved from /home/ubuntu/airflow/dags/microservice_spark_dag.py
[2026-02-25T13:36:20.950+0000] {logging_mixin.py:190} INFO - [2026-02-25T13:36:20.950+0000] {dag.py:3239} INFO - Sync 1 DAGs
[2026-02-25T13:36:20.957+0000] {logging_mixin.py:190} INFO - [2026-02-25T13:36:20.957+0000] {dag.py:4180} INFO - Setting next_dagrun for microservice_spark_dag to None, run_after=None
[2026-02-25T13:36:20.973+0000] {processor.py:208} INFO - Processing /home/ubuntu/airflow/dags/microservice_spark_dag.py took 0.043 seconds
[2026-02-25T13:37:08.852+0000] {processor.py:186} INFO - Started process (PID=2539) to work on /home/ubuntu/airflow/dags/microservice_spark_dag.py
[2026-02-25T13:37:08.853+0000] {processor.py:914} INFO - Processing file /home/ubuntu/airflow/dags/microservice_spark_dag.py for tasks to queue
[2026-02-25T13:37:08.854+0000] {logging_mixin.py:190} INFO - [2026-02-25T13:37:08.854+0000] {dagbag.py:588} INFO - Filling up the DagBag from /home/ubuntu/airflow/dags/microservice_spark_dag.py
[2026-02-25T13:37:08.859+0000] {processor.py:925} INFO - DAG(s) 'microservice_spark_dag' retrieved from /home/ubuntu/airflow/dags/microservice_spark_dag.py
[2026-02-25T13:37:08.868+0000] {logging_mixin.py:190} INFO - [2026-02-25T13:37:08.868+0000] {dag.py:3239} INFO - Sync 1 DAGs
[2026-02-25T13:37:08.875+0000] {logging_mixin.py:190} INFO - [2026-02-25T13:37:08.875+0000] {dag.py:4180} INFO - Setting next_dagrun for microservice_spark_dag to None, run_after=None
[2026-02-25T13:37:08.892+0000] {processor.py:208} INFO - Processing /home/ubuntu/airflow/dags/microservice_spark_dag.py took 0.043 seconds
[2026-02-25T13:37:58.079+0000] {processor.py:186} INFO - Started process (PID=2599) to work on /home/ubuntu/airflow/dags/microservice_spark_dag.py
[2026-02-25T13:37:58.081+0000] {processor.py:914} INFO - Processing file /home/ubuntu/airflow/dags/microservice_spark_dag.py for tasks to queue
[2026-02-25T13:37:58.082+0000] {logging_mixin.py:190} INFO - [2026-02-25T13:37:58.082+0000] {dagbag.py:588} INFO - Filling up the DagBag from /home/ubuntu/airflow/dags/microservice_spark_dag.py
[2026-02-25T13:37:58.087+0000] {processor.py:925} INFO - DAG(s) 'microservice_spark_dag' retrieved from /home/ubuntu/airflow/dags/microservice_spark_dag.py
[2026-02-25T13:37:58.096+0000] {logging_mixin.py:190} INFO - [2026-02-25T13:37:58.096+0000] {dag.py:3239} INFO - Sync 1 DAGs
[2026-02-25T13:37:58.103+0000] {logging_mixin.py:190} INFO - [2026-02-25T13:37:58.103+0000] {dag.py:4180} INFO - Setting next_dagrun for microservice_spark_dag to None, run_after=None
[2026-02-25T13:37:58.120+0000] {processor.py:208} INFO - Processing /home/ubuntu/airflow/dags/microservice_spark_dag.py took 0.044 seconds
[2026-02-25T13:38:50.960+0000] {processor.py:186} INFO - Started process (PID=2654) to work on /home/ubuntu/airflow/dags/microservice_spark_dag.py
[2026-02-25T13:38:50.961+0000] {processor.py:914} INFO - Processing file /home/ubuntu/airflow/dags/microservice_spark_dag.py for tasks to queue
[2026-02-25T13:38:50.962+0000] {logging_mixin.py:190} INFO - [2026-02-25T13:38:50.962+0000] {dagbag.py:588} INFO - Filling up the DagBag from /home/ubuntu/airflow/dags/microservice_spark_dag.py
[2026-02-25T13:38:50.967+0000] {processor.py:925} INFO - DAG(s) 'microservice_spark_dag' retrieved from /home/ubuntu/airflow/dags/microservice_spark_dag.py
[2026-02-25T13:38:50.976+0000] {logging_mixin.py:190} INFO - [2026-02-25T13:38:50.976+0000] {dag.py:3239} INFO - Sync 1 DAGs
[2026-02-25T13:38:50.983+0000] {logging_mixin.py:190} INFO - [2026-02-25T13:38:50.983+0000] {dag.py:4180} INFO - Setting next_dagrun for microservice_spark_dag to None, run_after=None
[2026-02-25T13:38:51.000+0000] {processor.py:208} INFO - Processing /home/ubuntu/airflow/dags/microservice_spark_dag.py took 0.043 seconds
[2026-02-25T13:39:43.216+0000] {processor.py:186} INFO - Started process (PID=2713) to work on /home/ubuntu/airflow/dags/microservice_spark_dag.py
[2026-02-25T13:39:43.217+0000] {processor.py:914} INFO - Processing file /home/ubuntu/airflow/dags/microservice_spark_dag.py for tasks to queue
[2026-02-25T13:39:43.218+0000] {logging_mixin.py:190} INFO - [2026-02-25T13:39:43.218+0000] {dagbag.py:588} INFO - Filling up the DagBag from /home/ubuntu/airflow/dags/microservice_spark_dag.py
[2026-02-25T13:39:43.223+0000] {processor.py:925} INFO - DAG(s) 'microservice_spark_dag' retrieved from /home/ubuntu/airflow/dags/microservice_spark_dag.py
[2026-02-25T13:39:43.232+0000] {logging_mixin.py:190} INFO - [2026-02-25T13:39:43.232+0000] {dag.py:3239} INFO - Sync 1 DAGs
[2026-02-25T13:39:43.239+0000] {logging_mixin.py:190} INFO - [2026-02-25T13:39:43.239+0000] {dag.py:4180} INFO - Setting next_dagrun for microservice_spark_dag to None, run_after=None
[2026-02-25T13:39:43.256+0000] {processor.py:208} INFO - Processing /home/ubuntu/airflow/dags/microservice_spark_dag.py took 0.044 seconds
[2026-02-25T13:40:31.102+0000] {processor.py:186} INFO - Started process (PID=2771) to work on /home/ubuntu/airflow/dags/microservice_spark_dag.py
[2026-02-25T13:40:31.103+0000] {processor.py:914} INFO - Processing file /home/ubuntu/airflow/dags/microservice_spark_dag.py for tasks to queue
[2026-02-25T13:40:31.105+0000] {logging_mixin.py:190} INFO - [2026-02-25T13:40:31.104+0000] {dagbag.py:588} INFO - Filling up the DagBag from /home/ubuntu/airflow/dags/microservice_spark_dag.py
[2026-02-25T13:40:31.109+0000] {processor.py:925} INFO - DAG(s) 'microservice_spark_dag' retrieved from /home/ubuntu/airflow/dags/microservice_spark_dag.py
[2026-02-25T13:40:31.119+0000] {logging_mixin.py:190} INFO - [2026-02-25T13:40:31.118+0000] {dag.py:3239} INFO - Sync 1 DAGs
[2026-02-25T13:40:31.126+0000] {logging_mixin.py:190} INFO - [2026-02-25T13:40:31.125+0000] {dag.py:4180} INFO - Setting next_dagrun for microservice_spark_dag to None, run_after=None
[2026-02-25T13:40:31.142+0000] {processor.py:208} INFO - Processing /home/ubuntu/airflow/dags/microservice_spark_dag.py took 0.043 seconds
[2026-02-25T13:41:20.399+0000] {processor.py:186} INFO - Started process (PID=2822) to work on /home/ubuntu/airflow/dags/microservice_spark_dag.py
[2026-02-25T13:41:20.400+0000] {processor.py:914} INFO - Processing file /home/ubuntu/airflow/dags/microservice_spark_dag.py for tasks to queue
[2026-02-25T13:41:20.402+0000] {logging_mixin.py:190} INFO - [2026-02-25T13:41:20.401+0000] {dagbag.py:588} INFO - Filling up the DagBag from /home/ubuntu/airflow/dags/microservice_spark_dag.py
[2026-02-25T13:41:20.406+0000] {processor.py:925} INFO - DAG(s) 'microservice_spark_dag' retrieved from /home/ubuntu/airflow/dags/microservice_spark_dag.py
[2026-02-25T13:41:20.416+0000] {logging_mixin.py:190} INFO - [2026-02-25T13:41:20.415+0000] {dag.py:3239} INFO - Sync 1 DAGs
[2026-02-25T13:41:20.494+0000] {logging_mixin.py:190} INFO - [2026-02-25T13:41:20.494+0000] {dag.py:4180} INFO - Setting next_dagrun for microservice_spark_dag to None, run_after=None
[2026-02-25T13:41:20.509+0000] {processor.py:208} INFO - Processing /home/ubuntu/airflow/dags/microservice_spark_dag.py took 0.113 seconds
[2026-02-25T13:42:13.597+0000] {processor.py:186} INFO - Started process (PID=2879) to work on /home/ubuntu/airflow/dags/microservice_spark_dag.py
[2026-02-25T13:42:13.599+0000] {processor.py:914} INFO - Processing file /home/ubuntu/airflow/dags/microservice_spark_dag.py for tasks to queue
[2026-02-25T13:42:13.600+0000] {logging_mixin.py:190} INFO - [2026-02-25T13:42:13.600+0000] {dagbag.py:588} INFO - Filling up the DagBag from /home/ubuntu/airflow/dags/microservice_spark_dag.py
[2026-02-25T13:42:13.605+0000] {processor.py:925} INFO - DAG(s) 'microservice_spark_dag' retrieved from /home/ubuntu/airflow/dags/microservice_spark_dag.py
[2026-02-25T13:42:13.615+0000] {logging_mixin.py:190} INFO - [2026-02-25T13:42:13.614+0000] {dag.py:3239} INFO - Sync 1 DAGs
[2026-02-25T13:42:13.622+0000] {logging_mixin.py:190} INFO - [2026-02-25T13:42:13.622+0000] {dag.py:4180} INFO - Setting next_dagrun for microservice_spark_dag to None, run_after=None
[2026-02-25T13:42:13.639+0000] {processor.py:208} INFO - Processing /home/ubuntu/airflow/dags/microservice_spark_dag.py took 0.045 seconds
[2026-02-25T13:43:07.191+0000] {processor.py:186} INFO - Started process (PID=2934) to work on /home/ubuntu/airflow/dags/microservice_spark_dag.py
[2026-02-25T13:43:07.192+0000] {processor.py:914} INFO - Processing file /home/ubuntu/airflow/dags/microservice_spark_dag.py for tasks to queue
[2026-02-25T13:43:07.193+0000] {logging_mixin.py:190} INFO - [2026-02-25T13:43:07.193+0000] {dagbag.py:588} INFO - Filling up the DagBag from /home/ubuntu/airflow/dags/microservice_spark_dag.py
[2026-02-25T13:43:07.198+0000] {processor.py:925} INFO - DAG(s) 'microservice_spark_dag' retrieved from /home/ubuntu/airflow/dags/microservice_spark_dag.py
[2026-02-25T13:43:07.208+0000] {logging_mixin.py:190} INFO - [2026-02-25T13:43:07.207+0000] {dag.py:3239} INFO - Sync 1 DAGs
[2026-02-25T13:43:07.215+0000] {logging_mixin.py:190} INFO - [2026-02-25T13:43:07.215+0000] {dag.py:4180} INFO - Setting next_dagrun for microservice_spark_dag to None, run_after=None
[2026-02-25T13:43:07.231+0000] {processor.py:208} INFO - Processing /home/ubuntu/airflow/dags/microservice_spark_dag.py took 0.044 seconds
[2026-02-25T13:43:59.638+0000] {processor.py:186} INFO - Started process (PID=2986) to work on /home/ubuntu/airflow/dags/microservice_spark_dag.py
[2026-02-25T13:43:59.640+0000] {processor.py:914} INFO - Processing file /home/ubuntu/airflow/dags/microservice_spark_dag.py for tasks to queue
[2026-02-25T13:43:59.641+0000] {logging_mixin.py:190} INFO - [2026-02-25T13:43:59.641+0000] {dagbag.py:588} INFO - Filling up the DagBag from /home/ubuntu/airflow/dags/microservice_spark_dag.py
[2026-02-25T13:43:59.646+0000] {processor.py:925} INFO - DAG(s) 'microservice_spark_dag' retrieved from /home/ubuntu/airflow/dags/microservice_spark_dag.py
[2026-02-25T13:43:59.655+0000] {logging_mixin.py:190} INFO - [2026-02-25T13:43:59.655+0000] {dag.py:3239} INFO - Sync 1 DAGs
[2026-02-25T13:43:59.663+0000] {logging_mixin.py:190} INFO - [2026-02-25T13:43:59.662+0000] {dag.py:4180} INFO - Setting next_dagrun for microservice_spark_dag to None, run_after=None
[2026-02-25T13:43:59.679+0000] {processor.py:208} INFO - Processing /home/ubuntu/airflow/dags/microservice_spark_dag.py took 0.044 seconds
[2026-02-25T13:44:51.634+0000] {processor.py:186} INFO - Started process (PID=3044) to work on /home/ubuntu/airflow/dags/microservice_spark_dag.py
[2026-02-25T13:44:51.635+0000] {processor.py:914} INFO - Processing file /home/ubuntu/airflow/dags/microservice_spark_dag.py for tasks to queue
[2026-02-25T13:44:51.637+0000] {logging_mixin.py:190} INFO - [2026-02-25T13:44:51.636+0000] {dagbag.py:588} INFO - Filling up the DagBag from /home/ubuntu/airflow/dags/microservice_spark_dag.py
[2026-02-25T13:44:51.642+0000] {processor.py:925} INFO - DAG(s) 'microservice_spark_dag' retrieved from /home/ubuntu/airflow/dags/microservice_spark_dag.py
[2026-02-25T13:44:51.651+0000] {logging_mixin.py:190} INFO - [2026-02-25T13:44:51.651+0000] {dag.py:3239} INFO - Sync 1 DAGs
[2026-02-25T13:44:51.659+0000] {logging_mixin.py:190} INFO - [2026-02-25T13:44:51.659+0000] {dag.py:4180} INFO - Setting next_dagrun for microservice_spark_dag to None, run_after=None
[2026-02-25T13:44:51.675+0000] {processor.py:208} INFO - Processing /home/ubuntu/airflow/dags/microservice_spark_dag.py took 0.044 seconds
[2026-02-25T13:45:41.125+0000] {processor.py:186} INFO - Started process (PID=3100) to work on /home/ubuntu/airflow/dags/microservice_spark_dag.py
[2026-02-25T13:45:41.126+0000] {processor.py:914} INFO - Processing file /home/ubuntu/airflow/dags/microservice_spark_dag.py for tasks to queue
[2026-02-25T13:45:41.128+0000] {logging_mixin.py:190} INFO - [2026-02-25T13:45:41.127+0000] {dagbag.py:588} INFO - Filling up the DagBag from /home/ubuntu/airflow/dags/microservice_spark_dag.py
[2026-02-25T13:45:41.132+0000] {processor.py:925} INFO - DAG(s) 'microservice_spark_dag' retrieved from /home/ubuntu/airflow/dags/microservice_spark_dag.py
[2026-02-25T13:45:41.142+0000] {logging_mixin.py:190} INFO - [2026-02-25T13:45:41.142+0000] {dag.py:3239} INFO - Sync 1 DAGs
[2026-02-25T13:45:41.149+0000] {logging_mixin.py:190} INFO - [2026-02-25T13:45:41.149+0000] {dag.py:4180} INFO - Setting next_dagrun for microservice_spark_dag to None, run_after=None
[2026-02-25T13:45:41.165+0000] {processor.py:208} INFO - Processing /home/ubuntu/airflow/dags/microservice_spark_dag.py took 0.044 seconds
[2026-02-25T13:46:31.641+0000] {processor.py:186} INFO - Started process (PID=3151) to work on /home/ubuntu/airflow/dags/microservice_spark_dag.py
[2026-02-25T13:46:31.642+0000] {processor.py:914} INFO - Processing file /home/ubuntu/airflow/dags/microservice_spark_dag.py for tasks to queue
[2026-02-25T13:46:31.643+0000] {logging_mixin.py:190} INFO - [2026-02-25T13:46:31.643+0000] {dagbag.py:588} INFO - Filling up the DagBag from /home/ubuntu/airflow/dags/microservice_spark_dag.py
[2026-02-25T13:46:31.648+0000] {processor.py:925} INFO - DAG(s) 'microservice_spark_dag' retrieved from /home/ubuntu/airflow/dags/microservice_spark_dag.py
[2026-02-25T13:46:31.658+0000] {logging_mixin.py:190} INFO - [2026-02-25T13:46:31.657+0000] {dag.py:3239} INFO - Sync 1 DAGs
[2026-02-25T13:46:31.665+0000] {logging_mixin.py:190} INFO - [2026-02-25T13:46:31.665+0000] {dag.py:4180} INFO - Setting next_dagrun for microservice_spark_dag to None, run_after=None
[2026-02-25T13:46:31.681+0000] {processor.py:208} INFO - Processing /home/ubuntu/airflow/dags/microservice_spark_dag.py took 0.043 seconds
[2026-02-25T13:47:19.296+0000] {processor.py:186} INFO - Started process (PID=3204) to work on /home/ubuntu/airflow/dags/microservice_spark_dag.py
[2026-02-25T13:47:19.297+0000] {processor.py:914} INFO - Processing file /home/ubuntu/airflow/dags/microservice_spark_dag.py for tasks to queue
[2026-02-25T13:47:19.298+0000] {logging_mixin.py:190} INFO - [2026-02-25T13:47:19.298+0000] {dagbag.py:588} INFO - Filling up the DagBag from /home/ubuntu/airflow/dags/microservice_spark_dag.py
[2026-02-25T13:47:19.303+0000] {processor.py:925} INFO - DAG(s) 'microservice_spark_dag' retrieved from /home/ubuntu/airflow/dags/microservice_spark_dag.py
[2026-02-25T13:47:19.312+0000] {logging_mixin.py:190} INFO - [2026-02-25T13:47:19.312+0000] {dag.py:3239} INFO - Sync 1 DAGs
[2026-02-25T13:47:19.320+0000] {logging_mixin.py:190} INFO - [2026-02-25T13:47:19.320+0000] {dag.py:4180} INFO - Setting next_dagrun for microservice_spark_dag to None, run_after=None
[2026-02-25T13:47:19.337+0000] {processor.py:208} INFO - Processing /home/ubuntu/airflow/dags/microservice_spark_dag.py took 0.044 seconds
[2026-02-25T13:48:07.807+0000] {processor.py:186} INFO - Started process (PID=3254) to work on /home/ubuntu/airflow/dags/microservice_spark_dag.py
[2026-02-25T13:48:07.808+0000] {processor.py:914} INFO - Processing file /home/ubuntu/airflow/dags/microservice_spark_dag.py for tasks to queue
[2026-02-25T13:48:07.809+0000] {logging_mixin.py:190} INFO - [2026-02-25T13:48:07.809+0000] {dagbag.py:588} INFO - Filling up the DagBag from /home/ubuntu/airflow/dags/microservice_spark_dag.py
[2026-02-25T13:48:07.814+0000] {processor.py:925} INFO - DAG(s) 'microservice_spark_dag' retrieved from /home/ubuntu/airflow/dags/microservice_spark_dag.py
[2026-02-25T13:48:07.824+0000] {logging_mixin.py:190} INFO - [2026-02-25T13:48:07.824+0000] {dag.py:3239} INFO - Sync 1 DAGs
[2026-02-25T13:48:07.831+0000] {logging_mixin.py:190} INFO - [2026-02-25T13:48:07.831+0000] {dag.py:4180} INFO - Setting next_dagrun for microservice_spark_dag to None, run_after=None
[2026-02-25T13:48:07.848+0000] {processor.py:208} INFO - Processing /home/ubuntu/airflow/dags/microservice_spark_dag.py took 0.045 seconds
[2026-02-25T13:49:02.847+0000] {processor.py:186} INFO - Started process (PID=3311) to work on /home/ubuntu/airflow/dags/microservice_spark_dag.py
[2026-02-25T13:49:02.848+0000] {processor.py:914} INFO - Processing file /home/ubuntu/airflow/dags/microservice_spark_dag.py for tasks to queue
[2026-02-25T13:49:02.850+0000] {logging_mixin.py:190} INFO - [2026-02-25T13:49:02.849+0000] {dagbag.py:588} INFO - Filling up the DagBag from /home/ubuntu/airflow/dags/microservice_spark_dag.py
[2026-02-25T13:49:02.854+0000] {processor.py:925} INFO - DAG(s) 'microservice_spark_dag' retrieved from /home/ubuntu/airflow/dags/microservice_spark_dag.py
[2026-02-25T13:49:02.864+0000] {logging_mixin.py:190} INFO - [2026-02-25T13:49:02.864+0000] {dag.py:3239} INFO - Sync 1 DAGs
[2026-02-25T13:49:02.872+0000] {logging_mixin.py:190} INFO - [2026-02-25T13:49:02.871+0000] {dag.py:4180} INFO - Setting next_dagrun for microservice_spark_dag to None, run_after=None
[2026-02-25T13:49:02.887+0000] {processor.py:208} INFO - Processing /home/ubuntu/airflow/dags/microservice_spark_dag.py took 0.044 seconds
[2026-02-25T13:49:52.698+0000] {processor.py:186} INFO - Started process (PID=3368) to work on /home/ubuntu/airflow/dags/microservice_spark_dag.py
[2026-02-25T13:49:52.699+0000] {processor.py:914} INFO - Processing file /home/ubuntu/airflow/dags/microservice_spark_dag.py for tasks to queue
[2026-02-25T13:49:52.701+0000] {logging_mixin.py:190} INFO - [2026-02-25T13:49:52.700+0000] {dagbag.py:588} INFO - Filling up the DagBag from /home/ubuntu/airflow/dags/microservice_spark_dag.py
[2026-02-25T13:49:52.706+0000] {processor.py:925} INFO - DAG(s) 'microservice_spark_dag' retrieved from /home/ubuntu/airflow/dags/microservice_spark_dag.py
[2026-02-25T13:49:52.715+0000] {logging_mixin.py:190} INFO - [2026-02-25T13:49:52.715+0000] {dag.py:3239} INFO - Sync 1 DAGs
[2026-02-25T13:49:52.723+0000] {logging_mixin.py:190} INFO - [2026-02-25T13:49:52.722+0000] {dag.py:4180} INFO - Setting next_dagrun for microservice_spark_dag to None, run_after=None
[2026-02-25T13:49:52.738+0000] {processor.py:208} INFO - Processing /home/ubuntu/airflow/dags/microservice_spark_dag.py took 0.044 seconds
[2026-02-25T13:50:40.646+0000] {processor.py:186} INFO - Started process (PID=3421) to work on /home/ubuntu/airflow/dags/microservice_spark_dag.py
[2026-02-25T13:50:40.647+0000] {processor.py:914} INFO - Processing file /home/ubuntu/airflow/dags/microservice_spark_dag.py for tasks to queue
[2026-02-25T13:50:40.649+0000] {logging_mixin.py:190} INFO - [2026-02-25T13:50:40.649+0000] {dagbag.py:588} INFO - Filling up the DagBag from /home/ubuntu/airflow/dags/microservice_spark_dag.py
[2026-02-25T13:50:40.654+0000] {processor.py:925} INFO - DAG(s) 'microservice_spark_dag' retrieved from /home/ubuntu/airflow/dags/microservice_spark_dag.py
[2026-02-25T13:50:40.664+0000] {logging_mixin.py:190} INFO - [2026-02-25T13:50:40.664+0000] {dag.py:3239} INFO - Sync 1 DAGs
[2026-02-25T13:50:40.671+0000] {logging_mixin.py:190} INFO - [2026-02-25T13:50:40.671+0000] {dag.py:4180} INFO - Setting next_dagrun for microservice_spark_dag to None, run_after=None
[2026-02-25T13:50:40.687+0000] {processor.py:208} INFO - Processing /home/ubuntu/airflow/dags/microservice_spark_dag.py took 0.045 seconds
[2026-02-25T13:51:33.155+0000] {processor.py:186} INFO - Started process (PID=3477) to work on /home/ubuntu/airflow/dags/microservice_spark_dag.py
[2026-02-25T13:51:33.156+0000] {processor.py:914} INFO - Processing file /home/ubuntu/airflow/dags/microservice_spark_dag.py for tasks to queue
[2026-02-25T13:51:33.158+0000] {logging_mixin.py:190} INFO - [2026-02-25T13:51:33.157+0000] {dagbag.py:588} INFO - Filling up the DagBag from /home/ubuntu/airflow/dags/microservice_spark_dag.py
[2026-02-25T13:51:33.163+0000] {processor.py:925} INFO - DAG(s) 'microservice_spark_dag' retrieved from /home/ubuntu/airflow/dags/microservice_spark_dag.py
[2026-02-25T13:51:33.172+0000] {logging_mixin.py:190} INFO - [2026-02-25T13:51:33.172+0000] {dag.py:3239} INFO - Sync 1 DAGs
[2026-02-25T13:51:33.180+0000] {logging_mixin.py:190} INFO - [2026-02-25T13:51:33.179+0000] {dag.py:4180} INFO - Setting next_dagrun for microservice_spark_dag to None, run_after=None
[2026-02-25T13:51:33.196+0000] {processor.py:208} INFO - Processing /home/ubuntu/airflow/dags/microservice_spark_dag.py took 0.045 seconds
[2026-02-25T13:52:24.540+0000] {processor.py:186} INFO - Started process (PID=3530) to work on /home/ubuntu/airflow/dags/microservice_spark_dag.py
[2026-02-25T13:52:24.541+0000] {processor.py:914} INFO - Processing file /home/ubuntu/airflow/dags/microservice_spark_dag.py for tasks to queue
[2026-02-25T13:52:24.543+0000] {logging_mixin.py:190} INFO - [2026-02-25T13:52:24.542+0000] {dagbag.py:588} INFO - Filling up the DagBag from /home/ubuntu/airflow/dags/microservice_spark_dag.py
[2026-02-25T13:52:24.548+0000] {processor.py:925} INFO - DAG(s) 'microservice_spark_dag' retrieved from /home/ubuntu/airflow/dags/microservice_spark_dag.py
[2026-02-25T13:52:24.558+0000] {logging_mixin.py:190} INFO - [2026-02-25T13:52:24.557+0000] {dag.py:3239} INFO - Sync 1 DAGs
[2026-02-25T13:52:24.565+0000] {logging_mixin.py:190} INFO - [2026-02-25T13:52:24.565+0000] {dag.py:4180} INFO - Setting next_dagrun for microservice_spark_dag to None, run_after=None
[2026-02-25T13:52:24.581+0000] {processor.py:208} INFO - Processing /home/ubuntu/airflow/dags/microservice_spark_dag.py took 0.045 seconds
[2026-02-25T13:53:12.905+0000] {processor.py:186} INFO - Started process (PID=3582) to work on /home/ubuntu/airflow/dags/microservice_spark_dag.py
[2026-02-25T13:53:12.906+0000] {processor.py:914} INFO - Processing file /home/ubuntu/airflow/dags/microservice_spark_dag.py for tasks to queue
[2026-02-25T13:53:12.908+0000] {logging_mixin.py:190} INFO - [2026-02-25T13:53:12.908+0000] {dagbag.py:588} INFO - Filling up the DagBag from /home/ubuntu/airflow/dags/microservice_spark_dag.py
[2026-02-25T13:53:12.913+0000] {processor.py:925} INFO - DAG(s) 'microservice_spark_dag' retrieved from /home/ubuntu/airflow/dags/microservice_spark_dag.py
[2026-02-25T13:53:12.922+0000] {logging_mixin.py:190} INFO - [2026-02-25T13:53:12.922+0000] {dag.py:3239} INFO - Sync 1 DAGs
[2026-02-25T13:53:12.929+0000] {logging_mixin.py:190} INFO - [2026-02-25T13:53:12.929+0000] {dag.py:4180} INFO - Setting next_dagrun for microservice_spark_dag to None, run_after=None
[2026-02-25T13:53:12.945+0000] {processor.py:208} INFO - Processing /home/ubuntu/airflow/dags/microservice_spark_dag.py took 0.044 seconds
[2026-02-25T13:54:03.310+0000] {processor.py:186} INFO - Started process (PID=3646) to work on /home/ubuntu/airflow/dags/microservice_spark_dag.py
[2026-02-25T13:54:03.311+0000] {processor.py:914} INFO - Processing file /home/ubuntu/airflow/dags/microservice_spark_dag.py for tasks to queue
[2026-02-25T13:54:03.312+0000] {logging_mixin.py:190} INFO - [2026-02-25T13:54:03.312+0000] {dagbag.py:588} INFO - Filling up the DagBag from /home/ubuntu/airflow/dags/microservice_spark_dag.py
[2026-02-25T13:54:03.318+0000] {processor.py:925} INFO - DAG(s) 'microservice_spark_dag' retrieved from /home/ubuntu/airflow/dags/microservice_spark_dag.py
[2026-02-25T13:54:03.327+0000] {logging_mixin.py:190} INFO - [2026-02-25T13:54:03.327+0000] {dag.py:3239} INFO - Sync 1 DAGs
[2026-02-25T13:54:03.334+0000] {logging_mixin.py:190} INFO - [2026-02-25T13:54:03.334+0000] {dag.py:4180} INFO - Setting next_dagrun for microservice_spark_dag to None, run_after=None
[2026-02-25T13:54:03.351+0000] {processor.py:208} INFO - Processing /home/ubuntu/airflow/dags/microservice_spark_dag.py took 0.045 seconds
[2026-02-25T13:54:52.982+0000] {processor.py:186} INFO - Started process (PID=3699) to work on /home/ubuntu/airflow/dags/microservice_spark_dag.py
[2026-02-25T13:54:52.984+0000] {processor.py:914} INFO - Processing file /home/ubuntu/airflow/dags/microservice_spark_dag.py for tasks to queue
[2026-02-25T13:54:52.985+0000] {logging_mixin.py:190} INFO - [2026-02-25T13:54:52.985+0000] {dagbag.py:588} INFO - Filling up the DagBag from /home/ubuntu/airflow/dags/microservice_spark_dag.py
[2026-02-25T13:54:52.990+0000] {processor.py:925} INFO - DAG(s) 'microservice_spark_dag' retrieved from /home/ubuntu/airflow/dags/microservice_spark_dag.py
[2026-02-25T13:54:53.000+0000] {logging_mixin.py:190} INFO - [2026-02-25T13:54:53.000+0000] {dag.py:3239} INFO - Sync 1 DAGs
[2026-02-25T13:54:53.007+0000] {logging_mixin.py:190} INFO - [2026-02-25T13:54:53.007+0000] {dag.py:4180} INFO - Setting next_dagrun for microservice_spark_dag to None, run_after=None
[2026-02-25T13:54:53.024+0000] {processor.py:208} INFO - Processing /home/ubuntu/airflow/dags/microservice_spark_dag.py took 0.045 seconds
[2026-02-25T14:08:09.759+0000] {processor.py:186} INFO - Started process (PID=1664) to work on /home/ubuntu/airflow/dags/microservice_spark_dag.py
[2026-02-25T14:08:09.761+0000] {processor.py:914} INFO - Processing file /home/ubuntu/airflow/dags/microservice_spark_dag.py for tasks to queue
[2026-02-25T14:08:09.762+0000] {logging_mixin.py:190} INFO - [2026-02-25T14:08:09.762+0000] {dagbag.py:588} INFO - Filling up the DagBag from /home/ubuntu/airflow/dags/microservice_spark_dag.py
[2026-02-25T14:08:09.781+0000] {processor.py:925} INFO - DAG(s) 'microservice_spark_dag' retrieved from /home/ubuntu/airflow/dags/microservice_spark_dag.py
[2026-02-25T14:08:09.807+0000] {logging_mixin.py:190} INFO - [2026-02-25T14:08:09.806+0000] {dag.py:3239} INFO - Sync 1 DAGs
[2026-02-25T14:08:09.819+0000] {logging_mixin.py:190} INFO - [2026-02-25T14:08:09.818+0000] {dag.py:4180} INFO - Setting next_dagrun for microservice_spark_dag to None, run_after=None
[2026-02-25T14:08:09.840+0000] {processor.py:208} INFO - Processing /home/ubuntu/airflow/dags/microservice_spark_dag.py took 0.084 seconds
[2026-02-25T14:09:14.729+0000] {processor.py:186} INFO - Started process (PID=2119) to work on /home/ubuntu/airflow/dags/microservice_spark_dag.py
[2026-02-25T14:09:14.730+0000] {processor.py:914} INFO - Processing file /home/ubuntu/airflow/dags/microservice_spark_dag.py for tasks to queue
[2026-02-25T14:09:14.731+0000] {logging_mixin.py:190} INFO - [2026-02-25T14:09:14.731+0000] {dagbag.py:588} INFO - Filling up the DagBag from /home/ubuntu/airflow/dags/microservice_spark_dag.py
[2026-02-25T14:09:14.736+0000] {processor.py:925} INFO - DAG(s) 'microservice_spark_dag' retrieved from /home/ubuntu/airflow/dags/microservice_spark_dag.py
[2026-02-25T14:09:14.746+0000] {logging_mixin.py:190} INFO - [2026-02-25T14:09:14.746+0000] {dag.py:3239} INFO - Sync 1 DAGs
[2026-02-25T14:09:14.753+0000] {logging_mixin.py:190} INFO - [2026-02-25T14:09:14.753+0000] {dag.py:4180} INFO - Setting next_dagrun for microservice_spark_dag to None, run_after=None
[2026-02-25T14:09:14.770+0000] {processor.py:208} INFO - Processing /home/ubuntu/airflow/dags/microservice_spark_dag.py took 0.044 seconds
[2026-02-25T14:10:07.200+0000] {processor.py:186} INFO - Started process (PID=2176) to work on /home/ubuntu/airflow/dags/microservice_spark_dag.py
[2026-02-25T14:10:07.201+0000] {processor.py:914} INFO - Processing file /home/ubuntu/airflow/dags/microservice_spark_dag.py for tasks to queue
[2026-02-25T14:10:07.202+0000] {logging_mixin.py:190} INFO - [2026-02-25T14:10:07.202+0000] {dagbag.py:588} INFO - Filling up the DagBag from /home/ubuntu/airflow/dags/microservice_spark_dag.py
[2026-02-25T14:10:07.207+0000] {processor.py:925} INFO - DAG(s) 'microservice_spark_dag' retrieved from /home/ubuntu/airflow/dags/microservice_spark_dag.py
[2026-02-25T14:10:07.218+0000] {logging_mixin.py:190} INFO - [2026-02-25T14:10:07.217+0000] {dag.py:3239} INFO - Sync 1 DAGs
[2026-02-25T14:10:07.226+0000] {logging_mixin.py:190} INFO - [2026-02-25T14:10:07.225+0000] {dag.py:4180} INFO - Setting next_dagrun for microservice_spark_dag to None, run_after=None
[2026-02-25T14:10:07.242+0000] {processor.py:208} INFO - Processing /home/ubuntu/airflow/dags/microservice_spark_dag.py took 0.046 seconds
[2026-02-25T14:10:55.182+0000] {processor.py:186} INFO - Started process (PID=2226) to work on /home/ubuntu/airflow/dags/microservice_spark_dag.py
[2026-02-25T14:10:55.184+0000] {processor.py:914} INFO - Processing file /home/ubuntu/airflow/dags/microservice_spark_dag.py for tasks to queue
[2026-02-25T14:10:55.185+0000] {logging_mixin.py:190} INFO - [2026-02-25T14:10:55.185+0000] {dagbag.py:588} INFO - Filling up the DagBag from /home/ubuntu/airflow/dags/microservice_spark_dag.py
[2026-02-25T14:10:55.190+0000] {processor.py:925} INFO - DAG(s) 'microservice_spark_dag' retrieved from /home/ubuntu/airflow/dags/microservice_spark_dag.py
[2026-02-25T14:10:55.201+0000] {logging_mixin.py:190} INFO - [2026-02-25T14:10:55.200+0000] {dag.py:3239} INFO - Sync 1 DAGs
[2026-02-25T14:10:55.209+0000] {logging_mixin.py:190} INFO - [2026-02-25T14:10:55.208+0000] {dag.py:4180} INFO - Setting next_dagrun for microservice_spark_dag to None, run_after=None
[2026-02-25T14:10:55.228+0000] {processor.py:208} INFO - Processing /home/ubuntu/airflow/dags/microservice_spark_dag.py took 0.049 seconds
[2026-02-25T14:11:44.605+0000] {processor.py:186} INFO - Started process (PID=2278) to work on /home/ubuntu/airflow/dags/microservice_spark_dag.py
[2026-02-25T14:11:44.606+0000] {processor.py:914} INFO - Processing file /home/ubuntu/airflow/dags/microservice_spark_dag.py for tasks to queue
[2026-02-25T14:11:44.607+0000] {logging_mixin.py:190} INFO - [2026-02-25T14:11:44.607+0000] {dagbag.py:588} INFO - Filling up the DagBag from /home/ubuntu/airflow/dags/microservice_spark_dag.py
[2026-02-25T14:11:44.612+0000] {processor.py:925} INFO - DAG(s) 'microservice_spark_dag' retrieved from /home/ubuntu/airflow/dags/microservice_spark_dag.py
[2026-02-25T14:11:44.622+0000] {logging_mixin.py:190} INFO - [2026-02-25T14:11:44.622+0000] {dag.py:3239} INFO - Sync 1 DAGs
[2026-02-25T14:11:44.630+0000] {logging_mixin.py:190} INFO - [2026-02-25T14:11:44.630+0000] {dag.py:4180} INFO - Setting next_dagrun for microservice_spark_dag to None, run_after=None
[2026-02-25T14:11:44.647+0000] {processor.py:208} INFO - Processing /home/ubuntu/airflow/dags/microservice_spark_dag.py took 0.046 seconds
[2026-02-25T14:12:33.809+0000] {processor.py:186} INFO - Started process (PID=2339) to work on /home/ubuntu/airflow/dags/microservice_spark_dag.py
[2026-02-25T14:12:33.810+0000] {processor.py:914} INFO - Processing file /home/ubuntu/airflow/dags/microservice_spark_dag.py for tasks to queue
[2026-02-25T14:12:33.812+0000] {logging_mixin.py:190} INFO - [2026-02-25T14:12:33.811+0000] {dagbag.py:588} INFO - Filling up the DagBag from /home/ubuntu/airflow/dags/microservice_spark_dag.py
[2026-02-25T14:12:33.816+0000] {processor.py:925} INFO - DAG(s) 'microservice_spark_dag' retrieved from /home/ubuntu/airflow/dags/microservice_spark_dag.py
[2026-02-25T14:12:33.826+0000] {logging_mixin.py:190} INFO - [2026-02-25T14:12:33.826+0000] {dag.py:3239} INFO - Sync 1 DAGs
[2026-02-25T14:12:33.834+0000] {logging_mixin.py:190} INFO - [2026-02-25T14:12:33.834+0000] {dag.py:4180} INFO - Setting next_dagrun for microservice_spark_dag to None, run_after=None
[2026-02-25T14:12:33.851+0000] {processor.py:208} INFO - Processing /home/ubuntu/airflow/dags/microservice_spark_dag.py took 0.046 seconds
[2026-02-25T14:13:20.166+0000] {processor.py:186} INFO - Started process (PID=2390) to work on /home/ubuntu/airflow/dags/microservice_spark_dag.py
[2026-02-25T14:13:20.168+0000] {processor.py:914} INFO - Processing file /home/ubuntu/airflow/dags/microservice_spark_dag.py for tasks to queue
[2026-02-25T14:13:20.169+0000] {logging_mixin.py:190} INFO - [2026-02-25T14:13:20.169+0000] {dagbag.py:588} INFO - Filling up the DagBag from /home/ubuntu/airflow/dags/microservice_spark_dag.py
[2026-02-25T14:13:20.174+0000] {processor.py:925} INFO - DAG(s) 'microservice_spark_dag' retrieved from /home/ubuntu/airflow/dags/microservice_spark_dag.py
[2026-02-25T14:13:20.184+0000] {logging_mixin.py:190} INFO - [2026-02-25T14:13:20.183+0000] {dag.py:3239} INFO - Sync 1 DAGs
[2026-02-25T14:13:20.191+0000] {logging_mixin.py:190} INFO - [2026-02-25T14:13:20.191+0000] {dag.py:4180} INFO - Setting next_dagrun for microservice_spark_dag to None, run_after=None
[2026-02-25T14:13:20.208+0000] {processor.py:208} INFO - Processing /home/ubuntu/airflow/dags/microservice_spark_dag.py took 0.045 seconds
[2026-02-25T14:14:16.002+0000] {processor.py:186} INFO - Started process (PID=2444) to work on /home/ubuntu/airflow/dags/microservice_spark_dag.py
[2026-02-25T14:14:16.003+0000] {processor.py:914} INFO - Processing file /home/ubuntu/airflow/dags/microservice_spark_dag.py for tasks to queue
[2026-02-25T14:14:16.005+0000] {logging_mixin.py:190} INFO - [2026-02-25T14:14:16.004+0000] {dagbag.py:588} INFO - Filling up the DagBag from /home/ubuntu/airflow/dags/microservice_spark_dag.py
[2026-02-25T14:14:16.009+0000] {processor.py:925} INFO - DAG(s) 'microservice_spark_dag' retrieved from /home/ubuntu/airflow/dags/microservice_spark_dag.py
[2026-02-25T14:14:16.103+0000] {logging_mixin.py:190} INFO - [2026-02-25T14:14:16.103+0000] {dag.py:3239} INFO - Sync 1 DAGs
[2026-02-25T14:14:16.109+0000] {logging_mixin.py:190} INFO - [2026-02-25T14:14:16.109+0000] {dag.py:4180} INFO - Setting next_dagrun for microservice_spark_dag to None, run_after=None
[2026-02-25T14:14:16.125+0000] {processor.py:208} INFO - Processing /home/ubuntu/airflow/dags/microservice_spark_dag.py took 0.126 seconds
[2026-02-25T14:15:09.237+0000] {processor.py:186} INFO - Started process (PID=2502) to work on /home/ubuntu/airflow/dags/microservice_spark_dag.py
[2026-02-25T14:15:09.239+0000] {processor.py:914} INFO - Processing file /home/ubuntu/airflow/dags/microservice_spark_dag.py for tasks to queue
[2026-02-25T14:15:09.240+0000] {logging_mixin.py:190} INFO - [2026-02-25T14:15:09.240+0000] {dagbag.py:588} INFO - Filling up the DagBag from /home/ubuntu/airflow/dags/microservice_spark_dag.py
[2026-02-25T14:15:09.245+0000] {processor.py:925} INFO - DAG(s) 'microservice_spark_dag' retrieved from /home/ubuntu/airflow/dags/microservice_spark_dag.py
[2026-02-25T14:15:09.256+0000] {logging_mixin.py:190} INFO - [2026-02-25T14:15:09.256+0000] {dag.py:3239} INFO - Sync 1 DAGs
[2026-02-25T14:15:09.265+0000] {logging_mixin.py:190} INFO - [2026-02-25T14:15:09.265+0000] {dag.py:4180} INFO - Setting next_dagrun for microservice_spark_dag to None, run_after=None
[2026-02-25T14:15:09.281+0000] {processor.py:208} INFO - Processing /home/ubuntu/airflow/dags/microservice_spark_dag.py took 0.048 seconds
[2026-02-25T14:15:59.562+0000] {processor.py:186} INFO - Started process (PID=2555) to work on /home/ubuntu/airflow/dags/microservice_spark_dag.py
[2026-02-25T14:15:59.563+0000] {processor.py:914} INFO - Processing file /home/ubuntu/airflow/dags/microservice_spark_dag.py for tasks to queue
[2026-02-25T14:15:59.564+0000] {logging_mixin.py:190} INFO - [2026-02-25T14:15:59.564+0000] {dagbag.py:588} INFO - Filling up the DagBag from /home/ubuntu/airflow/dags/microservice_spark_dag.py
[2026-02-25T14:15:59.569+0000] {processor.py:925} INFO - DAG(s) 'microservice_spark_dag' retrieved from /home/ubuntu/airflow/dags/microservice_spark_dag.py
[2026-02-25T14:15:59.579+0000] {logging_mixin.py:190} INFO - [2026-02-25T14:15:59.579+0000] {dag.py:3239} INFO - Sync 1 DAGs
[2026-02-25T14:15:59.587+0000] {logging_mixin.py:190} INFO - [2026-02-25T14:15:59.587+0000] {dag.py:4180} INFO - Setting next_dagrun for microservice_spark_dag to None, run_after=None
[2026-02-25T14:15:59.604+0000] {processor.py:208} INFO - Processing /home/ubuntu/airflow/dags/microservice_spark_dag.py took 0.046 seconds
[2026-02-25T14:16:46.835+0000] {processor.py:186} INFO - Started process (PID=2605) to work on /home/ubuntu/airflow/dags/microservice_spark_dag.py
[2026-02-25T14:16:46.836+0000] {processor.py:914} INFO - Processing file /home/ubuntu/airflow/dags/microservice_spark_dag.py for tasks to queue
[2026-02-25T14:16:46.837+0000] {logging_mixin.py:190} INFO - [2026-02-25T14:16:46.837+0000] {dagbag.py:588} INFO - Filling up the DagBag from /home/ubuntu/airflow/dags/microservice_spark_dag.py
[2026-02-25T14:16:46.842+0000] {processor.py:925} INFO - DAG(s) 'microservice_spark_dag' retrieved from /home/ubuntu/airflow/dags/microservice_spark_dag.py
[2026-02-25T14:16:46.852+0000] {logging_mixin.py:190} INFO - [2026-02-25T14:16:46.852+0000] {dag.py:3239} INFO - Sync 1 DAGs
[2026-02-25T14:16:46.860+0000] {logging_mixin.py:190} INFO - [2026-02-25T14:16:46.860+0000] {dag.py:4180} INFO - Setting next_dagrun for microservice_spark_dag to None, run_after=None
[2026-02-25T14:16:46.877+0000] {processor.py:208} INFO - Processing /home/ubuntu/airflow/dags/microservice_spark_dag.py took 0.045 seconds
[2026-02-25T14:17:37.629+0000] {processor.py:186} INFO - Started process (PID=2664) to work on /home/ubuntu/airflow/dags/microservice_spark_dag.py
[2026-02-25T14:17:37.630+0000] {processor.py:914} INFO - Processing file /home/ubuntu/airflow/dags/microservice_spark_dag.py for tasks to queue
[2026-02-25T14:17:37.632+0000] {logging_mixin.py:190} INFO - [2026-02-25T14:17:37.631+0000] {dagbag.py:588} INFO - Filling up the DagBag from /home/ubuntu/airflow/dags/microservice_spark_dag.py
[2026-02-25T14:17:37.637+0000] {processor.py:925} INFO - DAG(s) 'microservice_spark_dag' retrieved from /home/ubuntu/airflow/dags/microservice_spark_dag.py
[2026-02-25T14:17:37.647+0000] {logging_mixin.py:190} INFO - [2026-02-25T14:17:37.647+0000] {dag.py:3239} INFO - Sync 1 DAGs
[2026-02-25T14:17:37.655+0000] {logging_mixin.py:190} INFO - [2026-02-25T14:17:37.655+0000] {dag.py:4180} INFO - Setting next_dagrun for microservice_spark_dag to None, run_after=None
[2026-02-25T14:17:37.673+0000] {processor.py:208} INFO - Processing /home/ubuntu/airflow/dags/microservice_spark_dag.py took 0.047 seconds
[2026-02-25T14:18:28.823+0000] {processor.py:186} INFO - Started process (PID=2717) to work on /home/ubuntu/airflow/dags/microservice_spark_dag.py
[2026-02-25T14:18:28.824+0000] {processor.py:914} INFO - Processing file /home/ubuntu/airflow/dags/microservice_spark_dag.py for tasks to queue
[2026-02-25T14:18:28.825+0000] {logging_mixin.py:190} INFO - [2026-02-25T14:18:28.825+0000] {dagbag.py:588} INFO - Filling up the DagBag from /home/ubuntu/airflow/dags/microservice_spark_dag.py
[2026-02-25T14:18:28.831+0000] {processor.py:925} INFO - DAG(s) 'microservice_spark_dag' retrieved from /home/ubuntu/airflow/dags/microservice_spark_dag.py
[2026-02-25T14:18:28.840+0000] {logging_mixin.py:190} INFO - [2026-02-25T14:18:28.840+0000] {dag.py:3239} INFO - Sync 1 DAGs
[2026-02-25T14:18:28.848+0000] {logging_mixin.py:190} INFO - [2026-02-25T14:18:28.848+0000] {dag.py:4180} INFO - Setting next_dagrun for microservice_spark_dag to None, run_after=None
[2026-02-25T14:18:28.865+0000] {processor.py:208} INFO - Processing /home/ubuntu/airflow/dags/microservice_spark_dag.py took 0.045 seconds
[2026-02-25T14:19:13.144+0000] {processor.py:186} INFO - Started process (PID=3130) to work on /home/ubuntu/airflow/dags/microservice_spark_dag.py
[2026-02-25T14:19:13.146+0000] {processor.py:914} INFO - Processing file /home/ubuntu/airflow/dags/microservice_spark_dag.py for tasks to queue
[2026-02-25T14:19:13.147+0000] {logging_mixin.py:190} INFO - [2026-02-25T14:19:13.147+0000] {dagbag.py:588} INFO - Filling up the DagBag from /home/ubuntu/airflow/dags/microservice_spark_dag.py
[2026-02-25T14:19:13.152+0000] {processor.py:925} INFO - DAG(s) 'microservice_spark_dag' retrieved from /home/ubuntu/airflow/dags/microservice_spark_dag.py
[2026-02-25T14:19:13.163+0000] {logging_mixin.py:190} INFO - [2026-02-25T14:19:13.163+0000] {dag.py:3239} INFO - Sync 1 DAGs
[2026-02-25T14:19:13.170+0000] {logging_mixin.py:190} INFO - [2026-02-25T14:19:13.170+0000] {dag.py:4180} INFO - Setting next_dagrun for microservice_spark_dag to None, run_after=None
[2026-02-25T14:19:13.188+0000] {processor.py:208} INFO - Processing /home/ubuntu/airflow/dags/microservice_spark_dag.py took 0.047 seconds
[2026-02-25T14:20:00.420+0000] {processor.py:186} INFO - Started process (PID=3186) to work on /home/ubuntu/airflow/dags/microservice_spark_dag.py
[2026-02-25T14:20:00.421+0000] {processor.py:914} INFO - Processing file /home/ubuntu/airflow/dags/microservice_spark_dag.py for tasks to queue
[2026-02-25T14:20:00.422+0000] {logging_mixin.py:190} INFO - [2026-02-25T14:20:00.422+0000] {dagbag.py:588} INFO - Filling up the DagBag from /home/ubuntu/airflow/dags/microservice_spark_dag.py
[2026-02-25T14:20:00.427+0000] {processor.py:925} INFO - DAG(s) 'microservice_spark_dag' retrieved from /home/ubuntu/airflow/dags/microservice_spark_dag.py
[2026-02-25T14:20:00.437+0000] {logging_mixin.py:190} INFO - [2026-02-25T14:20:00.437+0000] {dag.py:3239} INFO - Sync 1 DAGs
[2026-02-25T14:20:00.445+0000] {logging_mixin.py:190} INFO - [2026-02-25T14:20:00.445+0000] {dag.py:4180} INFO - Setting next_dagrun for microservice_spark_dag to None, run_after=None
[2026-02-25T14:20:00.462+0000] {processor.py:208} INFO - Processing /home/ubuntu/airflow/dags/microservice_spark_dag.py took 0.046 seconds
[2026-02-25T14:20:52.675+0000] {processor.py:186} INFO - Started process (PID=3240) to work on /home/ubuntu/airflow/dags/microservice_spark_dag.py
[2026-02-25T14:20:52.677+0000] {processor.py:914} INFO - Processing file /home/ubuntu/airflow/dags/microservice_spark_dag.py for tasks to queue
[2026-02-25T14:20:52.678+0000] {logging_mixin.py:190} INFO - [2026-02-25T14:20:52.678+0000] {dagbag.py:588} INFO - Filling up the DagBag from /home/ubuntu/airflow/dags/microservice_spark_dag.py
[2026-02-25T14:20:52.684+0000] {processor.py:925} INFO - DAG(s) 'microservice_spark_dag' retrieved from /home/ubuntu/airflow/dags/microservice_spark_dag.py
[2026-02-25T14:20:52.694+0000] {logging_mixin.py:190} INFO - [2026-02-25T14:20:52.694+0000] {dag.py:3239} INFO - Sync 1 DAGs
[2026-02-25T14:20:52.703+0000] {logging_mixin.py:190} INFO - [2026-02-25T14:20:52.702+0000] {dag.py:4180} INFO - Setting next_dagrun for microservice_spark_dag to None, run_after=None
[2026-02-25T14:20:52.720+0000] {processor.py:208} INFO - Processing /home/ubuntu/airflow/dags/microservice_spark_dag.py took 0.048 seconds
[2026-02-25T14:21:43.338+0000] {processor.py:186} INFO - Started process (PID=3656) to work on /home/ubuntu/airflow/dags/microservice_spark_dag.py
[2026-02-25T14:21:43.340+0000] {processor.py:914} INFO - Processing file /home/ubuntu/airflow/dags/microservice_spark_dag.py for tasks to queue
[2026-02-25T14:21:43.341+0000] {logging_mixin.py:190} INFO - [2026-02-25T14:21:43.341+0000] {dagbag.py:588} INFO - Filling up the DagBag from /home/ubuntu/airflow/dags/microservice_spark_dag.py
[2026-02-25T14:21:43.346+0000] {processor.py:925} INFO - DAG(s) 'microservice_spark_dag' retrieved from /home/ubuntu/airflow/dags/microservice_spark_dag.py
[2026-02-25T14:21:43.356+0000] {logging_mixin.py:190} INFO - [2026-02-25T14:21:43.356+0000] {dag.py:3239} INFO - Sync 1 DAGs
[2026-02-25T14:21:43.364+0000] {logging_mixin.py:190} INFO - [2026-02-25T14:21:43.364+0000] {dag.py:4180} INFO - Setting next_dagrun for microservice_spark_dag to None, run_after=None
[2026-02-25T14:21:43.381+0000] {processor.py:208} INFO - Processing /home/ubuntu/airflow/dags/microservice_spark_dag.py took 0.046 seconds
[2026-02-25T14:22:33.944+0000] {processor.py:186} INFO - Started process (PID=3716) to work on /home/ubuntu/airflow/dags/microservice_spark_dag.py
[2026-02-25T14:22:33.945+0000] {processor.py:914} INFO - Processing file /home/ubuntu/airflow/dags/microservice_spark_dag.py for tasks to queue
[2026-02-25T14:22:33.946+0000] {logging_mixin.py:190} INFO - [2026-02-25T14:22:33.946+0000] {dagbag.py:588} INFO - Filling up the DagBag from /home/ubuntu/airflow/dags/microservice_spark_dag.py
[2026-02-25T14:22:33.952+0000] {processor.py:925} INFO - DAG(s) 'microservice_spark_dag' retrieved from /home/ubuntu/airflow/dags/microservice_spark_dag.py
[2026-02-25T14:22:33.962+0000] {logging_mixin.py:190} INFO - [2026-02-25T14:22:33.962+0000] {dag.py:3239} INFO - Sync 1 DAGs
[2026-02-25T14:22:33.970+0000] {logging_mixin.py:190} INFO - [2026-02-25T14:22:33.970+0000] {dag.py:4180} INFO - Setting next_dagrun for microservice_spark_dag to None, run_after=None
[2026-02-25T14:22:33.987+0000] {processor.py:208} INFO - Processing /home/ubuntu/airflow/dags/microservice_spark_dag.py took 0.048 seconds
[2026-02-25T14:23:25.732+0000] {processor.py:186} INFO - Started process (PID=3771) to work on /home/ubuntu/airflow/dags/microservice_spark_dag.py
[2026-02-25T14:23:25.733+0000] {processor.py:914} INFO - Processing file /home/ubuntu/airflow/dags/microservice_spark_dag.py for tasks to queue
[2026-02-25T14:23:25.735+0000] {logging_mixin.py:190} INFO - [2026-02-25T14:23:25.735+0000] {dagbag.py:588} INFO - Filling up the DagBag from /home/ubuntu/airflow/dags/microservice_spark_dag.py
[2026-02-25T14:23:25.740+0000] {processor.py:925} INFO - DAG(s) 'microservice_spark_dag' retrieved from /home/ubuntu/airflow/dags/microservice_spark_dag.py
[2026-02-25T14:23:25.750+0000] {logging_mixin.py:190} INFO - [2026-02-25T14:23:25.749+0000] {dag.py:3239} INFO - Sync 1 DAGs
[2026-02-25T14:23:25.757+0000] {logging_mixin.py:190} INFO - [2026-02-25T14:23:25.757+0000] {dag.py:4180} INFO - Setting next_dagrun for microservice_spark_dag to None, run_after=None
[2026-02-25T14:23:25.774+0000] {processor.py:208} INFO - Processing /home/ubuntu/airflow/dags/microservice_spark_dag.py took 0.046 seconds
[2026-02-25T14:24:13.567+0000] {processor.py:186} INFO - Started process (PID=3820) to work on /home/ubuntu/airflow/dags/microservice_spark_dag.py
[2026-02-25T14:24:13.568+0000] {processor.py:914} INFO - Processing file /home/ubuntu/airflow/dags/microservice_spark_dag.py for tasks to queue
[2026-02-25T14:24:13.570+0000] {logging_mixin.py:190} INFO - [2026-02-25T14:24:13.570+0000] {dagbag.py:588} INFO - Filling up the DagBag from /home/ubuntu/airflow/dags/microservice_spark_dag.py
[2026-02-25T14:24:13.575+0000] {processor.py:925} INFO - DAG(s) 'microservice_spark_dag' retrieved from /home/ubuntu/airflow/dags/microservice_spark_dag.py
[2026-02-25T14:24:13.585+0000] {logging_mixin.py:190} INFO - [2026-02-25T14:24:13.584+0000] {dag.py:3239} INFO - Sync 1 DAGs
[2026-02-25T14:24:13.592+0000] {logging_mixin.py:190} INFO - [2026-02-25T14:24:13.592+0000] {dag.py:4180} INFO - Setting next_dagrun for microservice_spark_dag to None, run_after=None
[2026-02-25T14:24:13.609+0000] {processor.py:208} INFO - Processing /home/ubuntu/airflow/dags/microservice_spark_dag.py took 0.046 seconds
[2026-02-25T14:25:04.041+0000] {processor.py:186} INFO - Started process (PID=3876) to work on /home/ubuntu/airflow/dags/microservice_spark_dag.py
[2026-02-25T14:25:04.042+0000] {processor.py:914} INFO - Processing file /home/ubuntu/airflow/dags/microservice_spark_dag.py for tasks to queue
[2026-02-25T14:25:04.044+0000] {logging_mixin.py:190} INFO - [2026-02-25T14:25:04.043+0000] {dagbag.py:588} INFO - Filling up the DagBag from /home/ubuntu/airflow/dags/microservice_spark_dag.py
[2026-02-25T14:25:04.049+0000] {processor.py:925} INFO - DAG(s) 'microservice_spark_dag' retrieved from /home/ubuntu/airflow/dags/microservice_spark_dag.py
[2026-02-25T14:25:04.059+0000] {logging_mixin.py:190} INFO - [2026-02-25T14:25:04.059+0000] {dag.py:3239} INFO - Sync 1 DAGs
[2026-02-25T14:25:04.068+0000] {logging_mixin.py:190} INFO - [2026-02-25T14:25:04.067+0000] {dag.py:4180} INFO - Setting next_dagrun for microservice_spark_dag to None, run_after=None
[2026-02-25T14:25:04.085+0000] {processor.py:208} INFO - Processing /home/ubuntu/airflow/dags/microservice_spark_dag.py took 0.047 seconds
[2026-02-25T14:25:27.722+0000] {processor.py:186} INFO - Started process (PID=3916) to work on /home/ubuntu/airflow/dags/microservice_spark_dag.py
[2026-02-25T14:25:27.722+0000] {processor.py:914} INFO - Processing file /home/ubuntu/airflow/dags/microservice_spark_dag.py for tasks to queue
[2026-02-25T14:25:27.724+0000] {logging_mixin.py:190} INFO - [2026-02-25T14:25:27.723+0000] {dagbag.py:588} INFO - Filling up the DagBag from /home/ubuntu/airflow/dags/microservice_spark_dag.py
[2026-02-25T14:25:27.729+0000] {processor.py:925} INFO - DAG(s) 'conditional_spark_trigger' retrieved from /home/ubuntu/airflow/dags/microservice_spark_dag.py
[2026-02-25T14:25:27.802+0000] {logging_mixin.py:190} INFO - [2026-02-25T14:25:27.801+0000] {override.py:1900} INFO - Created Permission View: can edit on DAG:conditional_spark_trigger
[2026-02-25T14:25:27.813+0000] {logging_mixin.py:190} INFO - [2026-02-25T14:25:27.812+0000] {override.py:1900} INFO - Created Permission View: can delete on DAG:conditional_spark_trigger
[2026-02-25T14:25:27.821+0000] {logging_mixin.py:190} INFO - [2026-02-25T14:25:27.821+0000] {override.py:1900} INFO - Created Permission View: can read on DAG:conditional_spark_trigger
[2026-02-25T14:25:27.837+0000] {logging_mixin.py:190} INFO - [2026-02-25T14:25:27.836+0000] {override.py:1900} INFO - Created Permission View: can create on DAG Run:conditional_spark_trigger
[2026-02-25T14:25:27.845+0000] {logging_mixin.py:190} INFO - [2026-02-25T14:25:27.845+0000] {override.py:1900} INFO - Created Permission View: menu access on DAG Run:conditional_spark_trigger
[2026-02-25T14:25:27.854+0000] {logging_mixin.py:190} INFO - [2026-02-25T14:25:27.854+0000] {override.py:1900} INFO - Created Permission View: can delete on DAG Run:conditional_spark_trigger
[2026-02-25T14:25:27.863+0000] {logging_mixin.py:190} INFO - [2026-02-25T14:25:27.862+0000] {override.py:1900} INFO - Created Permission View: can read on DAG Run:conditional_spark_trigger
[2026-02-25T14:25:27.863+0000] {logging_mixin.py:190} INFO - [2026-02-25T14:25:27.863+0000] {dag.py:3239} INFO - Sync 1 DAGs
[2026-02-25T14:25:27.870+0000] {logging_mixin.py:190} INFO - [2026-02-25T14:25:27.870+0000] {dag.py:3262} INFO - Creating ORM DAG for conditional_spark_trigger
[2026-02-25T14:25:27.870+0000] {logging_mixin.py:190} INFO - [2026-02-25T14:25:27.870+0000] {dag.py:4180} INFO - Setting next_dagrun for conditional_spark_trigger to None, run_after=None
[2026-02-25T14:25:27.885+0000] {processor.py:208} INFO - Processing /home/ubuntu/airflow/dags/microservice_spark_dag.py took 0.167 seconds
[2026-02-25T14:26:17.957+0000] {processor.py:186} INFO - Started process (PID=3969) to work on /home/ubuntu/airflow/dags/microservice_spark_dag.py
[2026-02-25T14:26:17.959+0000] {processor.py:914} INFO - Processing file /home/ubuntu/airflow/dags/microservice_spark_dag.py for tasks to queue
[2026-02-25T14:26:17.960+0000] {logging_mixin.py:190} INFO - [2026-02-25T14:26:17.960+0000] {dagbag.py:588} INFO - Filling up the DagBag from /home/ubuntu/airflow/dags/microservice_spark_dag.py
[2026-02-25T14:26:17.965+0000] {processor.py:925} INFO - DAG(s) 'conditional_spark_trigger' retrieved from /home/ubuntu/airflow/dags/microservice_spark_dag.py
[2026-02-25T14:26:17.975+0000] {logging_mixin.py:190} INFO - [2026-02-25T14:26:17.975+0000] {dag.py:3239} INFO - Sync 1 DAGs
[2026-02-25T14:26:17.984+0000] {logging_mixin.py:190} INFO - [2026-02-25T14:26:17.984+0000] {dag.py:4180} INFO - Setting next_dagrun for conditional_spark_trigger to None, run_after=None
[2026-02-25T14:26:18.001+0000] {processor.py:208} INFO - Processing /home/ubuntu/airflow/dags/microservice_spark_dag.py took 0.047 seconds
[2026-02-25T14:27:06.348+0000] {processor.py:186} INFO - Started process (PID=4021) to work on /home/ubuntu/airflow/dags/microservice_spark_dag.py
[2026-02-25T14:27:06.349+0000] {processor.py:914} INFO - Processing file /home/ubuntu/airflow/dags/microservice_spark_dag.py for tasks to queue
[2026-02-25T14:27:06.350+0000] {logging_mixin.py:190} INFO - [2026-02-25T14:27:06.350+0000] {dagbag.py:588} INFO - Filling up the DagBag from /home/ubuntu/airflow/dags/microservice_spark_dag.py
[2026-02-25T14:27:06.355+0000] {processor.py:925} INFO - DAG(s) 'conditional_spark_trigger' retrieved from /home/ubuntu/airflow/dags/microservice_spark_dag.py
[2026-02-25T14:27:06.365+0000] {logging_mixin.py:190} INFO - [2026-02-25T14:27:06.365+0000] {dag.py:3239} INFO - Sync 1 DAGs
[2026-02-25T14:27:06.373+0000] {logging_mixin.py:190} INFO - [2026-02-25T14:27:06.373+0000] {dag.py:4180} INFO - Setting next_dagrun for conditional_spark_trigger to None, run_after=None
[2026-02-25T14:27:06.390+0000] {processor.py:208} INFO - Processing /home/ubuntu/airflow/dags/microservice_spark_dag.py took 0.046 seconds
[2026-02-25T14:27:56.898+0000] {processor.py:186} INFO - Started process (PID=4074) to work on /home/ubuntu/airflow/dags/microservice_spark_dag.py
[2026-02-25T14:27:56.899+0000] {processor.py:914} INFO - Processing file /home/ubuntu/airflow/dags/microservice_spark_dag.py for tasks to queue
[2026-02-25T14:27:56.900+0000] {logging_mixin.py:190} INFO - [2026-02-25T14:27:56.900+0000] {dagbag.py:588} INFO - Filling up the DagBag from /home/ubuntu/airflow/dags/microservice_spark_dag.py
[2026-02-25T14:27:56.905+0000] {processor.py:925} INFO - DAG(s) 'conditional_spark_trigger' retrieved from /home/ubuntu/airflow/dags/microservice_spark_dag.py
[2026-02-25T14:27:56.916+0000] {logging_mixin.py:190} INFO - [2026-02-25T14:27:56.915+0000] {dag.py:3239} INFO - Sync 1 DAGs
[2026-02-25T14:27:56.924+0000] {logging_mixin.py:190} INFO - [2026-02-25T14:27:56.924+0000] {dag.py:4180} INFO - Setting next_dagrun for conditional_spark_trigger to None, run_after=None
[2026-02-25T14:27:56.941+0000] {processor.py:208} INFO - Processing /home/ubuntu/airflow/dags/microservice_spark_dag.py took 0.047 seconds
[2026-02-25T14:28:47.239+0000] {processor.py:186} INFO - Started process (PID=4126) to work on /home/ubuntu/airflow/dags/microservice_spark_dag.py
[2026-02-25T14:28:47.240+0000] {processor.py:914} INFO - Processing file /home/ubuntu/airflow/dags/microservice_spark_dag.py for tasks to queue
[2026-02-25T14:28:47.241+0000] {logging_mixin.py:190} INFO - [2026-02-25T14:28:47.241+0000] {dagbag.py:588} INFO - Filling up the DagBag from /home/ubuntu/airflow/dags/microservice_spark_dag.py
[2026-02-25T14:28:47.246+0000] {processor.py:925} INFO - DAG(s) 'conditional_spark_trigger' retrieved from /home/ubuntu/airflow/dags/microservice_spark_dag.py
[2026-02-25T14:28:47.256+0000] {logging_mixin.py:190} INFO - [2026-02-25T14:28:47.256+0000] {dag.py:3239} INFO - Sync 1 DAGs
[2026-02-25T14:28:47.265+0000] {logging_mixin.py:190} INFO - [2026-02-25T14:28:47.265+0000] {dag.py:4180} INFO - Setting next_dagrun for conditional_spark_trigger to None, run_after=None
[2026-02-25T14:28:47.282+0000] {processor.py:208} INFO - Processing /home/ubuntu/airflow/dags/microservice_spark_dag.py took 0.047 seconds
[2026-02-25T14:29:37.455+0000] {processor.py:186} INFO - Started process (PID=4179) to work on /home/ubuntu/airflow/dags/microservice_spark_dag.py
[2026-02-25T14:29:37.457+0000] {processor.py:914} INFO - Processing file /home/ubuntu/airflow/dags/microservice_spark_dag.py for tasks to queue
[2026-02-25T14:29:37.457+0000] {logging_mixin.py:190} INFO - [2026-02-25T14:29:37.457+0000] {dagbag.py:588} INFO - Filling up the DagBag from /home/ubuntu/airflow/dags/microservice_spark_dag.py
[2026-02-25T14:29:37.462+0000] {processor.py:925} INFO - DAG(s) 'conditional_spark_trigger' retrieved from /home/ubuntu/airflow/dags/microservice_spark_dag.py
[2026-02-25T14:29:37.472+0000] {logging_mixin.py:190} INFO - [2026-02-25T14:29:37.472+0000] {dag.py:3239} INFO - Sync 1 DAGs
[2026-02-25T14:29:37.480+0000] {logging_mixin.py:190} INFO - [2026-02-25T14:29:37.480+0000] {dag.py:4180} INFO - Setting next_dagrun for conditional_spark_trigger to None, run_after=None
[2026-02-25T14:29:37.496+0000] {processor.py:208} INFO - Processing /home/ubuntu/airflow/dags/microservice_spark_dag.py took 0.044 seconds
[2026-02-25T14:33:25.632+0000] {processor.py:186} INFO - Started process (PID=1669) to work on /home/ubuntu/airflow/dags/microservice_spark_dag.py
[2026-02-25T14:33:25.634+0000] {processor.py:914} INFO - Processing file /home/ubuntu/airflow/dags/microservice_spark_dag.py for tasks to queue
[2026-02-25T14:33:25.635+0000] {logging_mixin.py:190} INFO - [2026-02-25T14:33:25.635+0000] {dagbag.py:588} INFO - Filling up the DagBag from /home/ubuntu/airflow/dags/microservice_spark_dag.py
[2026-02-25T14:33:25.652+0000] {processor.py:925} INFO - DAG(s) 'conditional_spark_trigger' retrieved from /home/ubuntu/airflow/dags/microservice_spark_dag.py
[2026-02-25T14:33:25.671+0000] {logging_mixin.py:190} INFO - [2026-02-25T14:33:25.671+0000] {dag.py:3239} INFO - Sync 1 DAGs
[2026-02-25T14:33:25.681+0000] {logging_mixin.py:190} INFO - [2026-02-25T14:33:25.681+0000] {dag.py:4180} INFO - Setting next_dagrun for conditional_spark_trigger to None, run_after=None
[2026-02-25T14:33:25.700+0000] {processor.py:208} INFO - Processing /home/ubuntu/airflow/dags/microservice_spark_dag.py took 0.071 seconds
[2026-02-25T14:34:20.098+0000] {processor.py:186} INFO - Started process (PID=2110) to work on /home/ubuntu/airflow/dags/microservice_spark_dag.py
[2026-02-25T14:34:20.100+0000] {processor.py:914} INFO - Processing file /home/ubuntu/airflow/dags/microservice_spark_dag.py for tasks to queue
[2026-02-25T14:34:20.101+0000] {logging_mixin.py:190} INFO - [2026-02-25T14:34:20.101+0000] {dagbag.py:588} INFO - Filling up the DagBag from /home/ubuntu/airflow/dags/microservice_spark_dag.py
[2026-02-25T14:34:20.106+0000] {processor.py:925} INFO - DAG(s) 'conditional_spark_trigger' retrieved from /home/ubuntu/airflow/dags/microservice_spark_dag.py
[2026-02-25T14:34:20.115+0000] {logging_mixin.py:190} INFO - [2026-02-25T14:34:20.115+0000] {dag.py:3239} INFO - Sync 1 DAGs
[2026-02-25T14:34:20.123+0000] {logging_mixin.py:190} INFO - [2026-02-25T14:34:20.123+0000] {dag.py:4180} INFO - Setting next_dagrun for conditional_spark_trigger to None, run_after=None
[2026-02-25T14:34:20.139+0000] {processor.py:208} INFO - Processing /home/ubuntu/airflow/dags/microservice_spark_dag.py took 0.044 seconds
[2026-02-25T14:35:08.021+0000] {processor.py:186} INFO - Started process (PID=2165) to work on /home/ubuntu/airflow/dags/microservice_spark_dag.py
[2026-02-25T14:35:08.022+0000] {processor.py:914} INFO - Processing file /home/ubuntu/airflow/dags/microservice_spark_dag.py for tasks to queue
[2026-02-25T14:35:08.024+0000] {logging_mixin.py:190} INFO - [2026-02-25T14:35:08.023+0000] {dagbag.py:588} INFO - Filling up the DagBag from /home/ubuntu/airflow/dags/microservice_spark_dag.py
[2026-02-25T14:35:08.028+0000] {processor.py:925} INFO - DAG(s) 'conditional_spark_trigger' retrieved from /home/ubuntu/airflow/dags/microservice_spark_dag.py
[2026-02-25T14:35:08.039+0000] {logging_mixin.py:190} INFO - [2026-02-25T14:35:08.039+0000] {dag.py:3239} INFO - Sync 1 DAGs
[2026-02-25T14:35:08.047+0000] {logging_mixin.py:190} INFO - [2026-02-25T14:35:08.046+0000] {dag.py:4180} INFO - Setting next_dagrun for conditional_spark_trigger to None, run_after=None
[2026-02-25T14:35:08.063+0000] {processor.py:208} INFO - Processing /home/ubuntu/airflow/dags/microservice_spark_dag.py took 0.046 seconds
[2026-02-25T14:35:54.279+0000] {processor.py:186} INFO - Started process (PID=2577) to work on /home/ubuntu/airflow/dags/microservice_spark_dag.py
[2026-02-25T14:35:54.280+0000] {processor.py:914} INFO - Processing file /home/ubuntu/airflow/dags/microservice_spark_dag.py for tasks to queue
[2026-02-25T14:35:54.282+0000] {logging_mixin.py:190} INFO - [2026-02-25T14:35:54.282+0000] {dagbag.py:588} INFO - Filling up the DagBag from /home/ubuntu/airflow/dags/microservice_spark_dag.py
[2026-02-25T14:35:54.286+0000] {processor.py:925} INFO - DAG(s) 'conditional_spark_trigger' retrieved from /home/ubuntu/airflow/dags/microservice_spark_dag.py
[2026-02-25T14:35:54.296+0000] {logging_mixin.py:190} INFO - [2026-02-25T14:35:54.296+0000] {dag.py:3239} INFO - Sync 1 DAGs
[2026-02-25T14:35:54.303+0000] {logging_mixin.py:190} INFO - [2026-02-25T14:35:54.303+0000] {dag.py:4180} INFO - Setting next_dagrun for conditional_spark_trigger to None, run_after=None
[2026-02-25T14:35:54.319+0000] {processor.py:208} INFO - Processing /home/ubuntu/airflow/dags/microservice_spark_dag.py took 0.043 seconds
[2026-02-25T14:36:45.323+0000] {processor.py:186} INFO - Started process (PID=2645) to work on /home/ubuntu/airflow/dags/microservice_spark_dag.py
[2026-02-25T14:36:45.325+0000] {processor.py:914} INFO - Processing file /home/ubuntu/airflow/dags/microservice_spark_dag.py for tasks to queue
[2026-02-25T14:36:45.326+0000] {logging_mixin.py:190} INFO - [2026-02-25T14:36:45.326+0000] {dagbag.py:588} INFO - Filling up the DagBag from /home/ubuntu/airflow/dags/microservice_spark_dag.py
[2026-02-25T14:36:45.331+0000] {processor.py:925} INFO - DAG(s) 'conditional_spark_trigger' retrieved from /home/ubuntu/airflow/dags/microservice_spark_dag.py
[2026-02-25T14:36:45.341+0000] {logging_mixin.py:190} INFO - [2026-02-25T14:36:45.340+0000] {dag.py:3239} INFO - Sync 1 DAGs
[2026-02-25T14:36:45.348+0000] {logging_mixin.py:190} INFO - [2026-02-25T14:36:45.348+0000] {dag.py:4180} INFO - Setting next_dagrun for conditional_spark_trigger to None, run_after=None
[2026-02-25T14:36:45.364+0000] {processor.py:208} INFO - Processing /home/ubuntu/airflow/dags/microservice_spark_dag.py took 0.044 seconds
[2026-02-25T14:37:36.940+0000] {processor.py:186} INFO - Started process (PID=2707) to work on /home/ubuntu/airflow/dags/microservice_spark_dag.py
[2026-02-25T14:37:36.941+0000] {processor.py:914} INFO - Processing file /home/ubuntu/airflow/dags/microservice_spark_dag.py for tasks to queue
[2026-02-25T14:37:36.943+0000] {logging_mixin.py:190} INFO - [2026-02-25T14:37:36.942+0000] {dagbag.py:588} INFO - Filling up the DagBag from /home/ubuntu/airflow/dags/microservice_spark_dag.py
[2026-02-25T14:37:36.947+0000] {processor.py:925} INFO - DAG(s) 'conditional_spark_trigger' retrieved from /home/ubuntu/airflow/dags/microservice_spark_dag.py
[2026-02-25T14:37:36.957+0000] {logging_mixin.py:190} INFO - [2026-02-25T14:37:36.957+0000] {dag.py:3239} INFO - Sync 1 DAGs
[2026-02-25T14:37:36.966+0000] {logging_mixin.py:190} INFO - [2026-02-25T14:37:36.966+0000] {dag.py:4180} INFO - Setting next_dagrun for conditional_spark_trigger to None, run_after=None
[2026-02-25T14:37:36.983+0000] {processor.py:208} INFO - Processing /home/ubuntu/airflow/dags/microservice_spark_dag.py took 0.046 seconds
[2026-02-25T14:38:25.452+0000] {processor.py:186} INFO - Started process (PID=2760) to work on /home/ubuntu/airflow/dags/microservice_spark_dag.py
[2026-02-25T14:38:25.453+0000] {processor.py:914} INFO - Processing file /home/ubuntu/airflow/dags/microservice_spark_dag.py for tasks to queue
[2026-02-25T14:38:25.454+0000] {logging_mixin.py:190} INFO - [2026-02-25T14:38:25.454+0000] {dagbag.py:588} INFO - Filling up the DagBag from /home/ubuntu/airflow/dags/microservice_spark_dag.py
[2026-02-25T14:38:25.459+0000] {processor.py:925} INFO - DAG(s) 'conditional_spark_trigger' retrieved from /home/ubuntu/airflow/dags/microservice_spark_dag.py
[2026-02-25T14:38:25.469+0000] {logging_mixin.py:190} INFO - [2026-02-25T14:38:25.469+0000] {dag.py:3239} INFO - Sync 1 DAGs
[2026-02-25T14:38:25.477+0000] {logging_mixin.py:190} INFO - [2026-02-25T14:38:25.477+0000] {dag.py:4180} INFO - Setting next_dagrun for conditional_spark_trigger to None, run_after=None
[2026-02-25T14:38:25.494+0000] {processor.py:208} INFO - Processing /home/ubuntu/airflow/dags/microservice_spark_dag.py took 0.045 seconds
[2026-02-25T14:39:15.922+0000] {processor.py:186} INFO - Started process (PID=2812) to work on /home/ubuntu/airflow/dags/microservice_spark_dag.py
[2026-02-25T14:39:15.923+0000] {processor.py:914} INFO - Processing file /home/ubuntu/airflow/dags/microservice_spark_dag.py for tasks to queue
[2026-02-25T14:39:15.925+0000] {logging_mixin.py:190} INFO - [2026-02-25T14:39:15.924+0000] {dagbag.py:588} INFO - Filling up the DagBag from /home/ubuntu/airflow/dags/microservice_spark_dag.py
[2026-02-25T14:39:15.930+0000] {processor.py:925} INFO - DAG(s) 'conditional_spark_trigger' retrieved from /home/ubuntu/airflow/dags/microservice_spark_dag.py
[2026-02-25T14:39:15.939+0000] {logging_mixin.py:190} INFO - [2026-02-25T14:39:15.939+0000] {dag.py:3239} INFO - Sync 1 DAGs
[2026-02-25T14:39:15.947+0000] {logging_mixin.py:190} INFO - [2026-02-25T14:39:15.947+0000] {dag.py:4180} INFO - Setting next_dagrun for conditional_spark_trigger to None, run_after=None
[2026-02-25T14:39:16.040+0000] {processor.py:208} INFO - Processing /home/ubuntu/airflow/dags/microservice_spark_dag.py took 0.121 seconds
[2026-02-25T14:40:10.058+0000] {processor.py:186} INFO - Started process (PID=2866) to work on /home/ubuntu/airflow/dags/microservice_spark_dag.py
[2026-02-25T14:40:10.059+0000] {processor.py:914} INFO - Processing file /home/ubuntu/airflow/dags/microservice_spark_dag.py for tasks to queue
[2026-02-25T14:40:10.060+0000] {logging_mixin.py:190} INFO - [2026-02-25T14:40:10.060+0000] {dagbag.py:588} INFO - Filling up the DagBag from /home/ubuntu/airflow/dags/microservice_spark_dag.py
[2026-02-25T14:40:10.065+0000] {processor.py:925} INFO - DAG(s) 'conditional_spark_trigger' retrieved from /home/ubuntu/airflow/dags/microservice_spark_dag.py
[2026-02-25T14:40:10.075+0000] {logging_mixin.py:190} INFO - [2026-02-25T14:40:10.075+0000] {dag.py:3239} INFO - Sync 1 DAGs
[2026-02-25T14:40:10.084+0000] {logging_mixin.py:190} INFO - [2026-02-25T14:40:10.084+0000] {dag.py:4180} INFO - Setting next_dagrun for conditional_spark_trigger to None, run_after=None
[2026-02-25T14:40:10.102+0000] {processor.py:208} INFO - Processing /home/ubuntu/airflow/dags/microservice_spark_dag.py took 0.048 seconds
[2026-02-25T14:41:03.102+0000] {processor.py:186} INFO - Started process (PID=2924) to work on /home/ubuntu/airflow/dags/microservice_spark_dag.py
[2026-02-25T14:41:03.103+0000] {processor.py:914} INFO - Processing file /home/ubuntu/airflow/dags/microservice_spark_dag.py for tasks to queue
[2026-02-25T14:41:03.105+0000] {logging_mixin.py:190} INFO - [2026-02-25T14:41:03.104+0000] {dagbag.py:588} INFO - Filling up the DagBag from /home/ubuntu/airflow/dags/microservice_spark_dag.py
[2026-02-25T14:41:03.110+0000] {processor.py:925} INFO - DAG(s) 'conditional_spark_trigger' retrieved from /home/ubuntu/airflow/dags/microservice_spark_dag.py
[2026-02-25T14:41:03.120+0000] {logging_mixin.py:190} INFO - [2026-02-25T14:41:03.120+0000] {dag.py:3239} INFO - Sync 1 DAGs
[2026-02-25T14:41:03.129+0000] {logging_mixin.py:190} INFO - [2026-02-25T14:41:03.129+0000] {dag.py:4180} INFO - Setting next_dagrun for conditional_spark_trigger to None, run_after=None
[2026-02-25T14:41:03.146+0000] {processor.py:208} INFO - Processing /home/ubuntu/airflow/dags/microservice_spark_dag.py took 0.047 seconds
[2026-02-25T14:41:56.687+0000] {processor.py:186} INFO - Started process (PID=2979) to work on /home/ubuntu/airflow/dags/microservice_spark_dag.py
[2026-02-25T14:41:56.688+0000] {processor.py:914} INFO - Processing file /home/ubuntu/airflow/dags/microservice_spark_dag.py for tasks to queue
[2026-02-25T14:41:56.690+0000] {logging_mixin.py:190} INFO - [2026-02-25T14:41:56.690+0000] {dagbag.py:588} INFO - Filling up the DagBag from /home/ubuntu/airflow/dags/microservice_spark_dag.py
[2026-02-25T14:41:56.695+0000] {processor.py:925} INFO - DAG(s) 'conditional_spark_trigger' retrieved from /home/ubuntu/airflow/dags/microservice_spark_dag.py
[2026-02-25T14:41:56.704+0000] {logging_mixin.py:190} INFO - [2026-02-25T14:41:56.704+0000] {dag.py:3239} INFO - Sync 1 DAGs
[2026-02-25T14:41:56.712+0000] {logging_mixin.py:190} INFO - [2026-02-25T14:41:56.712+0000] {dag.py:4180} INFO - Setting next_dagrun for conditional_spark_trigger to None, run_after=None
[2026-02-25T14:41:56.730+0000] {processor.py:208} INFO - Processing /home/ubuntu/airflow/dags/microservice_spark_dag.py took 0.046 seconds
[2026-02-25T14:42:49.214+0000] {processor.py:186} INFO - Started process (PID=3037) to work on /home/ubuntu/airflow/dags/microservice_spark_dag.py
[2026-02-25T14:42:49.215+0000] {processor.py:914} INFO - Processing file /home/ubuntu/airflow/dags/microservice_spark_dag.py for tasks to queue
[2026-02-25T14:42:49.217+0000] {logging_mixin.py:190} INFO - [2026-02-25T14:42:49.216+0000] {dagbag.py:588} INFO - Filling up the DagBag from /home/ubuntu/airflow/dags/microservice_spark_dag.py
[2026-02-25T14:42:49.222+0000] {processor.py:925} INFO - DAG(s) 'conditional_spark_trigger' retrieved from /home/ubuntu/airflow/dags/microservice_spark_dag.py
[2026-02-25T14:42:49.232+0000] {logging_mixin.py:190} INFO - [2026-02-25T14:42:49.232+0000] {dag.py:3239} INFO - Sync 1 DAGs
[2026-02-25T14:42:49.241+0000] {logging_mixin.py:190} INFO - [2026-02-25T14:42:49.240+0000] {dag.py:4180} INFO - Setting next_dagrun for conditional_spark_trigger to None, run_after=None
[2026-02-25T14:42:49.258+0000] {processor.py:208} INFO - Processing /home/ubuntu/airflow/dags/microservice_spark_dag.py took 0.048 seconds
[2026-02-25T14:43:37.148+0000] {processor.py:186} INFO - Started process (PID=3090) to work on /home/ubuntu/airflow/dags/microservice_spark_dag.py
[2026-02-25T14:43:37.149+0000] {processor.py:914} INFO - Processing file /home/ubuntu/airflow/dags/microservice_spark_dag.py for tasks to queue
[2026-02-25T14:43:37.151+0000] {logging_mixin.py:190} INFO - [2026-02-25T14:43:37.151+0000] {dagbag.py:588} INFO - Filling up the DagBag from /home/ubuntu/airflow/dags/microservice_spark_dag.py
[2026-02-25T14:43:37.156+0000] {processor.py:925} INFO - DAG(s) 'conditional_spark_trigger' retrieved from /home/ubuntu/airflow/dags/microservice_spark_dag.py
[2026-02-25T14:43:37.168+0000] {logging_mixin.py:190} INFO - [2026-02-25T14:43:37.168+0000] {dag.py:3239} INFO - Sync 1 DAGs
[2026-02-25T14:43:37.177+0000] {logging_mixin.py:190} INFO - [2026-02-25T14:43:37.176+0000] {dag.py:4180} INFO - Setting next_dagrun for conditional_spark_trigger to None, run_after=None
[2026-02-25T14:43:37.194+0000] {processor.py:208} INFO - Processing /home/ubuntu/airflow/dags/microservice_spark_dag.py took 0.049 seconds
[2026-02-25T14:44:27.984+0000] {processor.py:186} INFO - Started process (PID=3144) to work on /home/ubuntu/airflow/dags/microservice_spark_dag.py
[2026-02-25T14:44:27.985+0000] {processor.py:914} INFO - Processing file /home/ubuntu/airflow/dags/microservice_spark_dag.py for tasks to queue
[2026-02-25T14:44:27.987+0000] {logging_mixin.py:190} INFO - [2026-02-25T14:44:27.987+0000] {dagbag.py:588} INFO - Filling up the DagBag from /home/ubuntu/airflow/dags/microservice_spark_dag.py
[2026-02-25T14:44:27.992+0000] {processor.py:925} INFO - DAG(s) 'conditional_spark_trigger' retrieved from /home/ubuntu/airflow/dags/microservice_spark_dag.py
[2026-02-25T14:44:28.002+0000] {logging_mixin.py:190} INFO - [2026-02-25T14:44:28.002+0000] {dag.py:3239} INFO - Sync 1 DAGs
[2026-02-25T14:44:28.010+0000] {logging_mixin.py:190} INFO - [2026-02-25T14:44:28.010+0000] {dag.py:4180} INFO - Setting next_dagrun for conditional_spark_trigger to None, run_after=None
[2026-02-25T14:44:28.028+0000] {processor.py:208} INFO - Processing /home/ubuntu/airflow/dags/microservice_spark_dag.py took 0.047 seconds
[2026-02-25T14:59:54.527+0000] {processor.py:186} INFO - Started process (PID=1664) to work on /home/ubuntu/airflow/dags/microservice_spark_dag.py
[2026-02-25T14:59:54.529+0000] {processor.py:914} INFO - Processing file /home/ubuntu/airflow/dags/microservice_spark_dag.py for tasks to queue
[2026-02-25T14:59:54.530+0000] {logging_mixin.py:190} INFO - [2026-02-25T14:59:54.530+0000] {dagbag.py:588} INFO - Filling up the DagBag from /home/ubuntu/airflow/dags/microservice_spark_dag.py
[2026-02-25T14:59:54.548+0000] {processor.py:925} INFO - DAG(s) 'conditional_spark_trigger' retrieved from /home/ubuntu/airflow/dags/microservice_spark_dag.py
[2026-02-25T14:59:54.565+0000] {logging_mixin.py:190} INFO - [2026-02-25T14:59:54.565+0000] {dag.py:3239} INFO - Sync 1 DAGs
[2026-02-25T14:59:54.575+0000] {logging_mixin.py:190} INFO - [2026-02-25T14:59:54.575+0000] {dag.py:4180} INFO - Setting next_dagrun for conditional_spark_trigger to None, run_after=None
[2026-02-25T14:59:54.595+0000] {processor.py:208} INFO - Processing /home/ubuntu/airflow/dags/microservice_spark_dag.py took 0.071 seconds
[2026-02-25T15:00:54.974+0000] {processor.py:186} INFO - Started process (PID=2164) to work on /home/ubuntu/airflow/dags/microservice_spark_dag.py
[2026-02-25T15:00:54.975+0000] {processor.py:914} INFO - Processing file /home/ubuntu/airflow/dags/microservice_spark_dag.py for tasks to queue
[2026-02-25T15:00:54.976+0000] {logging_mixin.py:190} INFO - [2026-02-25T15:00:54.976+0000] {dagbag.py:588} INFO - Filling up the DagBag from /home/ubuntu/airflow/dags/microservice_spark_dag.py
[2026-02-25T15:00:54.981+0000] {processor.py:925} INFO - DAG(s) 'conditional_spark_trigger' retrieved from /home/ubuntu/airflow/dags/microservice_spark_dag.py
[2026-02-25T15:00:54.990+0000] {logging_mixin.py:190} INFO - [2026-02-25T15:00:54.990+0000] {dag.py:3239} INFO - Sync 1 DAGs
[2026-02-25T15:00:54.998+0000] {logging_mixin.py:190} INFO - [2026-02-25T15:00:54.998+0000] {dag.py:4180} INFO - Setting next_dagrun for conditional_spark_trigger to None, run_after=None
[2026-02-25T15:00:55.014+0000] {processor.py:208} INFO - Processing /home/ubuntu/airflow/dags/microservice_spark_dag.py took 0.044 seconds
[2026-02-25T15:01:40.904+0000] {processor.py:186} INFO - Started process (PID=2214) to work on /home/ubuntu/airflow/dags/microservice_spark_dag.py
[2026-02-25T15:01:40.905+0000] {processor.py:914} INFO - Processing file /home/ubuntu/airflow/dags/microservice_spark_dag.py for tasks to queue
[2026-02-25T15:01:40.906+0000] {logging_mixin.py:190} INFO - [2026-02-25T15:01:40.906+0000] {dagbag.py:588} INFO - Filling up the DagBag from /home/ubuntu/airflow/dags/microservice_spark_dag.py
[2026-02-25T15:01:40.911+0000] {processor.py:925} INFO - DAG(s) 'conditional_spark_trigger' retrieved from /home/ubuntu/airflow/dags/microservice_spark_dag.py
[2026-02-25T15:01:40.920+0000] {logging_mixin.py:190} INFO - [2026-02-25T15:01:40.920+0000] {dag.py:3239} INFO - Sync 1 DAGs
[2026-02-25T15:01:40.927+0000] {logging_mixin.py:190} INFO - [2026-02-25T15:01:40.927+0000] {dag.py:4180} INFO - Setting next_dagrun for conditional_spark_trigger to None, run_after=None
[2026-02-25T15:01:40.944+0000] {processor.py:208} INFO - Processing /home/ubuntu/airflow/dags/microservice_spark_dag.py took 0.044 seconds
[2026-02-25T15:02:28.289+0000] {processor.py:186} INFO - Started process (PID=2264) to work on /home/ubuntu/airflow/dags/microservice_spark_dag.py
[2026-02-25T15:02:28.291+0000] {processor.py:914} INFO - Processing file /home/ubuntu/airflow/dags/microservice_spark_dag.py for tasks to queue
[2026-02-25T15:02:28.292+0000] {logging_mixin.py:190} INFO - [2026-02-25T15:02:28.292+0000] {dagbag.py:588} INFO - Filling up the DagBag from /home/ubuntu/airflow/dags/microservice_spark_dag.py
[2026-02-25T15:02:28.296+0000] {processor.py:925} INFO - DAG(s) 'conditional_spark_trigger' retrieved from /home/ubuntu/airflow/dags/microservice_spark_dag.py
[2026-02-25T15:02:28.306+0000] {logging_mixin.py:190} INFO - [2026-02-25T15:02:28.306+0000] {dag.py:3239} INFO - Sync 1 DAGs
[2026-02-25T15:02:28.313+0000] {logging_mixin.py:190} INFO - [2026-02-25T15:02:28.313+0000] {dag.py:4180} INFO - Setting next_dagrun for conditional_spark_trigger to None, run_after=None
[2026-02-25T15:02:28.329+0000] {processor.py:208} INFO - Processing /home/ubuntu/airflow/dags/microservice_spark_dag.py took 0.044 seconds
[2026-02-25T15:03:19.634+0000] {processor.py:186} INFO - Started process (PID=2320) to work on /home/ubuntu/airflow/dags/microservice_spark_dag.py
[2026-02-25T15:03:19.635+0000] {processor.py:914} INFO - Processing file /home/ubuntu/airflow/dags/microservice_spark_dag.py for tasks to queue
[2026-02-25T15:03:19.637+0000] {logging_mixin.py:190} INFO - [2026-02-25T15:03:19.636+0000] {dagbag.py:588} INFO - Filling up the DagBag from /home/ubuntu/airflow/dags/microservice_spark_dag.py
[2026-02-25T15:03:19.641+0000] {processor.py:925} INFO - DAG(s) 'conditional_spark_trigger' retrieved from /home/ubuntu/airflow/dags/microservice_spark_dag.py
[2026-02-25T15:03:19.651+0000] {logging_mixin.py:190} INFO - [2026-02-25T15:03:19.651+0000] {dag.py:3239} INFO - Sync 1 DAGs
[2026-02-25T15:03:19.658+0000] {logging_mixin.py:190} INFO - [2026-02-25T15:03:19.658+0000] {dag.py:4180} INFO - Setting next_dagrun for conditional_spark_trigger to None, run_after=None
[2026-02-25T15:03:19.674+0000] {processor.py:208} INFO - Processing /home/ubuntu/airflow/dags/microservice_spark_dag.py took 0.043 seconds
[2026-02-25T15:04:11.297+0000] {processor.py:186} INFO - Started process (PID=2375) to work on /home/ubuntu/airflow/dags/microservice_spark_dag.py
[2026-02-25T15:04:11.299+0000] {processor.py:914} INFO - Processing file /home/ubuntu/airflow/dags/microservice_spark_dag.py for tasks to queue
[2026-02-25T15:04:11.300+0000] {logging_mixin.py:190} INFO - [2026-02-25T15:04:11.300+0000] {dagbag.py:588} INFO - Filling up the DagBag from /home/ubuntu/airflow/dags/microservice_spark_dag.py
[2026-02-25T15:04:11.304+0000] {processor.py:925} INFO - DAG(s) 'conditional_spark_trigger' retrieved from /home/ubuntu/airflow/dags/microservice_spark_dag.py
[2026-02-25T15:04:11.313+0000] {logging_mixin.py:190} INFO - [2026-02-25T15:04:11.313+0000] {dag.py:3239} INFO - Sync 1 DAGs
[2026-02-25T15:04:11.321+0000] {logging_mixin.py:190} INFO - [2026-02-25T15:04:11.320+0000] {dag.py:4180} INFO - Setting next_dagrun for conditional_spark_trigger to None, run_after=None
[2026-02-25T15:04:11.337+0000] {processor.py:208} INFO - Processing /home/ubuntu/airflow/dags/microservice_spark_dag.py took 0.043 seconds
[2026-02-25T15:04:59.152+0000] {processor.py:186} INFO - Started process (PID=2434) to work on /home/ubuntu/airflow/dags/microservice_spark_dag.py
[2026-02-25T15:04:59.154+0000] {processor.py:914} INFO - Processing file /home/ubuntu/airflow/dags/microservice_spark_dag.py for tasks to queue
[2026-02-25T15:04:59.155+0000] {logging_mixin.py:190} INFO - [2026-02-25T15:04:59.155+0000] {dagbag.py:588} INFO - Filling up the DagBag from /home/ubuntu/airflow/dags/microservice_spark_dag.py
[2026-02-25T15:04:59.159+0000] {processor.py:925} INFO - DAG(s) 'conditional_spark_trigger' retrieved from /home/ubuntu/airflow/dags/microservice_spark_dag.py
[2026-02-25T15:04:59.168+0000] {logging_mixin.py:190} INFO - [2026-02-25T15:04:59.168+0000] {dag.py:3239} INFO - Sync 1 DAGs
[2026-02-25T15:04:59.176+0000] {logging_mixin.py:190} INFO - [2026-02-25T15:04:59.175+0000] {dag.py:4180} INFO - Setting next_dagrun for conditional_spark_trigger to None, run_after=None
[2026-02-25T15:04:59.191+0000] {processor.py:208} INFO - Processing /home/ubuntu/airflow/dags/microservice_spark_dag.py took 0.042 seconds
[2026-02-25T15:05:52.756+0000] {processor.py:186} INFO - Started process (PID=2493) to work on /home/ubuntu/airflow/dags/microservice_spark_dag.py
[2026-02-25T15:05:52.758+0000] {processor.py:914} INFO - Processing file /home/ubuntu/airflow/dags/microservice_spark_dag.py for tasks to queue
[2026-02-25T15:05:52.759+0000] {logging_mixin.py:190} INFO - [2026-02-25T15:05:52.758+0000] {dagbag.py:588} INFO - Filling up the DagBag from /home/ubuntu/airflow/dags/microservice_spark_dag.py
[2026-02-25T15:05:52.763+0000] {processor.py:925} INFO - DAG(s) 'conditional_spark_trigger' retrieved from /home/ubuntu/airflow/dags/microservice_spark_dag.py
[2026-02-25T15:05:52.772+0000] {logging_mixin.py:190} INFO - [2026-02-25T15:05:52.772+0000] {dag.py:3239} INFO - Sync 1 DAGs
[2026-02-25T15:05:52.845+0000] {logging_mixin.py:190} INFO - [2026-02-25T15:05:52.844+0000] {dag.py:4180} INFO - Setting next_dagrun for conditional_spark_trigger to None, run_after=None
[2026-02-25T15:05:52.859+0000] {processor.py:208} INFO - Processing /home/ubuntu/airflow/dags/microservice_spark_dag.py took 0.106 seconds
[2026-02-25T15:06:45.875+0000] {processor.py:186} INFO - Started process (PID=2549) to work on /home/ubuntu/airflow/dags/microservice_spark_dag.py
[2026-02-25T15:06:45.876+0000] {processor.py:914} INFO - Processing file /home/ubuntu/airflow/dags/microservice_spark_dag.py for tasks to queue
[2026-02-25T15:06:45.878+0000] {logging_mixin.py:190} INFO - [2026-02-25T15:06:45.877+0000] {dagbag.py:588} INFO - Filling up the DagBag from /home/ubuntu/airflow/dags/microservice_spark_dag.py
[2026-02-25T15:06:45.882+0000] {processor.py:925} INFO - DAG(s) 'conditional_spark_trigger' retrieved from /home/ubuntu/airflow/dags/microservice_spark_dag.py
[2026-02-25T15:06:45.892+0000] {logging_mixin.py:190} INFO - [2026-02-25T15:06:45.891+0000] {dag.py:3239} INFO - Sync 1 DAGs
[2026-02-25T15:06:45.899+0000] {logging_mixin.py:190} INFO - [2026-02-25T15:06:45.899+0000] {dag.py:4180} INFO - Setting next_dagrun for conditional_spark_trigger to None, run_after=None
[2026-02-25T15:06:45.916+0000] {processor.py:208} INFO - Processing /home/ubuntu/airflow/dags/microservice_spark_dag.py took 0.044 seconds
[2026-02-25T15:07:35.510+0000] {processor.py:186} INFO - Started process (PID=2601) to work on /home/ubuntu/airflow/dags/microservice_spark_dag.py
[2026-02-25T15:07:35.512+0000] {processor.py:914} INFO - Processing file /home/ubuntu/airflow/dags/microservice_spark_dag.py for tasks to queue
[2026-02-25T15:07:35.513+0000] {logging_mixin.py:190} INFO - [2026-02-25T15:07:35.513+0000] {dagbag.py:588} INFO - Filling up the DagBag from /home/ubuntu/airflow/dags/microservice_spark_dag.py
[2026-02-25T15:07:35.518+0000] {processor.py:925} INFO - DAG(s) 'conditional_spark_trigger' retrieved from /home/ubuntu/airflow/dags/microservice_spark_dag.py
[2026-02-25T15:07:35.527+0000] {logging_mixin.py:190} INFO - [2026-02-25T15:07:35.527+0000] {dag.py:3239} INFO - Sync 1 DAGs
[2026-02-25T15:07:35.534+0000] {logging_mixin.py:190} INFO - [2026-02-25T15:07:35.534+0000] {dag.py:4180} INFO - Setting next_dagrun for conditional_spark_trigger to None, run_after=None
[2026-02-25T15:07:35.551+0000] {processor.py:208} INFO - Processing /home/ubuntu/airflow/dags/microservice_spark_dag.py took 0.044 seconds
[2026-02-25T15:08:25.697+0000] {processor.py:186} INFO - Started process (PID=3021) to work on /home/ubuntu/airflow/dags/microservice_spark_dag.py
[2026-02-25T15:08:25.699+0000] {processor.py:914} INFO - Processing file /home/ubuntu/airflow/dags/microservice_spark_dag.py for tasks to queue
[2026-02-25T15:08:25.700+0000] {logging_mixin.py:190} INFO - [2026-02-25T15:08:25.700+0000] {dagbag.py:588} INFO - Filling up the DagBag from /home/ubuntu/airflow/dags/microservice_spark_dag.py
[2026-02-25T15:08:25.705+0000] {processor.py:925} INFO - DAG(s) 'conditional_spark_trigger' retrieved from /home/ubuntu/airflow/dags/microservice_spark_dag.py
[2026-02-25T15:08:25.714+0000] {logging_mixin.py:190} INFO - [2026-02-25T15:08:25.714+0000] {dag.py:3239} INFO - Sync 1 DAGs
[2026-02-25T15:08:25.722+0000] {logging_mixin.py:190} INFO - [2026-02-25T15:08:25.722+0000] {dag.py:4180} INFO - Setting next_dagrun for conditional_spark_trigger to None, run_after=None
[2026-02-25T15:08:25.739+0000] {processor.py:208} INFO - Processing /home/ubuntu/airflow/dags/microservice_spark_dag.py took 0.045 seconds
[2026-02-25T15:09:13.685+0000] {processor.py:186} INFO - Started process (PID=3073) to work on /home/ubuntu/airflow/dags/microservice_spark_dag.py
[2026-02-25T15:09:13.686+0000] {processor.py:914} INFO - Processing file /home/ubuntu/airflow/dags/microservice_spark_dag.py for tasks to queue
[2026-02-25T15:09:13.688+0000] {logging_mixin.py:190} INFO - [2026-02-25T15:09:13.687+0000] {dagbag.py:588} INFO - Filling up the DagBag from /home/ubuntu/airflow/dags/microservice_spark_dag.py
[2026-02-25T15:09:13.692+0000] {processor.py:925} INFO - DAG(s) 'conditional_spark_trigger' retrieved from /home/ubuntu/airflow/dags/microservice_spark_dag.py
[2026-02-25T15:09:13.702+0000] {logging_mixin.py:190} INFO - [2026-02-25T15:09:13.701+0000] {dag.py:3239} INFO - Sync 1 DAGs
[2026-02-25T15:09:13.709+0000] {logging_mixin.py:190} INFO - [2026-02-25T15:09:13.709+0000] {dag.py:4180} INFO - Setting next_dagrun for conditional_spark_trigger to None, run_after=None
[2026-02-25T15:09:13.726+0000] {processor.py:208} INFO - Processing /home/ubuntu/airflow/dags/microservice_spark_dag.py took 0.045 seconds
[2026-02-25T15:10:04.564+0000] {processor.py:186} INFO - Started process (PID=3130) to work on /home/ubuntu/airflow/dags/microservice_spark_dag.py
[2026-02-25T15:10:04.565+0000] {processor.py:914} INFO - Processing file /home/ubuntu/airflow/dags/microservice_spark_dag.py for tasks to queue
[2026-02-25T15:10:04.567+0000] {logging_mixin.py:190} INFO - [2026-02-25T15:10:04.566+0000] {dagbag.py:588} INFO - Filling up the DagBag from /home/ubuntu/airflow/dags/microservice_spark_dag.py
[2026-02-25T15:10:04.571+0000] {processor.py:925} INFO - DAG(s) 'conditional_spark_trigger' retrieved from /home/ubuntu/airflow/dags/microservice_spark_dag.py
[2026-02-25T15:10:04.581+0000] {logging_mixin.py:190} INFO - [2026-02-25T15:10:04.581+0000] {dag.py:3239} INFO - Sync 1 DAGs
[2026-02-25T15:10:04.588+0000] {logging_mixin.py:190} INFO - [2026-02-25T15:10:04.588+0000] {dag.py:4180} INFO - Setting next_dagrun for conditional_spark_trigger to None, run_after=None
[2026-02-25T15:10:04.605+0000] {processor.py:208} INFO - Processing /home/ubuntu/airflow/dags/microservice_spark_dag.py took 0.044 seconds
[2026-02-25T15:10:55.562+0000] {processor.py:186} INFO - Started process (PID=3185) to work on /home/ubuntu/airflow/dags/microservice_spark_dag.py
[2026-02-25T15:10:55.563+0000] {processor.py:914} INFO - Processing file /home/ubuntu/airflow/dags/microservice_spark_dag.py for tasks to queue
[2026-02-25T15:10:55.565+0000] {logging_mixin.py:190} INFO - [2026-02-25T15:10:55.564+0000] {dagbag.py:588} INFO - Filling up the DagBag from /home/ubuntu/airflow/dags/microservice_spark_dag.py
[2026-02-25T15:10:55.569+0000] {processor.py:925} INFO - DAG(s) 'conditional_spark_trigger' retrieved from /home/ubuntu/airflow/dags/microservice_spark_dag.py
[2026-02-25T15:10:55.579+0000] {logging_mixin.py:190} INFO - [2026-02-25T15:10:55.579+0000] {dag.py:3239} INFO - Sync 1 DAGs
[2026-02-25T15:10:55.586+0000] {logging_mixin.py:190} INFO - [2026-02-25T15:10:55.586+0000] {dag.py:4180} INFO - Setting next_dagrun for conditional_spark_trigger to None, run_after=None
[2026-02-25T15:10:55.602+0000] {processor.py:208} INFO - Processing /home/ubuntu/airflow/dags/microservice_spark_dag.py took 0.044 seconds
[2026-02-25T15:11:45.187+0000] {processor.py:186} INFO - Started process (PID=3236) to work on /home/ubuntu/airflow/dags/microservice_spark_dag.py
[2026-02-25T15:11:45.189+0000] {processor.py:914} INFO - Processing file /home/ubuntu/airflow/dags/microservice_spark_dag.py for tasks to queue
[2026-02-25T15:11:45.190+0000] {logging_mixin.py:190} INFO - [2026-02-25T15:11:45.190+0000] {dagbag.py:588} INFO - Filling up the DagBag from /home/ubuntu/airflow/dags/microservice_spark_dag.py
[2026-02-25T15:11:45.195+0000] {processor.py:925} INFO - DAG(s) 'conditional_spark_trigger' retrieved from /home/ubuntu/airflow/dags/microservice_spark_dag.py
[2026-02-25T15:11:45.205+0000] {logging_mixin.py:190} INFO - [2026-02-25T15:11:45.205+0000] {dag.py:3239} INFO - Sync 1 DAGs
[2026-02-25T15:11:45.213+0000] {logging_mixin.py:190} INFO - [2026-02-25T15:11:45.213+0000] {dag.py:4180} INFO - Setting next_dagrun for conditional_spark_trigger to None, run_after=None
[2026-02-25T15:11:45.228+0000] {processor.py:208} INFO - Processing /home/ubuntu/airflow/dags/microservice_spark_dag.py took 0.045 seconds
[2026-02-25T15:12:38.657+0000] {processor.py:186} INFO - Started process (PID=3291) to work on /home/ubuntu/airflow/dags/microservice_spark_dag.py
[2026-02-25T15:12:38.658+0000] {processor.py:914} INFO - Processing file /home/ubuntu/airflow/dags/microservice_spark_dag.py for tasks to queue
[2026-02-25T15:12:38.659+0000] {logging_mixin.py:190} INFO - [2026-02-25T15:12:38.659+0000] {dagbag.py:588} INFO - Filling up the DagBag from /home/ubuntu/airflow/dags/microservice_spark_dag.py
[2026-02-25T15:12:38.664+0000] {processor.py:925} INFO - DAG(s) 'conditional_spark_trigger' retrieved from /home/ubuntu/airflow/dags/microservice_spark_dag.py
[2026-02-25T15:12:38.674+0000] {logging_mixin.py:190} INFO - [2026-02-25T15:12:38.673+0000] {dag.py:3239} INFO - Sync 1 DAGs
[2026-02-25T15:12:38.681+0000] {logging_mixin.py:190} INFO - [2026-02-25T15:12:38.681+0000] {dag.py:4180} INFO - Setting next_dagrun for conditional_spark_trigger to None, run_after=None
[2026-02-25T15:12:38.698+0000] {processor.py:208} INFO - Processing /home/ubuntu/airflow/dags/microservice_spark_dag.py took 0.045 seconds
[2026-02-25T15:13:25.259+0000] {processor.py:186} INFO - Started process (PID=3342) to work on /home/ubuntu/airflow/dags/microservice_spark_dag.py
[2026-02-25T15:13:25.261+0000] {processor.py:914} INFO - Processing file /home/ubuntu/airflow/dags/microservice_spark_dag.py for tasks to queue
[2026-02-25T15:13:25.262+0000] {logging_mixin.py:190} INFO - [2026-02-25T15:13:25.262+0000] {dagbag.py:588} INFO - Filling up the DagBag from /home/ubuntu/airflow/dags/microservice_spark_dag.py
[2026-02-25T15:13:25.267+0000] {processor.py:925} INFO - DAG(s) 'conditional_spark_trigger' retrieved from /home/ubuntu/airflow/dags/microservice_spark_dag.py
[2026-02-25T15:13:25.276+0000] {logging_mixin.py:190} INFO - [2026-02-25T15:13:25.276+0000] {dag.py:3239} INFO - Sync 1 DAGs
[2026-02-25T15:13:25.284+0000] {logging_mixin.py:190} INFO - [2026-02-25T15:13:25.284+0000] {dag.py:4180} INFO - Setting next_dagrun for conditional_spark_trigger to None, run_after=None
[2026-02-25T15:13:25.301+0000] {processor.py:208} INFO - Processing /home/ubuntu/airflow/dags/microservice_spark_dag.py took 0.045 seconds
[2026-02-25T15:14:14.840+0000] {processor.py:186} INFO - Started process (PID=3394) to work on /home/ubuntu/airflow/dags/microservice_spark_dag.py
[2026-02-25T15:14:14.842+0000] {processor.py:914} INFO - Processing file /home/ubuntu/airflow/dags/microservice_spark_dag.py for tasks to queue
[2026-02-25T15:14:14.843+0000] {logging_mixin.py:190} INFO - [2026-02-25T15:14:14.843+0000] {dagbag.py:588} INFO - Filling up the DagBag from /home/ubuntu/airflow/dags/microservice_spark_dag.py
[2026-02-25T15:14:14.848+0000] {processor.py:925} INFO - DAG(s) 'conditional_spark_trigger' retrieved from /home/ubuntu/airflow/dags/microservice_spark_dag.py
[2026-02-25T15:14:14.858+0000] {logging_mixin.py:190} INFO - [2026-02-25T15:14:14.857+0000] {dag.py:3239} INFO - Sync 1 DAGs
[2026-02-25T15:14:14.865+0000] {logging_mixin.py:190} INFO - [2026-02-25T15:14:14.865+0000] {dag.py:4180} INFO - Setting next_dagrun for conditional_spark_trigger to None, run_after=None
[2026-02-25T15:14:14.881+0000] {processor.py:208} INFO - Processing /home/ubuntu/airflow/dags/microservice_spark_dag.py took 0.044 seconds
[2026-02-25T15:15:01.647+0000] {processor.py:186} INFO - Started process (PID=3448) to work on /home/ubuntu/airflow/dags/microservice_spark_dag.py
[2026-02-25T15:15:01.648+0000] {processor.py:914} INFO - Processing file /home/ubuntu/airflow/dags/microservice_spark_dag.py for tasks to queue
[2026-02-25T15:15:01.649+0000] {logging_mixin.py:190} INFO - [2026-02-25T15:15:01.649+0000] {dagbag.py:588} INFO - Filling up the DagBag from /home/ubuntu/airflow/dags/microservice_spark_dag.py
[2026-02-25T15:15:01.654+0000] {processor.py:925} INFO - DAG(s) 'conditional_spark_trigger' retrieved from /home/ubuntu/airflow/dags/microservice_spark_dag.py
[2026-02-25T15:15:01.664+0000] {logging_mixin.py:190} INFO - [2026-02-25T15:15:01.664+0000] {dag.py:3239} INFO - Sync 1 DAGs
[2026-02-25T15:15:01.671+0000] {logging_mixin.py:190} INFO - [2026-02-25T15:15:01.671+0000] {dag.py:4180} INFO - Setting next_dagrun for conditional_spark_trigger to None, run_after=None
[2026-02-25T15:15:01.689+0000] {processor.py:208} INFO - Processing /home/ubuntu/airflow/dags/microservice_spark_dag.py took 0.045 seconds
[2026-02-25T15:15:51.181+0000] {processor.py:186} INFO - Started process (PID=3504) to work on /home/ubuntu/airflow/dags/microservice_spark_dag.py
[2026-02-25T15:15:51.182+0000] {processor.py:914} INFO - Processing file /home/ubuntu/airflow/dags/microservice_spark_dag.py for tasks to queue
[2026-02-25T15:15:51.184+0000] {logging_mixin.py:190} INFO - [2026-02-25T15:15:51.183+0000] {dagbag.py:588} INFO - Filling up the DagBag from /home/ubuntu/airflow/dags/microservice_spark_dag.py
[2026-02-25T15:15:51.188+0000] {processor.py:925} INFO - DAG(s) 'conditional_spark_trigger' retrieved from /home/ubuntu/airflow/dags/microservice_spark_dag.py
[2026-02-25T15:15:51.198+0000] {logging_mixin.py:190} INFO - [2026-02-25T15:15:51.197+0000] {dag.py:3239} INFO - Sync 1 DAGs
[2026-02-25T15:15:51.205+0000] {logging_mixin.py:190} INFO - [2026-02-25T15:15:51.205+0000] {dag.py:4180} INFO - Setting next_dagrun for conditional_spark_trigger to None, run_after=None
[2026-02-25T15:15:51.221+0000] {processor.py:208} INFO - Processing /home/ubuntu/airflow/dags/microservice_spark_dag.py took 0.043 seconds
[2026-02-25T15:16:40.299+0000] {processor.py:186} INFO - Started process (PID=3555) to work on /home/ubuntu/airflow/dags/microservice_spark_dag.py
[2026-02-25T15:16:40.300+0000] {processor.py:914} INFO - Processing file /home/ubuntu/airflow/dags/microservice_spark_dag.py for tasks to queue
[2026-02-25T15:16:40.302+0000] {logging_mixin.py:190} INFO - [2026-02-25T15:16:40.302+0000] {dagbag.py:588} INFO - Filling up the DagBag from /home/ubuntu/airflow/dags/microservice_spark_dag.py
[2026-02-25T15:16:40.307+0000] {processor.py:925} INFO - DAG(s) 'conditional_spark_trigger' retrieved from /home/ubuntu/airflow/dags/microservice_spark_dag.py
[2026-02-25T15:16:40.316+0000] {logging_mixin.py:190} INFO - [2026-02-25T15:16:40.316+0000] {dag.py:3239} INFO - Sync 1 DAGs
[2026-02-25T15:16:40.323+0000] {logging_mixin.py:190} INFO - [2026-02-25T15:16:40.323+0000] {dag.py:4180} INFO - Setting next_dagrun for conditional_spark_trigger to None, run_after=None
[2026-02-25T15:16:40.340+0000] {processor.py:208} INFO - Processing /home/ubuntu/airflow/dags/microservice_spark_dag.py took 0.045 seconds
[2026-02-25T15:17:29.799+0000] {processor.py:186} INFO - Started process (PID=3610) to work on /home/ubuntu/airflow/dags/microservice_spark_dag.py
[2026-02-25T15:17:29.800+0000] {processor.py:914} INFO - Processing file /home/ubuntu/airflow/dags/microservice_spark_dag.py for tasks to queue
[2026-02-25T15:17:29.802+0000] {logging_mixin.py:190} INFO - [2026-02-25T15:17:29.802+0000] {dagbag.py:588} INFO - Filling up the DagBag from /home/ubuntu/airflow/dags/microservice_spark_dag.py
[2026-02-25T15:17:29.806+0000] {processor.py:925} INFO - DAG(s) 'conditional_spark_trigger' retrieved from /home/ubuntu/airflow/dags/microservice_spark_dag.py
[2026-02-25T15:17:29.816+0000] {logging_mixin.py:190} INFO - [2026-02-25T15:17:29.816+0000] {dag.py:3239} INFO - Sync 1 DAGs
[2026-02-25T15:17:29.824+0000] {logging_mixin.py:190} INFO - [2026-02-25T15:17:29.823+0000] {dag.py:4180} INFO - Setting next_dagrun for conditional_spark_trigger to None, run_after=None
[2026-02-25T15:17:29.840+0000] {processor.py:208} INFO - Processing /home/ubuntu/airflow/dags/microservice_spark_dag.py took 0.044 seconds
[2026-02-25T15:18:18.192+0000] {processor.py:186} INFO - Started process (PID=3662) to work on /home/ubuntu/airflow/dags/microservice_spark_dag.py
[2026-02-25T15:18:18.193+0000] {processor.py:914} INFO - Processing file /home/ubuntu/airflow/dags/microservice_spark_dag.py for tasks to queue
[2026-02-25T15:18:18.194+0000] {logging_mixin.py:190} INFO - [2026-02-25T15:18:18.194+0000] {dagbag.py:588} INFO - Filling up the DagBag from /home/ubuntu/airflow/dags/microservice_spark_dag.py
[2026-02-25T15:18:18.199+0000] {processor.py:925} INFO - DAG(s) 'conditional_spark_trigger' retrieved from /home/ubuntu/airflow/dags/microservice_spark_dag.py
[2026-02-25T15:18:18.209+0000] {logging_mixin.py:190} INFO - [2026-02-25T15:18:18.208+0000] {dag.py:3239} INFO - Sync 1 DAGs
[2026-02-25T15:18:18.216+0000] {logging_mixin.py:190} INFO - [2026-02-25T15:18:18.216+0000] {dag.py:4180} INFO - Setting next_dagrun for conditional_spark_trigger to None, run_after=None
[2026-02-25T15:18:18.233+0000] {processor.py:208} INFO - Processing /home/ubuntu/airflow/dags/microservice_spark_dag.py took 0.045 seconds
[2026-02-25T15:19:03.705+0000] {processor.py:186} INFO - Started process (PID=3711) to work on /home/ubuntu/airflow/dags/microservice_spark_dag.py
[2026-02-25T15:19:03.706+0000] {processor.py:914} INFO - Processing file /home/ubuntu/airflow/dags/microservice_spark_dag.py for tasks to queue
[2026-02-25T15:19:03.708+0000] {logging_mixin.py:190} INFO - [2026-02-25T15:19:03.707+0000] {dagbag.py:588} INFO - Filling up the DagBag from /home/ubuntu/airflow/dags/microservice_spark_dag.py
[2026-02-25T15:19:03.712+0000] {processor.py:925} INFO - DAG(s) 'conditional_spark_trigger' retrieved from /home/ubuntu/airflow/dags/microservice_spark_dag.py
[2026-02-25T15:19:03.722+0000] {logging_mixin.py:190} INFO - [2026-02-25T15:19:03.722+0000] {dag.py:3239} INFO - Sync 1 DAGs
[2026-02-25T15:19:03.729+0000] {logging_mixin.py:190} INFO - [2026-02-25T15:19:03.729+0000] {dag.py:4180} INFO - Setting next_dagrun for conditional_spark_trigger to None, run_after=None
[2026-02-25T15:19:03.746+0000] {processor.py:208} INFO - Processing /home/ubuntu/airflow/dags/microservice_spark_dag.py took 0.045 seconds
[2026-02-25T15:19:52.496+0000] {processor.py:186} INFO - Started process (PID=3763) to work on /home/ubuntu/airflow/dags/microservice_spark_dag.py
[2026-02-25T15:19:52.497+0000] {processor.py:914} INFO - Processing file /home/ubuntu/airflow/dags/microservice_spark_dag.py for tasks to queue
[2026-02-25T15:19:52.498+0000] {logging_mixin.py:190} INFO - [2026-02-25T15:19:52.498+0000] {dagbag.py:588} INFO - Filling up the DagBag from /home/ubuntu/airflow/dags/microservice_spark_dag.py
[2026-02-25T15:19:52.503+0000] {processor.py:925} INFO - DAG(s) 'conditional_spark_trigger' retrieved from /home/ubuntu/airflow/dags/microservice_spark_dag.py
[2026-02-25T15:19:52.512+0000] {logging_mixin.py:190} INFO - [2026-02-25T15:19:52.512+0000] {dag.py:3239} INFO - Sync 1 DAGs
[2026-02-25T15:19:52.520+0000] {logging_mixin.py:190} INFO - [2026-02-25T15:19:52.520+0000] {dag.py:4180} INFO - Setting next_dagrun for conditional_spark_trigger to None, run_after=None
[2026-02-25T15:19:52.536+0000] {processor.py:208} INFO - Processing /home/ubuntu/airflow/dags/microservice_spark_dag.py took 0.044 seconds
[2026-02-25T15:20:41.397+0000] {processor.py:186} INFO - Started process (PID=3818) to work on /home/ubuntu/airflow/dags/microservice_spark_dag.py
[2026-02-25T15:20:41.398+0000] {processor.py:914} INFO - Processing file /home/ubuntu/airflow/dags/microservice_spark_dag.py for tasks to queue
[2026-02-25T15:20:41.399+0000] {logging_mixin.py:190} INFO - [2026-02-25T15:20:41.399+0000] {dagbag.py:588} INFO - Filling up the DagBag from /home/ubuntu/airflow/dags/microservice_spark_dag.py
[2026-02-25T15:20:41.404+0000] {processor.py:925} INFO - DAG(s) 'conditional_spark_trigger' retrieved from /home/ubuntu/airflow/dags/microservice_spark_dag.py
[2026-02-25T15:20:41.414+0000] {logging_mixin.py:190} INFO - [2026-02-25T15:20:41.414+0000] {dag.py:3239} INFO - Sync 1 DAGs
[2026-02-25T15:20:41.421+0000] {logging_mixin.py:190} INFO - [2026-02-25T15:20:41.421+0000] {dag.py:4180} INFO - Setting next_dagrun for conditional_spark_trigger to None, run_after=None
[2026-02-25T15:20:41.437+0000] {processor.py:208} INFO - Processing /home/ubuntu/airflow/dags/microservice_spark_dag.py took 0.044 seconds
[2026-02-25T15:21:31.710+0000] {processor.py:186} INFO - Started process (PID=3870) to work on /home/ubuntu/airflow/dags/microservice_spark_dag.py
[2026-02-25T15:21:31.711+0000] {processor.py:914} INFO - Processing file /home/ubuntu/airflow/dags/microservice_spark_dag.py for tasks to queue
[2026-02-25T15:21:31.713+0000] {logging_mixin.py:190} INFO - [2026-02-25T15:21:31.712+0000] {dagbag.py:588} INFO - Filling up the DagBag from /home/ubuntu/airflow/dags/microservice_spark_dag.py
[2026-02-25T15:21:31.717+0000] {processor.py:925} INFO - DAG(s) 'conditional_spark_trigger' retrieved from /home/ubuntu/airflow/dags/microservice_spark_dag.py
[2026-02-25T15:21:31.727+0000] {logging_mixin.py:190} INFO - [2026-02-25T15:21:31.727+0000] {dag.py:3239} INFO - Sync 1 DAGs
[2026-02-25T15:21:31.734+0000] {logging_mixin.py:190} INFO - [2026-02-25T15:21:31.734+0000] {dag.py:4180} INFO - Setting next_dagrun for conditional_spark_trigger to None, run_after=None
[2026-02-25T15:21:31.751+0000] {processor.py:208} INFO - Processing /home/ubuntu/airflow/dags/microservice_spark_dag.py took 0.045 seconds
[2026-02-25T15:22:20.273+0000] {processor.py:186} INFO - Started process (PID=3923) to work on /home/ubuntu/airflow/dags/microservice_spark_dag.py
[2026-02-25T15:22:20.274+0000] {processor.py:914} INFO - Processing file /home/ubuntu/airflow/dags/microservice_spark_dag.py for tasks to queue
[2026-02-25T15:22:20.276+0000] {logging_mixin.py:190} INFO - [2026-02-25T15:22:20.275+0000] {dagbag.py:588} INFO - Filling up the DagBag from /home/ubuntu/airflow/dags/microservice_spark_dag.py
[2026-02-25T15:22:20.280+0000] {processor.py:925} INFO - DAG(s) 'conditional_spark_trigger' retrieved from /home/ubuntu/airflow/dags/microservice_spark_dag.py
[2026-02-25T15:22:20.290+0000] {logging_mixin.py:190} INFO - [2026-02-25T15:22:20.290+0000] {dag.py:3239} INFO - Sync 1 DAGs
[2026-02-25T15:22:20.298+0000] {logging_mixin.py:190} INFO - [2026-02-25T15:22:20.298+0000] {dag.py:4180} INFO - Setting next_dagrun for conditional_spark_trigger to None, run_after=None
[2026-02-25T15:22:20.314+0000] {processor.py:208} INFO - Processing /home/ubuntu/airflow/dags/microservice_spark_dag.py took 0.045 seconds
[2026-02-25T15:23:11.876+0000] {processor.py:186} INFO - Started process (PID=3974) to work on /home/ubuntu/airflow/dags/microservice_spark_dag.py
[2026-02-25T15:23:11.878+0000] {processor.py:914} INFO - Processing file /home/ubuntu/airflow/dags/microservice_spark_dag.py for tasks to queue
[2026-02-25T15:23:11.879+0000] {logging_mixin.py:190} INFO - [2026-02-25T15:23:11.879+0000] {dagbag.py:588} INFO - Filling up the DagBag from /home/ubuntu/airflow/dags/microservice_spark_dag.py
[2026-02-25T15:23:11.883+0000] {processor.py:925} INFO - DAG(s) 'conditional_spark_trigger' retrieved from /home/ubuntu/airflow/dags/microservice_spark_dag.py
[2026-02-25T15:23:11.893+0000] {logging_mixin.py:190} INFO - [2026-02-25T15:23:11.893+0000] {dag.py:3239} INFO - Sync 1 DAGs
[2026-02-25T15:23:11.900+0000] {logging_mixin.py:190} INFO - [2026-02-25T15:23:11.900+0000] {dag.py:4180} INFO - Setting next_dagrun for conditional_spark_trigger to None, run_after=None
[2026-02-25T15:23:11.916+0000] {processor.py:208} INFO - Processing /home/ubuntu/airflow/dags/microservice_spark_dag.py took 0.043 seconds
[2026-02-25T15:44:02.276+0000] {processor.py:186} INFO - Started process (PID=2560) to work on /home/ubuntu/airflow/dags/microservice_spark_dag.py
[2026-02-25T15:44:02.278+0000] {processor.py:914} INFO - Processing file /home/ubuntu/airflow/dags/microservice_spark_dag.py for tasks to queue
[2026-02-25T15:44:02.279+0000] {logging_mixin.py:190} INFO - [2026-02-25T15:44:02.279+0000] {dagbag.py:588} INFO - Filling up the DagBag from /home/ubuntu/airflow/dags/microservice_spark_dag.py
[2026-02-25T15:44:02.299+0000] {processor.py:925} INFO - DAG(s) 'conditional_spark_trigger' retrieved from /home/ubuntu/airflow/dags/microservice_spark_dag.py
[2026-02-25T15:44:02.318+0000] {logging_mixin.py:190} INFO - [2026-02-25T15:44:02.318+0000] {dag.py:3239} INFO - Sync 1 DAGs
[2026-02-25T15:44:02.328+0000] {logging_mixin.py:190} INFO - [2026-02-25T15:44:02.328+0000] {dag.py:4180} INFO - Setting next_dagrun for conditional_spark_trigger to None, run_after=None
[2026-02-25T15:44:02.347+0000] {processor.py:208} INFO - Processing /home/ubuntu/airflow/dags/microservice_spark_dag.py took 0.075 seconds
[2026-02-25T15:44:56.714+0000] {processor.py:186} INFO - Started process (PID=2633) to work on /home/ubuntu/airflow/dags/microservice_spark_dag.py
[2026-02-25T15:44:56.715+0000] {processor.py:914} INFO - Processing file /home/ubuntu/airflow/dags/microservice_spark_dag.py for tasks to queue
[2026-02-25T15:44:56.716+0000] {logging_mixin.py:190} INFO - [2026-02-25T15:44:56.716+0000] {dagbag.py:588} INFO - Filling up the DagBag from /home/ubuntu/airflow/dags/microservice_spark_dag.py
[2026-02-25T15:44:56.721+0000] {processor.py:925} INFO - DAG(s) 'conditional_spark_trigger' retrieved from /home/ubuntu/airflow/dags/microservice_spark_dag.py
[2026-02-25T15:44:56.730+0000] {logging_mixin.py:190} INFO - [2026-02-25T15:44:56.730+0000] {dag.py:3239} INFO - Sync 1 DAGs
[2026-02-25T15:44:56.737+0000] {logging_mixin.py:190} INFO - [2026-02-25T15:44:56.737+0000] {dag.py:4180} INFO - Setting next_dagrun for conditional_spark_trigger to None, run_after=None
[2026-02-25T15:44:56.753+0000] {processor.py:208} INFO - Processing /home/ubuntu/airflow/dags/microservice_spark_dag.py took 0.043 seconds
[2026-02-25T15:45:44.627+0000] {processor.py:186} INFO - Started process (PID=2689) to work on /home/ubuntu/airflow/dags/microservice_spark_dag.py
[2026-02-25T15:45:44.628+0000] {processor.py:914} INFO - Processing file /home/ubuntu/airflow/dags/microservice_spark_dag.py for tasks to queue
[2026-02-25T15:45:44.629+0000] {logging_mixin.py:190} INFO - [2026-02-25T15:45:44.629+0000] {dagbag.py:588} INFO - Filling up the DagBag from /home/ubuntu/airflow/dags/microservice_spark_dag.py
[2026-02-25T15:45:44.633+0000] {processor.py:925} INFO - DAG(s) 'conditional_spark_trigger' retrieved from /home/ubuntu/airflow/dags/microservice_spark_dag.py
[2026-02-25T15:45:44.643+0000] {logging_mixin.py:190} INFO - [2026-02-25T15:45:44.642+0000] {dag.py:3239} INFO - Sync 1 DAGs
[2026-02-25T15:45:44.650+0000] {logging_mixin.py:190} INFO - [2026-02-25T15:45:44.650+0000] {dag.py:4180} INFO - Setting next_dagrun for conditional_spark_trigger to None, run_after=None
[2026-02-25T15:45:44.665+0000] {processor.py:208} INFO - Processing /home/ubuntu/airflow/dags/microservice_spark_dag.py took 0.042 seconds
[2026-02-25T15:46:30.871+0000] {processor.py:186} INFO - Started process (PID=2738) to work on /home/ubuntu/airflow/dags/microservice_spark_dag.py
[2026-02-25T15:46:30.872+0000] {processor.py:914} INFO - Processing file /home/ubuntu/airflow/dags/microservice_spark_dag.py for tasks to queue
[2026-02-25T15:46:30.874+0000] {logging_mixin.py:190} INFO - [2026-02-25T15:46:30.873+0000] {dagbag.py:588} INFO - Filling up the DagBag from /home/ubuntu/airflow/dags/microservice_spark_dag.py
[2026-02-25T15:46:30.878+0000] {processor.py:925} INFO - DAG(s) 'conditional_spark_trigger' retrieved from /home/ubuntu/airflow/dags/microservice_spark_dag.py
[2026-02-25T15:46:30.887+0000] {logging_mixin.py:190} INFO - [2026-02-25T15:46:30.887+0000] {dag.py:3239} INFO - Sync 1 DAGs
[2026-02-25T15:46:30.894+0000] {logging_mixin.py:190} INFO - [2026-02-25T15:46:30.894+0000] {dag.py:4180} INFO - Setting next_dagrun for conditional_spark_trigger to None, run_after=None
[2026-02-25T15:46:30.910+0000] {processor.py:208} INFO - Processing /home/ubuntu/airflow/dags/microservice_spark_dag.py took 0.042 seconds
[2026-02-25T15:47:21.919+0000] {processor.py:186} INFO - Started process (PID=2791) to work on /home/ubuntu/airflow/dags/microservice_spark_dag.py
[2026-02-25T15:47:21.921+0000] {processor.py:914} INFO - Processing file /home/ubuntu/airflow/dags/microservice_spark_dag.py for tasks to queue
[2026-02-25T15:47:21.922+0000] {logging_mixin.py:190} INFO - [2026-02-25T15:47:21.922+0000] {dagbag.py:588} INFO - Filling up the DagBag from /home/ubuntu/airflow/dags/microservice_spark_dag.py
[2026-02-25T15:47:21.926+0000] {processor.py:925} INFO - DAG(s) 'conditional_spark_trigger' retrieved from /home/ubuntu/airflow/dags/microservice_spark_dag.py
[2026-02-25T15:47:21.936+0000] {logging_mixin.py:190} INFO - [2026-02-25T15:47:21.936+0000] {dag.py:3239} INFO - Sync 1 DAGs
[2026-02-25T15:47:21.943+0000] {logging_mixin.py:190} INFO - [2026-02-25T15:47:21.943+0000] {dag.py:4180} INFO - Setting next_dagrun for conditional_spark_trigger to None, run_after=None
[2026-02-25T15:47:21.960+0000] {processor.py:208} INFO - Processing /home/ubuntu/airflow/dags/microservice_spark_dag.py took 0.044 seconds
[2026-02-25T15:48:13.523+0000] {processor.py:186} INFO - Started process (PID=2844) to work on /home/ubuntu/airflow/dags/microservice_spark_dag.py
[2026-02-25T15:48:13.524+0000] {processor.py:914} INFO - Processing file /home/ubuntu/airflow/dags/microservice_spark_dag.py for tasks to queue
[2026-02-25T15:48:13.525+0000] {logging_mixin.py:190} INFO - [2026-02-25T15:48:13.525+0000] {dagbag.py:588} INFO - Filling up the DagBag from /home/ubuntu/airflow/dags/microservice_spark_dag.py
[2026-02-25T15:48:13.530+0000] {processor.py:925} INFO - DAG(s) 'conditional_spark_trigger' retrieved from /home/ubuntu/airflow/dags/microservice_spark_dag.py
[2026-02-25T15:48:13.539+0000] {logging_mixin.py:190} INFO - [2026-02-25T15:48:13.539+0000] {dag.py:3239} INFO - Sync 1 DAGs
[2026-02-25T15:48:13.547+0000] {logging_mixin.py:190} INFO - [2026-02-25T15:48:13.547+0000] {dag.py:4180} INFO - Setting next_dagrun for conditional_spark_trigger to None, run_after=None
[2026-02-25T15:48:13.563+0000] {processor.py:208} INFO - Processing /home/ubuntu/airflow/dags/microservice_spark_dag.py took 0.044 seconds
[2026-02-25T15:49:02.085+0000] {processor.py:186} INFO - Started process (PID=2896) to work on /home/ubuntu/airflow/dags/microservice_spark_dag.py
[2026-02-25T15:49:02.087+0000] {processor.py:914} INFO - Processing file /home/ubuntu/airflow/dags/microservice_spark_dag.py for tasks to queue
[2026-02-25T15:49:02.088+0000] {logging_mixin.py:190} INFO - [2026-02-25T15:49:02.088+0000] {dagbag.py:588} INFO - Filling up the DagBag from /home/ubuntu/airflow/dags/microservice_spark_dag.py
[2026-02-25T15:49:02.093+0000] {processor.py:925} INFO - DAG(s) 'conditional_spark_trigger' retrieved from /home/ubuntu/airflow/dags/microservice_spark_dag.py
[2026-02-25T15:49:02.102+0000] {logging_mixin.py:190} INFO - [2026-02-25T15:49:02.102+0000] {dag.py:3239} INFO - Sync 1 DAGs
[2026-02-25T15:49:02.110+0000] {logging_mixin.py:190} INFO - [2026-02-25T15:49:02.110+0000] {dag.py:4180} INFO - Setting next_dagrun for conditional_spark_trigger to None, run_after=None
[2026-02-25T15:49:02.127+0000] {processor.py:208} INFO - Processing /home/ubuntu/airflow/dags/microservice_spark_dag.py took 0.045 seconds
[2026-02-25T15:49:52.477+0000] {processor.py:186} INFO - Started process (PID=2951) to work on /home/ubuntu/airflow/dags/microservice_spark_dag.py
[2026-02-25T15:49:52.478+0000] {processor.py:914} INFO - Processing file /home/ubuntu/airflow/dags/microservice_spark_dag.py for tasks to queue
[2026-02-25T15:49:52.479+0000] {logging_mixin.py:190} INFO - [2026-02-25T15:49:52.479+0000] {dagbag.py:588} INFO - Filling up the DagBag from /home/ubuntu/airflow/dags/microservice_spark_dag.py
[2026-02-25T15:49:52.484+0000] {processor.py:925} INFO - DAG(s) 'conditional_spark_trigger' retrieved from /home/ubuntu/airflow/dags/microservice_spark_dag.py
[2026-02-25T15:49:52.493+0000] {logging_mixin.py:190} INFO - [2026-02-25T15:49:52.493+0000] {dag.py:3239} INFO - Sync 1 DAGs
[2026-02-25T15:49:52.501+0000] {logging_mixin.py:190} INFO - [2026-02-25T15:49:52.501+0000] {dag.py:4180} INFO - Setting next_dagrun for conditional_spark_trigger to None, run_after=None
[2026-02-25T15:49:52.581+0000] {processor.py:208} INFO - Processing /home/ubuntu/airflow/dags/microservice_spark_dag.py took 0.108 seconds
[2026-02-25T15:50:45.677+0000] {processor.py:186} INFO - Started process (PID=3007) to work on /home/ubuntu/airflow/dags/microservice_spark_dag.py
[2026-02-25T15:50:45.678+0000] {processor.py:914} INFO - Processing file /home/ubuntu/airflow/dags/microservice_spark_dag.py for tasks to queue
[2026-02-25T15:50:45.680+0000] {logging_mixin.py:190} INFO - [2026-02-25T15:50:45.679+0000] {dagbag.py:588} INFO - Filling up the DagBag from /home/ubuntu/airflow/dags/microservice_spark_dag.py
[2026-02-25T15:50:45.684+0000] {processor.py:925} INFO - DAG(s) 'conditional_spark_trigger' retrieved from /home/ubuntu/airflow/dags/microservice_spark_dag.py
[2026-02-25T15:50:45.694+0000] {logging_mixin.py:190} INFO - [2026-02-25T15:50:45.694+0000] {dag.py:3239} INFO - Sync 1 DAGs
[2026-02-25T15:50:45.701+0000] {logging_mixin.py:190} INFO - [2026-02-25T15:50:45.701+0000] {dag.py:4180} INFO - Setting next_dagrun for conditional_spark_trigger to None, run_after=None
[2026-02-25T15:50:45.717+0000] {processor.py:208} INFO - Processing /home/ubuntu/airflow/dags/microservice_spark_dag.py took 0.044 seconds
[2026-02-25T15:51:38.074+0000] {processor.py:186} INFO - Started process (PID=3062) to work on /home/ubuntu/airflow/dags/microservice_spark_dag.py
[2026-02-25T15:51:38.075+0000] {processor.py:914} INFO - Processing file /home/ubuntu/airflow/dags/microservice_spark_dag.py for tasks to queue
[2026-02-25T15:51:38.076+0000] {logging_mixin.py:190} INFO - [2026-02-25T15:51:38.076+0000] {dagbag.py:588} INFO - Filling up the DagBag from /home/ubuntu/airflow/dags/microservice_spark_dag.py
[2026-02-25T15:51:38.081+0000] {processor.py:925} INFO - DAG(s) 'conditional_spark_trigger' retrieved from /home/ubuntu/airflow/dags/microservice_spark_dag.py
[2026-02-25T15:51:38.090+0000] {logging_mixin.py:190} INFO - [2026-02-25T15:51:38.090+0000] {dag.py:3239} INFO - Sync 1 DAGs
[2026-02-25T15:51:38.097+0000] {logging_mixin.py:190} INFO - [2026-02-25T15:51:38.097+0000] {dag.py:4180} INFO - Setting next_dagrun for conditional_spark_trigger to None, run_after=None
[2026-02-25T15:51:38.114+0000] {processor.py:208} INFO - Processing /home/ubuntu/airflow/dags/microservice_spark_dag.py took 0.044 seconds
[2026-02-25T15:52:28.598+0000] {processor.py:186} INFO - Started process (PID=3117) to work on /home/ubuntu/airflow/dags/microservice_spark_dag.py
[2026-02-25T15:52:28.599+0000] {processor.py:914} INFO - Processing file /home/ubuntu/airflow/dags/microservice_spark_dag.py for tasks to queue
[2026-02-25T15:52:28.600+0000] {logging_mixin.py:190} INFO - [2026-02-25T15:52:28.600+0000] {dagbag.py:588} INFO - Filling up the DagBag from /home/ubuntu/airflow/dags/microservice_spark_dag.py
[2026-02-25T15:52:28.605+0000] {processor.py:925} INFO - DAG(s) 'conditional_spark_trigger' retrieved from /home/ubuntu/airflow/dags/microservice_spark_dag.py
[2026-02-25T15:52:28.614+0000] {logging_mixin.py:190} INFO - [2026-02-25T15:52:28.614+0000] {dag.py:3239} INFO - Sync 1 DAGs
[2026-02-25T15:52:28.622+0000] {logging_mixin.py:190} INFO - [2026-02-25T15:52:28.622+0000] {dag.py:4180} INFO - Setting next_dagrun for conditional_spark_trigger to None, run_after=None
[2026-02-25T15:52:28.638+0000] {processor.py:208} INFO - Processing /home/ubuntu/airflow/dags/microservice_spark_dag.py took 0.044 seconds
[2026-02-25T15:53:17.399+0000] {processor.py:186} INFO - Started process (PID=3167) to work on /home/ubuntu/airflow/dags/microservice_spark_dag.py
[2026-02-25T15:53:17.401+0000] {processor.py:914} INFO - Processing file /home/ubuntu/airflow/dags/microservice_spark_dag.py for tasks to queue
[2026-02-25T15:53:17.402+0000] {logging_mixin.py:190} INFO - [2026-02-25T15:53:17.402+0000] {dagbag.py:588} INFO - Filling up the DagBag from /home/ubuntu/airflow/dags/microservice_spark_dag.py
[2026-02-25T15:53:17.406+0000] {processor.py:925} INFO - DAG(s) 'conditional_spark_trigger' retrieved from /home/ubuntu/airflow/dags/microservice_spark_dag.py
[2026-02-25T15:53:17.416+0000] {logging_mixin.py:190} INFO - [2026-02-25T15:53:17.416+0000] {dag.py:3239} INFO - Sync 1 DAGs
[2026-02-25T15:53:17.423+0000] {logging_mixin.py:190} INFO - [2026-02-25T15:53:17.423+0000] {dag.py:4180} INFO - Setting next_dagrun for conditional_spark_trigger to None, run_after=None
[2026-02-25T15:53:17.440+0000] {processor.py:208} INFO - Processing /home/ubuntu/airflow/dags/microservice_spark_dag.py took 0.044 seconds
[2026-02-25T15:54:05.843+0000] {processor.py:186} INFO - Started process (PID=3235) to work on /home/ubuntu/airflow/dags/microservice_spark_dag.py
[2026-02-25T15:54:05.844+0000] {processor.py:914} INFO - Processing file /home/ubuntu/airflow/dags/microservice_spark_dag.py for tasks to queue
[2026-02-25T15:54:05.845+0000] {logging_mixin.py:190} INFO - [2026-02-25T15:54:05.845+0000] {dagbag.py:588} INFO - Filling up the DagBag from /home/ubuntu/airflow/dags/microservice_spark_dag.py
[2026-02-25T15:54:05.850+0000] {processor.py:925} INFO - DAG(s) 'conditional_spark_trigger' retrieved from /home/ubuntu/airflow/dags/microservice_spark_dag.py
[2026-02-25T15:54:05.860+0000] {logging_mixin.py:190} INFO - [2026-02-25T15:54:05.860+0000] {dag.py:3239} INFO - Sync 1 DAGs
[2026-02-25T15:54:05.867+0000] {logging_mixin.py:190} INFO - [2026-02-25T15:54:05.867+0000] {dag.py:4180} INFO - Setting next_dagrun for conditional_spark_trigger to None, run_after=None
[2026-02-25T15:54:05.884+0000] {processor.py:208} INFO - Processing /home/ubuntu/airflow/dags/microservice_spark_dag.py took 0.044 seconds
[2026-02-25T15:54:54.627+0000] {processor.py:186} INFO - Started process (PID=3286) to work on /home/ubuntu/airflow/dags/microservice_spark_dag.py
[2026-02-25T15:54:54.629+0000] {processor.py:914} INFO - Processing file /home/ubuntu/airflow/dags/microservice_spark_dag.py for tasks to queue
[2026-02-25T15:54:54.630+0000] {logging_mixin.py:190} INFO - [2026-02-25T15:54:54.630+0000] {dagbag.py:588} INFO - Filling up the DagBag from /home/ubuntu/airflow/dags/microservice_spark_dag.py
[2026-02-25T15:54:54.635+0000] {processor.py:925} INFO - DAG(s) 'conditional_spark_trigger' retrieved from /home/ubuntu/airflow/dags/microservice_spark_dag.py
[2026-02-25T15:54:54.644+0000] {logging_mixin.py:190} INFO - [2026-02-25T15:54:54.644+0000] {dag.py:3239} INFO - Sync 1 DAGs
[2026-02-25T15:54:54.652+0000] {logging_mixin.py:190} INFO - [2026-02-25T15:54:54.651+0000] {dag.py:4180} INFO - Setting next_dagrun for conditional_spark_trigger to None, run_after=None
[2026-02-25T15:54:54.669+0000] {processor.py:208} INFO - Processing /home/ubuntu/airflow/dags/microservice_spark_dag.py took 0.045 seconds
[2026-02-25T15:55:45.683+0000] {processor.py:186} INFO - Started process (PID=3348) to work on /home/ubuntu/airflow/dags/microservice_spark_dag.py
[2026-02-25T15:55:45.684+0000] {processor.py:914} INFO - Processing file /home/ubuntu/airflow/dags/microservice_spark_dag.py for tasks to queue
[2026-02-25T15:55:45.685+0000] {logging_mixin.py:190} INFO - [2026-02-25T15:55:45.685+0000] {dagbag.py:588} INFO - Filling up the DagBag from /home/ubuntu/airflow/dags/microservice_spark_dag.py
[2026-02-25T15:55:45.690+0000] {processor.py:925} INFO - DAG(s) 'conditional_spark_trigger' retrieved from /home/ubuntu/airflow/dags/microservice_spark_dag.py
[2026-02-25T15:55:45.699+0000] {logging_mixin.py:190} INFO - [2026-02-25T15:55:45.699+0000] {dag.py:3239} INFO - Sync 1 DAGs
[2026-02-25T15:55:45.706+0000] {logging_mixin.py:190} INFO - [2026-02-25T15:55:45.706+0000] {dag.py:4180} INFO - Setting next_dagrun for conditional_spark_trigger to None, run_after=None
[2026-02-25T15:55:45.722+0000] {processor.py:208} INFO - Processing /home/ubuntu/airflow/dags/microservice_spark_dag.py took 0.043 seconds
[2026-02-25T15:56:36.424+0000] {processor.py:186} INFO - Started process (PID=3405) to work on /home/ubuntu/airflow/dags/microservice_spark_dag.py
[2026-02-25T15:56:36.426+0000] {processor.py:914} INFO - Processing file /home/ubuntu/airflow/dags/microservice_spark_dag.py for tasks to queue
[2026-02-25T15:56:36.427+0000] {logging_mixin.py:190} INFO - [2026-02-25T15:56:36.427+0000] {dagbag.py:588} INFO - Filling up the DagBag from /home/ubuntu/airflow/dags/microservice_spark_dag.py
[2026-02-25T15:56:36.432+0000] {processor.py:925} INFO - DAG(s) 'conditional_spark_trigger' retrieved from /home/ubuntu/airflow/dags/microservice_spark_dag.py
[2026-02-25T15:56:36.441+0000] {logging_mixin.py:190} INFO - [2026-02-25T15:56:36.441+0000] {dag.py:3239} INFO - Sync 1 DAGs
[2026-02-25T15:56:36.449+0000] {logging_mixin.py:190} INFO - [2026-02-25T15:56:36.449+0000] {dag.py:4180} INFO - Setting next_dagrun for conditional_spark_trigger to None, run_after=None
[2026-02-25T15:56:36.466+0000] {processor.py:208} INFO - Processing /home/ubuntu/airflow/dags/microservice_spark_dag.py took 0.045 seconds
[2026-02-25T15:57:26.196+0000] {processor.py:186} INFO - Started process (PID=3463) to work on /home/ubuntu/airflow/dags/microservice_spark_dag.py
[2026-02-25T15:57:26.197+0000] {processor.py:914} INFO - Processing file /home/ubuntu/airflow/dags/microservice_spark_dag.py for tasks to queue
[2026-02-25T15:57:26.198+0000] {logging_mixin.py:190} INFO - [2026-02-25T15:57:26.198+0000] {dagbag.py:588} INFO - Filling up the DagBag from /home/ubuntu/airflow/dags/microservice_spark_dag.py
[2026-02-25T15:57:26.203+0000] {processor.py:925} INFO - DAG(s) 'conditional_spark_trigger' retrieved from /home/ubuntu/airflow/dags/microservice_spark_dag.py
[2026-02-25T15:57:26.213+0000] {logging_mixin.py:190} INFO - [2026-02-25T15:57:26.213+0000] {dag.py:3239} INFO - Sync 1 DAGs
[2026-02-25T15:57:26.220+0000] {logging_mixin.py:190} INFO - [2026-02-25T15:57:26.220+0000] {dag.py:4180} INFO - Setting next_dagrun for conditional_spark_trigger to None, run_after=None
[2026-02-25T15:57:26.236+0000] {processor.py:208} INFO - Processing /home/ubuntu/airflow/dags/microservice_spark_dag.py took 0.044 seconds
[2026-02-25T15:58:16.239+0000] {processor.py:186} INFO - Started process (PID=3514) to work on /home/ubuntu/airflow/dags/microservice_spark_dag.py
[2026-02-25T15:58:16.241+0000] {processor.py:914} INFO - Processing file /home/ubuntu/airflow/dags/microservice_spark_dag.py for tasks to queue
[2026-02-25T15:58:16.242+0000] {logging_mixin.py:190} INFO - [2026-02-25T15:58:16.242+0000] {dagbag.py:588} INFO - Filling up the DagBag from /home/ubuntu/airflow/dags/microservice_spark_dag.py
[2026-02-25T15:58:16.247+0000] {processor.py:925} INFO - DAG(s) 'conditional_spark_trigger' retrieved from /home/ubuntu/airflow/dags/microservice_spark_dag.py
[2026-02-25T15:58:16.257+0000] {logging_mixin.py:190} INFO - [2026-02-25T15:58:16.257+0000] {dag.py:3239} INFO - Sync 1 DAGs
[2026-02-25T15:58:16.265+0000] {logging_mixin.py:190} INFO - [2026-02-25T15:58:16.264+0000] {dag.py:4180} INFO - Setting next_dagrun for conditional_spark_trigger to None, run_after=None
[2026-02-25T15:58:16.282+0000] {processor.py:208} INFO - Processing /home/ubuntu/airflow/dags/microservice_spark_dag.py took 0.046 seconds
[2026-02-25T15:59:05.038+0000] {processor.py:186} INFO - Started process (PID=3570) to work on /home/ubuntu/airflow/dags/microservice_spark_dag.py
[2026-02-25T15:59:05.040+0000] {processor.py:914} INFO - Processing file /home/ubuntu/airflow/dags/microservice_spark_dag.py for tasks to queue
[2026-02-25T15:59:05.041+0000] {logging_mixin.py:190} INFO - [2026-02-25T15:59:05.041+0000] {dagbag.py:588} INFO - Filling up the DagBag from /home/ubuntu/airflow/dags/microservice_spark_dag.py
[2026-02-25T15:59:05.046+0000] {processor.py:925} INFO - DAG(s) 'conditional_spark_trigger' retrieved from /home/ubuntu/airflow/dags/microservice_spark_dag.py
[2026-02-25T15:59:05.055+0000] {logging_mixin.py:190} INFO - [2026-02-25T15:59:05.055+0000] {dag.py:3239} INFO - Sync 1 DAGs
[2026-02-25T15:59:05.063+0000] {logging_mixin.py:190} INFO - [2026-02-25T15:59:05.063+0000] {dag.py:4180} INFO - Setting next_dagrun for conditional_spark_trigger to None, run_after=None
[2026-02-25T15:59:05.079+0000] {processor.py:208} INFO - Processing /home/ubuntu/airflow/dags/microservice_spark_dag.py took 0.044 seconds
[2026-02-25T15:59:53.804+0000] {processor.py:186} INFO - Started process (PID=3622) to work on /home/ubuntu/airflow/dags/microservice_spark_dag.py
[2026-02-25T15:59:53.806+0000] {processor.py:914} INFO - Processing file /home/ubuntu/airflow/dags/microservice_spark_dag.py for tasks to queue
[2026-02-25T15:59:53.807+0000] {logging_mixin.py:190} INFO - [2026-02-25T15:59:53.807+0000] {dagbag.py:588} INFO - Filling up the DagBag from /home/ubuntu/airflow/dags/microservice_spark_dag.py
[2026-02-25T15:59:53.812+0000] {processor.py:925} INFO - DAG(s) 'conditional_spark_trigger' retrieved from /home/ubuntu/airflow/dags/microservice_spark_dag.py
[2026-02-25T15:59:53.821+0000] {logging_mixin.py:190} INFO - [2026-02-25T15:59:53.821+0000] {dag.py:3239} INFO - Sync 1 DAGs
[2026-02-25T15:59:53.829+0000] {logging_mixin.py:190} INFO - [2026-02-25T15:59:53.829+0000] {dag.py:4180} INFO - Setting next_dagrun for conditional_spark_trigger to None, run_after=None
[2026-02-25T15:59:53.844+0000] {processor.py:208} INFO - Processing /home/ubuntu/airflow/dags/microservice_spark_dag.py took 0.044 seconds
[2026-02-25T16:00:41.412+0000] {processor.py:186} INFO - Started process (PID=3674) to work on /home/ubuntu/airflow/dags/microservice_spark_dag.py
[2026-02-25T16:00:41.413+0000] {processor.py:914} INFO - Processing file /home/ubuntu/airflow/dags/microservice_spark_dag.py for tasks to queue
[2026-02-25T16:00:41.415+0000] {logging_mixin.py:190} INFO - [2026-02-25T16:00:41.414+0000] {dagbag.py:588} INFO - Filling up the DagBag from /home/ubuntu/airflow/dags/microservice_spark_dag.py
[2026-02-25T16:00:41.420+0000] {processor.py:925} INFO - DAG(s) 'conditional_spark_trigger' retrieved from /home/ubuntu/airflow/dags/microservice_spark_dag.py
[2026-02-25T16:00:41.429+0000] {logging_mixin.py:190} INFO - [2026-02-25T16:00:41.429+0000] {dag.py:3239} INFO - Sync 1 DAGs
[2026-02-25T16:00:41.437+0000] {logging_mixin.py:190} INFO - [2026-02-25T16:00:41.437+0000] {dag.py:4180} INFO - Setting next_dagrun for conditional_spark_trigger to None, run_after=None
[2026-02-25T16:00:41.454+0000] {processor.py:208} INFO - Processing /home/ubuntu/airflow/dags/microservice_spark_dag.py took 0.046 seconds
[2026-02-25T16:01:31.247+0000] {processor.py:186} INFO - Started process (PID=3727) to work on /home/ubuntu/airflow/dags/microservice_spark_dag.py
[2026-02-25T16:01:31.248+0000] {processor.py:914} INFO - Processing file /home/ubuntu/airflow/dags/microservice_spark_dag.py for tasks to queue
[2026-02-25T16:01:31.250+0000] {logging_mixin.py:190} INFO - [2026-02-25T16:01:31.249+0000] {dagbag.py:588} INFO - Filling up the DagBag from /home/ubuntu/airflow/dags/microservice_spark_dag.py
[2026-02-25T16:01:31.254+0000] {processor.py:925} INFO - DAG(s) 'conditional_spark_trigger' retrieved from /home/ubuntu/airflow/dags/microservice_spark_dag.py
[2026-02-25T16:01:31.264+0000] {logging_mixin.py:190} INFO - [2026-02-25T16:01:31.263+0000] {dag.py:3239} INFO - Sync 1 DAGs
[2026-02-25T16:01:31.271+0000] {logging_mixin.py:190} INFO - [2026-02-25T16:01:31.271+0000] {dag.py:4180} INFO - Setting next_dagrun for conditional_spark_trigger to None, run_after=None
[2026-02-25T16:01:31.286+0000] {processor.py:208} INFO - Processing /home/ubuntu/airflow/dags/microservice_spark_dag.py took 0.043 seconds
[2026-02-25T17:24:12.762+0000] {processor.py:186} INFO - Started process (PID=2551) to work on /home/ubuntu/airflow/dags/microservice_spark_dag.py
[2026-02-25T17:24:12.764+0000] {processor.py:914} INFO - Processing file /home/ubuntu/airflow/dags/microservice_spark_dag.py for tasks to queue
[2026-02-25T17:24:12.765+0000] {logging_mixin.py:190} INFO - [2026-02-25T17:24:12.764+0000] {dagbag.py:588} INFO - Filling up the DagBag from /home/ubuntu/airflow/dags/microservice_spark_dag.py
[2026-02-25T17:24:12.782+0000] {processor.py:925} INFO - DAG(s) 'conditional_spark_trigger' retrieved from /home/ubuntu/airflow/dags/microservice_spark_dag.py
[2026-02-25T17:24:12.799+0000] {logging_mixin.py:190} INFO - [2026-02-25T17:24:12.799+0000] {dag.py:3239} INFO - Sync 1 DAGs
[2026-02-25T17:24:12.809+0000] {logging_mixin.py:190} INFO - [2026-02-25T17:24:12.809+0000] {dag.py:4180} INFO - Setting next_dagrun for conditional_spark_trigger to None, run_after=None
[2026-02-25T17:24:12.826+0000] {processor.py:208} INFO - Processing /home/ubuntu/airflow/dags/microservice_spark_dag.py took 0.068 seconds
[2026-02-25T17:25:05.947+0000] {processor.py:186} INFO - Started process (PID=2619) to work on /home/ubuntu/airflow/dags/microservice_spark_dag.py
[2026-02-25T17:25:05.949+0000] {processor.py:914} INFO - Processing file /home/ubuntu/airflow/dags/microservice_spark_dag.py for tasks to queue
[2026-02-25T17:25:05.950+0000] {logging_mixin.py:190} INFO - [2026-02-25T17:25:05.950+0000] {dagbag.py:588} INFO - Filling up the DagBag from /home/ubuntu/airflow/dags/microservice_spark_dag.py
[2026-02-25T17:25:05.954+0000] {processor.py:925} INFO - DAG(s) 'conditional_spark_trigger' retrieved from /home/ubuntu/airflow/dags/microservice_spark_dag.py
[2026-02-25T17:25:05.963+0000] {logging_mixin.py:190} INFO - [2026-02-25T17:25:05.963+0000] {dag.py:3239} INFO - Sync 1 DAGs
[2026-02-25T17:25:05.971+0000] {logging_mixin.py:190} INFO - [2026-02-25T17:25:05.971+0000] {dag.py:4180} INFO - Setting next_dagrun for conditional_spark_trigger to None, run_after=None
[2026-02-25T17:25:05.986+0000] {processor.py:208} INFO - Processing /home/ubuntu/airflow/dags/microservice_spark_dag.py took 0.042 seconds
[2026-02-25T17:25:53.722+0000] {processor.py:186} INFO - Started process (PID=2670) to work on /home/ubuntu/airflow/dags/microservice_spark_dag.py
[2026-02-25T17:25:53.723+0000] {processor.py:914} INFO - Processing file /home/ubuntu/airflow/dags/microservice_spark_dag.py for tasks to queue
[2026-02-25T17:25:53.725+0000] {logging_mixin.py:190} INFO - [2026-02-25T17:25:53.724+0000] {dagbag.py:588} INFO - Filling up the DagBag from /home/ubuntu/airflow/dags/microservice_spark_dag.py
[2026-02-25T17:25:53.729+0000] {processor.py:925} INFO - DAG(s) 'conditional_spark_trigger' retrieved from /home/ubuntu/airflow/dags/microservice_spark_dag.py
[2026-02-25T17:25:53.738+0000] {logging_mixin.py:190} INFO - [2026-02-25T17:25:53.738+0000] {dag.py:3239} INFO - Sync 1 DAGs
[2026-02-25T17:25:53.746+0000] {logging_mixin.py:190} INFO - [2026-02-25T17:25:53.746+0000] {dag.py:4180} INFO - Setting next_dagrun for conditional_spark_trigger to None, run_after=None
[2026-02-25T17:25:53.761+0000] {processor.py:208} INFO - Processing /home/ubuntu/airflow/dags/microservice_spark_dag.py took 0.043 seconds
[2026-02-25T17:26:41.144+0000] {processor.py:186} INFO - Started process (PID=2720) to work on /home/ubuntu/airflow/dags/microservice_spark_dag.py
[2026-02-25T17:26:41.145+0000] {processor.py:914} INFO - Processing file /home/ubuntu/airflow/dags/microservice_spark_dag.py for tasks to queue
[2026-02-25T17:26:41.146+0000] {logging_mixin.py:190} INFO - [2026-02-25T17:26:41.146+0000] {dagbag.py:588} INFO - Filling up the DagBag from /home/ubuntu/airflow/dags/microservice_spark_dag.py
[2026-02-25T17:26:41.151+0000] {processor.py:925} INFO - DAG(s) 'conditional_spark_trigger' retrieved from /home/ubuntu/airflow/dags/microservice_spark_dag.py
[2026-02-25T17:26:41.160+0000] {logging_mixin.py:190} INFO - [2026-02-25T17:26:41.160+0000] {dag.py:3239} INFO - Sync 1 DAGs
[2026-02-25T17:26:41.167+0000] {logging_mixin.py:190} INFO - [2026-02-25T17:26:41.167+0000] {dag.py:4180} INFO - Setting next_dagrun for conditional_spark_trigger to None, run_after=None
[2026-02-25T17:26:41.183+0000] {processor.py:208} INFO - Processing /home/ubuntu/airflow/dags/microservice_spark_dag.py took 0.042 seconds
[2026-02-25T17:27:32.420+0000] {processor.py:186} INFO - Started process (PID=2774) to work on /home/ubuntu/airflow/dags/microservice_spark_dag.py
[2026-02-25T17:27:32.422+0000] {processor.py:914} INFO - Processing file /home/ubuntu/airflow/dags/microservice_spark_dag.py for tasks to queue
[2026-02-25T17:27:32.423+0000] {logging_mixin.py:190} INFO - [2026-02-25T17:27:32.423+0000] {dagbag.py:588} INFO - Filling up the DagBag from /home/ubuntu/airflow/dags/microservice_spark_dag.py
[2026-02-25T17:27:32.427+0000] {processor.py:925} INFO - DAG(s) 'conditional_spark_trigger' retrieved from /home/ubuntu/airflow/dags/microservice_spark_dag.py
[2026-02-25T17:27:32.437+0000] {logging_mixin.py:190} INFO - [2026-02-25T17:27:32.437+0000] {dag.py:3239} INFO - Sync 1 DAGs
[2026-02-25T17:27:32.444+0000] {logging_mixin.py:190} INFO - [2026-02-25T17:27:32.444+0000] {dag.py:4180} INFO - Setting next_dagrun for conditional_spark_trigger to None, run_after=None
[2026-02-25T17:27:32.460+0000] {processor.py:208} INFO - Processing /home/ubuntu/airflow/dags/microservice_spark_dag.py took 0.043 seconds
[2026-02-25T17:28:23.818+0000] {processor.py:186} INFO - Started process (PID=2832) to work on /home/ubuntu/airflow/dags/microservice_spark_dag.py
[2026-02-25T17:28:23.820+0000] {processor.py:914} INFO - Processing file /home/ubuntu/airflow/dags/microservice_spark_dag.py for tasks to queue
[2026-02-25T17:28:23.821+0000] {logging_mixin.py:190} INFO - [2026-02-25T17:28:23.821+0000] {dagbag.py:588} INFO - Filling up the DagBag from /home/ubuntu/airflow/dags/microservice_spark_dag.py
[2026-02-25T17:28:23.826+0000] {processor.py:925} INFO - DAG(s) 'conditional_spark_trigger' retrieved from /home/ubuntu/airflow/dags/microservice_spark_dag.py
[2026-02-25T17:28:23.835+0000] {logging_mixin.py:190} INFO - [2026-02-25T17:28:23.835+0000] {dag.py:3239} INFO - Sync 1 DAGs
[2026-02-25T17:28:23.842+0000] {logging_mixin.py:190} INFO - [2026-02-25T17:28:23.842+0000] {dag.py:4180} INFO - Setting next_dagrun for conditional_spark_trigger to None, run_after=None
[2026-02-25T17:28:23.859+0000] {processor.py:208} INFO - Processing /home/ubuntu/airflow/dags/microservice_spark_dag.py took 0.044 seconds
[2026-02-25T17:29:15.129+0000] {processor.py:186} INFO - Started process (PID=2891) to work on /home/ubuntu/airflow/dags/microservice_spark_dag.py
[2026-02-25T17:29:15.130+0000] {processor.py:914} INFO - Processing file /home/ubuntu/airflow/dags/microservice_spark_dag.py for tasks to queue
[2026-02-25T17:29:15.132+0000] {logging_mixin.py:190} INFO - [2026-02-25T17:29:15.132+0000] {dagbag.py:588} INFO - Filling up the DagBag from /home/ubuntu/airflow/dags/microservice_spark_dag.py
[2026-02-25T17:29:15.136+0000] {processor.py:925} INFO - DAG(s) 'conditional_spark_trigger' retrieved from /home/ubuntu/airflow/dags/microservice_spark_dag.py
[2026-02-25T17:29:15.145+0000] {logging_mixin.py:190} INFO - [2026-02-25T17:29:15.145+0000] {dag.py:3239} INFO - Sync 1 DAGs
[2026-02-25T17:29:15.153+0000] {logging_mixin.py:190} INFO - [2026-02-25T17:29:15.153+0000] {dag.py:4180} INFO - Setting next_dagrun for conditional_spark_trigger to None, run_after=None
[2026-02-25T17:29:15.169+0000] {processor.py:208} INFO - Processing /home/ubuntu/airflow/dags/microservice_spark_dag.py took 0.043 seconds
[2026-02-25T17:30:06.973+0000] {processor.py:186} INFO - Started process (PID=2950) to work on /home/ubuntu/airflow/dags/microservice_spark_dag.py
[2026-02-25T17:30:06.974+0000] {processor.py:914} INFO - Processing file /home/ubuntu/airflow/dags/microservice_spark_dag.py for tasks to queue
[2026-02-25T17:30:06.975+0000] {logging_mixin.py:190} INFO - [2026-02-25T17:30:06.975+0000] {dagbag.py:588} INFO - Filling up the DagBag from /home/ubuntu/airflow/dags/microservice_spark_dag.py
[2026-02-25T17:30:06.980+0000] {processor.py:925} INFO - DAG(s) 'conditional_spark_trigger' retrieved from /home/ubuntu/airflow/dags/microservice_spark_dag.py
[2026-02-25T17:30:06.989+0000] {logging_mixin.py:190} INFO - [2026-02-25T17:30:06.989+0000] {dag.py:3239} INFO - Sync 1 DAGs
[2026-02-25T17:30:07.071+0000] {logging_mixin.py:190} INFO - [2026-02-25T17:30:07.071+0000] {dag.py:4180} INFO - Setting next_dagrun for conditional_spark_trigger to None, run_after=None
[2026-02-25T17:30:07.087+0000] {processor.py:208} INFO - Processing /home/ubuntu/airflow/dags/microservice_spark_dag.py took 0.117 seconds
[2026-02-25T17:30:39.395+0000] {processor.py:186} INFO - Started process (PID=2990) to work on /home/ubuntu/airflow/dags/microservice_spark_dag.py
[2026-02-25T17:30:39.396+0000] {processor.py:914} INFO - Processing file /home/ubuntu/airflow/dags/microservice_spark_dag.py for tasks to queue
[2026-02-25T17:30:39.397+0000] {logging_mixin.py:190} INFO - [2026-02-25T17:30:39.397+0000] {dagbag.py:588} INFO - Filling up the DagBag from /home/ubuntu/airflow/dags/microservice_spark_dag.py
[2026-02-25T17:30:39.402+0000] {processor.py:925} INFO - DAG(s) 'conditional_spark_trigger' retrieved from /home/ubuntu/airflow/dags/microservice_spark_dag.py
[2026-02-25T17:30:39.411+0000] {logging_mixin.py:190} INFO - [2026-02-25T17:30:39.411+0000] {dag.py:3239} INFO - Sync 1 DAGs
[2026-02-25T17:30:39.419+0000] {logging_mixin.py:190} INFO - [2026-02-25T17:30:39.419+0000] {dag.py:4180} INFO - Setting next_dagrun for conditional_spark_trigger to None, run_after=None
[2026-02-25T17:30:39.436+0000] {processor.py:208} INFO - Processing /home/ubuntu/airflow/dags/microservice_spark_dag.py took 0.044 seconds
[2026-02-25T17:31:11.231+0000] {processor.py:186} INFO - Started process (PID=3026) to work on /home/ubuntu/airflow/dags/microservice_spark_dag.py
[2026-02-25T17:31:11.232+0000] {processor.py:914} INFO - Processing file /home/ubuntu/airflow/dags/microservice_spark_dag.py for tasks to queue
[2026-02-25T17:31:11.233+0000] {logging_mixin.py:190} INFO - [2026-02-25T17:31:11.233+0000] {dagbag.py:588} INFO - Filling up the DagBag from /home/ubuntu/airflow/dags/microservice_spark_dag.py
[2026-02-25T17:31:11.238+0000] {processor.py:925} INFO - DAG(s) 'conditional_spark_trigger' retrieved from /home/ubuntu/airflow/dags/microservice_spark_dag.py
[2026-02-25T17:31:11.247+0000] {logging_mixin.py:190} INFO - [2026-02-25T17:31:11.247+0000] {dag.py:3239} INFO - Sync 1 DAGs
[2026-02-25T17:31:11.255+0000] {logging_mixin.py:190} INFO - [2026-02-25T17:31:11.255+0000] {dag.py:4180} INFO - Setting next_dagrun for conditional_spark_trigger to None, run_after=None
[2026-02-25T17:31:11.271+0000] {processor.py:208} INFO - Processing /home/ubuntu/airflow/dags/microservice_spark_dag.py took 0.043 seconds
[2026-02-25T17:32:04.798+0000] {processor.py:186} INFO - Started process (PID=3081) to work on /home/ubuntu/airflow/dags/microservice_spark_dag.py
[2026-02-25T17:32:04.799+0000] {processor.py:914} INFO - Processing file /home/ubuntu/airflow/dags/microservice_spark_dag.py for tasks to queue
[2026-02-25T17:32:04.800+0000] {logging_mixin.py:190} INFO - [2026-02-25T17:32:04.800+0000] {dagbag.py:588} INFO - Filling up the DagBag from /home/ubuntu/airflow/dags/microservice_spark_dag.py
[2026-02-25T17:32:04.805+0000] {processor.py:925} INFO - DAG(s) 'conditional_spark_trigger' retrieved from /home/ubuntu/airflow/dags/microservice_spark_dag.py
[2026-02-25T17:32:04.814+0000] {logging_mixin.py:190} INFO - [2026-02-25T17:32:04.814+0000] {dag.py:3239} INFO - Sync 1 DAGs
[2026-02-25T17:32:04.822+0000] {logging_mixin.py:190} INFO - [2026-02-25T17:32:04.822+0000] {dag.py:4180} INFO - Setting next_dagrun for conditional_spark_trigger to None, run_after=None
[2026-02-25T17:32:04.838+0000] {processor.py:208} INFO - Processing /home/ubuntu/airflow/dags/microservice_spark_dag.py took 0.043 seconds
[2026-02-25T17:32:50.755+0000] {processor.py:186} INFO - Started process (PID=3131) to work on /home/ubuntu/airflow/dags/microservice_spark_dag.py
[2026-02-25T17:32:50.757+0000] {processor.py:914} INFO - Processing file /home/ubuntu/airflow/dags/microservice_spark_dag.py for tasks to queue
[2026-02-25T17:32:50.758+0000] {logging_mixin.py:190} INFO - [2026-02-25T17:32:50.758+0000] {dagbag.py:588} INFO - Filling up the DagBag from /home/ubuntu/airflow/dags/microservice_spark_dag.py
[2026-02-25T17:32:50.762+0000] {processor.py:925} INFO - DAG(s) 'conditional_spark_trigger' retrieved from /home/ubuntu/airflow/dags/microservice_spark_dag.py
[2026-02-25T17:32:50.772+0000] {logging_mixin.py:190} INFO - [2026-02-25T17:32:50.772+0000] {dag.py:3239} INFO - Sync 1 DAGs
[2026-02-25T17:32:50.780+0000] {logging_mixin.py:190} INFO - [2026-02-25T17:32:50.780+0000] {dag.py:4180} INFO - Setting next_dagrun for conditional_spark_trigger to None, run_after=None
[2026-02-25T17:32:50.795+0000] {processor.py:208} INFO - Processing /home/ubuntu/airflow/dags/microservice_spark_dag.py took 0.043 seconds
[2026-02-25T17:33:42.438+0000] {processor.py:186} INFO - Started process (PID=3188) to work on /home/ubuntu/airflow/dags/microservice_spark_dag.py
[2026-02-25T17:33:42.440+0000] {processor.py:914} INFO - Processing file /home/ubuntu/airflow/dags/microservice_spark_dag.py for tasks to queue
[2026-02-25T17:33:42.441+0000] {logging_mixin.py:190} INFO - [2026-02-25T17:33:42.441+0000] {dagbag.py:588} INFO - Filling up the DagBag from /home/ubuntu/airflow/dags/microservice_spark_dag.py
[2026-02-25T17:33:42.446+0000] {processor.py:925} INFO - DAG(s) 'conditional_spark_trigger' retrieved from /home/ubuntu/airflow/dags/microservice_spark_dag.py
[2026-02-25T17:33:42.456+0000] {logging_mixin.py:190} INFO - [2026-02-25T17:33:42.455+0000] {dag.py:3239} INFO - Sync 1 DAGs
[2026-02-25T17:33:42.463+0000] {logging_mixin.py:190} INFO - [2026-02-25T17:33:42.463+0000] {dag.py:4180} INFO - Setting next_dagrun for conditional_spark_trigger to None, run_after=None
[2026-02-25T17:33:42.479+0000] {processor.py:208} INFO - Processing /home/ubuntu/airflow/dags/microservice_spark_dag.py took 0.045 seconds
[2026-02-25T17:34:30.842+0000] {processor.py:186} INFO - Started process (PID=3241) to work on /home/ubuntu/airflow/dags/microservice_spark_dag.py
[2026-02-25T17:34:30.843+0000] {processor.py:914} INFO - Processing file /home/ubuntu/airflow/dags/microservice_spark_dag.py for tasks to queue
[2026-02-25T17:34:30.844+0000] {logging_mixin.py:190} INFO - [2026-02-25T17:34:30.844+0000] {dagbag.py:588} INFO - Filling up the DagBag from /home/ubuntu/airflow/dags/microservice_spark_dag.py
[2026-02-25T17:34:30.850+0000] {processor.py:925} INFO - DAG(s) 'conditional_spark_trigger' retrieved from /home/ubuntu/airflow/dags/microservice_spark_dag.py
[2026-02-25T17:34:30.860+0000] {logging_mixin.py:190} INFO - [2026-02-25T17:34:30.860+0000] {dag.py:3239} INFO - Sync 1 DAGs
[2026-02-25T17:34:30.868+0000] {logging_mixin.py:190} INFO - [2026-02-25T17:34:30.867+0000] {dag.py:4180} INFO - Setting next_dagrun for conditional_spark_trigger to None, run_after=None
[2026-02-25T17:34:30.885+0000] {processor.py:208} INFO - Processing /home/ubuntu/airflow/dags/microservice_spark_dag.py took 0.047 seconds
