[2026-02-25T04:53:43.838+0000] {processor.py:186} INFO - Started process (PID=2102) to work on /home/ubuntu/airflow-venv/lib/python3.12/site-packages/airflow/example_dags/subdags/subdag.py
[2026-02-25T04:53:43.839+0000] {processor.py:914} INFO - Processing file /home/ubuntu/airflow-venv/lib/python3.12/site-packages/airflow/example_dags/subdags/subdag.py for tasks to queue
[2026-02-25T04:53:43.840+0000] {logging_mixin.py:190} INFO - [2026-02-25T04:53:43.840+0000] {dagbag.py:588} INFO - Filling up the DagBag from /home/ubuntu/airflow-venv/lib/python3.12/site-packages/airflow/example_dags/subdags/subdag.py
[2026-02-25T04:53:43.841+0000] {processor.py:927} WARNING - No viable dags retrieved from /home/ubuntu/airflow-venv/lib/python3.12/site-packages/airflow/example_dags/subdags/subdag.py
[2026-02-25T04:53:43.848+0000] {processor.py:208} INFO - Processing /home/ubuntu/airflow-venv/lib/python3.12/site-packages/airflow/example_dags/subdags/subdag.py took 0.013 seconds
[2026-02-25T04:54:38.907+0000] {processor.py:186} INFO - Started process (PID=2585) to work on /home/ubuntu/airflow-venv/lib/python3.12/site-packages/airflow/example_dags/subdags/subdag.py
[2026-02-25T04:54:38.908+0000] {processor.py:914} INFO - Processing file /home/ubuntu/airflow-venv/lib/python3.12/site-packages/airflow/example_dags/subdags/subdag.py for tasks to queue
[2026-02-25T04:54:38.909+0000] {logging_mixin.py:190} INFO - [2026-02-25T04:54:38.909+0000] {dagbag.py:588} INFO - Filling up the DagBag from /home/ubuntu/airflow-venv/lib/python3.12/site-packages/airflow/example_dags/subdags/subdag.py
[2026-02-25T04:54:38.911+0000] {processor.py:927} WARNING - No viable dags retrieved from /home/ubuntu/airflow-venv/lib/python3.12/site-packages/airflow/example_dags/subdags/subdag.py
[2026-02-25T04:54:38.917+0000] {processor.py:208} INFO - Processing /home/ubuntu/airflow-venv/lib/python3.12/site-packages/airflow/example_dags/subdags/subdag.py took 0.014 seconds
[2026-02-25T04:55:29.400+0000] {processor.py:186} INFO - Started process (PID=2649) to work on /home/ubuntu/airflow-venv/lib/python3.12/site-packages/airflow/example_dags/subdags/subdag.py
[2026-02-25T04:55:29.402+0000] {processor.py:914} INFO - Processing file /home/ubuntu/airflow-venv/lib/python3.12/site-packages/airflow/example_dags/subdags/subdag.py for tasks to queue
[2026-02-25T04:55:29.403+0000] {logging_mixin.py:190} INFO - [2026-02-25T04:55:29.403+0000] {dagbag.py:588} INFO - Filling up the DagBag from /home/ubuntu/airflow-venv/lib/python3.12/site-packages/airflow/example_dags/subdags/subdag.py
[2026-02-25T04:55:29.404+0000] {processor.py:927} WARNING - No viable dags retrieved from /home/ubuntu/airflow-venv/lib/python3.12/site-packages/airflow/example_dags/subdags/subdag.py
[2026-02-25T04:55:29.411+0000] {processor.py:208} INFO - Processing /home/ubuntu/airflow-venv/lib/python3.12/site-packages/airflow/example_dags/subdags/subdag.py took 0.014 seconds
[2026-02-25T04:56:18.749+0000] {processor.py:186} INFO - Started process (PID=2703) to work on /home/ubuntu/airflow-venv/lib/python3.12/site-packages/airflow/example_dags/subdags/subdag.py
[2026-02-25T04:56:18.750+0000] {processor.py:914} INFO - Processing file /home/ubuntu/airflow-venv/lib/python3.12/site-packages/airflow/example_dags/subdags/subdag.py for tasks to queue
[2026-02-25T04:56:18.751+0000] {logging_mixin.py:190} INFO - [2026-02-25T04:56:18.751+0000] {dagbag.py:588} INFO - Filling up the DagBag from /home/ubuntu/airflow-venv/lib/python3.12/site-packages/airflow/example_dags/subdags/subdag.py
[2026-02-25T04:56:18.753+0000] {processor.py:927} WARNING - No viable dags retrieved from /home/ubuntu/airflow-venv/lib/python3.12/site-packages/airflow/example_dags/subdags/subdag.py
[2026-02-25T04:56:18.759+0000] {processor.py:208} INFO - Processing /home/ubuntu/airflow-venv/lib/python3.12/site-packages/airflow/example_dags/subdags/subdag.py took 0.014 seconds
[2026-02-25T04:57:05.857+0000] {processor.py:186} INFO - Started process (PID=2762) to work on /home/ubuntu/airflow-venv/lib/python3.12/site-packages/airflow/example_dags/subdags/subdag.py
[2026-02-25T04:57:05.858+0000] {processor.py:914} INFO - Processing file /home/ubuntu/airflow-venv/lib/python3.12/site-packages/airflow/example_dags/subdags/subdag.py for tasks to queue
[2026-02-25T04:57:05.860+0000] {logging_mixin.py:190} INFO - [2026-02-25T04:57:05.859+0000] {dagbag.py:588} INFO - Filling up the DagBag from /home/ubuntu/airflow-venv/lib/python3.12/site-packages/airflow/example_dags/subdags/subdag.py
[2026-02-25T04:57:05.861+0000] {processor.py:927} WARNING - No viable dags retrieved from /home/ubuntu/airflow-venv/lib/python3.12/site-packages/airflow/example_dags/subdags/subdag.py
[2026-02-25T04:57:05.868+0000] {processor.py:208} INFO - Processing /home/ubuntu/airflow-venv/lib/python3.12/site-packages/airflow/example_dags/subdags/subdag.py took 0.014 seconds
[2026-02-25T04:57:57.576+0000] {processor.py:186} INFO - Started process (PID=3178) to work on /home/ubuntu/airflow-venv/lib/python3.12/site-packages/airflow/example_dags/subdags/subdag.py
[2026-02-25T04:57:57.578+0000] {processor.py:914} INFO - Processing file /home/ubuntu/airflow-venv/lib/python3.12/site-packages/airflow/example_dags/subdags/subdag.py for tasks to queue
[2026-02-25T04:57:57.579+0000] {logging_mixin.py:190} INFO - [2026-02-25T04:57:57.579+0000] {dagbag.py:588} INFO - Filling up the DagBag from /home/ubuntu/airflow-venv/lib/python3.12/site-packages/airflow/example_dags/subdags/subdag.py
[2026-02-25T04:57:57.580+0000] {processor.py:927} WARNING - No viable dags retrieved from /home/ubuntu/airflow-venv/lib/python3.12/site-packages/airflow/example_dags/subdags/subdag.py
[2026-02-25T04:57:57.587+0000] {processor.py:208} INFO - Processing /home/ubuntu/airflow-venv/lib/python3.12/site-packages/airflow/example_dags/subdags/subdag.py took 0.014 seconds
[2026-02-25T04:58:48.234+0000] {processor.py:186} INFO - Started process (PID=3234) to work on /home/ubuntu/airflow-venv/lib/python3.12/site-packages/airflow/example_dags/subdags/subdag.py
[2026-02-25T04:58:48.235+0000] {processor.py:914} INFO - Processing file /home/ubuntu/airflow-venv/lib/python3.12/site-packages/airflow/example_dags/subdags/subdag.py for tasks to queue
[2026-02-25T04:58:48.236+0000] {logging_mixin.py:190} INFO - [2026-02-25T04:58:48.236+0000] {dagbag.py:588} INFO - Filling up the DagBag from /home/ubuntu/airflow-venv/lib/python3.12/site-packages/airflow/example_dags/subdags/subdag.py
[2026-02-25T04:58:48.237+0000] {processor.py:927} WARNING - No viable dags retrieved from /home/ubuntu/airflow-venv/lib/python3.12/site-packages/airflow/example_dags/subdags/subdag.py
[2026-02-25T04:58:48.244+0000] {processor.py:208} INFO - Processing /home/ubuntu/airflow-venv/lib/python3.12/site-packages/airflow/example_dags/subdags/subdag.py took 0.014 seconds
[2026-02-25T04:59:37.089+0000] {processor.py:186} INFO - Started process (PID=3287) to work on /home/ubuntu/airflow-venv/lib/python3.12/site-packages/airflow/example_dags/subdags/subdag.py
[2026-02-25T04:59:37.091+0000] {processor.py:914} INFO - Processing file /home/ubuntu/airflow-venv/lib/python3.12/site-packages/airflow/example_dags/subdags/subdag.py for tasks to queue
[2026-02-25T04:59:37.092+0000] {logging_mixin.py:190} INFO - [2026-02-25T04:59:37.092+0000] {dagbag.py:588} INFO - Filling up the DagBag from /home/ubuntu/airflow-venv/lib/python3.12/site-packages/airflow/example_dags/subdags/subdag.py
[2026-02-25T04:59:37.093+0000] {processor.py:927} WARNING - No viable dags retrieved from /home/ubuntu/airflow-venv/lib/python3.12/site-packages/airflow/example_dags/subdags/subdag.py
[2026-02-25T04:59:37.100+0000] {processor.py:208} INFO - Processing /home/ubuntu/airflow-venv/lib/python3.12/site-packages/airflow/example_dags/subdags/subdag.py took 0.015 seconds
[2026-02-25T05:00:32.266+0000] {processor.py:186} INFO - Started process (PID=3344) to work on /home/ubuntu/airflow-venv/lib/python3.12/site-packages/airflow/example_dags/subdags/subdag.py
[2026-02-25T05:00:32.267+0000] {processor.py:914} INFO - Processing file /home/ubuntu/airflow-venv/lib/python3.12/site-packages/airflow/example_dags/subdags/subdag.py for tasks to queue
[2026-02-25T05:00:32.269+0000] {logging_mixin.py:190} INFO - [2026-02-25T05:00:32.269+0000] {dagbag.py:588} INFO - Filling up the DagBag from /home/ubuntu/airflow-venv/lib/python3.12/site-packages/airflow/example_dags/subdags/subdag.py
[2026-02-25T05:00:32.270+0000] {processor.py:927} WARNING - No viable dags retrieved from /home/ubuntu/airflow-venv/lib/python3.12/site-packages/airflow/example_dags/subdags/subdag.py
[2026-02-25T05:00:32.277+0000] {processor.py:208} INFO - Processing /home/ubuntu/airflow-venv/lib/python3.12/site-packages/airflow/example_dags/subdags/subdag.py took 0.015 seconds
[2026-02-25T05:01:24.907+0000] {processor.py:186} INFO - Started process (PID=3404) to work on /home/ubuntu/airflow-venv/lib/python3.12/site-packages/airflow/example_dags/subdags/subdag.py
[2026-02-25T05:01:24.909+0000] {processor.py:914} INFO - Processing file /home/ubuntu/airflow-venv/lib/python3.12/site-packages/airflow/example_dags/subdags/subdag.py for tasks to queue
[2026-02-25T05:01:24.910+0000] {logging_mixin.py:190} INFO - [2026-02-25T05:01:24.910+0000] {dagbag.py:588} INFO - Filling up the DagBag from /home/ubuntu/airflow-venv/lib/python3.12/site-packages/airflow/example_dags/subdags/subdag.py
[2026-02-25T05:01:24.911+0000] {processor.py:927} WARNING - No viable dags retrieved from /home/ubuntu/airflow-venv/lib/python3.12/site-packages/airflow/example_dags/subdags/subdag.py
[2026-02-25T05:01:24.918+0000] {processor.py:208} INFO - Processing /home/ubuntu/airflow-venv/lib/python3.12/site-packages/airflow/example_dags/subdags/subdag.py took 0.014 seconds
[2026-02-25T05:02:13.850+0000] {processor.py:186} INFO - Started process (PID=3456) to work on /home/ubuntu/airflow-venv/lib/python3.12/site-packages/airflow/example_dags/subdags/subdag.py
[2026-02-25T05:02:13.851+0000] {processor.py:914} INFO - Processing file /home/ubuntu/airflow-venv/lib/python3.12/site-packages/airflow/example_dags/subdags/subdag.py for tasks to queue
[2026-02-25T05:02:13.853+0000] {logging_mixin.py:190} INFO - [2026-02-25T05:02:13.852+0000] {dagbag.py:588} INFO - Filling up the DagBag from /home/ubuntu/airflow-venv/lib/python3.12/site-packages/airflow/example_dags/subdags/subdag.py
[2026-02-25T05:02:13.854+0000] {processor.py:927} WARNING - No viable dags retrieved from /home/ubuntu/airflow-venv/lib/python3.12/site-packages/airflow/example_dags/subdags/subdag.py
[2026-02-25T05:02:13.861+0000] {processor.py:208} INFO - Processing /home/ubuntu/airflow-venv/lib/python3.12/site-packages/airflow/example_dags/subdags/subdag.py took 0.014 seconds
[2026-02-25T05:03:04.056+0000] {processor.py:186} INFO - Started process (PID=3509) to work on /home/ubuntu/airflow-venv/lib/python3.12/site-packages/airflow/example_dags/subdags/subdag.py
[2026-02-25T05:03:04.057+0000] {processor.py:914} INFO - Processing file /home/ubuntu/airflow-venv/lib/python3.12/site-packages/airflow/example_dags/subdags/subdag.py for tasks to queue
[2026-02-25T05:03:04.059+0000] {logging_mixin.py:190} INFO - [2026-02-25T05:03:04.058+0000] {dagbag.py:588} INFO - Filling up the DagBag from /home/ubuntu/airflow-venv/lib/python3.12/site-packages/airflow/example_dags/subdags/subdag.py
[2026-02-25T05:03:04.060+0000] {processor.py:927} WARNING - No viable dags retrieved from /home/ubuntu/airflow-venv/lib/python3.12/site-packages/airflow/example_dags/subdags/subdag.py
[2026-02-25T05:03:04.066+0000] {processor.py:208} INFO - Processing /home/ubuntu/airflow-venv/lib/python3.12/site-packages/airflow/example_dags/subdags/subdag.py took 0.014 seconds
[2026-02-25T05:03:52.277+0000] {processor.py:186} INFO - Started process (PID=3561) to work on /home/ubuntu/airflow-venv/lib/python3.12/site-packages/airflow/example_dags/subdags/subdag.py
[2026-02-25T05:03:52.278+0000] {processor.py:914} INFO - Processing file /home/ubuntu/airflow-venv/lib/python3.12/site-packages/airflow/example_dags/subdags/subdag.py for tasks to queue
[2026-02-25T05:03:52.280+0000] {logging_mixin.py:190} INFO - [2026-02-25T05:03:52.280+0000] {dagbag.py:588} INFO - Filling up the DagBag from /home/ubuntu/airflow-venv/lib/python3.12/site-packages/airflow/example_dags/subdags/subdag.py
[2026-02-25T05:03:52.281+0000] {processor.py:927} WARNING - No viable dags retrieved from /home/ubuntu/airflow-venv/lib/python3.12/site-packages/airflow/example_dags/subdags/subdag.py
[2026-02-25T05:03:52.288+0000] {processor.py:208} INFO - Processing /home/ubuntu/airflow-venv/lib/python3.12/site-packages/airflow/example_dags/subdags/subdag.py took 0.015 seconds
[2026-02-25T05:04:40.668+0000] {processor.py:186} INFO - Started process (PID=3612) to work on /home/ubuntu/airflow-venv/lib/python3.12/site-packages/airflow/example_dags/subdags/subdag.py
[2026-02-25T05:04:40.669+0000] {processor.py:914} INFO - Processing file /home/ubuntu/airflow-venv/lib/python3.12/site-packages/airflow/example_dags/subdags/subdag.py for tasks to queue
[2026-02-25T05:04:40.670+0000] {logging_mixin.py:190} INFO - [2026-02-25T05:04:40.670+0000] {dagbag.py:588} INFO - Filling up the DagBag from /home/ubuntu/airflow-venv/lib/python3.12/site-packages/airflow/example_dags/subdags/subdag.py
[2026-02-25T05:04:40.671+0000] {processor.py:927} WARNING - No viable dags retrieved from /home/ubuntu/airflow-venv/lib/python3.12/site-packages/airflow/example_dags/subdags/subdag.py
[2026-02-25T05:04:40.678+0000] {processor.py:208} INFO - Processing /home/ubuntu/airflow-venv/lib/python3.12/site-packages/airflow/example_dags/subdags/subdag.py took 0.014 seconds
[2026-02-25T05:05:29.020+0000] {processor.py:186} INFO - Started process (PID=3667) to work on /home/ubuntu/airflow-venv/lib/python3.12/site-packages/airflow/example_dags/subdags/subdag.py
[2026-02-25T05:05:29.021+0000] {processor.py:914} INFO - Processing file /home/ubuntu/airflow-venv/lib/python3.12/site-packages/airflow/example_dags/subdags/subdag.py for tasks to queue
[2026-02-25T05:05:29.023+0000] {logging_mixin.py:190} INFO - [2026-02-25T05:05:29.022+0000] {dagbag.py:588} INFO - Filling up the DagBag from /home/ubuntu/airflow-venv/lib/python3.12/site-packages/airflow/example_dags/subdags/subdag.py
[2026-02-25T05:05:29.024+0000] {processor.py:927} WARNING - No viable dags retrieved from /home/ubuntu/airflow-venv/lib/python3.12/site-packages/airflow/example_dags/subdags/subdag.py
[2026-02-25T05:05:29.031+0000] {processor.py:208} INFO - Processing /home/ubuntu/airflow-venv/lib/python3.12/site-packages/airflow/example_dags/subdags/subdag.py took 0.014 seconds
[2026-02-25T05:06:20.132+0000] {processor.py:186} INFO - Started process (PID=3718) to work on /home/ubuntu/airflow-venv/lib/python3.12/site-packages/airflow/example_dags/subdags/subdag.py
[2026-02-25T05:06:20.134+0000] {processor.py:914} INFO - Processing file /home/ubuntu/airflow-venv/lib/python3.12/site-packages/airflow/example_dags/subdags/subdag.py for tasks to queue
[2026-02-25T05:06:20.135+0000] {logging_mixin.py:190} INFO - [2026-02-25T05:06:20.135+0000] {dagbag.py:588} INFO - Filling up the DagBag from /home/ubuntu/airflow-venv/lib/python3.12/site-packages/airflow/example_dags/subdags/subdag.py
[2026-02-25T05:06:20.136+0000] {processor.py:927} WARNING - No viable dags retrieved from /home/ubuntu/airflow-venv/lib/python3.12/site-packages/airflow/example_dags/subdags/subdag.py
[2026-02-25T05:06:20.143+0000] {processor.py:208} INFO - Processing /home/ubuntu/airflow-venv/lib/python3.12/site-packages/airflow/example_dags/subdags/subdag.py took 0.014 seconds
[2026-02-25T05:07:08.856+0000] {processor.py:186} INFO - Started process (PID=3774) to work on /home/ubuntu/airflow-venv/lib/python3.12/site-packages/airflow/example_dags/subdags/subdag.py
[2026-02-25T05:07:08.857+0000] {processor.py:914} INFO - Processing file /home/ubuntu/airflow-venv/lib/python3.12/site-packages/airflow/example_dags/subdags/subdag.py for tasks to queue
[2026-02-25T05:07:08.858+0000] {logging_mixin.py:190} INFO - [2026-02-25T05:07:08.858+0000] {dagbag.py:588} INFO - Filling up the DagBag from /home/ubuntu/airflow-venv/lib/python3.12/site-packages/airflow/example_dags/subdags/subdag.py
[2026-02-25T05:07:08.860+0000] {processor.py:927} WARNING - No viable dags retrieved from /home/ubuntu/airflow-venv/lib/python3.12/site-packages/airflow/example_dags/subdags/subdag.py
[2026-02-25T05:07:08.866+0000] {processor.py:208} INFO - Processing /home/ubuntu/airflow-venv/lib/python3.12/site-packages/airflow/example_dags/subdags/subdag.py took 0.014 seconds
[2026-02-25T05:07:59.001+0000] {processor.py:186} INFO - Started process (PID=3827) to work on /home/ubuntu/airflow-venv/lib/python3.12/site-packages/airflow/example_dags/subdags/subdag.py
[2026-02-25T05:07:59.002+0000] {processor.py:914} INFO - Processing file /home/ubuntu/airflow-venv/lib/python3.12/site-packages/airflow/example_dags/subdags/subdag.py for tasks to queue
[2026-02-25T05:07:59.003+0000] {logging_mixin.py:190} INFO - [2026-02-25T05:07:59.003+0000] {dagbag.py:588} INFO - Filling up the DagBag from /home/ubuntu/airflow-venv/lib/python3.12/site-packages/airflow/example_dags/subdags/subdag.py
[2026-02-25T05:07:59.004+0000] {processor.py:927} WARNING - No viable dags retrieved from /home/ubuntu/airflow-venv/lib/python3.12/site-packages/airflow/example_dags/subdags/subdag.py
[2026-02-25T05:07:59.011+0000] {processor.py:208} INFO - Processing /home/ubuntu/airflow-venv/lib/python3.12/site-packages/airflow/example_dags/subdags/subdag.py took 0.014 seconds
[2026-02-25T05:08:46.581+0000] {processor.py:186} INFO - Started process (PID=3877) to work on /home/ubuntu/airflow-venv/lib/python3.12/site-packages/airflow/example_dags/subdags/subdag.py
[2026-02-25T05:08:46.582+0000] {processor.py:914} INFO - Processing file /home/ubuntu/airflow-venv/lib/python3.12/site-packages/airflow/example_dags/subdags/subdag.py for tasks to queue
[2026-02-25T05:08:46.584+0000] {logging_mixin.py:190} INFO - [2026-02-25T05:08:46.583+0000] {dagbag.py:588} INFO - Filling up the DagBag from /home/ubuntu/airflow-venv/lib/python3.12/site-packages/airflow/example_dags/subdags/subdag.py
[2026-02-25T05:08:46.585+0000] {processor.py:927} WARNING - No viable dags retrieved from /home/ubuntu/airflow-venv/lib/python3.12/site-packages/airflow/example_dags/subdags/subdag.py
[2026-02-25T05:08:46.592+0000] {processor.py:208} INFO - Processing /home/ubuntu/airflow-venv/lib/python3.12/site-packages/airflow/example_dags/subdags/subdag.py took 0.014 seconds
[2026-02-25T05:09:34.333+0000] {processor.py:186} INFO - Started process (PID=3928) to work on /home/ubuntu/airflow-venv/lib/python3.12/site-packages/airflow/example_dags/subdags/subdag.py
[2026-02-25T05:09:34.334+0000] {processor.py:914} INFO - Processing file /home/ubuntu/airflow-venv/lib/python3.12/site-packages/airflow/example_dags/subdags/subdag.py for tasks to queue
[2026-02-25T05:09:34.335+0000] {logging_mixin.py:190} INFO - [2026-02-25T05:09:34.335+0000] {dagbag.py:588} INFO - Filling up the DagBag from /home/ubuntu/airflow-venv/lib/python3.12/site-packages/airflow/example_dags/subdags/subdag.py
[2026-02-25T05:09:34.337+0000] {processor.py:927} WARNING - No viable dags retrieved from /home/ubuntu/airflow-venv/lib/python3.12/site-packages/airflow/example_dags/subdags/subdag.py
[2026-02-25T05:09:34.343+0000] {processor.py:208} INFO - Processing /home/ubuntu/airflow-venv/lib/python3.12/site-packages/airflow/example_dags/subdags/subdag.py took 0.014 seconds
[2026-02-25T05:10:24.368+0000] {processor.py:186} INFO - Started process (PID=3980) to work on /home/ubuntu/airflow-venv/lib/python3.12/site-packages/airflow/example_dags/subdags/subdag.py
[2026-02-25T05:10:24.369+0000] {processor.py:914} INFO - Processing file /home/ubuntu/airflow-venv/lib/python3.12/site-packages/airflow/example_dags/subdags/subdag.py for tasks to queue
[2026-02-25T05:10:24.371+0000] {logging_mixin.py:190} INFO - [2026-02-25T05:10:24.371+0000] {dagbag.py:588} INFO - Filling up the DagBag from /home/ubuntu/airflow-venv/lib/python3.12/site-packages/airflow/example_dags/subdags/subdag.py
[2026-02-25T05:10:24.372+0000] {processor.py:927} WARNING - No viable dags retrieved from /home/ubuntu/airflow-venv/lib/python3.12/site-packages/airflow/example_dags/subdags/subdag.py
[2026-02-25T05:10:24.379+0000] {processor.py:208} INFO - Processing /home/ubuntu/airflow-venv/lib/python3.12/site-packages/airflow/example_dags/subdags/subdag.py took 0.014 seconds
[2026-02-25T05:11:15.616+0000] {processor.py:186} INFO - Started process (PID=4037) to work on /home/ubuntu/airflow-venv/lib/python3.12/site-packages/airflow/example_dags/subdags/subdag.py
[2026-02-25T05:11:15.617+0000] {processor.py:914} INFO - Processing file /home/ubuntu/airflow-venv/lib/python3.12/site-packages/airflow/example_dags/subdags/subdag.py for tasks to queue
[2026-02-25T05:11:15.618+0000] {logging_mixin.py:190} INFO - [2026-02-25T05:11:15.618+0000] {dagbag.py:588} INFO - Filling up the DagBag from /home/ubuntu/airflow-venv/lib/python3.12/site-packages/airflow/example_dags/subdags/subdag.py
[2026-02-25T05:11:15.620+0000] {processor.py:927} WARNING - No viable dags retrieved from /home/ubuntu/airflow-venv/lib/python3.12/site-packages/airflow/example_dags/subdags/subdag.py
[2026-02-25T05:11:15.627+0000] {processor.py:208} INFO - Processing /home/ubuntu/airflow-venv/lib/python3.12/site-packages/airflow/example_dags/subdags/subdag.py took 0.015 seconds
[2026-02-25T05:12:06.251+0000] {processor.py:186} INFO - Started process (PID=4091) to work on /home/ubuntu/airflow-venv/lib/python3.12/site-packages/airflow/example_dags/subdags/subdag.py
[2026-02-25T05:12:06.252+0000] {processor.py:914} INFO - Processing file /home/ubuntu/airflow-venv/lib/python3.12/site-packages/airflow/example_dags/subdags/subdag.py for tasks to queue
[2026-02-25T05:12:06.253+0000] {logging_mixin.py:190} INFO - [2026-02-25T05:12:06.253+0000] {dagbag.py:588} INFO - Filling up the DagBag from /home/ubuntu/airflow-venv/lib/python3.12/site-packages/airflow/example_dags/subdags/subdag.py
[2026-02-25T05:12:06.254+0000] {processor.py:927} WARNING - No viable dags retrieved from /home/ubuntu/airflow-venv/lib/python3.12/site-packages/airflow/example_dags/subdags/subdag.py
[2026-02-25T05:12:06.261+0000] {processor.py:208} INFO - Processing /home/ubuntu/airflow-venv/lib/python3.12/site-packages/airflow/example_dags/subdags/subdag.py took 0.014 seconds
[2026-02-25T05:12:56.610+0000] {processor.py:186} INFO - Started process (PID=4143) to work on /home/ubuntu/airflow-venv/lib/python3.12/site-packages/airflow/example_dags/subdags/subdag.py
[2026-02-25T05:12:56.611+0000] {processor.py:914} INFO - Processing file /home/ubuntu/airflow-venv/lib/python3.12/site-packages/airflow/example_dags/subdags/subdag.py for tasks to queue
[2026-02-25T05:12:56.613+0000] {logging_mixin.py:190} INFO - [2026-02-25T05:12:56.612+0000] {dagbag.py:588} INFO - Filling up the DagBag from /home/ubuntu/airflow-venv/lib/python3.12/site-packages/airflow/example_dags/subdags/subdag.py
[2026-02-25T05:12:56.614+0000] {processor.py:927} WARNING - No viable dags retrieved from /home/ubuntu/airflow-venv/lib/python3.12/site-packages/airflow/example_dags/subdags/subdag.py
[2026-02-25T05:12:56.621+0000] {processor.py:208} INFO - Processing /home/ubuntu/airflow-venv/lib/python3.12/site-packages/airflow/example_dags/subdags/subdag.py took 0.014 seconds
[2026-02-25T05:13:44.975+0000] {processor.py:186} INFO - Started process (PID=4194) to work on /home/ubuntu/airflow-venv/lib/python3.12/site-packages/airflow/example_dags/subdags/subdag.py
[2026-02-25T05:13:44.976+0000] {processor.py:914} INFO - Processing file /home/ubuntu/airflow-venv/lib/python3.12/site-packages/airflow/example_dags/subdags/subdag.py for tasks to queue
[2026-02-25T05:13:44.977+0000] {logging_mixin.py:190} INFO - [2026-02-25T05:13:44.977+0000] {dagbag.py:588} INFO - Filling up the DagBag from /home/ubuntu/airflow-venv/lib/python3.12/site-packages/airflow/example_dags/subdags/subdag.py
[2026-02-25T05:13:44.979+0000] {processor.py:927} WARNING - No viable dags retrieved from /home/ubuntu/airflow-venv/lib/python3.12/site-packages/airflow/example_dags/subdags/subdag.py
[2026-02-25T05:13:44.986+0000] {processor.py:208} INFO - Processing /home/ubuntu/airflow-venv/lib/python3.12/site-packages/airflow/example_dags/subdags/subdag.py took 0.014 seconds
[2026-02-25T05:14:35.316+0000] {processor.py:186} INFO - Started process (PID=4247) to work on /home/ubuntu/airflow-venv/lib/python3.12/site-packages/airflow/example_dags/subdags/subdag.py
[2026-02-25T05:14:35.317+0000] {processor.py:914} INFO - Processing file /home/ubuntu/airflow-venv/lib/python3.12/site-packages/airflow/example_dags/subdags/subdag.py for tasks to queue
[2026-02-25T05:14:35.318+0000] {logging_mixin.py:190} INFO - [2026-02-25T05:14:35.318+0000] {dagbag.py:588} INFO - Filling up the DagBag from /home/ubuntu/airflow-venv/lib/python3.12/site-packages/airflow/example_dags/subdags/subdag.py
[2026-02-25T05:14:35.320+0000] {processor.py:927} WARNING - No viable dags retrieved from /home/ubuntu/airflow-venv/lib/python3.12/site-packages/airflow/example_dags/subdags/subdag.py
[2026-02-25T05:14:35.326+0000] {processor.py:208} INFO - Processing /home/ubuntu/airflow-venv/lib/python3.12/site-packages/airflow/example_dags/subdags/subdag.py took 0.014 seconds
[2026-02-25T05:15:24.401+0000] {processor.py:186} INFO - Started process (PID=4300) to work on /home/ubuntu/airflow-venv/lib/python3.12/site-packages/airflow/example_dags/subdags/subdag.py
[2026-02-25T05:15:24.402+0000] {processor.py:914} INFO - Processing file /home/ubuntu/airflow-venv/lib/python3.12/site-packages/airflow/example_dags/subdags/subdag.py for tasks to queue
[2026-02-25T05:15:24.404+0000] {logging_mixin.py:190} INFO - [2026-02-25T05:15:24.403+0000] {dagbag.py:588} INFO - Filling up the DagBag from /home/ubuntu/airflow-venv/lib/python3.12/site-packages/airflow/example_dags/subdags/subdag.py
[2026-02-25T05:15:24.405+0000] {processor.py:927} WARNING - No viable dags retrieved from /home/ubuntu/airflow-venv/lib/python3.12/site-packages/airflow/example_dags/subdags/subdag.py
[2026-02-25T05:15:24.412+0000] {processor.py:208} INFO - Processing /home/ubuntu/airflow-venv/lib/python3.12/site-packages/airflow/example_dags/subdags/subdag.py took 0.015 seconds
[2026-02-25T05:16:14.610+0000] {processor.py:186} INFO - Started process (PID=4355) to work on /home/ubuntu/airflow-venv/lib/python3.12/site-packages/airflow/example_dags/subdags/subdag.py
[2026-02-25T05:16:14.611+0000] {processor.py:914} INFO - Processing file /home/ubuntu/airflow-venv/lib/python3.12/site-packages/airflow/example_dags/subdags/subdag.py for tasks to queue
[2026-02-25T05:16:14.612+0000] {logging_mixin.py:190} INFO - [2026-02-25T05:16:14.612+0000] {dagbag.py:588} INFO - Filling up the DagBag from /home/ubuntu/airflow-venv/lib/python3.12/site-packages/airflow/example_dags/subdags/subdag.py
[2026-02-25T05:16:14.614+0000] {processor.py:927} WARNING - No viable dags retrieved from /home/ubuntu/airflow-venv/lib/python3.12/site-packages/airflow/example_dags/subdags/subdag.py
[2026-02-25T05:16:14.621+0000] {processor.py:208} INFO - Processing /home/ubuntu/airflow-venv/lib/python3.12/site-packages/airflow/example_dags/subdags/subdag.py took 0.015 seconds
[2026-02-25T05:17:05.933+0000] {processor.py:186} INFO - Started process (PID=4411) to work on /home/ubuntu/airflow-venv/lib/python3.12/site-packages/airflow/example_dags/subdags/subdag.py
[2026-02-25T05:17:05.934+0000] {processor.py:914} INFO - Processing file /home/ubuntu/airflow-venv/lib/python3.12/site-packages/airflow/example_dags/subdags/subdag.py for tasks to queue
[2026-02-25T05:17:05.935+0000] {logging_mixin.py:190} INFO - [2026-02-25T05:17:05.935+0000] {dagbag.py:588} INFO - Filling up the DagBag from /home/ubuntu/airflow-venv/lib/python3.12/site-packages/airflow/example_dags/subdags/subdag.py
[2026-02-25T05:17:05.936+0000] {processor.py:927} WARNING - No viable dags retrieved from /home/ubuntu/airflow-venv/lib/python3.12/site-packages/airflow/example_dags/subdags/subdag.py
[2026-02-25T05:17:05.943+0000] {processor.py:208} INFO - Processing /home/ubuntu/airflow-venv/lib/python3.12/site-packages/airflow/example_dags/subdags/subdag.py took 0.014 seconds
[2026-02-25T05:17:54.443+0000] {processor.py:186} INFO - Started process (PID=4465) to work on /home/ubuntu/airflow-venv/lib/python3.12/site-packages/airflow/example_dags/subdags/subdag.py
[2026-02-25T05:17:54.444+0000] {processor.py:914} INFO - Processing file /home/ubuntu/airflow-venv/lib/python3.12/site-packages/airflow/example_dags/subdags/subdag.py for tasks to queue
[2026-02-25T05:17:54.446+0000] {logging_mixin.py:190} INFO - [2026-02-25T05:17:54.445+0000] {dagbag.py:588} INFO - Filling up the DagBag from /home/ubuntu/airflow-venv/lib/python3.12/site-packages/airflow/example_dags/subdags/subdag.py
[2026-02-25T05:17:54.447+0000] {processor.py:927} WARNING - No viable dags retrieved from /home/ubuntu/airflow-venv/lib/python3.12/site-packages/airflow/example_dags/subdags/subdag.py
[2026-02-25T05:17:54.454+0000] {processor.py:208} INFO - Processing /home/ubuntu/airflow-venv/lib/python3.12/site-packages/airflow/example_dags/subdags/subdag.py took 0.014 seconds
[2026-02-25T05:18:43.026+0000] {processor.py:186} INFO - Started process (PID=4515) to work on /home/ubuntu/airflow-venv/lib/python3.12/site-packages/airflow/example_dags/subdags/subdag.py
[2026-02-25T05:18:43.027+0000] {processor.py:914} INFO - Processing file /home/ubuntu/airflow-venv/lib/python3.12/site-packages/airflow/example_dags/subdags/subdag.py for tasks to queue
[2026-02-25T05:18:43.029+0000] {logging_mixin.py:190} INFO - [2026-02-25T05:18:43.029+0000] {dagbag.py:588} INFO - Filling up the DagBag from /home/ubuntu/airflow-venv/lib/python3.12/site-packages/airflow/example_dags/subdags/subdag.py
[2026-02-25T05:18:43.030+0000] {processor.py:927} WARNING - No viable dags retrieved from /home/ubuntu/airflow-venv/lib/python3.12/site-packages/airflow/example_dags/subdags/subdag.py
[2026-02-25T05:18:43.037+0000] {processor.py:208} INFO - Processing /home/ubuntu/airflow-venv/lib/python3.12/site-packages/airflow/example_dags/subdags/subdag.py took 0.014 seconds
[2026-02-25T05:19:33.001+0000] {processor.py:186} INFO - Started process (PID=4568) to work on /home/ubuntu/airflow-venv/lib/python3.12/site-packages/airflow/example_dags/subdags/subdag.py
[2026-02-25T05:19:33.003+0000] {processor.py:914} INFO - Processing file /home/ubuntu/airflow-venv/lib/python3.12/site-packages/airflow/example_dags/subdags/subdag.py for tasks to queue
[2026-02-25T05:19:33.004+0000] {logging_mixin.py:190} INFO - [2026-02-25T05:19:33.004+0000] {dagbag.py:588} INFO - Filling up the DagBag from /home/ubuntu/airflow-venv/lib/python3.12/site-packages/airflow/example_dags/subdags/subdag.py
[2026-02-25T05:19:33.005+0000] {processor.py:927} WARNING - No viable dags retrieved from /home/ubuntu/airflow-venv/lib/python3.12/site-packages/airflow/example_dags/subdags/subdag.py
[2026-02-25T05:19:33.012+0000] {processor.py:208} INFO - Processing /home/ubuntu/airflow-venv/lib/python3.12/site-packages/airflow/example_dags/subdags/subdag.py took 0.014 seconds
[2026-02-25T08:22:23.302+0000] {processor.py:186} INFO - Started process (PID=2246) to work on /home/ubuntu/airflow-venv/lib/python3.12/site-packages/airflow/example_dags/subdags/subdag.py
[2026-02-25T08:22:23.304+0000] {processor.py:914} INFO - Processing file /home/ubuntu/airflow-venv/lib/python3.12/site-packages/airflow/example_dags/subdags/subdag.py for tasks to queue
[2026-02-25T08:22:23.305+0000] {logging_mixin.py:190} INFO - [2026-02-25T08:22:23.305+0000] {dagbag.py:588} INFO - Filling up the DagBag from /home/ubuntu/airflow-venv/lib/python3.12/site-packages/airflow/example_dags/subdags/subdag.py
[2026-02-25T08:22:23.306+0000] {processor.py:927} WARNING - No viable dags retrieved from /home/ubuntu/airflow-venv/lib/python3.12/site-packages/airflow/example_dags/subdags/subdag.py
[2026-02-25T08:22:23.313+0000] {processor.py:208} INFO - Processing /home/ubuntu/airflow-venv/lib/python3.12/site-packages/airflow/example_dags/subdags/subdag.py took 0.014 seconds
[2026-02-25T08:23:17.722+0000] {processor.py:186} INFO - Started process (PID=2678) to work on /home/ubuntu/airflow-venv/lib/python3.12/site-packages/airflow/example_dags/subdags/subdag.py
[2026-02-25T08:23:17.723+0000] {processor.py:914} INFO - Processing file /home/ubuntu/airflow-venv/lib/python3.12/site-packages/airflow/example_dags/subdags/subdag.py for tasks to queue
[2026-02-25T08:23:17.724+0000] {logging_mixin.py:190} INFO - [2026-02-25T08:23:17.724+0000] {dagbag.py:588} INFO - Filling up the DagBag from /home/ubuntu/airflow-venv/lib/python3.12/site-packages/airflow/example_dags/subdags/subdag.py
[2026-02-25T08:23:17.726+0000] {processor.py:927} WARNING - No viable dags retrieved from /home/ubuntu/airflow-venv/lib/python3.12/site-packages/airflow/example_dags/subdags/subdag.py
[2026-02-25T08:23:17.732+0000] {processor.py:208} INFO - Processing /home/ubuntu/airflow-venv/lib/python3.12/site-packages/airflow/example_dags/subdags/subdag.py took 0.014 seconds
[2026-02-25T08:24:05.656+0000] {processor.py:186} INFO - Started process (PID=2738) to work on /home/ubuntu/airflow-venv/lib/python3.12/site-packages/airflow/example_dags/subdags/subdag.py
[2026-02-25T08:24:05.658+0000] {processor.py:914} INFO - Processing file /home/ubuntu/airflow-venv/lib/python3.12/site-packages/airflow/example_dags/subdags/subdag.py for tasks to queue
[2026-02-25T08:24:05.659+0000] {logging_mixin.py:190} INFO - [2026-02-25T08:24:05.659+0000] {dagbag.py:588} INFO - Filling up the DagBag from /home/ubuntu/airflow-venv/lib/python3.12/site-packages/airflow/example_dags/subdags/subdag.py
[2026-02-25T08:24:05.660+0000] {processor.py:927} WARNING - No viable dags retrieved from /home/ubuntu/airflow-venv/lib/python3.12/site-packages/airflow/example_dags/subdags/subdag.py
[2026-02-25T08:24:05.667+0000] {processor.py:208} INFO - Processing /home/ubuntu/airflow-venv/lib/python3.12/site-packages/airflow/example_dags/subdags/subdag.py took 0.014 seconds
[2026-02-25T08:24:51.901+0000] {processor.py:186} INFO - Started process (PID=2788) to work on /home/ubuntu/airflow-venv/lib/python3.12/site-packages/airflow/example_dags/subdags/subdag.py
[2026-02-25T08:24:51.902+0000] {processor.py:914} INFO - Processing file /home/ubuntu/airflow-venv/lib/python3.12/site-packages/airflow/example_dags/subdags/subdag.py for tasks to queue
[2026-02-25T08:24:51.904+0000] {logging_mixin.py:190} INFO - [2026-02-25T08:24:51.903+0000] {dagbag.py:588} INFO - Filling up the DagBag from /home/ubuntu/airflow-venv/lib/python3.12/site-packages/airflow/example_dags/subdags/subdag.py
[2026-02-25T08:24:51.905+0000] {processor.py:927} WARNING - No viable dags retrieved from /home/ubuntu/airflow-venv/lib/python3.12/site-packages/airflow/example_dags/subdags/subdag.py
[2026-02-25T08:24:51.912+0000] {processor.py:208} INFO - Processing /home/ubuntu/airflow-venv/lib/python3.12/site-packages/airflow/example_dags/subdags/subdag.py took 0.014 seconds
[2026-02-25T08:25:41.818+0000] {processor.py:186} INFO - Started process (PID=2845) to work on /home/ubuntu/airflow-venv/lib/python3.12/site-packages/airflow/example_dags/subdags/subdag.py
[2026-02-25T08:25:41.819+0000] {processor.py:914} INFO - Processing file /home/ubuntu/airflow-venv/lib/python3.12/site-packages/airflow/example_dags/subdags/subdag.py for tasks to queue
[2026-02-25T08:25:41.820+0000] {logging_mixin.py:190} INFO - [2026-02-25T08:25:41.820+0000] {dagbag.py:588} INFO - Filling up the DagBag from /home/ubuntu/airflow-venv/lib/python3.12/site-packages/airflow/example_dags/subdags/subdag.py
[2026-02-25T08:25:41.821+0000] {processor.py:927} WARNING - No viable dags retrieved from /home/ubuntu/airflow-venv/lib/python3.12/site-packages/airflow/example_dags/subdags/subdag.py
[2026-02-25T08:25:41.828+0000] {processor.py:208} INFO - Processing /home/ubuntu/airflow-venv/lib/python3.12/site-packages/airflow/example_dags/subdags/subdag.py took 0.014 seconds
[2026-02-25T08:26:32.896+0000] {processor.py:186} INFO - Started process (PID=2896) to work on /home/ubuntu/airflow-venv/lib/python3.12/site-packages/airflow/example_dags/subdags/subdag.py
[2026-02-25T08:26:32.897+0000] {processor.py:914} INFO - Processing file /home/ubuntu/airflow-venv/lib/python3.12/site-packages/airflow/example_dags/subdags/subdag.py for tasks to queue
[2026-02-25T08:26:32.898+0000] {logging_mixin.py:190} INFO - [2026-02-25T08:26:32.898+0000] {dagbag.py:588} INFO - Filling up the DagBag from /home/ubuntu/airflow-venv/lib/python3.12/site-packages/airflow/example_dags/subdags/subdag.py
[2026-02-25T08:26:32.899+0000] {processor.py:927} WARNING - No viable dags retrieved from /home/ubuntu/airflow-venv/lib/python3.12/site-packages/airflow/example_dags/subdags/subdag.py
[2026-02-25T08:26:32.906+0000] {processor.py:208} INFO - Processing /home/ubuntu/airflow-venv/lib/python3.12/site-packages/airflow/example_dags/subdags/subdag.py took 0.013 seconds
[2026-02-25T08:27:22.369+0000] {processor.py:186} INFO - Started process (PID=2949) to work on /home/ubuntu/airflow-venv/lib/python3.12/site-packages/airflow/example_dags/subdags/subdag.py
[2026-02-25T08:27:22.370+0000] {processor.py:914} INFO - Processing file /home/ubuntu/airflow-venv/lib/python3.12/site-packages/airflow/example_dags/subdags/subdag.py for tasks to queue
[2026-02-25T08:27:22.371+0000] {logging_mixin.py:190} INFO - [2026-02-25T08:27:22.371+0000] {dagbag.py:588} INFO - Filling up the DagBag from /home/ubuntu/airflow-venv/lib/python3.12/site-packages/airflow/example_dags/subdags/subdag.py
[2026-02-25T08:27:22.372+0000] {processor.py:927} WARNING - No viable dags retrieved from /home/ubuntu/airflow-venv/lib/python3.12/site-packages/airflow/example_dags/subdags/subdag.py
[2026-02-25T08:27:22.379+0000] {processor.py:208} INFO - Processing /home/ubuntu/airflow-venv/lib/python3.12/site-packages/airflow/example_dags/subdags/subdag.py took 0.014 seconds
[2026-02-25T08:28:14.930+0000] {processor.py:186} INFO - Started process (PID=3002) to work on /home/ubuntu/airflow-venv/lib/python3.12/site-packages/airflow/example_dags/subdags/subdag.py
[2026-02-25T08:28:14.931+0000] {processor.py:914} INFO - Processing file /home/ubuntu/airflow-venv/lib/python3.12/site-packages/airflow/example_dags/subdags/subdag.py for tasks to queue
[2026-02-25T08:28:14.932+0000] {logging_mixin.py:190} INFO - [2026-02-25T08:28:14.932+0000] {dagbag.py:588} INFO - Filling up the DagBag from /home/ubuntu/airflow-venv/lib/python3.12/site-packages/airflow/example_dags/subdags/subdag.py
[2026-02-25T08:28:14.933+0000] {processor.py:927} WARNING - No viable dags retrieved from /home/ubuntu/airflow-venv/lib/python3.12/site-packages/airflow/example_dags/subdags/subdag.py
[2026-02-25T08:28:14.940+0000] {processor.py:208} INFO - Processing /home/ubuntu/airflow-venv/lib/python3.12/site-packages/airflow/example_dags/subdags/subdag.py took 0.014 seconds
[2026-02-25T08:29:06.723+0000] {processor.py:186} INFO - Started process (PID=3057) to work on /home/ubuntu/airflow-venv/lib/python3.12/site-packages/airflow/example_dags/subdags/subdag.py
[2026-02-25T08:29:06.724+0000] {processor.py:914} INFO - Processing file /home/ubuntu/airflow-venv/lib/python3.12/site-packages/airflow/example_dags/subdags/subdag.py for tasks to queue
[2026-02-25T08:29:06.726+0000] {logging_mixin.py:190} INFO - [2026-02-25T08:29:06.725+0000] {dagbag.py:588} INFO - Filling up the DagBag from /home/ubuntu/airflow-venv/lib/python3.12/site-packages/airflow/example_dags/subdags/subdag.py
[2026-02-25T08:29:06.727+0000] {processor.py:927} WARNING - No viable dags retrieved from /home/ubuntu/airflow-venv/lib/python3.12/site-packages/airflow/example_dags/subdags/subdag.py
[2026-02-25T08:29:06.734+0000] {processor.py:208} INFO - Processing /home/ubuntu/airflow-venv/lib/python3.12/site-packages/airflow/example_dags/subdags/subdag.py took 0.015 seconds
[2026-02-25T08:29:56.953+0000] {processor.py:186} INFO - Started process (PID=3110) to work on /home/ubuntu/airflow-venv/lib/python3.12/site-packages/airflow/example_dags/subdags/subdag.py
[2026-02-25T08:29:56.954+0000] {processor.py:914} INFO - Processing file /home/ubuntu/airflow-venv/lib/python3.12/site-packages/airflow/example_dags/subdags/subdag.py for tasks to queue
[2026-02-25T08:29:56.956+0000] {logging_mixin.py:190} INFO - [2026-02-25T08:29:56.955+0000] {dagbag.py:588} INFO - Filling up the DagBag from /home/ubuntu/airflow-venv/lib/python3.12/site-packages/airflow/example_dags/subdags/subdag.py
[2026-02-25T08:29:56.957+0000] {processor.py:927} WARNING - No viable dags retrieved from /home/ubuntu/airflow-venv/lib/python3.12/site-packages/airflow/example_dags/subdags/subdag.py
[2026-02-25T08:29:56.964+0000] {processor.py:208} INFO - Processing /home/ubuntu/airflow-venv/lib/python3.12/site-packages/airflow/example_dags/subdags/subdag.py took 0.015 seconds
[2026-02-25T08:30:48.285+0000] {processor.py:186} INFO - Started process (PID=3167) to work on /home/ubuntu/airflow-venv/lib/python3.12/site-packages/airflow/example_dags/subdags/subdag.py
[2026-02-25T08:30:48.287+0000] {processor.py:914} INFO - Processing file /home/ubuntu/airflow-venv/lib/python3.12/site-packages/airflow/example_dags/subdags/subdag.py for tasks to queue
[2026-02-25T08:30:48.288+0000] {logging_mixin.py:190} INFO - [2026-02-25T08:30:48.288+0000] {dagbag.py:588} INFO - Filling up the DagBag from /home/ubuntu/airflow-venv/lib/python3.12/site-packages/airflow/example_dags/subdags/subdag.py
[2026-02-25T08:30:48.289+0000] {processor.py:927} WARNING - No viable dags retrieved from /home/ubuntu/airflow-venv/lib/python3.12/site-packages/airflow/example_dags/subdags/subdag.py
[2026-02-25T08:30:48.296+0000] {processor.py:208} INFO - Processing /home/ubuntu/airflow-venv/lib/python3.12/site-packages/airflow/example_dags/subdags/subdag.py took 0.014 seconds
[2026-02-25T08:31:36.799+0000] {processor.py:186} INFO - Started process (PID=3221) to work on /home/ubuntu/airflow-venv/lib/python3.12/site-packages/airflow/example_dags/subdags/subdag.py
[2026-02-25T08:31:36.800+0000] {processor.py:914} INFO - Processing file /home/ubuntu/airflow-venv/lib/python3.12/site-packages/airflow/example_dags/subdags/subdag.py for tasks to queue
[2026-02-25T08:31:36.802+0000] {logging_mixin.py:190} INFO - [2026-02-25T08:31:36.801+0000] {dagbag.py:588} INFO - Filling up the DagBag from /home/ubuntu/airflow-venv/lib/python3.12/site-packages/airflow/example_dags/subdags/subdag.py
[2026-02-25T08:31:36.803+0000] {processor.py:927} WARNING - No viable dags retrieved from /home/ubuntu/airflow-venv/lib/python3.12/site-packages/airflow/example_dags/subdags/subdag.py
[2026-02-25T08:31:36.810+0000] {processor.py:208} INFO - Processing /home/ubuntu/airflow-venv/lib/python3.12/site-packages/airflow/example_dags/subdags/subdag.py took 0.014 seconds
[2026-02-25T09:42:32.802+0000] {processor.py:186} INFO - Started process (PID=1722) to work on /home/ubuntu/airflow-venv/lib/python3.12/site-packages/airflow/example_dags/subdags/subdag.py
[2026-02-25T09:42:32.804+0000] {processor.py:914} INFO - Processing file /home/ubuntu/airflow-venv/lib/python3.12/site-packages/airflow/example_dags/subdags/subdag.py for tasks to queue
[2026-02-25T09:42:32.805+0000] {logging_mixin.py:190} INFO - [2026-02-25T09:42:32.805+0000] {dagbag.py:588} INFO - Filling up the DagBag from /home/ubuntu/airflow-venv/lib/python3.12/site-packages/airflow/example_dags/subdags/subdag.py
[2026-02-25T09:42:32.806+0000] {processor.py:927} WARNING - No viable dags retrieved from /home/ubuntu/airflow-venv/lib/python3.12/site-packages/airflow/example_dags/subdags/subdag.py
[2026-02-25T09:42:32.813+0000] {processor.py:208} INFO - Processing /home/ubuntu/airflow-venv/lib/python3.12/site-packages/airflow/example_dags/subdags/subdag.py took 0.014 seconds
[2026-02-25T09:43:27.255+0000] {processor.py:186} INFO - Started process (PID=2212) to work on /home/ubuntu/airflow-venv/lib/python3.12/site-packages/airflow/example_dags/subdags/subdag.py
[2026-02-25T09:43:27.257+0000] {processor.py:914} INFO - Processing file /home/ubuntu/airflow-venv/lib/python3.12/site-packages/airflow/example_dags/subdags/subdag.py for tasks to queue
[2026-02-25T09:43:27.258+0000] {logging_mixin.py:190} INFO - [2026-02-25T09:43:27.258+0000] {dagbag.py:588} INFO - Filling up the DagBag from /home/ubuntu/airflow-venv/lib/python3.12/site-packages/airflow/example_dags/subdags/subdag.py
[2026-02-25T09:43:27.259+0000] {processor.py:927} WARNING - No viable dags retrieved from /home/ubuntu/airflow-venv/lib/python3.12/site-packages/airflow/example_dags/subdags/subdag.py
[2026-02-25T09:43:27.266+0000] {processor.py:208} INFO - Processing /home/ubuntu/airflow-venv/lib/python3.12/site-packages/airflow/example_dags/subdags/subdag.py took 0.014 seconds
[2026-02-25T09:44:15.173+0000] {processor.py:186} INFO - Started process (PID=2690) to work on /home/ubuntu/airflow-venv/lib/python3.12/site-packages/airflow/example_dags/subdags/subdag.py
[2026-02-25T09:44:15.174+0000] {processor.py:914} INFO - Processing file /home/ubuntu/airflow-venv/lib/python3.12/site-packages/airflow/example_dags/subdags/subdag.py for tasks to queue
[2026-02-25T09:44:15.175+0000] {logging_mixin.py:190} INFO - [2026-02-25T09:44:15.175+0000] {dagbag.py:588} INFO - Filling up the DagBag from /home/ubuntu/airflow-venv/lib/python3.12/site-packages/airflow/example_dags/subdags/subdag.py
[2026-02-25T09:44:15.176+0000] {processor.py:927} WARNING - No viable dags retrieved from /home/ubuntu/airflow-venv/lib/python3.12/site-packages/airflow/example_dags/subdags/subdag.py
[2026-02-25T09:44:15.183+0000] {processor.py:208} INFO - Processing /home/ubuntu/airflow-venv/lib/python3.12/site-packages/airflow/example_dags/subdags/subdag.py took 0.014 seconds
[2026-02-25T09:45:01.416+0000] {processor.py:186} INFO - Started process (PID=2741) to work on /home/ubuntu/airflow-venv/lib/python3.12/site-packages/airflow/example_dags/subdags/subdag.py
[2026-02-25T09:45:01.417+0000] {processor.py:914} INFO - Processing file /home/ubuntu/airflow-venv/lib/python3.12/site-packages/airflow/example_dags/subdags/subdag.py for tasks to queue
[2026-02-25T09:45:01.419+0000] {logging_mixin.py:190} INFO - [2026-02-25T09:45:01.418+0000] {dagbag.py:588} INFO - Filling up the DagBag from /home/ubuntu/airflow-venv/lib/python3.12/site-packages/airflow/example_dags/subdags/subdag.py
[2026-02-25T09:45:01.420+0000] {processor.py:927} WARNING - No viable dags retrieved from /home/ubuntu/airflow-venv/lib/python3.12/site-packages/airflow/example_dags/subdags/subdag.py
[2026-02-25T09:45:01.426+0000] {processor.py:208} INFO - Processing /home/ubuntu/airflow-venv/lib/python3.12/site-packages/airflow/example_dags/subdags/subdag.py took 0.013 seconds
[2026-02-25T09:45:51.615+0000] {processor.py:186} INFO - Started process (PID=2797) to work on /home/ubuntu/airflow-venv/lib/python3.12/site-packages/airflow/example_dags/subdags/subdag.py
[2026-02-25T09:45:51.616+0000] {processor.py:914} INFO - Processing file /home/ubuntu/airflow-venv/lib/python3.12/site-packages/airflow/example_dags/subdags/subdag.py for tasks to queue
[2026-02-25T09:45:51.617+0000] {logging_mixin.py:190} INFO - [2026-02-25T09:45:51.617+0000] {dagbag.py:588} INFO - Filling up the DagBag from /home/ubuntu/airflow-venv/lib/python3.12/site-packages/airflow/example_dags/subdags/subdag.py
[2026-02-25T09:45:51.619+0000] {processor.py:927} WARNING - No viable dags retrieved from /home/ubuntu/airflow-venv/lib/python3.12/site-packages/airflow/example_dags/subdags/subdag.py
[2026-02-25T09:45:51.625+0000] {processor.py:208} INFO - Processing /home/ubuntu/airflow-venv/lib/python3.12/site-packages/airflow/example_dags/subdags/subdag.py took 0.013 seconds
[2026-02-25T09:46:44.066+0000] {processor.py:186} INFO - Started process (PID=2849) to work on /home/ubuntu/airflow-venv/lib/python3.12/site-packages/airflow/example_dags/subdags/subdag.py
[2026-02-25T09:46:44.067+0000] {processor.py:914} INFO - Processing file /home/ubuntu/airflow-venv/lib/python3.12/site-packages/airflow/example_dags/subdags/subdag.py for tasks to queue
[2026-02-25T09:46:44.068+0000] {logging_mixin.py:190} INFO - [2026-02-25T09:46:44.068+0000] {dagbag.py:588} INFO - Filling up the DagBag from /home/ubuntu/airflow-venv/lib/python3.12/site-packages/airflow/example_dags/subdags/subdag.py
[2026-02-25T09:46:44.070+0000] {processor.py:927} WARNING - No viable dags retrieved from /home/ubuntu/airflow-venv/lib/python3.12/site-packages/airflow/example_dags/subdags/subdag.py
[2026-02-25T09:46:44.076+0000] {processor.py:208} INFO - Processing /home/ubuntu/airflow-venv/lib/python3.12/site-packages/airflow/example_dags/subdags/subdag.py took 0.014 seconds
[2026-02-25T09:47:31.990+0000] {processor.py:186} INFO - Started process (PID=2907) to work on /home/ubuntu/airflow-venv/lib/python3.12/site-packages/airflow/example_dags/subdags/subdag.py
[2026-02-25T09:47:31.992+0000] {processor.py:914} INFO - Processing file /home/ubuntu/airflow-venv/lib/python3.12/site-packages/airflow/example_dags/subdags/subdag.py for tasks to queue
[2026-02-25T09:47:31.993+0000] {logging_mixin.py:190} INFO - [2026-02-25T09:47:31.993+0000] {dagbag.py:588} INFO - Filling up the DagBag from /home/ubuntu/airflow-venv/lib/python3.12/site-packages/airflow/example_dags/subdags/subdag.py
[2026-02-25T09:47:31.994+0000] {processor.py:927} WARNING - No viable dags retrieved from /home/ubuntu/airflow-venv/lib/python3.12/site-packages/airflow/example_dags/subdags/subdag.py
[2026-02-25T09:47:32.001+0000] {processor.py:208} INFO - Processing /home/ubuntu/airflow-venv/lib/python3.12/site-packages/airflow/example_dags/subdags/subdag.py took 0.014 seconds
[2026-02-25T09:48:23.153+0000] {processor.py:186} INFO - Started process (PID=2963) to work on /home/ubuntu/airflow-venv/lib/python3.12/site-packages/airflow/example_dags/subdags/subdag.py
[2026-02-25T09:48:23.154+0000] {processor.py:914} INFO - Processing file /home/ubuntu/airflow-venv/lib/python3.12/site-packages/airflow/example_dags/subdags/subdag.py for tasks to queue
[2026-02-25T09:48:23.156+0000] {logging_mixin.py:190} INFO - [2026-02-25T09:48:23.155+0000] {dagbag.py:588} INFO - Filling up the DagBag from /home/ubuntu/airflow-venv/lib/python3.12/site-packages/airflow/example_dags/subdags/subdag.py
[2026-02-25T09:48:23.157+0000] {processor.py:927} WARNING - No viable dags retrieved from /home/ubuntu/airflow-venv/lib/python3.12/site-packages/airflow/example_dags/subdags/subdag.py
[2026-02-25T09:48:23.164+0000] {processor.py:208} INFO - Processing /home/ubuntu/airflow-venv/lib/python3.12/site-packages/airflow/example_dags/subdags/subdag.py took 0.014 seconds
[2026-02-25T09:49:16.301+0000] {processor.py:186} INFO - Started process (PID=3016) to work on /home/ubuntu/airflow-venv/lib/python3.12/site-packages/airflow/example_dags/subdags/subdag.py
[2026-02-25T09:49:16.302+0000] {processor.py:914} INFO - Processing file /home/ubuntu/airflow-venv/lib/python3.12/site-packages/airflow/example_dags/subdags/subdag.py for tasks to queue
[2026-02-25T09:49:16.304+0000] {logging_mixin.py:190} INFO - [2026-02-25T09:49:16.303+0000] {dagbag.py:588} INFO - Filling up the DagBag from /home/ubuntu/airflow-venv/lib/python3.12/site-packages/airflow/example_dags/subdags/subdag.py
[2026-02-25T09:49:16.305+0000] {processor.py:927} WARNING - No viable dags retrieved from /home/ubuntu/airflow-venv/lib/python3.12/site-packages/airflow/example_dags/subdags/subdag.py
[2026-02-25T09:49:16.311+0000] {processor.py:208} INFO - Processing /home/ubuntu/airflow-venv/lib/python3.12/site-packages/airflow/example_dags/subdags/subdag.py took 0.014 seconds
[2026-02-25T09:50:10.495+0000] {processor.py:186} INFO - Started process (PID=3075) to work on /home/ubuntu/airflow-venv/lib/python3.12/site-packages/airflow/example_dags/subdags/subdag.py
[2026-02-25T09:50:10.496+0000] {processor.py:914} INFO - Processing file /home/ubuntu/airflow-venv/lib/python3.12/site-packages/airflow/example_dags/subdags/subdag.py for tasks to queue
[2026-02-25T09:50:10.498+0000] {logging_mixin.py:190} INFO - [2026-02-25T09:50:10.497+0000] {dagbag.py:588} INFO - Filling up the DagBag from /home/ubuntu/airflow-venv/lib/python3.12/site-packages/airflow/example_dags/subdags/subdag.py
[2026-02-25T09:50:10.499+0000] {processor.py:927} WARNING - No viable dags retrieved from /home/ubuntu/airflow-venv/lib/python3.12/site-packages/airflow/example_dags/subdags/subdag.py
[2026-02-25T09:50:10.505+0000] {processor.py:208} INFO - Processing /home/ubuntu/airflow-venv/lib/python3.12/site-packages/airflow/example_dags/subdags/subdag.py took 0.013 seconds
[2026-02-25T09:50:56.744+0000] {processor.py:186} INFO - Started process (PID=3125) to work on /home/ubuntu/airflow-venv/lib/python3.12/site-packages/airflow/example_dags/subdags/subdag.py
[2026-02-25T09:50:56.745+0000] {processor.py:914} INFO - Processing file /home/ubuntu/airflow-venv/lib/python3.12/site-packages/airflow/example_dags/subdags/subdag.py for tasks to queue
[2026-02-25T09:50:56.746+0000] {logging_mixin.py:190} INFO - [2026-02-25T09:50:56.746+0000] {dagbag.py:588} INFO - Filling up the DagBag from /home/ubuntu/airflow-venv/lib/python3.12/site-packages/airflow/example_dags/subdags/subdag.py
[2026-02-25T09:50:56.748+0000] {processor.py:927} WARNING - No viable dags retrieved from /home/ubuntu/airflow-venv/lib/python3.12/site-packages/airflow/example_dags/subdags/subdag.py
[2026-02-25T09:50:56.754+0000] {processor.py:208} INFO - Processing /home/ubuntu/airflow-venv/lib/python3.12/site-packages/airflow/example_dags/subdags/subdag.py took 0.014 seconds
[2026-02-25T09:51:45.248+0000] {processor.py:186} INFO - Started process (PID=3176) to work on /home/ubuntu/airflow-venv/lib/python3.12/site-packages/airflow/example_dags/subdags/subdag.py
[2026-02-25T09:51:45.249+0000] {processor.py:914} INFO - Processing file /home/ubuntu/airflow-venv/lib/python3.12/site-packages/airflow/example_dags/subdags/subdag.py for tasks to queue
[2026-02-25T09:51:45.251+0000] {logging_mixin.py:190} INFO - [2026-02-25T09:51:45.251+0000] {dagbag.py:588} INFO - Filling up the DagBag from /home/ubuntu/airflow-venv/lib/python3.12/site-packages/airflow/example_dags/subdags/subdag.py
[2026-02-25T09:51:45.252+0000] {processor.py:927} WARNING - No viable dags retrieved from /home/ubuntu/airflow-venv/lib/python3.12/site-packages/airflow/example_dags/subdags/subdag.py
[2026-02-25T09:51:45.259+0000] {processor.py:208} INFO - Processing /home/ubuntu/airflow-venv/lib/python3.12/site-packages/airflow/example_dags/subdags/subdag.py took 0.014 seconds
[2026-02-25T09:52:35.507+0000] {processor.py:186} INFO - Started process (PID=3231) to work on /home/ubuntu/airflow-venv/lib/python3.12/site-packages/airflow/example_dags/subdags/subdag.py
[2026-02-25T09:52:35.508+0000] {processor.py:914} INFO - Processing file /home/ubuntu/airflow-venv/lib/python3.12/site-packages/airflow/example_dags/subdags/subdag.py for tasks to queue
[2026-02-25T09:52:35.509+0000] {logging_mixin.py:190} INFO - [2026-02-25T09:52:35.509+0000] {dagbag.py:588} INFO - Filling up the DagBag from /home/ubuntu/airflow-venv/lib/python3.12/site-packages/airflow/example_dags/subdags/subdag.py
[2026-02-25T09:52:35.511+0000] {processor.py:927} WARNING - No viable dags retrieved from /home/ubuntu/airflow-venv/lib/python3.12/site-packages/airflow/example_dags/subdags/subdag.py
[2026-02-25T09:52:35.517+0000] {processor.py:208} INFO - Processing /home/ubuntu/airflow-venv/lib/python3.12/site-packages/airflow/example_dags/subdags/subdag.py took 0.014 seconds
[2026-02-25T09:53:23.163+0000] {processor.py:186} INFO - Started process (PID=3284) to work on /home/ubuntu/airflow-venv/lib/python3.12/site-packages/airflow/example_dags/subdags/subdag.py
[2026-02-25T09:53:23.164+0000] {processor.py:914} INFO - Processing file /home/ubuntu/airflow-venv/lib/python3.12/site-packages/airflow/example_dags/subdags/subdag.py for tasks to queue
[2026-02-25T09:53:23.165+0000] {logging_mixin.py:190} INFO - [2026-02-25T09:53:23.165+0000] {dagbag.py:588} INFO - Filling up the DagBag from /home/ubuntu/airflow-venv/lib/python3.12/site-packages/airflow/example_dags/subdags/subdag.py
[2026-02-25T09:53:23.167+0000] {processor.py:927} WARNING - No viable dags retrieved from /home/ubuntu/airflow-venv/lib/python3.12/site-packages/airflow/example_dags/subdags/subdag.py
[2026-02-25T09:53:23.173+0000] {processor.py:208} INFO - Processing /home/ubuntu/airflow-venv/lib/python3.12/site-packages/airflow/example_dags/subdags/subdag.py took 0.014 seconds
[2026-02-25T09:54:11.873+0000] {processor.py:186} INFO - Started process (PID=3335) to work on /home/ubuntu/airflow-venv/lib/python3.12/site-packages/airflow/example_dags/subdags/subdag.py
[2026-02-25T09:54:11.874+0000] {processor.py:914} INFO - Processing file /home/ubuntu/airflow-venv/lib/python3.12/site-packages/airflow/example_dags/subdags/subdag.py for tasks to queue
[2026-02-25T09:54:11.875+0000] {logging_mixin.py:190} INFO - [2026-02-25T09:54:11.875+0000] {dagbag.py:588} INFO - Filling up the DagBag from /home/ubuntu/airflow-venv/lib/python3.12/site-packages/airflow/example_dags/subdags/subdag.py
[2026-02-25T09:54:11.877+0000] {processor.py:927} WARNING - No viable dags retrieved from /home/ubuntu/airflow-venv/lib/python3.12/site-packages/airflow/example_dags/subdags/subdag.py
[2026-02-25T09:54:11.884+0000] {processor.py:208} INFO - Processing /home/ubuntu/airflow-venv/lib/python3.12/site-packages/airflow/example_dags/subdags/subdag.py took 0.014 seconds
[2026-02-25T09:55:03.193+0000] {processor.py:186} INFO - Started process (PID=3392) to work on /home/ubuntu/airflow-venv/lib/python3.12/site-packages/airflow/example_dags/subdags/subdag.py
[2026-02-25T09:55:03.194+0000] {processor.py:914} INFO - Processing file /home/ubuntu/airflow-venv/lib/python3.12/site-packages/airflow/example_dags/subdags/subdag.py for tasks to queue
[2026-02-25T09:55:03.196+0000] {logging_mixin.py:190} INFO - [2026-02-25T09:55:03.195+0000] {dagbag.py:588} INFO - Filling up the DagBag from /home/ubuntu/airflow-venv/lib/python3.12/site-packages/airflow/example_dags/subdags/subdag.py
[2026-02-25T09:55:03.197+0000] {processor.py:927} WARNING - No viable dags retrieved from /home/ubuntu/airflow-venv/lib/python3.12/site-packages/airflow/example_dags/subdags/subdag.py
[2026-02-25T09:55:03.204+0000] {processor.py:208} INFO - Processing /home/ubuntu/airflow-venv/lib/python3.12/site-packages/airflow/example_dags/subdags/subdag.py took 0.014 seconds
[2026-02-25T09:55:52.266+0000] {processor.py:186} INFO - Started process (PID=3443) to work on /home/ubuntu/airflow-venv/lib/python3.12/site-packages/airflow/example_dags/subdags/subdag.py
[2026-02-25T09:55:52.268+0000] {processor.py:914} INFO - Processing file /home/ubuntu/airflow-venv/lib/python3.12/site-packages/airflow/example_dags/subdags/subdag.py for tasks to queue
[2026-02-25T09:55:52.269+0000] {logging_mixin.py:190} INFO - [2026-02-25T09:55:52.269+0000] {dagbag.py:588} INFO - Filling up the DagBag from /home/ubuntu/airflow-venv/lib/python3.12/site-packages/airflow/example_dags/subdags/subdag.py
[2026-02-25T09:55:52.270+0000] {processor.py:927} WARNING - No viable dags retrieved from /home/ubuntu/airflow-venv/lib/python3.12/site-packages/airflow/example_dags/subdags/subdag.py
[2026-02-25T09:55:52.277+0000] {processor.py:208} INFO - Processing /home/ubuntu/airflow-venv/lib/python3.12/site-packages/airflow/example_dags/subdags/subdag.py took 0.014 seconds
[2026-02-25T09:56:40.774+0000] {processor.py:186} INFO - Started process (PID=3495) to work on /home/ubuntu/airflow-venv/lib/python3.12/site-packages/airflow/example_dags/subdags/subdag.py
[2026-02-25T09:56:40.776+0000] {processor.py:914} INFO - Processing file /home/ubuntu/airflow-venv/lib/python3.12/site-packages/airflow/example_dags/subdags/subdag.py for tasks to queue
[2026-02-25T09:56:40.777+0000] {logging_mixin.py:190} INFO - [2026-02-25T09:56:40.777+0000] {dagbag.py:588} INFO - Filling up the DagBag from /home/ubuntu/airflow-venv/lib/python3.12/site-packages/airflow/example_dags/subdags/subdag.py
[2026-02-25T09:56:40.778+0000] {processor.py:927} WARNING - No viable dags retrieved from /home/ubuntu/airflow-venv/lib/python3.12/site-packages/airflow/example_dags/subdags/subdag.py
[2026-02-25T09:56:40.785+0000] {processor.py:208} INFO - Processing /home/ubuntu/airflow-venv/lib/python3.12/site-packages/airflow/example_dags/subdags/subdag.py took 0.014 seconds
[2026-02-25T09:57:31.775+0000] {processor.py:186} INFO - Started process (PID=3992) to work on /home/ubuntu/airflow-venv/lib/python3.12/site-packages/airflow/example_dags/subdags/subdag.py
[2026-02-25T09:57:31.776+0000] {processor.py:914} INFO - Processing file /home/ubuntu/airflow-venv/lib/python3.12/site-packages/airflow/example_dags/subdags/subdag.py for tasks to queue
[2026-02-25T09:57:31.777+0000] {logging_mixin.py:190} INFO - [2026-02-25T09:57:31.777+0000] {dagbag.py:588} INFO - Filling up the DagBag from /home/ubuntu/airflow-venv/lib/python3.12/site-packages/airflow/example_dags/subdags/subdag.py
[2026-02-25T09:57:31.779+0000] {processor.py:927} WARNING - No viable dags retrieved from /home/ubuntu/airflow-venv/lib/python3.12/site-packages/airflow/example_dags/subdags/subdag.py
[2026-02-25T09:57:31.785+0000] {processor.py:208} INFO - Processing /home/ubuntu/airflow-venv/lib/python3.12/site-packages/airflow/example_dags/subdags/subdag.py took 0.013 seconds
[2026-02-25T09:58:24.025+0000] {processor.py:186} INFO - Started process (PID=4045) to work on /home/ubuntu/airflow-venv/lib/python3.12/site-packages/airflow/example_dags/subdags/subdag.py
[2026-02-25T09:58:24.026+0000] {processor.py:914} INFO - Processing file /home/ubuntu/airflow-venv/lib/python3.12/site-packages/airflow/example_dags/subdags/subdag.py for tasks to queue
[2026-02-25T09:58:24.028+0000] {logging_mixin.py:190} INFO - [2026-02-25T09:58:24.027+0000] {dagbag.py:588} INFO - Filling up the DagBag from /home/ubuntu/airflow-venv/lib/python3.12/site-packages/airflow/example_dags/subdags/subdag.py
[2026-02-25T09:58:24.029+0000] {processor.py:927} WARNING - No viable dags retrieved from /home/ubuntu/airflow-venv/lib/python3.12/site-packages/airflow/example_dags/subdags/subdag.py
[2026-02-25T09:58:24.036+0000] {processor.py:208} INFO - Processing /home/ubuntu/airflow-venv/lib/python3.12/site-packages/airflow/example_dags/subdags/subdag.py took 0.014 seconds
[2026-02-25T09:59:11.963+0000] {processor.py:186} INFO - Started process (PID=4097) to work on /home/ubuntu/airflow-venv/lib/python3.12/site-packages/airflow/example_dags/subdags/subdag.py
[2026-02-25T09:59:11.965+0000] {processor.py:914} INFO - Processing file /home/ubuntu/airflow-venv/lib/python3.12/site-packages/airflow/example_dags/subdags/subdag.py for tasks to queue
[2026-02-25T09:59:11.966+0000] {logging_mixin.py:190} INFO - [2026-02-25T09:59:11.966+0000] {dagbag.py:588} INFO - Filling up the DagBag from /home/ubuntu/airflow-venv/lib/python3.12/site-packages/airflow/example_dags/subdags/subdag.py
[2026-02-25T09:59:11.967+0000] {processor.py:927} WARNING - No viable dags retrieved from /home/ubuntu/airflow-venv/lib/python3.12/site-packages/airflow/example_dags/subdags/subdag.py
[2026-02-25T09:59:11.974+0000] {processor.py:208} INFO - Processing /home/ubuntu/airflow-venv/lib/python3.12/site-packages/airflow/example_dags/subdags/subdag.py took 0.014 seconds
[2026-02-25T09:59:59.616+0000] {processor.py:186} INFO - Started process (PID=4147) to work on /home/ubuntu/airflow-venv/lib/python3.12/site-packages/airflow/example_dags/subdags/subdag.py
[2026-02-25T09:59:59.617+0000] {processor.py:914} INFO - Processing file /home/ubuntu/airflow-venv/lib/python3.12/site-packages/airflow/example_dags/subdags/subdag.py for tasks to queue
[2026-02-25T09:59:59.619+0000] {logging_mixin.py:190} INFO - [2026-02-25T09:59:59.618+0000] {dagbag.py:588} INFO - Filling up the DagBag from /home/ubuntu/airflow-venv/lib/python3.12/site-packages/airflow/example_dags/subdags/subdag.py
[2026-02-25T09:59:59.620+0000] {processor.py:927} WARNING - No viable dags retrieved from /home/ubuntu/airflow-venv/lib/python3.12/site-packages/airflow/example_dags/subdags/subdag.py
[2026-02-25T09:59:59.627+0000] {processor.py:208} INFO - Processing /home/ubuntu/airflow-venv/lib/python3.12/site-packages/airflow/example_dags/subdags/subdag.py took 0.015 seconds
[2026-02-25T10:00:50.973+0000] {processor.py:186} INFO - Started process (PID=4203) to work on /home/ubuntu/airflow-venv/lib/python3.12/site-packages/airflow/example_dags/subdags/subdag.py
[2026-02-25T10:00:50.975+0000] {processor.py:914} INFO - Processing file /home/ubuntu/airflow-venv/lib/python3.12/site-packages/airflow/example_dags/subdags/subdag.py for tasks to queue
[2026-02-25T10:00:50.976+0000] {logging_mixin.py:190} INFO - [2026-02-25T10:00:50.976+0000] {dagbag.py:588} INFO - Filling up the DagBag from /home/ubuntu/airflow-venv/lib/python3.12/site-packages/airflow/example_dags/subdags/subdag.py
[2026-02-25T10:00:50.977+0000] {processor.py:927} WARNING - No viable dags retrieved from /home/ubuntu/airflow-venv/lib/python3.12/site-packages/airflow/example_dags/subdags/subdag.py
[2026-02-25T10:00:50.984+0000] {processor.py:208} INFO - Processing /home/ubuntu/airflow-venv/lib/python3.12/site-packages/airflow/example_dags/subdags/subdag.py took 0.014 seconds
[2026-02-25T10:01:42.361+0000] {processor.py:186} INFO - Started process (PID=4259) to work on /home/ubuntu/airflow-venv/lib/python3.12/site-packages/airflow/example_dags/subdags/subdag.py
[2026-02-25T10:01:42.362+0000] {processor.py:914} INFO - Processing file /home/ubuntu/airflow-venv/lib/python3.12/site-packages/airflow/example_dags/subdags/subdag.py for tasks to queue
[2026-02-25T10:01:42.364+0000] {logging_mixin.py:190} INFO - [2026-02-25T10:01:42.364+0000] {dagbag.py:588} INFO - Filling up the DagBag from /home/ubuntu/airflow-venv/lib/python3.12/site-packages/airflow/example_dags/subdags/subdag.py
[2026-02-25T10:01:42.365+0000] {processor.py:927} WARNING - No viable dags retrieved from /home/ubuntu/airflow-venv/lib/python3.12/site-packages/airflow/example_dags/subdags/subdag.py
[2026-02-25T10:01:42.372+0000] {processor.py:208} INFO - Processing /home/ubuntu/airflow-venv/lib/python3.12/site-packages/airflow/example_dags/subdags/subdag.py took 0.015 seconds
[2026-02-25T10:02:33.749+0000] {processor.py:186} INFO - Started process (PID=4315) to work on /home/ubuntu/airflow-venv/lib/python3.12/site-packages/airflow/example_dags/subdags/subdag.py
[2026-02-25T10:02:33.750+0000] {processor.py:914} INFO - Processing file /home/ubuntu/airflow-venv/lib/python3.12/site-packages/airflow/example_dags/subdags/subdag.py for tasks to queue
[2026-02-25T10:02:33.752+0000] {logging_mixin.py:190} INFO - [2026-02-25T10:02:33.751+0000] {dagbag.py:588} INFO - Filling up the DagBag from /home/ubuntu/airflow-venv/lib/python3.12/site-packages/airflow/example_dags/subdags/subdag.py
[2026-02-25T10:02:33.753+0000] {processor.py:927} WARNING - No viable dags retrieved from /home/ubuntu/airflow-venv/lib/python3.12/site-packages/airflow/example_dags/subdags/subdag.py
[2026-02-25T10:02:33.760+0000] {processor.py:208} INFO - Processing /home/ubuntu/airflow-venv/lib/python3.12/site-packages/airflow/example_dags/subdags/subdag.py took 0.015 seconds
[2026-02-25T10:03:23.327+0000] {processor.py:186} INFO - Started process (PID=4367) to work on /home/ubuntu/airflow-venv/lib/python3.12/site-packages/airflow/example_dags/subdags/subdag.py
[2026-02-25T10:03:23.328+0000] {processor.py:914} INFO - Processing file /home/ubuntu/airflow-venv/lib/python3.12/site-packages/airflow/example_dags/subdags/subdag.py for tasks to queue
[2026-02-25T10:03:23.329+0000] {logging_mixin.py:190} INFO - [2026-02-25T10:03:23.329+0000] {dagbag.py:588} INFO - Filling up the DagBag from /home/ubuntu/airflow-venv/lib/python3.12/site-packages/airflow/example_dags/subdags/subdag.py
[2026-02-25T10:03:23.331+0000] {processor.py:927} WARNING - No viable dags retrieved from /home/ubuntu/airflow-venv/lib/python3.12/site-packages/airflow/example_dags/subdags/subdag.py
[2026-02-25T10:03:23.338+0000] {processor.py:208} INFO - Processing /home/ubuntu/airflow-venv/lib/python3.12/site-packages/airflow/example_dags/subdags/subdag.py took 0.015 seconds
[2026-02-25T10:05:17.468+0000] {processor.py:186} INFO - Started process (PID=1789) to work on /home/ubuntu/airflow-venv/lib/python3.12/site-packages/airflow/example_dags/subdags/subdag.py
[2026-02-25T10:05:17.470+0000] {processor.py:914} INFO - Processing file /home/ubuntu/airflow-venv/lib/python3.12/site-packages/airflow/example_dags/subdags/subdag.py for tasks to queue
[2026-02-25T10:05:17.471+0000] {logging_mixin.py:190} INFO - [2026-02-25T10:05:17.471+0000] {dagbag.py:588} INFO - Filling up the DagBag from /home/ubuntu/airflow-venv/lib/python3.12/site-packages/airflow/example_dags/subdags/subdag.py
[2026-02-25T10:05:17.472+0000] {processor.py:927} WARNING - No viable dags retrieved from /home/ubuntu/airflow-venv/lib/python3.12/site-packages/airflow/example_dags/subdags/subdag.py
[2026-02-25T10:05:17.479+0000] {processor.py:208} INFO - Processing /home/ubuntu/airflow-venv/lib/python3.12/site-packages/airflow/example_dags/subdags/subdag.py took 0.015 seconds
[2026-02-25T10:06:11.921+0000] {processor.py:186} INFO - Started process (PID=2765) to work on /home/ubuntu/airflow-venv/lib/python3.12/site-packages/airflow/example_dags/subdags/subdag.py
[2026-02-25T10:06:11.922+0000] {processor.py:914} INFO - Processing file /home/ubuntu/airflow-venv/lib/python3.12/site-packages/airflow/example_dags/subdags/subdag.py for tasks to queue
[2026-02-25T10:06:11.923+0000] {logging_mixin.py:190} INFO - [2026-02-25T10:06:11.923+0000] {dagbag.py:588} INFO - Filling up the DagBag from /home/ubuntu/airflow-venv/lib/python3.12/site-packages/airflow/example_dags/subdags/subdag.py
[2026-02-25T10:06:11.925+0000] {processor.py:927} WARNING - No viable dags retrieved from /home/ubuntu/airflow-venv/lib/python3.12/site-packages/airflow/example_dags/subdags/subdag.py
[2026-02-25T10:06:11.931+0000] {processor.py:208} INFO - Processing /home/ubuntu/airflow-venv/lib/python3.12/site-packages/airflow/example_dags/subdags/subdag.py took 0.014 seconds
[2026-02-25T10:06:59.847+0000] {processor.py:186} INFO - Started process (PID=2821) to work on /home/ubuntu/airflow-venv/lib/python3.12/site-packages/airflow/example_dags/subdags/subdag.py
[2026-02-25T10:06:59.848+0000] {processor.py:914} INFO - Processing file /home/ubuntu/airflow-venv/lib/python3.12/site-packages/airflow/example_dags/subdags/subdag.py for tasks to queue
[2026-02-25T10:06:59.849+0000] {logging_mixin.py:190} INFO - [2026-02-25T10:06:59.849+0000] {dagbag.py:588} INFO - Filling up the DagBag from /home/ubuntu/airflow-venv/lib/python3.12/site-packages/airflow/example_dags/subdags/subdag.py
[2026-02-25T10:06:59.851+0000] {processor.py:927} WARNING - No viable dags retrieved from /home/ubuntu/airflow-venv/lib/python3.12/site-packages/airflow/example_dags/subdags/subdag.py
[2026-02-25T10:06:59.858+0000] {processor.py:208} INFO - Processing /home/ubuntu/airflow-venv/lib/python3.12/site-packages/airflow/example_dags/subdags/subdag.py took 0.014 seconds
[2026-02-25T10:07:46.096+0000] {processor.py:186} INFO - Started process (PID=2870) to work on /home/ubuntu/airflow-venv/lib/python3.12/site-packages/airflow/example_dags/subdags/subdag.py
[2026-02-25T10:07:46.097+0000] {processor.py:914} INFO - Processing file /home/ubuntu/airflow-venv/lib/python3.12/site-packages/airflow/example_dags/subdags/subdag.py for tasks to queue
[2026-02-25T10:07:46.098+0000] {logging_mixin.py:190} INFO - [2026-02-25T10:07:46.098+0000] {dagbag.py:588} INFO - Filling up the DagBag from /home/ubuntu/airflow-venv/lib/python3.12/site-packages/airflow/example_dags/subdags/subdag.py
[2026-02-25T10:07:46.100+0000] {processor.py:927} WARNING - No viable dags retrieved from /home/ubuntu/airflow-venv/lib/python3.12/site-packages/airflow/example_dags/subdags/subdag.py
[2026-02-25T10:07:46.106+0000] {processor.py:208} INFO - Processing /home/ubuntu/airflow-venv/lib/python3.12/site-packages/airflow/example_dags/subdags/subdag.py took 0.014 seconds
[2026-02-25T10:08:36.288+0000] {processor.py:186} INFO - Started process (PID=2924) to work on /home/ubuntu/airflow-venv/lib/python3.12/site-packages/airflow/example_dags/subdags/subdag.py
[2026-02-25T10:08:36.289+0000] {processor.py:914} INFO - Processing file /home/ubuntu/airflow-venv/lib/python3.12/site-packages/airflow/example_dags/subdags/subdag.py for tasks to queue
[2026-02-25T10:08:36.290+0000] {logging_mixin.py:190} INFO - [2026-02-25T10:08:36.290+0000] {dagbag.py:588} INFO - Filling up the DagBag from /home/ubuntu/airflow-venv/lib/python3.12/site-packages/airflow/example_dags/subdags/subdag.py
[2026-02-25T10:08:36.292+0000] {processor.py:927} WARNING - No viable dags retrieved from /home/ubuntu/airflow-venv/lib/python3.12/site-packages/airflow/example_dags/subdags/subdag.py
[2026-02-25T10:08:36.298+0000] {processor.py:208} INFO - Processing /home/ubuntu/airflow-venv/lib/python3.12/site-packages/airflow/example_dags/subdags/subdag.py took 0.014 seconds
[2026-02-25T10:09:28.739+0000] {processor.py:186} INFO - Started process (PID=2976) to work on /home/ubuntu/airflow-venv/lib/python3.12/site-packages/airflow/example_dags/subdags/subdag.py
[2026-02-25T10:09:28.740+0000] {processor.py:914} INFO - Processing file /home/ubuntu/airflow-venv/lib/python3.12/site-packages/airflow/example_dags/subdags/subdag.py for tasks to queue
[2026-02-25T10:09:28.741+0000] {logging_mixin.py:190} INFO - [2026-02-25T10:09:28.741+0000] {dagbag.py:588} INFO - Filling up the DagBag from /home/ubuntu/airflow-venv/lib/python3.12/site-packages/airflow/example_dags/subdags/subdag.py
[2026-02-25T10:09:28.743+0000] {processor.py:927} WARNING - No viable dags retrieved from /home/ubuntu/airflow-venv/lib/python3.12/site-packages/airflow/example_dags/subdags/subdag.py
[2026-02-25T10:09:28.749+0000] {processor.py:208} INFO - Processing /home/ubuntu/airflow-venv/lib/python3.12/site-packages/airflow/example_dags/subdags/subdag.py took 0.014 seconds
[2026-02-25T10:10:16.675+0000] {processor.py:186} INFO - Started process (PID=3035) to work on /home/ubuntu/airflow-venv/lib/python3.12/site-packages/airflow/example_dags/subdags/subdag.py
[2026-02-25T10:10:16.676+0000] {processor.py:914} INFO - Processing file /home/ubuntu/airflow-venv/lib/python3.12/site-packages/airflow/example_dags/subdags/subdag.py for tasks to queue
[2026-02-25T10:10:16.677+0000] {logging_mixin.py:190} INFO - [2026-02-25T10:10:16.677+0000] {dagbag.py:588} INFO - Filling up the DagBag from /home/ubuntu/airflow-venv/lib/python3.12/site-packages/airflow/example_dags/subdags/subdag.py
[2026-02-25T10:10:16.678+0000] {processor.py:927} WARNING - No viable dags retrieved from /home/ubuntu/airflow-venv/lib/python3.12/site-packages/airflow/example_dags/subdags/subdag.py
[2026-02-25T10:10:16.685+0000] {processor.py:208} INFO - Processing /home/ubuntu/airflow-venv/lib/python3.12/site-packages/airflow/example_dags/subdags/subdag.py took 0.013 seconds
[2026-02-25T10:11:07.827+0000] {processor.py:186} INFO - Started process (PID=3092) to work on /home/ubuntu/airflow-venv/lib/python3.12/site-packages/airflow/example_dags/subdags/subdag.py
[2026-02-25T10:11:07.828+0000] {processor.py:914} INFO - Processing file /home/ubuntu/airflow-venv/lib/python3.12/site-packages/airflow/example_dags/subdags/subdag.py for tasks to queue
[2026-02-25T10:11:07.829+0000] {logging_mixin.py:190} INFO - [2026-02-25T10:11:07.829+0000] {dagbag.py:588} INFO - Filling up the DagBag from /home/ubuntu/airflow-venv/lib/python3.12/site-packages/airflow/example_dags/subdags/subdag.py
[2026-02-25T10:11:07.831+0000] {processor.py:927} WARNING - No viable dags retrieved from /home/ubuntu/airflow-venv/lib/python3.12/site-packages/airflow/example_dags/subdags/subdag.py
[2026-02-25T10:11:07.837+0000] {processor.py:208} INFO - Processing /home/ubuntu/airflow-venv/lib/python3.12/site-packages/airflow/example_dags/subdags/subdag.py took 0.014 seconds
[2026-02-25T10:11:59.882+0000] {processor.py:186} INFO - Started process (PID=3145) to work on /home/ubuntu/airflow-venv/lib/python3.12/site-packages/airflow/example_dags/subdags/subdag.py
[2026-02-25T10:11:59.883+0000] {processor.py:914} INFO - Processing file /home/ubuntu/airflow-venv/lib/python3.12/site-packages/airflow/example_dags/subdags/subdag.py for tasks to queue
[2026-02-25T10:11:59.884+0000] {logging_mixin.py:190} INFO - [2026-02-25T10:11:59.884+0000] {dagbag.py:588} INFO - Filling up the DagBag from /home/ubuntu/airflow-venv/lib/python3.12/site-packages/airflow/example_dags/subdags/subdag.py
[2026-02-25T10:11:59.886+0000] {processor.py:927} WARNING - No viable dags retrieved from /home/ubuntu/airflow-venv/lib/python3.12/site-packages/airflow/example_dags/subdags/subdag.py
[2026-02-25T10:11:59.893+0000] {processor.py:208} INFO - Processing /home/ubuntu/airflow-venv/lib/python3.12/site-packages/airflow/example_dags/subdags/subdag.py took 0.015 seconds
[2026-02-25T10:12:52.793+0000] {processor.py:186} INFO - Started process (PID=3199) to work on /home/ubuntu/airflow-venv/lib/python3.12/site-packages/airflow/example_dags/subdags/subdag.py
[2026-02-25T10:12:52.794+0000] {processor.py:914} INFO - Processing file /home/ubuntu/airflow-venv/lib/python3.12/site-packages/airflow/example_dags/subdags/subdag.py for tasks to queue
[2026-02-25T10:12:52.795+0000] {logging_mixin.py:190} INFO - [2026-02-25T10:12:52.795+0000] {dagbag.py:588} INFO - Filling up the DagBag from /home/ubuntu/airflow-venv/lib/python3.12/site-packages/airflow/example_dags/subdags/subdag.py
[2026-02-25T10:12:52.796+0000] {processor.py:927} WARNING - No viable dags retrieved from /home/ubuntu/airflow-venv/lib/python3.12/site-packages/airflow/example_dags/subdags/subdag.py
[2026-02-25T10:12:52.803+0000] {processor.py:208} INFO - Processing /home/ubuntu/airflow-venv/lib/python3.12/site-packages/airflow/example_dags/subdags/subdag.py took 0.014 seconds
[2026-02-25T10:13:40.310+0000] {processor.py:186} INFO - Started process (PID=3252) to work on /home/ubuntu/airflow-venv/lib/python3.12/site-packages/airflow/example_dags/subdags/subdag.py
[2026-02-25T10:13:40.312+0000] {processor.py:914} INFO - Processing file /home/ubuntu/airflow-venv/lib/python3.12/site-packages/airflow/example_dags/subdags/subdag.py for tasks to queue
[2026-02-25T10:13:40.313+0000] {logging_mixin.py:190} INFO - [2026-02-25T10:13:40.313+0000] {dagbag.py:588} INFO - Filling up the DagBag from /home/ubuntu/airflow-venv/lib/python3.12/site-packages/airflow/example_dags/subdags/subdag.py
[2026-02-25T10:13:40.314+0000] {processor.py:927} WARNING - No viable dags retrieved from /home/ubuntu/airflow-venv/lib/python3.12/site-packages/airflow/example_dags/subdags/subdag.py
[2026-02-25T10:13:40.321+0000] {processor.py:208} INFO - Processing /home/ubuntu/airflow-venv/lib/python3.12/site-packages/airflow/example_dags/subdags/subdag.py took 0.014 seconds
[2026-02-25T10:14:29.956+0000] {processor.py:186} INFO - Started process (PID=3306) to work on /home/ubuntu/airflow-venv/lib/python3.12/site-packages/airflow/example_dags/subdags/subdag.py
[2026-02-25T10:14:29.957+0000] {processor.py:914} INFO - Processing file /home/ubuntu/airflow-venv/lib/python3.12/site-packages/airflow/example_dags/subdags/subdag.py for tasks to queue
[2026-02-25T10:14:29.958+0000] {logging_mixin.py:190} INFO - [2026-02-25T10:14:29.958+0000] {dagbag.py:588} INFO - Filling up the DagBag from /home/ubuntu/airflow-venv/lib/python3.12/site-packages/airflow/example_dags/subdags/subdag.py
[2026-02-25T10:14:29.960+0000] {processor.py:927} WARNING - No viable dags retrieved from /home/ubuntu/airflow-venv/lib/python3.12/site-packages/airflow/example_dags/subdags/subdag.py
[2026-02-25T10:14:29.967+0000] {processor.py:208} INFO - Processing /home/ubuntu/airflow-venv/lib/python3.12/site-packages/airflow/example_dags/subdags/subdag.py took 0.014 seconds
[2026-02-25T10:15:20.212+0000] {processor.py:186} INFO - Started process (PID=3364) to work on /home/ubuntu/airflow-venv/lib/python3.12/site-packages/airflow/example_dags/subdags/subdag.py
[2026-02-25T10:15:20.213+0000] {processor.py:914} INFO - Processing file /home/ubuntu/airflow-venv/lib/python3.12/site-packages/airflow/example_dags/subdags/subdag.py for tasks to queue
[2026-02-25T10:15:20.215+0000] {logging_mixin.py:190} INFO - [2026-02-25T10:15:20.214+0000] {dagbag.py:588} INFO - Filling up the DagBag from /home/ubuntu/airflow-venv/lib/python3.12/site-packages/airflow/example_dags/subdags/subdag.py
[2026-02-25T10:15:20.216+0000] {processor.py:927} WARNING - No viable dags retrieved from /home/ubuntu/airflow-venv/lib/python3.12/site-packages/airflow/example_dags/subdags/subdag.py
[2026-02-25T10:15:20.222+0000] {processor.py:208} INFO - Processing /home/ubuntu/airflow-venv/lib/python3.12/site-packages/airflow/example_dags/subdags/subdag.py took 0.014 seconds
[2026-02-25T10:16:06.737+0000] {processor.py:186} INFO - Started process (PID=3415) to work on /home/ubuntu/airflow-venv/lib/python3.12/site-packages/airflow/example_dags/subdags/subdag.py
[2026-02-25T10:16:06.739+0000] {processor.py:914} INFO - Processing file /home/ubuntu/airflow-venv/lib/python3.12/site-packages/airflow/example_dags/subdags/subdag.py for tasks to queue
[2026-02-25T10:16:06.740+0000] {logging_mixin.py:190} INFO - [2026-02-25T10:16:06.740+0000] {dagbag.py:588} INFO - Filling up the DagBag from /home/ubuntu/airflow-venv/lib/python3.12/site-packages/airflow/example_dags/subdags/subdag.py
[2026-02-25T10:16:06.741+0000] {processor.py:927} WARNING - No viable dags retrieved from /home/ubuntu/airflow-venv/lib/python3.12/site-packages/airflow/example_dags/subdags/subdag.py
[2026-02-25T10:16:06.748+0000] {processor.py:208} INFO - Processing /home/ubuntu/airflow-venv/lib/python3.12/site-packages/airflow/example_dags/subdags/subdag.py took 0.014 seconds
[2026-02-25T10:16:58.675+0000] {processor.py:186} INFO - Started process (PID=3473) to work on /home/ubuntu/airflow-venv/lib/python3.12/site-packages/airflow/example_dags/subdags/subdag.py
[2026-02-25T10:16:58.676+0000] {processor.py:914} INFO - Processing file /home/ubuntu/airflow-venv/lib/python3.12/site-packages/airflow/example_dags/subdags/subdag.py for tasks to queue
[2026-02-25T10:16:58.677+0000] {logging_mixin.py:190} INFO - [2026-02-25T10:16:58.677+0000] {dagbag.py:588} INFO - Filling up the DagBag from /home/ubuntu/airflow-venv/lib/python3.12/site-packages/airflow/example_dags/subdags/subdag.py
[2026-02-25T10:16:58.679+0000] {processor.py:927} WARNING - No viable dags retrieved from /home/ubuntu/airflow-venv/lib/python3.12/site-packages/airflow/example_dags/subdags/subdag.py
[2026-02-25T10:16:58.685+0000] {processor.py:208} INFO - Processing /home/ubuntu/airflow-venv/lib/python3.12/site-packages/airflow/example_dags/subdags/subdag.py took 0.014 seconds
[2026-02-25T10:17:52.250+0000] {processor.py:186} INFO - Started process (PID=3531) to work on /home/ubuntu/airflow-venv/lib/python3.12/site-packages/airflow/example_dags/subdags/subdag.py
[2026-02-25T10:17:52.252+0000] {processor.py:914} INFO - Processing file /home/ubuntu/airflow-venv/lib/python3.12/site-packages/airflow/example_dags/subdags/subdag.py for tasks to queue
[2026-02-25T10:17:52.253+0000] {logging_mixin.py:190} INFO - [2026-02-25T10:17:52.253+0000] {dagbag.py:588} INFO - Filling up the DagBag from /home/ubuntu/airflow-venv/lib/python3.12/site-packages/airflow/example_dags/subdags/subdag.py
[2026-02-25T10:17:52.254+0000] {processor.py:927} WARNING - No viable dags retrieved from /home/ubuntu/airflow-venv/lib/python3.12/site-packages/airflow/example_dags/subdags/subdag.py
[2026-02-25T10:17:52.261+0000] {processor.py:208} INFO - Processing /home/ubuntu/airflow-venv/lib/python3.12/site-packages/airflow/example_dags/subdags/subdag.py took 0.014 seconds
[2026-02-25T10:18:41.334+0000] {processor.py:186} INFO - Started process (PID=3581) to work on /home/ubuntu/airflow-venv/lib/python3.12/site-packages/airflow/example_dags/subdags/subdag.py
[2026-02-25T10:18:41.335+0000] {processor.py:914} INFO - Processing file /home/ubuntu/airflow-venv/lib/python3.12/site-packages/airflow/example_dags/subdags/subdag.py for tasks to queue
[2026-02-25T10:18:41.337+0000] {logging_mixin.py:190} INFO - [2026-02-25T10:18:41.336+0000] {dagbag.py:588} INFO - Filling up the DagBag from /home/ubuntu/airflow-venv/lib/python3.12/site-packages/airflow/example_dags/subdags/subdag.py
[2026-02-25T10:18:41.338+0000] {processor.py:927} WARNING - No viable dags retrieved from /home/ubuntu/airflow-venv/lib/python3.12/site-packages/airflow/example_dags/subdags/subdag.py
[2026-02-25T10:18:41.344+0000] {processor.py:208} INFO - Processing /home/ubuntu/airflow-venv/lib/python3.12/site-packages/airflow/example_dags/subdags/subdag.py took 0.014 seconds
[2026-02-25T10:19:32.705+0000] {processor.py:186} INFO - Started process (PID=3635) to work on /home/ubuntu/airflow-venv/lib/python3.12/site-packages/airflow/example_dags/subdags/subdag.py
[2026-02-25T10:19:32.706+0000] {processor.py:914} INFO - Processing file /home/ubuntu/airflow-venv/lib/python3.12/site-packages/airflow/example_dags/subdags/subdag.py for tasks to queue
[2026-02-25T10:19:32.707+0000] {logging_mixin.py:190} INFO - [2026-02-25T10:19:32.707+0000] {dagbag.py:588} INFO - Filling up the DagBag from /home/ubuntu/airflow-venv/lib/python3.12/site-packages/airflow/example_dags/subdags/subdag.py
[2026-02-25T10:19:32.709+0000] {processor.py:927} WARNING - No viable dags retrieved from /home/ubuntu/airflow-venv/lib/python3.12/site-packages/airflow/example_dags/subdags/subdag.py
[2026-02-25T10:19:32.715+0000] {processor.py:208} INFO - Processing /home/ubuntu/airflow-venv/lib/python3.12/site-packages/airflow/example_dags/subdags/subdag.py took 0.014 seconds
[2026-02-25T10:20:22.961+0000] {processor.py:186} INFO - Started process (PID=3695) to work on /home/ubuntu/airflow-venv/lib/python3.12/site-packages/airflow/example_dags/subdags/subdag.py
[2026-02-25T10:20:22.962+0000] {processor.py:914} INFO - Processing file /home/ubuntu/airflow-venv/lib/python3.12/site-packages/airflow/example_dags/subdags/subdag.py for tasks to queue
[2026-02-25T10:20:22.963+0000] {logging_mixin.py:190} INFO - [2026-02-25T10:20:22.963+0000] {dagbag.py:588} INFO - Filling up the DagBag from /home/ubuntu/airflow-venv/lib/python3.12/site-packages/airflow/example_dags/subdags/subdag.py
[2026-02-25T10:20:22.965+0000] {processor.py:927} WARNING - No viable dags retrieved from /home/ubuntu/airflow-venv/lib/python3.12/site-packages/airflow/example_dags/subdags/subdag.py
[2026-02-25T10:20:22.971+0000] {processor.py:208} INFO - Processing /home/ubuntu/airflow-venv/lib/python3.12/site-packages/airflow/example_dags/subdags/subdag.py took 0.013 seconds
[2026-02-25T10:21:09.264+0000] {processor.py:186} INFO - Started process (PID=3747) to work on /home/ubuntu/airflow-venv/lib/python3.12/site-packages/airflow/example_dags/subdags/subdag.py
[2026-02-25T10:21:09.265+0000] {processor.py:914} INFO - Processing file /home/ubuntu/airflow-venv/lib/python3.12/site-packages/airflow/example_dags/subdags/subdag.py for tasks to queue
[2026-02-25T10:21:09.267+0000] {logging_mixin.py:190} INFO - [2026-02-25T10:21:09.266+0000] {dagbag.py:588} INFO - Filling up the DagBag from /home/ubuntu/airflow-venv/lib/python3.12/site-packages/airflow/example_dags/subdags/subdag.py
[2026-02-25T10:21:09.268+0000] {processor.py:927} WARNING - No viable dags retrieved from /home/ubuntu/airflow-venv/lib/python3.12/site-packages/airflow/example_dags/subdags/subdag.py
[2026-02-25T10:21:09.274+0000] {processor.py:208} INFO - Processing /home/ubuntu/airflow-venv/lib/python3.12/site-packages/airflow/example_dags/subdags/subdag.py took 0.014 seconds
[2026-02-25T10:21:59.292+0000] {processor.py:186} INFO - Started process (PID=3804) to work on /home/ubuntu/airflow-venv/lib/python3.12/site-packages/airflow/example_dags/subdags/subdag.py
[2026-02-25T10:21:59.293+0000] {processor.py:914} INFO - Processing file /home/ubuntu/airflow-venv/lib/python3.12/site-packages/airflow/example_dags/subdags/subdag.py for tasks to queue
[2026-02-25T10:21:59.294+0000] {logging_mixin.py:190} INFO - [2026-02-25T10:21:59.294+0000] {dagbag.py:588} INFO - Filling up the DagBag from /home/ubuntu/airflow-venv/lib/python3.12/site-packages/airflow/example_dags/subdags/subdag.py
[2026-02-25T10:21:59.296+0000] {processor.py:927} WARNING - No viable dags retrieved from /home/ubuntu/airflow-venv/lib/python3.12/site-packages/airflow/example_dags/subdags/subdag.py
[2026-02-25T10:21:59.302+0000] {processor.py:208} INFO - Processing /home/ubuntu/airflow-venv/lib/python3.12/site-packages/airflow/example_dags/subdags/subdag.py took 0.014 seconds
[2026-02-25T10:22:49.660+0000] {processor.py:186} INFO - Started process (PID=3857) to work on /home/ubuntu/airflow-venv/lib/python3.12/site-packages/airflow/example_dags/subdags/subdag.py
[2026-02-25T10:22:49.661+0000] {processor.py:914} INFO - Processing file /home/ubuntu/airflow-venv/lib/python3.12/site-packages/airflow/example_dags/subdags/subdag.py for tasks to queue
[2026-02-25T10:22:49.662+0000] {logging_mixin.py:190} INFO - [2026-02-25T10:22:49.662+0000] {dagbag.py:588} INFO - Filling up the DagBag from /home/ubuntu/airflow-venv/lib/python3.12/site-packages/airflow/example_dags/subdags/subdag.py
[2026-02-25T10:22:49.664+0000] {processor.py:927} WARNING - No viable dags retrieved from /home/ubuntu/airflow-venv/lib/python3.12/site-packages/airflow/example_dags/subdags/subdag.py
[2026-02-25T10:22:49.670+0000] {processor.py:208} INFO - Processing /home/ubuntu/airflow-venv/lib/python3.12/site-packages/airflow/example_dags/subdags/subdag.py took 0.013 seconds
[2026-02-25T10:23:41.959+0000] {processor.py:186} INFO - Started process (PID=3912) to work on /home/ubuntu/airflow-venv/lib/python3.12/site-packages/airflow/example_dags/subdags/subdag.py
[2026-02-25T10:23:41.960+0000] {processor.py:914} INFO - Processing file /home/ubuntu/airflow-venv/lib/python3.12/site-packages/airflow/example_dags/subdags/subdag.py for tasks to queue
[2026-02-25T10:23:41.961+0000] {logging_mixin.py:190} INFO - [2026-02-25T10:23:41.961+0000] {dagbag.py:588} INFO - Filling up the DagBag from /home/ubuntu/airflow-venv/lib/python3.12/site-packages/airflow/example_dags/subdags/subdag.py
[2026-02-25T10:23:41.962+0000] {processor.py:927} WARNING - No viable dags retrieved from /home/ubuntu/airflow-venv/lib/python3.12/site-packages/airflow/example_dags/subdags/subdag.py
[2026-02-25T10:23:41.969+0000] {processor.py:208} INFO - Processing /home/ubuntu/airflow-venv/lib/python3.12/site-packages/airflow/example_dags/subdags/subdag.py took 0.014 seconds
[2026-02-25T10:24:34.414+0000] {processor.py:186} INFO - Started process (PID=3965) to work on /home/ubuntu/airflow-venv/lib/python3.12/site-packages/airflow/example_dags/subdags/subdag.py
[2026-02-25T10:24:34.415+0000] {processor.py:914} INFO - Processing file /home/ubuntu/airflow-venv/lib/python3.12/site-packages/airflow/example_dags/subdags/subdag.py for tasks to queue
[2026-02-25T10:24:34.417+0000] {logging_mixin.py:190} INFO - [2026-02-25T10:24:34.417+0000] {dagbag.py:588} INFO - Filling up the DagBag from /home/ubuntu/airflow-venv/lib/python3.12/site-packages/airflow/example_dags/subdags/subdag.py
[2026-02-25T10:24:34.418+0000] {processor.py:927} WARNING - No viable dags retrieved from /home/ubuntu/airflow-venv/lib/python3.12/site-packages/airflow/example_dags/subdags/subdag.py
[2026-02-25T10:24:34.425+0000] {processor.py:208} INFO - Processing /home/ubuntu/airflow-venv/lib/python3.12/site-packages/airflow/example_dags/subdags/subdag.py took 0.014 seconds
[2026-02-25T10:25:24.664+0000] {processor.py:186} INFO - Started process (PID=4023) to work on /home/ubuntu/airflow-venv/lib/python3.12/site-packages/airflow/example_dags/subdags/subdag.py
[2026-02-25T10:25:24.665+0000] {processor.py:914} INFO - Processing file /home/ubuntu/airflow-venv/lib/python3.12/site-packages/airflow/example_dags/subdags/subdag.py for tasks to queue
[2026-02-25T10:25:24.667+0000] {logging_mixin.py:190} INFO - [2026-02-25T10:25:24.666+0000] {dagbag.py:588} INFO - Filling up the DagBag from /home/ubuntu/airflow-venv/lib/python3.12/site-packages/airflow/example_dags/subdags/subdag.py
[2026-02-25T10:25:24.668+0000] {processor.py:927} WARNING - No viable dags retrieved from /home/ubuntu/airflow-venv/lib/python3.12/site-packages/airflow/example_dags/subdags/subdag.py
[2026-02-25T10:25:24.674+0000] {processor.py:208} INFO - Processing /home/ubuntu/airflow-venv/lib/python3.12/site-packages/airflow/example_dags/subdags/subdag.py took 0.013 seconds
[2026-02-25T10:26:15.984+0000] {processor.py:186} INFO - Started process (PID=4077) to work on /home/ubuntu/airflow-venv/lib/python3.12/site-packages/airflow/example_dags/subdags/subdag.py
[2026-02-25T10:26:15.985+0000] {processor.py:914} INFO - Processing file /home/ubuntu/airflow-venv/lib/python3.12/site-packages/airflow/example_dags/subdags/subdag.py for tasks to queue
[2026-02-25T10:26:15.986+0000] {logging_mixin.py:190} INFO - [2026-02-25T10:26:15.986+0000] {dagbag.py:588} INFO - Filling up the DagBag from /home/ubuntu/airflow-venv/lib/python3.12/site-packages/airflow/example_dags/subdags/subdag.py
[2026-02-25T10:26:15.987+0000] {processor.py:927} WARNING - No viable dags retrieved from /home/ubuntu/airflow-venv/lib/python3.12/site-packages/airflow/example_dags/subdags/subdag.py
[2026-02-25T10:26:15.994+0000] {processor.py:208} INFO - Processing /home/ubuntu/airflow-venv/lib/python3.12/site-packages/airflow/example_dags/subdags/subdag.py took 0.014 seconds
[2026-02-25T10:27:08.439+0000] {processor.py:186} INFO - Started process (PID=4139) to work on /home/ubuntu/airflow-venv/lib/python3.12/site-packages/airflow/example_dags/subdags/subdag.py
[2026-02-25T10:27:08.440+0000] {processor.py:914} INFO - Processing file /home/ubuntu/airflow-venv/lib/python3.12/site-packages/airflow/example_dags/subdags/subdag.py for tasks to queue
[2026-02-25T10:27:08.441+0000] {logging_mixin.py:190} INFO - [2026-02-25T10:27:08.441+0000] {dagbag.py:588} INFO - Filling up the DagBag from /home/ubuntu/airflow-venv/lib/python3.12/site-packages/airflow/example_dags/subdags/subdag.py
[2026-02-25T10:27:08.442+0000] {processor.py:927} WARNING - No viable dags retrieved from /home/ubuntu/airflow-venv/lib/python3.12/site-packages/airflow/example_dags/subdags/subdag.py
[2026-02-25T10:27:08.449+0000] {processor.py:208} INFO - Processing /home/ubuntu/airflow-venv/lib/python3.12/site-packages/airflow/example_dags/subdags/subdag.py took 0.014 seconds
[2026-02-25T10:27:58.552+0000] {processor.py:186} INFO - Started process (PID=4195) to work on /home/ubuntu/airflow-venv/lib/python3.12/site-packages/airflow/example_dags/subdags/subdag.py
[2026-02-25T10:27:58.554+0000] {processor.py:914} INFO - Processing file /home/ubuntu/airflow-venv/lib/python3.12/site-packages/airflow/example_dags/subdags/subdag.py for tasks to queue
[2026-02-25T10:27:58.555+0000] {logging_mixin.py:190} INFO - [2026-02-25T10:27:58.555+0000] {dagbag.py:588} INFO - Filling up the DagBag from /home/ubuntu/airflow-venv/lib/python3.12/site-packages/airflow/example_dags/subdags/subdag.py
[2026-02-25T10:27:58.556+0000] {processor.py:927} WARNING - No viable dags retrieved from /home/ubuntu/airflow-venv/lib/python3.12/site-packages/airflow/example_dags/subdags/subdag.py
[2026-02-25T10:27:58.563+0000] {processor.py:208} INFO - Processing /home/ubuntu/airflow-venv/lib/python3.12/site-packages/airflow/example_dags/subdags/subdag.py took 0.014 seconds
[2026-02-25T10:28:47.070+0000] {processor.py:186} INFO - Started process (PID=4252) to work on /home/ubuntu/airflow-venv/lib/python3.12/site-packages/airflow/example_dags/subdags/subdag.py
[2026-02-25T10:28:47.071+0000] {processor.py:914} INFO - Processing file /home/ubuntu/airflow-venv/lib/python3.12/site-packages/airflow/example_dags/subdags/subdag.py for tasks to queue
[2026-02-25T10:28:47.072+0000] {logging_mixin.py:190} INFO - [2026-02-25T10:28:47.072+0000] {dagbag.py:588} INFO - Filling up the DagBag from /home/ubuntu/airflow-venv/lib/python3.12/site-packages/airflow/example_dags/subdags/subdag.py
[2026-02-25T10:28:47.074+0000] {processor.py:927} WARNING - No viable dags retrieved from /home/ubuntu/airflow-venv/lib/python3.12/site-packages/airflow/example_dags/subdags/subdag.py
[2026-02-25T10:28:47.080+0000] {processor.py:208} INFO - Processing /home/ubuntu/airflow-venv/lib/python3.12/site-packages/airflow/example_dags/subdags/subdag.py took 0.014 seconds
[2026-02-25T10:29:37.188+0000] {processor.py:186} INFO - Started process (PID=4306) to work on /home/ubuntu/airflow-venv/lib/python3.12/site-packages/airflow/example_dags/subdags/subdag.py
[2026-02-25T10:29:37.189+0000] {processor.py:914} INFO - Processing file /home/ubuntu/airflow-venv/lib/python3.12/site-packages/airflow/example_dags/subdags/subdag.py for tasks to queue
[2026-02-25T10:29:37.191+0000] {logging_mixin.py:190} INFO - [2026-02-25T10:29:37.191+0000] {dagbag.py:588} INFO - Filling up the DagBag from /home/ubuntu/airflow-venv/lib/python3.12/site-packages/airflow/example_dags/subdags/subdag.py
[2026-02-25T10:29:37.192+0000] {processor.py:927} WARNING - No viable dags retrieved from /home/ubuntu/airflow-venv/lib/python3.12/site-packages/airflow/example_dags/subdags/subdag.py
[2026-02-25T10:29:37.199+0000] {processor.py:208} INFO - Processing /home/ubuntu/airflow-venv/lib/python3.12/site-packages/airflow/example_dags/subdags/subdag.py took 0.014 seconds
[2026-02-25T10:30:25.253+0000] {processor.py:186} INFO - Started process (PID=4359) to work on /home/ubuntu/airflow-venv/lib/python3.12/site-packages/airflow/example_dags/subdags/subdag.py
[2026-02-25T10:30:25.254+0000] {processor.py:914} INFO - Processing file /home/ubuntu/airflow-venv/lib/python3.12/site-packages/airflow/example_dags/subdags/subdag.py for tasks to queue
[2026-02-25T10:30:25.256+0000] {logging_mixin.py:190} INFO - [2026-02-25T10:30:25.255+0000] {dagbag.py:588} INFO - Filling up the DagBag from /home/ubuntu/airflow-venv/lib/python3.12/site-packages/airflow/example_dags/subdags/subdag.py
[2026-02-25T10:30:25.257+0000] {processor.py:927} WARNING - No viable dags retrieved from /home/ubuntu/airflow-venv/lib/python3.12/site-packages/airflow/example_dags/subdags/subdag.py
[2026-02-25T10:30:25.263+0000] {processor.py:208} INFO - Processing /home/ubuntu/airflow-venv/lib/python3.12/site-packages/airflow/example_dags/subdags/subdag.py took 0.014 seconds
[2026-02-25T10:31:14.182+0000] {processor.py:186} INFO - Started process (PID=4411) to work on /home/ubuntu/airflow-venv/lib/python3.12/site-packages/airflow/example_dags/subdags/subdag.py
[2026-02-25T10:31:14.184+0000] {processor.py:914} INFO - Processing file /home/ubuntu/airflow-venv/lib/python3.12/site-packages/airflow/example_dags/subdags/subdag.py for tasks to queue
[2026-02-25T10:31:14.185+0000] {logging_mixin.py:190} INFO - [2026-02-25T10:31:14.185+0000] {dagbag.py:588} INFO - Filling up the DagBag from /home/ubuntu/airflow-venv/lib/python3.12/site-packages/airflow/example_dags/subdags/subdag.py
[2026-02-25T10:31:14.186+0000] {processor.py:927} WARNING - No viable dags retrieved from /home/ubuntu/airflow-venv/lib/python3.12/site-packages/airflow/example_dags/subdags/subdag.py
[2026-02-25T10:31:14.193+0000] {processor.py:208} INFO - Processing /home/ubuntu/airflow-venv/lib/python3.12/site-packages/airflow/example_dags/subdags/subdag.py took 0.014 seconds
[2026-02-25T10:32:04.255+0000] {processor.py:186} INFO - Started process (PID=4462) to work on /home/ubuntu/airflow-venv/lib/python3.12/site-packages/airflow/example_dags/subdags/subdag.py
[2026-02-25T10:32:04.257+0000] {processor.py:914} INFO - Processing file /home/ubuntu/airflow-venv/lib/python3.12/site-packages/airflow/example_dags/subdags/subdag.py for tasks to queue
[2026-02-25T10:32:04.258+0000] {logging_mixin.py:190} INFO - [2026-02-25T10:32:04.258+0000] {dagbag.py:588} INFO - Filling up the DagBag from /home/ubuntu/airflow-venv/lib/python3.12/site-packages/airflow/example_dags/subdags/subdag.py
[2026-02-25T10:32:04.259+0000] {processor.py:927} WARNING - No viable dags retrieved from /home/ubuntu/airflow-venv/lib/python3.12/site-packages/airflow/example_dags/subdags/subdag.py
[2026-02-25T10:32:04.266+0000] {processor.py:208} INFO - Processing /home/ubuntu/airflow-venv/lib/python3.12/site-packages/airflow/example_dags/subdags/subdag.py took 0.014 seconds
[2026-02-25T10:32:55.522+0000] {processor.py:186} INFO - Started process (PID=4515) to work on /home/ubuntu/airflow-venv/lib/python3.12/site-packages/airflow/example_dags/subdags/subdag.py
[2026-02-25T10:32:55.523+0000] {processor.py:914} INFO - Processing file /home/ubuntu/airflow-venv/lib/python3.12/site-packages/airflow/example_dags/subdags/subdag.py for tasks to queue
[2026-02-25T10:32:55.525+0000] {logging_mixin.py:190} INFO - [2026-02-25T10:32:55.525+0000] {dagbag.py:588} INFO - Filling up the DagBag from /home/ubuntu/airflow-venv/lib/python3.12/site-packages/airflow/example_dags/subdags/subdag.py
[2026-02-25T10:32:55.526+0000] {processor.py:927} WARNING - No viable dags retrieved from /home/ubuntu/airflow-venv/lib/python3.12/site-packages/airflow/example_dags/subdags/subdag.py
[2026-02-25T10:32:55.533+0000] {processor.py:208} INFO - Processing /home/ubuntu/airflow-venv/lib/python3.12/site-packages/airflow/example_dags/subdags/subdag.py took 0.014 seconds
[2026-02-25T10:46:10.606+0000] {processor.py:186} INFO - Started process (PID=5344) to work on /home/ubuntu/airflow-venv/lib/python3.12/site-packages/airflow/example_dags/subdags/subdag.py
[2026-02-25T10:46:10.607+0000] {processor.py:914} INFO - Processing file /home/ubuntu/airflow-venv/lib/python3.12/site-packages/airflow/example_dags/subdags/subdag.py for tasks to queue
[2026-02-25T10:46:10.608+0000] {logging_mixin.py:190} INFO - [2026-02-25T10:46:10.608+0000] {dagbag.py:588} INFO - Filling up the DagBag from /home/ubuntu/airflow-venv/lib/python3.12/site-packages/airflow/example_dags/subdags/subdag.py
[2026-02-25T10:46:10.609+0000] {processor.py:927} WARNING - No viable dags retrieved from /home/ubuntu/airflow-venv/lib/python3.12/site-packages/airflow/example_dags/subdags/subdag.py
[2026-02-25T10:46:10.616+0000] {processor.py:208} INFO - Processing /home/ubuntu/airflow-venv/lib/python3.12/site-packages/airflow/example_dags/subdags/subdag.py took 0.013 seconds
[2026-02-25T10:47:10.971+0000] {processor.py:186} INFO - Started process (PID=5845) to work on /home/ubuntu/airflow-venv/lib/python3.12/site-packages/airflow/example_dags/subdags/subdag.py
[2026-02-25T10:47:10.972+0000] {processor.py:914} INFO - Processing file /home/ubuntu/airflow-venv/lib/python3.12/site-packages/airflow/example_dags/subdags/subdag.py for tasks to queue
[2026-02-25T10:47:10.974+0000] {logging_mixin.py:190} INFO - [2026-02-25T10:47:10.973+0000] {dagbag.py:588} INFO - Filling up the DagBag from /home/ubuntu/airflow-venv/lib/python3.12/site-packages/airflow/example_dags/subdags/subdag.py
[2026-02-25T10:47:10.975+0000] {processor.py:927} WARNING - No viable dags retrieved from /home/ubuntu/airflow-venv/lib/python3.12/site-packages/airflow/example_dags/subdags/subdag.py
[2026-02-25T10:47:10.982+0000] {processor.py:208} INFO - Processing /home/ubuntu/airflow-venv/lib/python3.12/site-packages/airflow/example_dags/subdags/subdag.py took 0.014 seconds
[2026-02-25T10:48:02.339+0000] {processor.py:186} INFO - Started process (PID=6263) to work on /home/ubuntu/airflow-venv/lib/python3.12/site-packages/airflow/example_dags/subdags/subdag.py
[2026-02-25T10:48:02.340+0000] {processor.py:914} INFO - Processing file /home/ubuntu/airflow-venv/lib/python3.12/site-packages/airflow/example_dags/subdags/subdag.py for tasks to queue
[2026-02-25T10:48:02.341+0000] {logging_mixin.py:190} INFO - [2026-02-25T10:48:02.341+0000] {dagbag.py:588} INFO - Filling up the DagBag from /home/ubuntu/airflow-venv/lib/python3.12/site-packages/airflow/example_dags/subdags/subdag.py
[2026-02-25T10:48:02.342+0000] {processor.py:927} WARNING - No viable dags retrieved from /home/ubuntu/airflow-venv/lib/python3.12/site-packages/airflow/example_dags/subdags/subdag.py
[2026-02-25T10:48:02.349+0000] {processor.py:208} INFO - Processing /home/ubuntu/airflow-venv/lib/python3.12/site-packages/airflow/example_dags/subdags/subdag.py took 0.013 seconds
[2026-02-25T10:48:50.915+0000] {processor.py:186} INFO - Started process (PID=6317) to work on /home/ubuntu/airflow-venv/lib/python3.12/site-packages/airflow/example_dags/subdags/subdag.py
[2026-02-25T10:48:50.916+0000] {processor.py:914} INFO - Processing file /home/ubuntu/airflow-venv/lib/python3.12/site-packages/airflow/example_dags/subdags/subdag.py for tasks to queue
[2026-02-25T10:48:50.918+0000] {logging_mixin.py:190} INFO - [2026-02-25T10:48:50.917+0000] {dagbag.py:588} INFO - Filling up the DagBag from /home/ubuntu/airflow-venv/lib/python3.12/site-packages/airflow/example_dags/subdags/subdag.py
[2026-02-25T10:48:50.919+0000] {processor.py:927} WARNING - No viable dags retrieved from /home/ubuntu/airflow-venv/lib/python3.12/site-packages/airflow/example_dags/subdags/subdag.py
[2026-02-25T10:48:50.928+0000] {processor.py:208} INFO - Processing /home/ubuntu/airflow-venv/lib/python3.12/site-packages/airflow/example_dags/subdags/subdag.py took 0.017 seconds
[2026-02-25T10:49:42.190+0000] {processor.py:186} INFO - Started process (PID=6377) to work on /home/ubuntu/airflow-venv/lib/python3.12/site-packages/airflow/example_dags/subdags/subdag.py
[2026-02-25T10:49:42.192+0000] {processor.py:914} INFO - Processing file /home/ubuntu/airflow-venv/lib/python3.12/site-packages/airflow/example_dags/subdags/subdag.py for tasks to queue
[2026-02-25T10:49:42.193+0000] {logging_mixin.py:190} INFO - [2026-02-25T10:49:42.193+0000] {dagbag.py:588} INFO - Filling up the DagBag from /home/ubuntu/airflow-venv/lib/python3.12/site-packages/airflow/example_dags/subdags/subdag.py
[2026-02-25T10:49:42.194+0000] {processor.py:927} WARNING - No viable dags retrieved from /home/ubuntu/airflow-venv/lib/python3.12/site-packages/airflow/example_dags/subdags/subdag.py
[2026-02-25T10:49:42.201+0000] {processor.py:208} INFO - Processing /home/ubuntu/airflow-venv/lib/python3.12/site-packages/airflow/example_dags/subdags/subdag.py took 0.015 seconds
[2026-02-25T10:50:30.121+0000] {processor.py:186} INFO - Started process (PID=6430) to work on /home/ubuntu/airflow-venv/lib/python3.12/site-packages/airflow/example_dags/subdags/subdag.py
[2026-02-25T10:50:30.122+0000] {processor.py:914} INFO - Processing file /home/ubuntu/airflow-venv/lib/python3.12/site-packages/airflow/example_dags/subdags/subdag.py for tasks to queue
[2026-02-25T10:50:30.123+0000] {logging_mixin.py:190} INFO - [2026-02-25T10:50:30.123+0000] {dagbag.py:588} INFO - Filling up the DagBag from /home/ubuntu/airflow-venv/lib/python3.12/site-packages/airflow/example_dags/subdags/subdag.py
[2026-02-25T10:50:30.125+0000] {processor.py:927} WARNING - No viable dags retrieved from /home/ubuntu/airflow-venv/lib/python3.12/site-packages/airflow/example_dags/subdags/subdag.py
[2026-02-25T10:50:30.132+0000] {processor.py:208} INFO - Processing /home/ubuntu/airflow-venv/lib/python3.12/site-packages/airflow/example_dags/subdags/subdag.py took 0.014 seconds
[2026-02-25T10:51:17.885+0000] {processor.py:186} INFO - Started process (PID=6487) to work on /home/ubuntu/airflow-venv/lib/python3.12/site-packages/airflow/example_dags/subdags/subdag.py
[2026-02-25T10:51:17.887+0000] {processor.py:914} INFO - Processing file /home/ubuntu/airflow-venv/lib/python3.12/site-packages/airflow/example_dags/subdags/subdag.py for tasks to queue
[2026-02-25T10:51:17.888+0000] {logging_mixin.py:190} INFO - [2026-02-25T10:51:17.888+0000] {dagbag.py:588} INFO - Filling up the DagBag from /home/ubuntu/airflow-venv/lib/python3.12/site-packages/airflow/example_dags/subdags/subdag.py
[2026-02-25T10:51:17.889+0000] {processor.py:927} WARNING - No viable dags retrieved from /home/ubuntu/airflow-venv/lib/python3.12/site-packages/airflow/example_dags/subdags/subdag.py
[2026-02-25T10:51:17.896+0000] {processor.py:208} INFO - Processing /home/ubuntu/airflow-venv/lib/python3.12/site-packages/airflow/example_dags/subdags/subdag.py took 0.014 seconds
[2026-02-25T10:52:11.879+0000] {processor.py:186} INFO - Started process (PID=6556) to work on /home/ubuntu/airflow-venv/lib/python3.12/site-packages/airflow/example_dags/subdags/subdag.py
[2026-02-25T10:52:11.880+0000] {processor.py:914} INFO - Processing file /home/ubuntu/airflow-venv/lib/python3.12/site-packages/airflow/example_dags/subdags/subdag.py for tasks to queue
[2026-02-25T10:52:11.882+0000] {logging_mixin.py:190} INFO - [2026-02-25T10:52:11.881+0000] {dagbag.py:588} INFO - Filling up the DagBag from /home/ubuntu/airflow-venv/lib/python3.12/site-packages/airflow/example_dags/subdags/subdag.py
[2026-02-25T10:52:11.883+0000] {processor.py:927} WARNING - No viable dags retrieved from /home/ubuntu/airflow-venv/lib/python3.12/site-packages/airflow/example_dags/subdags/subdag.py
[2026-02-25T10:52:11.891+0000] {processor.py:208} INFO - Processing /home/ubuntu/airflow-venv/lib/python3.12/site-packages/airflow/example_dags/subdags/subdag.py took 0.015 seconds
[2026-02-25T10:57:23.467+0000] {processor.py:186} INFO - Started process (PID=6972) to work on /home/ubuntu/airflow-venv/lib/python3.12/site-packages/airflow/example_dags/subdags/subdag.py
[2026-02-25T10:57:23.468+0000] {processor.py:914} INFO - Processing file /home/ubuntu/airflow-venv/lib/python3.12/site-packages/airflow/example_dags/subdags/subdag.py for tasks to queue
[2026-02-25T10:57:23.469+0000] {logging_mixin.py:190} INFO - [2026-02-25T10:57:23.469+0000] {dagbag.py:588} INFO - Filling up the DagBag from /home/ubuntu/airflow-venv/lib/python3.12/site-packages/airflow/example_dags/subdags/subdag.py
[2026-02-25T10:57:23.470+0000] {processor.py:927} WARNING - No viable dags retrieved from /home/ubuntu/airflow-venv/lib/python3.12/site-packages/airflow/example_dags/subdags/subdag.py
[2026-02-25T10:57:23.477+0000] {processor.py:208} INFO - Processing /home/ubuntu/airflow-venv/lib/python3.12/site-packages/airflow/example_dags/subdags/subdag.py took 0.014 seconds
[2026-02-25T10:58:18.079+0000] {processor.py:186} INFO - Started process (PID=7400) to work on /home/ubuntu/airflow-venv/lib/python3.12/site-packages/airflow/example_dags/subdags/subdag.py
[2026-02-25T10:58:18.080+0000] {processor.py:914} INFO - Processing file /home/ubuntu/airflow-venv/lib/python3.12/site-packages/airflow/example_dags/subdags/subdag.py for tasks to queue
[2026-02-25T10:58:18.081+0000] {logging_mixin.py:190} INFO - [2026-02-25T10:58:18.081+0000] {dagbag.py:588} INFO - Filling up the DagBag from /home/ubuntu/airflow-venv/lib/python3.12/site-packages/airflow/example_dags/subdags/subdag.py
[2026-02-25T10:58:18.082+0000] {processor.py:927} WARNING - No viable dags retrieved from /home/ubuntu/airflow-venv/lib/python3.12/site-packages/airflow/example_dags/subdags/subdag.py
[2026-02-25T10:58:18.089+0000] {processor.py:208} INFO - Processing /home/ubuntu/airflow-venv/lib/python3.12/site-packages/airflow/example_dags/subdags/subdag.py took 0.014 seconds
[2026-02-25T10:59:07.135+0000] {processor.py:186} INFO - Started process (PID=7458) to work on /home/ubuntu/airflow-venv/lib/python3.12/site-packages/airflow/example_dags/subdags/subdag.py
[2026-02-25T10:59:07.136+0000] {processor.py:914} INFO - Processing file /home/ubuntu/airflow-venv/lib/python3.12/site-packages/airflow/example_dags/subdags/subdag.py for tasks to queue
[2026-02-25T10:59:07.137+0000] {logging_mixin.py:190} INFO - [2026-02-25T10:59:07.137+0000] {dagbag.py:588} INFO - Filling up the DagBag from /home/ubuntu/airflow-venv/lib/python3.12/site-packages/airflow/example_dags/subdags/subdag.py
[2026-02-25T10:59:07.138+0000] {processor.py:927} WARNING - No viable dags retrieved from /home/ubuntu/airflow-venv/lib/python3.12/site-packages/airflow/example_dags/subdags/subdag.py
[2026-02-25T10:59:07.145+0000] {processor.py:208} INFO - Processing /home/ubuntu/airflow-venv/lib/python3.12/site-packages/airflow/example_dags/subdags/subdag.py took 0.014 seconds
[2026-02-25T10:59:55.227+0000] {processor.py:186} INFO - Started process (PID=7509) to work on /home/ubuntu/airflow-venv/lib/python3.12/site-packages/airflow/example_dags/subdags/subdag.py
[2026-02-25T10:59:55.229+0000] {processor.py:914} INFO - Processing file /home/ubuntu/airflow-venv/lib/python3.12/site-packages/airflow/example_dags/subdags/subdag.py for tasks to queue
[2026-02-25T10:59:55.230+0000] {logging_mixin.py:190} INFO - [2026-02-25T10:59:55.230+0000] {dagbag.py:588} INFO - Filling up the DagBag from /home/ubuntu/airflow-venv/lib/python3.12/site-packages/airflow/example_dags/subdags/subdag.py
[2026-02-25T10:59:55.231+0000] {processor.py:927} WARNING - No viable dags retrieved from /home/ubuntu/airflow-venv/lib/python3.12/site-packages/airflow/example_dags/subdags/subdag.py
[2026-02-25T10:59:55.238+0000] {processor.py:208} INFO - Processing /home/ubuntu/airflow-venv/lib/python3.12/site-packages/airflow/example_dags/subdags/subdag.py took 0.014 seconds
[2026-02-25T11:00:20.597+0000] {processor.py:186} INFO - Started process (PID=7919) to work on /home/ubuntu/airflow-venv/lib/python3.12/site-packages/airflow/example_dags/subdags/subdag.py
[2026-02-25T11:00:20.597+0000] {processor.py:914} INFO - Processing file /home/ubuntu/airflow-venv/lib/python3.12/site-packages/airflow/example_dags/subdags/subdag.py for tasks to queue
[2026-02-25T11:00:20.599+0000] {logging_mixin.py:190} INFO - [2026-02-25T11:00:20.599+0000] {dagbag.py:588} INFO - Filling up the DagBag from /home/ubuntu/airflow-venv/lib/python3.12/site-packages/airflow/example_dags/subdags/subdag.py
[2026-02-25T11:00:20.601+0000] {processor.py:927} WARNING - No viable dags retrieved from /home/ubuntu/airflow-venv/lib/python3.12/site-packages/airflow/example_dags/subdags/subdag.py
[2026-02-25T11:00:20.611+0000] {processor.py:208} INFO - Processing /home/ubuntu/airflow-venv/lib/python3.12/site-packages/airflow/example_dags/subdags/subdag.py took 0.019 seconds
[2026-02-25T11:00:49.992+0000] {processor.py:186} INFO - Started process (PID=7983) to work on /home/ubuntu/airflow-venv/lib/python3.12/site-packages/airflow/example_dags/subdags/subdag.py
[2026-02-25T11:00:49.994+0000] {processor.py:914} INFO - Processing file /home/ubuntu/airflow-venv/lib/python3.12/site-packages/airflow/example_dags/subdags/subdag.py for tasks to queue
[2026-02-25T11:00:49.995+0000] {logging_mixin.py:190} INFO - [2026-02-25T11:00:49.995+0000] {dagbag.py:588} INFO - Filling up the DagBag from /home/ubuntu/airflow-venv/lib/python3.12/site-packages/airflow/example_dags/subdags/subdag.py
[2026-02-25T11:00:49.996+0000] {processor.py:927} WARNING - No viable dags retrieved from /home/ubuntu/airflow-venv/lib/python3.12/site-packages/airflow/example_dags/subdags/subdag.py
[2026-02-25T11:00:50.004+0000] {processor.py:208} INFO - Processing /home/ubuntu/airflow-venv/lib/python3.12/site-packages/airflow/example_dags/subdags/subdag.py took 0.015 seconds
[2026-02-25T11:05:11.077+0000] {processor.py:186} INFO - Started process (PID=8041) to work on /home/ubuntu/airflow-venv/lib/python3.12/site-packages/airflow/example_dags/subdags/subdag.py
[2026-02-25T11:05:11.078+0000] {processor.py:914} INFO - Processing file /home/ubuntu/airflow-venv/lib/python3.12/site-packages/airflow/example_dags/subdags/subdag.py for tasks to queue
[2026-02-25T11:05:11.079+0000] {logging_mixin.py:190} INFO - [2026-02-25T11:05:11.079+0000] {dagbag.py:588} INFO - Filling up the DagBag from /home/ubuntu/airflow-venv/lib/python3.12/site-packages/airflow/example_dags/subdags/subdag.py
[2026-02-25T11:05:11.081+0000] {processor.py:927} WARNING - No viable dags retrieved from /home/ubuntu/airflow-venv/lib/python3.12/site-packages/airflow/example_dags/subdags/subdag.py
[2026-02-25T11:05:11.087+0000] {processor.py:208} INFO - Processing /home/ubuntu/airflow-venv/lib/python3.12/site-packages/airflow/example_dags/subdags/subdag.py took 0.014 seconds
[2026-02-25T11:05:44.803+0000] {processor.py:186} INFO - Started process (PID=8086) to work on /home/ubuntu/airflow-venv/lib/python3.12/site-packages/airflow/example_dags/subdags/subdag.py
[2026-02-25T11:05:44.804+0000] {processor.py:914} INFO - Processing file /home/ubuntu/airflow-venv/lib/python3.12/site-packages/airflow/example_dags/subdags/subdag.py for tasks to queue
[2026-02-25T11:05:44.805+0000] {logging_mixin.py:190} INFO - [2026-02-25T11:05:44.805+0000] {dagbag.py:588} INFO - Filling up the DagBag from /home/ubuntu/airflow-venv/lib/python3.12/site-packages/airflow/example_dags/subdags/subdag.py
[2026-02-25T11:05:44.806+0000] {processor.py:927} WARNING - No viable dags retrieved from /home/ubuntu/airflow-venv/lib/python3.12/site-packages/airflow/example_dags/subdags/subdag.py
[2026-02-25T11:05:44.813+0000] {processor.py:208} INFO - Processing /home/ubuntu/airflow-venv/lib/python3.12/site-packages/airflow/example_dags/subdags/subdag.py took 0.013 seconds
[2026-02-25T11:06:05.769+0000] {processor.py:186} INFO - Started process (PID=8130) to work on /home/ubuntu/airflow-venv/lib/python3.12/site-packages/airflow/example_dags/subdags/subdag.py
[2026-02-25T11:06:05.770+0000] {processor.py:914} INFO - Processing file /home/ubuntu/airflow-venv/lib/python3.12/site-packages/airflow/example_dags/subdags/subdag.py for tasks to queue
[2026-02-25T11:06:05.772+0000] {logging_mixin.py:190} INFO - [2026-02-25T11:06:05.771+0000] {dagbag.py:588} INFO - Filling up the DagBag from /home/ubuntu/airflow-venv/lib/python3.12/site-packages/airflow/example_dags/subdags/subdag.py
[2026-02-25T11:06:05.773+0000] {processor.py:927} WARNING - No viable dags retrieved from /home/ubuntu/airflow-venv/lib/python3.12/site-packages/airflow/example_dags/subdags/subdag.py
[2026-02-25T11:06:05.780+0000] {processor.py:208} INFO - Processing /home/ubuntu/airflow-venv/lib/python3.12/site-packages/airflow/example_dags/subdags/subdag.py took 0.014 seconds
[2026-02-25T11:06:39.392+0000] {processor.py:186} INFO - Started process (PID=8201) to work on /home/ubuntu/airflow-venv/lib/python3.12/site-packages/airflow/example_dags/subdags/subdag.py
[2026-02-25T11:06:39.393+0000] {processor.py:914} INFO - Processing file /home/ubuntu/airflow-venv/lib/python3.12/site-packages/airflow/example_dags/subdags/subdag.py for tasks to queue
[2026-02-25T11:06:39.394+0000] {logging_mixin.py:190} INFO - [2026-02-25T11:06:39.394+0000] {dagbag.py:588} INFO - Filling up the DagBag from /home/ubuntu/airflow-venv/lib/python3.12/site-packages/airflow/example_dags/subdags/subdag.py
[2026-02-25T11:06:39.395+0000] {processor.py:927} WARNING - No viable dags retrieved from /home/ubuntu/airflow-venv/lib/python3.12/site-packages/airflow/example_dags/subdags/subdag.py
[2026-02-25T11:06:39.402+0000] {processor.py:208} INFO - Processing /home/ubuntu/airflow-venv/lib/python3.12/site-packages/airflow/example_dags/subdags/subdag.py took 0.014 seconds
[2026-02-25T11:06:53.612+0000] {processor.py:186} INFO - Started process (PID=8232) to work on /home/ubuntu/airflow-venv/lib/python3.12/site-packages/airflow/example_dags/subdags/subdag.py
[2026-02-25T11:06:53.612+0000] {processor.py:914} INFO - Processing file /home/ubuntu/airflow-venv/lib/python3.12/site-packages/airflow/example_dags/subdags/subdag.py for tasks to queue
[2026-02-25T11:06:53.613+0000] {logging_mixin.py:190} INFO - [2026-02-25T11:06:53.613+0000] {dagbag.py:588} INFO - Filling up the DagBag from /home/ubuntu/airflow-venv/lib/python3.12/site-packages/airflow/example_dags/subdags/subdag.py
[2026-02-25T11:06:53.615+0000] {processor.py:927} WARNING - No viable dags retrieved from /home/ubuntu/airflow-venv/lib/python3.12/site-packages/airflow/example_dags/subdags/subdag.py
[2026-02-25T11:06:53.622+0000] {processor.py:208} INFO - Processing /home/ubuntu/airflow-venv/lib/python3.12/site-packages/airflow/example_dags/subdags/subdag.py took 0.014 seconds
[2026-02-25T11:07:27.347+0000] {processor.py:186} INFO - Started process (PID=8305) to work on /home/ubuntu/airflow-venv/lib/python3.12/site-packages/airflow/example_dags/subdags/subdag.py
[2026-02-25T11:07:27.347+0000] {processor.py:914} INFO - Processing file /home/ubuntu/airflow-venv/lib/python3.12/site-packages/airflow/example_dags/subdags/subdag.py for tasks to queue
[2026-02-25T11:07:27.349+0000] {logging_mixin.py:190} INFO - [2026-02-25T11:07:27.349+0000] {dagbag.py:588} INFO - Filling up the DagBag from /home/ubuntu/airflow-venv/lib/python3.12/site-packages/airflow/example_dags/subdags/subdag.py
[2026-02-25T11:07:27.350+0000] {processor.py:927} WARNING - No viable dags retrieved from /home/ubuntu/airflow-venv/lib/python3.12/site-packages/airflow/example_dags/subdags/subdag.py
[2026-02-25T11:07:27.357+0000] {processor.py:208} INFO - Processing /home/ubuntu/airflow-venv/lib/python3.12/site-packages/airflow/example_dags/subdags/subdag.py took 0.014 seconds
[2026-02-25T11:07:39.865+0000] {processor.py:186} INFO - Started process (PID=8330) to work on /home/ubuntu/airflow-venv/lib/python3.12/site-packages/airflow/example_dags/subdags/subdag.py
[2026-02-25T11:07:39.866+0000] {processor.py:914} INFO - Processing file /home/ubuntu/airflow-venv/lib/python3.12/site-packages/airflow/example_dags/subdags/subdag.py for tasks to queue
[2026-02-25T11:07:39.867+0000] {logging_mixin.py:190} INFO - [2026-02-25T11:07:39.867+0000] {dagbag.py:588} INFO - Filling up the DagBag from /home/ubuntu/airflow-venv/lib/python3.12/site-packages/airflow/example_dags/subdags/subdag.py
[2026-02-25T11:07:39.868+0000] {processor.py:927} WARNING - No viable dags retrieved from /home/ubuntu/airflow-venv/lib/python3.12/site-packages/airflow/example_dags/subdags/subdag.py
[2026-02-25T11:07:39.877+0000] {processor.py:208} INFO - Processing /home/ubuntu/airflow-venv/lib/python3.12/site-packages/airflow/example_dags/subdags/subdag.py took 0.016 seconds
[2026-02-25T11:08:13.593+0000] {processor.py:186} INFO - Started process (PID=8405) to work on /home/ubuntu/airflow-venv/lib/python3.12/site-packages/airflow/example_dags/subdags/subdag.py
[2026-02-25T11:08:13.594+0000] {processor.py:914} INFO - Processing file /home/ubuntu/airflow-venv/lib/python3.12/site-packages/airflow/example_dags/subdags/subdag.py for tasks to queue
[2026-02-25T11:08:13.595+0000] {logging_mixin.py:190} INFO - [2026-02-25T11:08:13.595+0000] {dagbag.py:588} INFO - Filling up the DagBag from /home/ubuntu/airflow-venv/lib/python3.12/site-packages/airflow/example_dags/subdags/subdag.py
[2026-02-25T11:08:13.597+0000] {processor.py:927} WARNING - No viable dags retrieved from /home/ubuntu/airflow-venv/lib/python3.12/site-packages/airflow/example_dags/subdags/subdag.py
[2026-02-25T11:08:13.604+0000] {processor.py:208} INFO - Processing /home/ubuntu/airflow-venv/lib/python3.12/site-packages/airflow/example_dags/subdags/subdag.py took 0.014 seconds
[2026-02-25T11:08:30.092+0000] {processor.py:186} INFO - Started process (PID=8452) to work on /home/ubuntu/airflow-venv/lib/python3.12/site-packages/airflow/example_dags/subdags/subdag.py
[2026-02-25T11:08:30.093+0000] {processor.py:914} INFO - Processing file /home/ubuntu/airflow-venv/lib/python3.12/site-packages/airflow/example_dags/subdags/subdag.py for tasks to queue
[2026-02-25T11:08:30.094+0000] {logging_mixin.py:190} INFO - [2026-02-25T11:08:30.094+0000] {dagbag.py:588} INFO - Filling up the DagBag from /home/ubuntu/airflow-venv/lib/python3.12/site-packages/airflow/example_dags/subdags/subdag.py
[2026-02-25T11:08:30.096+0000] {processor.py:927} WARNING - No viable dags retrieved from /home/ubuntu/airflow-venv/lib/python3.12/site-packages/airflow/example_dags/subdags/subdag.py
[2026-02-25T11:08:30.104+0000] {processor.py:208} INFO - Processing /home/ubuntu/airflow-venv/lib/python3.12/site-packages/airflow/example_dags/subdags/subdag.py took 0.017 seconds
[2026-02-25T11:09:03.623+0000] {processor.py:186} INFO - Started process (PID=8527) to work on /home/ubuntu/airflow-venv/lib/python3.12/site-packages/airflow/example_dags/subdags/subdag.py
[2026-02-25T11:09:03.624+0000] {processor.py:914} INFO - Processing file /home/ubuntu/airflow-venv/lib/python3.12/site-packages/airflow/example_dags/subdags/subdag.py for tasks to queue
[2026-02-25T11:09:03.626+0000] {logging_mixin.py:190} INFO - [2026-02-25T11:09:03.626+0000] {dagbag.py:588} INFO - Filling up the DagBag from /home/ubuntu/airflow-venv/lib/python3.12/site-packages/airflow/example_dags/subdags/subdag.py
[2026-02-25T11:09:03.627+0000] {processor.py:927} WARNING - No viable dags retrieved from /home/ubuntu/airflow-venv/lib/python3.12/site-packages/airflow/example_dags/subdags/subdag.py
[2026-02-25T11:09:03.634+0000] {processor.py:208} INFO - Processing /home/ubuntu/airflow-venv/lib/python3.12/site-packages/airflow/example_dags/subdags/subdag.py took 0.015 seconds
[2026-02-25T11:09:22.964+0000] {processor.py:186} INFO - Started process (PID=8567) to work on /home/ubuntu/airflow-venv/lib/python3.12/site-packages/airflow/example_dags/subdags/subdag.py
[2026-02-25T11:09:22.965+0000] {processor.py:914} INFO - Processing file /home/ubuntu/airflow-venv/lib/python3.12/site-packages/airflow/example_dags/subdags/subdag.py for tasks to queue
[2026-02-25T11:09:22.966+0000] {logging_mixin.py:190} INFO - [2026-02-25T11:09:22.966+0000] {dagbag.py:588} INFO - Filling up the DagBag from /home/ubuntu/airflow-venv/lib/python3.12/site-packages/airflow/example_dags/subdags/subdag.py
[2026-02-25T11:09:22.968+0000] {processor.py:927} WARNING - No viable dags retrieved from /home/ubuntu/airflow-venv/lib/python3.12/site-packages/airflow/example_dags/subdags/subdag.py
[2026-02-25T11:09:22.975+0000] {processor.py:208} INFO - Processing /home/ubuntu/airflow-venv/lib/python3.12/site-packages/airflow/example_dags/subdags/subdag.py took 0.014 seconds
[2026-02-25T11:09:54.591+0000] {processor.py:186} INFO - Started process (PID=8633) to work on /home/ubuntu/airflow-venv/lib/python3.12/site-packages/airflow/example_dags/subdags/subdag.py
[2026-02-25T11:09:54.592+0000] {processor.py:914} INFO - Processing file /home/ubuntu/airflow-venv/lib/python3.12/site-packages/airflow/example_dags/subdags/subdag.py for tasks to queue
[2026-02-25T11:09:54.593+0000] {logging_mixin.py:190} INFO - [2026-02-25T11:09:54.593+0000] {dagbag.py:588} INFO - Filling up the DagBag from /home/ubuntu/airflow-venv/lib/python3.12/site-packages/airflow/example_dags/subdags/subdag.py
[2026-02-25T11:09:54.595+0000] {processor.py:927} WARNING - No viable dags retrieved from /home/ubuntu/airflow-venv/lib/python3.12/site-packages/airflow/example_dags/subdags/subdag.py
[2026-02-25T11:09:54.602+0000] {processor.py:208} INFO - Processing /home/ubuntu/airflow-venv/lib/python3.12/site-packages/airflow/example_dags/subdags/subdag.py took 0.015 seconds
[2026-02-25T11:10:11.333+0000] {processor.py:186} INFO - Started process (PID=8672) to work on /home/ubuntu/airflow-venv/lib/python3.12/site-packages/airflow/example_dags/subdags/subdag.py
[2026-02-25T11:10:11.334+0000] {processor.py:914} INFO - Processing file /home/ubuntu/airflow-venv/lib/python3.12/site-packages/airflow/example_dags/subdags/subdag.py for tasks to queue
[2026-02-25T11:10:11.335+0000] {logging_mixin.py:190} INFO - [2026-02-25T11:10:11.335+0000] {dagbag.py:588} INFO - Filling up the DagBag from /home/ubuntu/airflow-venv/lib/python3.12/site-packages/airflow/example_dags/subdags/subdag.py
[2026-02-25T11:10:11.337+0000] {processor.py:927} WARNING - No viable dags retrieved from /home/ubuntu/airflow-venv/lib/python3.12/site-packages/airflow/example_dags/subdags/subdag.py
[2026-02-25T11:10:11.344+0000] {processor.py:208} INFO - Processing /home/ubuntu/airflow-venv/lib/python3.12/site-packages/airflow/example_dags/subdags/subdag.py took 0.014 seconds
[2026-02-25T11:10:44.035+0000] {processor.py:186} INFO - Started process (PID=8740) to work on /home/ubuntu/airflow-venv/lib/python3.12/site-packages/airflow/example_dags/subdags/subdag.py
[2026-02-25T11:10:44.037+0000] {processor.py:914} INFO - Processing file /home/ubuntu/airflow-venv/lib/python3.12/site-packages/airflow/example_dags/subdags/subdag.py for tasks to queue
[2026-02-25T11:10:44.038+0000] {logging_mixin.py:190} INFO - [2026-02-25T11:10:44.038+0000] {dagbag.py:588} INFO - Filling up the DagBag from /home/ubuntu/airflow-venv/lib/python3.12/site-packages/airflow/example_dags/subdags/subdag.py
[2026-02-25T11:10:44.040+0000] {processor.py:927} WARNING - No viable dags retrieved from /home/ubuntu/airflow-venv/lib/python3.12/site-packages/airflow/example_dags/subdags/subdag.py
[2026-02-25T11:10:44.046+0000] {processor.py:208} INFO - Processing /home/ubuntu/airflow-venv/lib/python3.12/site-packages/airflow/example_dags/subdags/subdag.py took 0.014 seconds
[2026-02-25T11:11:01.610+0000] {processor.py:186} INFO - Started process (PID=8775) to work on /home/ubuntu/airflow-venv/lib/python3.12/site-packages/airflow/example_dags/subdags/subdag.py
[2026-02-25T11:11:01.611+0000] {processor.py:914} INFO - Processing file /home/ubuntu/airflow-venv/lib/python3.12/site-packages/airflow/example_dags/subdags/subdag.py for tasks to queue
[2026-02-25T11:11:01.612+0000] {logging_mixin.py:190} INFO - [2026-02-25T11:11:01.612+0000] {dagbag.py:588} INFO - Filling up the DagBag from /home/ubuntu/airflow-venv/lib/python3.12/site-packages/airflow/example_dags/subdags/subdag.py
[2026-02-25T11:11:01.614+0000] {processor.py:927} WARNING - No viable dags retrieved from /home/ubuntu/airflow-venv/lib/python3.12/site-packages/airflow/example_dags/subdags/subdag.py
[2026-02-25T11:11:01.621+0000] {processor.py:208} INFO - Processing /home/ubuntu/airflow-venv/lib/python3.12/site-packages/airflow/example_dags/subdags/subdag.py took 0.014 seconds
[2026-02-25T11:11:37.579+0000] {processor.py:186} INFO - Started process (PID=8847) to work on /home/ubuntu/airflow-venv/lib/python3.12/site-packages/airflow/example_dags/subdags/subdag.py
[2026-02-25T11:11:37.581+0000] {processor.py:914} INFO - Processing file /home/ubuntu/airflow-venv/lib/python3.12/site-packages/airflow/example_dags/subdags/subdag.py for tasks to queue
[2026-02-25T11:11:37.582+0000] {logging_mixin.py:190} INFO - [2026-02-25T11:11:37.582+0000] {dagbag.py:588} INFO - Filling up the DagBag from /home/ubuntu/airflow-venv/lib/python3.12/site-packages/airflow/example_dags/subdags/subdag.py
[2026-02-25T11:11:37.584+0000] {processor.py:927} WARNING - No viable dags retrieved from /home/ubuntu/airflow-venv/lib/python3.12/site-packages/airflow/example_dags/subdags/subdag.py
[2026-02-25T11:11:37.591+0000] {processor.py:208} INFO - Processing /home/ubuntu/airflow-venv/lib/python3.12/site-packages/airflow/example_dags/subdags/subdag.py took 0.015 seconds
[2026-02-25T11:11:54.834+0000] {processor.py:186} INFO - Started process (PID=8890) to work on /home/ubuntu/airflow-venv/lib/python3.12/site-packages/airflow/example_dags/subdags/subdag.py
[2026-02-25T11:11:54.835+0000] {processor.py:914} INFO - Processing file /home/ubuntu/airflow-venv/lib/python3.12/site-packages/airflow/example_dags/subdags/subdag.py for tasks to queue
[2026-02-25T11:11:54.837+0000] {logging_mixin.py:190} INFO - [2026-02-25T11:11:54.836+0000] {dagbag.py:588} INFO - Filling up the DagBag from /home/ubuntu/airflow-venv/lib/python3.12/site-packages/airflow/example_dags/subdags/subdag.py
[2026-02-25T11:11:54.838+0000] {processor.py:927} WARNING - No viable dags retrieved from /home/ubuntu/airflow-venv/lib/python3.12/site-packages/airflow/example_dags/subdags/subdag.py
[2026-02-25T11:11:54.848+0000] {processor.py:208} INFO - Processing /home/ubuntu/airflow-venv/lib/python3.12/site-packages/airflow/example_dags/subdags/subdag.py took 0.018 seconds
[2026-02-25T11:12:32.182+0000] {processor.py:186} INFO - Started process (PID=8966) to work on /home/ubuntu/airflow-venv/lib/python3.12/site-packages/airflow/example_dags/subdags/subdag.py
[2026-02-25T11:12:32.183+0000] {processor.py:914} INFO - Processing file /home/ubuntu/airflow-venv/lib/python3.12/site-packages/airflow/example_dags/subdags/subdag.py for tasks to queue
[2026-02-25T11:12:32.185+0000] {logging_mixin.py:190} INFO - [2026-02-25T11:12:32.185+0000] {dagbag.py:588} INFO - Filling up the DagBag from /home/ubuntu/airflow-venv/lib/python3.12/site-packages/airflow/example_dags/subdags/subdag.py
[2026-02-25T11:12:32.186+0000] {processor.py:927} WARNING - No viable dags retrieved from /home/ubuntu/airflow-venv/lib/python3.12/site-packages/airflow/example_dags/subdags/subdag.py
[2026-02-25T11:12:32.193+0000] {processor.py:208} INFO - Processing /home/ubuntu/airflow-venv/lib/python3.12/site-packages/airflow/example_dags/subdags/subdag.py took 0.015 seconds
[2026-02-25T11:12:43.584+0000] {processor.py:186} INFO - Started process (PID=8988) to work on /home/ubuntu/airflow-venv/lib/python3.12/site-packages/airflow/example_dags/subdags/subdag.py
[2026-02-25T11:12:43.585+0000] {processor.py:914} INFO - Processing file /home/ubuntu/airflow-venv/lib/python3.12/site-packages/airflow/example_dags/subdags/subdag.py for tasks to queue
[2026-02-25T11:12:43.586+0000] {logging_mixin.py:190} INFO - [2026-02-25T11:12:43.586+0000] {dagbag.py:588} INFO - Filling up the DagBag from /home/ubuntu/airflow-venv/lib/python3.12/site-packages/airflow/example_dags/subdags/subdag.py
[2026-02-25T11:12:43.587+0000] {processor.py:927} WARNING - No viable dags retrieved from /home/ubuntu/airflow-venv/lib/python3.12/site-packages/airflow/example_dags/subdags/subdag.py
[2026-02-25T11:12:43.595+0000] {processor.py:208} INFO - Processing /home/ubuntu/airflow-venv/lib/python3.12/site-packages/airflow/example_dags/subdags/subdag.py took 0.014 seconds
[2026-02-25T11:13:26.391+0000] {processor.py:186} INFO - Started process (PID=9078) to work on /home/ubuntu/airflow-venv/lib/python3.12/site-packages/airflow/example_dags/subdags/subdag.py
[2026-02-25T11:13:26.392+0000] {processor.py:914} INFO - Processing file /home/ubuntu/airflow-venv/lib/python3.12/site-packages/airflow/example_dags/subdags/subdag.py for tasks to queue
[2026-02-25T11:13:26.394+0000] {logging_mixin.py:190} INFO - [2026-02-25T11:13:26.393+0000] {dagbag.py:588} INFO - Filling up the DagBag from /home/ubuntu/airflow-venv/lib/python3.12/site-packages/airflow/example_dags/subdags/subdag.py
[2026-02-25T11:13:26.395+0000] {processor.py:927} WARNING - No viable dags retrieved from /home/ubuntu/airflow-venv/lib/python3.12/site-packages/airflow/example_dags/subdags/subdag.py
[2026-02-25T11:13:26.402+0000] {processor.py:208} INFO - Processing /home/ubuntu/airflow-venv/lib/python3.12/site-packages/airflow/example_dags/subdags/subdag.py took 0.015 seconds
[2026-02-25T11:13:37.461+0000] {processor.py:186} INFO - Started process (PID=9099) to work on /home/ubuntu/airflow-venv/lib/python3.12/site-packages/airflow/example_dags/subdags/subdag.py
[2026-02-25T11:13:37.461+0000] {processor.py:914} INFO - Processing file /home/ubuntu/airflow-venv/lib/python3.12/site-packages/airflow/example_dags/subdags/subdag.py for tasks to queue
[2026-02-25T11:13:37.463+0000] {logging_mixin.py:190} INFO - [2026-02-25T11:13:37.462+0000] {dagbag.py:588} INFO - Filling up the DagBag from /home/ubuntu/airflow-venv/lib/python3.12/site-packages/airflow/example_dags/subdags/subdag.py
[2026-02-25T11:13:37.464+0000] {processor.py:927} WARNING - No viable dags retrieved from /home/ubuntu/airflow-venv/lib/python3.12/site-packages/airflow/example_dags/subdags/subdag.py
[2026-02-25T11:13:37.472+0000] {processor.py:208} INFO - Processing /home/ubuntu/airflow-venv/lib/python3.12/site-packages/airflow/example_dags/subdags/subdag.py took 0.015 seconds
[2026-02-25T11:14:19.195+0000] {processor.py:186} INFO - Started process (PID=9186) to work on /home/ubuntu/airflow-venv/lib/python3.12/site-packages/airflow/example_dags/subdags/subdag.py
[2026-02-25T11:14:19.197+0000] {processor.py:914} INFO - Processing file /home/ubuntu/airflow-venv/lib/python3.12/site-packages/airflow/example_dags/subdags/subdag.py for tasks to queue
[2026-02-25T11:14:19.198+0000] {logging_mixin.py:190} INFO - [2026-02-25T11:14:19.198+0000] {dagbag.py:588} INFO - Filling up the DagBag from /home/ubuntu/airflow-venv/lib/python3.12/site-packages/airflow/example_dags/subdags/subdag.py
[2026-02-25T11:14:19.200+0000] {processor.py:927} WARNING - No viable dags retrieved from /home/ubuntu/airflow-venv/lib/python3.12/site-packages/airflow/example_dags/subdags/subdag.py
[2026-02-25T11:14:19.207+0000] {processor.py:208} INFO - Processing /home/ubuntu/airflow-venv/lib/python3.12/site-packages/airflow/example_dags/subdags/subdag.py took 0.015 seconds
[2026-02-25T11:14:26.983+0000] {processor.py:186} INFO - Started process (PID=9201) to work on /home/ubuntu/airflow-venv/lib/python3.12/site-packages/airflow/example_dags/subdags/subdag.py
[2026-02-25T11:14:26.984+0000] {processor.py:914} INFO - Processing file /home/ubuntu/airflow-venv/lib/python3.12/site-packages/airflow/example_dags/subdags/subdag.py for tasks to queue
[2026-02-25T11:14:26.985+0000] {logging_mixin.py:190} INFO - [2026-02-25T11:14:26.985+0000] {dagbag.py:588} INFO - Filling up the DagBag from /home/ubuntu/airflow-venv/lib/python3.12/site-packages/airflow/example_dags/subdags/subdag.py
[2026-02-25T11:14:26.987+0000] {processor.py:927} WARNING - No viable dags retrieved from /home/ubuntu/airflow-venv/lib/python3.12/site-packages/airflow/example_dags/subdags/subdag.py
[2026-02-25T11:14:26.994+0000] {processor.py:208} INFO - Processing /home/ubuntu/airflow-venv/lib/python3.12/site-packages/airflow/example_dags/subdags/subdag.py took 0.015 seconds
[2026-02-25T11:15:13.146+0000] {processor.py:186} INFO - Started process (PID=9303) to work on /home/ubuntu/airflow-venv/lib/python3.12/site-packages/airflow/example_dags/subdags/subdag.py
[2026-02-25T11:15:13.148+0000] {processor.py:914} INFO - Processing file /home/ubuntu/airflow-venv/lib/python3.12/site-packages/airflow/example_dags/subdags/subdag.py for tasks to queue
[2026-02-25T11:15:13.149+0000] {logging_mixin.py:190} INFO - [2026-02-25T11:15:13.149+0000] {dagbag.py:588} INFO - Filling up the DagBag from /home/ubuntu/airflow-venv/lib/python3.12/site-packages/airflow/example_dags/subdags/subdag.py
[2026-02-25T11:15:13.150+0000] {processor.py:927} WARNING - No viable dags retrieved from /home/ubuntu/airflow-venv/lib/python3.12/site-packages/airflow/example_dags/subdags/subdag.py
[2026-02-25T11:15:13.158+0000] {processor.py:208} INFO - Processing /home/ubuntu/airflow-venv/lib/python3.12/site-packages/airflow/example_dags/subdags/subdag.py took 0.015 seconds
[2026-02-25T11:15:13.892+0000] {processor.py:186} INFO - Started process (PID=9304) to work on /home/ubuntu/airflow-venv/lib/python3.12/site-packages/airflow/example_dags/subdags/subdag.py
[2026-02-25T11:15:13.893+0000] {processor.py:914} INFO - Processing file /home/ubuntu/airflow-venv/lib/python3.12/site-packages/airflow/example_dags/subdags/subdag.py for tasks to queue
[2026-02-25T11:15:13.894+0000] {logging_mixin.py:190} INFO - [2026-02-25T11:15:13.894+0000] {dagbag.py:588} INFO - Filling up the DagBag from /home/ubuntu/airflow-venv/lib/python3.12/site-packages/airflow/example_dags/subdags/subdag.py
[2026-02-25T11:15:13.896+0000] {processor.py:927} WARNING - No viable dags retrieved from /home/ubuntu/airflow-venv/lib/python3.12/site-packages/airflow/example_dags/subdags/subdag.py
[2026-02-25T11:15:13.903+0000] {processor.py:208} INFO - Processing /home/ubuntu/airflow-venv/lib/python3.12/site-packages/airflow/example_dags/subdags/subdag.py took 0.015 seconds
[2026-02-25T11:16:00.528+0000] {processor.py:186} INFO - Started process (PID=9403) to work on /home/ubuntu/airflow-venv/lib/python3.12/site-packages/airflow/example_dags/subdags/subdag.py
[2026-02-25T11:16:00.529+0000] {processor.py:914} INFO - Processing file /home/ubuntu/airflow-venv/lib/python3.12/site-packages/airflow/example_dags/subdags/subdag.py for tasks to queue
[2026-02-25T11:16:00.531+0000] {logging_mixin.py:190} INFO - [2026-02-25T11:16:00.530+0000] {dagbag.py:588} INFO - Filling up the DagBag from /home/ubuntu/airflow-venv/lib/python3.12/site-packages/airflow/example_dags/subdags/subdag.py
[2026-02-25T11:16:00.532+0000] {processor.py:927} WARNING - No viable dags retrieved from /home/ubuntu/airflow-venv/lib/python3.12/site-packages/airflow/example_dags/subdags/subdag.py
[2026-02-25T11:16:00.540+0000] {processor.py:208} INFO - Processing /home/ubuntu/airflow-venv/lib/python3.12/site-packages/airflow/example_dags/subdags/subdag.py took 0.016 seconds
[2026-02-25T11:16:02.819+0000] {processor.py:186} INFO - Started process (PID=9408) to work on /home/ubuntu/airflow-venv/lib/python3.12/site-packages/airflow/example_dags/subdags/subdag.py
[2026-02-25T11:16:02.819+0000] {processor.py:914} INFO - Processing file /home/ubuntu/airflow-venv/lib/python3.12/site-packages/airflow/example_dags/subdags/subdag.py for tasks to queue
[2026-02-25T11:16:02.821+0000] {logging_mixin.py:190} INFO - [2026-02-25T11:16:02.821+0000] {dagbag.py:588} INFO - Filling up the DagBag from /home/ubuntu/airflow-venv/lib/python3.12/site-packages/airflow/example_dags/subdags/subdag.py
[2026-02-25T11:16:02.822+0000] {processor.py:927} WARNING - No viable dags retrieved from /home/ubuntu/airflow-venv/lib/python3.12/site-packages/airflow/example_dags/subdags/subdag.py
[2026-02-25T11:16:02.830+0000] {processor.py:208} INFO - Processing /home/ubuntu/airflow-venv/lib/python3.12/site-packages/airflow/example_dags/subdags/subdag.py took 0.016 seconds
[2026-02-25T11:16:50.438+0000] {processor.py:186} INFO - Started process (PID=9508) to work on /home/ubuntu/airflow-venv/lib/python3.12/site-packages/airflow/example_dags/subdags/subdag.py
[2026-02-25T11:16:50.439+0000] {processor.py:914} INFO - Processing file /home/ubuntu/airflow-venv/lib/python3.12/site-packages/airflow/example_dags/subdags/subdag.py for tasks to queue
[2026-02-25T11:16:50.441+0000] {logging_mixin.py:190} INFO - [2026-02-25T11:16:50.441+0000] {dagbag.py:588} INFO - Filling up the DagBag from /home/ubuntu/airflow-venv/lib/python3.12/site-packages/airflow/example_dags/subdags/subdag.py
[2026-02-25T11:16:50.442+0000] {processor.py:927} WARNING - No viable dags retrieved from /home/ubuntu/airflow-venv/lib/python3.12/site-packages/airflow/example_dags/subdags/subdag.py
[2026-02-25T11:16:50.450+0000] {processor.py:208} INFO - Processing /home/ubuntu/airflow-venv/lib/python3.12/site-packages/airflow/example_dags/subdags/subdag.py took 0.015 seconds
[2026-02-25T11:16:53.609+0000] {processor.py:186} INFO - Started process (PID=9515) to work on /home/ubuntu/airflow-venv/lib/python3.12/site-packages/airflow/example_dags/subdags/subdag.py
[2026-02-25T11:16:53.610+0000] {processor.py:914} INFO - Processing file /home/ubuntu/airflow-venv/lib/python3.12/site-packages/airflow/example_dags/subdags/subdag.py for tasks to queue
[2026-02-25T11:16:53.611+0000] {logging_mixin.py:190} INFO - [2026-02-25T11:16:53.611+0000] {dagbag.py:588} INFO - Filling up the DagBag from /home/ubuntu/airflow-venv/lib/python3.12/site-packages/airflow/example_dags/subdags/subdag.py
[2026-02-25T11:16:53.613+0000] {processor.py:927} WARNING - No viable dags retrieved from /home/ubuntu/airflow-venv/lib/python3.12/site-packages/airflow/example_dags/subdags/subdag.py
[2026-02-25T11:16:53.620+0000] {processor.py:208} INFO - Processing /home/ubuntu/airflow-venv/lib/python3.12/site-packages/airflow/example_dags/subdags/subdag.py took 0.015 seconds
[2026-02-25T11:17:39.237+0000] {processor.py:186} INFO - Started process (PID=9614) to work on /home/ubuntu/airflow-venv/lib/python3.12/site-packages/airflow/example_dags/subdags/subdag.py
[2026-02-25T11:17:39.238+0000] {processor.py:914} INFO - Processing file /home/ubuntu/airflow-venv/lib/python3.12/site-packages/airflow/example_dags/subdags/subdag.py for tasks to queue
[2026-02-25T11:17:39.240+0000] {logging_mixin.py:190} INFO - [2026-02-25T11:17:39.240+0000] {dagbag.py:588} INFO - Filling up the DagBag from /home/ubuntu/airflow-venv/lib/python3.12/site-packages/airflow/example_dags/subdags/subdag.py
[2026-02-25T11:17:39.241+0000] {processor.py:927} WARNING - No viable dags retrieved from /home/ubuntu/airflow-venv/lib/python3.12/site-packages/airflow/example_dags/subdags/subdag.py
[2026-02-25T11:17:39.249+0000] {processor.py:208} INFO - Processing /home/ubuntu/airflow-venv/lib/python3.12/site-packages/airflow/example_dags/subdags/subdag.py took 0.016 seconds
[2026-02-25T11:17:42.829+0000] {processor.py:186} INFO - Started process (PID=9622) to work on /home/ubuntu/airflow-venv/lib/python3.12/site-packages/airflow/example_dags/subdags/subdag.py
[2026-02-25T11:17:42.830+0000] {processor.py:914} INFO - Processing file /home/ubuntu/airflow-venv/lib/python3.12/site-packages/airflow/example_dags/subdags/subdag.py for tasks to queue
[2026-02-25T11:17:42.831+0000] {logging_mixin.py:190} INFO - [2026-02-25T11:17:42.831+0000] {dagbag.py:588} INFO - Filling up the DagBag from /home/ubuntu/airflow-venv/lib/python3.12/site-packages/airflow/example_dags/subdags/subdag.py
[2026-02-25T11:17:42.832+0000] {processor.py:927} WARNING - No viable dags retrieved from /home/ubuntu/airflow-venv/lib/python3.12/site-packages/airflow/example_dags/subdags/subdag.py
[2026-02-25T11:17:42.840+0000] {processor.py:208} INFO - Processing /home/ubuntu/airflow-venv/lib/python3.12/site-packages/airflow/example_dags/subdags/subdag.py took 0.015 seconds
[2026-02-25T11:18:31.757+0000] {processor.py:186} INFO - Started process (PID=9723) to work on /home/ubuntu/airflow-venv/lib/python3.12/site-packages/airflow/example_dags/subdags/subdag.py
[2026-02-25T11:18:31.758+0000] {processor.py:914} INFO - Processing file /home/ubuntu/airflow-venv/lib/python3.12/site-packages/airflow/example_dags/subdags/subdag.py for tasks to queue
[2026-02-25T11:18:31.760+0000] {logging_mixin.py:190} INFO - [2026-02-25T11:18:31.759+0000] {dagbag.py:588} INFO - Filling up the DagBag from /home/ubuntu/airflow-venv/lib/python3.12/site-packages/airflow/example_dags/subdags/subdag.py
[2026-02-25T11:18:31.761+0000] {processor.py:927} WARNING - No viable dags retrieved from /home/ubuntu/airflow-venv/lib/python3.12/site-packages/airflow/example_dags/subdags/subdag.py
[2026-02-25T11:18:31.769+0000] {processor.py:208} INFO - Processing /home/ubuntu/airflow-venv/lib/python3.12/site-packages/airflow/example_dags/subdags/subdag.py took 0.015 seconds
[2026-02-25T11:18:33.090+0000] {processor.py:186} INFO - Started process (PID=9726) to work on /home/ubuntu/airflow-venv/lib/python3.12/site-packages/airflow/example_dags/subdags/subdag.py
[2026-02-25T11:18:33.091+0000] {processor.py:914} INFO - Processing file /home/ubuntu/airflow-venv/lib/python3.12/site-packages/airflow/example_dags/subdags/subdag.py for tasks to queue
[2026-02-25T11:18:33.092+0000] {logging_mixin.py:190} INFO - [2026-02-25T11:18:33.092+0000] {dagbag.py:588} INFO - Filling up the DagBag from /home/ubuntu/airflow-venv/lib/python3.12/site-packages/airflow/example_dags/subdags/subdag.py
[2026-02-25T11:18:33.093+0000] {processor.py:927} WARNING - No viable dags retrieved from /home/ubuntu/airflow-venv/lib/python3.12/site-packages/airflow/example_dags/subdags/subdag.py
[2026-02-25T11:18:33.101+0000] {processor.py:208} INFO - Processing /home/ubuntu/airflow-venv/lib/python3.12/site-packages/airflow/example_dags/subdags/subdag.py took 0.014 seconds
[2026-02-25T11:19:21.727+0000] {processor.py:186} INFO - Started process (PID=9830) to work on /home/ubuntu/airflow-venv/lib/python3.12/site-packages/airflow/example_dags/subdags/subdag.py
[2026-02-25T11:19:21.729+0000] {processor.py:914} INFO - Processing file /home/ubuntu/airflow-venv/lib/python3.12/site-packages/airflow/example_dags/subdags/subdag.py for tasks to queue
[2026-02-25T11:19:21.730+0000] {logging_mixin.py:190} INFO - [2026-02-25T11:19:21.730+0000] {dagbag.py:588} INFO - Filling up the DagBag from /home/ubuntu/airflow-venv/lib/python3.12/site-packages/airflow/example_dags/subdags/subdag.py
[2026-02-25T11:19:21.731+0000] {processor.py:927} WARNING - No viable dags retrieved from /home/ubuntu/airflow-venv/lib/python3.12/site-packages/airflow/example_dags/subdags/subdag.py
[2026-02-25T11:19:21.739+0000] {processor.py:208} INFO - Processing /home/ubuntu/airflow-venv/lib/python3.12/site-packages/airflow/example_dags/subdags/subdag.py took 0.016 seconds
[2026-02-25T11:19:21.740+0000] {processor.py:186} INFO - Started process (PID=9831) to work on /home/ubuntu/airflow-venv/lib/python3.12/site-packages/airflow/example_dags/subdags/subdag.py
[2026-02-25T11:19:21.741+0000] {processor.py:914} INFO - Processing file /home/ubuntu/airflow-venv/lib/python3.12/site-packages/airflow/example_dags/subdags/subdag.py for tasks to queue
[2026-02-25T11:19:21.742+0000] {logging_mixin.py:190} INFO - [2026-02-25T11:19:21.742+0000] {dagbag.py:588} INFO - Filling up the DagBag from /home/ubuntu/airflow-venv/lib/python3.12/site-packages/airflow/example_dags/subdags/subdag.py
[2026-02-25T11:19:21.744+0000] {processor.py:927} WARNING - No viable dags retrieved from /home/ubuntu/airflow-venv/lib/python3.12/site-packages/airflow/example_dags/subdags/subdag.py
[2026-02-25T11:19:21.751+0000] {processor.py:208} INFO - Processing /home/ubuntu/airflow-venv/lib/python3.12/site-packages/airflow/example_dags/subdags/subdag.py took 0.014 seconds
[2026-02-25T11:20:11.391+0000] {processor.py:186} INFO - Started process (PID=9934) to work on /home/ubuntu/airflow-venv/lib/python3.12/site-packages/airflow/example_dags/subdags/subdag.py
[2026-02-25T11:20:11.392+0000] {processor.py:914} INFO - Processing file /home/ubuntu/airflow-venv/lib/python3.12/site-packages/airflow/example_dags/subdags/subdag.py for tasks to queue
[2026-02-25T11:20:11.394+0000] {logging_mixin.py:190} INFO - [2026-02-25T11:20:11.394+0000] {dagbag.py:588} INFO - Filling up the DagBag from /home/ubuntu/airflow-venv/lib/python3.12/site-packages/airflow/example_dags/subdags/subdag.py
[2026-02-25T11:20:11.396+0000] {processor.py:927} WARNING - No viable dags retrieved from /home/ubuntu/airflow-venv/lib/python3.12/site-packages/airflow/example_dags/subdags/subdag.py
[2026-02-25T11:20:11.404+0000] {processor.py:208} INFO - Processing /home/ubuntu/airflow-venv/lib/python3.12/site-packages/airflow/example_dags/subdags/subdag.py took 0.018 seconds
[2026-02-25T11:20:11.448+0000] {processor.py:186} INFO - Started process (PID=9935) to work on /home/ubuntu/airflow-venv/lib/python3.12/site-packages/airflow/example_dags/subdags/subdag.py
[2026-02-25T11:20:11.448+0000] {processor.py:914} INFO - Processing file /home/ubuntu/airflow-venv/lib/python3.12/site-packages/airflow/example_dags/subdags/subdag.py for tasks to queue
[2026-02-25T11:20:11.450+0000] {logging_mixin.py:190} INFO - [2026-02-25T11:20:11.449+0000] {dagbag.py:588} INFO - Filling up the DagBag from /home/ubuntu/airflow-venv/lib/python3.12/site-packages/airflow/example_dags/subdags/subdag.py
[2026-02-25T11:20:11.451+0000] {processor.py:927} WARNING - No viable dags retrieved from /home/ubuntu/airflow-venv/lib/python3.12/site-packages/airflow/example_dags/subdags/subdag.py
[2026-02-25T11:20:11.459+0000] {processor.py:208} INFO - Processing /home/ubuntu/airflow-venv/lib/python3.12/site-packages/airflow/example_dags/subdags/subdag.py took 0.015 seconds
[2026-02-25T11:21:00.472+0000] {processor.py:186} INFO - Started process (PID=10038) to work on /home/ubuntu/airflow-venv/lib/python3.12/site-packages/airflow/example_dags/subdags/subdag.py
[2026-02-25T11:21:00.473+0000] {processor.py:914} INFO - Processing file /home/ubuntu/airflow-venv/lib/python3.12/site-packages/airflow/example_dags/subdags/subdag.py for tasks to queue
[2026-02-25T11:21:00.475+0000] {logging_mixin.py:190} INFO - [2026-02-25T11:21:00.474+0000] {dagbag.py:588} INFO - Filling up the DagBag from /home/ubuntu/airflow-venv/lib/python3.12/site-packages/airflow/example_dags/subdags/subdag.py
[2026-02-25T11:21:00.476+0000] {processor.py:927} WARNING - No viable dags retrieved from /home/ubuntu/airflow-venv/lib/python3.12/site-packages/airflow/example_dags/subdags/subdag.py
[2026-02-25T11:21:00.483+0000] {processor.py:208} INFO - Processing /home/ubuntu/airflow-venv/lib/python3.12/site-packages/airflow/example_dags/subdags/subdag.py took 0.015 seconds
[2026-02-25T11:21:00.888+0000] {processor.py:186} INFO - Started process (PID=10039) to work on /home/ubuntu/airflow-venv/lib/python3.12/site-packages/airflow/example_dags/subdags/subdag.py
[2026-02-25T11:21:00.888+0000] {processor.py:914} INFO - Processing file /home/ubuntu/airflow-venv/lib/python3.12/site-packages/airflow/example_dags/subdags/subdag.py for tasks to queue
[2026-02-25T11:21:00.889+0000] {logging_mixin.py:190} INFO - [2026-02-25T11:21:00.889+0000] {dagbag.py:588} INFO - Filling up the DagBag from /home/ubuntu/airflow-venv/lib/python3.12/site-packages/airflow/example_dags/subdags/subdag.py
[2026-02-25T11:21:00.891+0000] {processor.py:927} WARNING - No viable dags retrieved from /home/ubuntu/airflow-venv/lib/python3.12/site-packages/airflow/example_dags/subdags/subdag.py
[2026-02-25T11:21:00.898+0000] {processor.py:208} INFO - Processing /home/ubuntu/airflow-venv/lib/python3.12/site-packages/airflow/example_dags/subdags/subdag.py took 0.014 seconds
[2026-02-25T11:21:49.160+0000] {processor.py:186} INFO - Started process (PID=10140) to work on /home/ubuntu/airflow-venv/lib/python3.12/site-packages/airflow/example_dags/subdags/subdag.py
[2026-02-25T11:21:49.161+0000] {processor.py:914} INFO - Processing file /home/ubuntu/airflow-venv/lib/python3.12/site-packages/airflow/example_dags/subdags/subdag.py for tasks to queue
[2026-02-25T11:21:49.162+0000] {logging_mixin.py:190} INFO - [2026-02-25T11:21:49.162+0000] {dagbag.py:588} INFO - Filling up the DagBag from /home/ubuntu/airflow-venv/lib/python3.12/site-packages/airflow/example_dags/subdags/subdag.py
[2026-02-25T11:21:49.164+0000] {processor.py:927} WARNING - No viable dags retrieved from /home/ubuntu/airflow-venv/lib/python3.12/site-packages/airflow/example_dags/subdags/subdag.py
[2026-02-25T11:21:49.171+0000] {processor.py:208} INFO - Processing /home/ubuntu/airflow-venv/lib/python3.12/site-packages/airflow/example_dags/subdags/subdag.py took 0.015 seconds
[2026-02-25T11:21:52.911+0000] {processor.py:186} INFO - Started process (PID=10149) to work on /home/ubuntu/airflow-venv/lib/python3.12/site-packages/airflow/example_dags/subdags/subdag.py
[2026-02-25T11:21:52.912+0000] {processor.py:914} INFO - Processing file /home/ubuntu/airflow-venv/lib/python3.12/site-packages/airflow/example_dags/subdags/subdag.py for tasks to queue
[2026-02-25T11:21:52.913+0000] {logging_mixin.py:190} INFO - [2026-02-25T11:21:52.913+0000] {dagbag.py:588} INFO - Filling up the DagBag from /home/ubuntu/airflow-venv/lib/python3.12/site-packages/airflow/example_dags/subdags/subdag.py
[2026-02-25T11:21:52.915+0000] {processor.py:927} WARNING - No viable dags retrieved from /home/ubuntu/airflow-venv/lib/python3.12/site-packages/airflow/example_dags/subdags/subdag.py
[2026-02-25T11:21:52.922+0000] {processor.py:208} INFO - Processing /home/ubuntu/airflow-venv/lib/python3.12/site-packages/airflow/example_dags/subdags/subdag.py took 0.014 seconds
[2026-02-25T11:22:40.757+0000] {processor.py:186} INFO - Started process (PID=10247) to work on /home/ubuntu/airflow-venv/lib/python3.12/site-packages/airflow/example_dags/subdags/subdag.py
[2026-02-25T11:22:40.758+0000] {processor.py:914} INFO - Processing file /home/ubuntu/airflow-venv/lib/python3.12/site-packages/airflow/example_dags/subdags/subdag.py for tasks to queue
[2026-02-25T11:22:40.760+0000] {logging_mixin.py:190} INFO - [2026-02-25T11:22:40.760+0000] {dagbag.py:588} INFO - Filling up the DagBag from /home/ubuntu/airflow-venv/lib/python3.12/site-packages/airflow/example_dags/subdags/subdag.py
[2026-02-25T11:22:40.761+0000] {processor.py:927} WARNING - No viable dags retrieved from /home/ubuntu/airflow-venv/lib/python3.12/site-packages/airflow/example_dags/subdags/subdag.py
[2026-02-25T11:22:40.768+0000] {processor.py:208} INFO - Processing /home/ubuntu/airflow-venv/lib/python3.12/site-packages/airflow/example_dags/subdags/subdag.py took 0.015 seconds
[2026-02-25T11:22:45.388+0000] {processor.py:186} INFO - Started process (PID=10256) to work on /home/ubuntu/airflow-venv/lib/python3.12/site-packages/airflow/example_dags/subdags/subdag.py
[2026-02-25T11:22:45.389+0000] {processor.py:914} INFO - Processing file /home/ubuntu/airflow-venv/lib/python3.12/site-packages/airflow/example_dags/subdags/subdag.py for tasks to queue
[2026-02-25T11:22:45.390+0000] {logging_mixin.py:190} INFO - [2026-02-25T11:22:45.390+0000] {dagbag.py:588} INFO - Filling up the DagBag from /home/ubuntu/airflow-venv/lib/python3.12/site-packages/airflow/example_dags/subdags/subdag.py
[2026-02-25T11:22:45.391+0000] {processor.py:927} WARNING - No viable dags retrieved from /home/ubuntu/airflow-venv/lib/python3.12/site-packages/airflow/example_dags/subdags/subdag.py
[2026-02-25T11:22:45.399+0000] {processor.py:208} INFO - Processing /home/ubuntu/airflow-venv/lib/python3.12/site-packages/airflow/example_dags/subdags/subdag.py took 0.015 seconds
[2026-02-25T11:23:30.974+0000] {processor.py:186} INFO - Started process (PID=10352) to work on /home/ubuntu/airflow-venv/lib/python3.12/site-packages/airflow/example_dags/subdags/subdag.py
[2026-02-25T11:23:30.975+0000] {processor.py:914} INFO - Processing file /home/ubuntu/airflow-venv/lib/python3.12/site-packages/airflow/example_dags/subdags/subdag.py for tasks to queue
[2026-02-25T11:23:30.977+0000] {logging_mixin.py:190} INFO - [2026-02-25T11:23:30.976+0000] {dagbag.py:588} INFO - Filling up the DagBag from /home/ubuntu/airflow-venv/lib/python3.12/site-packages/airflow/example_dags/subdags/subdag.py
[2026-02-25T11:23:30.978+0000] {processor.py:927} WARNING - No viable dags retrieved from /home/ubuntu/airflow-venv/lib/python3.12/site-packages/airflow/example_dags/subdags/subdag.py
[2026-02-25T11:23:30.986+0000] {processor.py:208} INFO - Processing /home/ubuntu/airflow-venv/lib/python3.12/site-packages/airflow/example_dags/subdags/subdag.py took 0.015 seconds
[2026-02-25T11:23:35.508+0000] {processor.py:186} INFO - Started process (PID=10362) to work on /home/ubuntu/airflow-venv/lib/python3.12/site-packages/airflow/example_dags/subdags/subdag.py
[2026-02-25T11:23:35.509+0000] {processor.py:914} INFO - Processing file /home/ubuntu/airflow-venv/lib/python3.12/site-packages/airflow/example_dags/subdags/subdag.py for tasks to queue
[2026-02-25T11:23:35.510+0000] {logging_mixin.py:190} INFO - [2026-02-25T11:23:35.510+0000] {dagbag.py:588} INFO - Filling up the DagBag from /home/ubuntu/airflow-venv/lib/python3.12/site-packages/airflow/example_dags/subdags/subdag.py
[2026-02-25T11:23:35.512+0000] {processor.py:927} WARNING - No viable dags retrieved from /home/ubuntu/airflow-venv/lib/python3.12/site-packages/airflow/example_dags/subdags/subdag.py
[2026-02-25T11:23:35.520+0000] {processor.py:208} INFO - Processing /home/ubuntu/airflow-venv/lib/python3.12/site-packages/airflow/example_dags/subdags/subdag.py took 0.015 seconds
[2026-02-25T11:24:20.332+0000] {processor.py:186} INFO - Started process (PID=10457) to work on /home/ubuntu/airflow-venv/lib/python3.12/site-packages/airflow/example_dags/subdags/subdag.py
[2026-02-25T11:24:20.333+0000] {processor.py:914} INFO - Processing file /home/ubuntu/airflow-venv/lib/python3.12/site-packages/airflow/example_dags/subdags/subdag.py for tasks to queue
[2026-02-25T11:24:20.335+0000] {logging_mixin.py:190} INFO - [2026-02-25T11:24:20.334+0000] {dagbag.py:588} INFO - Filling up the DagBag from /home/ubuntu/airflow-venv/lib/python3.12/site-packages/airflow/example_dags/subdags/subdag.py
[2026-02-25T11:24:20.336+0000] {processor.py:927} WARNING - No viable dags retrieved from /home/ubuntu/airflow-venv/lib/python3.12/site-packages/airflow/example_dags/subdags/subdag.py
[2026-02-25T11:24:20.343+0000] {processor.py:208} INFO - Processing /home/ubuntu/airflow-venv/lib/python3.12/site-packages/airflow/example_dags/subdags/subdag.py took 0.015 seconds
[2026-02-25T11:24:22.905+0000] {processor.py:186} INFO - Started process (PID=10462) to work on /home/ubuntu/airflow-venv/lib/python3.12/site-packages/airflow/example_dags/subdags/subdag.py
[2026-02-25T11:24:22.905+0000] {processor.py:914} INFO - Processing file /home/ubuntu/airflow-venv/lib/python3.12/site-packages/airflow/example_dags/subdags/subdag.py for tasks to queue
[2026-02-25T11:24:22.907+0000] {logging_mixin.py:190} INFO - [2026-02-25T11:24:22.906+0000] {dagbag.py:588} INFO - Filling up the DagBag from /home/ubuntu/airflow-venv/lib/python3.12/site-packages/airflow/example_dags/subdags/subdag.py
[2026-02-25T11:24:22.908+0000] {processor.py:927} WARNING - No viable dags retrieved from /home/ubuntu/airflow-venv/lib/python3.12/site-packages/airflow/example_dags/subdags/subdag.py
[2026-02-25T11:24:22.916+0000] {processor.py:208} INFO - Processing /home/ubuntu/airflow-venv/lib/python3.12/site-packages/airflow/example_dags/subdags/subdag.py took 0.015 seconds
[2026-02-25T11:25:12.119+0000] {processor.py:186} INFO - Started process (PID=10568) to work on /home/ubuntu/airflow-venv/lib/python3.12/site-packages/airflow/example_dags/subdags/subdag.py
[2026-02-25T11:25:12.120+0000] {processor.py:914} INFO - Processing file /home/ubuntu/airflow-venv/lib/python3.12/site-packages/airflow/example_dags/subdags/subdag.py for tasks to queue
[2026-02-25T11:25:12.122+0000] {logging_mixin.py:190} INFO - [2026-02-25T11:25:12.121+0000] {dagbag.py:588} INFO - Filling up the DagBag from /home/ubuntu/airflow-venv/lib/python3.12/site-packages/airflow/example_dags/subdags/subdag.py
[2026-02-25T11:25:12.123+0000] {processor.py:927} WARNING - No viable dags retrieved from /home/ubuntu/airflow-venv/lib/python3.12/site-packages/airflow/example_dags/subdags/subdag.py
[2026-02-25T11:25:12.130+0000] {processor.py:208} INFO - Processing /home/ubuntu/airflow-venv/lib/python3.12/site-packages/airflow/example_dags/subdags/subdag.py took 0.015 seconds
[2026-02-25T11:25:15.999+0000] {processor.py:186} INFO - Started process (PID=10576) to work on /home/ubuntu/airflow-venv/lib/python3.12/site-packages/airflow/example_dags/subdags/subdag.py
[2026-02-25T11:25:16.000+0000] {processor.py:914} INFO - Processing file /home/ubuntu/airflow-venv/lib/python3.12/site-packages/airflow/example_dags/subdags/subdag.py for tasks to queue
[2026-02-25T11:25:16.001+0000] {logging_mixin.py:190} INFO - [2026-02-25T11:25:16.001+0000] {dagbag.py:588} INFO - Filling up the DagBag from /home/ubuntu/airflow-venv/lib/python3.12/site-packages/airflow/example_dags/subdags/subdag.py
[2026-02-25T11:25:16.003+0000] {processor.py:927} WARNING - No viable dags retrieved from /home/ubuntu/airflow-venv/lib/python3.12/site-packages/airflow/example_dags/subdags/subdag.py
[2026-02-25T11:25:16.010+0000] {processor.py:208} INFO - Processing /home/ubuntu/airflow-venv/lib/python3.12/site-packages/airflow/example_dags/subdags/subdag.py took 0.015 seconds
[2026-02-25T11:25:59.897+0000] {processor.py:186} INFO - Started process (PID=10667) to work on /home/ubuntu/airflow-venv/lib/python3.12/site-packages/airflow/example_dags/subdags/subdag.py
[2026-02-25T11:25:59.898+0000] {processor.py:914} INFO - Processing file /home/ubuntu/airflow-venv/lib/python3.12/site-packages/airflow/example_dags/subdags/subdag.py for tasks to queue
[2026-02-25T11:25:59.900+0000] {logging_mixin.py:190} INFO - [2026-02-25T11:25:59.900+0000] {dagbag.py:588} INFO - Filling up the DagBag from /home/ubuntu/airflow-venv/lib/python3.12/site-packages/airflow/example_dags/subdags/subdag.py
[2026-02-25T11:25:59.901+0000] {processor.py:927} WARNING - No viable dags retrieved from /home/ubuntu/airflow-venv/lib/python3.12/site-packages/airflow/example_dags/subdags/subdag.py
[2026-02-25T11:25:59.909+0000] {processor.py:208} INFO - Processing /home/ubuntu/airflow-venv/lib/python3.12/site-packages/airflow/example_dags/subdags/subdag.py took 0.016 seconds
[2026-02-25T11:26:07.351+0000] {processor.py:186} INFO - Started process (PID=10682) to work on /home/ubuntu/airflow-venv/lib/python3.12/site-packages/airflow/example_dags/subdags/subdag.py
[2026-02-25T11:26:07.352+0000] {processor.py:914} INFO - Processing file /home/ubuntu/airflow-venv/lib/python3.12/site-packages/airflow/example_dags/subdags/subdag.py for tasks to queue
[2026-02-25T11:26:07.353+0000] {logging_mixin.py:190} INFO - [2026-02-25T11:26:07.353+0000] {dagbag.py:588} INFO - Filling up the DagBag from /home/ubuntu/airflow-venv/lib/python3.12/site-packages/airflow/example_dags/subdags/subdag.py
[2026-02-25T11:26:07.355+0000] {processor.py:927} WARNING - No viable dags retrieved from /home/ubuntu/airflow-venv/lib/python3.12/site-packages/airflow/example_dags/subdags/subdag.py
[2026-02-25T11:26:07.362+0000] {processor.py:208} INFO - Processing /home/ubuntu/airflow-venv/lib/python3.12/site-packages/airflow/example_dags/subdags/subdag.py took 0.015 seconds
[2026-02-25T11:26:49.415+0000] {processor.py:186} INFO - Started process (PID=10771) to work on /home/ubuntu/airflow-venv/lib/python3.12/site-packages/airflow/example_dags/subdags/subdag.py
[2026-02-25T11:26:49.416+0000] {processor.py:914} INFO - Processing file /home/ubuntu/airflow-venv/lib/python3.12/site-packages/airflow/example_dags/subdags/subdag.py for tasks to queue
[2026-02-25T11:26:49.418+0000] {logging_mixin.py:190} INFO - [2026-02-25T11:26:49.418+0000] {dagbag.py:588} INFO - Filling up the DagBag from /home/ubuntu/airflow-venv/lib/python3.12/site-packages/airflow/example_dags/subdags/subdag.py
[2026-02-25T11:26:49.419+0000] {processor.py:927} WARNING - No viable dags retrieved from /home/ubuntu/airflow-venv/lib/python3.12/site-packages/airflow/example_dags/subdags/subdag.py
[2026-02-25T11:26:49.427+0000] {processor.py:208} INFO - Processing /home/ubuntu/airflow-venv/lib/python3.12/site-packages/airflow/example_dags/subdags/subdag.py took 0.016 seconds
[2026-02-25T11:26:56.420+0000] {processor.py:186} INFO - Started process (PID=10787) to work on /home/ubuntu/airflow-venv/lib/python3.12/site-packages/airflow/example_dags/subdags/subdag.py
[2026-02-25T11:26:56.421+0000] {processor.py:914} INFO - Processing file /home/ubuntu/airflow-venv/lib/python3.12/site-packages/airflow/example_dags/subdags/subdag.py for tasks to queue
[2026-02-25T11:26:56.422+0000] {logging_mixin.py:190} INFO - [2026-02-25T11:26:56.422+0000] {dagbag.py:588} INFO - Filling up the DagBag from /home/ubuntu/airflow-venv/lib/python3.12/site-packages/airflow/example_dags/subdags/subdag.py
[2026-02-25T11:26:56.424+0000] {processor.py:927} WARNING - No viable dags retrieved from /home/ubuntu/airflow-venv/lib/python3.12/site-packages/airflow/example_dags/subdags/subdag.py
[2026-02-25T11:26:56.432+0000] {processor.py:208} INFO - Processing /home/ubuntu/airflow-venv/lib/python3.12/site-packages/airflow/example_dags/subdags/subdag.py took 0.015 seconds
[2026-02-25T11:27:40.079+0000] {processor.py:186} INFO - Started process (PID=10875) to work on /home/ubuntu/airflow-venv/lib/python3.12/site-packages/airflow/example_dags/subdags/subdag.py
[2026-02-25T11:27:40.080+0000] {processor.py:914} INFO - Processing file /home/ubuntu/airflow-venv/lib/python3.12/site-packages/airflow/example_dags/subdags/subdag.py for tasks to queue
[2026-02-25T11:27:40.082+0000] {logging_mixin.py:190} INFO - [2026-02-25T11:27:40.081+0000] {dagbag.py:588} INFO - Filling up the DagBag from /home/ubuntu/airflow-venv/lib/python3.12/site-packages/airflow/example_dags/subdags/subdag.py
[2026-02-25T11:27:40.083+0000] {processor.py:927} WARNING - No viable dags retrieved from /home/ubuntu/airflow-venv/lib/python3.12/site-packages/airflow/example_dags/subdags/subdag.py
[2026-02-25T11:27:40.091+0000] {processor.py:208} INFO - Processing /home/ubuntu/airflow-venv/lib/python3.12/site-packages/airflow/example_dags/subdags/subdag.py took 0.016 seconds
[2026-02-25T11:27:48.575+0000] {processor.py:186} INFO - Started process (PID=10893) to work on /home/ubuntu/airflow-venv/lib/python3.12/site-packages/airflow/example_dags/subdags/subdag.py
[2026-02-25T11:27:48.576+0000] {processor.py:914} INFO - Processing file /home/ubuntu/airflow-venv/lib/python3.12/site-packages/airflow/example_dags/subdags/subdag.py for tasks to queue
[2026-02-25T11:27:48.577+0000] {logging_mixin.py:190} INFO - [2026-02-25T11:27:48.577+0000] {dagbag.py:588} INFO - Filling up the DagBag from /home/ubuntu/airflow-venv/lib/python3.12/site-packages/airflow/example_dags/subdags/subdag.py
[2026-02-25T11:27:48.579+0000] {processor.py:927} WARNING - No viable dags retrieved from /home/ubuntu/airflow-venv/lib/python3.12/site-packages/airflow/example_dags/subdags/subdag.py
[2026-02-25T11:27:48.586+0000] {processor.py:208} INFO - Processing /home/ubuntu/airflow-venv/lib/python3.12/site-packages/airflow/example_dags/subdags/subdag.py took 0.015 seconds
[2026-02-25T11:28:31.080+0000] {processor.py:186} INFO - Started process (PID=10983) to work on /home/ubuntu/airflow-venv/lib/python3.12/site-packages/airflow/example_dags/subdags/subdag.py
[2026-02-25T11:28:31.081+0000] {processor.py:914} INFO - Processing file /home/ubuntu/airflow-venv/lib/python3.12/site-packages/airflow/example_dags/subdags/subdag.py for tasks to queue
[2026-02-25T11:28:31.083+0000] {logging_mixin.py:190} INFO - [2026-02-25T11:28:31.082+0000] {dagbag.py:588} INFO - Filling up the DagBag from /home/ubuntu/airflow-venv/lib/python3.12/site-packages/airflow/example_dags/subdags/subdag.py
[2026-02-25T11:28:31.084+0000] {processor.py:927} WARNING - No viable dags retrieved from /home/ubuntu/airflow-venv/lib/python3.12/site-packages/airflow/example_dags/subdags/subdag.py
[2026-02-25T11:28:31.092+0000] {processor.py:208} INFO - Processing /home/ubuntu/airflow-venv/lib/python3.12/site-packages/airflow/example_dags/subdags/subdag.py took 0.017 seconds
[2026-02-25T11:28:36.311+0000] {processor.py:186} INFO - Started process (PID=10993) to work on /home/ubuntu/airflow-venv/lib/python3.12/site-packages/airflow/example_dags/subdags/subdag.py
[2026-02-25T11:28:36.312+0000] {processor.py:914} INFO - Processing file /home/ubuntu/airflow-venv/lib/python3.12/site-packages/airflow/example_dags/subdags/subdag.py for tasks to queue
[2026-02-25T11:28:36.314+0000] {logging_mixin.py:190} INFO - [2026-02-25T11:28:36.313+0000] {dagbag.py:588} INFO - Filling up the DagBag from /home/ubuntu/airflow-venv/lib/python3.12/site-packages/airflow/example_dags/subdags/subdag.py
[2026-02-25T11:28:36.315+0000] {processor.py:927} WARNING - No viable dags retrieved from /home/ubuntu/airflow-venv/lib/python3.12/site-packages/airflow/example_dags/subdags/subdag.py
[2026-02-25T11:28:36.323+0000] {processor.py:208} INFO - Processing /home/ubuntu/airflow-venv/lib/python3.12/site-packages/airflow/example_dags/subdags/subdag.py took 0.016 seconds
[2026-02-25T11:29:21.772+0000] {processor.py:186} INFO - Started process (PID=11088) to work on /home/ubuntu/airflow-venv/lib/python3.12/site-packages/airflow/example_dags/subdags/subdag.py
[2026-02-25T11:29:21.774+0000] {processor.py:914} INFO - Processing file /home/ubuntu/airflow-venv/lib/python3.12/site-packages/airflow/example_dags/subdags/subdag.py for tasks to queue
[2026-02-25T11:29:21.775+0000] {logging_mixin.py:190} INFO - [2026-02-25T11:29:21.775+0000] {dagbag.py:588} INFO - Filling up the DagBag from /home/ubuntu/airflow-venv/lib/python3.12/site-packages/airflow/example_dags/subdags/subdag.py
[2026-02-25T11:29:21.777+0000] {processor.py:927} WARNING - No viable dags retrieved from /home/ubuntu/airflow-venv/lib/python3.12/site-packages/airflow/example_dags/subdags/subdag.py
[2026-02-25T11:29:21.786+0000] {processor.py:208} INFO - Processing /home/ubuntu/airflow-venv/lib/python3.12/site-packages/airflow/example_dags/subdags/subdag.py took 0.018 seconds
[2026-02-25T11:29:26.566+0000] {processor.py:186} INFO - Started process (PID=11097) to work on /home/ubuntu/airflow-venv/lib/python3.12/site-packages/airflow/example_dags/subdags/subdag.py
[2026-02-25T11:29:26.566+0000] {processor.py:914} INFO - Processing file /home/ubuntu/airflow-venv/lib/python3.12/site-packages/airflow/example_dags/subdags/subdag.py for tasks to queue
[2026-02-25T11:29:26.568+0000] {logging_mixin.py:190} INFO - [2026-02-25T11:29:26.567+0000] {dagbag.py:588} INFO - Filling up the DagBag from /home/ubuntu/airflow-venv/lib/python3.12/site-packages/airflow/example_dags/subdags/subdag.py
[2026-02-25T11:29:26.569+0000] {processor.py:927} WARNING - No viable dags retrieved from /home/ubuntu/airflow-venv/lib/python3.12/site-packages/airflow/example_dags/subdags/subdag.py
[2026-02-25T11:29:26.577+0000] {processor.py:208} INFO - Processing /home/ubuntu/airflow-venv/lib/python3.12/site-packages/airflow/example_dags/subdags/subdag.py took 0.015 seconds
[2026-02-25T11:30:13.840+0000] {processor.py:186} INFO - Started process (PID=11203) to work on /home/ubuntu/airflow-venv/lib/python3.12/site-packages/airflow/example_dags/subdags/subdag.py
[2026-02-25T11:30:13.841+0000] {processor.py:914} INFO - Processing file /home/ubuntu/airflow-venv/lib/python3.12/site-packages/airflow/example_dags/subdags/subdag.py for tasks to queue
[2026-02-25T11:30:13.843+0000] {logging_mixin.py:190} INFO - [2026-02-25T11:30:13.843+0000] {dagbag.py:588} INFO - Filling up the DagBag from /home/ubuntu/airflow-venv/lib/python3.12/site-packages/airflow/example_dags/subdags/subdag.py
[2026-02-25T11:30:13.844+0000] {processor.py:927} WARNING - No viable dags retrieved from /home/ubuntu/airflow-venv/lib/python3.12/site-packages/airflow/example_dags/subdags/subdag.py
[2026-02-25T11:30:13.852+0000] {processor.py:208} INFO - Processing /home/ubuntu/airflow-venv/lib/python3.12/site-packages/airflow/example_dags/subdags/subdag.py took 0.016 seconds
[2026-02-25T11:30:14.009+0000] {processor.py:186} INFO - Started process (PID=11204) to work on /home/ubuntu/airflow-venv/lib/python3.12/site-packages/airflow/example_dags/subdags/subdag.py
[2026-02-25T11:30:14.010+0000] {processor.py:914} INFO - Processing file /home/ubuntu/airflow-venv/lib/python3.12/site-packages/airflow/example_dags/subdags/subdag.py for tasks to queue
[2026-02-25T11:30:14.011+0000] {logging_mixin.py:190} INFO - [2026-02-25T11:30:14.011+0000] {dagbag.py:588} INFO - Filling up the DagBag from /home/ubuntu/airflow-venv/lib/python3.12/site-packages/airflow/example_dags/subdags/subdag.py
[2026-02-25T11:30:14.013+0000] {processor.py:927} WARNING - No viable dags retrieved from /home/ubuntu/airflow-venv/lib/python3.12/site-packages/airflow/example_dags/subdags/subdag.py
[2026-02-25T11:30:14.020+0000] {processor.py:208} INFO - Processing /home/ubuntu/airflow-venv/lib/python3.12/site-packages/airflow/example_dags/subdags/subdag.py took 0.015 seconds
[2026-02-25T11:31:01.239+0000] {processor.py:186} INFO - Started process (PID=11302) to work on /home/ubuntu/airflow-venv/lib/python3.12/site-packages/airflow/example_dags/subdags/subdag.py
[2026-02-25T11:31:01.240+0000] {processor.py:914} INFO - Processing file /home/ubuntu/airflow-venv/lib/python3.12/site-packages/airflow/example_dags/subdags/subdag.py for tasks to queue
[2026-02-25T11:31:01.242+0000] {logging_mixin.py:190} INFO - [2026-02-25T11:31:01.241+0000] {dagbag.py:588} INFO - Filling up the DagBag from /home/ubuntu/airflow-venv/lib/python3.12/site-packages/airflow/example_dags/subdags/subdag.py
[2026-02-25T11:31:01.243+0000] {processor.py:927} WARNING - No viable dags retrieved from /home/ubuntu/airflow-venv/lib/python3.12/site-packages/airflow/example_dags/subdags/subdag.py
[2026-02-25T11:31:01.250+0000] {processor.py:208} INFO - Processing /home/ubuntu/airflow-venv/lib/python3.12/site-packages/airflow/example_dags/subdags/subdag.py took 0.015 seconds
[2026-02-25T11:31:02.310+0000] {processor.py:186} INFO - Started process (PID=11304) to work on /home/ubuntu/airflow-venv/lib/python3.12/site-packages/airflow/example_dags/subdags/subdag.py
[2026-02-25T11:31:02.310+0000] {processor.py:914} INFO - Processing file /home/ubuntu/airflow-venv/lib/python3.12/site-packages/airflow/example_dags/subdags/subdag.py for tasks to queue
[2026-02-25T11:31:02.312+0000] {logging_mixin.py:190} INFO - [2026-02-25T11:31:02.312+0000] {dagbag.py:588} INFO - Filling up the DagBag from /home/ubuntu/airflow-venv/lib/python3.12/site-packages/airflow/example_dags/subdags/subdag.py
[2026-02-25T11:31:02.313+0000] {processor.py:927} WARNING - No viable dags retrieved from /home/ubuntu/airflow-venv/lib/python3.12/site-packages/airflow/example_dags/subdags/subdag.py
[2026-02-25T11:31:02.321+0000] {processor.py:208} INFO - Processing /home/ubuntu/airflow-venv/lib/python3.12/site-packages/airflow/example_dags/subdags/subdag.py took 0.015 seconds
[2026-02-25T11:31:49.103+0000] {processor.py:186} INFO - Started process (PID=11403) to work on /home/ubuntu/airflow-venv/lib/python3.12/site-packages/airflow/example_dags/subdags/subdag.py
[2026-02-25T11:31:49.104+0000] {processor.py:914} INFO - Processing file /home/ubuntu/airflow-venv/lib/python3.12/site-packages/airflow/example_dags/subdags/subdag.py for tasks to queue
[2026-02-25T11:31:49.105+0000] {logging_mixin.py:190} INFO - [2026-02-25T11:31:49.105+0000] {dagbag.py:588} INFO - Filling up the DagBag from /home/ubuntu/airflow-venv/lib/python3.12/site-packages/airflow/example_dags/subdags/subdag.py
[2026-02-25T11:31:49.106+0000] {processor.py:927} WARNING - No viable dags retrieved from /home/ubuntu/airflow-venv/lib/python3.12/site-packages/airflow/example_dags/subdags/subdag.py
[2026-02-25T11:31:49.114+0000] {processor.py:208} INFO - Processing /home/ubuntu/airflow-venv/lib/python3.12/site-packages/airflow/example_dags/subdags/subdag.py took 0.015 seconds
[2026-02-25T11:31:49.621+0000] {processor.py:186} INFO - Started process (PID=11404) to work on /home/ubuntu/airflow-venv/lib/python3.12/site-packages/airflow/example_dags/subdags/subdag.py
[2026-02-25T11:31:49.622+0000] {processor.py:914} INFO - Processing file /home/ubuntu/airflow-venv/lib/python3.12/site-packages/airflow/example_dags/subdags/subdag.py for tasks to queue
[2026-02-25T11:31:49.624+0000] {logging_mixin.py:190} INFO - [2026-02-25T11:31:49.623+0000] {dagbag.py:588} INFO - Filling up the DagBag from /home/ubuntu/airflow-venv/lib/python3.12/site-packages/airflow/example_dags/subdags/subdag.py
[2026-02-25T11:31:49.625+0000] {processor.py:927} WARNING - No viable dags retrieved from /home/ubuntu/airflow-venv/lib/python3.12/site-packages/airflow/example_dags/subdags/subdag.py
[2026-02-25T11:31:49.632+0000] {processor.py:208} INFO - Processing /home/ubuntu/airflow-venv/lib/python3.12/site-packages/airflow/example_dags/subdags/subdag.py took 0.015 seconds
[2026-02-25T11:32:40.268+0000] {processor.py:186} INFO - Started process (PID=11509) to work on /home/ubuntu/airflow-venv/lib/python3.12/site-packages/airflow/example_dags/subdags/subdag.py
[2026-02-25T11:32:40.270+0000] {processor.py:914} INFO - Processing file /home/ubuntu/airflow-venv/lib/python3.12/site-packages/airflow/example_dags/subdags/subdag.py for tasks to queue
[2026-02-25T11:32:40.272+0000] {logging_mixin.py:190} INFO - [2026-02-25T11:32:40.271+0000] {dagbag.py:588} INFO - Filling up the DagBag from /home/ubuntu/airflow-venv/lib/python3.12/site-packages/airflow/example_dags/subdags/subdag.py
[2026-02-25T11:32:40.273+0000] {processor.py:927} WARNING - No viable dags retrieved from /home/ubuntu/airflow-venv/lib/python3.12/site-packages/airflow/example_dags/subdags/subdag.py
[2026-02-25T11:32:40.281+0000] {processor.py:208} INFO - Processing /home/ubuntu/airflow-venv/lib/python3.12/site-packages/airflow/example_dags/subdags/subdag.py took 0.016 seconds
[2026-02-25T11:32:41.022+0000] {processor.py:186} INFO - Started process (PID=11510) to work on /home/ubuntu/airflow-venv/lib/python3.12/site-packages/airflow/example_dags/subdags/subdag.py
[2026-02-25T11:32:41.023+0000] {processor.py:914} INFO - Processing file /home/ubuntu/airflow-venv/lib/python3.12/site-packages/airflow/example_dags/subdags/subdag.py for tasks to queue
[2026-02-25T11:32:41.024+0000] {logging_mixin.py:190} INFO - [2026-02-25T11:32:41.024+0000] {dagbag.py:588} INFO - Filling up the DagBag from /home/ubuntu/airflow-venv/lib/python3.12/site-packages/airflow/example_dags/subdags/subdag.py
[2026-02-25T11:32:41.026+0000] {processor.py:927} WARNING - No viable dags retrieved from /home/ubuntu/airflow-venv/lib/python3.12/site-packages/airflow/example_dags/subdags/subdag.py
[2026-02-25T11:32:41.034+0000] {processor.py:208} INFO - Processing /home/ubuntu/airflow-venv/lib/python3.12/site-packages/airflow/example_dags/subdags/subdag.py took 0.015 seconds
[2026-02-25T11:33:27.546+0000] {processor.py:186} INFO - Started process (PID=11608) to work on /home/ubuntu/airflow-venv/lib/python3.12/site-packages/airflow/example_dags/subdags/subdag.py
[2026-02-25T11:33:27.547+0000] {processor.py:914} INFO - Processing file /home/ubuntu/airflow-venv/lib/python3.12/site-packages/airflow/example_dags/subdags/subdag.py for tasks to queue
[2026-02-25T11:33:27.549+0000] {logging_mixin.py:190} INFO - [2026-02-25T11:33:27.548+0000] {dagbag.py:588} INFO - Filling up the DagBag from /home/ubuntu/airflow-venv/lib/python3.12/site-packages/airflow/example_dags/subdags/subdag.py
[2026-02-25T11:33:27.550+0000] {processor.py:927} WARNING - No viable dags retrieved from /home/ubuntu/airflow-venv/lib/python3.12/site-packages/airflow/example_dags/subdags/subdag.py
[2026-02-25T11:33:27.559+0000] {processor.py:208} INFO - Processing /home/ubuntu/airflow-venv/lib/python3.12/site-packages/airflow/example_dags/subdags/subdag.py took 0.017 seconds
[2026-02-25T11:33:30.926+0000] {processor.py:186} INFO - Started process (PID=11616) to work on /home/ubuntu/airflow-venv/lib/python3.12/site-packages/airflow/example_dags/subdags/subdag.py
[2026-02-25T11:33:30.926+0000] {processor.py:914} INFO - Processing file /home/ubuntu/airflow-venv/lib/python3.12/site-packages/airflow/example_dags/subdags/subdag.py for tasks to queue
[2026-02-25T11:33:30.928+0000] {logging_mixin.py:190} INFO - [2026-02-25T11:33:30.927+0000] {dagbag.py:588} INFO - Filling up the DagBag from /home/ubuntu/airflow-venv/lib/python3.12/site-packages/airflow/example_dags/subdags/subdag.py
[2026-02-25T11:33:30.929+0000] {processor.py:927} WARNING - No viable dags retrieved from /home/ubuntu/airflow-venv/lib/python3.12/site-packages/airflow/example_dags/subdags/subdag.py
[2026-02-25T11:33:30.937+0000] {processor.py:208} INFO - Processing /home/ubuntu/airflow-venv/lib/python3.12/site-packages/airflow/example_dags/subdags/subdag.py took 0.015 seconds
[2026-02-25T11:34:14.075+0000] {processor.py:186} INFO - Started process (PID=11707) to work on /home/ubuntu/airflow-venv/lib/python3.12/site-packages/airflow/example_dags/subdags/subdag.py
[2026-02-25T11:34:14.076+0000] {processor.py:914} INFO - Processing file /home/ubuntu/airflow-venv/lib/python3.12/site-packages/airflow/example_dags/subdags/subdag.py for tasks to queue
[2026-02-25T11:34:14.078+0000] {logging_mixin.py:190} INFO - [2026-02-25T11:34:14.077+0000] {dagbag.py:588} INFO - Filling up the DagBag from /home/ubuntu/airflow-venv/lib/python3.12/site-packages/airflow/example_dags/subdags/subdag.py
[2026-02-25T11:34:14.079+0000] {processor.py:927} WARNING - No viable dags retrieved from /home/ubuntu/airflow-venv/lib/python3.12/site-packages/airflow/example_dags/subdags/subdag.py
[2026-02-25T11:34:14.087+0000] {processor.py:208} INFO - Processing /home/ubuntu/airflow-venv/lib/python3.12/site-packages/airflow/example_dags/subdags/subdag.py took 0.016 seconds
[2026-02-25T11:34:21.267+0000] {processor.py:186} INFO - Started process (PID=11721) to work on /home/ubuntu/airflow-venv/lib/python3.12/site-packages/airflow/example_dags/subdags/subdag.py
[2026-02-25T11:34:21.268+0000] {processor.py:914} INFO - Processing file /home/ubuntu/airflow-venv/lib/python3.12/site-packages/airflow/example_dags/subdags/subdag.py for tasks to queue
[2026-02-25T11:34:21.270+0000] {logging_mixin.py:190} INFO - [2026-02-25T11:34:21.269+0000] {dagbag.py:588} INFO - Filling up the DagBag from /home/ubuntu/airflow-venv/lib/python3.12/site-packages/airflow/example_dags/subdags/subdag.py
[2026-02-25T11:34:21.271+0000] {processor.py:927} WARNING - No viable dags retrieved from /home/ubuntu/airflow-venv/lib/python3.12/site-packages/airflow/example_dags/subdags/subdag.py
[2026-02-25T11:34:21.278+0000] {processor.py:208} INFO - Processing /home/ubuntu/airflow-venv/lib/python3.12/site-packages/airflow/example_dags/subdags/subdag.py took 0.015 seconds
[2026-02-25T11:35:02.764+0000] {processor.py:186} INFO - Started process (PID=11824) to work on /home/ubuntu/airflow-venv/lib/python3.12/site-packages/airflow/example_dags/subdags/subdag.py
[2026-02-25T11:35:02.766+0000] {processor.py:914} INFO - Processing file /home/ubuntu/airflow-venv/lib/python3.12/site-packages/airflow/example_dags/subdags/subdag.py for tasks to queue
[2026-02-25T11:35:02.767+0000] {logging_mixin.py:190} INFO - [2026-02-25T11:35:02.767+0000] {dagbag.py:588} INFO - Filling up the DagBag from /home/ubuntu/airflow-venv/lib/python3.12/site-packages/airflow/example_dags/subdags/subdag.py
[2026-02-25T11:35:02.769+0000] {processor.py:927} WARNING - No viable dags retrieved from /home/ubuntu/airflow-venv/lib/python3.12/site-packages/airflow/example_dags/subdags/subdag.py
[2026-02-25T11:35:02.777+0000] {processor.py:208} INFO - Processing /home/ubuntu/airflow-venv/lib/python3.12/site-packages/airflow/example_dags/subdags/subdag.py took 0.016 seconds
[2026-02-25T11:35:12.068+0000] {processor.py:186} INFO - Started process (PID=11846) to work on /home/ubuntu/airflow-venv/lib/python3.12/site-packages/airflow/example_dags/subdags/subdag.py
[2026-02-25T11:35:12.068+0000] {processor.py:914} INFO - Processing file /home/ubuntu/airflow-venv/lib/python3.12/site-packages/airflow/example_dags/subdags/subdag.py for tasks to queue
[2026-02-25T11:35:12.070+0000] {logging_mixin.py:190} INFO - [2026-02-25T11:35:12.070+0000] {dagbag.py:588} INFO - Filling up the DagBag from /home/ubuntu/airflow-venv/lib/python3.12/site-packages/airflow/example_dags/subdags/subdag.py
[2026-02-25T11:35:12.071+0000] {processor.py:927} WARNING - No viable dags retrieved from /home/ubuntu/airflow-venv/lib/python3.12/site-packages/airflow/example_dags/subdags/subdag.py
[2026-02-25T11:35:12.079+0000] {processor.py:208} INFO - Processing /home/ubuntu/airflow-venv/lib/python3.12/site-packages/airflow/example_dags/subdags/subdag.py took 0.015 seconds
[2026-02-25T11:35:49.645+0000] {processor.py:186} INFO - Started process (PID=11928) to work on /home/ubuntu/airflow-venv/lib/python3.12/site-packages/airflow/example_dags/subdags/subdag.py
[2026-02-25T11:35:49.647+0000] {processor.py:914} INFO - Processing file /home/ubuntu/airflow-venv/lib/python3.12/site-packages/airflow/example_dags/subdags/subdag.py for tasks to queue
[2026-02-25T11:35:49.648+0000] {logging_mixin.py:190} INFO - [2026-02-25T11:35:49.648+0000] {dagbag.py:588} INFO - Filling up the DagBag from /home/ubuntu/airflow-venv/lib/python3.12/site-packages/airflow/example_dags/subdags/subdag.py
[2026-02-25T11:35:49.650+0000] {processor.py:927} WARNING - No viable dags retrieved from /home/ubuntu/airflow-venv/lib/python3.12/site-packages/airflow/example_dags/subdags/subdag.py
[2026-02-25T11:35:49.658+0000] {processor.py:208} INFO - Processing /home/ubuntu/airflow-venv/lib/python3.12/site-packages/airflow/example_dags/subdags/subdag.py took 0.016 seconds
[2026-02-25T11:35:59.468+0000] {processor.py:186} INFO - Started process (PID=11947) to work on /home/ubuntu/airflow-venv/lib/python3.12/site-packages/airflow/example_dags/subdags/subdag.py
[2026-02-25T11:35:59.468+0000] {processor.py:914} INFO - Processing file /home/ubuntu/airflow-venv/lib/python3.12/site-packages/airflow/example_dags/subdags/subdag.py for tasks to queue
[2026-02-25T11:35:59.470+0000] {logging_mixin.py:190} INFO - [2026-02-25T11:35:59.469+0000] {dagbag.py:588} INFO - Filling up the DagBag from /home/ubuntu/airflow-venv/lib/python3.12/site-packages/airflow/example_dags/subdags/subdag.py
[2026-02-25T11:35:59.471+0000] {processor.py:927} WARNING - No viable dags retrieved from /home/ubuntu/airflow-venv/lib/python3.12/site-packages/airflow/example_dags/subdags/subdag.py
[2026-02-25T11:35:59.479+0000] {processor.py:208} INFO - Processing /home/ubuntu/airflow-venv/lib/python3.12/site-packages/airflow/example_dags/subdags/subdag.py took 0.015 seconds
[2026-02-25T11:36:41.598+0000] {processor.py:186} INFO - Started process (PID=12106) to work on /home/ubuntu/airflow-venv/lib/python3.12/site-packages/airflow/example_dags/subdags/subdag.py
[2026-02-25T11:36:41.600+0000] {processor.py:914} INFO - Processing file /home/ubuntu/airflow-venv/lib/python3.12/site-packages/airflow/example_dags/subdags/subdag.py for tasks to queue
[2026-02-25T11:36:41.602+0000] {logging_mixin.py:190} INFO - [2026-02-25T11:36:41.602+0000] {dagbag.py:588} INFO - Filling up the DagBag from /home/ubuntu/airflow-venv/lib/python3.12/site-packages/airflow/example_dags/subdags/subdag.py
[2026-02-25T11:36:41.604+0000] {processor.py:927} WARNING - No viable dags retrieved from /home/ubuntu/airflow-venv/lib/python3.12/site-packages/airflow/example_dags/subdags/subdag.py
[2026-02-25T11:36:41.614+0000] {processor.py:208} INFO - Processing /home/ubuntu/airflow-venv/lib/python3.12/site-packages/airflow/example_dags/subdags/subdag.py took 0.021 seconds
[2026-02-25T11:36:51.794+0000] {processor.py:186} INFO - Started process (PID=12154) to work on /home/ubuntu/airflow-venv/lib/python3.12/site-packages/airflow/example_dags/subdags/subdag.py
[2026-02-25T11:36:51.794+0000] {processor.py:914} INFO - Processing file /home/ubuntu/airflow-venv/lib/python3.12/site-packages/airflow/example_dags/subdags/subdag.py for tasks to queue
[2026-02-25T11:36:51.796+0000] {logging_mixin.py:190} INFO - [2026-02-25T11:36:51.795+0000] {dagbag.py:588} INFO - Filling up the DagBag from /home/ubuntu/airflow-venv/lib/python3.12/site-packages/airflow/example_dags/subdags/subdag.py
[2026-02-25T11:36:51.797+0000] {processor.py:927} WARNING - No viable dags retrieved from /home/ubuntu/airflow-venv/lib/python3.12/site-packages/airflow/example_dags/subdags/subdag.py
[2026-02-25T11:36:51.806+0000] {processor.py:208} INFO - Processing /home/ubuntu/airflow-venv/lib/python3.12/site-packages/airflow/example_dags/subdags/subdag.py took 0.016 seconds
[2026-02-25T11:37:31.761+0000] {processor.py:186} INFO - Started process (PID=12237) to work on /home/ubuntu/airflow-venv/lib/python3.12/site-packages/airflow/example_dags/subdags/subdag.py
[2026-02-25T11:37:31.763+0000] {processor.py:914} INFO - Processing file /home/ubuntu/airflow-venv/lib/python3.12/site-packages/airflow/example_dags/subdags/subdag.py for tasks to queue
[2026-02-25T11:37:31.764+0000] {logging_mixin.py:190} INFO - [2026-02-25T11:37:31.764+0000] {dagbag.py:588} INFO - Filling up the DagBag from /home/ubuntu/airflow-venv/lib/python3.12/site-packages/airflow/example_dags/subdags/subdag.py
[2026-02-25T11:37:31.766+0000] {processor.py:927} WARNING - No viable dags retrieved from /home/ubuntu/airflow-venv/lib/python3.12/site-packages/airflow/example_dags/subdags/subdag.py
[2026-02-25T11:37:31.773+0000] {processor.py:208} INFO - Processing /home/ubuntu/airflow-venv/lib/python3.12/site-packages/airflow/example_dags/subdags/subdag.py took 0.016 seconds
[2026-02-25T11:37:42.055+0000] {processor.py:186} INFO - Started process (PID=12259) to work on /home/ubuntu/airflow-venv/lib/python3.12/site-packages/airflow/example_dags/subdags/subdag.py
[2026-02-25T11:37:42.055+0000] {processor.py:914} INFO - Processing file /home/ubuntu/airflow-venv/lib/python3.12/site-packages/airflow/example_dags/subdags/subdag.py for tasks to queue
[2026-02-25T11:37:42.057+0000] {logging_mixin.py:190} INFO - [2026-02-25T11:37:42.056+0000] {dagbag.py:588} INFO - Filling up the DagBag from /home/ubuntu/airflow-venv/lib/python3.12/site-packages/airflow/example_dags/subdags/subdag.py
[2026-02-25T11:37:42.058+0000] {processor.py:927} WARNING - No viable dags retrieved from /home/ubuntu/airflow-venv/lib/python3.12/site-packages/airflow/example_dags/subdags/subdag.py
[2026-02-25T11:37:42.065+0000] {processor.py:208} INFO - Processing /home/ubuntu/airflow-venv/lib/python3.12/site-packages/airflow/example_dags/subdags/subdag.py took 0.014 seconds
[2026-02-25T11:42:29.818+0000] {processor.py:186} INFO - Started process (PID=1677) to work on /home/ubuntu/airflow-venv/lib/python3.12/site-packages/airflow/example_dags/subdags/subdag.py
[2026-02-25T11:42:29.820+0000] {processor.py:914} INFO - Processing file /home/ubuntu/airflow-venv/lib/python3.12/site-packages/airflow/example_dags/subdags/subdag.py for tasks to queue
[2026-02-25T11:42:29.822+0000] {logging_mixin.py:190} INFO - [2026-02-25T11:42:29.821+0000] {dagbag.py:588} INFO - Filling up the DagBag from /home/ubuntu/airflow-venv/lib/python3.12/site-packages/airflow/example_dags/subdags/subdag.py
[2026-02-25T11:42:29.823+0000] {processor.py:927} WARNING - No viable dags retrieved from /home/ubuntu/airflow-venv/lib/python3.12/site-packages/airflow/example_dags/subdags/subdag.py
[2026-02-25T11:42:29.830+0000] {processor.py:208} INFO - Processing /home/ubuntu/airflow-venv/lib/python3.12/site-packages/airflow/example_dags/subdags/subdag.py took 0.015 seconds
[2026-02-25T11:43:24.379+0000] {processor.py:186} INFO - Started process (PID=2104) to work on /home/ubuntu/airflow-venv/lib/python3.12/site-packages/airflow/example_dags/subdags/subdag.py
[2026-02-25T11:43:24.380+0000] {processor.py:914} INFO - Processing file /home/ubuntu/airflow-venv/lib/python3.12/site-packages/airflow/example_dags/subdags/subdag.py for tasks to queue
[2026-02-25T11:43:24.382+0000] {logging_mixin.py:190} INFO - [2026-02-25T11:43:24.381+0000] {dagbag.py:588} INFO - Filling up the DagBag from /home/ubuntu/airflow-venv/lib/python3.12/site-packages/airflow/example_dags/subdags/subdag.py
[2026-02-25T11:43:24.383+0000] {processor.py:927} WARNING - No viable dags retrieved from /home/ubuntu/airflow-venv/lib/python3.12/site-packages/airflow/example_dags/subdags/subdag.py
[2026-02-25T11:43:24.390+0000] {processor.py:208} INFO - Processing /home/ubuntu/airflow-venv/lib/python3.12/site-packages/airflow/example_dags/subdags/subdag.py took 0.014 seconds
[2026-02-25T11:44:12.201+0000] {processor.py:186} INFO - Started process (PID=2519) to work on /home/ubuntu/airflow-venv/lib/python3.12/site-packages/airflow/example_dags/subdags/subdag.py
[2026-02-25T11:44:12.202+0000] {processor.py:914} INFO - Processing file /home/ubuntu/airflow-venv/lib/python3.12/site-packages/airflow/example_dags/subdags/subdag.py for tasks to queue
[2026-02-25T11:44:12.203+0000] {logging_mixin.py:190} INFO - [2026-02-25T11:44:12.203+0000] {dagbag.py:588} INFO - Filling up the DagBag from /home/ubuntu/airflow-venv/lib/python3.12/site-packages/airflow/example_dags/subdags/subdag.py
[2026-02-25T11:44:12.205+0000] {processor.py:927} WARNING - No viable dags retrieved from /home/ubuntu/airflow-venv/lib/python3.12/site-packages/airflow/example_dags/subdags/subdag.py
[2026-02-25T11:44:12.211+0000] {processor.py:208} INFO - Processing /home/ubuntu/airflow-venv/lib/python3.12/site-packages/airflow/example_dags/subdags/subdag.py took 0.014 seconds
[2026-02-25T11:44:58.450+0000] {processor.py:186} INFO - Started process (PID=2569) to work on /home/ubuntu/airflow-venv/lib/python3.12/site-packages/airflow/example_dags/subdags/subdag.py
[2026-02-25T11:44:58.451+0000] {processor.py:914} INFO - Processing file /home/ubuntu/airflow-venv/lib/python3.12/site-packages/airflow/example_dags/subdags/subdag.py for tasks to queue
[2026-02-25T11:44:58.452+0000] {logging_mixin.py:190} INFO - [2026-02-25T11:44:58.452+0000] {dagbag.py:588} INFO - Filling up the DagBag from /home/ubuntu/airflow-venv/lib/python3.12/site-packages/airflow/example_dags/subdags/subdag.py
[2026-02-25T11:44:58.453+0000] {processor.py:927} WARNING - No viable dags retrieved from /home/ubuntu/airflow-venv/lib/python3.12/site-packages/airflow/example_dags/subdags/subdag.py
[2026-02-25T11:44:58.460+0000] {processor.py:208} INFO - Processing /home/ubuntu/airflow-venv/lib/python3.12/site-packages/airflow/example_dags/subdags/subdag.py took 0.014 seconds
[2026-02-25T11:45:51.959+0000] {processor.py:186} INFO - Started process (PID=2636) to work on /home/ubuntu/airflow-venv/lib/python3.12/site-packages/airflow/example_dags/subdags/subdag.py
[2026-02-25T11:45:51.960+0000] {processor.py:914} INFO - Processing file /home/ubuntu/airflow-venv/lib/python3.12/site-packages/airflow/example_dags/subdags/subdag.py for tasks to queue
[2026-02-25T11:45:51.961+0000] {logging_mixin.py:190} INFO - [2026-02-25T11:45:51.961+0000] {dagbag.py:588} INFO - Filling up the DagBag from /home/ubuntu/airflow-venv/lib/python3.12/site-packages/airflow/example_dags/subdags/subdag.py
[2026-02-25T11:45:51.962+0000] {processor.py:927} WARNING - No viable dags retrieved from /home/ubuntu/airflow-venv/lib/python3.12/site-packages/airflow/example_dags/subdags/subdag.py
[2026-02-25T11:45:51.969+0000] {processor.py:208} INFO - Processing /home/ubuntu/airflow-venv/lib/python3.12/site-packages/airflow/example_dags/subdags/subdag.py took 0.014 seconds
[2026-02-25T11:46:45.503+0000] {processor.py:186} INFO - Started process (PID=2696) to work on /home/ubuntu/airflow-venv/lib/python3.12/site-packages/airflow/example_dags/subdags/subdag.py
[2026-02-25T11:46:45.504+0000] {processor.py:914} INFO - Processing file /home/ubuntu/airflow-venv/lib/python3.12/site-packages/airflow/example_dags/subdags/subdag.py for tasks to queue
[2026-02-25T11:46:45.506+0000] {logging_mixin.py:190} INFO - [2026-02-25T11:46:45.505+0000] {dagbag.py:588} INFO - Filling up the DagBag from /home/ubuntu/airflow-venv/lib/python3.12/site-packages/airflow/example_dags/subdags/subdag.py
[2026-02-25T11:46:45.507+0000] {processor.py:927} WARNING - No viable dags retrieved from /home/ubuntu/airflow-venv/lib/python3.12/site-packages/airflow/example_dags/subdags/subdag.py
[2026-02-25T11:46:45.514+0000] {processor.py:208} INFO - Processing /home/ubuntu/airflow-venv/lib/python3.12/site-packages/airflow/example_dags/subdags/subdag.py took 0.014 seconds
[2026-02-25T12:38:49.510+0000] {processor.py:186} INFO - Started process (PID=1663) to work on /home/ubuntu/airflow-venv/lib/python3.12/site-packages/airflow/example_dags/subdags/subdag.py
[2026-02-25T12:38:49.512+0000] {processor.py:914} INFO - Processing file /home/ubuntu/airflow-venv/lib/python3.12/site-packages/airflow/example_dags/subdags/subdag.py for tasks to queue
[2026-02-25T12:38:49.513+0000] {logging_mixin.py:190} INFO - [2026-02-25T12:38:49.513+0000] {dagbag.py:588} INFO - Filling up the DagBag from /home/ubuntu/airflow-venv/lib/python3.12/site-packages/airflow/example_dags/subdags/subdag.py
[2026-02-25T12:38:49.514+0000] {processor.py:927} WARNING - No viable dags retrieved from /home/ubuntu/airflow-venv/lib/python3.12/site-packages/airflow/example_dags/subdags/subdag.py
[2026-02-25T12:38:49.521+0000] {processor.py:208} INFO - Processing /home/ubuntu/airflow-venv/lib/python3.12/site-packages/airflow/example_dags/subdags/subdag.py took 0.014 seconds
[2026-02-25T12:39:43.950+0000] {processor.py:186} INFO - Started process (PID=2152) to work on /home/ubuntu/airflow-venv/lib/python3.12/site-packages/airflow/example_dags/subdags/subdag.py
[2026-02-25T12:39:43.951+0000] {processor.py:914} INFO - Processing file /home/ubuntu/airflow-venv/lib/python3.12/site-packages/airflow/example_dags/subdags/subdag.py for tasks to queue
[2026-02-25T12:39:43.953+0000] {logging_mixin.py:190} INFO - [2026-02-25T12:39:43.952+0000] {dagbag.py:588} INFO - Filling up the DagBag from /home/ubuntu/airflow-venv/lib/python3.12/site-packages/airflow/example_dags/subdags/subdag.py
[2026-02-25T12:39:43.954+0000] {processor.py:927} WARNING - No viable dags retrieved from /home/ubuntu/airflow-venv/lib/python3.12/site-packages/airflow/example_dags/subdags/subdag.py
[2026-02-25T12:39:43.961+0000] {processor.py:208} INFO - Processing /home/ubuntu/airflow-venv/lib/python3.12/site-packages/airflow/example_dags/subdags/subdag.py took 0.013 seconds
[2026-02-25T12:40:31.876+0000] {processor.py:186} INFO - Started process (PID=2207) to work on /home/ubuntu/airflow-venv/lib/python3.12/site-packages/airflow/example_dags/subdags/subdag.py
[2026-02-25T12:40:31.877+0000] {processor.py:914} INFO - Processing file /home/ubuntu/airflow-venv/lib/python3.12/site-packages/airflow/example_dags/subdags/subdag.py for tasks to queue
[2026-02-25T12:40:31.878+0000] {logging_mixin.py:190} INFO - [2026-02-25T12:40:31.878+0000] {dagbag.py:588} INFO - Filling up the DagBag from /home/ubuntu/airflow-venv/lib/python3.12/site-packages/airflow/example_dags/subdags/subdag.py
[2026-02-25T12:40:31.880+0000] {processor.py:927} WARNING - No viable dags retrieved from /home/ubuntu/airflow-venv/lib/python3.12/site-packages/airflow/example_dags/subdags/subdag.py
[2026-02-25T12:40:31.886+0000] {processor.py:208} INFO - Processing /home/ubuntu/airflow-venv/lib/python3.12/site-packages/airflow/example_dags/subdags/subdag.py took 0.014 seconds
[2026-02-25T12:41:18.138+0000] {processor.py:186} INFO - Started process (PID=2621) to work on /home/ubuntu/airflow-venv/lib/python3.12/site-packages/airflow/example_dags/subdags/subdag.py
[2026-02-25T12:41:18.139+0000] {processor.py:914} INFO - Processing file /home/ubuntu/airflow-venv/lib/python3.12/site-packages/airflow/example_dags/subdags/subdag.py for tasks to queue
[2026-02-25T12:41:18.140+0000] {logging_mixin.py:190} INFO - [2026-02-25T12:41:18.140+0000] {dagbag.py:588} INFO - Filling up the DagBag from /home/ubuntu/airflow-venv/lib/python3.12/site-packages/airflow/example_dags/subdags/subdag.py
[2026-02-25T12:41:18.142+0000] {processor.py:927} WARNING - No viable dags retrieved from /home/ubuntu/airflow-venv/lib/python3.12/site-packages/airflow/example_dags/subdags/subdag.py
[2026-02-25T12:41:18.148+0000] {processor.py:208} INFO - Processing /home/ubuntu/airflow-venv/lib/python3.12/site-packages/airflow/example_dags/subdags/subdag.py took 0.014 seconds
[2026-02-25T12:42:08.321+0000] {processor.py:186} INFO - Started process (PID=2675) to work on /home/ubuntu/airflow-venv/lib/python3.12/site-packages/airflow/example_dags/subdags/subdag.py
[2026-02-25T12:42:08.322+0000] {processor.py:914} INFO - Processing file /home/ubuntu/airflow-venv/lib/python3.12/site-packages/airflow/example_dags/subdags/subdag.py for tasks to queue
[2026-02-25T12:42:08.323+0000] {logging_mixin.py:190} INFO - [2026-02-25T12:42:08.323+0000] {dagbag.py:588} INFO - Filling up the DagBag from /home/ubuntu/airflow-venv/lib/python3.12/site-packages/airflow/example_dags/subdags/subdag.py
[2026-02-25T12:42:08.324+0000] {processor.py:927} WARNING - No viable dags retrieved from /home/ubuntu/airflow-venv/lib/python3.12/site-packages/airflow/example_dags/subdags/subdag.py
[2026-02-25T12:42:08.331+0000] {processor.py:208} INFO - Processing /home/ubuntu/airflow-venv/lib/python3.12/site-packages/airflow/example_dags/subdags/subdag.py took 0.014 seconds
[2026-02-25T12:43:00.772+0000] {processor.py:186} INFO - Started process (PID=2729) to work on /home/ubuntu/airflow-venv/lib/python3.12/site-packages/airflow/example_dags/subdags/subdag.py
[2026-02-25T12:43:00.774+0000] {processor.py:914} INFO - Processing file /home/ubuntu/airflow-venv/lib/python3.12/site-packages/airflow/example_dags/subdags/subdag.py for tasks to queue
[2026-02-25T12:43:00.775+0000] {logging_mixin.py:190} INFO - [2026-02-25T12:43:00.775+0000] {dagbag.py:588} INFO - Filling up the DagBag from /home/ubuntu/airflow-venv/lib/python3.12/site-packages/airflow/example_dags/subdags/subdag.py
[2026-02-25T12:43:00.776+0000] {processor.py:927} WARNING - No viable dags retrieved from /home/ubuntu/airflow-venv/lib/python3.12/site-packages/airflow/example_dags/subdags/subdag.py
[2026-02-25T12:43:00.783+0000] {processor.py:208} INFO - Processing /home/ubuntu/airflow-venv/lib/python3.12/site-packages/airflow/example_dags/subdags/subdag.py took 0.014 seconds
[2026-02-25T12:43:48.716+0000] {processor.py:186} INFO - Started process (PID=2789) to work on /home/ubuntu/airflow-venv/lib/python3.12/site-packages/airflow/example_dags/subdags/subdag.py
[2026-02-25T12:43:48.718+0000] {processor.py:914} INFO - Processing file /home/ubuntu/airflow-venv/lib/python3.12/site-packages/airflow/example_dags/subdags/subdag.py for tasks to queue
[2026-02-25T12:43:48.719+0000] {logging_mixin.py:190} INFO - [2026-02-25T12:43:48.719+0000] {dagbag.py:588} INFO - Filling up the DagBag from /home/ubuntu/airflow-venv/lib/python3.12/site-packages/airflow/example_dags/subdags/subdag.py
[2026-02-25T12:43:48.720+0000] {processor.py:927} WARNING - No viable dags retrieved from /home/ubuntu/airflow-venv/lib/python3.12/site-packages/airflow/example_dags/subdags/subdag.py
[2026-02-25T12:43:48.726+0000] {processor.py:208} INFO - Processing /home/ubuntu/airflow-venv/lib/python3.12/site-packages/airflow/example_dags/subdags/subdag.py took 0.013 seconds
[2026-02-25T12:44:39.862+0000] {processor.py:186} INFO - Started process (PID=2841) to work on /home/ubuntu/airflow-venv/lib/python3.12/site-packages/airflow/example_dags/subdags/subdag.py
[2026-02-25T12:44:39.863+0000] {processor.py:914} INFO - Processing file /home/ubuntu/airflow-venv/lib/python3.12/site-packages/airflow/example_dags/subdags/subdag.py for tasks to queue
[2026-02-25T12:44:39.865+0000] {logging_mixin.py:190} INFO - [2026-02-25T12:44:39.864+0000] {dagbag.py:588} INFO - Filling up the DagBag from /home/ubuntu/airflow-venv/lib/python3.12/site-packages/airflow/example_dags/subdags/subdag.py
[2026-02-25T12:44:39.866+0000] {processor.py:927} WARNING - No viable dags retrieved from /home/ubuntu/airflow-venv/lib/python3.12/site-packages/airflow/example_dags/subdags/subdag.py
[2026-02-25T12:44:39.873+0000] {processor.py:208} INFO - Processing /home/ubuntu/airflow-venv/lib/python3.12/site-packages/airflow/example_dags/subdags/subdag.py took 0.014 seconds
[2026-02-25T12:45:31.912+0000] {processor.py:186} INFO - Started process (PID=2897) to work on /home/ubuntu/airflow-venv/lib/python3.12/site-packages/airflow/example_dags/subdags/subdag.py
[2026-02-25T12:45:31.913+0000] {processor.py:914} INFO - Processing file /home/ubuntu/airflow-venv/lib/python3.12/site-packages/airflow/example_dags/subdags/subdag.py for tasks to queue
[2026-02-25T12:45:31.914+0000] {logging_mixin.py:190} INFO - [2026-02-25T12:45:31.914+0000] {dagbag.py:588} INFO - Filling up the DagBag from /home/ubuntu/airflow-venv/lib/python3.12/site-packages/airflow/example_dags/subdags/subdag.py
[2026-02-25T12:45:31.916+0000] {processor.py:927} WARNING - No viable dags retrieved from /home/ubuntu/airflow-venv/lib/python3.12/site-packages/airflow/example_dags/subdags/subdag.py
[2026-02-25T12:45:31.922+0000] {processor.py:208} INFO - Processing /home/ubuntu/airflow-venv/lib/python3.12/site-packages/airflow/example_dags/subdags/subdag.py took 0.014 seconds
[2026-02-25T12:46:24.825+0000] {processor.py:186} INFO - Started process (PID=2951) to work on /home/ubuntu/airflow-venv/lib/python3.12/site-packages/airflow/example_dags/subdags/subdag.py
[2026-02-25T12:46:24.826+0000] {processor.py:914} INFO - Processing file /home/ubuntu/airflow-venv/lib/python3.12/site-packages/airflow/example_dags/subdags/subdag.py for tasks to queue
[2026-02-25T12:46:24.828+0000] {logging_mixin.py:190} INFO - [2026-02-25T12:46:24.827+0000] {dagbag.py:588} INFO - Filling up the DagBag from /home/ubuntu/airflow-venv/lib/python3.12/site-packages/airflow/example_dags/subdags/subdag.py
[2026-02-25T12:46:24.829+0000] {processor.py:927} WARNING - No viable dags retrieved from /home/ubuntu/airflow-venv/lib/python3.12/site-packages/airflow/example_dags/subdags/subdag.py
[2026-02-25T12:46:24.836+0000] {processor.py:208} INFO - Processing /home/ubuntu/airflow-venv/lib/python3.12/site-packages/airflow/example_dags/subdags/subdag.py took 0.014 seconds
[2026-02-25T12:47:12.348+0000] {processor.py:186} INFO - Started process (PID=3003) to work on /home/ubuntu/airflow-venv/lib/python3.12/site-packages/airflow/example_dags/subdags/subdag.py
[2026-02-25T12:47:12.349+0000] {processor.py:914} INFO - Processing file /home/ubuntu/airflow-venv/lib/python3.12/site-packages/airflow/example_dags/subdags/subdag.py for tasks to queue
[2026-02-25T12:47:12.350+0000] {logging_mixin.py:190} INFO - [2026-02-25T12:47:12.350+0000] {dagbag.py:588} INFO - Filling up the DagBag from /home/ubuntu/airflow-venv/lib/python3.12/site-packages/airflow/example_dags/subdags/subdag.py
[2026-02-25T12:47:12.352+0000] {processor.py:927} WARNING - No viable dags retrieved from /home/ubuntu/airflow-venv/lib/python3.12/site-packages/airflow/example_dags/subdags/subdag.py
[2026-02-25T12:47:12.359+0000] {processor.py:208} INFO - Processing /home/ubuntu/airflow-venv/lib/python3.12/site-packages/airflow/example_dags/subdags/subdag.py took 0.014 seconds
[2026-02-25T12:48:01.996+0000] {processor.py:186} INFO - Started process (PID=3055) to work on /home/ubuntu/airflow-venv/lib/python3.12/site-packages/airflow/example_dags/subdags/subdag.py
[2026-02-25T12:48:01.997+0000] {processor.py:914} INFO - Processing file /home/ubuntu/airflow-venv/lib/python3.12/site-packages/airflow/example_dags/subdags/subdag.py for tasks to queue
[2026-02-25T12:48:01.998+0000] {logging_mixin.py:190} INFO - [2026-02-25T12:48:01.998+0000] {dagbag.py:588} INFO - Filling up the DagBag from /home/ubuntu/airflow-venv/lib/python3.12/site-packages/airflow/example_dags/subdags/subdag.py
[2026-02-25T12:48:02.000+0000] {processor.py:927} WARNING - No viable dags retrieved from /home/ubuntu/airflow-venv/lib/python3.12/site-packages/airflow/example_dags/subdags/subdag.py
[2026-02-25T12:48:02.007+0000] {processor.py:208} INFO - Processing /home/ubuntu/airflow-venv/lib/python3.12/site-packages/airflow/example_dags/subdags/subdag.py took 0.014 seconds
[2026-02-25T12:48:52.254+0000] {processor.py:186} INFO - Started process (PID=3110) to work on /home/ubuntu/airflow-venv/lib/python3.12/site-packages/airflow/example_dags/subdags/subdag.py
[2026-02-25T12:48:52.255+0000] {processor.py:914} INFO - Processing file /home/ubuntu/airflow-venv/lib/python3.12/site-packages/airflow/example_dags/subdags/subdag.py for tasks to queue
[2026-02-25T12:48:52.256+0000] {logging_mixin.py:190} INFO - [2026-02-25T12:48:52.256+0000] {dagbag.py:588} INFO - Filling up the DagBag from /home/ubuntu/airflow-venv/lib/python3.12/site-packages/airflow/example_dags/subdags/subdag.py
[2026-02-25T12:48:52.258+0000] {processor.py:927} WARNING - No viable dags retrieved from /home/ubuntu/airflow-venv/lib/python3.12/site-packages/airflow/example_dags/subdags/subdag.py
[2026-02-25T12:48:52.264+0000] {processor.py:208} INFO - Processing /home/ubuntu/airflow-venv/lib/python3.12/site-packages/airflow/example_dags/subdags/subdag.py took 0.014 seconds
[2026-02-25T12:49:39.910+0000] {processor.py:186} INFO - Started process (PID=3160) to work on /home/ubuntu/airflow-venv/lib/python3.12/site-packages/airflow/example_dags/subdags/subdag.py
[2026-02-25T12:49:39.911+0000] {processor.py:914} INFO - Processing file /home/ubuntu/airflow-venv/lib/python3.12/site-packages/airflow/example_dags/subdags/subdag.py for tasks to queue
[2026-02-25T12:49:39.912+0000] {logging_mixin.py:190} INFO - [2026-02-25T12:49:39.912+0000] {dagbag.py:588} INFO - Filling up the DagBag from /home/ubuntu/airflow-venv/lib/python3.12/site-packages/airflow/example_dags/subdags/subdag.py
[2026-02-25T12:49:39.914+0000] {processor.py:927} WARNING - No viable dags retrieved from /home/ubuntu/airflow-venv/lib/python3.12/site-packages/airflow/example_dags/subdags/subdag.py
[2026-02-25T12:49:39.921+0000] {processor.py:208} INFO - Processing /home/ubuntu/airflow-venv/lib/python3.12/site-packages/airflow/example_dags/subdags/subdag.py took 0.014 seconds
[2026-02-25T12:50:29.746+0000] {processor.py:186} INFO - Started process (PID=3211) to work on /home/ubuntu/airflow-venv/lib/python3.12/site-packages/airflow/example_dags/subdags/subdag.py
[2026-02-25T12:50:29.747+0000] {processor.py:914} INFO - Processing file /home/ubuntu/airflow-venv/lib/python3.12/site-packages/airflow/example_dags/subdags/subdag.py for tasks to queue
[2026-02-25T12:50:29.749+0000] {logging_mixin.py:190} INFO - [2026-02-25T12:50:29.748+0000] {dagbag.py:588} INFO - Filling up the DagBag from /home/ubuntu/airflow-venv/lib/python3.12/site-packages/airflow/example_dags/subdags/subdag.py
[2026-02-25T12:50:29.750+0000] {processor.py:927} WARNING - No viable dags retrieved from /home/ubuntu/airflow-venv/lib/python3.12/site-packages/airflow/example_dags/subdags/subdag.py
[2026-02-25T12:50:29.756+0000] {processor.py:208} INFO - Processing /home/ubuntu/airflow-venv/lib/python3.12/site-packages/airflow/example_dags/subdags/subdag.py took 0.014 seconds
[2026-02-25T12:51:19.942+0000] {processor.py:186} INFO - Started process (PID=3268) to work on /home/ubuntu/airflow-venv/lib/python3.12/site-packages/airflow/example_dags/subdags/subdag.py
[2026-02-25T12:51:19.943+0000] {processor.py:914} INFO - Processing file /home/ubuntu/airflow-venv/lib/python3.12/site-packages/airflow/example_dags/subdags/subdag.py for tasks to queue
[2026-02-25T12:51:19.944+0000] {logging_mixin.py:190} INFO - [2026-02-25T12:51:19.944+0000] {dagbag.py:588} INFO - Filling up the DagBag from /home/ubuntu/airflow-venv/lib/python3.12/site-packages/airflow/example_dags/subdags/subdag.py
[2026-02-25T12:51:19.946+0000] {processor.py:927} WARNING - No viable dags retrieved from /home/ubuntu/airflow-venv/lib/python3.12/site-packages/airflow/example_dags/subdags/subdag.py
[2026-02-25T12:51:19.952+0000] {processor.py:208} INFO - Processing /home/ubuntu/airflow-venv/lib/python3.12/site-packages/airflow/example_dags/subdags/subdag.py took 0.014 seconds
[2026-02-25T12:52:08.843+0000] {processor.py:186} INFO - Started process (PID=3322) to work on /home/ubuntu/airflow-venv/lib/python3.12/site-packages/airflow/example_dags/subdags/subdag.py
[2026-02-25T12:52:08.845+0000] {processor.py:914} INFO - Processing file /home/ubuntu/airflow-venv/lib/python3.12/site-packages/airflow/example_dags/subdags/subdag.py for tasks to queue
[2026-02-25T12:52:08.846+0000] {logging_mixin.py:190} INFO - [2026-02-25T12:52:08.846+0000] {dagbag.py:588} INFO - Filling up the DagBag from /home/ubuntu/airflow-venv/lib/python3.12/site-packages/airflow/example_dags/subdags/subdag.py
[2026-02-25T12:52:08.847+0000] {processor.py:927} WARNING - No viable dags retrieved from /home/ubuntu/airflow-venv/lib/python3.12/site-packages/airflow/example_dags/subdags/subdag.py
[2026-02-25T12:52:08.854+0000] {processor.py:208} INFO - Processing /home/ubuntu/airflow-venv/lib/python3.12/site-packages/airflow/example_dags/subdags/subdag.py took 0.014 seconds
[2026-02-25T12:52:56.499+0000] {processor.py:186} INFO - Started process (PID=3378) to work on /home/ubuntu/airflow-venv/lib/python3.12/site-packages/airflow/example_dags/subdags/subdag.py
[2026-02-25T12:52:56.500+0000] {processor.py:914} INFO - Processing file /home/ubuntu/airflow-venv/lib/python3.12/site-packages/airflow/example_dags/subdags/subdag.py for tasks to queue
[2026-02-25T12:52:56.501+0000] {logging_mixin.py:190} INFO - [2026-02-25T12:52:56.501+0000] {dagbag.py:588} INFO - Filling up the DagBag from /home/ubuntu/airflow-venv/lib/python3.12/site-packages/airflow/example_dags/subdags/subdag.py
[2026-02-25T12:52:56.503+0000] {processor.py:927} WARNING - No viable dags retrieved from /home/ubuntu/airflow-venv/lib/python3.12/site-packages/airflow/example_dags/subdags/subdag.py
[2026-02-25T12:52:56.509+0000] {processor.py:208} INFO - Processing /home/ubuntu/airflow-venv/lib/python3.12/site-packages/airflow/example_dags/subdags/subdag.py took 0.014 seconds
[2026-02-25T12:53:47.270+0000] {processor.py:186} INFO - Started process (PID=3435) to work on /home/ubuntu/airflow-venv/lib/python3.12/site-packages/airflow/example_dags/subdags/subdag.py
[2026-02-25T12:53:47.271+0000] {processor.py:914} INFO - Processing file /home/ubuntu/airflow-venv/lib/python3.12/site-packages/airflow/example_dags/subdags/subdag.py for tasks to queue
[2026-02-25T12:53:47.273+0000] {logging_mixin.py:190} INFO - [2026-02-25T12:53:47.273+0000] {dagbag.py:588} INFO - Filling up the DagBag from /home/ubuntu/airflow-venv/lib/python3.12/site-packages/airflow/example_dags/subdags/subdag.py
[2026-02-25T12:53:47.274+0000] {processor.py:927} WARNING - No viable dags retrieved from /home/ubuntu/airflow-venv/lib/python3.12/site-packages/airflow/example_dags/subdags/subdag.py
[2026-02-25T12:53:47.281+0000] {processor.py:208} INFO - Processing /home/ubuntu/airflow-venv/lib/python3.12/site-packages/airflow/example_dags/subdags/subdag.py took 0.014 seconds
[2026-02-25T12:54:35.273+0000] {processor.py:186} INFO - Started process (PID=3486) to work on /home/ubuntu/airflow-venv/lib/python3.12/site-packages/airflow/example_dags/subdags/subdag.py
[2026-02-25T12:54:35.275+0000] {processor.py:914} INFO - Processing file /home/ubuntu/airflow-venv/lib/python3.12/site-packages/airflow/example_dags/subdags/subdag.py for tasks to queue
[2026-02-25T12:54:35.276+0000] {logging_mixin.py:190} INFO - [2026-02-25T12:54:35.276+0000] {dagbag.py:588} INFO - Filling up the DagBag from /home/ubuntu/airflow-venv/lib/python3.12/site-packages/airflow/example_dags/subdags/subdag.py
[2026-02-25T12:54:35.277+0000] {processor.py:927} WARNING - No viable dags retrieved from /home/ubuntu/airflow-venv/lib/python3.12/site-packages/airflow/example_dags/subdags/subdag.py
[2026-02-25T12:54:35.284+0000] {processor.py:208} INFO - Processing /home/ubuntu/airflow-venv/lib/python3.12/site-packages/airflow/example_dags/subdags/subdag.py took 0.014 seconds
[2026-02-25T12:55:23.718+0000] {processor.py:186} INFO - Started process (PID=3541) to work on /home/ubuntu/airflow-venv/lib/python3.12/site-packages/airflow/example_dags/subdags/subdag.py
[2026-02-25T12:55:23.720+0000] {processor.py:914} INFO - Processing file /home/ubuntu/airflow-venv/lib/python3.12/site-packages/airflow/example_dags/subdags/subdag.py for tasks to queue
[2026-02-25T12:55:23.721+0000] {logging_mixin.py:190} INFO - [2026-02-25T12:55:23.721+0000] {dagbag.py:588} INFO - Filling up the DagBag from /home/ubuntu/airflow-venv/lib/python3.12/site-packages/airflow/example_dags/subdags/subdag.py
[2026-02-25T12:55:23.722+0000] {processor.py:927} WARNING - No viable dags retrieved from /home/ubuntu/airflow-venv/lib/python3.12/site-packages/airflow/example_dags/subdags/subdag.py
[2026-02-25T12:55:23.729+0000] {processor.py:208} INFO - Processing /home/ubuntu/airflow-venv/lib/python3.12/site-packages/airflow/example_dags/subdags/subdag.py took 0.015 seconds
[2026-02-25T12:56:12.835+0000] {processor.py:186} INFO - Started process (PID=3593) to work on /home/ubuntu/airflow-venv/lib/python3.12/site-packages/airflow/example_dags/subdags/subdag.py
[2026-02-25T12:56:12.836+0000] {processor.py:914} INFO - Processing file /home/ubuntu/airflow-venv/lib/python3.12/site-packages/airflow/example_dags/subdags/subdag.py for tasks to queue
[2026-02-25T12:56:12.837+0000] {logging_mixin.py:190} INFO - [2026-02-25T12:56:12.837+0000] {dagbag.py:588} INFO - Filling up the DagBag from /home/ubuntu/airflow-venv/lib/python3.12/site-packages/airflow/example_dags/subdags/subdag.py
[2026-02-25T12:56:12.839+0000] {processor.py:927} WARNING - No viable dags retrieved from /home/ubuntu/airflow-venv/lib/python3.12/site-packages/airflow/example_dags/subdags/subdag.py
[2026-02-25T12:56:12.845+0000] {processor.py:208} INFO - Processing /home/ubuntu/airflow-venv/lib/python3.12/site-packages/airflow/example_dags/subdags/subdag.py took 0.014 seconds
[2026-02-25T12:57:04.145+0000] {processor.py:186} INFO - Started process (PID=3646) to work on /home/ubuntu/airflow-venv/lib/python3.12/site-packages/airflow/example_dags/subdags/subdag.py
[2026-02-25T12:57:04.147+0000] {processor.py:914} INFO - Processing file /home/ubuntu/airflow-venv/lib/python3.12/site-packages/airflow/example_dags/subdags/subdag.py for tasks to queue
[2026-02-25T12:57:04.148+0000] {logging_mixin.py:190} INFO - [2026-02-25T12:57:04.148+0000] {dagbag.py:588} INFO - Filling up the DagBag from /home/ubuntu/airflow-venv/lib/python3.12/site-packages/airflow/example_dags/subdags/subdag.py
[2026-02-25T12:57:04.149+0000] {processor.py:927} WARNING - No viable dags retrieved from /home/ubuntu/airflow-venv/lib/python3.12/site-packages/airflow/example_dags/subdags/subdag.py
[2026-02-25T12:57:04.156+0000] {processor.py:208} INFO - Processing /home/ubuntu/airflow-venv/lib/python3.12/site-packages/airflow/example_dags/subdags/subdag.py took 0.014 seconds
[2026-02-25T12:57:57.753+0000] {processor.py:186} INFO - Started process (PID=3701) to work on /home/ubuntu/airflow-venv/lib/python3.12/site-packages/airflow/example_dags/subdags/subdag.py
[2026-02-25T12:57:57.755+0000] {processor.py:914} INFO - Processing file /home/ubuntu/airflow-venv/lib/python3.12/site-packages/airflow/example_dags/subdags/subdag.py for tasks to queue
[2026-02-25T12:57:57.756+0000] {logging_mixin.py:190} INFO - [2026-02-25T12:57:57.756+0000] {dagbag.py:588} INFO - Filling up the DagBag from /home/ubuntu/airflow-venv/lib/python3.12/site-packages/airflow/example_dags/subdags/subdag.py
[2026-02-25T12:57:57.757+0000] {processor.py:927} WARNING - No viable dags retrieved from /home/ubuntu/airflow-venv/lib/python3.12/site-packages/airflow/example_dags/subdags/subdag.py
[2026-02-25T12:57:57.764+0000] {processor.py:208} INFO - Processing /home/ubuntu/airflow-venv/lib/python3.12/site-packages/airflow/example_dags/subdags/subdag.py took 0.014 seconds
[2026-02-25T12:58:46.539+0000] {processor.py:186} INFO - Started process (PID=3752) to work on /home/ubuntu/airflow-venv/lib/python3.12/site-packages/airflow/example_dags/subdags/subdag.py
[2026-02-25T12:58:46.540+0000] {processor.py:914} INFO - Processing file /home/ubuntu/airflow-venv/lib/python3.12/site-packages/airflow/example_dags/subdags/subdag.py for tasks to queue
[2026-02-25T12:58:46.541+0000] {logging_mixin.py:190} INFO - [2026-02-25T12:58:46.541+0000] {dagbag.py:588} INFO - Filling up the DagBag from /home/ubuntu/airflow-venv/lib/python3.12/site-packages/airflow/example_dags/subdags/subdag.py
[2026-02-25T12:58:46.542+0000] {processor.py:927} WARNING - No viable dags retrieved from /home/ubuntu/airflow-venv/lib/python3.12/site-packages/airflow/example_dags/subdags/subdag.py
[2026-02-25T12:58:46.549+0000] {processor.py:208} INFO - Processing /home/ubuntu/airflow-venv/lib/python3.12/site-packages/airflow/example_dags/subdags/subdag.py took 0.014 seconds
[2026-02-25T12:59:37.750+0000] {processor.py:186} INFO - Started process (PID=3807) to work on /home/ubuntu/airflow-venv/lib/python3.12/site-packages/airflow/example_dags/subdags/subdag.py
[2026-02-25T12:59:37.752+0000] {processor.py:914} INFO - Processing file /home/ubuntu/airflow-venv/lib/python3.12/site-packages/airflow/example_dags/subdags/subdag.py for tasks to queue
[2026-02-25T12:59:37.753+0000] {logging_mixin.py:190} INFO - [2026-02-25T12:59:37.753+0000] {dagbag.py:588} INFO - Filling up the DagBag from /home/ubuntu/airflow-venv/lib/python3.12/site-packages/airflow/example_dags/subdags/subdag.py
[2026-02-25T12:59:37.754+0000] {processor.py:927} WARNING - No viable dags retrieved from /home/ubuntu/airflow-venv/lib/python3.12/site-packages/airflow/example_dags/subdags/subdag.py
[2026-02-25T12:59:37.761+0000] {processor.py:208} INFO - Processing /home/ubuntu/airflow-venv/lib/python3.12/site-packages/airflow/example_dags/subdags/subdag.py took 0.014 seconds
[2026-02-25T13:00:25.315+0000] {processor.py:186} INFO - Started process (PID=3859) to work on /home/ubuntu/airflow-venv/lib/python3.12/site-packages/airflow/example_dags/subdags/subdag.py
[2026-02-25T13:00:25.317+0000] {processor.py:914} INFO - Processing file /home/ubuntu/airflow-venv/lib/python3.12/site-packages/airflow/example_dags/subdags/subdag.py for tasks to queue
[2026-02-25T13:00:25.318+0000] {logging_mixin.py:190} INFO - [2026-02-25T13:00:25.318+0000] {dagbag.py:588} INFO - Filling up the DagBag from /home/ubuntu/airflow-venv/lib/python3.12/site-packages/airflow/example_dags/subdags/subdag.py
[2026-02-25T13:00:25.319+0000] {processor.py:927} WARNING - No viable dags retrieved from /home/ubuntu/airflow-venv/lib/python3.12/site-packages/airflow/example_dags/subdags/subdag.py
[2026-02-25T13:00:25.327+0000] {processor.py:208} INFO - Processing /home/ubuntu/airflow-venv/lib/python3.12/site-packages/airflow/example_dags/subdags/subdag.py took 0.015 seconds
[2026-02-25T13:01:12.693+0000] {processor.py:186} INFO - Started process (PID=3912) to work on /home/ubuntu/airflow-venv/lib/python3.12/site-packages/airflow/example_dags/subdags/subdag.py
[2026-02-25T13:01:12.694+0000] {processor.py:914} INFO - Processing file /home/ubuntu/airflow-venv/lib/python3.12/site-packages/airflow/example_dags/subdags/subdag.py for tasks to queue
[2026-02-25T13:01:12.696+0000] {logging_mixin.py:190} INFO - [2026-02-25T13:01:12.695+0000] {dagbag.py:588} INFO - Filling up the DagBag from /home/ubuntu/airflow-venv/lib/python3.12/site-packages/airflow/example_dags/subdags/subdag.py
[2026-02-25T13:01:12.697+0000] {processor.py:927} WARNING - No viable dags retrieved from /home/ubuntu/airflow-venv/lib/python3.12/site-packages/airflow/example_dags/subdags/subdag.py
[2026-02-25T13:01:12.703+0000] {processor.py:208} INFO - Processing /home/ubuntu/airflow-venv/lib/python3.12/site-packages/airflow/example_dags/subdags/subdag.py took 0.014 seconds
[2026-02-25T13:02:18.959+0000] {processor.py:186} INFO - Started process (PID=3952) to work on /home/ubuntu/airflow-venv/lib/python3.12/site-packages/airflow/example_dags/subdags/subdag.py
[2026-02-25T13:02:18.960+0000] {processor.py:914} INFO - Processing file /home/ubuntu/airflow-venv/lib/python3.12/site-packages/airflow/example_dags/subdags/subdag.py for tasks to queue
[2026-02-25T13:02:18.964+0000] {logging_mixin.py:190} INFO - [2026-02-25T13:02:18.964+0000] {dagbag.py:588} INFO - Filling up the DagBag from /home/ubuntu/airflow-venv/lib/python3.12/site-packages/airflow/example_dags/subdags/subdag.py
[2026-02-25T13:02:18.966+0000] {processor.py:927} WARNING - No viable dags retrieved from /home/ubuntu/airflow-venv/lib/python3.12/site-packages/airflow/example_dags/subdags/subdag.py
[2026-02-25T13:02:18.982+0000] {processor.py:208} INFO - Processing /home/ubuntu/airflow-venv/lib/python3.12/site-packages/airflow/example_dags/subdags/subdag.py took 0.027 seconds
[2026-02-25T13:03:19.707+0000] {processor.py:186} INFO - Started process (PID=4017) to work on /home/ubuntu/airflow-venv/lib/python3.12/site-packages/airflow/example_dags/subdags/subdag.py
[2026-02-25T13:03:19.708+0000] {processor.py:914} INFO - Processing file /home/ubuntu/airflow-venv/lib/python3.12/site-packages/airflow/example_dags/subdags/subdag.py for tasks to queue
[2026-02-25T13:03:19.709+0000] {logging_mixin.py:190} INFO - [2026-02-25T13:03:19.709+0000] {dagbag.py:588} INFO - Filling up the DagBag from /home/ubuntu/airflow-venv/lib/python3.12/site-packages/airflow/example_dags/subdags/subdag.py
[2026-02-25T13:03:19.710+0000] {processor.py:927} WARNING - No viable dags retrieved from /home/ubuntu/airflow-venv/lib/python3.12/site-packages/airflow/example_dags/subdags/subdag.py
[2026-02-25T13:03:19.717+0000] {processor.py:208} INFO - Processing /home/ubuntu/airflow-venv/lib/python3.12/site-packages/airflow/example_dags/subdags/subdag.py took 0.013 seconds
[2026-02-25T13:04:11.021+0000] {processor.py:186} INFO - Started process (PID=4071) to work on /home/ubuntu/airflow-venv/lib/python3.12/site-packages/airflow/example_dags/subdags/subdag.py
[2026-02-25T13:04:11.022+0000] {processor.py:914} INFO - Processing file /home/ubuntu/airflow-venv/lib/python3.12/site-packages/airflow/example_dags/subdags/subdag.py for tasks to queue
[2026-02-25T13:04:11.023+0000] {logging_mixin.py:190} INFO - [2026-02-25T13:04:11.023+0000] {dagbag.py:588} INFO - Filling up the DagBag from /home/ubuntu/airflow-venv/lib/python3.12/site-packages/airflow/example_dags/subdags/subdag.py
[2026-02-25T13:04:11.025+0000] {processor.py:927} WARNING - No viable dags retrieved from /home/ubuntu/airflow-venv/lib/python3.12/site-packages/airflow/example_dags/subdags/subdag.py
[2026-02-25T13:04:11.031+0000] {processor.py:208} INFO - Processing /home/ubuntu/airflow-venv/lib/python3.12/site-packages/airflow/example_dags/subdags/subdag.py took 0.014 seconds
[2026-02-25T13:05:12.908+0000] {processor.py:186} INFO - Started process (PID=4123) to work on /home/ubuntu/airflow-venv/lib/python3.12/site-packages/airflow/example_dags/subdags/subdag.py
[2026-02-25T13:05:12.909+0000] {processor.py:914} INFO - Processing file /home/ubuntu/airflow-venv/lib/python3.12/site-packages/airflow/example_dags/subdags/subdag.py for tasks to queue
[2026-02-25T13:05:12.911+0000] {logging_mixin.py:190} INFO - [2026-02-25T13:05:12.911+0000] {dagbag.py:588} INFO - Filling up the DagBag from /home/ubuntu/airflow-venv/lib/python3.12/site-packages/airflow/example_dags/subdags/subdag.py
[2026-02-25T13:05:12.913+0000] {processor.py:927} WARNING - No viable dags retrieved from /home/ubuntu/airflow-venv/lib/python3.12/site-packages/airflow/example_dags/subdags/subdag.py
[2026-02-25T13:05:12.921+0000] {processor.py:208} INFO - Processing /home/ubuntu/airflow-venv/lib/python3.12/site-packages/airflow/example_dags/subdags/subdag.py took 0.018 seconds
[2026-02-25T13:08:56.539+0000] {processor.py:186} INFO - Started process (PID=1666) to work on /home/ubuntu/airflow-venv/lib/python3.12/site-packages/airflow/example_dags/subdags/subdag.py
[2026-02-25T13:08:56.541+0000] {processor.py:914} INFO - Processing file /home/ubuntu/airflow-venv/lib/python3.12/site-packages/airflow/example_dags/subdags/subdag.py for tasks to queue
[2026-02-25T13:08:56.543+0000] {logging_mixin.py:190} INFO - [2026-02-25T13:08:56.542+0000] {dagbag.py:588} INFO - Filling up the DagBag from /home/ubuntu/airflow-venv/lib/python3.12/site-packages/airflow/example_dags/subdags/subdag.py
[2026-02-25T13:08:56.544+0000] {processor.py:927} WARNING - No viable dags retrieved from /home/ubuntu/airflow-venv/lib/python3.12/site-packages/airflow/example_dags/subdags/subdag.py
[2026-02-25T13:08:56.551+0000] {processor.py:208} INFO - Processing /home/ubuntu/airflow-venv/lib/python3.12/site-packages/airflow/example_dags/subdags/subdag.py took 0.015 seconds
[2026-02-25T13:09:51.107+0000] {processor.py:186} INFO - Started process (PID=2157) to work on /home/ubuntu/airflow-venv/lib/python3.12/site-packages/airflow/example_dags/subdags/subdag.py
[2026-02-25T13:09:51.108+0000] {processor.py:914} INFO - Processing file /home/ubuntu/airflow-venv/lib/python3.12/site-packages/airflow/example_dags/subdags/subdag.py for tasks to queue
[2026-02-25T13:09:51.109+0000] {logging_mixin.py:190} INFO - [2026-02-25T13:09:51.109+0000] {dagbag.py:588} INFO - Filling up the DagBag from /home/ubuntu/airflow-venv/lib/python3.12/site-packages/airflow/example_dags/subdags/subdag.py
[2026-02-25T13:09:51.111+0000] {processor.py:927} WARNING - No viable dags retrieved from /home/ubuntu/airflow-venv/lib/python3.12/site-packages/airflow/example_dags/subdags/subdag.py
[2026-02-25T13:09:51.118+0000] {processor.py:208} INFO - Processing /home/ubuntu/airflow-venv/lib/python3.12/site-packages/airflow/example_dags/subdags/subdag.py took 0.015 seconds
[2026-02-25T13:10:38.951+0000] {processor.py:186} INFO - Started process (PID=2212) to work on /home/ubuntu/airflow-venv/lib/python3.12/site-packages/airflow/example_dags/subdags/subdag.py
[2026-02-25T13:10:38.952+0000] {processor.py:914} INFO - Processing file /home/ubuntu/airflow-venv/lib/python3.12/site-packages/airflow/example_dags/subdags/subdag.py for tasks to queue
[2026-02-25T13:10:38.953+0000] {logging_mixin.py:190} INFO - [2026-02-25T13:10:38.953+0000] {dagbag.py:588} INFO - Filling up the DagBag from /home/ubuntu/airflow-venv/lib/python3.12/site-packages/airflow/example_dags/subdags/subdag.py
[2026-02-25T13:10:38.955+0000] {processor.py:927} WARNING - No viable dags retrieved from /home/ubuntu/airflow-venv/lib/python3.12/site-packages/airflow/example_dags/subdags/subdag.py
[2026-02-25T13:10:38.962+0000] {processor.py:208} INFO - Processing /home/ubuntu/airflow-venv/lib/python3.12/site-packages/airflow/example_dags/subdags/subdag.py took 0.015 seconds
[2026-02-25T13:11:25.212+0000] {processor.py:186} INFO - Started process (PID=2626) to work on /home/ubuntu/airflow-venv/lib/python3.12/site-packages/airflow/example_dags/subdags/subdag.py
[2026-02-25T13:11:25.213+0000] {processor.py:914} INFO - Processing file /home/ubuntu/airflow-venv/lib/python3.12/site-packages/airflow/example_dags/subdags/subdag.py for tasks to queue
[2026-02-25T13:11:25.215+0000] {logging_mixin.py:190} INFO - [2026-02-25T13:11:25.214+0000] {dagbag.py:588} INFO - Filling up the DagBag from /home/ubuntu/airflow-venv/lib/python3.12/site-packages/airflow/example_dags/subdags/subdag.py
[2026-02-25T13:11:25.216+0000] {processor.py:927} WARNING - No viable dags retrieved from /home/ubuntu/airflow-venv/lib/python3.12/site-packages/airflow/example_dags/subdags/subdag.py
[2026-02-25T13:11:25.224+0000] {processor.py:208} INFO - Processing /home/ubuntu/airflow-venv/lib/python3.12/site-packages/airflow/example_dags/subdags/subdag.py took 0.015 seconds
[2026-02-25T13:15:07.723+0000] {processor.py:186} INFO - Started process (PID=3029) to work on /home/ubuntu/airflow-venv/lib/python3.12/site-packages/airflow/example_dags/subdags/subdag.py
[2026-02-25T13:15:07.724+0000] {processor.py:914} INFO - Processing file /home/ubuntu/airflow-venv/lib/python3.12/site-packages/airflow/example_dags/subdags/subdag.py for tasks to queue
[2026-02-25T13:15:07.726+0000] {logging_mixin.py:190} INFO - [2026-02-25T13:15:07.726+0000] {dagbag.py:588} INFO - Filling up the DagBag from /home/ubuntu/airflow-venv/lib/python3.12/site-packages/airflow/example_dags/subdags/subdag.py
[2026-02-25T13:15:07.728+0000] {processor.py:927} WARNING - No viable dags retrieved from /home/ubuntu/airflow-venv/lib/python3.12/site-packages/airflow/example_dags/subdags/subdag.py
[2026-02-25T13:15:07.738+0000] {processor.py:208} INFO - Processing /home/ubuntu/airflow-venv/lib/python3.12/site-packages/airflow/example_dags/subdags/subdag.py took 0.019 seconds
[2026-02-25T13:16:04.158+0000] {processor.py:186} INFO - Started process (PID=3097) to work on /home/ubuntu/airflow-venv/lib/python3.12/site-packages/airflow/example_dags/subdags/subdag.py
[2026-02-25T13:16:04.159+0000] {processor.py:914} INFO - Processing file /home/ubuntu/airflow-venv/lib/python3.12/site-packages/airflow/example_dags/subdags/subdag.py for tasks to queue
[2026-02-25T13:16:04.161+0000] {logging_mixin.py:190} INFO - [2026-02-25T13:16:04.161+0000] {dagbag.py:588} INFO - Filling up the DagBag from /home/ubuntu/airflow-venv/lib/python3.12/site-packages/airflow/example_dags/subdags/subdag.py
[2026-02-25T13:16:04.162+0000] {processor.py:927} WARNING - No viable dags retrieved from /home/ubuntu/airflow-venv/lib/python3.12/site-packages/airflow/example_dags/subdags/subdag.py
[2026-02-25T13:16:04.170+0000] {processor.py:208} INFO - Processing /home/ubuntu/airflow-venv/lib/python3.12/site-packages/airflow/example_dags/subdags/subdag.py took 0.015 seconds
[2026-02-25T13:16:55.469+0000] {processor.py:186} INFO - Started process (PID=3153) to work on /home/ubuntu/airflow-venv/lib/python3.12/site-packages/airflow/example_dags/subdags/subdag.py
[2026-02-25T13:16:55.470+0000] {processor.py:914} INFO - Processing file /home/ubuntu/airflow-venv/lib/python3.12/site-packages/airflow/example_dags/subdags/subdag.py for tasks to queue
[2026-02-25T13:16:55.472+0000] {logging_mixin.py:190} INFO - [2026-02-25T13:16:55.471+0000] {dagbag.py:588} INFO - Filling up the DagBag from /home/ubuntu/airflow-venv/lib/python3.12/site-packages/airflow/example_dags/subdags/subdag.py
[2026-02-25T13:16:55.473+0000] {processor.py:927} WARNING - No viable dags retrieved from /home/ubuntu/airflow-venv/lib/python3.12/site-packages/airflow/example_dags/subdags/subdag.py
[2026-02-25T13:16:55.480+0000] {processor.py:208} INFO - Processing /home/ubuntu/airflow-venv/lib/python3.12/site-packages/airflow/example_dags/subdags/subdag.py took 0.014 seconds
[2026-02-25T13:17:45.736+0000] {processor.py:186} INFO - Started process (PID=3209) to work on /home/ubuntu/airflow-venv/lib/python3.12/site-packages/airflow/example_dags/subdags/subdag.py
[2026-02-25T13:17:45.737+0000] {processor.py:914} INFO - Processing file /home/ubuntu/airflow-venv/lib/python3.12/site-packages/airflow/example_dags/subdags/subdag.py for tasks to queue
[2026-02-25T13:17:45.738+0000] {logging_mixin.py:190} INFO - [2026-02-25T13:17:45.738+0000] {dagbag.py:588} INFO - Filling up the DagBag from /home/ubuntu/airflow-venv/lib/python3.12/site-packages/airflow/example_dags/subdags/subdag.py
[2026-02-25T13:17:45.739+0000] {processor.py:927} WARNING - No viable dags retrieved from /home/ubuntu/airflow-venv/lib/python3.12/site-packages/airflow/example_dags/subdags/subdag.py
[2026-02-25T13:17:45.746+0000] {processor.py:208} INFO - Processing /home/ubuntu/airflow-venv/lib/python3.12/site-packages/airflow/example_dags/subdags/subdag.py took 0.014 seconds
[2026-02-25T13:18:36.480+0000] {processor.py:186} INFO - Started process (PID=3265) to work on /home/ubuntu/airflow-venv/lib/python3.12/site-packages/airflow/example_dags/subdags/subdag.py
[2026-02-25T13:18:36.481+0000] {processor.py:914} INFO - Processing file /home/ubuntu/airflow-venv/lib/python3.12/site-packages/airflow/example_dags/subdags/subdag.py for tasks to queue
[2026-02-25T13:18:36.483+0000] {logging_mixin.py:190} INFO - [2026-02-25T13:18:36.483+0000] {dagbag.py:588} INFO - Filling up the DagBag from /home/ubuntu/airflow-venv/lib/python3.12/site-packages/airflow/example_dags/subdags/subdag.py
[2026-02-25T13:18:36.484+0000] {processor.py:927} WARNING - No viable dags retrieved from /home/ubuntu/airflow-venv/lib/python3.12/site-packages/airflow/example_dags/subdags/subdag.py
[2026-02-25T13:18:36.492+0000] {processor.py:208} INFO - Processing /home/ubuntu/airflow-venv/lib/python3.12/site-packages/airflow/example_dags/subdags/subdag.py took 0.015 seconds
[2026-02-25T13:19:28.332+0000] {processor.py:186} INFO - Started process (PID=3335) to work on /home/ubuntu/airflow-venv/lib/python3.12/site-packages/airflow/example_dags/subdags/subdag.py
[2026-02-25T13:19:28.334+0000] {processor.py:914} INFO - Processing file /home/ubuntu/airflow-venv/lib/python3.12/site-packages/airflow/example_dags/subdags/subdag.py for tasks to queue
[2026-02-25T13:19:28.335+0000] {logging_mixin.py:190} INFO - [2026-02-25T13:19:28.335+0000] {dagbag.py:588} INFO - Filling up the DagBag from /home/ubuntu/airflow-venv/lib/python3.12/site-packages/airflow/example_dags/subdags/subdag.py
[2026-02-25T13:19:28.336+0000] {processor.py:927} WARNING - No viable dags retrieved from /home/ubuntu/airflow-venv/lib/python3.12/site-packages/airflow/example_dags/subdags/subdag.py
[2026-02-25T13:19:28.344+0000] {processor.py:208} INFO - Processing /home/ubuntu/airflow-venv/lib/python3.12/site-packages/airflow/example_dags/subdags/subdag.py took 0.016 seconds
[2026-02-25T13:20:19.385+0000] {processor.py:186} INFO - Started process (PID=3391) to work on /home/ubuntu/airflow-venv/lib/python3.12/site-packages/airflow/example_dags/subdags/subdag.py
[2026-02-25T13:20:19.386+0000] {processor.py:914} INFO - Processing file /home/ubuntu/airflow-venv/lib/python3.12/site-packages/airflow/example_dags/subdags/subdag.py for tasks to queue
[2026-02-25T13:20:19.388+0000] {logging_mixin.py:190} INFO - [2026-02-25T13:20:19.387+0000] {dagbag.py:588} INFO - Filling up the DagBag from /home/ubuntu/airflow-venv/lib/python3.12/site-packages/airflow/example_dags/subdags/subdag.py
[2026-02-25T13:20:19.389+0000] {processor.py:927} WARNING - No viable dags retrieved from /home/ubuntu/airflow-venv/lib/python3.12/site-packages/airflow/example_dags/subdags/subdag.py
[2026-02-25T13:20:19.397+0000] {processor.py:208} INFO - Processing /home/ubuntu/airflow-venv/lib/python3.12/site-packages/airflow/example_dags/subdags/subdag.py took 0.015 seconds
[2026-02-25T13:21:15.703+0000] {processor.py:186} INFO - Started process (PID=3446) to work on /home/ubuntu/airflow-venv/lib/python3.12/site-packages/airflow/example_dags/subdags/subdag.py
[2026-02-25T13:21:15.704+0000] {processor.py:914} INFO - Processing file /home/ubuntu/airflow-venv/lib/python3.12/site-packages/airflow/example_dags/subdags/subdag.py for tasks to queue
[2026-02-25T13:21:15.705+0000] {logging_mixin.py:190} INFO - [2026-02-25T13:21:15.705+0000] {dagbag.py:588} INFO - Filling up the DagBag from /home/ubuntu/airflow-venv/lib/python3.12/site-packages/airflow/example_dags/subdags/subdag.py
[2026-02-25T13:21:15.707+0000] {processor.py:927} WARNING - No viable dags retrieved from /home/ubuntu/airflow-venv/lib/python3.12/site-packages/airflow/example_dags/subdags/subdag.py
[2026-02-25T13:21:15.799+0000] {processor.py:208} INFO - Processing /home/ubuntu/airflow-venv/lib/python3.12/site-packages/airflow/example_dags/subdags/subdag.py took 0.100 seconds
[2026-02-25T13:22:10.712+0000] {processor.py:186} INFO - Started process (PID=3502) to work on /home/ubuntu/airflow-venv/lib/python3.12/site-packages/airflow/example_dags/subdags/subdag.py
[2026-02-25T13:22:10.714+0000] {processor.py:914} INFO - Processing file /home/ubuntu/airflow-venv/lib/python3.12/site-packages/airflow/example_dags/subdags/subdag.py for tasks to queue
[2026-02-25T13:22:10.715+0000] {logging_mixin.py:190} INFO - [2026-02-25T13:22:10.715+0000] {dagbag.py:588} INFO - Filling up the DagBag from /home/ubuntu/airflow-venv/lib/python3.12/site-packages/airflow/example_dags/subdags/subdag.py
[2026-02-25T13:22:10.717+0000] {processor.py:927} WARNING - No viable dags retrieved from /home/ubuntu/airflow-venv/lib/python3.12/site-packages/airflow/example_dags/subdags/subdag.py
[2026-02-25T13:22:10.724+0000] {processor.py:208} INFO - Processing /home/ubuntu/airflow-venv/lib/python3.12/site-packages/airflow/example_dags/subdags/subdag.py took 0.015 seconds
[2026-02-25T13:23:02.121+0000] {processor.py:186} INFO - Started process (PID=3593) to work on /home/ubuntu/airflow-venv/lib/python3.12/site-packages/airflow/example_dags/subdags/subdag.py
[2026-02-25T13:23:02.122+0000] {processor.py:914} INFO - Processing file /home/ubuntu/airflow-venv/lib/python3.12/site-packages/airflow/example_dags/subdags/subdag.py for tasks to queue
[2026-02-25T13:23:02.124+0000] {logging_mixin.py:190} INFO - [2026-02-25T13:23:02.124+0000] {dagbag.py:588} INFO - Filling up the DagBag from /home/ubuntu/airflow-venv/lib/python3.12/site-packages/airflow/example_dags/subdags/subdag.py
[2026-02-25T13:23:02.125+0000] {processor.py:927} WARNING - No viable dags retrieved from /home/ubuntu/airflow-venv/lib/python3.12/site-packages/airflow/example_dags/subdags/subdag.py
[2026-02-25T13:23:02.133+0000] {processor.py:208} INFO - Processing /home/ubuntu/airflow-venv/lib/python3.12/site-packages/airflow/example_dags/subdags/subdag.py took 0.016 seconds
[2026-02-25T13:25:10.502+0000] {processor.py:186} INFO - Started process (PID=3660) to work on /home/ubuntu/airflow-venv/lib/python3.12/site-packages/airflow/example_dags/subdags/subdag.py
[2026-02-25T13:25:10.503+0000] {processor.py:914} INFO - Processing file /home/ubuntu/airflow-venv/lib/python3.12/site-packages/airflow/example_dags/subdags/subdag.py for tasks to queue
[2026-02-25T13:25:10.504+0000] {logging_mixin.py:190} INFO - [2026-02-25T13:25:10.504+0000] {dagbag.py:588} INFO - Filling up the DagBag from /home/ubuntu/airflow-venv/lib/python3.12/site-packages/airflow/example_dags/subdags/subdag.py
[2026-02-25T13:25:10.505+0000] {processor.py:927} WARNING - No viable dags retrieved from /home/ubuntu/airflow-venv/lib/python3.12/site-packages/airflow/example_dags/subdags/subdag.py
[2026-02-25T13:25:10.513+0000] {processor.py:208} INFO - Processing /home/ubuntu/airflow-venv/lib/python3.12/site-packages/airflow/example_dags/subdags/subdag.py took 0.015 seconds
[2026-02-25T13:35:27.614+0000] {processor.py:186} INFO - Started process (PID=1673) to work on /home/ubuntu/airflow-venv/lib/python3.12/site-packages/airflow/example_dags/subdags/subdag.py
[2026-02-25T13:35:27.616+0000] {processor.py:914} INFO - Processing file /home/ubuntu/airflow-venv/lib/python3.12/site-packages/airflow/example_dags/subdags/subdag.py for tasks to queue
[2026-02-25T13:35:27.617+0000] {logging_mixin.py:190} INFO - [2026-02-25T13:35:27.617+0000] {dagbag.py:588} INFO - Filling up the DagBag from /home/ubuntu/airflow-venv/lib/python3.12/site-packages/airflow/example_dags/subdags/subdag.py
[2026-02-25T13:35:27.618+0000] {processor.py:927} WARNING - No viable dags retrieved from /home/ubuntu/airflow-venv/lib/python3.12/site-packages/airflow/example_dags/subdags/subdag.py
[2026-02-25T13:35:27.625+0000] {processor.py:208} INFO - Processing /home/ubuntu/airflow-venv/lib/python3.12/site-packages/airflow/example_dags/subdags/subdag.py took 0.014 seconds
[2026-02-25T13:36:22.062+0000] {processor.py:186} INFO - Started process (PID=2112) to work on /home/ubuntu/airflow-venv/lib/python3.12/site-packages/airflow/example_dags/subdags/subdag.py
[2026-02-25T13:36:22.063+0000] {processor.py:914} INFO - Processing file /home/ubuntu/airflow-venv/lib/python3.12/site-packages/airflow/example_dags/subdags/subdag.py for tasks to queue
[2026-02-25T13:36:22.064+0000] {logging_mixin.py:190} INFO - [2026-02-25T13:36:22.064+0000] {dagbag.py:588} INFO - Filling up the DagBag from /home/ubuntu/airflow-venv/lib/python3.12/site-packages/airflow/example_dags/subdags/subdag.py
[2026-02-25T13:36:22.065+0000] {processor.py:927} WARNING - No viable dags retrieved from /home/ubuntu/airflow-venv/lib/python3.12/site-packages/airflow/example_dags/subdags/subdag.py
[2026-02-25T13:36:22.072+0000] {processor.py:208} INFO - Processing /home/ubuntu/airflow-venv/lib/python3.12/site-packages/airflow/example_dags/subdags/subdag.py took 0.014 seconds
[2026-02-25T13:37:09.990+0000] {processor.py:186} INFO - Started process (PID=2542) to work on /home/ubuntu/airflow-venv/lib/python3.12/site-packages/airflow/example_dags/subdags/subdag.py
[2026-02-25T13:37:09.991+0000] {processor.py:914} INFO - Processing file /home/ubuntu/airflow-venv/lib/python3.12/site-packages/airflow/example_dags/subdags/subdag.py for tasks to queue
[2026-02-25T13:37:09.993+0000] {logging_mixin.py:190} INFO - [2026-02-25T13:37:09.992+0000] {dagbag.py:588} INFO - Filling up the DagBag from /home/ubuntu/airflow-venv/lib/python3.12/site-packages/airflow/example_dags/subdags/subdag.py
[2026-02-25T13:37:09.994+0000] {processor.py:927} WARNING - No viable dags retrieved from /home/ubuntu/airflow-venv/lib/python3.12/site-packages/airflow/example_dags/subdags/subdag.py
[2026-02-25T13:37:10.001+0000] {processor.py:208} INFO - Processing /home/ubuntu/airflow-venv/lib/python3.12/site-packages/airflow/example_dags/subdags/subdag.py took 0.014 seconds
[2026-02-25T13:37:59.209+0000] {processor.py:186} INFO - Started process (PID=2600) to work on /home/ubuntu/airflow-venv/lib/python3.12/site-packages/airflow/example_dags/subdags/subdag.py
[2026-02-25T13:37:59.211+0000] {processor.py:914} INFO - Processing file /home/ubuntu/airflow-venv/lib/python3.12/site-packages/airflow/example_dags/subdags/subdag.py for tasks to queue
[2026-02-25T13:37:59.212+0000] {logging_mixin.py:190} INFO - [2026-02-25T13:37:59.212+0000] {dagbag.py:588} INFO - Filling up the DagBag from /home/ubuntu/airflow-venv/lib/python3.12/site-packages/airflow/example_dags/subdags/subdag.py
[2026-02-25T13:37:59.213+0000] {processor.py:927} WARNING - No viable dags retrieved from /home/ubuntu/airflow-venv/lib/python3.12/site-packages/airflow/example_dags/subdags/subdag.py
[2026-02-25T13:37:59.220+0000] {processor.py:208} INFO - Processing /home/ubuntu/airflow-venv/lib/python3.12/site-packages/airflow/example_dags/subdags/subdag.py took 0.014 seconds
[2026-02-25T13:38:51.573+0000] {processor.py:186} INFO - Started process (PID=2655) to work on /home/ubuntu/airflow-venv/lib/python3.12/site-packages/airflow/example_dags/subdags/subdag.py
[2026-02-25T13:38:51.574+0000] {processor.py:914} INFO - Processing file /home/ubuntu/airflow-venv/lib/python3.12/site-packages/airflow/example_dags/subdags/subdag.py for tasks to queue
[2026-02-25T13:38:51.575+0000] {logging_mixin.py:190} INFO - [2026-02-25T13:38:51.575+0000] {dagbag.py:588} INFO - Filling up the DagBag from /home/ubuntu/airflow-venv/lib/python3.12/site-packages/airflow/example_dags/subdags/subdag.py
[2026-02-25T13:38:51.577+0000] {processor.py:927} WARNING - No viable dags retrieved from /home/ubuntu/airflow-venv/lib/python3.12/site-packages/airflow/example_dags/subdags/subdag.py
[2026-02-25T13:38:51.584+0000] {processor.py:208} INFO - Processing /home/ubuntu/airflow-venv/lib/python3.12/site-packages/airflow/example_dags/subdags/subdag.py took 0.014 seconds
[2026-02-25T13:39:44.346+0000] {processor.py:186} INFO - Started process (PID=2718) to work on /home/ubuntu/airflow-venv/lib/python3.12/site-packages/airflow/example_dags/subdags/subdag.py
[2026-02-25T13:39:44.347+0000] {processor.py:914} INFO - Processing file /home/ubuntu/airflow-venv/lib/python3.12/site-packages/airflow/example_dags/subdags/subdag.py for tasks to queue
[2026-02-25T13:39:44.348+0000] {logging_mixin.py:190} INFO - [2026-02-25T13:39:44.348+0000] {dagbag.py:588} INFO - Filling up the DagBag from /home/ubuntu/airflow-venv/lib/python3.12/site-packages/airflow/example_dags/subdags/subdag.py
[2026-02-25T13:39:44.349+0000] {processor.py:927} WARNING - No viable dags retrieved from /home/ubuntu/airflow-venv/lib/python3.12/site-packages/airflow/example_dags/subdags/subdag.py
[2026-02-25T13:39:44.356+0000] {processor.py:208} INFO - Processing /home/ubuntu/airflow-venv/lib/python3.12/site-packages/airflow/example_dags/subdags/subdag.py took 0.014 seconds
[2026-02-25T13:40:32.231+0000] {processor.py:186} INFO - Started process (PID=2772) to work on /home/ubuntu/airflow-venv/lib/python3.12/site-packages/airflow/example_dags/subdags/subdag.py
[2026-02-25T13:40:32.232+0000] {processor.py:914} INFO - Processing file /home/ubuntu/airflow-venv/lib/python3.12/site-packages/airflow/example_dags/subdags/subdag.py for tasks to queue
[2026-02-25T13:40:32.233+0000] {logging_mixin.py:190} INFO - [2026-02-25T13:40:32.233+0000] {dagbag.py:588} INFO - Filling up the DagBag from /home/ubuntu/airflow-venv/lib/python3.12/site-packages/airflow/example_dags/subdags/subdag.py
[2026-02-25T13:40:32.235+0000] {processor.py:927} WARNING - No viable dags retrieved from /home/ubuntu/airflow-venv/lib/python3.12/site-packages/airflow/example_dags/subdags/subdag.py
[2026-02-25T13:40:32.241+0000] {processor.py:208} INFO - Processing /home/ubuntu/airflow-venv/lib/python3.12/site-packages/airflow/example_dags/subdags/subdag.py took 0.014 seconds
[2026-02-25T13:41:20.713+0000] {processor.py:186} INFO - Started process (PID=2823) to work on /home/ubuntu/airflow-venv/lib/python3.12/site-packages/airflow/example_dags/subdags/subdag.py
[2026-02-25T13:41:20.714+0000] {processor.py:914} INFO - Processing file /home/ubuntu/airflow-venv/lib/python3.12/site-packages/airflow/example_dags/subdags/subdag.py for tasks to queue
[2026-02-25T13:41:20.715+0000] {logging_mixin.py:190} INFO - [2026-02-25T13:41:20.715+0000] {dagbag.py:588} INFO - Filling up the DagBag from /home/ubuntu/airflow-venv/lib/python3.12/site-packages/airflow/example_dags/subdags/subdag.py
[2026-02-25T13:41:20.716+0000] {processor.py:927} WARNING - No viable dags retrieved from /home/ubuntu/airflow-venv/lib/python3.12/site-packages/airflow/example_dags/subdags/subdag.py
[2026-02-25T13:41:20.723+0000] {processor.py:208} INFO - Processing /home/ubuntu/airflow-venv/lib/python3.12/site-packages/airflow/example_dags/subdags/subdag.py took 0.014 seconds
[2026-02-25T13:42:14.727+0000] {processor.py:186} INFO - Started process (PID=2880) to work on /home/ubuntu/airflow-venv/lib/python3.12/site-packages/airflow/example_dags/subdags/subdag.py
[2026-02-25T13:42:14.728+0000] {processor.py:914} INFO - Processing file /home/ubuntu/airflow-venv/lib/python3.12/site-packages/airflow/example_dags/subdags/subdag.py for tasks to queue
[2026-02-25T13:42:14.729+0000] {logging_mixin.py:190} INFO - [2026-02-25T13:42:14.729+0000] {dagbag.py:588} INFO - Filling up the DagBag from /home/ubuntu/airflow-venv/lib/python3.12/site-packages/airflow/example_dags/subdags/subdag.py
[2026-02-25T13:42:14.730+0000] {processor.py:927} WARNING - No viable dags retrieved from /home/ubuntu/airflow-venv/lib/python3.12/site-packages/airflow/example_dags/subdags/subdag.py
[2026-02-25T13:42:14.737+0000] {processor.py:208} INFO - Processing /home/ubuntu/airflow-venv/lib/python3.12/site-packages/airflow/example_dags/subdags/subdag.py took 0.014 seconds
[2026-02-25T13:43:08.320+0000] {processor.py:186} INFO - Started process (PID=2935) to work on /home/ubuntu/airflow-venv/lib/python3.12/site-packages/airflow/example_dags/subdags/subdag.py
[2026-02-25T13:43:08.321+0000] {processor.py:914} INFO - Processing file /home/ubuntu/airflow-venv/lib/python3.12/site-packages/airflow/example_dags/subdags/subdag.py for tasks to queue
[2026-02-25T13:43:08.322+0000] {logging_mixin.py:190} INFO - [2026-02-25T13:43:08.322+0000] {dagbag.py:588} INFO - Filling up the DagBag from /home/ubuntu/airflow-venv/lib/python3.12/site-packages/airflow/example_dags/subdags/subdag.py
[2026-02-25T13:43:08.324+0000] {processor.py:927} WARNING - No viable dags retrieved from /home/ubuntu/airflow-venv/lib/python3.12/site-packages/airflow/example_dags/subdags/subdag.py
[2026-02-25T13:43:08.330+0000] {processor.py:208} INFO - Processing /home/ubuntu/airflow-venv/lib/python3.12/site-packages/airflow/example_dags/subdags/subdag.py took 0.014 seconds
[2026-02-25T13:44:00.250+0000] {processor.py:186} INFO - Started process (PID=2987) to work on /home/ubuntu/airflow-venv/lib/python3.12/site-packages/airflow/example_dags/subdags/subdag.py
[2026-02-25T13:44:00.252+0000] {processor.py:914} INFO - Processing file /home/ubuntu/airflow-venv/lib/python3.12/site-packages/airflow/example_dags/subdags/subdag.py for tasks to queue
[2026-02-25T13:44:00.253+0000] {logging_mixin.py:190} INFO - [2026-02-25T13:44:00.253+0000] {dagbag.py:588} INFO - Filling up the DagBag from /home/ubuntu/airflow-venv/lib/python3.12/site-packages/airflow/example_dags/subdags/subdag.py
[2026-02-25T13:44:00.254+0000] {processor.py:927} WARNING - No viable dags retrieved from /home/ubuntu/airflow-venv/lib/python3.12/site-packages/airflow/example_dags/subdags/subdag.py
[2026-02-25T13:44:00.261+0000] {processor.py:208} INFO - Processing /home/ubuntu/airflow-venv/lib/python3.12/site-packages/airflow/example_dags/subdags/subdag.py took 0.014 seconds
[2026-02-25T13:44:52.773+0000] {processor.py:186} INFO - Started process (PID=3045) to work on /home/ubuntu/airflow-venv/lib/python3.12/site-packages/airflow/example_dags/subdags/subdag.py
[2026-02-25T13:44:52.774+0000] {processor.py:914} INFO - Processing file /home/ubuntu/airflow-venv/lib/python3.12/site-packages/airflow/example_dags/subdags/subdag.py for tasks to queue
[2026-02-25T13:44:52.776+0000] {logging_mixin.py:190} INFO - [2026-02-25T13:44:52.776+0000] {dagbag.py:588} INFO - Filling up the DagBag from /home/ubuntu/airflow-venv/lib/python3.12/site-packages/airflow/example_dags/subdags/subdag.py
[2026-02-25T13:44:52.777+0000] {processor.py:927} WARNING - No viable dags retrieved from /home/ubuntu/airflow-venv/lib/python3.12/site-packages/airflow/example_dags/subdags/subdag.py
[2026-02-25T13:44:52.784+0000] {processor.py:208} INFO - Processing /home/ubuntu/airflow-venv/lib/python3.12/site-packages/airflow/example_dags/subdags/subdag.py took 0.015 seconds
[2026-02-25T13:45:42.254+0000] {processor.py:186} INFO - Started process (PID=3101) to work on /home/ubuntu/airflow-venv/lib/python3.12/site-packages/airflow/example_dags/subdags/subdag.py
[2026-02-25T13:45:42.255+0000] {processor.py:914} INFO - Processing file /home/ubuntu/airflow-venv/lib/python3.12/site-packages/airflow/example_dags/subdags/subdag.py for tasks to queue
[2026-02-25T13:45:42.256+0000] {logging_mixin.py:190} INFO - [2026-02-25T13:45:42.256+0000] {dagbag.py:588} INFO - Filling up the DagBag from /home/ubuntu/airflow-venv/lib/python3.12/site-packages/airflow/example_dags/subdags/subdag.py
[2026-02-25T13:45:42.258+0000] {processor.py:927} WARNING - No viable dags retrieved from /home/ubuntu/airflow-venv/lib/python3.12/site-packages/airflow/example_dags/subdags/subdag.py
[2026-02-25T13:45:42.264+0000] {processor.py:208} INFO - Processing /home/ubuntu/airflow-venv/lib/python3.12/site-packages/airflow/example_dags/subdags/subdag.py took 0.014 seconds
[2026-02-25T13:46:32.773+0000] {processor.py:186} INFO - Started process (PID=3152) to work on /home/ubuntu/airflow-venv/lib/python3.12/site-packages/airflow/example_dags/subdags/subdag.py
[2026-02-25T13:46:32.775+0000] {processor.py:914} INFO - Processing file /home/ubuntu/airflow-venv/lib/python3.12/site-packages/airflow/example_dags/subdags/subdag.py for tasks to queue
[2026-02-25T13:46:32.776+0000] {logging_mixin.py:190} INFO - [2026-02-25T13:46:32.776+0000] {dagbag.py:588} INFO - Filling up the DagBag from /home/ubuntu/airflow-venv/lib/python3.12/site-packages/airflow/example_dags/subdags/subdag.py
[2026-02-25T13:46:32.777+0000] {processor.py:927} WARNING - No viable dags retrieved from /home/ubuntu/airflow-venv/lib/python3.12/site-packages/airflow/example_dags/subdags/subdag.py
[2026-02-25T13:46:32.784+0000] {processor.py:208} INFO - Processing /home/ubuntu/airflow-venv/lib/python3.12/site-packages/airflow/example_dags/subdags/subdag.py took 0.014 seconds
[2026-02-25T13:47:20.424+0000] {processor.py:186} INFO - Started process (PID=3205) to work on /home/ubuntu/airflow-venv/lib/python3.12/site-packages/airflow/example_dags/subdags/subdag.py
[2026-02-25T13:47:20.426+0000] {processor.py:914} INFO - Processing file /home/ubuntu/airflow-venv/lib/python3.12/site-packages/airflow/example_dags/subdags/subdag.py for tasks to queue
[2026-02-25T13:47:20.427+0000] {logging_mixin.py:190} INFO - [2026-02-25T13:47:20.427+0000] {dagbag.py:588} INFO - Filling up the DagBag from /home/ubuntu/airflow-venv/lib/python3.12/site-packages/airflow/example_dags/subdags/subdag.py
[2026-02-25T13:47:20.428+0000] {processor.py:927} WARNING - No viable dags retrieved from /home/ubuntu/airflow-venv/lib/python3.12/site-packages/airflow/example_dags/subdags/subdag.py
[2026-02-25T13:47:20.435+0000] {processor.py:208} INFO - Processing /home/ubuntu/airflow-venv/lib/python3.12/site-packages/airflow/example_dags/subdags/subdag.py took 0.014 seconds
[2026-02-25T13:48:08.935+0000] {processor.py:186} INFO - Started process (PID=3255) to work on /home/ubuntu/airflow-venv/lib/python3.12/site-packages/airflow/example_dags/subdags/subdag.py
[2026-02-25T13:48:08.937+0000] {processor.py:914} INFO - Processing file /home/ubuntu/airflow-venv/lib/python3.12/site-packages/airflow/example_dags/subdags/subdag.py for tasks to queue
[2026-02-25T13:48:08.938+0000] {logging_mixin.py:190} INFO - [2026-02-25T13:48:08.938+0000] {dagbag.py:588} INFO - Filling up the DagBag from /home/ubuntu/airflow-venv/lib/python3.12/site-packages/airflow/example_dags/subdags/subdag.py
[2026-02-25T13:48:08.939+0000] {processor.py:927} WARNING - No viable dags retrieved from /home/ubuntu/airflow-venv/lib/python3.12/site-packages/airflow/example_dags/subdags/subdag.py
[2026-02-25T13:48:08.946+0000] {processor.py:208} INFO - Processing /home/ubuntu/airflow-venv/lib/python3.12/site-packages/airflow/example_dags/subdags/subdag.py took 0.014 seconds
[2026-02-25T13:49:03.123+0000] {processor.py:186} INFO - Started process (PID=3312) to work on /home/ubuntu/airflow-venv/lib/python3.12/site-packages/airflow/example_dags/subdags/subdag.py
[2026-02-25T13:49:03.124+0000] {processor.py:914} INFO - Processing file /home/ubuntu/airflow-venv/lib/python3.12/site-packages/airflow/example_dags/subdags/subdag.py for tasks to queue
[2026-02-25T13:49:03.125+0000] {logging_mixin.py:190} INFO - [2026-02-25T13:49:03.125+0000] {dagbag.py:588} INFO - Filling up the DagBag from /home/ubuntu/airflow-venv/lib/python3.12/site-packages/airflow/example_dags/subdags/subdag.py
[2026-02-25T13:49:03.126+0000] {processor.py:927} WARNING - No viable dags retrieved from /home/ubuntu/airflow-venv/lib/python3.12/site-packages/airflow/example_dags/subdags/subdag.py
[2026-02-25T13:49:03.133+0000] {processor.py:208} INFO - Processing /home/ubuntu/airflow-venv/lib/python3.12/site-packages/airflow/example_dags/subdags/subdag.py took 0.014 seconds
[2026-02-25T13:49:53.827+0000] {processor.py:186} INFO - Started process (PID=3369) to work on /home/ubuntu/airflow-venv/lib/python3.12/site-packages/airflow/example_dags/subdags/subdag.py
[2026-02-25T13:49:53.828+0000] {processor.py:914} INFO - Processing file /home/ubuntu/airflow-venv/lib/python3.12/site-packages/airflow/example_dags/subdags/subdag.py for tasks to queue
[2026-02-25T13:49:53.829+0000] {logging_mixin.py:190} INFO - [2026-02-25T13:49:53.829+0000] {dagbag.py:588} INFO - Filling up the DagBag from /home/ubuntu/airflow-venv/lib/python3.12/site-packages/airflow/example_dags/subdags/subdag.py
[2026-02-25T13:49:53.830+0000] {processor.py:927} WARNING - No viable dags retrieved from /home/ubuntu/airflow-venv/lib/python3.12/site-packages/airflow/example_dags/subdags/subdag.py
[2026-02-25T13:49:53.837+0000] {processor.py:208} INFO - Processing /home/ubuntu/airflow-venv/lib/python3.12/site-packages/airflow/example_dags/subdags/subdag.py took 0.014 seconds
[2026-02-25T13:50:41.784+0000] {processor.py:186} INFO - Started process (PID=3422) to work on /home/ubuntu/airflow-venv/lib/python3.12/site-packages/airflow/example_dags/subdags/subdag.py
[2026-02-25T13:50:41.786+0000] {processor.py:914} INFO - Processing file /home/ubuntu/airflow-venv/lib/python3.12/site-packages/airflow/example_dags/subdags/subdag.py for tasks to queue
[2026-02-25T13:50:41.787+0000] {logging_mixin.py:190} INFO - [2026-02-25T13:50:41.787+0000] {dagbag.py:588} INFO - Filling up the DagBag from /home/ubuntu/airflow-venv/lib/python3.12/site-packages/airflow/example_dags/subdags/subdag.py
[2026-02-25T13:50:41.788+0000] {processor.py:927} WARNING - No viable dags retrieved from /home/ubuntu/airflow-venv/lib/python3.12/site-packages/airflow/example_dags/subdags/subdag.py
[2026-02-25T13:50:41.795+0000] {processor.py:208} INFO - Processing /home/ubuntu/airflow-venv/lib/python3.12/site-packages/airflow/example_dags/subdags/subdag.py took 0.014 seconds
[2026-02-25T13:51:34.055+0000] {processor.py:186} INFO - Started process (PID=3478) to work on /home/ubuntu/airflow-venv/lib/python3.12/site-packages/airflow/example_dags/subdags/subdag.py
[2026-02-25T13:51:34.056+0000] {processor.py:914} INFO - Processing file /home/ubuntu/airflow-venv/lib/python3.12/site-packages/airflow/example_dags/subdags/subdag.py for tasks to queue
[2026-02-25T13:51:34.057+0000] {logging_mixin.py:190} INFO - [2026-02-25T13:51:34.057+0000] {dagbag.py:588} INFO - Filling up the DagBag from /home/ubuntu/airflow-venv/lib/python3.12/site-packages/airflow/example_dags/subdags/subdag.py
[2026-02-25T13:51:34.058+0000] {processor.py:927} WARNING - No viable dags retrieved from /home/ubuntu/airflow-venv/lib/python3.12/site-packages/airflow/example_dags/subdags/subdag.py
[2026-02-25T13:51:34.065+0000] {processor.py:208} INFO - Processing /home/ubuntu/airflow-venv/lib/python3.12/site-packages/airflow/example_dags/subdags/subdag.py took 0.014 seconds
[2026-02-25T13:52:25.669+0000] {processor.py:186} INFO - Started process (PID=3531) to work on /home/ubuntu/airflow-venv/lib/python3.12/site-packages/airflow/example_dags/subdags/subdag.py
[2026-02-25T13:52:25.670+0000] {processor.py:914} INFO - Processing file /home/ubuntu/airflow-venv/lib/python3.12/site-packages/airflow/example_dags/subdags/subdag.py for tasks to queue
[2026-02-25T13:52:25.671+0000] {logging_mixin.py:190} INFO - [2026-02-25T13:52:25.671+0000] {dagbag.py:588} INFO - Filling up the DagBag from /home/ubuntu/airflow-venv/lib/python3.12/site-packages/airflow/example_dags/subdags/subdag.py
[2026-02-25T13:52:25.672+0000] {processor.py:927} WARNING - No viable dags retrieved from /home/ubuntu/airflow-venv/lib/python3.12/site-packages/airflow/example_dags/subdags/subdag.py
[2026-02-25T13:52:25.679+0000] {processor.py:208} INFO - Processing /home/ubuntu/airflow-venv/lib/python3.12/site-packages/airflow/example_dags/subdags/subdag.py took 0.014 seconds
[2026-02-25T13:53:14.034+0000] {processor.py:186} INFO - Started process (PID=3583) to work on /home/ubuntu/airflow-venv/lib/python3.12/site-packages/airflow/example_dags/subdags/subdag.py
[2026-02-25T13:53:14.035+0000] {processor.py:914} INFO - Processing file /home/ubuntu/airflow-venv/lib/python3.12/site-packages/airflow/example_dags/subdags/subdag.py for tasks to queue
[2026-02-25T13:53:14.036+0000] {logging_mixin.py:190} INFO - [2026-02-25T13:53:14.036+0000] {dagbag.py:588} INFO - Filling up the DagBag from /home/ubuntu/airflow-venv/lib/python3.12/site-packages/airflow/example_dags/subdags/subdag.py
[2026-02-25T13:53:14.038+0000] {processor.py:927} WARNING - No viable dags retrieved from /home/ubuntu/airflow-venv/lib/python3.12/site-packages/airflow/example_dags/subdags/subdag.py
[2026-02-25T13:53:14.045+0000] {processor.py:208} INFO - Processing /home/ubuntu/airflow-venv/lib/python3.12/site-packages/airflow/example_dags/subdags/subdag.py took 0.015 seconds
[2026-02-25T13:54:03.741+0000] {processor.py:186} INFO - Started process (PID=3647) to work on /home/ubuntu/airflow-venv/lib/python3.12/site-packages/airflow/example_dags/subdags/subdag.py
[2026-02-25T13:54:03.742+0000] {processor.py:914} INFO - Processing file /home/ubuntu/airflow-venv/lib/python3.12/site-packages/airflow/example_dags/subdags/subdag.py for tasks to queue
[2026-02-25T13:54:03.743+0000] {logging_mixin.py:190} INFO - [2026-02-25T13:54:03.743+0000] {dagbag.py:588} INFO - Filling up the DagBag from /home/ubuntu/airflow-venv/lib/python3.12/site-packages/airflow/example_dags/subdags/subdag.py
[2026-02-25T13:54:03.745+0000] {processor.py:927} WARNING - No viable dags retrieved from /home/ubuntu/airflow-venv/lib/python3.12/site-packages/airflow/example_dags/subdags/subdag.py
[2026-02-25T13:54:03.752+0000] {processor.py:208} INFO - Processing /home/ubuntu/airflow-venv/lib/python3.12/site-packages/airflow/example_dags/subdags/subdag.py took 0.015 seconds
[2026-02-25T13:54:54.111+0000] {processor.py:186} INFO - Started process (PID=3700) to work on /home/ubuntu/airflow-venv/lib/python3.12/site-packages/airflow/example_dags/subdags/subdag.py
[2026-02-25T13:54:54.113+0000] {processor.py:914} INFO - Processing file /home/ubuntu/airflow-venv/lib/python3.12/site-packages/airflow/example_dags/subdags/subdag.py for tasks to queue
[2026-02-25T13:54:54.114+0000] {logging_mixin.py:190} INFO - [2026-02-25T13:54:54.114+0000] {dagbag.py:588} INFO - Filling up the DagBag from /home/ubuntu/airflow-venv/lib/python3.12/site-packages/airflow/example_dags/subdags/subdag.py
[2026-02-25T13:54:54.115+0000] {processor.py:927} WARNING - No viable dags retrieved from /home/ubuntu/airflow-venv/lib/python3.12/site-packages/airflow/example_dags/subdags/subdag.py
[2026-02-25T13:54:54.122+0000] {processor.py:208} INFO - Processing /home/ubuntu/airflow-venv/lib/python3.12/site-packages/airflow/example_dags/subdags/subdag.py took 0.014 seconds
[2026-02-25T14:08:16.095+0000] {processor.py:186} INFO - Started process (PID=1677) to work on /home/ubuntu/airflow-venv/lib/python3.12/site-packages/airflow/example_dags/subdags/subdag.py
[2026-02-25T14:08:16.097+0000] {processor.py:914} INFO - Processing file /home/ubuntu/airflow-venv/lib/python3.12/site-packages/airflow/example_dags/subdags/subdag.py for tasks to queue
[2026-02-25T14:08:16.098+0000] {logging_mixin.py:190} INFO - [2026-02-25T14:08:16.098+0000] {dagbag.py:588} INFO - Filling up the DagBag from /home/ubuntu/airflow-venv/lib/python3.12/site-packages/airflow/example_dags/subdags/subdag.py
[2026-02-25T14:08:16.100+0000] {processor.py:927} WARNING - No viable dags retrieved from /home/ubuntu/airflow-venv/lib/python3.12/site-packages/airflow/example_dags/subdags/subdag.py
[2026-02-25T14:08:16.106+0000] {processor.py:208} INFO - Processing /home/ubuntu/airflow-venv/lib/python3.12/site-packages/airflow/example_dags/subdags/subdag.py took 0.014 seconds
[2026-02-25T14:09:15.858+0000] {processor.py:186} INFO - Started process (PID=2120) to work on /home/ubuntu/airflow-venv/lib/python3.12/site-packages/airflow/example_dags/subdags/subdag.py
[2026-02-25T14:09:15.859+0000] {processor.py:914} INFO - Processing file /home/ubuntu/airflow-venv/lib/python3.12/site-packages/airflow/example_dags/subdags/subdag.py for tasks to queue
[2026-02-25T14:09:15.860+0000] {logging_mixin.py:190} INFO - [2026-02-25T14:09:15.860+0000] {dagbag.py:588} INFO - Filling up the DagBag from /home/ubuntu/airflow-venv/lib/python3.12/site-packages/airflow/example_dags/subdags/subdag.py
[2026-02-25T14:09:15.861+0000] {processor.py:927} WARNING - No viable dags retrieved from /home/ubuntu/airflow-venv/lib/python3.12/site-packages/airflow/example_dags/subdags/subdag.py
[2026-02-25T14:09:15.868+0000] {processor.py:208} INFO - Processing /home/ubuntu/airflow-venv/lib/python3.12/site-packages/airflow/example_dags/subdags/subdag.py took 0.014 seconds
[2026-02-25T14:10:08.330+0000] {processor.py:186} INFO - Started process (PID=2177) to work on /home/ubuntu/airflow-venv/lib/python3.12/site-packages/airflow/example_dags/subdags/subdag.py
[2026-02-25T14:10:08.331+0000] {processor.py:914} INFO - Processing file /home/ubuntu/airflow-venv/lib/python3.12/site-packages/airflow/example_dags/subdags/subdag.py for tasks to queue
[2026-02-25T14:10:08.333+0000] {logging_mixin.py:190} INFO - [2026-02-25T14:10:08.332+0000] {dagbag.py:588} INFO - Filling up the DagBag from /home/ubuntu/airflow-venv/lib/python3.12/site-packages/airflow/example_dags/subdags/subdag.py
[2026-02-25T14:10:08.334+0000] {processor.py:927} WARNING - No viable dags retrieved from /home/ubuntu/airflow-venv/lib/python3.12/site-packages/airflow/example_dags/subdags/subdag.py
[2026-02-25T14:10:08.341+0000] {processor.py:208} INFO - Processing /home/ubuntu/airflow-venv/lib/python3.12/site-packages/airflow/example_dags/subdags/subdag.py took 0.014 seconds
[2026-02-25T14:10:55.804+0000] {processor.py:186} INFO - Started process (PID=2227) to work on /home/ubuntu/airflow-venv/lib/python3.12/site-packages/airflow/example_dags/subdags/subdag.py
[2026-02-25T14:10:55.806+0000] {processor.py:914} INFO - Processing file /home/ubuntu/airflow-venv/lib/python3.12/site-packages/airflow/example_dags/subdags/subdag.py for tasks to queue
[2026-02-25T14:10:55.807+0000] {logging_mixin.py:190} INFO - [2026-02-25T14:10:55.807+0000] {dagbag.py:588} INFO - Filling up the DagBag from /home/ubuntu/airflow-venv/lib/python3.12/site-packages/airflow/example_dags/subdags/subdag.py
[2026-02-25T14:10:55.808+0000] {processor.py:927} WARNING - No viable dags retrieved from /home/ubuntu/airflow-venv/lib/python3.12/site-packages/airflow/example_dags/subdags/subdag.py
[2026-02-25T14:10:55.815+0000] {processor.py:208} INFO - Processing /home/ubuntu/airflow-venv/lib/python3.12/site-packages/airflow/example_dags/subdags/subdag.py took 0.014 seconds
[2026-02-25T14:11:45.736+0000] {processor.py:186} INFO - Started process (PID=2279) to work on /home/ubuntu/airflow-venv/lib/python3.12/site-packages/airflow/example_dags/subdags/subdag.py
[2026-02-25T14:11:45.737+0000] {processor.py:914} INFO - Processing file /home/ubuntu/airflow-venv/lib/python3.12/site-packages/airflow/example_dags/subdags/subdag.py for tasks to queue
[2026-02-25T14:11:45.739+0000] {logging_mixin.py:190} INFO - [2026-02-25T14:11:45.738+0000] {dagbag.py:588} INFO - Filling up the DagBag from /home/ubuntu/airflow-venv/lib/python3.12/site-packages/airflow/example_dags/subdags/subdag.py
[2026-02-25T14:11:45.740+0000] {processor.py:927} WARNING - No viable dags retrieved from /home/ubuntu/airflow-venv/lib/python3.12/site-packages/airflow/example_dags/subdags/subdag.py
[2026-02-25T14:11:45.747+0000] {processor.py:208} INFO - Processing /home/ubuntu/airflow-venv/lib/python3.12/site-packages/airflow/example_dags/subdags/subdag.py took 0.014 seconds
[2026-02-25T14:12:34.949+0000] {processor.py:186} INFO - Started process (PID=2340) to work on /home/ubuntu/airflow-venv/lib/python3.12/site-packages/airflow/example_dags/subdags/subdag.py
[2026-02-25T14:12:34.950+0000] {processor.py:914} INFO - Processing file /home/ubuntu/airflow-venv/lib/python3.12/site-packages/airflow/example_dags/subdags/subdag.py for tasks to queue
[2026-02-25T14:12:34.951+0000] {logging_mixin.py:190} INFO - [2026-02-25T14:12:34.951+0000] {dagbag.py:588} INFO - Filling up the DagBag from /home/ubuntu/airflow-venv/lib/python3.12/site-packages/airflow/example_dags/subdags/subdag.py
[2026-02-25T14:12:34.953+0000] {processor.py:927} WARNING - No viable dags retrieved from /home/ubuntu/airflow-venv/lib/python3.12/site-packages/airflow/example_dags/subdags/subdag.py
[2026-02-25T14:12:34.960+0000] {processor.py:208} INFO - Processing /home/ubuntu/airflow-venv/lib/python3.12/site-packages/airflow/example_dags/subdags/subdag.py took 0.015 seconds
[2026-02-25T14:13:21.306+0000] {processor.py:186} INFO - Started process (PID=2391) to work on /home/ubuntu/airflow-venv/lib/python3.12/site-packages/airflow/example_dags/subdags/subdag.py
[2026-02-25T14:13:21.307+0000] {processor.py:914} INFO - Processing file /home/ubuntu/airflow-venv/lib/python3.12/site-packages/airflow/example_dags/subdags/subdag.py for tasks to queue
[2026-02-25T14:13:21.309+0000] {logging_mixin.py:190} INFO - [2026-02-25T14:13:21.308+0000] {dagbag.py:588} INFO - Filling up the DagBag from /home/ubuntu/airflow-venv/lib/python3.12/site-packages/airflow/example_dags/subdags/subdag.py
[2026-02-25T14:13:21.310+0000] {processor.py:927} WARNING - No viable dags retrieved from /home/ubuntu/airflow-venv/lib/python3.12/site-packages/airflow/example_dags/subdags/subdag.py
[2026-02-25T14:13:21.317+0000] {processor.py:208} INFO - Processing /home/ubuntu/airflow-venv/lib/python3.12/site-packages/airflow/example_dags/subdags/subdag.py took 0.014 seconds
[2026-02-25T14:14:16.634+0000] {processor.py:186} INFO - Started process (PID=2445) to work on /home/ubuntu/airflow-venv/lib/python3.12/site-packages/airflow/example_dags/subdags/subdag.py
[2026-02-25T14:14:16.635+0000] {processor.py:914} INFO - Processing file /home/ubuntu/airflow-venv/lib/python3.12/site-packages/airflow/example_dags/subdags/subdag.py for tasks to queue
[2026-02-25T14:14:16.636+0000] {logging_mixin.py:190} INFO - [2026-02-25T14:14:16.636+0000] {dagbag.py:588} INFO - Filling up the DagBag from /home/ubuntu/airflow-venv/lib/python3.12/site-packages/airflow/example_dags/subdags/subdag.py
[2026-02-25T14:14:16.637+0000] {processor.py:927} WARNING - No viable dags retrieved from /home/ubuntu/airflow-venv/lib/python3.12/site-packages/airflow/example_dags/subdags/subdag.py
[2026-02-25T14:14:16.644+0000] {processor.py:208} INFO - Processing /home/ubuntu/airflow-venv/lib/python3.12/site-packages/airflow/example_dags/subdags/subdag.py took 0.014 seconds
[2026-02-25T14:15:10.351+0000] {processor.py:186} INFO - Started process (PID=2503) to work on /home/ubuntu/airflow-venv/lib/python3.12/site-packages/airflow/example_dags/subdags/subdag.py
[2026-02-25T14:15:10.352+0000] {processor.py:914} INFO - Processing file /home/ubuntu/airflow-venv/lib/python3.12/site-packages/airflow/example_dags/subdags/subdag.py for tasks to queue
[2026-02-25T14:15:10.354+0000] {logging_mixin.py:190} INFO - [2026-02-25T14:15:10.354+0000] {dagbag.py:588} INFO - Filling up the DagBag from /home/ubuntu/airflow-venv/lib/python3.12/site-packages/airflow/example_dags/subdags/subdag.py
[2026-02-25T14:15:10.355+0000] {processor.py:927} WARNING - No viable dags retrieved from /home/ubuntu/airflow-venv/lib/python3.12/site-packages/airflow/example_dags/subdags/subdag.py
[2026-02-25T14:15:10.363+0000] {processor.py:208} INFO - Processing /home/ubuntu/airflow-venv/lib/python3.12/site-packages/airflow/example_dags/subdags/subdag.py took 0.015 seconds
[2026-02-25T14:16:00.571+0000] {processor.py:186} INFO - Started process (PID=2556) to work on /home/ubuntu/airflow-venv/lib/python3.12/site-packages/airflow/example_dags/subdags/subdag.py
[2026-02-25T14:16:00.572+0000] {processor.py:914} INFO - Processing file /home/ubuntu/airflow-venv/lib/python3.12/site-packages/airflow/example_dags/subdags/subdag.py for tasks to queue
[2026-02-25T14:16:00.574+0000] {logging_mixin.py:190} INFO - [2026-02-25T14:16:00.574+0000] {dagbag.py:588} INFO - Filling up the DagBag from /home/ubuntu/airflow-venv/lib/python3.12/site-packages/airflow/example_dags/subdags/subdag.py
[2026-02-25T14:16:00.575+0000] {processor.py:927} WARNING - No viable dags retrieved from /home/ubuntu/airflow-venv/lib/python3.12/site-packages/airflow/example_dags/subdags/subdag.py
[2026-02-25T14:16:00.582+0000] {processor.py:208} INFO - Processing /home/ubuntu/airflow-venv/lib/python3.12/site-packages/airflow/example_dags/subdags/subdag.py took 0.014 seconds
[2026-02-25T14:16:47.973+0000] {processor.py:186} INFO - Started process (PID=2606) to work on /home/ubuntu/airflow-venv/lib/python3.12/site-packages/airflow/example_dags/subdags/subdag.py
[2026-02-25T14:16:47.975+0000] {processor.py:914} INFO - Processing file /home/ubuntu/airflow-venv/lib/python3.12/site-packages/airflow/example_dags/subdags/subdag.py for tasks to queue
[2026-02-25T14:16:47.976+0000] {logging_mixin.py:190} INFO - [2026-02-25T14:16:47.976+0000] {dagbag.py:588} INFO - Filling up the DagBag from /home/ubuntu/airflow-venv/lib/python3.12/site-packages/airflow/example_dags/subdags/subdag.py
[2026-02-25T14:16:47.977+0000] {processor.py:927} WARNING - No viable dags retrieved from /home/ubuntu/airflow-venv/lib/python3.12/site-packages/airflow/example_dags/subdags/subdag.py
[2026-02-25T14:16:47.985+0000] {processor.py:208} INFO - Processing /home/ubuntu/airflow-venv/lib/python3.12/site-packages/airflow/example_dags/subdags/subdag.py took 0.015 seconds
[2026-02-25T14:17:38.234+0000] {processor.py:186} INFO - Started process (PID=2665) to work on /home/ubuntu/airflow-venv/lib/python3.12/site-packages/airflow/example_dags/subdags/subdag.py
[2026-02-25T14:17:38.235+0000] {processor.py:914} INFO - Processing file /home/ubuntu/airflow-venv/lib/python3.12/site-packages/airflow/example_dags/subdags/subdag.py for tasks to queue
[2026-02-25T14:17:38.237+0000] {logging_mixin.py:190} INFO - [2026-02-25T14:17:38.236+0000] {dagbag.py:588} INFO - Filling up the DagBag from /home/ubuntu/airflow-venv/lib/python3.12/site-packages/airflow/example_dags/subdags/subdag.py
[2026-02-25T14:17:38.238+0000] {processor.py:927} WARNING - No viable dags retrieved from /home/ubuntu/airflow-venv/lib/python3.12/site-packages/airflow/example_dags/subdags/subdag.py
[2026-02-25T14:17:38.245+0000] {processor.py:208} INFO - Processing /home/ubuntu/airflow-venv/lib/python3.12/site-packages/airflow/example_dags/subdags/subdag.py took 0.015 seconds
[2026-02-25T14:18:29.432+0000] {processor.py:186} INFO - Started process (PID=2718) to work on /home/ubuntu/airflow-venv/lib/python3.12/site-packages/airflow/example_dags/subdags/subdag.py
[2026-02-25T14:18:29.434+0000] {processor.py:914} INFO - Processing file /home/ubuntu/airflow-venv/lib/python3.12/site-packages/airflow/example_dags/subdags/subdag.py for tasks to queue
[2026-02-25T14:18:29.435+0000] {logging_mixin.py:190} INFO - [2026-02-25T14:18:29.435+0000] {dagbag.py:588} INFO - Filling up the DagBag from /home/ubuntu/airflow-venv/lib/python3.12/site-packages/airflow/example_dags/subdags/subdag.py
[2026-02-25T14:18:29.436+0000] {processor.py:927} WARNING - No viable dags retrieved from /home/ubuntu/airflow-venv/lib/python3.12/site-packages/airflow/example_dags/subdags/subdag.py
[2026-02-25T14:18:29.444+0000] {processor.py:208} INFO - Processing /home/ubuntu/airflow-venv/lib/python3.12/site-packages/airflow/example_dags/subdags/subdag.py took 0.015 seconds
[2026-02-25T14:19:14.274+0000] {processor.py:186} INFO - Started process (PID=3132) to work on /home/ubuntu/airflow-venv/lib/python3.12/site-packages/airflow/example_dags/subdags/subdag.py
[2026-02-25T14:19:14.275+0000] {processor.py:914} INFO - Processing file /home/ubuntu/airflow-venv/lib/python3.12/site-packages/airflow/example_dags/subdags/subdag.py for tasks to queue
[2026-02-25T14:19:14.276+0000] {logging_mixin.py:190} INFO - [2026-02-25T14:19:14.276+0000] {dagbag.py:588} INFO - Filling up the DagBag from /home/ubuntu/airflow-venv/lib/python3.12/site-packages/airflow/example_dags/subdags/subdag.py
[2026-02-25T14:19:14.277+0000] {processor.py:927} WARNING - No viable dags retrieved from /home/ubuntu/airflow-venv/lib/python3.12/site-packages/airflow/example_dags/subdags/subdag.py
[2026-02-25T14:19:14.284+0000] {processor.py:208} INFO - Processing /home/ubuntu/airflow-venv/lib/python3.12/site-packages/airflow/example_dags/subdags/subdag.py took 0.014 seconds
[2026-02-25T14:20:00.947+0000] {processor.py:186} INFO - Started process (PID=3187) to work on /home/ubuntu/airflow-venv/lib/python3.12/site-packages/airflow/example_dags/subdags/subdag.py
[2026-02-25T14:20:00.948+0000] {processor.py:914} INFO - Processing file /home/ubuntu/airflow-venv/lib/python3.12/site-packages/airflow/example_dags/subdags/subdag.py for tasks to queue
[2026-02-25T14:20:00.949+0000] {logging_mixin.py:190} INFO - [2026-02-25T14:20:00.949+0000] {dagbag.py:588} INFO - Filling up the DagBag from /home/ubuntu/airflow-venv/lib/python3.12/site-packages/airflow/example_dags/subdags/subdag.py
[2026-02-25T14:20:00.951+0000] {processor.py:927} WARNING - No viable dags retrieved from /home/ubuntu/airflow-venv/lib/python3.12/site-packages/airflow/example_dags/subdags/subdag.py
[2026-02-25T14:20:00.957+0000] {processor.py:208} INFO - Processing /home/ubuntu/airflow-venv/lib/python3.12/site-packages/airflow/example_dags/subdags/subdag.py took 0.014 seconds
[2026-02-25T14:20:53.120+0000] {processor.py:186} INFO - Started process (PID=3241) to work on /home/ubuntu/airflow-venv/lib/python3.12/site-packages/airflow/example_dags/subdags/subdag.py
[2026-02-25T14:20:53.121+0000] {processor.py:914} INFO - Processing file /home/ubuntu/airflow-venv/lib/python3.12/site-packages/airflow/example_dags/subdags/subdag.py for tasks to queue
[2026-02-25T14:20:53.122+0000] {logging_mixin.py:190} INFO - [2026-02-25T14:20:53.122+0000] {dagbag.py:588} INFO - Filling up the DagBag from /home/ubuntu/airflow-venv/lib/python3.12/site-packages/airflow/example_dags/subdags/subdag.py
[2026-02-25T14:20:53.124+0000] {processor.py:927} WARNING - No viable dags retrieved from /home/ubuntu/airflow-venv/lib/python3.12/site-packages/airflow/example_dags/subdags/subdag.py
[2026-02-25T14:20:53.131+0000] {processor.py:208} INFO - Processing /home/ubuntu/airflow-venv/lib/python3.12/site-packages/airflow/example_dags/subdags/subdag.py took 0.015 seconds
[2026-02-25T14:21:44.468+0000] {processor.py:186} INFO - Started process (PID=3657) to work on /home/ubuntu/airflow-venv/lib/python3.12/site-packages/airflow/example_dags/subdags/subdag.py
[2026-02-25T14:21:44.469+0000] {processor.py:914} INFO - Processing file /home/ubuntu/airflow-venv/lib/python3.12/site-packages/airflow/example_dags/subdags/subdag.py for tasks to queue
[2026-02-25T14:21:44.470+0000] {logging_mixin.py:190} INFO - [2026-02-25T14:21:44.470+0000] {dagbag.py:588} INFO - Filling up the DagBag from /home/ubuntu/airflow-venv/lib/python3.12/site-packages/airflow/example_dags/subdags/subdag.py
[2026-02-25T14:21:44.472+0000] {processor.py:927} WARNING - No viable dags retrieved from /home/ubuntu/airflow-venv/lib/python3.12/site-packages/airflow/example_dags/subdags/subdag.py
[2026-02-25T14:21:44.479+0000] {processor.py:208} INFO - Processing /home/ubuntu/airflow-venv/lib/python3.12/site-packages/airflow/example_dags/subdags/subdag.py took 0.015 seconds
[2026-02-25T14:22:35.073+0000] {processor.py:186} INFO - Started process (PID=3717) to work on /home/ubuntu/airflow-venv/lib/python3.12/site-packages/airflow/example_dags/subdags/subdag.py
[2026-02-25T14:22:35.074+0000] {processor.py:914} INFO - Processing file /home/ubuntu/airflow-venv/lib/python3.12/site-packages/airflow/example_dags/subdags/subdag.py for tasks to queue
[2026-02-25T14:22:35.076+0000] {logging_mixin.py:190} INFO - [2026-02-25T14:22:35.075+0000] {dagbag.py:588} INFO - Filling up the DagBag from /home/ubuntu/airflow-venv/lib/python3.12/site-packages/airflow/example_dags/subdags/subdag.py
[2026-02-25T14:22:35.077+0000] {processor.py:927} WARNING - No viable dags retrieved from /home/ubuntu/airflow-venv/lib/python3.12/site-packages/airflow/example_dags/subdags/subdag.py
[2026-02-25T14:22:35.084+0000] {processor.py:208} INFO - Processing /home/ubuntu/airflow-venv/lib/python3.12/site-packages/airflow/example_dags/subdags/subdag.py took 0.015 seconds
[2026-02-25T14:23:26.862+0000] {processor.py:186} INFO - Started process (PID=3772) to work on /home/ubuntu/airflow-venv/lib/python3.12/site-packages/airflow/example_dags/subdags/subdag.py
[2026-02-25T14:23:26.864+0000] {processor.py:914} INFO - Processing file /home/ubuntu/airflow-venv/lib/python3.12/site-packages/airflow/example_dags/subdags/subdag.py for tasks to queue
[2026-02-25T14:23:26.865+0000] {logging_mixin.py:190} INFO - [2026-02-25T14:23:26.865+0000] {dagbag.py:588} INFO - Filling up the DagBag from /home/ubuntu/airflow-venv/lib/python3.12/site-packages/airflow/example_dags/subdags/subdag.py
[2026-02-25T14:23:26.866+0000] {processor.py:927} WARNING - No viable dags retrieved from /home/ubuntu/airflow-venv/lib/python3.12/site-packages/airflow/example_dags/subdags/subdag.py
[2026-02-25T14:23:26.874+0000] {processor.py:208} INFO - Processing /home/ubuntu/airflow-venv/lib/python3.12/site-packages/airflow/example_dags/subdags/subdag.py took 0.015 seconds
[2026-02-25T14:24:14.117+0000] {processor.py:186} INFO - Started process (PID=3821) to work on /home/ubuntu/airflow-venv/lib/python3.12/site-packages/airflow/example_dags/subdags/subdag.py
[2026-02-25T14:24:14.119+0000] {processor.py:914} INFO - Processing file /home/ubuntu/airflow-venv/lib/python3.12/site-packages/airflow/example_dags/subdags/subdag.py for tasks to queue
[2026-02-25T14:24:14.120+0000] {logging_mixin.py:190} INFO - [2026-02-25T14:24:14.120+0000] {dagbag.py:588} INFO - Filling up the DagBag from /home/ubuntu/airflow-venv/lib/python3.12/site-packages/airflow/example_dags/subdags/subdag.py
[2026-02-25T14:24:14.121+0000] {processor.py:927} WARNING - No viable dags retrieved from /home/ubuntu/airflow-venv/lib/python3.12/site-packages/airflow/example_dags/subdags/subdag.py
[2026-02-25T14:24:14.128+0000] {processor.py:208} INFO - Processing /home/ubuntu/airflow-venv/lib/python3.12/site-packages/airflow/example_dags/subdags/subdag.py took 0.014 seconds
[2026-02-25T14:25:04.770+0000] {processor.py:186} INFO - Started process (PID=3877) to work on /home/ubuntu/airflow-venv/lib/python3.12/site-packages/airflow/example_dags/subdags/subdag.py
[2026-02-25T14:25:04.772+0000] {processor.py:914} INFO - Processing file /home/ubuntu/airflow-venv/lib/python3.12/site-packages/airflow/example_dags/subdags/subdag.py for tasks to queue
[2026-02-25T14:25:04.773+0000] {logging_mixin.py:190} INFO - [2026-02-25T14:25:04.773+0000] {dagbag.py:588} INFO - Filling up the DagBag from /home/ubuntu/airflow-venv/lib/python3.12/site-packages/airflow/example_dags/subdags/subdag.py
[2026-02-25T14:25:04.775+0000] {processor.py:927} WARNING - No viable dags retrieved from /home/ubuntu/airflow-venv/lib/python3.12/site-packages/airflow/example_dags/subdags/subdag.py
[2026-02-25T14:25:04.782+0000] {processor.py:208} INFO - Processing /home/ubuntu/airflow-venv/lib/python3.12/site-packages/airflow/example_dags/subdags/subdag.py took 0.015 seconds
[2026-02-25T14:25:53.805+0000] {processor.py:186} INFO - Started process (PID=3943) to work on /home/ubuntu/airflow-venv/lib/python3.12/site-packages/airflow/example_dags/subdags/subdag.py
[2026-02-25T14:25:53.807+0000] {processor.py:914} INFO - Processing file /home/ubuntu/airflow-venv/lib/python3.12/site-packages/airflow/example_dags/subdags/subdag.py for tasks to queue
[2026-02-25T14:25:53.808+0000] {logging_mixin.py:190} INFO - [2026-02-25T14:25:53.808+0000] {dagbag.py:588} INFO - Filling up the DagBag from /home/ubuntu/airflow-venv/lib/python3.12/site-packages/airflow/example_dags/subdags/subdag.py
[2026-02-25T14:25:53.809+0000] {processor.py:927} WARNING - No viable dags retrieved from /home/ubuntu/airflow-venv/lib/python3.12/site-packages/airflow/example_dags/subdags/subdag.py
[2026-02-25T14:25:53.816+0000] {processor.py:208} INFO - Processing /home/ubuntu/airflow-venv/lib/python3.12/site-packages/airflow/example_dags/subdags/subdag.py took 0.014 seconds
[2026-02-25T14:26:42.218+0000] {processor.py:186} INFO - Started process (PID=3995) to work on /home/ubuntu/airflow-venv/lib/python3.12/site-packages/airflow/example_dags/subdags/subdag.py
[2026-02-25T14:26:42.219+0000] {processor.py:914} INFO - Processing file /home/ubuntu/airflow-venv/lib/python3.12/site-packages/airflow/example_dags/subdags/subdag.py for tasks to queue
[2026-02-25T14:26:42.220+0000] {logging_mixin.py:190} INFO - [2026-02-25T14:26:42.220+0000] {dagbag.py:588} INFO - Filling up the DagBag from /home/ubuntu/airflow-venv/lib/python3.12/site-packages/airflow/example_dags/subdags/subdag.py
[2026-02-25T14:26:42.222+0000] {processor.py:927} WARNING - No viable dags retrieved from /home/ubuntu/airflow-venv/lib/python3.12/site-packages/airflow/example_dags/subdags/subdag.py
[2026-02-25T14:26:42.229+0000] {processor.py:208} INFO - Processing /home/ubuntu/airflow-venv/lib/python3.12/site-packages/airflow/example_dags/subdags/subdag.py took 0.015 seconds
[2026-02-25T14:27:32.487+0000] {processor.py:186} INFO - Started process (PID=4048) to work on /home/ubuntu/airflow-venv/lib/python3.12/site-packages/airflow/example_dags/subdags/subdag.py
[2026-02-25T14:27:32.488+0000] {processor.py:914} INFO - Processing file /home/ubuntu/airflow-venv/lib/python3.12/site-packages/airflow/example_dags/subdags/subdag.py for tasks to queue
[2026-02-25T14:27:32.489+0000] {logging_mixin.py:190} INFO - [2026-02-25T14:27:32.489+0000] {dagbag.py:588} INFO - Filling up the DagBag from /home/ubuntu/airflow-venv/lib/python3.12/site-packages/airflow/example_dags/subdags/subdag.py
[2026-02-25T14:27:32.490+0000] {processor.py:927} WARNING - No viable dags retrieved from /home/ubuntu/airflow-venv/lib/python3.12/site-packages/airflow/example_dags/subdags/subdag.py
[2026-02-25T14:27:32.497+0000] {processor.py:208} INFO - Processing /home/ubuntu/airflow-venv/lib/python3.12/site-packages/airflow/example_dags/subdags/subdag.py took 0.014 seconds
[2026-02-25T14:28:21.610+0000] {processor.py:186} INFO - Started process (PID=4100) to work on /home/ubuntu/airflow-venv/lib/python3.12/site-packages/airflow/example_dags/subdags/subdag.py
[2026-02-25T14:28:21.611+0000] {processor.py:914} INFO - Processing file /home/ubuntu/airflow-venv/lib/python3.12/site-packages/airflow/example_dags/subdags/subdag.py for tasks to queue
[2026-02-25T14:28:21.612+0000] {logging_mixin.py:190} INFO - [2026-02-25T14:28:21.612+0000] {dagbag.py:588} INFO - Filling up the DagBag from /home/ubuntu/airflow-venv/lib/python3.12/site-packages/airflow/example_dags/subdags/subdag.py
[2026-02-25T14:28:21.613+0000] {processor.py:927} WARNING - No viable dags retrieved from /home/ubuntu/airflow-venv/lib/python3.12/site-packages/airflow/example_dags/subdags/subdag.py
[2026-02-25T14:28:21.620+0000] {processor.py:208} INFO - Processing /home/ubuntu/airflow-venv/lib/python3.12/site-packages/airflow/example_dags/subdags/subdag.py took 0.014 seconds
[2026-02-25T14:29:12.189+0000] {processor.py:186} INFO - Started process (PID=4152) to work on /home/ubuntu/airflow-venv/lib/python3.12/site-packages/airflow/example_dags/subdags/subdag.py
[2026-02-25T14:29:12.190+0000] {processor.py:914} INFO - Processing file /home/ubuntu/airflow-venv/lib/python3.12/site-packages/airflow/example_dags/subdags/subdag.py for tasks to queue
[2026-02-25T14:29:12.191+0000] {logging_mixin.py:190} INFO - [2026-02-25T14:29:12.191+0000] {dagbag.py:588} INFO - Filling up the DagBag from /home/ubuntu/airflow-venv/lib/python3.12/site-packages/airflow/example_dags/subdags/subdag.py
[2026-02-25T14:29:12.192+0000] {processor.py:927} WARNING - No viable dags retrieved from /home/ubuntu/airflow-venv/lib/python3.12/site-packages/airflow/example_dags/subdags/subdag.py
[2026-02-25T14:29:12.199+0000] {processor.py:208} INFO - Processing /home/ubuntu/airflow-venv/lib/python3.12/site-packages/airflow/example_dags/subdags/subdag.py took 0.014 seconds
[2026-02-25T14:30:02.464+0000] {processor.py:186} INFO - Started process (PID=4210) to work on /home/ubuntu/airflow-venv/lib/python3.12/site-packages/airflow/example_dags/subdags/subdag.py
[2026-02-25T14:30:02.465+0000] {processor.py:914} INFO - Processing file /home/ubuntu/airflow-venv/lib/python3.12/site-packages/airflow/example_dags/subdags/subdag.py for tasks to queue
[2026-02-25T14:30:02.466+0000] {logging_mixin.py:190} INFO - [2026-02-25T14:30:02.466+0000] {dagbag.py:588} INFO - Filling up the DagBag from /home/ubuntu/airflow-venv/lib/python3.12/site-packages/airflow/example_dags/subdags/subdag.py
[2026-02-25T14:30:02.468+0000] {processor.py:927} WARNING - No viable dags retrieved from /home/ubuntu/airflow-venv/lib/python3.12/site-packages/airflow/example_dags/subdags/subdag.py
[2026-02-25T14:30:02.475+0000] {processor.py:208} INFO - Processing /home/ubuntu/airflow-venv/lib/python3.12/site-packages/airflow/example_dags/subdags/subdag.py took 0.015 seconds
[2026-02-25T14:33:26.787+0000] {processor.py:186} INFO - Started process (PID=1670) to work on /home/ubuntu/airflow-venv/lib/python3.12/site-packages/airflow/example_dags/subdags/subdag.py
[2026-02-25T14:33:26.789+0000] {processor.py:914} INFO - Processing file /home/ubuntu/airflow-venv/lib/python3.12/site-packages/airflow/example_dags/subdags/subdag.py for tasks to queue
[2026-02-25T14:33:26.791+0000] {logging_mixin.py:190} INFO - [2026-02-25T14:33:26.790+0000] {dagbag.py:588} INFO - Filling up the DagBag from /home/ubuntu/airflow-venv/lib/python3.12/site-packages/airflow/example_dags/subdags/subdag.py
[2026-02-25T14:33:26.792+0000] {processor.py:927} WARNING - No viable dags retrieved from /home/ubuntu/airflow-venv/lib/python3.12/site-packages/airflow/example_dags/subdags/subdag.py
[2026-02-25T14:33:26.798+0000] {processor.py:208} INFO - Processing /home/ubuntu/airflow-venv/lib/python3.12/site-packages/airflow/example_dags/subdags/subdag.py took 0.014 seconds
[2026-02-25T14:34:21.228+0000] {processor.py:186} INFO - Started process (PID=2111) to work on /home/ubuntu/airflow-venv/lib/python3.12/site-packages/airflow/example_dags/subdags/subdag.py
[2026-02-25T14:34:21.230+0000] {processor.py:914} INFO - Processing file /home/ubuntu/airflow-venv/lib/python3.12/site-packages/airflow/example_dags/subdags/subdag.py for tasks to queue
[2026-02-25T14:34:21.231+0000] {logging_mixin.py:190} INFO - [2026-02-25T14:34:21.231+0000] {dagbag.py:588} INFO - Filling up the DagBag from /home/ubuntu/airflow-venv/lib/python3.12/site-packages/airflow/example_dags/subdags/subdag.py
[2026-02-25T14:34:21.233+0000] {processor.py:927} WARNING - No viable dags retrieved from /home/ubuntu/airflow-venv/lib/python3.12/site-packages/airflow/example_dags/subdags/subdag.py
[2026-02-25T14:34:21.240+0000] {processor.py:208} INFO - Processing /home/ubuntu/airflow-venv/lib/python3.12/site-packages/airflow/example_dags/subdags/subdag.py took 0.015 seconds
[2026-02-25T14:35:09.161+0000] {processor.py:186} INFO - Started process (PID=2166) to work on /home/ubuntu/airflow-venv/lib/python3.12/site-packages/airflow/example_dags/subdags/subdag.py
[2026-02-25T14:35:09.162+0000] {processor.py:914} INFO - Processing file /home/ubuntu/airflow-venv/lib/python3.12/site-packages/airflow/example_dags/subdags/subdag.py for tasks to queue
[2026-02-25T14:35:09.164+0000] {logging_mixin.py:190} INFO - [2026-02-25T14:35:09.164+0000] {dagbag.py:588} INFO - Filling up the DagBag from /home/ubuntu/airflow-venv/lib/python3.12/site-packages/airflow/example_dags/subdags/subdag.py
[2026-02-25T14:35:09.165+0000] {processor.py:927} WARNING - No viable dags retrieved from /home/ubuntu/airflow-venv/lib/python3.12/site-packages/airflow/example_dags/subdags/subdag.py
[2026-02-25T14:35:09.172+0000] {processor.py:208} INFO - Processing /home/ubuntu/airflow-venv/lib/python3.12/site-packages/airflow/example_dags/subdags/subdag.py took 0.015 seconds
[2026-02-25T14:35:55.418+0000] {processor.py:186} INFO - Started process (PID=2578) to work on /home/ubuntu/airflow-venv/lib/python3.12/site-packages/airflow/example_dags/subdags/subdag.py
[2026-02-25T14:35:55.419+0000] {processor.py:914} INFO - Processing file /home/ubuntu/airflow-venv/lib/python3.12/site-packages/airflow/example_dags/subdags/subdag.py for tasks to queue
[2026-02-25T14:35:55.421+0000] {logging_mixin.py:190} INFO - [2026-02-25T14:35:55.420+0000] {dagbag.py:588} INFO - Filling up the DagBag from /home/ubuntu/airflow-venv/lib/python3.12/site-packages/airflow/example_dags/subdags/subdag.py
[2026-02-25T14:35:55.422+0000] {processor.py:927} WARNING - No viable dags retrieved from /home/ubuntu/airflow-venv/lib/python3.12/site-packages/airflow/example_dags/subdags/subdag.py
[2026-02-25T14:35:55.429+0000] {processor.py:208} INFO - Processing /home/ubuntu/airflow-venv/lib/python3.12/site-packages/airflow/example_dags/subdags/subdag.py took 0.015 seconds
[2026-02-25T14:36:45.617+0000] {processor.py:186} INFO - Started process (PID=2646) to work on /home/ubuntu/airflow-venv/lib/python3.12/site-packages/airflow/example_dags/subdags/subdag.py
[2026-02-25T14:36:45.618+0000] {processor.py:914} INFO - Processing file /home/ubuntu/airflow-venv/lib/python3.12/site-packages/airflow/example_dags/subdags/subdag.py for tasks to queue
[2026-02-25T14:36:45.619+0000] {logging_mixin.py:190} INFO - [2026-02-25T14:36:45.619+0000] {dagbag.py:588} INFO - Filling up the DagBag from /home/ubuntu/airflow-venv/lib/python3.12/site-packages/airflow/example_dags/subdags/subdag.py
[2026-02-25T14:36:45.621+0000] {processor.py:927} WARNING - No viable dags retrieved from /home/ubuntu/airflow-venv/lib/python3.12/site-packages/airflow/example_dags/subdags/subdag.py
[2026-02-25T14:36:45.628+0000] {processor.py:208} INFO - Processing /home/ubuntu/airflow-venv/lib/python3.12/site-packages/airflow/example_dags/subdags/subdag.py took 0.015 seconds
[2026-02-25T14:37:38.080+0000] {processor.py:186} INFO - Started process (PID=2708) to work on /home/ubuntu/airflow-venv/lib/python3.12/site-packages/airflow/example_dags/subdags/subdag.py
[2026-02-25T14:37:38.081+0000] {processor.py:914} INFO - Processing file /home/ubuntu/airflow-venv/lib/python3.12/site-packages/airflow/example_dags/subdags/subdag.py for tasks to queue
[2026-02-25T14:37:38.082+0000] {logging_mixin.py:190} INFO - [2026-02-25T14:37:38.082+0000] {dagbag.py:588} INFO - Filling up the DagBag from /home/ubuntu/airflow-venv/lib/python3.12/site-packages/airflow/example_dags/subdags/subdag.py
[2026-02-25T14:37:38.084+0000] {processor.py:927} WARNING - No viable dags retrieved from /home/ubuntu/airflow-venv/lib/python3.12/site-packages/airflow/example_dags/subdags/subdag.py
[2026-02-25T14:37:38.090+0000] {processor.py:208} INFO - Processing /home/ubuntu/airflow-venv/lib/python3.12/site-packages/airflow/example_dags/subdags/subdag.py took 0.014 seconds
[2026-02-25T14:38:25.962+0000] {processor.py:186} INFO - Started process (PID=2761) to work on /home/ubuntu/airflow-venv/lib/python3.12/site-packages/airflow/example_dags/subdags/subdag.py
[2026-02-25T14:38:25.964+0000] {processor.py:914} INFO - Processing file /home/ubuntu/airflow-venv/lib/python3.12/site-packages/airflow/example_dags/subdags/subdag.py for tasks to queue
[2026-02-25T14:38:25.965+0000] {logging_mixin.py:190} INFO - [2026-02-25T14:38:25.965+0000] {dagbag.py:588} INFO - Filling up the DagBag from /home/ubuntu/airflow-venv/lib/python3.12/site-packages/airflow/example_dags/subdags/subdag.py
[2026-02-25T14:38:25.966+0000] {processor.py:927} WARNING - No viable dags retrieved from /home/ubuntu/airflow-venv/lib/python3.12/site-packages/airflow/example_dags/subdags/subdag.py
[2026-02-25T14:38:25.974+0000] {processor.py:208} INFO - Processing /home/ubuntu/airflow-venv/lib/python3.12/site-packages/airflow/example_dags/subdags/subdag.py took 0.015 seconds
[2026-02-25T14:39:17.152+0000] {processor.py:186} INFO - Started process (PID=2813) to work on /home/ubuntu/airflow-venv/lib/python3.12/site-packages/airflow/example_dags/subdags/subdag.py
[2026-02-25T14:39:17.153+0000] {processor.py:914} INFO - Processing file /home/ubuntu/airflow-venv/lib/python3.12/site-packages/airflow/example_dags/subdags/subdag.py for tasks to queue
[2026-02-25T14:39:17.154+0000] {logging_mixin.py:190} INFO - [2026-02-25T14:39:17.154+0000] {dagbag.py:588} INFO - Filling up the DagBag from /home/ubuntu/airflow-venv/lib/python3.12/site-packages/airflow/example_dags/subdags/subdag.py
[2026-02-25T14:39:17.156+0000] {processor.py:927} WARNING - No viable dags retrieved from /home/ubuntu/airflow-venv/lib/python3.12/site-packages/airflow/example_dags/subdags/subdag.py
[2026-02-25T14:39:17.163+0000] {processor.py:208} INFO - Processing /home/ubuntu/airflow-venv/lib/python3.12/site-packages/airflow/example_dags/subdags/subdag.py took 0.015 seconds
[2026-02-25T14:40:10.856+0000] {processor.py:186} INFO - Started process (PID=2867) to work on /home/ubuntu/airflow-venv/lib/python3.12/site-packages/airflow/example_dags/subdags/subdag.py
[2026-02-25T14:40:10.857+0000] {processor.py:914} INFO - Processing file /home/ubuntu/airflow-venv/lib/python3.12/site-packages/airflow/example_dags/subdags/subdag.py for tasks to queue
[2026-02-25T14:40:10.858+0000] {logging_mixin.py:190} INFO - [2026-02-25T14:40:10.858+0000] {dagbag.py:588} INFO - Filling up the DagBag from /home/ubuntu/airflow-venv/lib/python3.12/site-packages/airflow/example_dags/subdags/subdag.py
[2026-02-25T14:40:10.860+0000] {processor.py:927} WARNING - No viable dags retrieved from /home/ubuntu/airflow-venv/lib/python3.12/site-packages/airflow/example_dags/subdags/subdag.py
[2026-02-25T14:40:10.869+0000] {processor.py:208} INFO - Processing /home/ubuntu/airflow-venv/lib/python3.12/site-packages/airflow/example_dags/subdags/subdag.py took 0.017 seconds
[2026-02-25T14:41:04.243+0000] {processor.py:186} INFO - Started process (PID=2925) to work on /home/ubuntu/airflow-venv/lib/python3.12/site-packages/airflow/example_dags/subdags/subdag.py
[2026-02-25T14:41:04.244+0000] {processor.py:914} INFO - Processing file /home/ubuntu/airflow-venv/lib/python3.12/site-packages/airflow/example_dags/subdags/subdag.py for tasks to queue
[2026-02-25T14:41:04.245+0000] {logging_mixin.py:190} INFO - [2026-02-25T14:41:04.245+0000] {dagbag.py:588} INFO - Filling up the DagBag from /home/ubuntu/airflow-venv/lib/python3.12/site-packages/airflow/example_dags/subdags/subdag.py
[2026-02-25T14:41:04.246+0000] {processor.py:927} WARNING - No viable dags retrieved from /home/ubuntu/airflow-venv/lib/python3.12/site-packages/airflow/example_dags/subdags/subdag.py
[2026-02-25T14:41:04.253+0000] {processor.py:208} INFO - Processing /home/ubuntu/airflow-venv/lib/python3.12/site-packages/airflow/example_dags/subdags/subdag.py took 0.014 seconds
[2026-02-25T14:41:57.817+0000] {processor.py:186} INFO - Started process (PID=2980) to work on /home/ubuntu/airflow-venv/lib/python3.12/site-packages/airflow/example_dags/subdags/subdag.py
[2026-02-25T14:41:57.818+0000] {processor.py:914} INFO - Processing file /home/ubuntu/airflow-venv/lib/python3.12/site-packages/airflow/example_dags/subdags/subdag.py for tasks to queue
[2026-02-25T14:41:57.820+0000] {logging_mixin.py:190} INFO - [2026-02-25T14:41:57.819+0000] {dagbag.py:588} INFO - Filling up the DagBag from /home/ubuntu/airflow-venv/lib/python3.12/site-packages/airflow/example_dags/subdags/subdag.py
[2026-02-25T14:41:57.821+0000] {processor.py:927} WARNING - No viable dags retrieved from /home/ubuntu/airflow-venv/lib/python3.12/site-packages/airflow/example_dags/subdags/subdag.py
[2026-02-25T14:41:57.828+0000] {processor.py:208} INFO - Processing /home/ubuntu/airflow-venv/lib/python3.12/site-packages/airflow/example_dags/subdags/subdag.py took 0.015 seconds
[2026-02-25T14:42:50.345+0000] {processor.py:186} INFO - Started process (PID=3038) to work on /home/ubuntu/airflow-venv/lib/python3.12/site-packages/airflow/example_dags/subdags/subdag.py
[2026-02-25T14:42:50.346+0000] {processor.py:914} INFO - Processing file /home/ubuntu/airflow-venv/lib/python3.12/site-packages/airflow/example_dags/subdags/subdag.py for tasks to queue
[2026-02-25T14:42:50.347+0000] {logging_mixin.py:190} INFO - [2026-02-25T14:42:50.347+0000] {dagbag.py:588} INFO - Filling up the DagBag from /home/ubuntu/airflow-venv/lib/python3.12/site-packages/airflow/example_dags/subdags/subdag.py
[2026-02-25T14:42:50.349+0000] {processor.py:927} WARNING - No viable dags retrieved from /home/ubuntu/airflow-venv/lib/python3.12/site-packages/airflow/example_dags/subdags/subdag.py
[2026-02-25T14:42:50.356+0000] {processor.py:208} INFO - Processing /home/ubuntu/airflow-venv/lib/python3.12/site-packages/airflow/example_dags/subdags/subdag.py took 0.015 seconds
[2026-02-25T14:43:38.288+0000] {processor.py:186} INFO - Started process (PID=3091) to work on /home/ubuntu/airflow-venv/lib/python3.12/site-packages/airflow/example_dags/subdags/subdag.py
[2026-02-25T14:43:38.290+0000] {processor.py:914} INFO - Processing file /home/ubuntu/airflow-venv/lib/python3.12/site-packages/airflow/example_dags/subdags/subdag.py for tasks to queue
[2026-02-25T14:43:38.291+0000] {logging_mixin.py:190} INFO - [2026-02-25T14:43:38.291+0000] {dagbag.py:588} INFO - Filling up the DagBag from /home/ubuntu/airflow-venv/lib/python3.12/site-packages/airflow/example_dags/subdags/subdag.py
[2026-02-25T14:43:38.292+0000] {processor.py:927} WARNING - No viable dags retrieved from /home/ubuntu/airflow-venv/lib/python3.12/site-packages/airflow/example_dags/subdags/subdag.py
[2026-02-25T14:43:38.300+0000] {processor.py:208} INFO - Processing /home/ubuntu/airflow-venv/lib/python3.12/site-packages/airflow/example_dags/subdags/subdag.py took 0.016 seconds
[2026-02-25T14:44:28.503+0000] {processor.py:186} INFO - Started process (PID=3145) to work on /home/ubuntu/airflow-venv/lib/python3.12/site-packages/airflow/example_dags/subdags/subdag.py
[2026-02-25T14:44:28.504+0000] {processor.py:914} INFO - Processing file /home/ubuntu/airflow-venv/lib/python3.12/site-packages/airflow/example_dags/subdags/subdag.py for tasks to queue
[2026-02-25T14:44:28.505+0000] {logging_mixin.py:190} INFO - [2026-02-25T14:44:28.505+0000] {dagbag.py:588} INFO - Filling up the DagBag from /home/ubuntu/airflow-venv/lib/python3.12/site-packages/airflow/example_dags/subdags/subdag.py
[2026-02-25T14:44:28.507+0000] {processor.py:927} WARNING - No viable dags retrieved from /home/ubuntu/airflow-venv/lib/python3.12/site-packages/airflow/example_dags/subdags/subdag.py
[2026-02-25T14:44:28.514+0000] {processor.py:208} INFO - Processing /home/ubuntu/airflow-venv/lib/python3.12/site-packages/airflow/example_dags/subdags/subdag.py took 0.015 seconds
[2026-02-25T14:59:59.023+0000] {processor.py:186} INFO - Started process (PID=1674) to work on /home/ubuntu/airflow-venv/lib/python3.12/site-packages/airflow/example_dags/subdags/subdag.py
[2026-02-25T14:59:59.025+0000] {processor.py:914} INFO - Processing file /home/ubuntu/airflow-venv/lib/python3.12/site-packages/airflow/example_dags/subdags/subdag.py for tasks to queue
[2026-02-25T14:59:59.026+0000] {logging_mixin.py:190} INFO - [2026-02-25T14:59:59.026+0000] {dagbag.py:588} INFO - Filling up the DagBag from /home/ubuntu/airflow-venv/lib/python3.12/site-packages/airflow/example_dags/subdags/subdag.py
[2026-02-25T14:59:59.028+0000] {processor.py:927} WARNING - No viable dags retrieved from /home/ubuntu/airflow-venv/lib/python3.12/site-packages/airflow/example_dags/subdags/subdag.py
[2026-02-25T14:59:59.034+0000] {processor.py:208} INFO - Processing /home/ubuntu/airflow-venv/lib/python3.12/site-packages/airflow/example_dags/subdags/subdag.py took 0.014 seconds
[2026-02-25T15:00:56.105+0000] {processor.py:186} INFO - Started process (PID=2165) to work on /home/ubuntu/airflow-venv/lib/python3.12/site-packages/airflow/example_dags/subdags/subdag.py
[2026-02-25T15:00:56.106+0000] {processor.py:914} INFO - Processing file /home/ubuntu/airflow-venv/lib/python3.12/site-packages/airflow/example_dags/subdags/subdag.py for tasks to queue
[2026-02-25T15:00:56.108+0000] {logging_mixin.py:190} INFO - [2026-02-25T15:00:56.107+0000] {dagbag.py:588} INFO - Filling up the DagBag from /home/ubuntu/airflow-venv/lib/python3.12/site-packages/airflow/example_dags/subdags/subdag.py
[2026-02-25T15:00:56.109+0000] {processor.py:927} WARNING - No viable dags retrieved from /home/ubuntu/airflow-venv/lib/python3.12/site-packages/airflow/example_dags/subdags/subdag.py
[2026-02-25T15:00:56.117+0000] {processor.py:208} INFO - Processing /home/ubuntu/airflow-venv/lib/python3.12/site-packages/airflow/example_dags/subdags/subdag.py took 0.015 seconds
[2026-02-25T15:01:42.042+0000] {processor.py:186} INFO - Started process (PID=2215) to work on /home/ubuntu/airflow-venv/lib/python3.12/site-packages/airflow/example_dags/subdags/subdag.py
[2026-02-25T15:01:42.043+0000] {processor.py:914} INFO - Processing file /home/ubuntu/airflow-venv/lib/python3.12/site-packages/airflow/example_dags/subdags/subdag.py for tasks to queue
[2026-02-25T15:01:42.045+0000] {logging_mixin.py:190} INFO - [2026-02-25T15:01:42.044+0000] {dagbag.py:588} INFO - Filling up the DagBag from /home/ubuntu/airflow-venv/lib/python3.12/site-packages/airflow/example_dags/subdags/subdag.py
[2026-02-25T15:01:42.046+0000] {processor.py:927} WARNING - No viable dags retrieved from /home/ubuntu/airflow-venv/lib/python3.12/site-packages/airflow/example_dags/subdags/subdag.py
[2026-02-25T15:01:42.052+0000] {processor.py:208} INFO - Processing /home/ubuntu/airflow-venv/lib/python3.12/site-packages/airflow/example_dags/subdags/subdag.py took 0.013 seconds
[2026-02-25T15:02:29.417+0000] {processor.py:186} INFO - Started process (PID=2265) to work on /home/ubuntu/airflow-venv/lib/python3.12/site-packages/airflow/example_dags/subdags/subdag.py
[2026-02-25T15:02:29.418+0000] {processor.py:914} INFO - Processing file /home/ubuntu/airflow-venv/lib/python3.12/site-packages/airflow/example_dags/subdags/subdag.py for tasks to queue
[2026-02-25T15:02:29.420+0000] {logging_mixin.py:190} INFO - [2026-02-25T15:02:29.419+0000] {dagbag.py:588} INFO - Filling up the DagBag from /home/ubuntu/airflow-venv/lib/python3.12/site-packages/airflow/example_dags/subdags/subdag.py
[2026-02-25T15:02:29.421+0000] {processor.py:927} WARNING - No viable dags retrieved from /home/ubuntu/airflow-venv/lib/python3.12/site-packages/airflow/example_dags/subdags/subdag.py
[2026-02-25T15:02:29.427+0000] {processor.py:208} INFO - Processing /home/ubuntu/airflow-venv/lib/python3.12/site-packages/airflow/example_dags/subdags/subdag.py took 0.014 seconds
[2026-02-25T15:03:20.762+0000] {processor.py:186} INFO - Started process (PID=2321) to work on /home/ubuntu/airflow-venv/lib/python3.12/site-packages/airflow/example_dags/subdags/subdag.py
[2026-02-25T15:03:20.763+0000] {processor.py:914} INFO - Processing file /home/ubuntu/airflow-venv/lib/python3.12/site-packages/airflow/example_dags/subdags/subdag.py for tasks to queue
[2026-02-25T15:03:20.764+0000] {logging_mixin.py:190} INFO - [2026-02-25T15:03:20.764+0000] {dagbag.py:588} INFO - Filling up the DagBag from /home/ubuntu/airflow-venv/lib/python3.12/site-packages/airflow/example_dags/subdags/subdag.py
[2026-02-25T15:03:20.766+0000] {processor.py:927} WARNING - No viable dags retrieved from /home/ubuntu/airflow-venv/lib/python3.12/site-packages/airflow/example_dags/subdags/subdag.py
[2026-02-25T15:03:20.772+0000] {processor.py:208} INFO - Processing /home/ubuntu/airflow-venv/lib/python3.12/site-packages/airflow/example_dags/subdags/subdag.py took 0.014 seconds
[2026-02-25T15:04:12.427+0000] {processor.py:186} INFO - Started process (PID=2376) to work on /home/ubuntu/airflow-venv/lib/python3.12/site-packages/airflow/example_dags/subdags/subdag.py
[2026-02-25T15:04:12.428+0000] {processor.py:914} INFO - Processing file /home/ubuntu/airflow-venv/lib/python3.12/site-packages/airflow/example_dags/subdags/subdag.py for tasks to queue
[2026-02-25T15:04:12.429+0000] {logging_mixin.py:190} INFO - [2026-02-25T15:04:12.429+0000] {dagbag.py:588} INFO - Filling up the DagBag from /home/ubuntu/airflow-venv/lib/python3.12/site-packages/airflow/example_dags/subdags/subdag.py
[2026-02-25T15:04:12.431+0000] {processor.py:927} WARNING - No viable dags retrieved from /home/ubuntu/airflow-venv/lib/python3.12/site-packages/airflow/example_dags/subdags/subdag.py
[2026-02-25T15:04:12.437+0000] {processor.py:208} INFO - Processing /home/ubuntu/airflow-venv/lib/python3.12/site-packages/airflow/example_dags/subdags/subdag.py took 0.013 seconds
[2026-02-25T15:05:00.281+0000] {processor.py:186} INFO - Started process (PID=2435) to work on /home/ubuntu/airflow-venv/lib/python3.12/site-packages/airflow/example_dags/subdags/subdag.py
[2026-02-25T15:05:00.282+0000] {processor.py:914} INFO - Processing file /home/ubuntu/airflow-venv/lib/python3.12/site-packages/airflow/example_dags/subdags/subdag.py for tasks to queue
[2026-02-25T15:05:00.284+0000] {logging_mixin.py:190} INFO - [2026-02-25T15:05:00.283+0000] {dagbag.py:588} INFO - Filling up the DagBag from /home/ubuntu/airflow-venv/lib/python3.12/site-packages/airflow/example_dags/subdags/subdag.py
[2026-02-25T15:05:00.285+0000] {processor.py:927} WARNING - No viable dags retrieved from /home/ubuntu/airflow-venv/lib/python3.12/site-packages/airflow/example_dags/subdags/subdag.py
[2026-02-25T15:05:00.291+0000] {processor.py:208} INFO - Processing /home/ubuntu/airflow-venv/lib/python3.12/site-packages/airflow/example_dags/subdags/subdag.py took 0.014 seconds
[2026-02-25T15:05:53.995+0000] {processor.py:186} INFO - Started process (PID=2494) to work on /home/ubuntu/airflow-venv/lib/python3.12/site-packages/airflow/example_dags/subdags/subdag.py
[2026-02-25T15:05:53.996+0000] {processor.py:914} INFO - Processing file /home/ubuntu/airflow-venv/lib/python3.12/site-packages/airflow/example_dags/subdags/subdag.py for tasks to queue
[2026-02-25T15:05:53.997+0000] {logging_mixin.py:190} INFO - [2026-02-25T15:05:53.997+0000] {dagbag.py:588} INFO - Filling up the DagBag from /home/ubuntu/airflow-venv/lib/python3.12/site-packages/airflow/example_dags/subdags/subdag.py
[2026-02-25T15:05:53.999+0000] {processor.py:927} WARNING - No viable dags retrieved from /home/ubuntu/airflow-venv/lib/python3.12/site-packages/airflow/example_dags/subdags/subdag.py
[2026-02-25T15:05:54.005+0000] {processor.py:208} INFO - Processing /home/ubuntu/airflow-venv/lib/python3.12/site-packages/airflow/example_dags/subdags/subdag.py took 0.014 seconds
[2026-02-25T15:06:47.004+0000] {processor.py:186} INFO - Started process (PID=2550) to work on /home/ubuntu/airflow-venv/lib/python3.12/site-packages/airflow/example_dags/subdags/subdag.py
[2026-02-25T15:06:47.005+0000] {processor.py:914} INFO - Processing file /home/ubuntu/airflow-venv/lib/python3.12/site-packages/airflow/example_dags/subdags/subdag.py for tasks to queue
[2026-02-25T15:06:47.007+0000] {logging_mixin.py:190} INFO - [2026-02-25T15:06:47.006+0000] {dagbag.py:588} INFO - Filling up the DagBag from /home/ubuntu/airflow-venv/lib/python3.12/site-packages/airflow/example_dags/subdags/subdag.py
[2026-02-25T15:06:47.008+0000] {processor.py:927} WARNING - No viable dags retrieved from /home/ubuntu/airflow-venv/lib/python3.12/site-packages/airflow/example_dags/subdags/subdag.py
[2026-02-25T15:06:47.014+0000] {processor.py:208} INFO - Processing /home/ubuntu/airflow-venv/lib/python3.12/site-packages/airflow/example_dags/subdags/subdag.py took 0.014 seconds
[2026-02-25T15:07:36.123+0000] {processor.py:186} INFO - Started process (PID=2602) to work on /home/ubuntu/airflow-venv/lib/python3.12/site-packages/airflow/example_dags/subdags/subdag.py
[2026-02-25T15:07:36.124+0000] {processor.py:914} INFO - Processing file /home/ubuntu/airflow-venv/lib/python3.12/site-packages/airflow/example_dags/subdags/subdag.py for tasks to queue
[2026-02-25T15:07:36.125+0000] {logging_mixin.py:190} INFO - [2026-02-25T15:07:36.125+0000] {dagbag.py:588} INFO - Filling up the DagBag from /home/ubuntu/airflow-venv/lib/python3.12/site-packages/airflow/example_dags/subdags/subdag.py
[2026-02-25T15:07:36.127+0000] {processor.py:927} WARNING - No viable dags retrieved from /home/ubuntu/airflow-venv/lib/python3.12/site-packages/airflow/example_dags/subdags/subdag.py
[2026-02-25T15:07:36.134+0000] {processor.py:208} INFO - Processing /home/ubuntu/airflow-venv/lib/python3.12/site-packages/airflow/example_dags/subdags/subdag.py took 0.015 seconds
[2026-02-25T15:08:26.826+0000] {processor.py:186} INFO - Started process (PID=3022) to work on /home/ubuntu/airflow-venv/lib/python3.12/site-packages/airflow/example_dags/subdags/subdag.py
[2026-02-25T15:08:26.827+0000] {processor.py:914} INFO - Processing file /home/ubuntu/airflow-venv/lib/python3.12/site-packages/airflow/example_dags/subdags/subdag.py for tasks to queue
[2026-02-25T15:08:26.829+0000] {logging_mixin.py:190} INFO - [2026-02-25T15:08:26.828+0000] {dagbag.py:588} INFO - Filling up the DagBag from /home/ubuntu/airflow-venv/lib/python3.12/site-packages/airflow/example_dags/subdags/subdag.py
[2026-02-25T15:08:26.830+0000] {processor.py:927} WARNING - No viable dags retrieved from /home/ubuntu/airflow-venv/lib/python3.12/site-packages/airflow/example_dags/subdags/subdag.py
[2026-02-25T15:08:26.837+0000] {processor.py:208} INFO - Processing /home/ubuntu/airflow-venv/lib/python3.12/site-packages/airflow/example_dags/subdags/subdag.py took 0.014 seconds
[2026-02-25T15:09:13.975+0000] {processor.py:186} INFO - Started process (PID=3074) to work on /home/ubuntu/airflow-venv/lib/python3.12/site-packages/airflow/example_dags/subdags/subdag.py
[2026-02-25T15:09:13.977+0000] {processor.py:914} INFO - Processing file /home/ubuntu/airflow-venv/lib/python3.12/site-packages/airflow/example_dags/subdags/subdag.py for tasks to queue
[2026-02-25T15:09:13.978+0000] {logging_mixin.py:190} INFO - [2026-02-25T15:09:13.978+0000] {dagbag.py:588} INFO - Filling up the DagBag from /home/ubuntu/airflow-venv/lib/python3.12/site-packages/airflow/example_dags/subdags/subdag.py
[2026-02-25T15:09:13.980+0000] {processor.py:927} WARNING - No viable dags retrieved from /home/ubuntu/airflow-venv/lib/python3.12/site-packages/airflow/example_dags/subdags/subdag.py
[2026-02-25T15:09:13.986+0000] {processor.py:208} INFO - Processing /home/ubuntu/airflow-venv/lib/python3.12/site-packages/airflow/example_dags/subdags/subdag.py took 0.014 seconds
[2026-02-25T15:10:05.003+0000] {processor.py:186} INFO - Started process (PID=3131) to work on /home/ubuntu/airflow-venv/lib/python3.12/site-packages/airflow/example_dags/subdags/subdag.py
[2026-02-25T15:10:05.004+0000] {processor.py:914} INFO - Processing file /home/ubuntu/airflow-venv/lib/python3.12/site-packages/airflow/example_dags/subdags/subdag.py for tasks to queue
[2026-02-25T15:10:05.006+0000] {logging_mixin.py:190} INFO - [2026-02-25T15:10:05.005+0000] {dagbag.py:588} INFO - Filling up the DagBag from /home/ubuntu/airflow-venv/lib/python3.12/site-packages/airflow/example_dags/subdags/subdag.py
[2026-02-25T15:10:05.007+0000] {processor.py:927} WARNING - No viable dags retrieved from /home/ubuntu/airflow-venv/lib/python3.12/site-packages/airflow/example_dags/subdags/subdag.py
[2026-02-25T15:10:05.014+0000] {processor.py:208} INFO - Processing /home/ubuntu/airflow-venv/lib/python3.12/site-packages/airflow/example_dags/subdags/subdag.py took 0.014 seconds
[2026-02-25T15:10:56.391+0000] {processor.py:186} INFO - Started process (PID=3186) to work on /home/ubuntu/airflow-venv/lib/python3.12/site-packages/airflow/example_dags/subdags/subdag.py
[2026-02-25T15:10:56.392+0000] {processor.py:914} INFO - Processing file /home/ubuntu/airflow-venv/lib/python3.12/site-packages/airflow/example_dags/subdags/subdag.py for tasks to queue
[2026-02-25T15:10:56.394+0000] {logging_mixin.py:190} INFO - [2026-02-25T15:10:56.393+0000] {dagbag.py:588} INFO - Filling up the DagBag from /home/ubuntu/airflow-venv/lib/python3.12/site-packages/airflow/example_dags/subdags/subdag.py
[2026-02-25T15:10:56.395+0000] {processor.py:927} WARNING - No viable dags retrieved from /home/ubuntu/airflow-venv/lib/python3.12/site-packages/airflow/example_dags/subdags/subdag.py
[2026-02-25T15:10:56.402+0000] {processor.py:208} INFO - Processing /home/ubuntu/airflow-venv/lib/python3.12/site-packages/airflow/example_dags/subdags/subdag.py took 0.014 seconds
[2026-02-25T15:11:46.317+0000] {processor.py:186} INFO - Started process (PID=3237) to work on /home/ubuntu/airflow-venv/lib/python3.12/site-packages/airflow/example_dags/subdags/subdag.py
[2026-02-25T15:11:46.319+0000] {processor.py:914} INFO - Processing file /home/ubuntu/airflow-venv/lib/python3.12/site-packages/airflow/example_dags/subdags/subdag.py for tasks to queue
[2026-02-25T15:11:46.320+0000] {logging_mixin.py:190} INFO - [2026-02-25T15:11:46.320+0000] {dagbag.py:588} INFO - Filling up the DagBag from /home/ubuntu/airflow-venv/lib/python3.12/site-packages/airflow/example_dags/subdags/subdag.py
[2026-02-25T15:11:46.321+0000] {processor.py:927} WARNING - No viable dags retrieved from /home/ubuntu/airflow-venv/lib/python3.12/site-packages/airflow/example_dags/subdags/subdag.py
[2026-02-25T15:11:46.328+0000] {processor.py:208} INFO - Processing /home/ubuntu/airflow-venv/lib/python3.12/site-packages/airflow/example_dags/subdags/subdag.py took 0.014 seconds
[2026-02-25T15:12:39.014+0000] {processor.py:186} INFO - Started process (PID=3292) to work on /home/ubuntu/airflow-venv/lib/python3.12/site-packages/airflow/example_dags/subdags/subdag.py
[2026-02-25T15:12:39.015+0000] {processor.py:914} INFO - Processing file /home/ubuntu/airflow-venv/lib/python3.12/site-packages/airflow/example_dags/subdags/subdag.py for tasks to queue
[2026-02-25T15:12:39.016+0000] {logging_mixin.py:190} INFO - [2026-02-25T15:12:39.016+0000] {dagbag.py:588} INFO - Filling up the DagBag from /home/ubuntu/airflow-venv/lib/python3.12/site-packages/airflow/example_dags/subdags/subdag.py
[2026-02-25T15:12:39.018+0000] {processor.py:927} WARNING - No viable dags retrieved from /home/ubuntu/airflow-venv/lib/python3.12/site-packages/airflow/example_dags/subdags/subdag.py
[2026-02-25T15:12:39.025+0000] {processor.py:208} INFO - Processing /home/ubuntu/airflow-venv/lib/python3.12/site-packages/airflow/example_dags/subdags/subdag.py took 0.014 seconds
[2026-02-25T15:13:26.397+0000] {processor.py:186} INFO - Started process (PID=3343) to work on /home/ubuntu/airflow-venv/lib/python3.12/site-packages/airflow/example_dags/subdags/subdag.py
[2026-02-25T15:13:26.398+0000] {processor.py:914} INFO - Processing file /home/ubuntu/airflow-venv/lib/python3.12/site-packages/airflow/example_dags/subdags/subdag.py for tasks to queue
[2026-02-25T15:13:26.400+0000] {logging_mixin.py:190} INFO - [2026-02-25T15:13:26.400+0000] {dagbag.py:588} INFO - Filling up the DagBag from /home/ubuntu/airflow-venv/lib/python3.12/site-packages/airflow/example_dags/subdags/subdag.py
[2026-02-25T15:13:26.401+0000] {processor.py:927} WARNING - No viable dags retrieved from /home/ubuntu/airflow-venv/lib/python3.12/site-packages/airflow/example_dags/subdags/subdag.py
[2026-02-25T15:13:26.408+0000] {processor.py:208} INFO - Processing /home/ubuntu/airflow-venv/lib/python3.12/site-packages/airflow/example_dags/subdags/subdag.py took 0.014 seconds
[2026-02-25T15:14:15.299+0000] {processor.py:186} INFO - Started process (PID=3395) to work on /home/ubuntu/airflow-venv/lib/python3.12/site-packages/airflow/example_dags/subdags/subdag.py
[2026-02-25T15:14:15.301+0000] {processor.py:914} INFO - Processing file /home/ubuntu/airflow-venv/lib/python3.12/site-packages/airflow/example_dags/subdags/subdag.py for tasks to queue
[2026-02-25T15:14:15.302+0000] {logging_mixin.py:190} INFO - [2026-02-25T15:14:15.302+0000] {dagbag.py:588} INFO - Filling up the DagBag from /home/ubuntu/airflow-venv/lib/python3.12/site-packages/airflow/example_dags/subdags/subdag.py
[2026-02-25T15:14:15.303+0000] {processor.py:927} WARNING - No viable dags retrieved from /home/ubuntu/airflow-venv/lib/python3.12/site-packages/airflow/example_dags/subdags/subdag.py
[2026-02-25T15:14:15.310+0000] {processor.py:208} INFO - Processing /home/ubuntu/airflow-venv/lib/python3.12/site-packages/airflow/example_dags/subdags/subdag.py took 0.014 seconds
[2026-02-25T15:15:02.781+0000] {processor.py:186} INFO - Started process (PID=3452) to work on /home/ubuntu/airflow-venv/lib/python3.12/site-packages/airflow/example_dags/subdags/subdag.py
[2026-02-25T15:15:02.783+0000] {processor.py:914} INFO - Processing file /home/ubuntu/airflow-venv/lib/python3.12/site-packages/airflow/example_dags/subdags/subdag.py for tasks to queue
[2026-02-25T15:15:02.784+0000] {logging_mixin.py:190} INFO - [2026-02-25T15:15:02.784+0000] {dagbag.py:588} INFO - Filling up the DagBag from /home/ubuntu/airflow-venv/lib/python3.12/site-packages/airflow/example_dags/subdags/subdag.py
[2026-02-25T15:15:02.785+0000] {processor.py:927} WARNING - No viable dags retrieved from /home/ubuntu/airflow-venv/lib/python3.12/site-packages/airflow/example_dags/subdags/subdag.py
[2026-02-25T15:15:02.792+0000] {processor.py:208} INFO - Processing /home/ubuntu/airflow-venv/lib/python3.12/site-packages/airflow/example_dags/subdags/subdag.py took 0.014 seconds
[2026-02-25T15:15:52.310+0000] {processor.py:186} INFO - Started process (PID=3505) to work on /home/ubuntu/airflow-venv/lib/python3.12/site-packages/airflow/example_dags/subdags/subdag.py
[2026-02-25T15:15:52.312+0000] {processor.py:914} INFO - Processing file /home/ubuntu/airflow-venv/lib/python3.12/site-packages/airflow/example_dags/subdags/subdag.py for tasks to queue
[2026-02-25T15:15:52.313+0000] {logging_mixin.py:190} INFO - [2026-02-25T15:15:52.313+0000] {dagbag.py:588} INFO - Filling up the DagBag from /home/ubuntu/airflow-venv/lib/python3.12/site-packages/airflow/example_dags/subdags/subdag.py
[2026-02-25T15:15:52.314+0000] {processor.py:927} WARNING - No viable dags retrieved from /home/ubuntu/airflow-venv/lib/python3.12/site-packages/airflow/example_dags/subdags/subdag.py
[2026-02-25T15:15:52.321+0000] {processor.py:208} INFO - Processing /home/ubuntu/airflow-venv/lib/python3.12/site-packages/airflow/example_dags/subdags/subdag.py took 0.014 seconds
[2026-02-25T15:16:41.437+0000] {processor.py:186} INFO - Started process (PID=3556) to work on /home/ubuntu/airflow-venv/lib/python3.12/site-packages/airflow/example_dags/subdags/subdag.py
[2026-02-25T15:16:41.438+0000] {processor.py:914} INFO - Processing file /home/ubuntu/airflow-venv/lib/python3.12/site-packages/airflow/example_dags/subdags/subdag.py for tasks to queue
[2026-02-25T15:16:41.440+0000] {logging_mixin.py:190} INFO - [2026-02-25T15:16:41.440+0000] {dagbag.py:588} INFO - Filling up the DagBag from /home/ubuntu/airflow-venv/lib/python3.12/site-packages/airflow/example_dags/subdags/subdag.py
[2026-02-25T15:16:41.441+0000] {processor.py:927} WARNING - No viable dags retrieved from /home/ubuntu/airflow-venv/lib/python3.12/site-packages/airflow/example_dags/subdags/subdag.py
[2026-02-25T15:16:41.448+0000] {processor.py:208} INFO - Processing /home/ubuntu/airflow-venv/lib/python3.12/site-packages/airflow/example_dags/subdags/subdag.py took 0.014 seconds
[2026-02-25T15:17:30.928+0000] {processor.py:186} INFO - Started process (PID=3611) to work on /home/ubuntu/airflow-venv/lib/python3.12/site-packages/airflow/example_dags/subdags/subdag.py
[2026-02-25T15:17:30.929+0000] {processor.py:914} INFO - Processing file /home/ubuntu/airflow-venv/lib/python3.12/site-packages/airflow/example_dags/subdags/subdag.py for tasks to queue
[2026-02-25T15:17:30.930+0000] {logging_mixin.py:190} INFO - [2026-02-25T15:17:30.930+0000] {dagbag.py:588} INFO - Filling up the DagBag from /home/ubuntu/airflow-venv/lib/python3.12/site-packages/airflow/example_dags/subdags/subdag.py
[2026-02-25T15:17:30.932+0000] {processor.py:927} WARNING - No viable dags retrieved from /home/ubuntu/airflow-venv/lib/python3.12/site-packages/airflow/example_dags/subdags/subdag.py
[2026-02-25T15:17:30.938+0000] {processor.py:208} INFO - Processing /home/ubuntu/airflow-venv/lib/python3.12/site-packages/airflow/example_dags/subdags/subdag.py took 0.014 seconds
[2026-02-25T15:18:18.354+0000] {processor.py:186} INFO - Started process (PID=3663) to work on /home/ubuntu/airflow-venv/lib/python3.12/site-packages/airflow/example_dags/subdags/subdag.py
[2026-02-25T15:18:18.355+0000] {processor.py:914} INFO - Processing file /home/ubuntu/airflow-venv/lib/python3.12/site-packages/airflow/example_dags/subdags/subdag.py for tasks to queue
[2026-02-25T15:18:18.357+0000] {logging_mixin.py:190} INFO - [2026-02-25T15:18:18.356+0000] {dagbag.py:588} INFO - Filling up the DagBag from /home/ubuntu/airflow-venv/lib/python3.12/site-packages/airflow/example_dags/subdags/subdag.py
[2026-02-25T15:18:18.358+0000] {processor.py:927} WARNING - No viable dags retrieved from /home/ubuntu/airflow-venv/lib/python3.12/site-packages/airflow/example_dags/subdags/subdag.py
[2026-02-25T15:18:18.364+0000] {processor.py:208} INFO - Processing /home/ubuntu/airflow-venv/lib/python3.12/site-packages/airflow/example_dags/subdags/subdag.py took 0.014 seconds
[2026-02-25T15:19:03.978+0000] {processor.py:186} INFO - Started process (PID=3712) to work on /home/ubuntu/airflow-venv/lib/python3.12/site-packages/airflow/example_dags/subdags/subdag.py
[2026-02-25T15:19:03.980+0000] {processor.py:914} INFO - Processing file /home/ubuntu/airflow-venv/lib/python3.12/site-packages/airflow/example_dags/subdags/subdag.py for tasks to queue
[2026-02-25T15:19:03.981+0000] {logging_mixin.py:190} INFO - [2026-02-25T15:19:03.981+0000] {dagbag.py:588} INFO - Filling up the DagBag from /home/ubuntu/airflow-venv/lib/python3.12/site-packages/airflow/example_dags/subdags/subdag.py
[2026-02-25T15:19:03.983+0000] {processor.py:927} WARNING - No viable dags retrieved from /home/ubuntu/airflow-venv/lib/python3.12/site-packages/airflow/example_dags/subdags/subdag.py
[2026-02-25T15:19:03.990+0000] {processor.py:208} INFO - Processing /home/ubuntu/airflow-venv/lib/python3.12/site-packages/airflow/example_dags/subdags/subdag.py took 0.015 seconds
[2026-02-25T15:19:53.625+0000] {processor.py:186} INFO - Started process (PID=3764) to work on /home/ubuntu/airflow-venv/lib/python3.12/site-packages/airflow/example_dags/subdags/subdag.py
[2026-02-25T15:19:53.627+0000] {processor.py:914} INFO - Processing file /home/ubuntu/airflow-venv/lib/python3.12/site-packages/airflow/example_dags/subdags/subdag.py for tasks to queue
[2026-02-25T15:19:53.628+0000] {logging_mixin.py:190} INFO - [2026-02-25T15:19:53.628+0000] {dagbag.py:588} INFO - Filling up the DagBag from /home/ubuntu/airflow-venv/lib/python3.12/site-packages/airflow/example_dags/subdags/subdag.py
[2026-02-25T15:19:53.629+0000] {processor.py:927} WARNING - No viable dags retrieved from /home/ubuntu/airflow-venv/lib/python3.12/site-packages/airflow/example_dags/subdags/subdag.py
[2026-02-25T15:19:53.636+0000] {processor.py:208} INFO - Processing /home/ubuntu/airflow-venv/lib/python3.12/site-packages/airflow/example_dags/subdags/subdag.py took 0.014 seconds
[2026-02-25T15:20:42.537+0000] {processor.py:186} INFO - Started process (PID=3819) to work on /home/ubuntu/airflow-venv/lib/python3.12/site-packages/airflow/example_dags/subdags/subdag.py
[2026-02-25T15:20:42.538+0000] {processor.py:914} INFO - Processing file /home/ubuntu/airflow-venv/lib/python3.12/site-packages/airflow/example_dags/subdags/subdag.py for tasks to queue
[2026-02-25T15:20:42.539+0000] {logging_mixin.py:190} INFO - [2026-02-25T15:20:42.539+0000] {dagbag.py:588} INFO - Filling up the DagBag from /home/ubuntu/airflow-venv/lib/python3.12/site-packages/airflow/example_dags/subdags/subdag.py
[2026-02-25T15:20:42.541+0000] {processor.py:927} WARNING - No viable dags retrieved from /home/ubuntu/airflow-venv/lib/python3.12/site-packages/airflow/example_dags/subdags/subdag.py
[2026-02-25T15:20:42.548+0000] {processor.py:208} INFO - Processing /home/ubuntu/airflow-venv/lib/python3.12/site-packages/airflow/example_dags/subdags/subdag.py took 0.014 seconds
[2026-02-25T15:21:32.766+0000] {processor.py:186} INFO - Started process (PID=3871) to work on /home/ubuntu/airflow-venv/lib/python3.12/site-packages/airflow/example_dags/subdags/subdag.py
[2026-02-25T15:21:32.767+0000] {processor.py:914} INFO - Processing file /home/ubuntu/airflow-venv/lib/python3.12/site-packages/airflow/example_dags/subdags/subdag.py for tasks to queue
[2026-02-25T15:21:32.769+0000] {logging_mixin.py:190} INFO - [2026-02-25T15:21:32.769+0000] {dagbag.py:588} INFO - Filling up the DagBag from /home/ubuntu/airflow-venv/lib/python3.12/site-packages/airflow/example_dags/subdags/subdag.py
[2026-02-25T15:21:32.770+0000] {processor.py:927} WARNING - No viable dags retrieved from /home/ubuntu/airflow-venv/lib/python3.12/site-packages/airflow/example_dags/subdags/subdag.py
[2026-02-25T15:21:32.777+0000] {processor.py:208} INFO - Processing /home/ubuntu/airflow-venv/lib/python3.12/site-packages/airflow/example_dags/subdags/subdag.py took 0.014 seconds
[2026-02-25T15:22:21.230+0000] {processor.py:186} INFO - Started process (PID=3924) to work on /home/ubuntu/airflow-venv/lib/python3.12/site-packages/airflow/example_dags/subdags/subdag.py
[2026-02-25T15:22:21.232+0000] {processor.py:914} INFO - Processing file /home/ubuntu/airflow-venv/lib/python3.12/site-packages/airflow/example_dags/subdags/subdag.py for tasks to queue
[2026-02-25T15:22:21.233+0000] {logging_mixin.py:190} INFO - [2026-02-25T15:22:21.233+0000] {dagbag.py:588} INFO - Filling up the DagBag from /home/ubuntu/airflow-venv/lib/python3.12/site-packages/airflow/example_dags/subdags/subdag.py
[2026-02-25T15:22:21.234+0000] {processor.py:927} WARNING - No viable dags retrieved from /home/ubuntu/airflow-venv/lib/python3.12/site-packages/airflow/example_dags/subdags/subdag.py
[2026-02-25T15:22:21.241+0000] {processor.py:208} INFO - Processing /home/ubuntu/airflow-venv/lib/python3.12/site-packages/airflow/example_dags/subdags/subdag.py took 0.014 seconds
[2026-02-25T15:23:13.007+0000] {processor.py:186} INFO - Started process (PID=3975) to work on /home/ubuntu/airflow-venv/lib/python3.12/site-packages/airflow/example_dags/subdags/subdag.py
[2026-02-25T15:23:13.008+0000] {processor.py:914} INFO - Processing file /home/ubuntu/airflow-venv/lib/python3.12/site-packages/airflow/example_dags/subdags/subdag.py for tasks to queue
[2026-02-25T15:23:13.010+0000] {logging_mixin.py:190} INFO - [2026-02-25T15:23:13.009+0000] {dagbag.py:588} INFO - Filling up the DagBag from /home/ubuntu/airflow-venv/lib/python3.12/site-packages/airflow/example_dags/subdags/subdag.py
[2026-02-25T15:23:13.011+0000] {processor.py:927} WARNING - No viable dags retrieved from /home/ubuntu/airflow-venv/lib/python3.12/site-packages/airflow/example_dags/subdags/subdag.py
[2026-02-25T15:23:13.018+0000] {processor.py:208} INFO - Processing /home/ubuntu/airflow-venv/lib/python3.12/site-packages/airflow/example_dags/subdags/subdag.py took 0.014 seconds
[2026-02-25T15:44:03.430+0000] {processor.py:186} INFO - Started process (PID=2561) to work on /home/ubuntu/airflow-venv/lib/python3.12/site-packages/airflow/example_dags/subdags/subdag.py
[2026-02-25T15:44:03.431+0000] {processor.py:914} INFO - Processing file /home/ubuntu/airflow-venv/lib/python3.12/site-packages/airflow/example_dags/subdags/subdag.py for tasks to queue
[2026-02-25T15:44:03.433+0000] {logging_mixin.py:190} INFO - [2026-02-25T15:44:03.432+0000] {dagbag.py:588} INFO - Filling up the DagBag from /home/ubuntu/airflow-venv/lib/python3.12/site-packages/airflow/example_dags/subdags/subdag.py
[2026-02-25T15:44:03.434+0000] {processor.py:927} WARNING - No viable dags retrieved from /home/ubuntu/airflow-venv/lib/python3.12/site-packages/airflow/example_dags/subdags/subdag.py
[2026-02-25T15:44:03.440+0000] {processor.py:208} INFO - Processing /home/ubuntu/airflow-venv/lib/python3.12/site-packages/airflow/example_dags/subdags/subdag.py took 0.014 seconds
[2026-02-25T15:44:57.842+0000] {processor.py:186} INFO - Started process (PID=2634) to work on /home/ubuntu/airflow-venv/lib/python3.12/site-packages/airflow/example_dags/subdags/subdag.py
[2026-02-25T15:44:57.843+0000] {processor.py:914} INFO - Processing file /home/ubuntu/airflow-venv/lib/python3.12/site-packages/airflow/example_dags/subdags/subdag.py for tasks to queue
[2026-02-25T15:44:57.844+0000] {logging_mixin.py:190} INFO - [2026-02-25T15:44:57.844+0000] {dagbag.py:588} INFO - Filling up the DagBag from /home/ubuntu/airflow-venv/lib/python3.12/site-packages/airflow/example_dags/subdags/subdag.py
[2026-02-25T15:44:57.845+0000] {processor.py:927} WARNING - No viable dags retrieved from /home/ubuntu/airflow-venv/lib/python3.12/site-packages/airflow/example_dags/subdags/subdag.py
[2026-02-25T15:44:57.852+0000] {processor.py:208} INFO - Processing /home/ubuntu/airflow-venv/lib/python3.12/site-packages/airflow/example_dags/subdags/subdag.py took 0.014 seconds
[2026-02-25T15:45:45.765+0000] {processor.py:186} INFO - Started process (PID=2690) to work on /home/ubuntu/airflow-venv/lib/python3.12/site-packages/airflow/example_dags/subdags/subdag.py
[2026-02-25T15:45:45.767+0000] {processor.py:914} INFO - Processing file /home/ubuntu/airflow-venv/lib/python3.12/site-packages/airflow/example_dags/subdags/subdag.py for tasks to queue
[2026-02-25T15:45:45.768+0000] {logging_mixin.py:190} INFO - [2026-02-25T15:45:45.768+0000] {dagbag.py:588} INFO - Filling up the DagBag from /home/ubuntu/airflow-venv/lib/python3.12/site-packages/airflow/example_dags/subdags/subdag.py
[2026-02-25T15:45:45.769+0000] {processor.py:927} WARNING - No viable dags retrieved from /home/ubuntu/airflow-venv/lib/python3.12/site-packages/airflow/example_dags/subdags/subdag.py
[2026-02-25T15:45:45.776+0000] {processor.py:208} INFO - Processing /home/ubuntu/airflow-venv/lib/python3.12/site-packages/airflow/example_dags/subdags/subdag.py took 0.014 seconds
[2026-02-25T15:46:32.009+0000] {processor.py:186} INFO - Started process (PID=2739) to work on /home/ubuntu/airflow-venv/lib/python3.12/site-packages/airflow/example_dags/subdags/subdag.py
[2026-02-25T15:46:32.010+0000] {processor.py:914} INFO - Processing file /home/ubuntu/airflow-venv/lib/python3.12/site-packages/airflow/example_dags/subdags/subdag.py for tasks to queue
[2026-02-25T15:46:32.012+0000] {logging_mixin.py:190} INFO - [2026-02-25T15:46:32.011+0000] {dagbag.py:588} INFO - Filling up the DagBag from /home/ubuntu/airflow-venv/lib/python3.12/site-packages/airflow/example_dags/subdags/subdag.py
[2026-02-25T15:46:32.013+0000] {processor.py:927} WARNING - No viable dags retrieved from /home/ubuntu/airflow-venv/lib/python3.12/site-packages/airflow/example_dags/subdags/subdag.py
[2026-02-25T15:46:32.019+0000] {processor.py:208} INFO - Processing /home/ubuntu/airflow-venv/lib/python3.12/site-packages/airflow/example_dags/subdags/subdag.py took 0.014 seconds
[2026-02-25T15:47:22.209+0000] {processor.py:186} INFO - Started process (PID=2792) to work on /home/ubuntu/airflow-venv/lib/python3.12/site-packages/airflow/example_dags/subdags/subdag.py
[2026-02-25T15:47:22.210+0000] {processor.py:914} INFO - Processing file /home/ubuntu/airflow-venv/lib/python3.12/site-packages/airflow/example_dags/subdags/subdag.py for tasks to queue
[2026-02-25T15:47:22.212+0000] {logging_mixin.py:190} INFO - [2026-02-25T15:47:22.211+0000] {dagbag.py:588} INFO - Filling up the DagBag from /home/ubuntu/airflow-venv/lib/python3.12/site-packages/airflow/example_dags/subdags/subdag.py
[2026-02-25T15:47:22.213+0000] {processor.py:927} WARNING - No viable dags retrieved from /home/ubuntu/airflow-venv/lib/python3.12/site-packages/airflow/example_dags/subdags/subdag.py
[2026-02-25T15:47:22.220+0000] {processor.py:208} INFO - Processing /home/ubuntu/airflow-venv/lib/python3.12/site-packages/airflow/example_dags/subdags/subdag.py took 0.013 seconds
[2026-02-25T15:48:14.661+0000] {processor.py:186} INFO - Started process (PID=2845) to work on /home/ubuntu/airflow-venv/lib/python3.12/site-packages/airflow/example_dags/subdags/subdag.py
[2026-02-25T15:48:14.662+0000] {processor.py:914} INFO - Processing file /home/ubuntu/airflow-venv/lib/python3.12/site-packages/airflow/example_dags/subdags/subdag.py for tasks to queue
[2026-02-25T15:48:14.663+0000] {logging_mixin.py:190} INFO - [2026-02-25T15:48:14.663+0000] {dagbag.py:588} INFO - Filling up the DagBag from /home/ubuntu/airflow-venv/lib/python3.12/site-packages/airflow/example_dags/subdags/subdag.py
[2026-02-25T15:48:14.665+0000] {processor.py:927} WARNING - No viable dags retrieved from /home/ubuntu/airflow-venv/lib/python3.12/site-packages/airflow/example_dags/subdags/subdag.py
[2026-02-25T15:48:14.671+0000] {processor.py:208} INFO - Processing /home/ubuntu/airflow-venv/lib/python3.12/site-packages/airflow/example_dags/subdags/subdag.py took 0.014 seconds
[2026-02-25T15:49:02.596+0000] {processor.py:186} INFO - Started process (PID=2897) to work on /home/ubuntu/airflow-venv/lib/python3.12/site-packages/airflow/example_dags/subdags/subdag.py
[2026-02-25T15:49:02.597+0000] {processor.py:914} INFO - Processing file /home/ubuntu/airflow-venv/lib/python3.12/site-packages/airflow/example_dags/subdags/subdag.py for tasks to queue
[2026-02-25T15:49:02.598+0000] {logging_mixin.py:190} INFO - [2026-02-25T15:49:02.598+0000] {dagbag.py:588} INFO - Filling up the DagBag from /home/ubuntu/airflow-venv/lib/python3.12/site-packages/airflow/example_dags/subdags/subdag.py
[2026-02-25T15:49:02.600+0000] {processor.py:927} WARNING - No viable dags retrieved from /home/ubuntu/airflow-venv/lib/python3.12/site-packages/airflow/example_dags/subdags/subdag.py
[2026-02-25T15:49:02.606+0000] {processor.py:208} INFO - Processing /home/ubuntu/airflow-venv/lib/python3.12/site-packages/airflow/example_dags/subdags/subdag.py took 0.014 seconds
[2026-02-25T15:49:53.706+0000] {processor.py:186} INFO - Started process (PID=2952) to work on /home/ubuntu/airflow-venv/lib/python3.12/site-packages/airflow/example_dags/subdags/subdag.py
[2026-02-25T15:49:53.707+0000] {processor.py:914} INFO - Processing file /home/ubuntu/airflow-venv/lib/python3.12/site-packages/airflow/example_dags/subdags/subdag.py for tasks to queue
[2026-02-25T15:49:53.708+0000] {logging_mixin.py:190} INFO - [2026-02-25T15:49:53.708+0000] {dagbag.py:588} INFO - Filling up the DagBag from /home/ubuntu/airflow-venv/lib/python3.12/site-packages/airflow/example_dags/subdags/subdag.py
[2026-02-25T15:49:53.709+0000] {processor.py:927} WARNING - No viable dags retrieved from /home/ubuntu/airflow-venv/lib/python3.12/site-packages/airflow/example_dags/subdags/subdag.py
[2026-02-25T15:49:53.716+0000] {processor.py:208} INFO - Processing /home/ubuntu/airflow-venv/lib/python3.12/site-packages/airflow/example_dags/subdags/subdag.py took 0.014 seconds
[2026-02-25T15:50:46.806+0000] {processor.py:186} INFO - Started process (PID=3008) to work on /home/ubuntu/airflow-venv/lib/python3.12/site-packages/airflow/example_dags/subdags/subdag.py
[2026-02-25T15:50:46.807+0000] {processor.py:914} INFO - Processing file /home/ubuntu/airflow-venv/lib/python3.12/site-packages/airflow/example_dags/subdags/subdag.py for tasks to queue
[2026-02-25T15:50:46.809+0000] {logging_mixin.py:190} INFO - [2026-02-25T15:50:46.808+0000] {dagbag.py:588} INFO - Filling up the DagBag from /home/ubuntu/airflow-venv/lib/python3.12/site-packages/airflow/example_dags/subdags/subdag.py
[2026-02-25T15:50:46.810+0000] {processor.py:927} WARNING - No viable dags retrieved from /home/ubuntu/airflow-venv/lib/python3.12/site-packages/airflow/example_dags/subdags/subdag.py
[2026-02-25T15:50:46.816+0000] {processor.py:208} INFO - Processing /home/ubuntu/airflow-venv/lib/python3.12/site-packages/airflow/example_dags/subdags/subdag.py took 0.014 seconds
[2026-02-25T15:51:39.204+0000] {processor.py:186} INFO - Started process (PID=3063) to work on /home/ubuntu/airflow-venv/lib/python3.12/site-packages/airflow/example_dags/subdags/subdag.py
[2026-02-25T15:51:39.205+0000] {processor.py:914} INFO - Processing file /home/ubuntu/airflow-venv/lib/python3.12/site-packages/airflow/example_dags/subdags/subdag.py for tasks to queue
[2026-02-25T15:51:39.207+0000] {logging_mixin.py:190} INFO - [2026-02-25T15:51:39.206+0000] {dagbag.py:588} INFO - Filling up the DagBag from /home/ubuntu/airflow-venv/lib/python3.12/site-packages/airflow/example_dags/subdags/subdag.py
[2026-02-25T15:51:39.208+0000] {processor.py:927} WARNING - No viable dags retrieved from /home/ubuntu/airflow-venv/lib/python3.12/site-packages/airflow/example_dags/subdags/subdag.py
[2026-02-25T15:51:39.214+0000] {processor.py:208} INFO - Processing /home/ubuntu/airflow-venv/lib/python3.12/site-packages/airflow/example_dags/subdags/subdag.py took 0.014 seconds
[2026-02-25T15:52:29.728+0000] {processor.py:186} INFO - Started process (PID=3118) to work on /home/ubuntu/airflow-venv/lib/python3.12/site-packages/airflow/example_dags/subdags/subdag.py
[2026-02-25T15:52:29.730+0000] {processor.py:914} INFO - Processing file /home/ubuntu/airflow-venv/lib/python3.12/site-packages/airflow/example_dags/subdags/subdag.py for tasks to queue
[2026-02-25T15:52:29.731+0000] {logging_mixin.py:190} INFO - [2026-02-25T15:52:29.731+0000] {dagbag.py:588} INFO - Filling up the DagBag from /home/ubuntu/airflow-venv/lib/python3.12/site-packages/airflow/example_dags/subdags/subdag.py
[2026-02-25T15:52:29.733+0000] {processor.py:927} WARNING - No viable dags retrieved from /home/ubuntu/airflow-venv/lib/python3.12/site-packages/airflow/example_dags/subdags/subdag.py
[2026-02-25T15:52:29.739+0000] {processor.py:208} INFO - Processing /home/ubuntu/airflow-venv/lib/python3.12/site-packages/airflow/example_dags/subdags/subdag.py took 0.015 seconds
[2026-02-25T15:53:18.538+0000] {processor.py:186} INFO - Started process (PID=3168) to work on /home/ubuntu/airflow-venv/lib/python3.12/site-packages/airflow/example_dags/subdags/subdag.py
[2026-02-25T15:53:18.539+0000] {processor.py:914} INFO - Processing file /home/ubuntu/airflow-venv/lib/python3.12/site-packages/airflow/example_dags/subdags/subdag.py for tasks to queue
[2026-02-25T15:53:18.540+0000] {logging_mixin.py:190} INFO - [2026-02-25T15:53:18.540+0000] {dagbag.py:588} INFO - Filling up the DagBag from /home/ubuntu/airflow-venv/lib/python3.12/site-packages/airflow/example_dags/subdags/subdag.py
[2026-02-25T15:53:18.542+0000] {processor.py:927} WARNING - No viable dags retrieved from /home/ubuntu/airflow-venv/lib/python3.12/site-packages/airflow/example_dags/subdags/subdag.py
[2026-02-25T15:53:18.548+0000] {processor.py:208} INFO - Processing /home/ubuntu/airflow-venv/lib/python3.12/site-packages/airflow/example_dags/subdags/subdag.py took 0.014 seconds
[2026-02-25T15:54:06.972+0000] {processor.py:186} INFO - Started process (PID=3236) to work on /home/ubuntu/airflow-venv/lib/python3.12/site-packages/airflow/example_dags/subdags/subdag.py
[2026-02-25T15:54:06.973+0000] {processor.py:914} INFO - Processing file /home/ubuntu/airflow-venv/lib/python3.12/site-packages/airflow/example_dags/subdags/subdag.py for tasks to queue
[2026-02-25T15:54:06.975+0000] {logging_mixin.py:190} INFO - [2026-02-25T15:54:06.974+0000] {dagbag.py:588} INFO - Filling up the DagBag from /home/ubuntu/airflow-venv/lib/python3.12/site-packages/airflow/example_dags/subdags/subdag.py
[2026-02-25T15:54:06.976+0000] {processor.py:927} WARNING - No viable dags retrieved from /home/ubuntu/airflow-venv/lib/python3.12/site-packages/airflow/example_dags/subdags/subdag.py
[2026-02-25T15:54:06.983+0000] {processor.py:208} INFO - Processing /home/ubuntu/airflow-venv/lib/python3.12/site-packages/airflow/example_dags/subdags/subdag.py took 0.014 seconds
[2026-02-25T15:54:54.912+0000] {processor.py:186} INFO - Started process (PID=3287) to work on /home/ubuntu/airflow-venv/lib/python3.12/site-packages/airflow/example_dags/subdags/subdag.py
[2026-02-25T15:54:54.913+0000] {processor.py:914} INFO - Processing file /home/ubuntu/airflow-venv/lib/python3.12/site-packages/airflow/example_dags/subdags/subdag.py for tasks to queue
[2026-02-25T15:54:54.914+0000] {logging_mixin.py:190} INFO - [2026-02-25T15:54:54.914+0000] {dagbag.py:588} INFO - Filling up the DagBag from /home/ubuntu/airflow-venv/lib/python3.12/site-packages/airflow/example_dags/subdags/subdag.py
[2026-02-25T15:54:54.916+0000] {processor.py:927} WARNING - No viable dags retrieved from /home/ubuntu/airflow-venv/lib/python3.12/site-packages/airflow/example_dags/subdags/subdag.py
[2026-02-25T15:54:54.922+0000] {processor.py:208} INFO - Processing /home/ubuntu/airflow-venv/lib/python3.12/site-packages/airflow/example_dags/subdags/subdag.py took 0.014 seconds
[2026-02-25T15:55:46.296+0000] {processor.py:186} INFO - Started process (PID=3349) to work on /home/ubuntu/airflow-venv/lib/python3.12/site-packages/airflow/example_dags/subdags/subdag.py
[2026-02-25T15:55:46.297+0000] {processor.py:914} INFO - Processing file /home/ubuntu/airflow-venv/lib/python3.12/site-packages/airflow/example_dags/subdags/subdag.py for tasks to queue
[2026-02-25T15:55:46.298+0000] {logging_mixin.py:190} INFO - [2026-02-25T15:55:46.298+0000] {dagbag.py:588} INFO - Filling up the DagBag from /home/ubuntu/airflow-venv/lib/python3.12/site-packages/airflow/example_dags/subdags/subdag.py
[2026-02-25T15:55:46.299+0000] {processor.py:927} WARNING - No viable dags retrieved from /home/ubuntu/airflow-venv/lib/python3.12/site-packages/airflow/example_dags/subdags/subdag.py
[2026-02-25T15:55:46.306+0000] {processor.py:208} INFO - Processing /home/ubuntu/airflow-venv/lib/python3.12/site-packages/airflow/example_dags/subdags/subdag.py took 0.014 seconds
[2026-02-25T15:56:37.897+0000] {processor.py:186} INFO - Started process (PID=3409) to work on /home/ubuntu/airflow-venv/lib/python3.12/site-packages/airflow/example_dags/subdags/subdag.py
[2026-02-25T15:56:37.898+0000] {processor.py:914} INFO - Processing file /home/ubuntu/airflow-venv/lib/python3.12/site-packages/airflow/example_dags/subdags/subdag.py for tasks to queue
[2026-02-25T15:56:37.899+0000] {logging_mixin.py:190} INFO - [2026-02-25T15:56:37.899+0000] {dagbag.py:588} INFO - Filling up the DagBag from /home/ubuntu/airflow-venv/lib/python3.12/site-packages/airflow/example_dags/subdags/subdag.py
[2026-02-25T15:56:37.900+0000] {processor.py:927} WARNING - No viable dags retrieved from /home/ubuntu/airflow-venv/lib/python3.12/site-packages/airflow/example_dags/subdags/subdag.py
[2026-02-25T15:56:37.907+0000] {processor.py:208} INFO - Processing /home/ubuntu/airflow-venv/lib/python3.12/site-packages/airflow/example_dags/subdags/subdag.py took 0.013 seconds
[2026-02-25T15:57:27.325+0000] {processor.py:186} INFO - Started process (PID=3464) to work on /home/ubuntu/airflow-venv/lib/python3.12/site-packages/airflow/example_dags/subdags/subdag.py
[2026-02-25T15:57:27.326+0000] {processor.py:914} INFO - Processing file /home/ubuntu/airflow-venv/lib/python3.12/site-packages/airflow/example_dags/subdags/subdag.py for tasks to queue
[2026-02-25T15:57:27.327+0000] {logging_mixin.py:190} INFO - [2026-02-25T15:57:27.327+0000] {dagbag.py:588} INFO - Filling up the DagBag from /home/ubuntu/airflow-venv/lib/python3.12/site-packages/airflow/example_dags/subdags/subdag.py
[2026-02-25T15:57:27.328+0000] {processor.py:927} WARNING - No viable dags retrieved from /home/ubuntu/airflow-venv/lib/python3.12/site-packages/airflow/example_dags/subdags/subdag.py
[2026-02-25T15:57:27.336+0000] {processor.py:208} INFO - Processing /home/ubuntu/airflow-venv/lib/python3.12/site-packages/airflow/example_dags/subdags/subdag.py took 0.014 seconds
[2026-02-25T15:58:17.368+0000] {processor.py:186} INFO - Started process (PID=3515) to work on /home/ubuntu/airflow-venv/lib/python3.12/site-packages/airflow/example_dags/subdags/subdag.py
[2026-02-25T15:58:17.369+0000] {processor.py:914} INFO - Processing file /home/ubuntu/airflow-venv/lib/python3.12/site-packages/airflow/example_dags/subdags/subdag.py for tasks to queue
[2026-02-25T15:58:17.370+0000] {logging_mixin.py:190} INFO - [2026-02-25T15:58:17.370+0000] {dagbag.py:588} INFO - Filling up the DagBag from /home/ubuntu/airflow-venv/lib/python3.12/site-packages/airflow/example_dags/subdags/subdag.py
[2026-02-25T15:58:17.371+0000] {processor.py:927} WARNING - No viable dags retrieved from /home/ubuntu/airflow-venv/lib/python3.12/site-packages/airflow/example_dags/subdags/subdag.py
[2026-02-25T15:58:17.378+0000] {processor.py:208} INFO - Processing /home/ubuntu/airflow-venv/lib/python3.12/site-packages/airflow/example_dags/subdags/subdag.py took 0.014 seconds
[2026-02-25T15:59:06.168+0000] {processor.py:186} INFO - Started process (PID=3571) to work on /home/ubuntu/airflow-venv/lib/python3.12/site-packages/airflow/example_dags/subdags/subdag.py
[2026-02-25T15:59:06.170+0000] {processor.py:914} INFO - Processing file /home/ubuntu/airflow-venv/lib/python3.12/site-packages/airflow/example_dags/subdags/subdag.py for tasks to queue
[2026-02-25T15:59:06.171+0000] {logging_mixin.py:190} INFO - [2026-02-25T15:59:06.171+0000] {dagbag.py:588} INFO - Filling up the DagBag from /home/ubuntu/airflow-venv/lib/python3.12/site-packages/airflow/example_dags/subdags/subdag.py
[2026-02-25T15:59:06.172+0000] {processor.py:927} WARNING - No viable dags retrieved from /home/ubuntu/airflow-venv/lib/python3.12/site-packages/airflow/example_dags/subdags/subdag.py
[2026-02-25T15:59:06.179+0000] {processor.py:208} INFO - Processing /home/ubuntu/airflow-venv/lib/python3.12/site-packages/airflow/example_dags/subdags/subdag.py took 0.014 seconds
[2026-02-25T15:59:54.121+0000] {processor.py:186} INFO - Started process (PID=3623) to work on /home/ubuntu/airflow-venv/lib/python3.12/site-packages/airflow/example_dags/subdags/subdag.py
[2026-02-25T15:59:54.122+0000] {processor.py:914} INFO - Processing file /home/ubuntu/airflow-venv/lib/python3.12/site-packages/airflow/example_dags/subdags/subdag.py for tasks to queue
[2026-02-25T15:59:54.124+0000] {logging_mixin.py:190} INFO - [2026-02-25T15:59:54.123+0000] {dagbag.py:588} INFO - Filling up the DagBag from /home/ubuntu/airflow-venv/lib/python3.12/site-packages/airflow/example_dags/subdags/subdag.py
[2026-02-25T15:59:54.125+0000] {processor.py:927} WARNING - No viable dags retrieved from /home/ubuntu/airflow-venv/lib/python3.12/site-packages/airflow/example_dags/subdags/subdag.py
[2026-02-25T15:59:54.132+0000] {processor.py:208} INFO - Processing /home/ubuntu/airflow-venv/lib/python3.12/site-packages/airflow/example_dags/subdags/subdag.py took 0.014 seconds
[2026-02-25T16:00:42.541+0000] {processor.py:186} INFO - Started process (PID=3675) to work on /home/ubuntu/airflow-venv/lib/python3.12/site-packages/airflow/example_dags/subdags/subdag.py
[2026-02-25T16:00:42.542+0000] {processor.py:914} INFO - Processing file /home/ubuntu/airflow-venv/lib/python3.12/site-packages/airflow/example_dags/subdags/subdag.py for tasks to queue
[2026-02-25T16:00:42.544+0000] {logging_mixin.py:190} INFO - [2026-02-25T16:00:42.543+0000] {dagbag.py:588} INFO - Filling up the DagBag from /home/ubuntu/airflow-venv/lib/python3.12/site-packages/airflow/example_dags/subdags/subdag.py
[2026-02-25T16:00:42.545+0000] {processor.py:927} WARNING - No viable dags retrieved from /home/ubuntu/airflow-venv/lib/python3.12/site-packages/airflow/example_dags/subdags/subdag.py
[2026-02-25T16:00:42.552+0000] {processor.py:208} INFO - Processing /home/ubuntu/airflow-venv/lib/python3.12/site-packages/airflow/example_dags/subdags/subdag.py took 0.014 seconds
[2026-02-25T16:01:32.376+0000] {processor.py:186} INFO - Started process (PID=3728) to work on /home/ubuntu/airflow-venv/lib/python3.12/site-packages/airflow/example_dags/subdags/subdag.py
[2026-02-25T16:01:32.378+0000] {processor.py:914} INFO - Processing file /home/ubuntu/airflow-venv/lib/python3.12/site-packages/airflow/example_dags/subdags/subdag.py for tasks to queue
[2026-02-25T16:01:32.379+0000] {logging_mixin.py:190} INFO - [2026-02-25T16:01:32.379+0000] {dagbag.py:588} INFO - Filling up the DagBag from /home/ubuntu/airflow-venv/lib/python3.12/site-packages/airflow/example_dags/subdags/subdag.py
[2026-02-25T16:01:32.380+0000] {processor.py:927} WARNING - No viable dags retrieved from /home/ubuntu/airflow-venv/lib/python3.12/site-packages/airflow/example_dags/subdags/subdag.py
[2026-02-25T16:01:32.396+0000] {processor.py:208} INFO - Processing /home/ubuntu/airflow-venv/lib/python3.12/site-packages/airflow/example_dags/subdags/subdag.py took 0.023 seconds
[2026-02-25T17:24:13.913+0000] {processor.py:186} INFO - Started process (PID=2552) to work on /home/ubuntu/airflow-venv/lib/python3.12/site-packages/airflow/example_dags/subdags/subdag.py
[2026-02-25T17:24:13.915+0000] {processor.py:914} INFO - Processing file /home/ubuntu/airflow-venv/lib/python3.12/site-packages/airflow/example_dags/subdags/subdag.py for tasks to queue
[2026-02-25T17:24:13.916+0000] {logging_mixin.py:190} INFO - [2026-02-25T17:24:13.916+0000] {dagbag.py:588} INFO - Filling up the DagBag from /home/ubuntu/airflow-venv/lib/python3.12/site-packages/airflow/example_dags/subdags/subdag.py
[2026-02-25T17:24:13.918+0000] {processor.py:927} WARNING - No viable dags retrieved from /home/ubuntu/airflow-venv/lib/python3.12/site-packages/airflow/example_dags/subdags/subdag.py
[2026-02-25T17:24:13.924+0000] {processor.py:208} INFO - Processing /home/ubuntu/airflow-venv/lib/python3.12/site-packages/airflow/example_dags/subdags/subdag.py took 0.014 seconds
[2026-02-25T17:25:07.076+0000] {processor.py:186} INFO - Started process (PID=2620) to work on /home/ubuntu/airflow-venv/lib/python3.12/site-packages/airflow/example_dags/subdags/subdag.py
[2026-02-25T17:25:07.077+0000] {processor.py:914} INFO - Processing file /home/ubuntu/airflow-venv/lib/python3.12/site-packages/airflow/example_dags/subdags/subdag.py for tasks to queue
[2026-02-25T17:25:07.079+0000] {logging_mixin.py:190} INFO - [2026-02-25T17:25:07.078+0000] {dagbag.py:588} INFO - Filling up the DagBag from /home/ubuntu/airflow-venv/lib/python3.12/site-packages/airflow/example_dags/subdags/subdag.py
[2026-02-25T17:25:07.080+0000] {processor.py:927} WARNING - No viable dags retrieved from /home/ubuntu/airflow-venv/lib/python3.12/site-packages/airflow/example_dags/subdags/subdag.py
[2026-02-25T17:25:07.086+0000] {processor.py:208} INFO - Processing /home/ubuntu/airflow-venv/lib/python3.12/site-packages/airflow/example_dags/subdags/subdag.py took 0.014 seconds
[2026-02-25T17:25:54.852+0000] {processor.py:186} INFO - Started process (PID=2671) to work on /home/ubuntu/airflow-venv/lib/python3.12/site-packages/airflow/example_dags/subdags/subdag.py
[2026-02-25T17:25:54.854+0000] {processor.py:914} INFO - Processing file /home/ubuntu/airflow-venv/lib/python3.12/site-packages/airflow/example_dags/subdags/subdag.py for tasks to queue
[2026-02-25T17:25:54.855+0000] {logging_mixin.py:190} INFO - [2026-02-25T17:25:54.855+0000] {dagbag.py:588} INFO - Filling up the DagBag from /home/ubuntu/airflow-venv/lib/python3.12/site-packages/airflow/example_dags/subdags/subdag.py
[2026-02-25T17:25:54.856+0000] {processor.py:927} WARNING - No viable dags retrieved from /home/ubuntu/airflow-venv/lib/python3.12/site-packages/airflow/example_dags/subdags/subdag.py
[2026-02-25T17:25:54.863+0000] {processor.py:208} INFO - Processing /home/ubuntu/airflow-venv/lib/python3.12/site-packages/airflow/example_dags/subdags/subdag.py took 0.014 seconds
[2026-02-25T17:26:42.283+0000] {processor.py:186} INFO - Started process (PID=2721) to work on /home/ubuntu/airflow-venv/lib/python3.12/site-packages/airflow/example_dags/subdags/subdag.py
[2026-02-25T17:26:42.284+0000] {processor.py:914} INFO - Processing file /home/ubuntu/airflow-venv/lib/python3.12/site-packages/airflow/example_dags/subdags/subdag.py for tasks to queue
[2026-02-25T17:26:42.285+0000] {logging_mixin.py:190} INFO - [2026-02-25T17:26:42.285+0000] {dagbag.py:588} INFO - Filling up the DagBag from /home/ubuntu/airflow-venv/lib/python3.12/site-packages/airflow/example_dags/subdags/subdag.py
[2026-02-25T17:26:42.286+0000] {processor.py:927} WARNING - No viable dags retrieved from /home/ubuntu/airflow-venv/lib/python3.12/site-packages/airflow/example_dags/subdags/subdag.py
[2026-02-25T17:26:42.293+0000] {processor.py:208} INFO - Processing /home/ubuntu/airflow-venv/lib/python3.12/site-packages/airflow/example_dags/subdags/subdag.py took 0.014 seconds
[2026-02-25T17:27:33.560+0000] {processor.py:186} INFO - Started process (PID=2775) to work on /home/ubuntu/airflow-venv/lib/python3.12/site-packages/airflow/example_dags/subdags/subdag.py
[2026-02-25T17:27:33.561+0000] {processor.py:914} INFO - Processing file /home/ubuntu/airflow-venv/lib/python3.12/site-packages/airflow/example_dags/subdags/subdag.py for tasks to queue
[2026-02-25T17:27:33.562+0000] {logging_mixin.py:190} INFO - [2026-02-25T17:27:33.562+0000] {dagbag.py:588} INFO - Filling up the DagBag from /home/ubuntu/airflow-venv/lib/python3.12/site-packages/airflow/example_dags/subdags/subdag.py
[2026-02-25T17:27:33.564+0000] {processor.py:927} WARNING - No viable dags retrieved from /home/ubuntu/airflow-venv/lib/python3.12/site-packages/airflow/example_dags/subdags/subdag.py
[2026-02-25T17:27:33.571+0000] {processor.py:208} INFO - Processing /home/ubuntu/airflow-venv/lib/python3.12/site-packages/airflow/example_dags/subdags/subdag.py took 0.014 seconds
[2026-02-25T17:28:24.957+0000] {processor.py:186} INFO - Started process (PID=2833) to work on /home/ubuntu/airflow-venv/lib/python3.12/site-packages/airflow/example_dags/subdags/subdag.py
[2026-02-25T17:28:24.958+0000] {processor.py:914} INFO - Processing file /home/ubuntu/airflow-venv/lib/python3.12/site-packages/airflow/example_dags/subdags/subdag.py for tasks to queue
[2026-02-25T17:28:24.959+0000] {logging_mixin.py:190} INFO - [2026-02-25T17:28:24.959+0000] {dagbag.py:588} INFO - Filling up the DagBag from /home/ubuntu/airflow-venv/lib/python3.12/site-packages/airflow/example_dags/subdags/subdag.py
[2026-02-25T17:28:24.960+0000] {processor.py:927} WARNING - No viable dags retrieved from /home/ubuntu/airflow-venv/lib/python3.12/site-packages/airflow/example_dags/subdags/subdag.py
[2026-02-25T17:28:24.967+0000] {processor.py:208} INFO - Processing /home/ubuntu/airflow-venv/lib/python3.12/site-packages/airflow/example_dags/subdags/subdag.py took 0.014 seconds
[2026-02-25T17:29:16.120+0000] {processor.py:186} INFO - Started process (PID=2892) to work on /home/ubuntu/airflow-venv/lib/python3.12/site-packages/airflow/example_dags/subdags/subdag.py
[2026-02-25T17:29:16.121+0000] {processor.py:914} INFO - Processing file /home/ubuntu/airflow-venv/lib/python3.12/site-packages/airflow/example_dags/subdags/subdag.py for tasks to queue
[2026-02-25T17:29:16.123+0000] {logging_mixin.py:190} INFO - [2026-02-25T17:29:16.122+0000] {dagbag.py:588} INFO - Filling up the DagBag from /home/ubuntu/airflow-venv/lib/python3.12/site-packages/airflow/example_dags/subdags/subdag.py
[2026-02-25T17:29:16.124+0000] {processor.py:927} WARNING - No viable dags retrieved from /home/ubuntu/airflow-venv/lib/python3.12/site-packages/airflow/example_dags/subdags/subdag.py
[2026-02-25T17:29:16.130+0000] {processor.py:208} INFO - Processing /home/ubuntu/airflow-venv/lib/python3.12/site-packages/airflow/example_dags/subdags/subdag.py took 0.014 seconds
[2026-02-25T17:30:07.848+0000] {processor.py:186} INFO - Started process (PID=2951) to work on /home/ubuntu/airflow-venv/lib/python3.12/site-packages/airflow/example_dags/subdags/subdag.py
[2026-02-25T17:30:07.849+0000] {processor.py:914} INFO - Processing file /home/ubuntu/airflow-venv/lib/python3.12/site-packages/airflow/example_dags/subdags/subdag.py for tasks to queue
[2026-02-25T17:30:07.850+0000] {logging_mixin.py:190} INFO - [2026-02-25T17:30:07.850+0000] {dagbag.py:588} INFO - Filling up the DagBag from /home/ubuntu/airflow-venv/lib/python3.12/site-packages/airflow/example_dags/subdags/subdag.py
[2026-02-25T17:30:07.851+0000] {processor.py:927} WARNING - No viable dags retrieved from /home/ubuntu/airflow-venv/lib/python3.12/site-packages/airflow/example_dags/subdags/subdag.py
[2026-02-25T17:30:07.858+0000] {processor.py:208} INFO - Processing /home/ubuntu/airflow-venv/lib/python3.12/site-packages/airflow/example_dags/subdags/subdag.py took 0.014 seconds
[2026-02-25T17:30:40.524+0000] {processor.py:186} INFO - Started process (PID=2991) to work on /home/ubuntu/airflow-venv/lib/python3.12/site-packages/airflow/example_dags/subdags/subdag.py
[2026-02-25T17:30:40.525+0000] {processor.py:914} INFO - Processing file /home/ubuntu/airflow-venv/lib/python3.12/site-packages/airflow/example_dags/subdags/subdag.py for tasks to queue
[2026-02-25T17:30:40.526+0000] {logging_mixin.py:190} INFO - [2026-02-25T17:30:40.526+0000] {dagbag.py:588} INFO - Filling up the DagBag from /home/ubuntu/airflow-venv/lib/python3.12/site-packages/airflow/example_dags/subdags/subdag.py
[2026-02-25T17:30:40.528+0000] {processor.py:927} WARNING - No viable dags retrieved from /home/ubuntu/airflow-venv/lib/python3.12/site-packages/airflow/example_dags/subdags/subdag.py
[2026-02-25T17:30:40.534+0000] {processor.py:208} INFO - Processing /home/ubuntu/airflow-venv/lib/python3.12/site-packages/airflow/example_dags/subdags/subdag.py took 0.013 seconds
[2026-02-25T17:31:12.369+0000] {processor.py:186} INFO - Started process (PID=3027) to work on /home/ubuntu/airflow-venv/lib/python3.12/site-packages/airflow/example_dags/subdags/subdag.py
[2026-02-25T17:31:12.371+0000] {processor.py:914} INFO - Processing file /home/ubuntu/airflow-venv/lib/python3.12/site-packages/airflow/example_dags/subdags/subdag.py for tasks to queue
[2026-02-25T17:31:12.372+0000] {logging_mixin.py:190} INFO - [2026-02-25T17:31:12.372+0000] {dagbag.py:588} INFO - Filling up the DagBag from /home/ubuntu/airflow-venv/lib/python3.12/site-packages/airflow/example_dags/subdags/subdag.py
[2026-02-25T17:31:12.373+0000] {processor.py:927} WARNING - No viable dags retrieved from /home/ubuntu/airflow-venv/lib/python3.12/site-packages/airflow/example_dags/subdags/subdag.py
[2026-02-25T17:31:12.380+0000] {processor.py:208} INFO - Processing /home/ubuntu/airflow-venv/lib/python3.12/site-packages/airflow/example_dags/subdags/subdag.py took 0.014 seconds
[2026-02-25T17:32:05.926+0000] {processor.py:186} INFO - Started process (PID=3082) to work on /home/ubuntu/airflow-venv/lib/python3.12/site-packages/airflow/example_dags/subdags/subdag.py
[2026-02-25T17:32:05.928+0000] {processor.py:914} INFO - Processing file /home/ubuntu/airflow-venv/lib/python3.12/site-packages/airflow/example_dags/subdags/subdag.py for tasks to queue
[2026-02-25T17:32:05.929+0000] {logging_mixin.py:190} INFO - [2026-02-25T17:32:05.929+0000] {dagbag.py:588} INFO - Filling up the DagBag from /home/ubuntu/airflow-venv/lib/python3.12/site-packages/airflow/example_dags/subdags/subdag.py
[2026-02-25T17:32:05.930+0000] {processor.py:927} WARNING - No viable dags retrieved from /home/ubuntu/airflow-venv/lib/python3.12/site-packages/airflow/example_dags/subdags/subdag.py
[2026-02-25T17:32:05.937+0000] {processor.py:208} INFO - Processing /home/ubuntu/airflow-venv/lib/python3.12/site-packages/airflow/example_dags/subdags/subdag.py took 0.014 seconds
[2026-02-25T17:32:51.885+0000] {processor.py:186} INFO - Started process (PID=3132) to work on /home/ubuntu/airflow-venv/lib/python3.12/site-packages/airflow/example_dags/subdags/subdag.py
[2026-02-25T17:32:51.886+0000] {processor.py:914} INFO - Processing file /home/ubuntu/airflow-venv/lib/python3.12/site-packages/airflow/example_dags/subdags/subdag.py for tasks to queue
[2026-02-25T17:32:51.888+0000] {logging_mixin.py:190} INFO - [2026-02-25T17:32:51.887+0000] {dagbag.py:588} INFO - Filling up the DagBag from /home/ubuntu/airflow-venv/lib/python3.12/site-packages/airflow/example_dags/subdags/subdag.py
[2026-02-25T17:32:51.889+0000] {processor.py:927} WARNING - No viable dags retrieved from /home/ubuntu/airflow-venv/lib/python3.12/site-packages/airflow/example_dags/subdags/subdag.py
[2026-02-25T17:32:51.896+0000] {processor.py:208} INFO - Processing /home/ubuntu/airflow-venv/lib/python3.12/site-packages/airflow/example_dags/subdags/subdag.py took 0.014 seconds
[2026-02-25T17:33:43.568+0000] {processor.py:186} INFO - Started process (PID=3189) to work on /home/ubuntu/airflow-venv/lib/python3.12/site-packages/airflow/example_dags/subdags/subdag.py
[2026-02-25T17:33:43.569+0000] {processor.py:914} INFO - Processing file /home/ubuntu/airflow-venv/lib/python3.12/site-packages/airflow/example_dags/subdags/subdag.py for tasks to queue
[2026-02-25T17:33:43.570+0000] {logging_mixin.py:190} INFO - [2026-02-25T17:33:43.570+0000] {dagbag.py:588} INFO - Filling up the DagBag from /home/ubuntu/airflow-venv/lib/python3.12/site-packages/airflow/example_dags/subdags/subdag.py
[2026-02-25T17:33:43.572+0000] {processor.py:927} WARNING - No viable dags retrieved from /home/ubuntu/airflow-venv/lib/python3.12/site-packages/airflow/example_dags/subdags/subdag.py
[2026-02-25T17:33:43.579+0000] {processor.py:208} INFO - Processing /home/ubuntu/airflow-venv/lib/python3.12/site-packages/airflow/example_dags/subdags/subdag.py took 0.015 seconds
[2026-02-25T17:34:31.305+0000] {processor.py:186} INFO - Started process (PID=3242) to work on /home/ubuntu/airflow-venv/lib/python3.12/site-packages/airflow/example_dags/subdags/subdag.py
[2026-02-25T17:34:31.306+0000] {processor.py:914} INFO - Processing file /home/ubuntu/airflow-venv/lib/python3.12/site-packages/airflow/example_dags/subdags/subdag.py for tasks to queue
[2026-02-25T17:34:31.308+0000] {logging_mixin.py:190} INFO - [2026-02-25T17:34:31.307+0000] {dagbag.py:588} INFO - Filling up the DagBag from /home/ubuntu/airflow-venv/lib/python3.12/site-packages/airflow/example_dags/subdags/subdag.py
[2026-02-25T17:34:31.309+0000] {processor.py:927} WARNING - No viable dags retrieved from /home/ubuntu/airflow-venv/lib/python3.12/site-packages/airflow/example_dags/subdags/subdag.py
[2026-02-25T17:34:31.316+0000] {processor.py:208} INFO - Processing /home/ubuntu/airflow-venv/lib/python3.12/site-packages/airflow/example_dags/subdags/subdag.py took 0.014 seconds
