[2026-02-25T04:54:29.768+0000] {processor.py:186} INFO - Started process (PID=2576) to work on /home/ubuntu/airflow-venv/lib/python3.12/site-packages/airflow/example_dags/example_branch_python_dop_operator_3.py
[2026-02-25T04:54:29.769+0000] {processor.py:914} INFO - Processing file /home/ubuntu/airflow-venv/lib/python3.12/site-packages/airflow/example_dags/example_branch_python_dop_operator_3.py for tasks to queue
[2026-02-25T04:54:29.770+0000] {logging_mixin.py:190} INFO - [2026-02-25T04:54:29.770+0000] {dagbag.py:588} INFO - Filling up the DagBag from /home/ubuntu/airflow-venv/lib/python3.12/site-packages/airflow/example_dags/example_branch_python_dop_operator_3.py
[2026-02-25T04:54:29.777+0000] {processor.py:925} INFO - DAG(s) 'example_branch_dop_operator_v3' retrieved from /home/ubuntu/airflow-venv/lib/python3.12/site-packages/airflow/example_dags/example_branch_python_dop_operator_3.py
[2026-02-25T04:54:29.787+0000] {logging_mixin.py:190} INFO - [2026-02-25T04:54:29.786+0000] {dag.py:3239} INFO - Sync 1 DAGs
[2026-02-25T04:54:29.799+0000] {logging_mixin.py:190} INFO - [2026-02-25T04:54:29.799+0000] {dag.py:4180} INFO - Setting next_dagrun for example_branch_dop_operator_v3 to 2026-02-25 04:53:00+00:00, run_after=2026-02-25 04:54:00+00:00
[2026-02-25T04:54:29.816+0000] {processor.py:208} INFO - Processing /home/ubuntu/airflow-venv/lib/python3.12/site-packages/airflow/example_dags/example_branch_python_dop_operator_3.py took 0.051 seconds
[2026-02-25T04:55:23.422+0000] {processor.py:186} INFO - Started process (PID=2643) to work on /home/ubuntu/airflow-venv/lib/python3.12/site-packages/airflow/example_dags/example_branch_python_dop_operator_3.py
[2026-02-25T04:55:23.423+0000] {processor.py:914} INFO - Processing file /home/ubuntu/airflow-venv/lib/python3.12/site-packages/airflow/example_dags/example_branch_python_dop_operator_3.py for tasks to queue
[2026-02-25T04:55:23.425+0000] {logging_mixin.py:190} INFO - [2026-02-25T04:55:23.424+0000] {dagbag.py:588} INFO - Filling up the DagBag from /home/ubuntu/airflow-venv/lib/python3.12/site-packages/airflow/example_dags/example_branch_python_dop_operator_3.py
[2026-02-25T04:55:23.431+0000] {processor.py:925} INFO - DAG(s) 'example_branch_dop_operator_v3' retrieved from /home/ubuntu/airflow-venv/lib/python3.12/site-packages/airflow/example_dags/example_branch_python_dop_operator_3.py
[2026-02-25T04:55:23.440+0000] {logging_mixin.py:190} INFO - [2026-02-25T04:55:23.440+0000] {dag.py:3239} INFO - Sync 1 DAGs
[2026-02-25T04:55:23.454+0000] {logging_mixin.py:190} INFO - [2026-02-25T04:55:23.454+0000] {dag.py:4180} INFO - Setting next_dagrun for example_branch_dop_operator_v3 to 2026-02-25 04:54:00+00:00, run_after=2026-02-25 04:55:00+00:00
[2026-02-25T04:55:23.470+0000] {processor.py:208} INFO - Processing /home/ubuntu/airflow-venv/lib/python3.12/site-packages/airflow/example_dags/example_branch_python_dop_operator_3.py took 0.051 seconds
[2026-02-25T04:56:37.035+0000] {processor.py:186} INFO - Started process (PID=2727) to work on /home/ubuntu/airflow-venv/lib/python3.12/site-packages/airflow/example_dags/example_branch_python_dop_operator_3.py
[2026-02-25T04:56:37.036+0000] {processor.py:914} INFO - Processing file /home/ubuntu/airflow-venv/lib/python3.12/site-packages/airflow/example_dags/example_branch_python_dop_operator_3.py for tasks to queue
[2026-02-25T04:56:37.037+0000] {logging_mixin.py:190} INFO - [2026-02-25T04:56:37.037+0000] {dagbag.py:588} INFO - Filling up the DagBag from /home/ubuntu/airflow-venv/lib/python3.12/site-packages/airflow/example_dags/example_branch_python_dop_operator_3.py
[2026-02-25T04:56:37.044+0000] {processor.py:925} INFO - DAG(s) 'example_branch_dop_operator_v3' retrieved from /home/ubuntu/airflow-venv/lib/python3.12/site-packages/airflow/example_dags/example_branch_python_dop_operator_3.py
[2026-02-25T04:56:37.053+0000] {logging_mixin.py:190} INFO - [2026-02-25T04:56:37.053+0000] {dag.py:3239} INFO - Sync 1 DAGs
[2026-02-25T04:56:37.066+0000] {logging_mixin.py:190} INFO - [2026-02-25T04:56:37.066+0000] {dag.py:4180} INFO - Setting next_dagrun for example_branch_dop_operator_v3 to 2026-02-25 04:55:00+00:00, run_after=2026-02-25 04:56:00+00:00
[2026-02-25T04:56:37.082+0000] {processor.py:208} INFO - Processing /home/ubuntu/airflow-venv/lib/python3.12/site-packages/airflow/example_dags/example_branch_python_dop_operator_3.py took 0.051 seconds
[2026-02-25T04:57:51.307+0000] {processor.py:186} INFO - Started process (PID=3172) to work on /home/ubuntu/airflow-venv/lib/python3.12/site-packages/airflow/example_dags/example_branch_python_dop_operator_3.py
[2026-02-25T04:57:51.308+0000] {processor.py:914} INFO - Processing file /home/ubuntu/airflow-venv/lib/python3.12/site-packages/airflow/example_dags/example_branch_python_dop_operator_3.py for tasks to queue
[2026-02-25T04:57:51.310+0000] {logging_mixin.py:190} INFO - [2026-02-25T04:57:51.309+0000] {dagbag.py:588} INFO - Filling up the DagBag from /home/ubuntu/airflow-venv/lib/python3.12/site-packages/airflow/example_dags/example_branch_python_dop_operator_3.py
[2026-02-25T04:57:51.316+0000] {processor.py:925} INFO - DAG(s) 'example_branch_dop_operator_v3' retrieved from /home/ubuntu/airflow-venv/lib/python3.12/site-packages/airflow/example_dags/example_branch_python_dop_operator_3.py
[2026-02-25T04:57:51.326+0000] {logging_mixin.py:190} INFO - [2026-02-25T04:57:51.326+0000] {dag.py:3239} INFO - Sync 1 DAGs
[2026-02-25T04:57:51.339+0000] {logging_mixin.py:190} INFO - [2026-02-25T04:57:51.339+0000] {dag.py:4180} INFO - Setting next_dagrun for example_branch_dop_operator_v3 to 2026-02-25 04:56:00+00:00, run_after=2026-02-25 04:57:00+00:00
[2026-02-25T04:57:51.356+0000] {processor.py:208} INFO - Processing /home/ubuntu/airflow-venv/lib/python3.12/site-packages/airflow/example_dags/example_branch_python_dop_operator_3.py took 0.053 seconds
[2026-02-25T04:58:45.971+0000] {processor.py:186} INFO - Started process (PID=3232) to work on /home/ubuntu/airflow-venv/lib/python3.12/site-packages/airflow/example_dags/example_branch_python_dop_operator_3.py
[2026-02-25T04:58:45.973+0000] {processor.py:914} INFO - Processing file /home/ubuntu/airflow-venv/lib/python3.12/site-packages/airflow/example_dags/example_branch_python_dop_operator_3.py for tasks to queue
[2026-02-25T04:58:45.974+0000] {logging_mixin.py:190} INFO - [2026-02-25T04:58:45.974+0000] {dagbag.py:588} INFO - Filling up the DagBag from /home/ubuntu/airflow-venv/lib/python3.12/site-packages/airflow/example_dags/example_branch_python_dop_operator_3.py
[2026-02-25T04:58:45.980+0000] {processor.py:925} INFO - DAG(s) 'example_branch_dop_operator_v3' retrieved from /home/ubuntu/airflow-venv/lib/python3.12/site-packages/airflow/example_dags/example_branch_python_dop_operator_3.py
[2026-02-25T04:58:45.989+0000] {logging_mixin.py:190} INFO - [2026-02-25T04:58:45.989+0000] {dag.py:3239} INFO - Sync 1 DAGs
[2026-02-25T04:58:46.002+0000] {logging_mixin.py:190} INFO - [2026-02-25T04:58:46.002+0000] {dag.py:4180} INFO - Setting next_dagrun for example_branch_dop_operator_v3 to 2026-02-25 04:57:00+00:00, run_after=2026-02-25 04:58:00+00:00
[2026-02-25T04:58:46.019+0000] {processor.py:208} INFO - Processing /home/ubuntu/airflow-venv/lib/python3.12/site-packages/airflow/example_dags/example_branch_python_dop_operator_3.py took 0.051 seconds
[2026-02-25T05:00:04.325+0000] {processor.py:186} INFO - Started process (PID=3315) to work on /home/ubuntu/airflow-venv/lib/python3.12/site-packages/airflow/example_dags/example_branch_python_dop_operator_3.py
[2026-02-25T05:00:04.326+0000] {processor.py:914} INFO - Processing file /home/ubuntu/airflow-venv/lib/python3.12/site-packages/airflow/example_dags/example_branch_python_dop_operator_3.py for tasks to queue
[2026-02-25T05:00:04.327+0000] {logging_mixin.py:190} INFO - [2026-02-25T05:00:04.327+0000] {dagbag.py:588} INFO - Filling up the DagBag from /home/ubuntu/airflow-venv/lib/python3.12/site-packages/airflow/example_dags/example_branch_python_dop_operator_3.py
[2026-02-25T05:00:04.334+0000] {processor.py:925} INFO - DAG(s) 'example_branch_dop_operator_v3' retrieved from /home/ubuntu/airflow-venv/lib/python3.12/site-packages/airflow/example_dags/example_branch_python_dop_operator_3.py
[2026-02-25T05:00:04.413+0000] {logging_mixin.py:190} INFO - [2026-02-25T05:00:04.413+0000] {dag.py:3239} INFO - Sync 1 DAGs
[2026-02-25T05:00:04.424+0000] {logging_mixin.py:190} INFO - [2026-02-25T05:00:04.424+0000] {dag.py:4180} INFO - Setting next_dagrun for example_branch_dop_operator_v3 to 2026-02-25 04:59:00+00:00, run_after=2026-02-25 05:00:00+00:00
[2026-02-25T05:00:04.439+0000] {processor.py:208} INFO - Processing /home/ubuntu/airflow-venv/lib/python3.12/site-packages/airflow/example_dags/example_branch_python_dop_operator_3.py took 0.117 seconds
[2026-02-25T05:01:19.280+0000] {processor.py:186} INFO - Started process (PID=3396) to work on /home/ubuntu/airflow-venv/lib/python3.12/site-packages/airflow/example_dags/example_branch_python_dop_operator_3.py
[2026-02-25T05:01:19.281+0000] {processor.py:914} INFO - Processing file /home/ubuntu/airflow-venv/lib/python3.12/site-packages/airflow/example_dags/example_branch_python_dop_operator_3.py for tasks to queue
[2026-02-25T05:01:19.282+0000] {logging_mixin.py:190} INFO - [2026-02-25T05:01:19.282+0000] {dagbag.py:588} INFO - Filling up the DagBag from /home/ubuntu/airflow-venv/lib/python3.12/site-packages/airflow/example_dags/example_branch_python_dop_operator_3.py
[2026-02-25T05:01:19.289+0000] {processor.py:925} INFO - DAG(s) 'example_branch_dop_operator_v3' retrieved from /home/ubuntu/airflow-venv/lib/python3.12/site-packages/airflow/example_dags/example_branch_python_dop_operator_3.py
[2026-02-25T05:01:19.298+0000] {logging_mixin.py:190} INFO - [2026-02-25T05:01:19.298+0000] {dag.py:3239} INFO - Sync 1 DAGs
[2026-02-25T05:01:19.312+0000] {logging_mixin.py:190} INFO - [2026-02-25T05:01:19.312+0000] {dag.py:4180} INFO - Setting next_dagrun for example_branch_dop_operator_v3 to 2026-02-25 05:00:00+00:00, run_after=2026-02-25 05:01:00+00:00
[2026-02-25T05:01:19.330+0000] {processor.py:208} INFO - Processing /home/ubuntu/airflow-venv/lib/python3.12/site-packages/airflow/example_dags/example_branch_python_dop_operator_3.py took 0.054 seconds
[2026-02-25T05:02:33.279+0000] {processor.py:186} INFO - Started process (PID=3476) to work on /home/ubuntu/airflow-venv/lib/python3.12/site-packages/airflow/example_dags/example_branch_python_dop_operator_3.py
[2026-02-25T05:02:33.281+0000] {processor.py:914} INFO - Processing file /home/ubuntu/airflow-venv/lib/python3.12/site-packages/airflow/example_dags/example_branch_python_dop_operator_3.py for tasks to queue
[2026-02-25T05:02:33.282+0000] {logging_mixin.py:190} INFO - [2026-02-25T05:02:33.282+0000] {dagbag.py:588} INFO - Filling up the DagBag from /home/ubuntu/airflow-venv/lib/python3.12/site-packages/airflow/example_dags/example_branch_python_dop_operator_3.py
[2026-02-25T05:02:33.288+0000] {processor.py:925} INFO - DAG(s) 'example_branch_dop_operator_v3' retrieved from /home/ubuntu/airflow-venv/lib/python3.12/site-packages/airflow/example_dags/example_branch_python_dop_operator_3.py
[2026-02-25T05:02:33.298+0000] {logging_mixin.py:190} INFO - [2026-02-25T05:02:33.297+0000] {dag.py:3239} INFO - Sync 1 DAGs
[2026-02-25T05:02:33.312+0000] {logging_mixin.py:190} INFO - [2026-02-25T05:02:33.312+0000] {dag.py:4180} INFO - Setting next_dagrun for example_branch_dop_operator_v3 to 2026-02-25 05:01:00+00:00, run_after=2026-02-25 05:02:00+00:00
[2026-02-25T05:02:33.328+0000] {processor.py:208} INFO - Processing /home/ubuntu/airflow-venv/lib/python3.12/site-packages/airflow/example_dags/example_branch_python_dop_operator_3.py took 0.052 seconds
[2026-02-25T05:03:47.804+0000] {processor.py:186} INFO - Started process (PID=3556) to work on /home/ubuntu/airflow-venv/lib/python3.12/site-packages/airflow/example_dags/example_branch_python_dop_operator_3.py
[2026-02-25T05:03:47.805+0000] {processor.py:914} INFO - Processing file /home/ubuntu/airflow-venv/lib/python3.12/site-packages/airflow/example_dags/example_branch_python_dop_operator_3.py for tasks to queue
[2026-02-25T05:03:47.806+0000] {logging_mixin.py:190} INFO - [2026-02-25T05:03:47.806+0000] {dagbag.py:588} INFO - Filling up the DagBag from /home/ubuntu/airflow-venv/lib/python3.12/site-packages/airflow/example_dags/example_branch_python_dop_operator_3.py
[2026-02-25T05:03:47.813+0000] {processor.py:925} INFO - DAG(s) 'example_branch_dop_operator_v3' retrieved from /home/ubuntu/airflow-venv/lib/python3.12/site-packages/airflow/example_dags/example_branch_python_dop_operator_3.py
[2026-02-25T05:03:47.823+0000] {logging_mixin.py:190} INFO - [2026-02-25T05:03:47.822+0000] {dag.py:3239} INFO - Sync 1 DAGs
[2026-02-25T05:03:47.836+0000] {logging_mixin.py:190} INFO - [2026-02-25T05:03:47.836+0000] {dag.py:4180} INFO - Setting next_dagrun for example_branch_dop_operator_v3 to 2026-02-25 05:02:00+00:00, run_after=2026-02-25 05:03:00+00:00
[2026-02-25T05:03:47.853+0000] {processor.py:208} INFO - Processing /home/ubuntu/airflow-venv/lib/python3.12/site-packages/airflow/example_dags/example_branch_python_dop_operator_3.py took 0.053 seconds
[2026-02-25T05:05:01.052+0000] {processor.py:186} INFO - Started process (PID=3634) to work on /home/ubuntu/airflow-venv/lib/python3.12/site-packages/airflow/example_dags/example_branch_python_dop_operator_3.py
[2026-02-25T05:05:01.053+0000] {processor.py:914} INFO - Processing file /home/ubuntu/airflow-venv/lib/python3.12/site-packages/airflow/example_dags/example_branch_python_dop_operator_3.py for tasks to queue
[2026-02-25T05:05:01.055+0000] {logging_mixin.py:190} INFO - [2026-02-25T05:05:01.054+0000] {dagbag.py:588} INFO - Filling up the DagBag from /home/ubuntu/airflow-venv/lib/python3.12/site-packages/airflow/example_dags/example_branch_python_dop_operator_3.py
[2026-02-25T05:05:01.061+0000] {processor.py:925} INFO - DAG(s) 'example_branch_dop_operator_v3' retrieved from /home/ubuntu/airflow-venv/lib/python3.12/site-packages/airflow/example_dags/example_branch_python_dop_operator_3.py
[2026-02-25T05:05:01.070+0000] {logging_mixin.py:190} INFO - [2026-02-25T05:05:01.070+0000] {dag.py:3239} INFO - Sync 1 DAGs
[2026-02-25T05:05:01.084+0000] {logging_mixin.py:190} INFO - [2026-02-25T05:05:01.084+0000] {dag.py:4180} INFO - Setting next_dagrun for example_branch_dop_operator_v3 to 2026-02-25 05:04:00+00:00, run_after=2026-02-25 05:05:00+00:00
[2026-02-25T05:05:01.100+0000] {processor.py:208} INFO - Processing /home/ubuntu/airflow-venv/lib/python3.12/site-packages/airflow/example_dags/example_branch_python_dop_operator_3.py took 0.052 seconds
[2026-02-25T05:06:15.204+0000] {processor.py:186} INFO - Started process (PID=3713) to work on /home/ubuntu/airflow-venv/lib/python3.12/site-packages/airflow/example_dags/example_branch_python_dop_operator_3.py
[2026-02-25T05:06:15.205+0000] {processor.py:914} INFO - Processing file /home/ubuntu/airflow-venv/lib/python3.12/site-packages/airflow/example_dags/example_branch_python_dop_operator_3.py for tasks to queue
[2026-02-25T05:06:15.207+0000] {logging_mixin.py:190} INFO - [2026-02-25T05:06:15.207+0000] {dagbag.py:588} INFO - Filling up the DagBag from /home/ubuntu/airflow-venv/lib/python3.12/site-packages/airflow/example_dags/example_branch_python_dop_operator_3.py
[2026-02-25T05:06:15.213+0000] {processor.py:925} INFO - DAG(s) 'example_branch_dop_operator_v3' retrieved from /home/ubuntu/airflow-venv/lib/python3.12/site-packages/airflow/example_dags/example_branch_python_dop_operator_3.py
[2026-02-25T05:06:15.223+0000] {logging_mixin.py:190} INFO - [2026-02-25T05:06:15.223+0000] {dag.py:3239} INFO - Sync 1 DAGs
[2026-02-25T05:06:15.236+0000] {logging_mixin.py:190} INFO - [2026-02-25T05:06:15.236+0000] {dag.py:4180} INFO - Setting next_dagrun for example_branch_dop_operator_v3 to 2026-02-25 05:05:00+00:00, run_after=2026-02-25 05:06:00+00:00
[2026-02-25T05:06:15.253+0000] {processor.py:208} INFO - Processing /home/ubuntu/airflow-venv/lib/python3.12/site-packages/airflow/example_dags/example_branch_python_dop_operator_3.py took 0.053 seconds
[2026-02-25T05:07:29.413+0000] {processor.py:186} INFO - Started process (PID=3795) to work on /home/ubuntu/airflow-venv/lib/python3.12/site-packages/airflow/example_dags/example_branch_python_dop_operator_3.py
[2026-02-25T05:07:29.414+0000] {processor.py:914} INFO - Processing file /home/ubuntu/airflow-venv/lib/python3.12/site-packages/airflow/example_dags/example_branch_python_dop_operator_3.py for tasks to queue
[2026-02-25T05:07:29.416+0000] {logging_mixin.py:190} INFO - [2026-02-25T05:07:29.416+0000] {dagbag.py:588} INFO - Filling up the DagBag from /home/ubuntu/airflow-venv/lib/python3.12/site-packages/airflow/example_dags/example_branch_python_dop_operator_3.py
[2026-02-25T05:07:29.422+0000] {processor.py:925} INFO - DAG(s) 'example_branch_dop_operator_v3' retrieved from /home/ubuntu/airflow-venv/lib/python3.12/site-packages/airflow/example_dags/example_branch_python_dop_operator_3.py
[2026-02-25T05:07:29.432+0000] {logging_mixin.py:190} INFO - [2026-02-25T05:07:29.432+0000] {dag.py:3239} INFO - Sync 1 DAGs
[2026-02-25T05:07:29.445+0000] {logging_mixin.py:190} INFO - [2026-02-25T05:07:29.445+0000] {dag.py:4180} INFO - Setting next_dagrun for example_branch_dop_operator_v3 to 2026-02-25 05:06:00+00:00, run_after=2026-02-25 05:07:00+00:00
[2026-02-25T05:07:29.462+0000] {processor.py:208} INFO - Processing /home/ubuntu/airflow-venv/lib/python3.12/site-packages/airflow/example_dags/example_branch_python_dop_operator_3.py took 0.052 seconds
[2026-02-25T05:08:41.855+0000] {processor.py:186} INFO - Started process (PID=3872) to work on /home/ubuntu/airflow-venv/lib/python3.12/site-packages/airflow/example_dags/example_branch_python_dop_operator_3.py
[2026-02-25T05:08:41.856+0000] {processor.py:914} INFO - Processing file /home/ubuntu/airflow-venv/lib/python3.12/site-packages/airflow/example_dags/example_branch_python_dop_operator_3.py for tasks to queue
[2026-02-25T05:08:41.857+0000] {logging_mixin.py:190} INFO - [2026-02-25T05:08:41.857+0000] {dagbag.py:588} INFO - Filling up the DagBag from /home/ubuntu/airflow-venv/lib/python3.12/site-packages/airflow/example_dags/example_branch_python_dop_operator_3.py
[2026-02-25T05:08:41.866+0000] {processor.py:925} INFO - DAG(s) 'example_branch_dop_operator_v3' retrieved from /home/ubuntu/airflow-venv/lib/python3.12/site-packages/airflow/example_dags/example_branch_python_dop_operator_3.py
[2026-02-25T05:08:41.875+0000] {logging_mixin.py:190} INFO - [2026-02-25T05:08:41.875+0000] {dag.py:3239} INFO - Sync 1 DAGs
[2026-02-25T05:08:41.889+0000] {logging_mixin.py:190} INFO - [2026-02-25T05:08:41.888+0000] {dag.py:4180} INFO - Setting next_dagrun for example_branch_dop_operator_v3 to 2026-02-25 05:07:00+00:00, run_after=2026-02-25 05:08:00+00:00
[2026-02-25T05:08:41.905+0000] {processor.py:208} INFO - Processing /home/ubuntu/airflow-venv/lib/python3.12/site-packages/airflow/example_dags/example_branch_python_dop_operator_3.py took 0.054 seconds
[2026-02-25T05:09:53.608+0000] {processor.py:186} INFO - Started process (PID=3949) to work on /home/ubuntu/airflow-venv/lib/python3.12/site-packages/airflow/example_dags/example_branch_python_dop_operator_3.py
[2026-02-25T05:09:53.609+0000] {processor.py:914} INFO - Processing file /home/ubuntu/airflow-venv/lib/python3.12/site-packages/airflow/example_dags/example_branch_python_dop_operator_3.py for tasks to queue
[2026-02-25T05:09:53.610+0000] {logging_mixin.py:190} INFO - [2026-02-25T05:09:53.610+0000] {dagbag.py:588} INFO - Filling up the DagBag from /home/ubuntu/airflow-venv/lib/python3.12/site-packages/airflow/example_dags/example_branch_python_dop_operator_3.py
[2026-02-25T05:09:53.617+0000] {processor.py:925} INFO - DAG(s) 'example_branch_dop_operator_v3' retrieved from /home/ubuntu/airflow-venv/lib/python3.12/site-packages/airflow/example_dags/example_branch_python_dop_operator_3.py
[2026-02-25T05:09:53.626+0000] {logging_mixin.py:190} INFO - [2026-02-25T05:09:53.626+0000] {dag.py:3239} INFO - Sync 1 DAGs
[2026-02-25T05:09:53.639+0000] {logging_mixin.py:190} INFO - [2026-02-25T05:09:53.639+0000] {dag.py:4180} INFO - Setting next_dagrun for example_branch_dop_operator_v3 to 2026-02-25 05:08:00+00:00, run_after=2026-02-25 05:09:00+00:00
[2026-02-25T05:09:53.655+0000] {processor.py:208} INFO - Processing /home/ubuntu/airflow-venv/lib/python3.12/site-packages/airflow/example_dags/example_branch_python_dop_operator_3.py took 0.051 seconds
[2026-02-25T05:11:10.614+0000] {processor.py:186} INFO - Started process (PID=4032) to work on /home/ubuntu/airflow-venv/lib/python3.12/site-packages/airflow/example_dags/example_branch_python_dop_operator_3.py
[2026-02-25T05:11:10.615+0000] {processor.py:914} INFO - Processing file /home/ubuntu/airflow-venv/lib/python3.12/site-packages/airflow/example_dags/example_branch_python_dop_operator_3.py for tasks to queue
[2026-02-25T05:11:10.616+0000] {logging_mixin.py:190} INFO - [2026-02-25T05:11:10.616+0000] {dagbag.py:588} INFO - Filling up the DagBag from /home/ubuntu/airflow-venv/lib/python3.12/site-packages/airflow/example_dags/example_branch_python_dop_operator_3.py
[2026-02-25T05:11:10.623+0000] {processor.py:925} INFO - DAG(s) 'example_branch_dop_operator_v3' retrieved from /home/ubuntu/airflow-venv/lib/python3.12/site-packages/airflow/example_dags/example_branch_python_dop_operator_3.py
[2026-02-25T05:11:10.633+0000] {logging_mixin.py:190} INFO - [2026-02-25T05:11:10.632+0000] {dag.py:3239} INFO - Sync 1 DAGs
[2026-02-25T05:11:10.646+0000] {logging_mixin.py:190} INFO - [2026-02-25T05:11:10.646+0000] {dag.py:4180} INFO - Setting next_dagrun for example_branch_dop_operator_v3 to 2026-02-25 05:10:00+00:00, run_after=2026-02-25 05:11:00+00:00
[2026-02-25T05:11:10.662+0000] {processor.py:208} INFO - Processing /home/ubuntu/airflow-venv/lib/python3.12/site-packages/airflow/example_dags/example_branch_python_dop_operator_3.py took 0.052 seconds
[2026-02-25T05:12:25.828+0000] {processor.py:186} INFO - Started process (PID=4111) to work on /home/ubuntu/airflow-venv/lib/python3.12/site-packages/airflow/example_dags/example_branch_python_dop_operator_3.py
[2026-02-25T05:12:25.829+0000] {processor.py:914} INFO - Processing file /home/ubuntu/airflow-venv/lib/python3.12/site-packages/airflow/example_dags/example_branch_python_dop_operator_3.py for tasks to queue
[2026-02-25T05:12:25.830+0000] {logging_mixin.py:190} INFO - [2026-02-25T05:12:25.830+0000] {dagbag.py:588} INFO - Filling up the DagBag from /home/ubuntu/airflow-venv/lib/python3.12/site-packages/airflow/example_dags/example_branch_python_dop_operator_3.py
[2026-02-25T05:12:25.837+0000] {processor.py:925} INFO - DAG(s) 'example_branch_dop_operator_v3' retrieved from /home/ubuntu/airflow-venv/lib/python3.12/site-packages/airflow/example_dags/example_branch_python_dop_operator_3.py
[2026-02-25T05:12:25.846+0000] {logging_mixin.py:190} INFO - [2026-02-25T05:12:25.846+0000] {dag.py:3239} INFO - Sync 1 DAGs
[2026-02-25T05:12:25.860+0000] {logging_mixin.py:190} INFO - [2026-02-25T05:12:25.860+0000] {dag.py:4180} INFO - Setting next_dagrun for example_branch_dop_operator_v3 to 2026-02-25 05:11:00+00:00, run_after=2026-02-25 05:12:00+00:00
[2026-02-25T05:12:25.877+0000] {processor.py:208} INFO - Processing /home/ubuntu/airflow-venv/lib/python3.12/site-packages/airflow/example_dags/example_branch_python_dop_operator_3.py took 0.053 seconds
[2026-02-25T05:13:40.607+0000] {processor.py:186} INFO - Started process (PID=4189) to work on /home/ubuntu/airflow-venv/lib/python3.12/site-packages/airflow/example_dags/example_branch_python_dop_operator_3.py
[2026-02-25T05:13:40.608+0000] {processor.py:914} INFO - Processing file /home/ubuntu/airflow-venv/lib/python3.12/site-packages/airflow/example_dags/example_branch_python_dop_operator_3.py for tasks to queue
[2026-02-25T05:13:40.610+0000] {logging_mixin.py:190} INFO - [2026-02-25T05:13:40.609+0000] {dagbag.py:588} INFO - Filling up the DagBag from /home/ubuntu/airflow-venv/lib/python3.12/site-packages/airflow/example_dags/example_branch_python_dop_operator_3.py
[2026-02-25T05:13:40.617+0000] {processor.py:925} INFO - DAG(s) 'example_branch_dop_operator_v3' retrieved from /home/ubuntu/airflow-venv/lib/python3.12/site-packages/airflow/example_dags/example_branch_python_dop_operator_3.py
[2026-02-25T05:13:40.627+0000] {logging_mixin.py:190} INFO - [2026-02-25T05:13:40.627+0000] {dag.py:3239} INFO - Sync 1 DAGs
[2026-02-25T05:13:40.641+0000] {logging_mixin.py:190} INFO - [2026-02-25T05:13:40.641+0000] {dag.py:4180} INFO - Setting next_dagrun for example_branch_dop_operator_v3 to 2026-02-25 05:12:00+00:00, run_after=2026-02-25 05:13:00+00:00
[2026-02-25T05:13:40.659+0000] {processor.py:208} INFO - Processing /home/ubuntu/airflow-venv/lib/python3.12/site-packages/airflow/example_dags/example_branch_python_dop_operator_3.py took 0.056 seconds
[2026-02-25T05:14:53.042+0000] {processor.py:186} INFO - Started process (PID=4266) to work on /home/ubuntu/airflow-venv/lib/python3.12/site-packages/airflow/example_dags/example_branch_python_dop_operator_3.py
[2026-02-25T05:14:53.043+0000] {processor.py:914} INFO - Processing file /home/ubuntu/airflow-venv/lib/python3.12/site-packages/airflow/example_dags/example_branch_python_dop_operator_3.py for tasks to queue
[2026-02-25T05:14:53.044+0000] {logging_mixin.py:190} INFO - [2026-02-25T05:14:53.044+0000] {dagbag.py:588} INFO - Filling up the DagBag from /home/ubuntu/airflow-venv/lib/python3.12/site-packages/airflow/example_dags/example_branch_python_dop_operator_3.py
[2026-02-25T05:14:53.051+0000] {processor.py:925} INFO - DAG(s) 'example_branch_dop_operator_v3' retrieved from /home/ubuntu/airflow-venv/lib/python3.12/site-packages/airflow/example_dags/example_branch_python_dop_operator_3.py
[2026-02-25T05:14:53.061+0000] {logging_mixin.py:190} INFO - [2026-02-25T05:14:53.060+0000] {dag.py:3239} INFO - Sync 1 DAGs
[2026-02-25T05:14:53.074+0000] {logging_mixin.py:190} INFO - [2026-02-25T05:14:53.074+0000] {dag.py:4180} INFO - Setting next_dagrun for example_branch_dop_operator_v3 to 2026-02-25 05:13:00+00:00, run_after=2026-02-25 05:14:00+00:00
[2026-02-25T05:14:53.091+0000] {processor.py:208} INFO - Processing /home/ubuntu/airflow-venv/lib/python3.12/site-packages/airflow/example_dags/example_branch_python_dop_operator_3.py took 0.053 seconds
[2026-02-25T05:15:47.499+0000] {processor.py:186} INFO - Started process (PID=4326) to work on /home/ubuntu/airflow-venv/lib/python3.12/site-packages/airflow/example_dags/example_branch_python_dop_operator_3.py
[2026-02-25T05:15:47.500+0000] {processor.py:914} INFO - Processing file /home/ubuntu/airflow-venv/lib/python3.12/site-packages/airflow/example_dags/example_branch_python_dop_operator_3.py for tasks to queue
[2026-02-25T05:15:47.501+0000] {logging_mixin.py:190} INFO - [2026-02-25T05:15:47.501+0000] {dagbag.py:588} INFO - Filling up the DagBag from /home/ubuntu/airflow-venv/lib/python3.12/site-packages/airflow/example_dags/example_branch_python_dop_operator_3.py
[2026-02-25T05:15:47.507+0000] {processor.py:925} INFO - DAG(s) 'example_branch_dop_operator_v3' retrieved from /home/ubuntu/airflow-venv/lib/python3.12/site-packages/airflow/example_dags/example_branch_python_dop_operator_3.py
[2026-02-25T05:15:47.517+0000] {logging_mixin.py:190} INFO - [2026-02-25T05:15:47.517+0000] {dag.py:3239} INFO - Sync 1 DAGs
[2026-02-25T05:15:47.530+0000] {logging_mixin.py:190} INFO - [2026-02-25T05:15:47.530+0000] {dag.py:4180} INFO - Setting next_dagrun for example_branch_dop_operator_v3 to 2026-02-25 05:14:00+00:00, run_after=2026-02-25 05:15:00+00:00
[2026-02-25T05:15:47.547+0000] {processor.py:208} INFO - Processing /home/ubuntu/airflow-venv/lib/python3.12/site-packages/airflow/example_dags/example_branch_python_dop_operator_3.py took 0.052 seconds
[2026-02-25T05:17:03.372+0000] {processor.py:186} INFO - Started process (PID=4408) to work on /home/ubuntu/airflow-venv/lib/python3.12/site-packages/airflow/example_dags/example_branch_python_dop_operator_3.py
[2026-02-25T05:17:03.373+0000] {processor.py:914} INFO - Processing file /home/ubuntu/airflow-venv/lib/python3.12/site-packages/airflow/example_dags/example_branch_python_dop_operator_3.py for tasks to queue
[2026-02-25T05:17:03.375+0000] {logging_mixin.py:190} INFO - [2026-02-25T05:17:03.374+0000] {dagbag.py:588} INFO - Filling up the DagBag from /home/ubuntu/airflow-venv/lib/python3.12/site-packages/airflow/example_dags/example_branch_python_dop_operator_3.py
[2026-02-25T05:17:03.381+0000] {processor.py:925} INFO - DAG(s) 'example_branch_dop_operator_v3' retrieved from /home/ubuntu/airflow-venv/lib/python3.12/site-packages/airflow/example_dags/example_branch_python_dop_operator_3.py
[2026-02-25T05:17:03.390+0000] {logging_mixin.py:190} INFO - [2026-02-25T05:17:03.390+0000] {dag.py:3239} INFO - Sync 1 DAGs
[2026-02-25T05:17:03.404+0000] {logging_mixin.py:190} INFO - [2026-02-25T05:17:03.404+0000] {dag.py:4180} INFO - Setting next_dagrun for example_branch_dop_operator_v3 to 2026-02-25 05:16:00+00:00, run_after=2026-02-25 05:17:00+00:00
[2026-02-25T05:17:03.420+0000] {processor.py:208} INFO - Processing /home/ubuntu/airflow-venv/lib/python3.12/site-packages/airflow/example_dags/example_branch_python_dop_operator_3.py took 0.052 seconds
[2026-02-25T05:18:14.999+0000] {processor.py:186} INFO - Started process (PID=4486) to work on /home/ubuntu/airflow-venv/lib/python3.12/site-packages/airflow/example_dags/example_branch_python_dop_operator_3.py
[2026-02-25T05:18:15.001+0000] {processor.py:914} INFO - Processing file /home/ubuntu/airflow-venv/lib/python3.12/site-packages/airflow/example_dags/example_branch_python_dop_operator_3.py for tasks to queue
[2026-02-25T05:18:15.002+0000] {logging_mixin.py:190} INFO - [2026-02-25T05:18:15.002+0000] {dagbag.py:588} INFO - Filling up the DagBag from /home/ubuntu/airflow-venv/lib/python3.12/site-packages/airflow/example_dags/example_branch_python_dop_operator_3.py
[2026-02-25T05:18:15.008+0000] {processor.py:925} INFO - DAG(s) 'example_branch_dop_operator_v3' retrieved from /home/ubuntu/airflow-venv/lib/python3.12/site-packages/airflow/example_dags/example_branch_python_dop_operator_3.py
[2026-02-25T05:18:15.018+0000] {logging_mixin.py:190} INFO - [2026-02-25T05:18:15.018+0000] {dag.py:3239} INFO - Sync 1 DAGs
[2026-02-25T05:18:15.032+0000] {logging_mixin.py:190} INFO - [2026-02-25T05:18:15.032+0000] {dag.py:4180} INFO - Setting next_dagrun for example_branch_dop_operator_v3 to 2026-02-25 05:17:00+00:00, run_after=2026-02-25 05:18:00+00:00
[2026-02-25T05:18:15.048+0000] {processor.py:208} INFO - Processing /home/ubuntu/airflow-venv/lib/python3.12/site-packages/airflow/example_dags/example_branch_python_dop_operator_3.py took 0.052 seconds
[2026-02-25T05:19:29.709+0000] {processor.py:186} INFO - Started process (PID=4565) to work on /home/ubuntu/airflow-venv/lib/python3.12/site-packages/airflow/example_dags/example_branch_python_dop_operator_3.py
[2026-02-25T05:19:29.711+0000] {processor.py:914} INFO - Processing file /home/ubuntu/airflow-venv/lib/python3.12/site-packages/airflow/example_dags/example_branch_python_dop_operator_3.py for tasks to queue
[2026-02-25T05:19:29.713+0000] {logging_mixin.py:190} INFO - [2026-02-25T05:19:29.712+0000] {dagbag.py:588} INFO - Filling up the DagBag from /home/ubuntu/airflow-venv/lib/python3.12/site-packages/airflow/example_dags/example_branch_python_dop_operator_3.py
[2026-02-25T05:19:29.720+0000] {processor.py:925} INFO - DAG(s) 'example_branch_dop_operator_v3' retrieved from /home/ubuntu/airflow-venv/lib/python3.12/site-packages/airflow/example_dags/example_branch_python_dop_operator_3.py
[2026-02-25T05:19:29.729+0000] {logging_mixin.py:190} INFO - [2026-02-25T05:19:29.729+0000] {dag.py:3239} INFO - Sync 1 DAGs
[2026-02-25T05:19:29.744+0000] {logging_mixin.py:190} INFO - [2026-02-25T05:19:29.744+0000] {dag.py:4180} INFO - Setting next_dagrun for example_branch_dop_operator_v3 to 2026-02-25 05:18:00+00:00, run_after=2026-02-25 05:19:00+00:00
[2026-02-25T05:19:29.761+0000] {processor.py:208} INFO - Processing /home/ubuntu/airflow-venv/lib/python3.12/site-packages/airflow/example_dags/example_branch_python_dop_operator_3.py took 0.055 seconds
[2026-02-25T08:23:08.063+0000] {processor.py:186} INFO - Started process (PID=2669) to work on /home/ubuntu/airflow-venv/lib/python3.12/site-packages/airflow/example_dags/example_branch_python_dop_operator_3.py
[2026-02-25T08:23:08.065+0000] {processor.py:914} INFO - Processing file /home/ubuntu/airflow-venv/lib/python3.12/site-packages/airflow/example_dags/example_branch_python_dop_operator_3.py for tasks to queue
[2026-02-25T08:23:08.066+0000] {logging_mixin.py:190} INFO - [2026-02-25T08:23:08.066+0000] {dagbag.py:588} INFO - Filling up the DagBag from /home/ubuntu/airflow-venv/lib/python3.12/site-packages/airflow/example_dags/example_branch_python_dop_operator_3.py
[2026-02-25T08:23:08.073+0000] {processor.py:925} INFO - DAG(s) 'example_branch_dop_operator_v3' retrieved from /home/ubuntu/airflow-venv/lib/python3.12/site-packages/airflow/example_dags/example_branch_python_dop_operator_3.py
[2026-02-25T08:23:08.082+0000] {logging_mixin.py:190} INFO - [2026-02-25T08:23:08.082+0000] {dag.py:3239} INFO - Sync 1 DAGs
[2026-02-25T08:23:08.095+0000] {logging_mixin.py:190} INFO - [2026-02-25T08:23:08.095+0000] {dag.py:4180} INFO - Setting next_dagrun for example_branch_dop_operator_v3 to 2026-02-25 08:22:00+00:00, run_after=2026-02-25 08:23:00+00:00
[2026-02-25T08:23:08.108+0000] {processor.py:208} INFO - Processing /home/ubuntu/airflow-venv/lib/python3.12/site-packages/airflow/example_dags/example_branch_python_dop_operator_3.py took 0.048 seconds
[2026-02-25T08:24:02.780+0000] {processor.py:186} INFO - Started process (PID=2734) to work on /home/ubuntu/airflow-venv/lib/python3.12/site-packages/airflow/example_dags/example_branch_python_dop_operator_3.py
[2026-02-25T08:24:02.781+0000] {processor.py:914} INFO - Processing file /home/ubuntu/airflow-venv/lib/python3.12/site-packages/airflow/example_dags/example_branch_python_dop_operator_3.py for tasks to queue
[2026-02-25T08:24:02.783+0000] {logging_mixin.py:190} INFO - [2026-02-25T08:24:02.783+0000] {dagbag.py:588} INFO - Filling up the DagBag from /home/ubuntu/airflow-venv/lib/python3.12/site-packages/airflow/example_dags/example_branch_python_dop_operator_3.py
[2026-02-25T08:24:02.790+0000] {processor.py:925} INFO - DAG(s) 'example_branch_dop_operator_v3' retrieved from /home/ubuntu/airflow-venv/lib/python3.12/site-packages/airflow/example_dags/example_branch_python_dop_operator_3.py
[2026-02-25T08:24:02.799+0000] {logging_mixin.py:190} INFO - [2026-02-25T08:24:02.798+0000] {dag.py:3239} INFO - Sync 1 DAGs
[2026-02-25T08:24:02.811+0000] {logging_mixin.py:190} INFO - [2026-02-25T08:24:02.811+0000] {dag.py:4180} INFO - Setting next_dagrun for example_branch_dop_operator_v3 to 2026-02-25 08:23:00+00:00, run_after=2026-02-25 08:24:00+00:00
[2026-02-25T08:24:02.823+0000] {processor.py:208} INFO - Processing /home/ubuntu/airflow-venv/lib/python3.12/site-packages/airflow/example_dags/example_branch_python_dop_operator_3.py took 0.048 seconds
[2026-02-25T08:25:13.558+0000] {processor.py:186} INFO - Started process (PID=2813) to work on /home/ubuntu/airflow-venv/lib/python3.12/site-packages/airflow/example_dags/example_branch_python_dop_operator_3.py
[2026-02-25T08:25:13.559+0000] {processor.py:914} INFO - Processing file /home/ubuntu/airflow-venv/lib/python3.12/site-packages/airflow/example_dags/example_branch_python_dop_operator_3.py for tasks to queue
[2026-02-25T08:25:13.560+0000] {logging_mixin.py:190} INFO - [2026-02-25T08:25:13.560+0000] {dagbag.py:588} INFO - Filling up the DagBag from /home/ubuntu/airflow-venv/lib/python3.12/site-packages/airflow/example_dags/example_branch_python_dop_operator_3.py
[2026-02-25T08:25:13.566+0000] {processor.py:925} INFO - DAG(s) 'example_branch_dop_operator_v3' retrieved from /home/ubuntu/airflow-venv/lib/python3.12/site-packages/airflow/example_dags/example_branch_python_dop_operator_3.py
[2026-02-25T08:25:13.575+0000] {logging_mixin.py:190} INFO - [2026-02-25T08:25:13.575+0000] {dag.py:3239} INFO - Sync 1 DAGs
[2026-02-25T08:25:13.588+0000] {logging_mixin.py:190} INFO - [2026-02-25T08:25:13.588+0000] {dag.py:4180} INFO - Setting next_dagrun for example_branch_dop_operator_v3 to 2026-02-25 08:24:00+00:00, run_after=2026-02-25 08:25:00+00:00
[2026-02-25T08:25:13.604+0000] {processor.py:208} INFO - Processing /home/ubuntu/airflow-venv/lib/python3.12/site-packages/airflow/example_dags/example_branch_python_dop_operator_3.py took 0.050 seconds
[2026-02-25T08:26:28.370+0000] {processor.py:186} INFO - Started process (PID=2892) to work on /home/ubuntu/airflow-venv/lib/python3.12/site-packages/airflow/example_dags/example_branch_python_dop_operator_3.py
[2026-02-25T08:26:28.371+0000] {processor.py:914} INFO - Processing file /home/ubuntu/airflow-venv/lib/python3.12/site-packages/airflow/example_dags/example_branch_python_dop_operator_3.py for tasks to queue
[2026-02-25T08:26:28.372+0000] {logging_mixin.py:190} INFO - [2026-02-25T08:26:28.372+0000] {dagbag.py:588} INFO - Filling up the DagBag from /home/ubuntu/airflow-venv/lib/python3.12/site-packages/airflow/example_dags/example_branch_python_dop_operator_3.py
[2026-02-25T08:26:28.379+0000] {processor.py:925} INFO - DAG(s) 'example_branch_dop_operator_v3' retrieved from /home/ubuntu/airflow-venv/lib/python3.12/site-packages/airflow/example_dags/example_branch_python_dop_operator_3.py
[2026-02-25T08:26:28.388+0000] {logging_mixin.py:190} INFO - [2026-02-25T08:26:28.388+0000] {dag.py:3239} INFO - Sync 1 DAGs
[2026-02-25T08:26:28.401+0000] {logging_mixin.py:190} INFO - [2026-02-25T08:26:28.401+0000] {dag.py:4180} INFO - Setting next_dagrun for example_branch_dop_operator_v3 to 2026-02-25 08:25:00+00:00, run_after=2026-02-25 08:26:00+00:00
[2026-02-25T08:26:28.417+0000] {processor.py:208} INFO - Processing /home/ubuntu/airflow-venv/lib/python3.12/site-packages/airflow/example_dags/example_branch_python_dop_operator_3.py took 0.051 seconds
[2026-02-25T08:27:43.710+0000] {processor.py:186} INFO - Started process (PID=2971) to work on /home/ubuntu/airflow-venv/lib/python3.12/site-packages/airflow/example_dags/example_branch_python_dop_operator_3.py
[2026-02-25T08:27:43.712+0000] {processor.py:914} INFO - Processing file /home/ubuntu/airflow-venv/lib/python3.12/site-packages/airflow/example_dags/example_branch_python_dop_operator_3.py for tasks to queue
[2026-02-25T08:27:43.713+0000] {logging_mixin.py:190} INFO - [2026-02-25T08:27:43.713+0000] {dagbag.py:588} INFO - Filling up the DagBag from /home/ubuntu/airflow-venv/lib/python3.12/site-packages/airflow/example_dags/example_branch_python_dop_operator_3.py
[2026-02-25T08:27:43.719+0000] {processor.py:925} INFO - DAG(s) 'example_branch_dop_operator_v3' retrieved from /home/ubuntu/airflow-venv/lib/python3.12/site-packages/airflow/example_dags/example_branch_python_dop_operator_3.py
[2026-02-25T08:27:43.729+0000] {logging_mixin.py:190} INFO - [2026-02-25T08:27:43.729+0000] {dag.py:3239} INFO - Sync 1 DAGs
[2026-02-25T08:27:43.742+0000] {logging_mixin.py:190} INFO - [2026-02-25T08:27:43.742+0000] {dag.py:4180} INFO - Setting next_dagrun for example_branch_dop_operator_v3 to 2026-02-25 08:26:00+00:00, run_after=2026-02-25 08:27:00+00:00
[2026-02-25T08:27:43.760+0000] {processor.py:208} INFO - Processing /home/ubuntu/airflow-venv/lib/python3.12/site-packages/airflow/example_dags/example_branch_python_dop_operator_3.py took 0.053 seconds
[2026-02-25T08:29:01.583+0000] {processor.py:186} INFO - Started process (PID=3052) to work on /home/ubuntu/airflow-venv/lib/python3.12/site-packages/airflow/example_dags/example_branch_python_dop_operator_3.py
[2026-02-25T08:29:01.585+0000] {processor.py:914} INFO - Processing file /home/ubuntu/airflow-venv/lib/python3.12/site-packages/airflow/example_dags/example_branch_python_dop_operator_3.py for tasks to queue
[2026-02-25T08:29:01.586+0000] {logging_mixin.py:190} INFO - [2026-02-25T08:29:01.586+0000] {dagbag.py:588} INFO - Filling up the DagBag from /home/ubuntu/airflow-venv/lib/python3.12/site-packages/airflow/example_dags/example_branch_python_dop_operator_3.py
[2026-02-25T08:29:01.592+0000] {processor.py:925} INFO - DAG(s) 'example_branch_dop_operator_v3' retrieved from /home/ubuntu/airflow-venv/lib/python3.12/site-packages/airflow/example_dags/example_branch_python_dop_operator_3.py
[2026-02-25T08:29:01.602+0000] {logging_mixin.py:190} INFO - [2026-02-25T08:29:01.602+0000] {dag.py:3239} INFO - Sync 1 DAGs
[2026-02-25T08:29:01.615+0000] {logging_mixin.py:190} INFO - [2026-02-25T08:29:01.615+0000] {dag.py:4180} INFO - Setting next_dagrun for example_branch_dop_operator_v3 to 2026-02-25 08:28:00+00:00, run_after=2026-02-25 08:29:00+00:00
[2026-02-25T08:29:01.632+0000] {processor.py:208} INFO - Processing /home/ubuntu/airflow-venv/lib/python3.12/site-packages/airflow/example_dags/example_branch_python_dop_operator_3.py took 0.053 seconds
[2026-02-25T08:30:19.194+0000] {processor.py:186} INFO - Started process (PID=3135) to work on /home/ubuntu/airflow-venv/lib/python3.12/site-packages/airflow/example_dags/example_branch_python_dop_operator_3.py
[2026-02-25T08:30:19.195+0000] {processor.py:914} INFO - Processing file /home/ubuntu/airflow-venv/lib/python3.12/site-packages/airflow/example_dags/example_branch_python_dop_operator_3.py for tasks to queue
[2026-02-25T08:30:19.197+0000] {logging_mixin.py:190} INFO - [2026-02-25T08:30:19.196+0000] {dagbag.py:588} INFO - Filling up the DagBag from /home/ubuntu/airflow-venv/lib/python3.12/site-packages/airflow/example_dags/example_branch_python_dop_operator_3.py
[2026-02-25T08:30:19.203+0000] {processor.py:925} INFO - DAG(s) 'example_branch_dop_operator_v3' retrieved from /home/ubuntu/airflow-venv/lib/python3.12/site-packages/airflow/example_dags/example_branch_python_dop_operator_3.py
[2026-02-25T08:30:19.213+0000] {logging_mixin.py:190} INFO - [2026-02-25T08:30:19.213+0000] {dag.py:3239} INFO - Sync 1 DAGs
[2026-02-25T08:30:19.226+0000] {logging_mixin.py:190} INFO - [2026-02-25T08:30:19.226+0000] {dag.py:4180} INFO - Setting next_dagrun for example_branch_dop_operator_v3 to 2026-02-25 08:29:00+00:00, run_after=2026-02-25 08:30:00+00:00
[2026-02-25T08:30:19.242+0000] {processor.py:208} INFO - Processing /home/ubuntu/airflow-venv/lib/python3.12/site-packages/airflow/example_dags/example_branch_python_dop_operator_3.py took 0.052 seconds
[2026-02-25T08:31:31.221+0000] {processor.py:186} INFO - Started process (PID=3216) to work on /home/ubuntu/airflow-venv/lib/python3.12/site-packages/airflow/example_dags/example_branch_python_dop_operator_3.py
[2026-02-25T08:31:31.222+0000] {processor.py:914} INFO - Processing file /home/ubuntu/airflow-venv/lib/python3.12/site-packages/airflow/example_dags/example_branch_python_dop_operator_3.py for tasks to queue
[2026-02-25T08:31:31.223+0000] {logging_mixin.py:190} INFO - [2026-02-25T08:31:31.223+0000] {dagbag.py:588} INFO - Filling up the DagBag from /home/ubuntu/airflow-venv/lib/python3.12/site-packages/airflow/example_dags/example_branch_python_dop_operator_3.py
[2026-02-25T08:31:31.230+0000] {processor.py:925} INFO - DAG(s) 'example_branch_dop_operator_v3' retrieved from /home/ubuntu/airflow-venv/lib/python3.12/site-packages/airflow/example_dags/example_branch_python_dop_operator_3.py
[2026-02-25T08:31:31.239+0000] {logging_mixin.py:190} INFO - [2026-02-25T08:31:31.239+0000] {dag.py:3239} INFO - Sync 1 DAGs
[2026-02-25T08:31:31.252+0000] {logging_mixin.py:190} INFO - [2026-02-25T08:31:31.252+0000] {dag.py:4180} INFO - Setting next_dagrun for example_branch_dop_operator_v3 to 2026-02-25 08:30:00+00:00, run_after=2026-02-25 08:31:00+00:00
[2026-02-25T08:31:31.269+0000] {processor.py:208} INFO - Processing /home/ubuntu/airflow-venv/lib/python3.12/site-packages/airflow/example_dags/example_branch_python_dop_operator_3.py took 0.052 seconds
[2026-02-25T09:43:17.582+0000] {processor.py:186} INFO - Started process (PID=2203) to work on /home/ubuntu/airflow-venv/lib/python3.12/site-packages/airflow/example_dags/example_branch_python_dop_operator_3.py
[2026-02-25T09:43:17.584+0000] {processor.py:914} INFO - Processing file /home/ubuntu/airflow-venv/lib/python3.12/site-packages/airflow/example_dags/example_branch_python_dop_operator_3.py for tasks to queue
[2026-02-25T09:43:17.585+0000] {logging_mixin.py:190} INFO - [2026-02-25T09:43:17.585+0000] {dagbag.py:588} INFO - Filling up the DagBag from /home/ubuntu/airflow-venv/lib/python3.12/site-packages/airflow/example_dags/example_branch_python_dop_operator_3.py
[2026-02-25T09:43:17.592+0000] {processor.py:925} INFO - DAG(s) 'example_branch_dop_operator_v3' retrieved from /home/ubuntu/airflow-venv/lib/python3.12/site-packages/airflow/example_dags/example_branch_python_dop_operator_3.py
[2026-02-25T09:43:17.601+0000] {logging_mixin.py:190} INFO - [2026-02-25T09:43:17.601+0000] {dag.py:3239} INFO - Sync 1 DAGs
[2026-02-25T09:43:17.613+0000] {logging_mixin.py:190} INFO - [2026-02-25T09:43:17.613+0000] {dag.py:4180} INFO - Setting next_dagrun for example_branch_dop_operator_v3 to 2026-02-25 09:42:00+00:00, run_after=2026-02-25 09:43:00+00:00
[2026-02-25T09:43:17.629+0000] {processor.py:208} INFO - Processing /home/ubuntu/airflow-venv/lib/python3.12/site-packages/airflow/example_dags/example_branch_python_dop_operator_3.py took 0.051 seconds
[2026-02-25T09:44:12.292+0000] {processor.py:186} INFO - Started process (PID=2686) to work on /home/ubuntu/airflow-venv/lib/python3.12/site-packages/airflow/example_dags/example_branch_python_dop_operator_3.py
[2026-02-25T09:44:12.294+0000] {processor.py:914} INFO - Processing file /home/ubuntu/airflow-venv/lib/python3.12/site-packages/airflow/example_dags/example_branch_python_dop_operator_3.py for tasks to queue
[2026-02-25T09:44:12.295+0000] {logging_mixin.py:190} INFO - [2026-02-25T09:44:12.295+0000] {dagbag.py:588} INFO - Filling up the DagBag from /home/ubuntu/airflow-venv/lib/python3.12/site-packages/airflow/example_dags/example_branch_python_dop_operator_3.py
[2026-02-25T09:44:12.301+0000] {processor.py:925} INFO - DAG(s) 'example_branch_dop_operator_v3' retrieved from /home/ubuntu/airflow-venv/lib/python3.12/site-packages/airflow/example_dags/example_branch_python_dop_operator_3.py
[2026-02-25T09:44:12.311+0000] {logging_mixin.py:190} INFO - [2026-02-25T09:44:12.310+0000] {dag.py:3239} INFO - Sync 1 DAGs
[2026-02-25T09:44:12.324+0000] {logging_mixin.py:190} INFO - [2026-02-25T09:44:12.324+0000] {dag.py:4180} INFO - Setting next_dagrun for example_branch_dop_operator_v3 to 2026-02-25 09:43:00+00:00, run_after=2026-02-25 09:44:00+00:00
[2026-02-25T09:44:12.341+0000] {processor.py:208} INFO - Processing /home/ubuntu/airflow-venv/lib/python3.12/site-packages/airflow/example_dags/example_branch_python_dop_operator_3.py took 0.052 seconds
[2026-02-25T09:45:23.055+0000] {processor.py:186} INFO - Started process (PID=2765) to work on /home/ubuntu/airflow-venv/lib/python3.12/site-packages/airflow/example_dags/example_branch_python_dop_operator_3.py
[2026-02-25T09:45:23.057+0000] {processor.py:914} INFO - Processing file /home/ubuntu/airflow-venv/lib/python3.12/site-packages/airflow/example_dags/example_branch_python_dop_operator_3.py for tasks to queue
[2026-02-25T09:45:23.058+0000] {logging_mixin.py:190} INFO - [2026-02-25T09:45:23.058+0000] {dagbag.py:588} INFO - Filling up the DagBag from /home/ubuntu/airflow-venv/lib/python3.12/site-packages/airflow/example_dags/example_branch_python_dop_operator_3.py
[2026-02-25T09:45:23.064+0000] {processor.py:925} INFO - DAG(s) 'example_branch_dop_operator_v3' retrieved from /home/ubuntu/airflow-venv/lib/python3.12/site-packages/airflow/example_dags/example_branch_python_dop_operator_3.py
[2026-02-25T09:45:23.073+0000] {logging_mixin.py:190} INFO - [2026-02-25T09:45:23.073+0000] {dag.py:3239} INFO - Sync 1 DAGs
[2026-02-25T09:45:23.086+0000] {logging_mixin.py:190} INFO - [2026-02-25T09:45:23.086+0000] {dag.py:4180} INFO - Setting next_dagrun for example_branch_dop_operator_v3 to 2026-02-25 09:44:00+00:00, run_after=2026-02-25 09:45:00+00:00
[2026-02-25T09:45:23.102+0000] {processor.py:208} INFO - Processing /home/ubuntu/airflow-venv/lib/python3.12/site-packages/airflow/example_dags/example_branch_python_dop_operator_3.py took 0.050 seconds
[2026-02-25T09:46:40.057+0000] {processor.py:186} INFO - Started process (PID=2845) to work on /home/ubuntu/airflow-venv/lib/python3.12/site-packages/airflow/example_dags/example_branch_python_dop_operator_3.py
[2026-02-25T09:46:40.058+0000] {processor.py:914} INFO - Processing file /home/ubuntu/airflow-venv/lib/python3.12/site-packages/airflow/example_dags/example_branch_python_dop_operator_3.py for tasks to queue
[2026-02-25T09:46:40.059+0000] {logging_mixin.py:190} INFO - [2026-02-25T09:46:40.059+0000] {dagbag.py:588} INFO - Filling up the DagBag from /home/ubuntu/airflow-venv/lib/python3.12/site-packages/airflow/example_dags/example_branch_python_dop_operator_3.py
[2026-02-25T09:46:40.066+0000] {processor.py:925} INFO - DAG(s) 'example_branch_dop_operator_v3' retrieved from /home/ubuntu/airflow-venv/lib/python3.12/site-packages/airflow/example_dags/example_branch_python_dop_operator_3.py
[2026-02-25T09:46:40.075+0000] {logging_mixin.py:190} INFO - [2026-02-25T09:46:40.075+0000] {dag.py:3239} INFO - Sync 1 DAGs
[2026-02-25T09:46:40.088+0000] {logging_mixin.py:190} INFO - [2026-02-25T09:46:40.088+0000] {dag.py:4180} INFO - Setting next_dagrun for example_branch_dop_operator_v3 to 2026-02-25 09:45:00+00:00, run_after=2026-02-25 09:46:00+00:00
[2026-02-25T09:46:40.104+0000] {processor.py:208} INFO - Processing /home/ubuntu/airflow-venv/lib/python3.12/site-packages/airflow/example_dags/example_branch_python_dop_operator_3.py took 0.050 seconds
[2026-02-25T09:47:53.121+0000] {processor.py:186} INFO - Started process (PID=2933) to work on /home/ubuntu/airflow-venv/lib/python3.12/site-packages/airflow/example_dags/example_branch_python_dop_operator_3.py
[2026-02-25T09:47:53.122+0000] {processor.py:914} INFO - Processing file /home/ubuntu/airflow-venv/lib/python3.12/site-packages/airflow/example_dags/example_branch_python_dop_operator_3.py for tasks to queue
[2026-02-25T09:47:53.124+0000] {logging_mixin.py:190} INFO - [2026-02-25T09:47:53.123+0000] {dagbag.py:588} INFO - Filling up the DagBag from /home/ubuntu/airflow-venv/lib/python3.12/site-packages/airflow/example_dags/example_branch_python_dop_operator_3.py
[2026-02-25T09:47:53.130+0000] {processor.py:925} INFO - DAG(s) 'example_branch_dop_operator_v3' retrieved from /home/ubuntu/airflow-venv/lib/python3.12/site-packages/airflow/example_dags/example_branch_python_dop_operator_3.py
[2026-02-25T09:47:53.139+0000] {logging_mixin.py:190} INFO - [2026-02-25T09:47:53.139+0000] {dag.py:3239} INFO - Sync 1 DAGs
[2026-02-25T09:47:53.152+0000] {logging_mixin.py:190} INFO - [2026-02-25T09:47:53.152+0000] {dag.py:4180} INFO - Setting next_dagrun for example_branch_dop_operator_v3 to 2026-02-25 09:46:00+00:00, run_after=2026-02-25 09:47:00+00:00
[2026-02-25T09:47:53.168+0000] {processor.py:208} INFO - Processing /home/ubuntu/airflow-venv/lib/python3.12/site-packages/airflow/example_dags/example_branch_python_dop_operator_3.py took 0.051 seconds
[2026-02-25T09:49:11.298+0000] {processor.py:186} INFO - Started process (PID=3011) to work on /home/ubuntu/airflow-venv/lib/python3.12/site-packages/airflow/example_dags/example_branch_python_dop_operator_3.py
[2026-02-25T09:49:11.300+0000] {processor.py:914} INFO - Processing file /home/ubuntu/airflow-venv/lib/python3.12/site-packages/airflow/example_dags/example_branch_python_dop_operator_3.py for tasks to queue
[2026-02-25T09:49:11.301+0000] {logging_mixin.py:190} INFO - [2026-02-25T09:49:11.301+0000] {dagbag.py:588} INFO - Filling up the DagBag from /home/ubuntu/airflow-venv/lib/python3.12/site-packages/airflow/example_dags/example_branch_python_dop_operator_3.py
[2026-02-25T09:49:11.307+0000] {processor.py:925} INFO - DAG(s) 'example_branch_dop_operator_v3' retrieved from /home/ubuntu/airflow-venv/lib/python3.12/site-packages/airflow/example_dags/example_branch_python_dop_operator_3.py
[2026-02-25T09:49:11.316+0000] {logging_mixin.py:190} INFO - [2026-02-25T09:49:11.316+0000] {dag.py:3239} INFO - Sync 1 DAGs
[2026-02-25T09:49:11.329+0000] {logging_mixin.py:190} INFO - [2026-02-25T09:49:11.329+0000] {dag.py:4180} INFO - Setting next_dagrun for example_branch_dop_operator_v3 to 2026-02-25 09:48:00+00:00, run_after=2026-02-25 09:49:00+00:00
[2026-02-25T09:49:11.346+0000] {processor.py:208} INFO - Processing /home/ubuntu/airflow-venv/lib/python3.12/site-packages/airflow/example_dags/example_branch_python_dop_operator_3.py took 0.051 seconds
[2026-02-25T09:50:06.953+0000] {processor.py:186} INFO - Started process (PID=3071) to work on /home/ubuntu/airflow-venv/lib/python3.12/site-packages/airflow/example_dags/example_branch_python_dop_operator_3.py
[2026-02-25T09:50:06.954+0000] {processor.py:914} INFO - Processing file /home/ubuntu/airflow-venv/lib/python3.12/site-packages/airflow/example_dags/example_branch_python_dop_operator_3.py for tasks to queue
[2026-02-25T09:50:06.955+0000] {logging_mixin.py:190} INFO - [2026-02-25T09:50:06.955+0000] {dagbag.py:588} INFO - Filling up the DagBag from /home/ubuntu/airflow-venv/lib/python3.12/site-packages/airflow/example_dags/example_branch_python_dop_operator_3.py
[2026-02-25T09:50:06.962+0000] {processor.py:925} INFO - DAG(s) 'example_branch_dop_operator_v3' retrieved from /home/ubuntu/airflow-venv/lib/python3.12/site-packages/airflow/example_dags/example_branch_python_dop_operator_3.py
[2026-02-25T09:50:06.971+0000] {logging_mixin.py:190} INFO - [2026-02-25T09:50:06.970+0000] {dag.py:3239} INFO - Sync 1 DAGs
[2026-02-25T09:50:06.984+0000] {logging_mixin.py:190} INFO - [2026-02-25T09:50:06.983+0000] {dag.py:4180} INFO - Setting next_dagrun for example_branch_dop_operator_v3 to 2026-02-25 09:49:00+00:00, run_after=2026-02-25 09:50:00+00:00
[2026-02-25T09:50:06.999+0000] {processor.py:208} INFO - Processing /home/ubuntu/airflow-venv/lib/python3.12/site-packages/airflow/example_dags/example_branch_python_dop_operator_3.py took 0.050 seconds
[2026-02-25T09:51:17.299+0000] {processor.py:186} INFO - Started process (PID=3145) to work on /home/ubuntu/airflow-venv/lib/python3.12/site-packages/airflow/example_dags/example_branch_python_dop_operator_3.py
[2026-02-25T09:51:17.300+0000] {processor.py:914} INFO - Processing file /home/ubuntu/airflow-venv/lib/python3.12/site-packages/airflow/example_dags/example_branch_python_dop_operator_3.py for tasks to queue
[2026-02-25T09:51:17.301+0000] {logging_mixin.py:190} INFO - [2026-02-25T09:51:17.301+0000] {dagbag.py:588} INFO - Filling up the DagBag from /home/ubuntu/airflow-venv/lib/python3.12/site-packages/airflow/example_dags/example_branch_python_dop_operator_3.py
[2026-02-25T09:51:17.308+0000] {processor.py:925} INFO - DAG(s) 'example_branch_dop_operator_v3' retrieved from /home/ubuntu/airflow-venv/lib/python3.12/site-packages/airflow/example_dags/example_branch_python_dop_operator_3.py
[2026-02-25T09:51:17.317+0000] {logging_mixin.py:190} INFO - [2026-02-25T09:51:17.316+0000] {dag.py:3239} INFO - Sync 1 DAGs
[2026-02-25T09:51:17.330+0000] {logging_mixin.py:190} INFO - [2026-02-25T09:51:17.330+0000] {dag.py:4180} INFO - Setting next_dagrun for example_branch_dop_operator_v3 to 2026-02-25 09:50:00+00:00, run_after=2026-02-25 09:51:00+00:00
[2026-02-25T09:51:17.345+0000] {processor.py:208} INFO - Processing /home/ubuntu/airflow-venv/lib/python3.12/site-packages/airflow/example_dags/example_branch_python_dop_operator_3.py took 0.050 seconds
[2026-02-25T09:52:32.093+0000] {processor.py:186} INFO - Started process (PID=3227) to work on /home/ubuntu/airflow-venv/lib/python3.12/site-packages/airflow/example_dags/example_branch_python_dop_operator_3.py
[2026-02-25T09:52:32.094+0000] {processor.py:914} INFO - Processing file /home/ubuntu/airflow-venv/lib/python3.12/site-packages/airflow/example_dags/example_branch_python_dop_operator_3.py for tasks to queue
[2026-02-25T09:52:32.095+0000] {logging_mixin.py:190} INFO - [2026-02-25T09:52:32.095+0000] {dagbag.py:588} INFO - Filling up the DagBag from /home/ubuntu/airflow-venv/lib/python3.12/site-packages/airflow/example_dags/example_branch_python_dop_operator_3.py
[2026-02-25T09:52:32.102+0000] {processor.py:925} INFO - DAG(s) 'example_branch_dop_operator_v3' retrieved from /home/ubuntu/airflow-venv/lib/python3.12/site-packages/airflow/example_dags/example_branch_python_dop_operator_3.py
[2026-02-25T09:52:32.111+0000] {logging_mixin.py:190} INFO - [2026-02-25T09:52:32.111+0000] {dag.py:3239} INFO - Sync 1 DAGs
[2026-02-25T09:52:32.125+0000] {logging_mixin.py:190} INFO - [2026-02-25T09:52:32.124+0000] {dag.py:4180} INFO - Setting next_dagrun for example_branch_dop_operator_v3 to 2026-02-25 09:51:00+00:00, run_after=2026-02-25 09:52:00+00:00
[2026-02-25T09:52:32.141+0000] {processor.py:208} INFO - Processing /home/ubuntu/airflow-venv/lib/python3.12/site-packages/airflow/example_dags/example_branch_python_dop_operator_3.py took 0.051 seconds
[2026-02-25T09:53:44.431+0000] {processor.py:186} INFO - Started process (PID=3307) to work on /home/ubuntu/airflow-venv/lib/python3.12/site-packages/airflow/example_dags/example_branch_python_dop_operator_3.py
[2026-02-25T09:53:44.432+0000] {processor.py:914} INFO - Processing file /home/ubuntu/airflow-venv/lib/python3.12/site-packages/airflow/example_dags/example_branch_python_dop_operator_3.py for tasks to queue
[2026-02-25T09:53:44.433+0000] {logging_mixin.py:190} INFO - [2026-02-25T09:53:44.433+0000] {dagbag.py:588} INFO - Filling up the DagBag from /home/ubuntu/airflow-venv/lib/python3.12/site-packages/airflow/example_dags/example_branch_python_dop_operator_3.py
[2026-02-25T09:53:44.440+0000] {processor.py:925} INFO - DAG(s) 'example_branch_dop_operator_v3' retrieved from /home/ubuntu/airflow-venv/lib/python3.12/site-packages/airflow/example_dags/example_branch_python_dop_operator_3.py
[2026-02-25T09:53:44.449+0000] {logging_mixin.py:190} INFO - [2026-02-25T09:53:44.449+0000] {dag.py:3239} INFO - Sync 1 DAGs
[2026-02-25T09:53:44.463+0000] {logging_mixin.py:190} INFO - [2026-02-25T09:53:44.463+0000] {dag.py:4180} INFO - Setting next_dagrun for example_branch_dop_operator_v3 to 2026-02-25 09:52:00+00:00, run_after=2026-02-25 09:53:00+00:00
[2026-02-25T09:53:44.480+0000] {processor.py:208} INFO - Processing /home/ubuntu/airflow-venv/lib/python3.12/site-packages/airflow/example_dags/example_branch_python_dop_operator_3.py took 0.052 seconds
[2026-02-25T09:55:00.312+0000] {processor.py:186} INFO - Started process (PID=3385) to work on /home/ubuntu/airflow-venv/lib/python3.12/site-packages/airflow/example_dags/example_branch_python_dop_operator_3.py
[2026-02-25T09:55:00.313+0000] {processor.py:914} INFO - Processing file /home/ubuntu/airflow-venv/lib/python3.12/site-packages/airflow/example_dags/example_branch_python_dop_operator_3.py for tasks to queue
[2026-02-25T09:55:00.315+0000] {logging_mixin.py:190} INFO - [2026-02-25T09:55:00.314+0000] {dagbag.py:588} INFO - Filling up the DagBag from /home/ubuntu/airflow-venv/lib/python3.12/site-packages/airflow/example_dags/example_branch_python_dop_operator_3.py
[2026-02-25T09:55:00.321+0000] {processor.py:925} INFO - DAG(s) 'example_branch_dop_operator_v3' retrieved from /home/ubuntu/airflow-venv/lib/python3.12/site-packages/airflow/example_dags/example_branch_python_dop_operator_3.py
[2026-02-25T09:55:00.330+0000] {logging_mixin.py:190} INFO - [2026-02-25T09:55:00.330+0000] {dag.py:3239} INFO - Sync 1 DAGs
[2026-02-25T09:55:00.343+0000] {logging_mixin.py:190} INFO - [2026-02-25T09:55:00.343+0000] {dag.py:4180} INFO - Setting next_dagrun for example_branch_dop_operator_v3 to 2026-02-25 09:54:00+00:00, run_after=2026-02-25 09:55:00+00:00
[2026-02-25T09:55:00.360+0000] {processor.py:208} INFO - Processing /home/ubuntu/airflow-venv/lib/python3.12/site-packages/airflow/example_dags/example_branch_python_dop_operator_3.py took 0.052 seconds
[2026-02-25T09:56:12.528+0000] {processor.py:186} INFO - Started process (PID=3466) to work on /home/ubuntu/airflow-venv/lib/python3.12/site-packages/airflow/example_dags/example_branch_python_dop_operator_3.py
[2026-02-25T09:56:12.529+0000] {processor.py:914} INFO - Processing file /home/ubuntu/airflow-venv/lib/python3.12/site-packages/airflow/example_dags/example_branch_python_dop_operator_3.py for tasks to queue
[2026-02-25T09:56:12.530+0000] {logging_mixin.py:190} INFO - [2026-02-25T09:56:12.530+0000] {dagbag.py:588} INFO - Filling up the DagBag from /home/ubuntu/airflow-venv/lib/python3.12/site-packages/airflow/example_dags/example_branch_python_dop_operator_3.py
[2026-02-25T09:56:12.537+0000] {processor.py:925} INFO - DAG(s) 'example_branch_dop_operator_v3' retrieved from /home/ubuntu/airflow-venv/lib/python3.12/site-packages/airflow/example_dags/example_branch_python_dop_operator_3.py
[2026-02-25T09:56:12.546+0000] {logging_mixin.py:190} INFO - [2026-02-25T09:56:12.546+0000] {dag.py:3239} INFO - Sync 1 DAGs
[2026-02-25T09:56:12.560+0000] {logging_mixin.py:190} INFO - [2026-02-25T09:56:12.560+0000] {dag.py:4180} INFO - Setting next_dagrun for example_branch_dop_operator_v3 to 2026-02-25 09:55:00+00:00, run_after=2026-02-25 09:56:00+00:00
[2026-02-25T09:56:12.577+0000] {processor.py:208} INFO - Processing /home/ubuntu/airflow-venv/lib/python3.12/site-packages/airflow/example_dags/example_branch_python_dop_operator_3.py took 0.053 seconds
[2026-02-25T09:57:28.131+0000] {processor.py:186} INFO - Started process (PID=3988) to work on /home/ubuntu/airflow-venv/lib/python3.12/site-packages/airflow/example_dags/example_branch_python_dop_operator_3.py
[2026-02-25T09:57:28.132+0000] {processor.py:914} INFO - Processing file /home/ubuntu/airflow-venv/lib/python3.12/site-packages/airflow/example_dags/example_branch_python_dop_operator_3.py for tasks to queue
[2026-02-25T09:57:28.134+0000] {logging_mixin.py:190} INFO - [2026-02-25T09:57:28.133+0000] {dagbag.py:588} INFO - Filling up the DagBag from /home/ubuntu/airflow-venv/lib/python3.12/site-packages/airflow/example_dags/example_branch_python_dop_operator_3.py
[2026-02-25T09:57:28.140+0000] {processor.py:925} INFO - DAG(s) 'example_branch_dop_operator_v3' retrieved from /home/ubuntu/airflow-venv/lib/python3.12/site-packages/airflow/example_dags/example_branch_python_dop_operator_3.py
[2026-02-25T09:57:28.149+0000] {logging_mixin.py:190} INFO - [2026-02-25T09:57:28.149+0000] {dag.py:3239} INFO - Sync 1 DAGs
[2026-02-25T09:57:28.162+0000] {logging_mixin.py:190} INFO - [2026-02-25T09:57:28.162+0000] {dag.py:4180} INFO - Setting next_dagrun for example_branch_dop_operator_v3 to 2026-02-25 09:56:00+00:00, run_after=2026-02-25 09:57:00+00:00
[2026-02-25T09:57:28.174+0000] {processor.py:208} INFO - Processing /home/ubuntu/airflow-venv/lib/python3.12/site-packages/airflow/example_dags/example_branch_python_dop_operator_3.py took 0.047 seconds
[2026-02-25T09:58:45.416+0000] {processor.py:186} INFO - Started process (PID=4068) to work on /home/ubuntu/airflow-venv/lib/python3.12/site-packages/airflow/example_dags/example_branch_python_dop_operator_3.py
[2026-02-25T09:58:45.417+0000] {processor.py:914} INFO - Processing file /home/ubuntu/airflow-venv/lib/python3.12/site-packages/airflow/example_dags/example_branch_python_dop_operator_3.py for tasks to queue
[2026-02-25T09:58:45.418+0000] {logging_mixin.py:190} INFO - [2026-02-25T09:58:45.418+0000] {dagbag.py:588} INFO - Filling up the DagBag from /home/ubuntu/airflow-venv/lib/python3.12/site-packages/airflow/example_dags/example_branch_python_dop_operator_3.py
[2026-02-25T09:58:45.425+0000] {processor.py:925} INFO - DAG(s) 'example_branch_dop_operator_v3' retrieved from /home/ubuntu/airflow-venv/lib/python3.12/site-packages/airflow/example_dags/example_branch_python_dop_operator_3.py
[2026-02-25T09:58:45.434+0000] {logging_mixin.py:190} INFO - [2026-02-25T09:58:45.434+0000] {dag.py:3239} INFO - Sync 1 DAGs
[2026-02-25T09:58:45.447+0000] {logging_mixin.py:190} INFO - [2026-02-25T09:58:45.447+0000] {dag.py:4180} INFO - Setting next_dagrun for example_branch_dop_operator_v3 to 2026-02-25 09:57:00+00:00, run_after=2026-02-25 09:58:00+00:00
[2026-02-25T09:58:45.460+0000] {processor.py:208} INFO - Processing /home/ubuntu/airflow-venv/lib/python3.12/site-packages/airflow/example_dags/example_branch_python_dop_operator_3.py took 0.047 seconds
[2026-02-25T09:59:55.096+0000] {processor.py:186} INFO - Started process (PID=4143) to work on /home/ubuntu/airflow-venv/lib/python3.12/site-packages/airflow/example_dags/example_branch_python_dop_operator_3.py
[2026-02-25T09:59:55.097+0000] {processor.py:914} INFO - Processing file /home/ubuntu/airflow-venv/lib/python3.12/site-packages/airflow/example_dags/example_branch_python_dop_operator_3.py for tasks to queue
[2026-02-25T09:59:55.099+0000] {logging_mixin.py:190} INFO - [2026-02-25T09:59:55.098+0000] {dagbag.py:588} INFO - Filling up the DagBag from /home/ubuntu/airflow-venv/lib/python3.12/site-packages/airflow/example_dags/example_branch_python_dop_operator_3.py
[2026-02-25T09:59:55.105+0000] {processor.py:925} INFO - DAG(s) 'example_branch_dop_operator_v3' retrieved from /home/ubuntu/airflow-venv/lib/python3.12/site-packages/airflow/example_dags/example_branch_python_dop_operator_3.py
[2026-02-25T09:59:55.115+0000] {logging_mixin.py:190} INFO - [2026-02-25T09:59:55.115+0000] {dag.py:3239} INFO - Sync 1 DAGs
[2026-02-25T09:59:55.128+0000] {logging_mixin.py:190} INFO - [2026-02-25T09:59:55.128+0000] {dag.py:4180} INFO - Setting next_dagrun for example_branch_dop_operator_v3 to 2026-02-25 09:58:00+00:00, run_after=2026-02-25 09:59:00+00:00
[2026-02-25T09:59:55.141+0000] {processor.py:208} INFO - Processing /home/ubuntu/airflow-venv/lib/python3.12/site-packages/airflow/example_dags/example_branch_python_dop_operator_3.py took 0.049 seconds
[2026-02-25T10:01:12.668+0000] {processor.py:186} INFO - Started process (PID=4227) to work on /home/ubuntu/airflow-venv/lib/python3.12/site-packages/airflow/example_dags/example_branch_python_dop_operator_3.py
[2026-02-25T10:01:12.669+0000] {processor.py:914} INFO - Processing file /home/ubuntu/airflow-venv/lib/python3.12/site-packages/airflow/example_dags/example_branch_python_dop_operator_3.py for tasks to queue
[2026-02-25T10:01:12.671+0000] {logging_mixin.py:190} INFO - [2026-02-25T10:01:12.670+0000] {dagbag.py:588} INFO - Filling up the DagBag from /home/ubuntu/airflow-venv/lib/python3.12/site-packages/airflow/example_dags/example_branch_python_dop_operator_3.py
[2026-02-25T10:01:12.677+0000] {processor.py:925} INFO - DAG(s) 'example_branch_dop_operator_v3' retrieved from /home/ubuntu/airflow-venv/lib/python3.12/site-packages/airflow/example_dags/example_branch_python_dop_operator_3.py
[2026-02-25T10:01:12.687+0000] {logging_mixin.py:190} INFO - [2026-02-25T10:01:12.687+0000] {dag.py:3239} INFO - Sync 1 DAGs
[2026-02-25T10:01:12.701+0000] {logging_mixin.py:190} INFO - [2026-02-25T10:01:12.701+0000] {dag.py:4180} INFO - Setting next_dagrun for example_branch_dop_operator_v3 to 2026-02-25 10:00:00+00:00, run_after=2026-02-25 10:01:00+00:00
[2026-02-25T10:01:12.717+0000] {processor.py:208} INFO - Processing /home/ubuntu/airflow-venv/lib/python3.12/site-packages/airflow/example_dags/example_branch_python_dop_operator_3.py took 0.053 seconds
[2026-02-25T10:02:29.749+0000] {processor.py:186} INFO - Started process (PID=4311) to work on /home/ubuntu/airflow-venv/lib/python3.12/site-packages/airflow/example_dags/example_branch_python_dop_operator_3.py
[2026-02-25T10:02:29.750+0000] {processor.py:914} INFO - Processing file /home/ubuntu/airflow-venv/lib/python3.12/site-packages/airflow/example_dags/example_branch_python_dop_operator_3.py for tasks to queue
[2026-02-25T10:02:29.752+0000] {logging_mixin.py:190} INFO - [2026-02-25T10:02:29.751+0000] {dagbag.py:588} INFO - Filling up the DagBag from /home/ubuntu/airflow-venv/lib/python3.12/site-packages/airflow/example_dags/example_branch_python_dop_operator_3.py
[2026-02-25T10:02:29.758+0000] {processor.py:925} INFO - DAG(s) 'example_branch_dop_operator_v3' retrieved from /home/ubuntu/airflow-venv/lib/python3.12/site-packages/airflow/example_dags/example_branch_python_dop_operator_3.py
[2026-02-25T10:02:29.768+0000] {logging_mixin.py:190} INFO - [2026-02-25T10:02:29.768+0000] {dag.py:3239} INFO - Sync 1 DAGs
[2026-02-25T10:02:29.782+0000] {logging_mixin.py:190} INFO - [2026-02-25T10:02:29.782+0000] {dag.py:4180} INFO - Setting next_dagrun for example_branch_dop_operator_v3 to 2026-02-25 10:01:00+00:00, run_after=2026-02-25 10:02:00+00:00
[2026-02-25T10:02:29.799+0000] {processor.py:208} INFO - Processing /home/ubuntu/airflow-venv/lib/python3.12/site-packages/airflow/example_dags/example_branch_python_dop_operator_3.py took 0.054 seconds
[2026-02-25T10:06:02.258+0000] {processor.py:186} INFO - Started process (PID=2333) to work on /home/ubuntu/airflow-venv/lib/python3.12/site-packages/airflow/example_dags/example_branch_python_dop_operator_3.py
[2026-02-25T10:06:02.261+0000] {processor.py:914} INFO - Processing file /home/ubuntu/airflow-venv/lib/python3.12/site-packages/airflow/example_dags/example_branch_python_dop_operator_3.py for tasks to queue
[2026-02-25T10:06:02.262+0000] {logging_mixin.py:190} INFO - [2026-02-25T10:06:02.261+0000] {dagbag.py:588} INFO - Filling up the DagBag from /home/ubuntu/airflow-venv/lib/python3.12/site-packages/airflow/example_dags/example_branch_python_dop_operator_3.py
[2026-02-25T10:06:02.269+0000] {processor.py:925} INFO - DAG(s) 'example_branch_dop_operator_v3' retrieved from /home/ubuntu/airflow-venv/lib/python3.12/site-packages/airflow/example_dags/example_branch_python_dop_operator_3.py
[2026-02-25T10:06:02.278+0000] {logging_mixin.py:190} INFO - [2026-02-25T10:06:02.278+0000] {dag.py:3239} INFO - Sync 1 DAGs
[2026-02-25T10:06:02.291+0000] {logging_mixin.py:190} INFO - [2026-02-25T10:06:02.291+0000] {dag.py:4180} INFO - Setting next_dagrun for example_branch_dop_operator_v3 to 2026-02-25 10:05:00+00:00, run_after=2026-02-25 10:06:00+00:00
[2026-02-25T10:06:02.308+0000] {processor.py:208} INFO - Processing /home/ubuntu/airflow-venv/lib/python3.12/site-packages/airflow/example_dags/example_branch_python_dop_operator_3.py took 0.053 seconds
[2026-02-25T10:06:56.965+0000] {processor.py:186} INFO - Started process (PID=2816) to work on /home/ubuntu/airflow-venv/lib/python3.12/site-packages/airflow/example_dags/example_branch_python_dop_operator_3.py
[2026-02-25T10:06:56.966+0000] {processor.py:914} INFO - Processing file /home/ubuntu/airflow-venv/lib/python3.12/site-packages/airflow/example_dags/example_branch_python_dop_operator_3.py for tasks to queue
[2026-02-25T10:06:56.968+0000] {logging_mixin.py:190} INFO - [2026-02-25T10:06:56.967+0000] {dagbag.py:588} INFO - Filling up the DagBag from /home/ubuntu/airflow-venv/lib/python3.12/site-packages/airflow/example_dags/example_branch_python_dop_operator_3.py
[2026-02-25T10:06:56.974+0000] {processor.py:925} INFO - DAG(s) 'example_branch_dop_operator_v3' retrieved from /home/ubuntu/airflow-venv/lib/python3.12/site-packages/airflow/example_dags/example_branch_python_dop_operator_3.py
[2026-02-25T10:06:56.983+0000] {logging_mixin.py:190} INFO - [2026-02-25T10:06:56.983+0000] {dag.py:3239} INFO - Sync 1 DAGs
[2026-02-25T10:06:56.996+0000] {logging_mixin.py:190} INFO - [2026-02-25T10:06:56.996+0000] {dag.py:4180} INFO - Setting next_dagrun for example_branch_dop_operator_v3 to 2026-02-25 10:05:00+00:00, run_after=2026-02-25 10:06:00+00:00
[2026-02-25T10:06:57.012+0000] {processor.py:208} INFO - Processing /home/ubuntu/airflow-venv/lib/python3.12/site-packages/airflow/example_dags/example_branch_python_dop_operator_3.py took 0.050 seconds
[2026-02-25T10:08:07.729+0000] {processor.py:186} INFO - Started process (PID=2892) to work on /home/ubuntu/airflow-venv/lib/python3.12/site-packages/airflow/example_dags/example_branch_python_dop_operator_3.py
[2026-02-25T10:08:07.730+0000] {processor.py:914} INFO - Processing file /home/ubuntu/airflow-venv/lib/python3.12/site-packages/airflow/example_dags/example_branch_python_dop_operator_3.py for tasks to queue
[2026-02-25T10:08:07.732+0000] {logging_mixin.py:190} INFO - [2026-02-25T10:08:07.731+0000] {dagbag.py:588} INFO - Filling up the DagBag from /home/ubuntu/airflow-venv/lib/python3.12/site-packages/airflow/example_dags/example_branch_python_dop_operator_3.py
[2026-02-25T10:08:07.738+0000] {processor.py:925} INFO - DAG(s) 'example_branch_dop_operator_v3' retrieved from /home/ubuntu/airflow-venv/lib/python3.12/site-packages/airflow/example_dags/example_branch_python_dop_operator_3.py
[2026-02-25T10:08:07.747+0000] {logging_mixin.py:190} INFO - [2026-02-25T10:08:07.747+0000] {dag.py:3239} INFO - Sync 1 DAGs
[2026-02-25T10:08:07.760+0000] {logging_mixin.py:190} INFO - [2026-02-25T10:08:07.760+0000] {dag.py:4180} INFO - Setting next_dagrun for example_branch_dop_operator_v3 to 2026-02-25 10:07:00+00:00, run_after=2026-02-25 10:08:00+00:00
[2026-02-25T10:08:07.775+0000] {processor.py:208} INFO - Processing /home/ubuntu/airflow-venv/lib/python3.12/site-packages/airflow/example_dags/example_branch_python_dop_operator_3.py took 0.050 seconds
[2026-02-25T10:09:24.730+0000] {processor.py:186} INFO - Started process (PID=2972) to work on /home/ubuntu/airflow-venv/lib/python3.12/site-packages/airflow/example_dags/example_branch_python_dop_operator_3.py
[2026-02-25T10:09:24.731+0000] {processor.py:914} INFO - Processing file /home/ubuntu/airflow-venv/lib/python3.12/site-packages/airflow/example_dags/example_branch_python_dop_operator_3.py for tasks to queue
[2026-02-25T10:09:24.732+0000] {logging_mixin.py:190} INFO - [2026-02-25T10:09:24.732+0000] {dagbag.py:588} INFO - Filling up the DagBag from /home/ubuntu/airflow-venv/lib/python3.12/site-packages/airflow/example_dags/example_branch_python_dop_operator_3.py
[2026-02-25T10:09:24.738+0000] {processor.py:925} INFO - DAG(s) 'example_branch_dop_operator_v3' retrieved from /home/ubuntu/airflow-venv/lib/python3.12/site-packages/airflow/example_dags/example_branch_python_dop_operator_3.py
[2026-02-25T10:09:24.747+0000] {logging_mixin.py:190} INFO - [2026-02-25T10:09:24.747+0000] {dag.py:3239} INFO - Sync 1 DAGs
[2026-02-25T10:09:24.759+0000] {logging_mixin.py:190} INFO - [2026-02-25T10:09:24.759+0000] {dag.py:4180} INFO - Setting next_dagrun for example_branch_dop_operator_v3 to 2026-02-25 10:08:00+00:00, run_after=2026-02-25 10:09:00+00:00
[2026-02-25T10:09:24.776+0000] {processor.py:208} INFO - Processing /home/ubuntu/airflow-venv/lib/python3.12/site-packages/airflow/example_dags/example_branch_python_dop_operator_3.py took 0.049 seconds
[2026-02-25T10:10:37.795+0000] {processor.py:186} INFO - Started process (PID=3061) to work on /home/ubuntu/airflow-venv/lib/python3.12/site-packages/airflow/example_dags/example_branch_python_dop_operator_3.py
[2026-02-25T10:10:37.797+0000] {processor.py:914} INFO - Processing file /home/ubuntu/airflow-venv/lib/python3.12/site-packages/airflow/example_dags/example_branch_python_dop_operator_3.py for tasks to queue
[2026-02-25T10:10:37.798+0000] {logging_mixin.py:190} INFO - [2026-02-25T10:10:37.798+0000] {dagbag.py:588} INFO - Filling up the DagBag from /home/ubuntu/airflow-venv/lib/python3.12/site-packages/airflow/example_dags/example_branch_python_dop_operator_3.py
[2026-02-25T10:10:37.804+0000] {processor.py:925} INFO - DAG(s) 'example_branch_dop_operator_v3' retrieved from /home/ubuntu/airflow-venv/lib/python3.12/site-packages/airflow/example_dags/example_branch_python_dop_operator_3.py
[2026-02-25T10:10:37.814+0000] {logging_mixin.py:190} INFO - [2026-02-25T10:10:37.813+0000] {dag.py:3239} INFO - Sync 1 DAGs
[2026-02-25T10:10:37.826+0000] {logging_mixin.py:190} INFO - [2026-02-25T10:10:37.826+0000] {dag.py:4180} INFO - Setting next_dagrun for example_branch_dop_operator_v3 to 2026-02-25 10:09:00+00:00, run_after=2026-02-25 10:10:00+00:00
[2026-02-25T10:10:37.843+0000] {processor.py:208} INFO - Processing /home/ubuntu/airflow-venv/lib/python3.12/site-packages/airflow/example_dags/example_branch_python_dop_operator_3.py took 0.051 seconds
[2026-02-25T10:11:54.744+0000] {processor.py:186} INFO - Started process (PID=3140) to work on /home/ubuntu/airflow-venv/lib/python3.12/site-packages/airflow/example_dags/example_branch_python_dop_operator_3.py
[2026-02-25T10:11:54.745+0000] {processor.py:914} INFO - Processing file /home/ubuntu/airflow-venv/lib/python3.12/site-packages/airflow/example_dags/example_branch_python_dop_operator_3.py for tasks to queue
[2026-02-25T10:11:54.746+0000] {logging_mixin.py:190} INFO - [2026-02-25T10:11:54.746+0000] {dagbag.py:588} INFO - Filling up the DagBag from /home/ubuntu/airflow-venv/lib/python3.12/site-packages/airflow/example_dags/example_branch_python_dop_operator_3.py
[2026-02-25T10:11:54.753+0000] {processor.py:925} INFO - DAG(s) 'example_branch_dop_operator_v3' retrieved from /home/ubuntu/airflow-venv/lib/python3.12/site-packages/airflow/example_dags/example_branch_python_dop_operator_3.py
[2026-02-25T10:11:54.762+0000] {logging_mixin.py:190} INFO - [2026-02-25T10:11:54.762+0000] {dag.py:3239} INFO - Sync 1 DAGs
[2026-02-25T10:11:54.775+0000] {logging_mixin.py:190} INFO - [2026-02-25T10:11:54.775+0000] {dag.py:4180} INFO - Setting next_dagrun for example_branch_dop_operator_v3 to 2026-02-25 10:10:00+00:00, run_after=2026-02-25 10:11:00+00:00
[2026-02-25T10:11:54.791+0000] {processor.py:208} INFO - Processing /home/ubuntu/airflow-venv/lib/python3.12/site-packages/airflow/example_dags/example_branch_python_dop_operator_3.py took 0.051 seconds
[2026-02-25T10:12:51.199+0000] {processor.py:186} INFO - Started process (PID=3197) to work on /home/ubuntu/airflow-venv/lib/python3.12/site-packages/airflow/example_dags/example_branch_python_dop_operator_3.py
[2026-02-25T10:12:51.200+0000] {processor.py:914} INFO - Processing file /home/ubuntu/airflow-venv/lib/python3.12/site-packages/airflow/example_dags/example_branch_python_dop_operator_3.py for tasks to queue
[2026-02-25T10:12:51.201+0000] {logging_mixin.py:190} INFO - [2026-02-25T10:12:51.201+0000] {dagbag.py:588} INFO - Filling up the DagBag from /home/ubuntu/airflow-venv/lib/python3.12/site-packages/airflow/example_dags/example_branch_python_dop_operator_3.py
[2026-02-25T10:12:51.208+0000] {processor.py:925} INFO - DAG(s) 'example_branch_dop_operator_v3' retrieved from /home/ubuntu/airflow-venv/lib/python3.12/site-packages/airflow/example_dags/example_branch_python_dop_operator_3.py
[2026-02-25T10:12:51.217+0000] {logging_mixin.py:190} INFO - [2026-02-25T10:12:51.217+0000] {dag.py:3239} INFO - Sync 1 DAGs
[2026-02-25T10:12:51.231+0000] {logging_mixin.py:190} INFO - [2026-02-25T10:12:51.231+0000] {dag.py:4180} INFO - Setting next_dagrun for example_branch_dop_operator_v3 to 2026-02-25 10:11:00+00:00, run_after=2026-02-25 10:12:00+00:00
[2026-02-25T10:12:51.247+0000] {processor.py:208} INFO - Processing /home/ubuntu/airflow-venv/lib/python3.12/site-packages/airflow/example_dags/example_branch_python_dop_operator_3.py took 0.051 seconds
[2026-02-25T10:14:03.706+0000] {processor.py:186} INFO - Started process (PID=3275) to work on /home/ubuntu/airflow-venv/lib/python3.12/site-packages/airflow/example_dags/example_branch_python_dop_operator_3.py
[2026-02-25T10:14:03.707+0000] {processor.py:914} INFO - Processing file /home/ubuntu/airflow-venv/lib/python3.12/site-packages/airflow/example_dags/example_branch_python_dop_operator_3.py for tasks to queue
[2026-02-25T10:14:03.708+0000] {logging_mixin.py:190} INFO - [2026-02-25T10:14:03.708+0000] {dagbag.py:588} INFO - Filling up the DagBag from /home/ubuntu/airflow-venv/lib/python3.12/site-packages/airflow/example_dags/example_branch_python_dop_operator_3.py
[2026-02-25T10:14:03.714+0000] {processor.py:925} INFO - DAG(s) 'example_branch_dop_operator_v3' retrieved from /home/ubuntu/airflow-venv/lib/python3.12/site-packages/airflow/example_dags/example_branch_python_dop_operator_3.py
[2026-02-25T10:14:03.724+0000] {logging_mixin.py:190} INFO - [2026-02-25T10:14:03.724+0000] {dag.py:3239} INFO - Sync 1 DAGs
[2026-02-25T10:14:03.737+0000] {logging_mixin.py:190} INFO - [2026-02-25T10:14:03.737+0000] {dag.py:4180} INFO - Setting next_dagrun for example_branch_dop_operator_v3 to 2026-02-25 10:13:00+00:00, run_after=2026-02-25 10:14:00+00:00
[2026-02-25T10:14:03.753+0000] {processor.py:208} INFO - Processing /home/ubuntu/airflow-venv/lib/python3.12/site-packages/airflow/example_dags/example_branch_python_dop_operator_3.py took 0.051 seconds
[2026-02-25T10:15:17.943+0000] {processor.py:186} INFO - Started process (PID=3362) to work on /home/ubuntu/airflow-venv/lib/python3.12/site-packages/airflow/example_dags/example_branch_python_dop_operator_3.py
[2026-02-25T10:15:17.944+0000] {processor.py:914} INFO - Processing file /home/ubuntu/airflow-venv/lib/python3.12/site-packages/airflow/example_dags/example_branch_python_dop_operator_3.py for tasks to queue
[2026-02-25T10:15:17.945+0000] {logging_mixin.py:190} INFO - [2026-02-25T10:15:17.945+0000] {dagbag.py:588} INFO - Filling up the DagBag from /home/ubuntu/airflow-venv/lib/python3.12/site-packages/airflow/example_dags/example_branch_python_dop_operator_3.py
[2026-02-25T10:15:17.952+0000] {processor.py:925} INFO - DAG(s) 'example_branch_dop_operator_v3' retrieved from /home/ubuntu/airflow-venv/lib/python3.12/site-packages/airflow/example_dags/example_branch_python_dop_operator_3.py
[2026-02-25T10:15:17.961+0000] {logging_mixin.py:190} INFO - [2026-02-25T10:15:17.961+0000] {dag.py:3239} INFO - Sync 1 DAGs
[2026-02-25T10:15:17.975+0000] {logging_mixin.py:190} INFO - [2026-02-25T10:15:17.975+0000] {dag.py:4180} INFO - Setting next_dagrun for example_branch_dop_operator_v3 to 2026-02-25 10:14:00+00:00, run_after=2026-02-25 10:15:00+00:00
[2026-02-25T10:15:17.992+0000] {processor.py:208} INFO - Processing /home/ubuntu/airflow-venv/lib/python3.12/site-packages/airflow/example_dags/example_branch_python_dop_operator_3.py took 0.053 seconds
[2026-02-25T10:16:30.852+0000] {processor.py:186} INFO - Started process (PID=3442) to work on /home/ubuntu/airflow-venv/lib/python3.12/site-packages/airflow/example_dags/example_branch_python_dop_operator_3.py
[2026-02-25T10:16:30.853+0000] {processor.py:914} INFO - Processing file /home/ubuntu/airflow-venv/lib/python3.12/site-packages/airflow/example_dags/example_branch_python_dop_operator_3.py for tasks to queue
[2026-02-25T10:16:30.854+0000] {logging_mixin.py:190} INFO - [2026-02-25T10:16:30.854+0000] {dagbag.py:588} INFO - Filling up the DagBag from /home/ubuntu/airflow-venv/lib/python3.12/site-packages/airflow/example_dags/example_branch_python_dop_operator_3.py
[2026-02-25T10:16:30.861+0000] {processor.py:925} INFO - DAG(s) 'example_branch_dop_operator_v3' retrieved from /home/ubuntu/airflow-venv/lib/python3.12/site-packages/airflow/example_dags/example_branch_python_dop_operator_3.py
[2026-02-25T10:16:30.870+0000] {logging_mixin.py:190} INFO - [2026-02-25T10:16:30.870+0000] {dag.py:3239} INFO - Sync 1 DAGs
[2026-02-25T10:16:30.883+0000] {logging_mixin.py:190} INFO - [2026-02-25T10:16:30.883+0000] {dag.py:4180} INFO - Setting next_dagrun for example_branch_dop_operator_v3 to 2026-02-25 10:15:00+00:00, run_after=2026-02-25 10:16:00+00:00
[2026-02-25T10:16:30.899+0000] {processor.py:208} INFO - Processing /home/ubuntu/airflow-venv/lib/python3.12/site-packages/airflow/example_dags/example_branch_python_dop_operator_3.py took 0.051 seconds
[2026-02-25T10:17:47.725+0000] {processor.py:186} INFO - Started process (PID=3527) to work on /home/ubuntu/airflow-venv/lib/python3.12/site-packages/airflow/example_dags/example_branch_python_dop_operator_3.py
[2026-02-25T10:17:47.726+0000] {processor.py:914} INFO - Processing file /home/ubuntu/airflow-venv/lib/python3.12/site-packages/airflow/example_dags/example_branch_python_dop_operator_3.py for tasks to queue
[2026-02-25T10:17:47.728+0000] {logging_mixin.py:190} INFO - [2026-02-25T10:17:47.727+0000] {dagbag.py:588} INFO - Filling up the DagBag from /home/ubuntu/airflow-venv/lib/python3.12/site-packages/airflow/example_dags/example_branch_python_dop_operator_3.py
[2026-02-25T10:17:47.734+0000] {processor.py:925} INFO - DAG(s) 'example_branch_dop_operator_v3' retrieved from /home/ubuntu/airflow-venv/lib/python3.12/site-packages/airflow/example_dags/example_branch_python_dop_operator_3.py
[2026-02-25T10:17:47.743+0000] {logging_mixin.py:190} INFO - [2026-02-25T10:17:47.743+0000] {dag.py:3239} INFO - Sync 1 DAGs
[2026-02-25T10:17:47.756+0000] {logging_mixin.py:190} INFO - [2026-02-25T10:17:47.756+0000] {dag.py:4180} INFO - Setting next_dagrun for example_branch_dop_operator_v3 to 2026-02-25 10:16:00+00:00, run_after=2026-02-25 10:17:00+00:00
[2026-02-25T10:17:47.773+0000] {processor.py:208} INFO - Processing /home/ubuntu/airflow-venv/lib/python3.12/site-packages/airflow/example_dags/example_branch_python_dop_operator_3.py took 0.051 seconds
[2026-02-25T10:19:04.125+0000] {processor.py:186} INFO - Started process (PID=3605) to work on /home/ubuntu/airflow-venv/lib/python3.12/site-packages/airflow/example_dags/example_branch_python_dop_operator_3.py
[2026-02-25T10:19:04.126+0000] {processor.py:914} INFO - Processing file /home/ubuntu/airflow-venv/lib/python3.12/site-packages/airflow/example_dags/example_branch_python_dop_operator_3.py for tasks to queue
[2026-02-25T10:19:04.127+0000] {logging_mixin.py:190} INFO - [2026-02-25T10:19:04.127+0000] {dagbag.py:588} INFO - Filling up the DagBag from /home/ubuntu/airflow-venv/lib/python3.12/site-packages/airflow/example_dags/example_branch_python_dop_operator_3.py
[2026-02-25T10:19:04.134+0000] {processor.py:925} INFO - DAG(s) 'example_branch_dop_operator_v3' retrieved from /home/ubuntu/airflow-venv/lib/python3.12/site-packages/airflow/example_dags/example_branch_python_dop_operator_3.py
[2026-02-25T10:19:04.143+0000] {logging_mixin.py:190} INFO - [2026-02-25T10:19:04.143+0000] {dag.py:3239} INFO - Sync 1 DAGs
[2026-02-25T10:19:04.156+0000] {logging_mixin.py:190} INFO - [2026-02-25T10:19:04.156+0000] {dag.py:4180} INFO - Setting next_dagrun for example_branch_dop_operator_v3 to 2026-02-25 10:18:00+00:00, run_after=2026-02-25 10:19:00+00:00
[2026-02-25T10:19:04.172+0000] {processor.py:208} INFO - Processing /home/ubuntu/airflow-venv/lib/python3.12/site-packages/airflow/example_dags/example_branch_python_dop_operator_3.py took 0.050 seconds
[2026-02-25T10:20:19.194+0000] {processor.py:186} INFO - Started process (PID=3691) to work on /home/ubuntu/airflow-venv/lib/python3.12/site-packages/airflow/example_dags/example_branch_python_dop_operator_3.py
[2026-02-25T10:20:19.196+0000] {processor.py:914} INFO - Processing file /home/ubuntu/airflow-venv/lib/python3.12/site-packages/airflow/example_dags/example_branch_python_dop_operator_3.py for tasks to queue
[2026-02-25T10:20:19.197+0000] {logging_mixin.py:190} INFO - [2026-02-25T10:20:19.197+0000] {dagbag.py:588} INFO - Filling up the DagBag from /home/ubuntu/airflow-venv/lib/python3.12/site-packages/airflow/example_dags/example_branch_python_dop_operator_3.py
[2026-02-25T10:20:19.204+0000] {processor.py:925} INFO - DAG(s) 'example_branch_dop_operator_v3' retrieved from /home/ubuntu/airflow-venv/lib/python3.12/site-packages/airflow/example_dags/example_branch_python_dop_operator_3.py
[2026-02-25T10:20:19.212+0000] {logging_mixin.py:190} INFO - [2026-02-25T10:20:19.212+0000] {dag.py:3239} INFO - Sync 1 DAGs
[2026-02-25T10:20:19.225+0000] {logging_mixin.py:190} INFO - [2026-02-25T10:20:19.225+0000] {dag.py:4180} INFO - Setting next_dagrun for example_branch_dop_operator_v3 to 2026-02-25 10:19:00+00:00, run_after=2026-02-25 10:20:00+00:00
[2026-02-25T10:20:19.241+0000] {processor.py:208} INFO - Processing /home/ubuntu/airflow-venv/lib/python3.12/site-packages/airflow/example_dags/example_branch_python_dop_operator_3.py took 0.050 seconds
[2026-02-25T10:21:30.742+0000] {processor.py:186} INFO - Started process (PID=3769) to work on /home/ubuntu/airflow-venv/lib/python3.12/site-packages/airflow/example_dags/example_branch_python_dop_operator_3.py
[2026-02-25T10:21:30.743+0000] {processor.py:914} INFO - Processing file /home/ubuntu/airflow-venv/lib/python3.12/site-packages/airflow/example_dags/example_branch_python_dop_operator_3.py for tasks to queue
[2026-02-25T10:21:30.744+0000] {logging_mixin.py:190} INFO - [2026-02-25T10:21:30.744+0000] {dagbag.py:588} INFO - Filling up the DagBag from /home/ubuntu/airflow-venv/lib/python3.12/site-packages/airflow/example_dags/example_branch_python_dop_operator_3.py
[2026-02-25T10:21:30.751+0000] {processor.py:925} INFO - DAG(s) 'example_branch_dop_operator_v3' retrieved from /home/ubuntu/airflow-venv/lib/python3.12/site-packages/airflow/example_dags/example_branch_python_dop_operator_3.py
[2026-02-25T10:21:30.760+0000] {logging_mixin.py:190} INFO - [2026-02-25T10:21:30.760+0000] {dag.py:3239} INFO - Sync 1 DAGs
[2026-02-25T10:21:30.773+0000] {logging_mixin.py:190} INFO - [2026-02-25T10:21:30.773+0000] {dag.py:4180} INFO - Setting next_dagrun for example_branch_dop_operator_v3 to 2026-02-25 10:20:00+00:00, run_after=2026-02-25 10:21:00+00:00
[2026-02-25T10:21:30.790+0000] {processor.py:208} INFO - Processing /home/ubuntu/airflow-venv/lib/python3.12/site-packages/airflow/example_dags/example_branch_python_dop_operator_3.py took 0.052 seconds
[2026-02-25T10:22:45.480+0000] {processor.py:186} INFO - Started process (PID=3853) to work on /home/ubuntu/airflow-venv/lib/python3.12/site-packages/airflow/example_dags/example_branch_python_dop_operator_3.py
[2026-02-25T10:22:45.482+0000] {processor.py:914} INFO - Processing file /home/ubuntu/airflow-venv/lib/python3.12/site-packages/airflow/example_dags/example_branch_python_dop_operator_3.py for tasks to queue
[2026-02-25T10:22:45.483+0000] {logging_mixin.py:190} INFO - [2026-02-25T10:22:45.483+0000] {dagbag.py:588} INFO - Filling up the DagBag from /home/ubuntu/airflow-venv/lib/python3.12/site-packages/airflow/example_dags/example_branch_python_dop_operator_3.py
[2026-02-25T10:22:45.489+0000] {processor.py:925} INFO - DAG(s) 'example_branch_dop_operator_v3' retrieved from /home/ubuntu/airflow-venv/lib/python3.12/site-packages/airflow/example_dags/example_branch_python_dop_operator_3.py
[2026-02-25T10:22:45.498+0000] {logging_mixin.py:190} INFO - [2026-02-25T10:22:45.498+0000] {dag.py:3239} INFO - Sync 1 DAGs
[2026-02-25T10:22:45.511+0000] {logging_mixin.py:190} INFO - [2026-02-25T10:22:45.511+0000] {dag.py:4180} INFO - Setting next_dagrun for example_branch_dop_operator_v3 to 2026-02-25 10:21:00+00:00, run_after=2026-02-25 10:22:00+00:00
[2026-02-25T10:22:45.527+0000] {processor.py:208} INFO - Processing /home/ubuntu/airflow-venv/lib/python3.12/site-packages/airflow/example_dags/example_branch_python_dop_operator_3.py took 0.051 seconds
[2026-02-25T10:23:37.959+0000] {processor.py:186} INFO - Started process (PID=3907) to work on /home/ubuntu/airflow-venv/lib/python3.12/site-packages/airflow/example_dags/example_branch_python_dop_operator_3.py
[2026-02-25T10:23:37.960+0000] {processor.py:914} INFO - Processing file /home/ubuntu/airflow-venv/lib/python3.12/site-packages/airflow/example_dags/example_branch_python_dop_operator_3.py for tasks to queue
[2026-02-25T10:23:37.961+0000] {logging_mixin.py:190} INFO - [2026-02-25T10:23:37.961+0000] {dagbag.py:588} INFO - Filling up the DagBag from /home/ubuntu/airflow-venv/lib/python3.12/site-packages/airflow/example_dags/example_branch_python_dop_operator_3.py
[2026-02-25T10:23:37.968+0000] {processor.py:925} INFO - DAG(s) 'example_branch_dop_operator_v3' retrieved from /home/ubuntu/airflow-venv/lib/python3.12/site-packages/airflow/example_dags/example_branch_python_dop_operator_3.py
[2026-02-25T10:23:37.978+0000] {logging_mixin.py:190} INFO - [2026-02-25T10:23:37.978+0000] {dag.py:3239} INFO - Sync 1 DAGs
[2026-02-25T10:23:37.992+0000] {logging_mixin.py:190} INFO - [2026-02-25T10:23:37.992+0000] {dag.py:4180} INFO - Setting next_dagrun for example_branch_dop_operator_v3 to 2026-02-25 10:22:00+00:00, run_after=2026-02-25 10:23:00+00:00
[2026-02-25T10:23:38.008+0000] {processor.py:208} INFO - Processing /home/ubuntu/airflow-venv/lib/python3.12/site-packages/airflow/example_dags/example_branch_python_dop_operator_3.py took 0.053 seconds
[2026-02-25T10:24:53.832+0000] {processor.py:186} INFO - Started process (PID=3988) to work on /home/ubuntu/airflow-venv/lib/python3.12/site-packages/airflow/example_dags/example_branch_python_dop_operator_3.py
[2026-02-25T10:24:53.833+0000] {processor.py:914} INFO - Processing file /home/ubuntu/airflow-venv/lib/python3.12/site-packages/airflow/example_dags/example_branch_python_dop_operator_3.py for tasks to queue
[2026-02-25T10:24:53.835+0000] {logging_mixin.py:190} INFO - [2026-02-25T10:24:53.835+0000] {dagbag.py:588} INFO - Filling up the DagBag from /home/ubuntu/airflow-venv/lib/python3.12/site-packages/airflow/example_dags/example_branch_python_dop_operator_3.py
[2026-02-25T10:24:53.841+0000] {processor.py:925} INFO - DAG(s) 'example_branch_dop_operator_v3' retrieved from /home/ubuntu/airflow-venv/lib/python3.12/site-packages/airflow/example_dags/example_branch_python_dop_operator_3.py
[2026-02-25T10:24:53.850+0000] {logging_mixin.py:190} INFO - [2026-02-25T10:24:53.850+0000] {dag.py:3239} INFO - Sync 1 DAGs
[2026-02-25T10:24:53.863+0000] {logging_mixin.py:190} INFO - [2026-02-25T10:24:53.863+0000] {dag.py:4180} INFO - Setting next_dagrun for example_branch_dop_operator_v3 to 2026-02-25 10:23:00+00:00, run_after=2026-02-25 10:24:00+00:00
[2026-02-25T10:24:53.879+0000] {processor.py:208} INFO - Processing /home/ubuntu/airflow-venv/lib/python3.12/site-packages/airflow/example_dags/example_branch_python_dop_operator_3.py took 0.051 seconds
[2026-02-25T10:26:11.701+0000] {processor.py:186} INFO - Started process (PID=4072) to work on /home/ubuntu/airflow-venv/lib/python3.12/site-packages/airflow/example_dags/example_branch_python_dop_operator_3.py
[2026-02-25T10:26:11.702+0000] {processor.py:914} INFO - Processing file /home/ubuntu/airflow-venv/lib/python3.12/site-packages/airflow/example_dags/example_branch_python_dop_operator_3.py for tasks to queue
[2026-02-25T10:26:11.704+0000] {logging_mixin.py:190} INFO - [2026-02-25T10:26:11.703+0000] {dagbag.py:588} INFO - Filling up the DagBag from /home/ubuntu/airflow-venv/lib/python3.12/site-packages/airflow/example_dags/example_branch_python_dop_operator_3.py
[2026-02-25T10:26:11.710+0000] {processor.py:925} INFO - DAG(s) 'example_branch_dop_operator_v3' retrieved from /home/ubuntu/airflow-venv/lib/python3.12/site-packages/airflow/example_dags/example_branch_python_dop_operator_3.py
[2026-02-25T10:26:11.719+0000] {logging_mixin.py:190} INFO - [2026-02-25T10:26:11.719+0000] {dag.py:3239} INFO - Sync 1 DAGs
[2026-02-25T10:26:11.732+0000] {logging_mixin.py:190} INFO - [2026-02-25T10:26:11.732+0000] {dag.py:4180} INFO - Setting next_dagrun for example_branch_dop_operator_v3 to 2026-02-25 10:25:00+00:00, run_after=2026-02-25 10:26:00+00:00
[2026-02-25T10:26:11.749+0000] {processor.py:208} INFO - Processing /home/ubuntu/airflow-venv/lib/python3.12/site-packages/airflow/example_dags/example_branch_python_dop_operator_3.py took 0.052 seconds
[2026-02-25T10:27:27.856+0000] {processor.py:186} INFO - Started process (PID=4164) to work on /home/ubuntu/airflow-venv/lib/python3.12/site-packages/airflow/example_dags/example_branch_python_dop_operator_3.py
[2026-02-25T10:27:27.857+0000] {processor.py:914} INFO - Processing file /home/ubuntu/airflow-venv/lib/python3.12/site-packages/airflow/example_dags/example_branch_python_dop_operator_3.py for tasks to queue
[2026-02-25T10:27:27.858+0000] {logging_mixin.py:190} INFO - [2026-02-25T10:27:27.858+0000] {dagbag.py:588} INFO - Filling up the DagBag from /home/ubuntu/airflow-venv/lib/python3.12/site-packages/airflow/example_dags/example_branch_python_dop_operator_3.py
[2026-02-25T10:27:27.865+0000] {processor.py:925} INFO - DAG(s) 'example_branch_dop_operator_v3' retrieved from /home/ubuntu/airflow-venv/lib/python3.12/site-packages/airflow/example_dags/example_branch_python_dop_operator_3.py
[2026-02-25T10:27:27.874+0000] {logging_mixin.py:190} INFO - [2026-02-25T10:27:27.874+0000] {dag.py:3239} INFO - Sync 1 DAGs
[2026-02-25T10:27:27.887+0000] {logging_mixin.py:190} INFO - [2026-02-25T10:27:27.887+0000] {dag.py:4180} INFO - Setting next_dagrun for example_branch_dop_operator_v3 to 2026-02-25 10:26:00+00:00, run_after=2026-02-25 10:27:00+00:00
[2026-02-25T10:27:27.904+0000] {processor.py:208} INFO - Processing /home/ubuntu/airflow-venv/lib/python3.12/site-packages/airflow/example_dags/example_branch_python_dop_operator_3.py took 0.052 seconds
[2026-02-25T10:28:41.931+0000] {processor.py:186} INFO - Started process (PID=4247) to work on /home/ubuntu/airflow-venv/lib/python3.12/site-packages/airflow/example_dags/example_branch_python_dop_operator_3.py
[2026-02-25T10:28:41.932+0000] {processor.py:914} INFO - Processing file /home/ubuntu/airflow-venv/lib/python3.12/site-packages/airflow/example_dags/example_branch_python_dop_operator_3.py for tasks to queue
[2026-02-25T10:28:41.933+0000] {logging_mixin.py:190} INFO - [2026-02-25T10:28:41.933+0000] {dagbag.py:588} INFO - Filling up the DagBag from /home/ubuntu/airflow-venv/lib/python3.12/site-packages/airflow/example_dags/example_branch_python_dop_operator_3.py
[2026-02-25T10:28:41.940+0000] {processor.py:925} INFO - DAG(s) 'example_branch_dop_operator_v3' retrieved from /home/ubuntu/airflow-venv/lib/python3.12/site-packages/airflow/example_dags/example_branch_python_dop_operator_3.py
[2026-02-25T10:28:41.950+0000] {logging_mixin.py:190} INFO - [2026-02-25T10:28:41.949+0000] {dag.py:3239} INFO - Sync 1 DAGs
[2026-02-25T10:28:41.963+0000] {logging_mixin.py:190} INFO - [2026-02-25T10:28:41.963+0000] {dag.py:4180} INFO - Setting next_dagrun for example_branch_dop_operator_v3 to 2026-02-25 10:27:00+00:00, run_after=2026-02-25 10:28:00+00:00
[2026-02-25T10:28:41.979+0000] {processor.py:208} INFO - Processing /home/ubuntu/airflow-venv/lib/python3.12/site-packages/airflow/example_dags/example_branch_python_dop_operator_3.py took 0.052 seconds
[2026-02-25T10:29:55.991+0000] {processor.py:186} INFO - Started process (PID=4325) to work on /home/ubuntu/airflow-venv/lib/python3.12/site-packages/airflow/example_dags/example_branch_python_dop_operator_3.py
[2026-02-25T10:29:55.992+0000] {processor.py:914} INFO - Processing file /home/ubuntu/airflow-venv/lib/python3.12/site-packages/airflow/example_dags/example_branch_python_dop_operator_3.py for tasks to queue
[2026-02-25T10:29:55.994+0000] {logging_mixin.py:190} INFO - [2026-02-25T10:29:55.994+0000] {dagbag.py:588} INFO - Filling up the DagBag from /home/ubuntu/airflow-venv/lib/python3.12/site-packages/airflow/example_dags/example_branch_python_dop_operator_3.py
[2026-02-25T10:29:56.000+0000] {processor.py:925} INFO - DAG(s) 'example_branch_dop_operator_v3' retrieved from /home/ubuntu/airflow-venv/lib/python3.12/site-packages/airflow/example_dags/example_branch_python_dop_operator_3.py
[2026-02-25T10:29:56.010+0000] {logging_mixin.py:190} INFO - [2026-02-25T10:29:56.010+0000] {dag.py:3239} INFO - Sync 1 DAGs
[2026-02-25T10:29:56.023+0000] {logging_mixin.py:190} INFO - [2026-02-25T10:29:56.023+0000] {dag.py:4180} INFO - Setting next_dagrun for example_branch_dop_operator_v3 to 2026-02-25 10:28:00+00:00, run_after=2026-02-25 10:29:00+00:00
[2026-02-25T10:29:56.039+0000] {processor.py:208} INFO - Processing /home/ubuntu/airflow-venv/lib/python3.12/site-packages/airflow/example_dags/example_branch_python_dop_operator_3.py took 0.051 seconds
[2026-02-25T10:31:09.613+0000] {processor.py:186} INFO - Started process (PID=4406) to work on /home/ubuntu/airflow-venv/lib/python3.12/site-packages/airflow/example_dags/example_branch_python_dop_operator_3.py
[2026-02-25T10:31:09.614+0000] {processor.py:914} INFO - Processing file /home/ubuntu/airflow-venv/lib/python3.12/site-packages/airflow/example_dags/example_branch_python_dop_operator_3.py for tasks to queue
[2026-02-25T10:31:09.616+0000] {logging_mixin.py:190} INFO - [2026-02-25T10:31:09.615+0000] {dagbag.py:588} INFO - Filling up the DagBag from /home/ubuntu/airflow-venv/lib/python3.12/site-packages/airflow/example_dags/example_branch_python_dop_operator_3.py
[2026-02-25T10:31:09.623+0000] {processor.py:925} INFO - DAG(s) 'example_branch_dop_operator_v3' retrieved from /home/ubuntu/airflow-venv/lib/python3.12/site-packages/airflow/example_dags/example_branch_python_dop_operator_3.py
[2026-02-25T10:31:09.632+0000] {logging_mixin.py:190} INFO - [2026-02-25T10:31:09.632+0000] {dag.py:3239} INFO - Sync 1 DAGs
[2026-02-25T10:31:09.645+0000] {logging_mixin.py:190} INFO - [2026-02-25T10:31:09.645+0000] {dag.py:4180} INFO - Setting next_dagrun for example_branch_dop_operator_v3 to 2026-02-25 10:30:00+00:00, run_after=2026-02-25 10:31:00+00:00
[2026-02-25T10:31:09.662+0000] {processor.py:208} INFO - Processing /home/ubuntu/airflow-venv/lib/python3.12/site-packages/airflow/example_dags/example_branch_python_dop_operator_3.py took 0.052 seconds
[2026-02-25T10:32:25.354+0000] {processor.py:186} INFO - Started process (PID=4484) to work on /home/ubuntu/airflow-venv/lib/python3.12/site-packages/airflow/example_dags/example_branch_python_dop_operator_3.py
[2026-02-25T10:32:25.356+0000] {processor.py:914} INFO - Processing file /home/ubuntu/airflow-venv/lib/python3.12/site-packages/airflow/example_dags/example_branch_python_dop_operator_3.py for tasks to queue
[2026-02-25T10:32:25.357+0000] {logging_mixin.py:190} INFO - [2026-02-25T10:32:25.357+0000] {dagbag.py:588} INFO - Filling up the DagBag from /home/ubuntu/airflow-venv/lib/python3.12/site-packages/airflow/example_dags/example_branch_python_dop_operator_3.py
[2026-02-25T10:32:25.363+0000] {processor.py:925} INFO - DAG(s) 'example_branch_dop_operator_v3' retrieved from /home/ubuntu/airflow-venv/lib/python3.12/site-packages/airflow/example_dags/example_branch_python_dop_operator_3.py
[2026-02-25T10:32:25.372+0000] {logging_mixin.py:190} INFO - [2026-02-25T10:32:25.372+0000] {dag.py:3239} INFO - Sync 1 DAGs
[2026-02-25T10:32:25.385+0000] {logging_mixin.py:190} INFO - [2026-02-25T10:32:25.385+0000] {dag.py:4180} INFO - Setting next_dagrun for example_branch_dop_operator_v3 to 2026-02-25 10:31:00+00:00, run_after=2026-02-25 10:32:00+00:00
[2026-02-25T10:32:25.402+0000] {processor.py:208} INFO - Processing /home/ubuntu/airflow-venv/lib/python3.12/site-packages/airflow/example_dags/example_branch_python_dop_operator_3.py took 0.051 seconds
[2026-02-25T10:47:03.123+0000] {processor.py:186} INFO - Started process (PID=5836) to work on /home/ubuntu/airflow-venv/lib/python3.12/site-packages/airflow/example_dags/example_branch_python_dop_operator_3.py
[2026-02-25T10:47:03.124+0000] {processor.py:914} INFO - Processing file /home/ubuntu/airflow-venv/lib/python3.12/site-packages/airflow/example_dags/example_branch_python_dop_operator_3.py for tasks to queue
[2026-02-25T10:47:03.126+0000] {logging_mixin.py:190} INFO - [2026-02-25T10:47:03.125+0000] {dagbag.py:588} INFO - Filling up the DagBag from /home/ubuntu/airflow-venv/lib/python3.12/site-packages/airflow/example_dags/example_branch_python_dop_operator_3.py
[2026-02-25T10:47:03.133+0000] {processor.py:925} INFO - DAG(s) 'example_branch_dop_operator_v3' retrieved from /home/ubuntu/airflow-venv/lib/python3.12/site-packages/airflow/example_dags/example_branch_python_dop_operator_3.py
[2026-02-25T10:47:03.141+0000] {logging_mixin.py:190} INFO - [2026-02-25T10:47:03.141+0000] {dag.py:3239} INFO - Sync 1 DAGs
[2026-02-25T10:47:03.154+0000] {logging_mixin.py:190} INFO - [2026-02-25T10:47:03.154+0000] {dag.py:4180} INFO - Setting next_dagrun for example_branch_dop_operator_v3 to 2026-02-25 10:46:00+00:00, run_after=2026-02-25 10:47:00+00:00
[2026-02-25T10:47:03.170+0000] {processor.py:208} INFO - Processing /home/ubuntu/airflow-venv/lib/python3.12/site-packages/airflow/example_dags/example_branch_python_dop_operator_3.py took 0.050 seconds
[2026-02-25T10:47:58.330+0000] {processor.py:186} INFO - Started process (PID=6257) to work on /home/ubuntu/airflow-venv/lib/python3.12/site-packages/airflow/example_dags/example_branch_python_dop_operator_3.py
[2026-02-25T10:47:58.331+0000] {processor.py:914} INFO - Processing file /home/ubuntu/airflow-venv/lib/python3.12/site-packages/airflow/example_dags/example_branch_python_dop_operator_3.py for tasks to queue
[2026-02-25T10:47:58.333+0000] {logging_mixin.py:190} INFO - [2026-02-25T10:47:58.332+0000] {dagbag.py:588} INFO - Filling up the DagBag from /home/ubuntu/airflow-venv/lib/python3.12/site-packages/airflow/example_dags/example_branch_python_dop_operator_3.py
[2026-02-25T10:47:58.339+0000] {processor.py:925} INFO - DAG(s) 'example_branch_dop_operator_v3' retrieved from /home/ubuntu/airflow-venv/lib/python3.12/site-packages/airflow/example_dags/example_branch_python_dop_operator_3.py
[2026-02-25T10:47:58.348+0000] {logging_mixin.py:190} INFO - [2026-02-25T10:47:58.348+0000] {dag.py:3239} INFO - Sync 1 DAGs
[2026-02-25T10:47:58.362+0000] {logging_mixin.py:190} INFO - [2026-02-25T10:47:58.361+0000] {dag.py:4180} INFO - Setting next_dagrun for example_branch_dop_operator_v3 to 2026-02-25 10:46:00+00:00, run_after=2026-02-25 10:47:00+00:00
[2026-02-25T10:47:58.378+0000] {processor.py:208} INFO - Processing /home/ubuntu/airflow-venv/lib/python3.12/site-packages/airflow/example_dags/example_branch_python_dop_operator_3.py took 0.051 seconds
[2026-02-25T10:49:11.967+0000] {processor.py:186} INFO - Started process (PID=6340) to work on /home/ubuntu/airflow-venv/lib/python3.12/site-packages/airflow/example_dags/example_branch_python_dop_operator_3.py
[2026-02-25T10:49:11.968+0000] {processor.py:914} INFO - Processing file /home/ubuntu/airflow-venv/lib/python3.12/site-packages/airflow/example_dags/example_branch_python_dop_operator_3.py for tasks to queue
[2026-02-25T10:49:11.969+0000] {logging_mixin.py:190} INFO - [2026-02-25T10:49:11.969+0000] {dagbag.py:588} INFO - Filling up the DagBag from /home/ubuntu/airflow-venv/lib/python3.12/site-packages/airflow/example_dags/example_branch_python_dop_operator_3.py
[2026-02-25T10:49:11.976+0000] {processor.py:925} INFO - DAG(s) 'example_branch_dop_operator_v3' retrieved from /home/ubuntu/airflow-venv/lib/python3.12/site-packages/airflow/example_dags/example_branch_python_dop_operator_3.py
[2026-02-25T10:49:11.985+0000] {logging_mixin.py:190} INFO - [2026-02-25T10:49:11.985+0000] {dag.py:3239} INFO - Sync 1 DAGs
[2026-02-25T10:49:11.998+0000] {logging_mixin.py:190} INFO - [2026-02-25T10:49:11.998+0000] {dag.py:4180} INFO - Setting next_dagrun for example_branch_dop_operator_v3 to 2026-02-25 10:48:00+00:00, run_after=2026-02-25 10:49:00+00:00
[2026-02-25T10:49:12.014+0000] {processor.py:208} INFO - Processing /home/ubuntu/airflow-venv/lib/python3.12/site-packages/airflow/example_dags/example_branch_python_dop_operator_3.py took 0.051 seconds
[2026-02-25T10:50:24.982+0000] {processor.py:186} INFO - Started process (PID=6425) to work on /home/ubuntu/airflow-venv/lib/python3.12/site-packages/airflow/example_dags/example_branch_python_dop_operator_3.py
[2026-02-25T10:50:24.983+0000] {processor.py:914} INFO - Processing file /home/ubuntu/airflow-venv/lib/python3.12/site-packages/airflow/example_dags/example_branch_python_dop_operator_3.py for tasks to queue
[2026-02-25T10:50:24.985+0000] {logging_mixin.py:190} INFO - [2026-02-25T10:50:24.984+0000] {dagbag.py:588} INFO - Filling up the DagBag from /home/ubuntu/airflow-venv/lib/python3.12/site-packages/airflow/example_dags/example_branch_python_dop_operator_3.py
[2026-02-25T10:50:24.991+0000] {processor.py:925} INFO - DAG(s) 'example_branch_dop_operator_v3' retrieved from /home/ubuntu/airflow-venv/lib/python3.12/site-packages/airflow/example_dags/example_branch_python_dop_operator_3.py
[2026-02-25T10:50:25.000+0000] {logging_mixin.py:190} INFO - [2026-02-25T10:50:25.000+0000] {dag.py:3239} INFO - Sync 1 DAGs
[2026-02-25T10:50:25.013+0000] {logging_mixin.py:190} INFO - [2026-02-25T10:50:25.013+0000] {dag.py:4180} INFO - Setting next_dagrun for example_branch_dop_operator_v3 to 2026-02-25 10:49:00+00:00, run_after=2026-02-25 10:50:00+00:00
[2026-02-25T10:50:25.030+0000] {processor.py:208} INFO - Processing /home/ubuntu/airflow-venv/lib/python3.12/site-packages/airflow/example_dags/example_branch_python_dop_operator_3.py took 0.052 seconds
[2026-02-25T10:51:38.439+0000] {processor.py:186} INFO - Started process (PID=6508) to work on /home/ubuntu/airflow-venv/lib/python3.12/site-packages/airflow/example_dags/example_branch_python_dop_operator_3.py
[2026-02-25T10:51:38.440+0000] {processor.py:914} INFO - Processing file /home/ubuntu/airflow-venv/lib/python3.12/site-packages/airflow/example_dags/example_branch_python_dop_operator_3.py for tasks to queue
[2026-02-25T10:51:38.441+0000] {logging_mixin.py:190} INFO - [2026-02-25T10:51:38.441+0000] {dagbag.py:588} INFO - Filling up the DagBag from /home/ubuntu/airflow-venv/lib/python3.12/site-packages/airflow/example_dags/example_branch_python_dop_operator_3.py
[2026-02-25T10:51:38.448+0000] {processor.py:925} INFO - DAG(s) 'example_branch_dop_operator_v3' retrieved from /home/ubuntu/airflow-venv/lib/python3.12/site-packages/airflow/example_dags/example_branch_python_dop_operator_3.py
[2026-02-25T10:51:38.457+0000] {logging_mixin.py:190} INFO - [2026-02-25T10:51:38.457+0000] {dag.py:3239} INFO - Sync 1 DAGs
[2026-02-25T10:51:38.470+0000] {logging_mixin.py:190} INFO - [2026-02-25T10:51:38.470+0000] {dag.py:4180} INFO - Setting next_dagrun for example_branch_dop_operator_v3 to 2026-02-25 10:50:00+00:00, run_after=2026-02-25 10:51:00+00:00
[2026-02-25T10:51:38.487+0000] {processor.py:208} INFO - Processing /home/ubuntu/airflow-venv/lib/python3.12/site-packages/airflow/example_dags/example_branch_python_dop_operator_3.py took 0.052 seconds
[2026-02-25T10:58:08.400+0000] {processor.py:186} INFO - Started process (PID=7384) to work on /home/ubuntu/airflow-venv/lib/python3.12/site-packages/airflow/example_dags/example_branch_python_dop_operator_3.py
[2026-02-25T10:58:08.401+0000] {processor.py:914} INFO - Processing file /home/ubuntu/airflow-venv/lib/python3.12/site-packages/airflow/example_dags/example_branch_python_dop_operator_3.py for tasks to queue
[2026-02-25T10:58:08.403+0000] {logging_mixin.py:190} INFO - [2026-02-25T10:58:08.403+0000] {dagbag.py:588} INFO - Filling up the DagBag from /home/ubuntu/airflow-venv/lib/python3.12/site-packages/airflow/example_dags/example_branch_python_dop_operator_3.py
[2026-02-25T10:58:08.410+0000] {processor.py:925} INFO - DAG(s) 'example_branch_dop_operator_v3' retrieved from /home/ubuntu/airflow-venv/lib/python3.12/site-packages/airflow/example_dags/example_branch_python_dop_operator_3.py
[2026-02-25T10:58:08.421+0000] {logging_mixin.py:190} INFO - [2026-02-25T10:58:08.421+0000] {dag.py:3239} INFO - Sync 1 DAGs
[2026-02-25T10:58:08.435+0000] {logging_mixin.py:190} INFO - [2026-02-25T10:58:08.435+0000] {dag.py:4180} INFO - Setting next_dagrun for example_branch_dop_operator_v3 to 2026-02-25 10:57:00+00:00, run_after=2026-02-25 10:58:00+00:00
[2026-02-25T10:58:08.451+0000] {processor.py:208} INFO - Processing /home/ubuntu/airflow-venv/lib/python3.12/site-packages/airflow/example_dags/example_branch_python_dop_operator_3.py took 0.054 seconds
[2026-02-25T10:59:03.445+0000] {processor.py:186} INFO - Started process (PID=7454) to work on /home/ubuntu/airflow-venv/lib/python3.12/site-packages/airflow/example_dags/example_branch_python_dop_operator_3.py
[2026-02-25T10:59:03.446+0000] {processor.py:914} INFO - Processing file /home/ubuntu/airflow-venv/lib/python3.12/site-packages/airflow/example_dags/example_branch_python_dop_operator_3.py for tasks to queue
[2026-02-25T10:59:03.447+0000] {logging_mixin.py:190} INFO - [2026-02-25T10:59:03.447+0000] {dagbag.py:588} INFO - Filling up the DagBag from /home/ubuntu/airflow-venv/lib/python3.12/site-packages/airflow/example_dags/example_branch_python_dop_operator_3.py
[2026-02-25T10:59:03.453+0000] {processor.py:925} INFO - DAG(s) 'example_branch_dop_operator_v3' retrieved from /home/ubuntu/airflow-venv/lib/python3.12/site-packages/airflow/example_dags/example_branch_python_dop_operator_3.py
[2026-02-25T10:59:03.462+0000] {logging_mixin.py:190} INFO - [2026-02-25T10:59:03.462+0000] {dag.py:3239} INFO - Sync 1 DAGs
[2026-02-25T10:59:03.475+0000] {logging_mixin.py:190} INFO - [2026-02-25T10:59:03.475+0000] {dag.py:4180} INFO - Setting next_dagrun for example_branch_dop_operator_v3 to 2026-02-25 10:58:00+00:00, run_after=2026-02-25 10:59:00+00:00
[2026-02-25T10:59:03.491+0000] {processor.py:208} INFO - Processing /home/ubuntu/airflow-venv/lib/python3.12/site-packages/airflow/example_dags/example_branch_python_dop_operator_3.py took 0.049 seconds
[2026-02-25T11:00:18.042+0000] {processor.py:186} INFO - Started process (PID=7906) to work on /home/ubuntu/airflow-venv/lib/python3.12/site-packages/airflow/example_dags/example_branch_python_dop_operator_3.py
[2026-02-25T11:00:18.044+0000] {processor.py:914} INFO - Processing file /home/ubuntu/airflow-venv/lib/python3.12/site-packages/airflow/example_dags/example_branch_python_dop_operator_3.py for tasks to queue
[2026-02-25T11:00:18.047+0000] {logging_mixin.py:190} INFO - [2026-02-25T11:00:18.045+0000] {dagbag.py:588} INFO - Filling up the DagBag from /home/ubuntu/airflow-venv/lib/python3.12/site-packages/airflow/example_dags/example_branch_python_dop_operator_3.py
[2026-02-25T11:00:18.060+0000] {processor.py:925} INFO - DAG(s) 'example_branch_dop_operator_v3' retrieved from /home/ubuntu/airflow-venv/lib/python3.12/site-packages/airflow/example_dags/example_branch_python_dop_operator_3.py
[2026-02-25T11:00:18.078+0000] {logging_mixin.py:190} INFO - [2026-02-25T11:00:18.077+0000] {dag.py:3239} INFO - Sync 1 DAGs
[2026-02-25T11:00:18.100+0000] {logging_mixin.py:190} INFO - [2026-02-25T11:00:18.100+0000] {dag.py:4180} INFO - Setting next_dagrun for example_branch_dop_operator_v3 to 2026-02-25 10:59:00+00:00, run_after=2026-02-25 11:00:00+00:00
[2026-02-25T11:00:18.121+0000] {processor.py:208} INFO - Processing /home/ubuntu/airflow-venv/lib/python3.12/site-packages/airflow/example_dags/example_branch_python_dop_operator_3.py took 0.086 seconds
[2026-02-25T11:05:56.005+0000] {processor.py:186} INFO - Started process (PID=8109) to work on /home/ubuntu/airflow-venv/lib/python3.12/site-packages/airflow/example_dags/example_branch_python_dop_operator_3.py
[2026-02-25T11:05:56.006+0000] {processor.py:914} INFO - Processing file /home/ubuntu/airflow-venv/lib/python3.12/site-packages/airflow/example_dags/example_branch_python_dop_operator_3.py for tasks to queue
[2026-02-25T11:05:56.007+0000] {logging_mixin.py:190} INFO - [2026-02-25T11:05:56.007+0000] {dagbag.py:588} INFO - Filling up the DagBag from /home/ubuntu/airflow-venv/lib/python3.12/site-packages/airflow/example_dags/example_branch_python_dop_operator_3.py
[2026-02-25T11:05:56.014+0000] {processor.py:925} INFO - DAG(s) 'example_branch_dop_operator_v3' retrieved from /home/ubuntu/airflow-venv/lib/python3.12/site-packages/airflow/example_dags/example_branch_python_dop_operator_3.py
[2026-02-25T11:05:56.029+0000] {logging_mixin.py:190} INFO - [2026-02-25T11:05:56.028+0000] {dag.py:3239} INFO - Sync 1 DAGs
[2026-02-25T11:05:56.048+0000] {logging_mixin.py:190} INFO - [2026-02-25T11:05:56.048+0000] {dag.py:4180} INFO - Setting next_dagrun for example_branch_dop_operator_v3 to 2026-02-25 11:04:00+00:00, run_after=2026-02-25 11:05:00+00:00
[2026-02-25T11:05:56.067+0000] {processor.py:208} INFO - Processing /home/ubuntu/airflow-venv/lib/python3.12/site-packages/airflow/example_dags/example_branch_python_dop_operator_3.py took 0.066 seconds
[2026-02-25T11:06:29.729+0000] {processor.py:186} INFO - Started process (PID=8182) to work on /home/ubuntu/airflow-venv/lib/python3.12/site-packages/airflow/example_dags/example_branch_python_dop_operator_3.py
[2026-02-25T11:06:29.730+0000] {processor.py:914} INFO - Processing file /home/ubuntu/airflow-venv/lib/python3.12/site-packages/airflow/example_dags/example_branch_python_dop_operator_3.py for tasks to queue
[2026-02-25T11:06:29.732+0000] {logging_mixin.py:190} INFO - [2026-02-25T11:06:29.731+0000] {dagbag.py:588} INFO - Filling up the DagBag from /home/ubuntu/airflow-venv/lib/python3.12/site-packages/airflow/example_dags/example_branch_python_dop_operator_3.py
[2026-02-25T11:06:29.739+0000] {processor.py:925} INFO - DAG(s) 'example_branch_dop_operator_v3' retrieved from /home/ubuntu/airflow-venv/lib/python3.12/site-packages/airflow/example_dags/example_branch_python_dop_operator_3.py
[2026-02-25T11:06:29.748+0000] {logging_mixin.py:190} INFO - [2026-02-25T11:06:29.748+0000] {dag.py:3239} INFO - Sync 1 DAGs
[2026-02-25T11:06:29.761+0000] {logging_mixin.py:190} INFO - [2026-02-25T11:06:29.761+0000] {dag.py:4180} INFO - Setting next_dagrun for example_branch_dop_operator_v3 to 2026-02-25 11:05:00+00:00, run_after=2026-02-25 11:06:00+00:00
[2026-02-25T11:06:29.778+0000] {processor.py:208} INFO - Processing /home/ubuntu/airflow-venv/lib/python3.12/site-packages/airflow/example_dags/example_branch_python_dop_operator_3.py took 0.052 seconds
[2026-02-25T11:06:50.742+0000] {processor.py:186} INFO - Started process (PID=8226) to work on /home/ubuntu/airflow-venv/lib/python3.12/site-packages/airflow/example_dags/example_branch_python_dop_operator_3.py
[2026-02-25T11:06:50.742+0000] {processor.py:914} INFO - Processing file /home/ubuntu/airflow-venv/lib/python3.12/site-packages/airflow/example_dags/example_branch_python_dop_operator_3.py for tasks to queue
[2026-02-25T11:06:50.743+0000] {logging_mixin.py:190} INFO - [2026-02-25T11:06:50.743+0000] {dagbag.py:588} INFO - Filling up the DagBag from /home/ubuntu/airflow-venv/lib/python3.12/site-packages/airflow/example_dags/example_branch_python_dop_operator_3.py
[2026-02-25T11:06:50.749+0000] {processor.py:925} INFO - DAG(s) 'example_branch_dop_operator_v3' retrieved from /home/ubuntu/airflow-venv/lib/python3.12/site-packages/airflow/example_dags/example_branch_python_dop_operator_3.py
[2026-02-25T11:06:50.758+0000] {logging_mixin.py:190} INFO - [2026-02-25T11:06:50.758+0000] {dag.py:3239} INFO - Sync 1 DAGs
[2026-02-25T11:06:50.771+0000] {logging_mixin.py:190} INFO - [2026-02-25T11:06:50.771+0000] {dag.py:4180} INFO - Setting next_dagrun for example_branch_dop_operator_v3 to 2026-02-25 11:05:00+00:00, run_after=2026-02-25 11:06:00+00:00
[2026-02-25T11:06:50.787+0000] {processor.py:208} INFO - Processing /home/ubuntu/airflow-venv/lib/python3.12/site-packages/airflow/example_dags/example_branch_python_dop_operator_3.py took 0.049 seconds
[2026-02-25T11:07:24.476+0000] {processor.py:186} INFO - Started process (PID=8298) to work on /home/ubuntu/airflow-venv/lib/python3.12/site-packages/airflow/example_dags/example_branch_python_dop_operator_3.py
[2026-02-25T11:07:24.477+0000] {processor.py:914} INFO - Processing file /home/ubuntu/airflow-venv/lib/python3.12/site-packages/airflow/example_dags/example_branch_python_dop_operator_3.py for tasks to queue
[2026-02-25T11:07:24.479+0000] {logging_mixin.py:190} INFO - [2026-02-25T11:07:24.479+0000] {dagbag.py:588} INFO - Filling up the DagBag from /home/ubuntu/airflow-venv/lib/python3.12/site-packages/airflow/example_dags/example_branch_python_dop_operator_3.py
[2026-02-25T11:07:24.488+0000] {processor.py:925} INFO - DAG(s) 'example_branch_dop_operator_v3' retrieved from /home/ubuntu/airflow-venv/lib/python3.12/site-packages/airflow/example_dags/example_branch_python_dop_operator_3.py
[2026-02-25T11:07:24.508+0000] {logging_mixin.py:190} INFO - [2026-02-25T11:07:24.508+0000] {dag.py:3239} INFO - Sync 1 DAGs
[2026-02-25T11:07:24.523+0000] {logging_mixin.py:190} INFO - [2026-02-25T11:07:24.523+0000] {dag.py:4180} INFO - Setting next_dagrun for example_branch_dop_operator_v3 to 2026-02-25 11:06:00+00:00, run_after=2026-02-25 11:07:00+00:00
[2026-02-25T11:07:24.539+0000] {processor.py:208} INFO - Processing /home/ubuntu/airflow-venv/lib/python3.12/site-packages/airflow/example_dags/example_branch_python_dop_operator_3.py took 0.068 seconds
[2026-02-25T11:08:01.514+0000] {processor.py:186} INFO - Started process (PID=8375) to work on /home/ubuntu/airflow-venv/lib/python3.12/site-packages/airflow/example_dags/example_branch_python_dop_operator_3.py
[2026-02-25T11:08:01.515+0000] {processor.py:914} INFO - Processing file /home/ubuntu/airflow-venv/lib/python3.12/site-packages/airflow/example_dags/example_branch_python_dop_operator_3.py for tasks to queue
[2026-02-25T11:08:01.516+0000] {logging_mixin.py:190} INFO - [2026-02-25T11:08:01.516+0000] {dagbag.py:588} INFO - Filling up the DagBag from /home/ubuntu/airflow-venv/lib/python3.12/site-packages/airflow/example_dags/example_branch_python_dop_operator_3.py
[2026-02-25T11:08:01.522+0000] {processor.py:925} INFO - DAG(s) 'example_branch_dop_operator_v3' retrieved from /home/ubuntu/airflow-venv/lib/python3.12/site-packages/airflow/example_dags/example_branch_python_dop_operator_3.py
[2026-02-25T11:08:01.532+0000] {logging_mixin.py:190} INFO - [2026-02-25T11:08:01.531+0000] {dag.py:3239} INFO - Sync 1 DAGs
[2026-02-25T11:08:01.545+0000] {logging_mixin.py:190} INFO - [2026-02-25T11:08:01.545+0000] {dag.py:4180} INFO - Setting next_dagrun for example_branch_dop_operator_v3 to 2026-02-25 11:07:00+00:00, run_after=2026-02-25 11:08:00+00:00
[2026-02-25T11:08:01.561+0000] {processor.py:208} INFO - Processing /home/ubuntu/airflow-venv/lib/python3.12/site-packages/airflow/example_dags/example_branch_python_dop_operator_3.py took 0.051 seconds
[2026-02-25T11:08:35.250+0000] {processor.py:186} INFO - Started process (PID=8468) to work on /home/ubuntu/airflow-venv/lib/python3.12/site-packages/airflow/example_dags/example_branch_python_dop_operator_3.py
[2026-02-25T11:08:35.250+0000] {processor.py:914} INFO - Processing file /home/ubuntu/airflow-venv/lib/python3.12/site-packages/airflow/example_dags/example_branch_python_dop_operator_3.py for tasks to queue
[2026-02-25T11:08:35.252+0000] {logging_mixin.py:190} INFO - [2026-02-25T11:08:35.252+0000] {dagbag.py:588} INFO - Filling up the DagBag from /home/ubuntu/airflow-venv/lib/python3.12/site-packages/airflow/example_dags/example_branch_python_dop_operator_3.py
[2026-02-25T11:08:35.259+0000] {processor.py:925} INFO - DAG(s) 'example_branch_dop_operator_v3' retrieved from /home/ubuntu/airflow-venv/lib/python3.12/site-packages/airflow/example_dags/example_branch_python_dop_operator_3.py
[2026-02-25T11:08:35.269+0000] {logging_mixin.py:190} INFO - [2026-02-25T11:08:35.269+0000] {dag.py:3239} INFO - Sync 1 DAGs
[2026-02-25T11:08:35.282+0000] {logging_mixin.py:190} INFO - [2026-02-25T11:08:35.282+0000] {dag.py:4180} INFO - Setting next_dagrun for example_branch_dop_operator_v3 to 2026-02-25 11:07:00+00:00, run_after=2026-02-25 11:08:00+00:00
[2026-02-25T11:08:35.298+0000] {processor.py:208} INFO - Processing /home/ubuntu/airflow-venv/lib/python3.12/site-packages/airflow/example_dags/example_branch_python_dop_operator_3.py took 0.053 seconds
[2026-02-25T11:09:19.637+0000] {processor.py:186} INFO - Started process (PID=8560) to work on /home/ubuntu/airflow-venv/lib/python3.12/site-packages/airflow/example_dags/example_branch_python_dop_operator_3.py
[2026-02-25T11:09:19.639+0000] {processor.py:914} INFO - Processing file /home/ubuntu/airflow-venv/lib/python3.12/site-packages/airflow/example_dags/example_branch_python_dop_operator_3.py for tasks to queue
[2026-02-25T11:09:19.640+0000] {logging_mixin.py:190} INFO - [2026-02-25T11:09:19.640+0000] {dagbag.py:588} INFO - Filling up the DagBag from /home/ubuntu/airflow-venv/lib/python3.12/site-packages/airflow/example_dags/example_branch_python_dop_operator_3.py
[2026-02-25T11:09:19.647+0000] {processor.py:925} INFO - DAG(s) 'example_branch_dop_operator_v3' retrieved from /home/ubuntu/airflow-venv/lib/python3.12/site-packages/airflow/example_dags/example_branch_python_dop_operator_3.py
[2026-02-25T11:09:19.657+0000] {logging_mixin.py:190} INFO - [2026-02-25T11:09:19.657+0000] {dag.py:3239} INFO - Sync 1 DAGs
[2026-02-25T11:09:19.670+0000] {logging_mixin.py:190} INFO - [2026-02-25T11:09:19.670+0000] {dag.py:4180} INFO - Setting next_dagrun for example_branch_dop_operator_v3 to 2026-02-25 11:08:00+00:00, run_after=2026-02-25 11:09:00+00:00
[2026-02-25T11:09:19.687+0000] {processor.py:208} INFO - Processing /home/ubuntu/airflow-venv/lib/python3.12/site-packages/airflow/example_dags/example_branch_python_dop_operator_3.py took 0.053 seconds
[2026-02-25T11:09:50.055+0000] {processor.py:186} INFO - Started process (PID=8624) to work on /home/ubuntu/airflow-venv/lib/python3.12/site-packages/airflow/example_dags/example_branch_python_dop_operator_3.py
[2026-02-25T11:09:50.056+0000] {processor.py:914} INFO - Processing file /home/ubuntu/airflow-venv/lib/python3.12/site-packages/airflow/example_dags/example_branch_python_dop_operator_3.py for tasks to queue
[2026-02-25T11:09:50.057+0000] {logging_mixin.py:190} INFO - [2026-02-25T11:09:50.057+0000] {dagbag.py:588} INFO - Filling up the DagBag from /home/ubuntu/airflow-venv/lib/python3.12/site-packages/airflow/example_dags/example_branch_python_dop_operator_3.py
[2026-02-25T11:09:50.064+0000] {processor.py:925} INFO - DAG(s) 'example_branch_dop_operator_v3' retrieved from /home/ubuntu/airflow-venv/lib/python3.12/site-packages/airflow/example_dags/example_branch_python_dop_operator_3.py
[2026-02-25T11:09:50.073+0000] {logging_mixin.py:190} INFO - [2026-02-25T11:09:50.073+0000] {dag.py:3239} INFO - Sync 1 DAGs
[2026-02-25T11:09:50.087+0000] {logging_mixin.py:190} INFO - [2026-02-25T11:09:50.086+0000] {dag.py:4180} INFO - Setting next_dagrun for example_branch_dop_operator_v3 to 2026-02-25 11:08:00+00:00, run_after=2026-02-25 11:09:00+00:00
[2026-02-25T11:09:50.103+0000] {processor.py:208} INFO - Processing /home/ubuntu/airflow-venv/lib/python3.12/site-packages/airflow/example_dags/example_branch_python_dop_operator_3.py took 0.051 seconds
[2026-02-25T11:10:31.562+0000] {processor.py:186} INFO - Started process (PID=8714) to work on /home/ubuntu/airflow-venv/lib/python3.12/site-packages/airflow/example_dags/example_branch_python_dop_operator_3.py
[2026-02-25T11:10:31.563+0000] {processor.py:914} INFO - Processing file /home/ubuntu/airflow-venv/lib/python3.12/site-packages/airflow/example_dags/example_branch_python_dop_operator_3.py for tasks to queue
[2026-02-25T11:10:31.564+0000] {logging_mixin.py:190} INFO - [2026-02-25T11:10:31.564+0000] {dagbag.py:588} INFO - Filling up the DagBag from /home/ubuntu/airflow-venv/lib/python3.12/site-packages/airflow/example_dags/example_branch_python_dop_operator_3.py
[2026-02-25T11:10:31.570+0000] {processor.py:925} INFO - DAG(s) 'example_branch_dop_operator_v3' retrieved from /home/ubuntu/airflow-venv/lib/python3.12/site-packages/airflow/example_dags/example_branch_python_dop_operator_3.py
[2026-02-25T11:10:31.580+0000] {logging_mixin.py:190} INFO - [2026-02-25T11:10:31.580+0000] {dag.py:3239} INFO - Sync 1 DAGs
[2026-02-25T11:10:31.593+0000] {logging_mixin.py:190} INFO - [2026-02-25T11:10:31.593+0000] {dag.py:4180} INFO - Setting next_dagrun for example_branch_dop_operator_v3 to 2026-02-25 11:09:00+00:00, run_after=2026-02-25 11:10:00+00:00
[2026-02-25T11:10:31.610+0000] {processor.py:208} INFO - Processing /home/ubuntu/airflow-venv/lib/python3.12/site-packages/airflow/example_dags/example_branch_python_dop_operator_3.py took 0.052 seconds
[2026-02-25T11:11:05.413+0000] {processor.py:186} INFO - Started process (PID=8783) to work on /home/ubuntu/airflow-venv/lib/python3.12/site-packages/airflow/example_dags/example_branch_python_dop_operator_3.py
[2026-02-25T11:11:05.415+0000] {processor.py:914} INFO - Processing file /home/ubuntu/airflow-venv/lib/python3.12/site-packages/airflow/example_dags/example_branch_python_dop_operator_3.py for tasks to queue
[2026-02-25T11:11:05.416+0000] {logging_mixin.py:190} INFO - [2026-02-25T11:11:05.416+0000] {dagbag.py:588} INFO - Filling up the DagBag from /home/ubuntu/airflow-venv/lib/python3.12/site-packages/airflow/example_dags/example_branch_python_dop_operator_3.py
[2026-02-25T11:11:05.422+0000] {processor.py:925} INFO - DAG(s) 'example_branch_dop_operator_v3' retrieved from /home/ubuntu/airflow-venv/lib/python3.12/site-packages/airflow/example_dags/example_branch_python_dop_operator_3.py
[2026-02-25T11:11:05.432+0000] {logging_mixin.py:190} INFO - [2026-02-25T11:11:05.432+0000] {dag.py:3239} INFO - Sync 1 DAGs
[2026-02-25T11:11:05.445+0000] {logging_mixin.py:190} INFO - [2026-02-25T11:11:05.445+0000] {dag.py:4180} INFO - Setting next_dagrun for example_branch_dop_operator_v3 to 2026-02-25 11:10:00+00:00, run_after=2026-02-25 11:11:00+00:00
[2026-02-25T11:11:05.462+0000] {processor.py:208} INFO - Processing /home/ubuntu/airflow-venv/lib/python3.12/site-packages/airflow/example_dags/example_branch_python_dop_operator_3.py took 0.052 seconds
[2026-02-25T11:11:49.864+0000] {processor.py:186} INFO - Started process (PID=8880) to work on /home/ubuntu/airflow-venv/lib/python3.12/site-packages/airflow/example_dags/example_branch_python_dop_operator_3.py
[2026-02-25T11:11:49.865+0000] {processor.py:914} INFO - Processing file /home/ubuntu/airflow-venv/lib/python3.12/site-packages/airflow/example_dags/example_branch_python_dop_operator_3.py for tasks to queue
[2026-02-25T11:11:49.867+0000] {logging_mixin.py:190} INFO - [2026-02-25T11:11:49.866+0000] {dagbag.py:588} INFO - Filling up the DagBag from /home/ubuntu/airflow-venv/lib/python3.12/site-packages/airflow/example_dags/example_branch_python_dop_operator_3.py
[2026-02-25T11:11:49.874+0000] {processor.py:925} INFO - DAG(s) 'example_branch_dop_operator_v3' retrieved from /home/ubuntu/airflow-venv/lib/python3.12/site-packages/airflow/example_dags/example_branch_python_dop_operator_3.py
[2026-02-25T11:11:49.883+0000] {logging_mixin.py:190} INFO - [2026-02-25T11:11:49.883+0000] {dag.py:3239} INFO - Sync 1 DAGs
[2026-02-25T11:11:49.897+0000] {logging_mixin.py:190} INFO - [2026-02-25T11:11:49.897+0000] {dag.py:4180} INFO - Setting next_dagrun for example_branch_dop_operator_v3 to 2026-02-25 11:10:00+00:00, run_after=2026-02-25 11:11:00+00:00
[2026-02-25T11:11:49.914+0000] {processor.py:208} INFO - Processing /home/ubuntu/airflow-venv/lib/python3.12/site-packages/airflow/example_dags/example_branch_python_dop_operator_3.py took 0.054 seconds
[2026-02-25T11:12:01.862+0000] {processor.py:186} INFO - Started process (PID=8905) to work on /home/ubuntu/airflow-venv/lib/python3.12/site-packages/airflow/example_dags/example_branch_python_dop_operator_3.py
[2026-02-25T11:12:01.863+0000] {processor.py:914} INFO - Processing file /home/ubuntu/airflow-venv/lib/python3.12/site-packages/airflow/example_dags/example_branch_python_dop_operator_3.py for tasks to queue
[2026-02-25T11:12:01.864+0000] {logging_mixin.py:190} INFO - [2026-02-25T11:12:01.864+0000] {dagbag.py:588} INFO - Filling up the DagBag from /home/ubuntu/airflow-venv/lib/python3.12/site-packages/airflow/example_dags/example_branch_python_dop_operator_3.py
[2026-02-25T11:12:01.871+0000] {processor.py:925} INFO - DAG(s) 'example_branch_dop_operator_v3' retrieved from /home/ubuntu/airflow-venv/lib/python3.12/site-packages/airflow/example_dags/example_branch_python_dop_operator_3.py
[2026-02-25T11:12:01.951+0000] {logging_mixin.py:190} INFO - [2026-02-25T11:12:01.951+0000] {dag.py:3239} INFO - Sync 1 DAGs
[2026-02-25T11:12:01.962+0000] {logging_mixin.py:190} INFO - [2026-02-25T11:12:01.962+0000] {dag.py:4180} INFO - Setting next_dagrun for example_branch_dop_operator_v3 to 2026-02-25 11:11:00+00:00, run_after=2026-02-25 11:12:00+00:00
[2026-02-25T11:12:01.978+0000] {processor.py:208} INFO - Processing /home/ubuntu/airflow-venv/lib/python3.12/site-packages/airflow/example_dags/example_branch_python_dop_operator_3.py took 0.119 seconds
[2026-02-25T11:13:06.106+0000] {processor.py:186} INFO - Started process (PID=9034) to work on /home/ubuntu/airflow-venv/lib/python3.12/site-packages/airflow/example_dags/example_branch_python_dop_operator_3.py
[2026-02-25T11:13:06.107+0000] {processor.py:914} INFO - Processing file /home/ubuntu/airflow-venv/lib/python3.12/site-packages/airflow/example_dags/example_branch_python_dop_operator_3.py for tasks to queue
[2026-02-25T11:13:06.108+0000] {logging_mixin.py:190} INFO - [2026-02-25T11:13:06.108+0000] {dagbag.py:588} INFO - Filling up the DagBag from /home/ubuntu/airflow-venv/lib/python3.12/site-packages/airflow/example_dags/example_branch_python_dop_operator_3.py
[2026-02-25T11:13:06.115+0000] {processor.py:925} INFO - DAG(s) 'example_branch_dop_operator_v3' retrieved from /home/ubuntu/airflow-venv/lib/python3.12/site-packages/airflow/example_dags/example_branch_python_dop_operator_3.py
[2026-02-25T11:13:06.125+0000] {logging_mixin.py:190} INFO - [2026-02-25T11:13:06.124+0000] {dag.py:3239} INFO - Sync 1 DAGs
[2026-02-25T11:13:06.138+0000] {logging_mixin.py:190} INFO - [2026-02-25T11:13:06.138+0000] {dag.py:4180} INFO - Setting next_dagrun for example_branch_dop_operator_v3 to 2026-02-25 11:12:00+00:00, run_after=2026-02-25 11:13:00+00:00
[2026-02-25T11:13:06.154+0000] {processor.py:208} INFO - Processing /home/ubuntu/airflow-venv/lib/python3.12/site-packages/airflow/example_dags/example_branch_python_dop_operator_3.py took 0.052 seconds
[2026-02-25T11:13:20.842+0000] {processor.py:186} INFO - Started process (PID=9065) to work on /home/ubuntu/airflow-venv/lib/python3.12/site-packages/airflow/example_dags/example_branch_python_dop_operator_3.py
[2026-02-25T11:13:20.842+0000] {processor.py:914} INFO - Processing file /home/ubuntu/airflow-venv/lib/python3.12/site-packages/airflow/example_dags/example_branch_python_dop_operator_3.py for tasks to queue
[2026-02-25T11:13:20.844+0000] {logging_mixin.py:190} INFO - [2026-02-25T11:13:20.843+0000] {dagbag.py:588} INFO - Filling up the DagBag from /home/ubuntu/airflow-venv/lib/python3.12/site-packages/airflow/example_dags/example_branch_python_dop_operator_3.py
[2026-02-25T11:13:20.851+0000] {processor.py:925} INFO - DAG(s) 'example_branch_dop_operator_v3' retrieved from /home/ubuntu/airflow-venv/lib/python3.12/site-packages/airflow/example_dags/example_branch_python_dop_operator_3.py
[2026-02-25T11:13:20.861+0000] {logging_mixin.py:190} INFO - [2026-02-25T11:13:20.861+0000] {dag.py:3239} INFO - Sync 1 DAGs
[2026-02-25T11:13:20.875+0000] {logging_mixin.py:190} INFO - [2026-02-25T11:13:20.875+0000] {dag.py:4180} INFO - Setting next_dagrun for example_branch_dop_operator_v3 to 2026-02-25 11:12:00+00:00, run_after=2026-02-25 11:13:00+00:00
[2026-02-25T11:13:20.892+0000] {processor.py:208} INFO - Processing /home/ubuntu/airflow-venv/lib/python3.12/site-packages/airflow/example_dags/example_branch_python_dop_operator_3.py took 0.054 seconds
[2026-02-25T11:13:59.754+0000] {processor.py:186} INFO - Started process (PID=9146) to work on /home/ubuntu/airflow-venv/lib/python3.12/site-packages/airflow/example_dags/example_branch_python_dop_operator_3.py
[2026-02-25T11:13:59.755+0000] {processor.py:914} INFO - Processing file /home/ubuntu/airflow-venv/lib/python3.12/site-packages/airflow/example_dags/example_branch_python_dop_operator_3.py for tasks to queue
[2026-02-25T11:13:59.756+0000] {logging_mixin.py:190} INFO - [2026-02-25T11:13:59.756+0000] {dagbag.py:588} INFO - Filling up the DagBag from /home/ubuntu/airflow-venv/lib/python3.12/site-packages/airflow/example_dags/example_branch_python_dop_operator_3.py
[2026-02-25T11:13:59.763+0000] {processor.py:925} INFO - DAG(s) 'example_branch_dop_operator_v3' retrieved from /home/ubuntu/airflow-venv/lib/python3.12/site-packages/airflow/example_dags/example_branch_python_dop_operator_3.py
[2026-02-25T11:13:59.773+0000] {logging_mixin.py:190} INFO - [2026-02-25T11:13:59.773+0000] {dag.py:3239} INFO - Sync 1 DAGs
[2026-02-25T11:13:59.787+0000] {logging_mixin.py:190} INFO - [2026-02-25T11:13:59.787+0000] {dag.py:4180} INFO - Setting next_dagrun for example_branch_dop_operator_v3 to 2026-02-25 11:12:00+00:00, run_after=2026-02-25 11:13:00+00:00
[2026-02-25T11:13:59.804+0000] {processor.py:208} INFO - Processing /home/ubuntu/airflow-venv/lib/python3.12/site-packages/airflow/example_dags/example_branch_python_dop_operator_3.py took 0.054 seconds
[2026-02-25T11:14:15.972+0000] {processor.py:186} INFO - Started process (PID=9178) to work on /home/ubuntu/airflow-venv/lib/python3.12/site-packages/airflow/example_dags/example_branch_python_dop_operator_3.py
[2026-02-25T11:14:15.973+0000] {processor.py:914} INFO - Processing file /home/ubuntu/airflow-venv/lib/python3.12/site-packages/airflow/example_dags/example_branch_python_dop_operator_3.py for tasks to queue
[2026-02-25T11:14:15.974+0000] {logging_mixin.py:190} INFO - [2026-02-25T11:14:15.974+0000] {dagbag.py:588} INFO - Filling up the DagBag from /home/ubuntu/airflow-venv/lib/python3.12/site-packages/airflow/example_dags/example_branch_python_dop_operator_3.py
[2026-02-25T11:14:15.981+0000] {processor.py:925} INFO - DAG(s) 'example_branch_dop_operator_v3' retrieved from /home/ubuntu/airflow-venv/lib/python3.12/site-packages/airflow/example_dags/example_branch_python_dop_operator_3.py
[2026-02-25T11:14:15.991+0000] {logging_mixin.py:190} INFO - [2026-02-25T11:14:15.991+0000] {dag.py:3239} INFO - Sync 1 DAGs
[2026-02-25T11:14:16.006+0000] {logging_mixin.py:190} INFO - [2026-02-25T11:14:16.005+0000] {dag.py:4180} INFO - Setting next_dagrun for example_branch_dop_operator_v3 to 2026-02-25 11:13:00+00:00, run_after=2026-02-25 11:14:00+00:00
[2026-02-25T11:14:16.022+0000] {processor.py:208} INFO - Processing /home/ubuntu/airflow-venv/lib/python3.12/site-packages/airflow/example_dags/example_branch_python_dop_operator_3.py took 0.054 seconds
[2026-02-25T11:15:10.310+0000] {processor.py:186} INFO - Started process (PID=9296) to work on /home/ubuntu/airflow-venv/lib/python3.12/site-packages/airflow/example_dags/example_branch_python_dop_operator_3.py
[2026-02-25T11:15:10.311+0000] {processor.py:914} INFO - Processing file /home/ubuntu/airflow-venv/lib/python3.12/site-packages/airflow/example_dags/example_branch_python_dop_operator_3.py for tasks to queue
[2026-02-25T11:15:10.312+0000] {logging_mixin.py:190} INFO - [2026-02-25T11:15:10.312+0000] {dagbag.py:588} INFO - Filling up the DagBag from /home/ubuntu/airflow-venv/lib/python3.12/site-packages/airflow/example_dags/example_branch_python_dop_operator_3.py
[2026-02-25T11:15:10.319+0000] {processor.py:925} INFO - DAG(s) 'example_branch_dop_operator_v3' retrieved from /home/ubuntu/airflow-venv/lib/python3.12/site-packages/airflow/example_dags/example_branch_python_dop_operator_3.py
[2026-02-25T11:15:10.329+0000] {logging_mixin.py:190} INFO - [2026-02-25T11:15:10.329+0000] {dag.py:3239} INFO - Sync 1 DAGs
[2026-02-25T11:15:10.343+0000] {logging_mixin.py:190} INFO - [2026-02-25T11:15:10.343+0000] {dag.py:4180} INFO - Setting next_dagrun for example_branch_dop_operator_v3 to 2026-02-25 11:14:00+00:00, run_after=2026-02-25 11:15:00+00:00
[2026-02-25T11:15:10.360+0000] {processor.py:208} INFO - Processing /home/ubuntu/airflow-venv/lib/python3.12/site-packages/airflow/example_dags/example_branch_python_dop_operator_3.py took 0.054 seconds
[2026-02-25T11:15:11.624+0000] {processor.py:186} INFO - Started process (PID=9300) to work on /home/ubuntu/airflow-venv/lib/python3.12/site-packages/airflow/example_dags/example_branch_python_dop_operator_3.py
[2026-02-25T11:15:11.625+0000] {processor.py:914} INFO - Processing file /home/ubuntu/airflow-venv/lib/python3.12/site-packages/airflow/example_dags/example_branch_python_dop_operator_3.py for tasks to queue
[2026-02-25T11:15:11.626+0000] {logging_mixin.py:190} INFO - [2026-02-25T11:15:11.626+0000] {dagbag.py:588} INFO - Filling up the DagBag from /home/ubuntu/airflow-venv/lib/python3.12/site-packages/airflow/example_dags/example_branch_python_dop_operator_3.py
[2026-02-25T11:15:11.633+0000] {processor.py:925} INFO - DAG(s) 'example_branch_dop_operator_v3' retrieved from /home/ubuntu/airflow-venv/lib/python3.12/site-packages/airflow/example_dags/example_branch_python_dop_operator_3.py
[2026-02-25T11:15:11.643+0000] {logging_mixin.py:190} INFO - [2026-02-25T11:15:11.643+0000] {dag.py:3239} INFO - Sync 1 DAGs
[2026-02-25T11:15:11.658+0000] {logging_mixin.py:190} INFO - [2026-02-25T11:15:11.657+0000] {dag.py:4180} INFO - Setting next_dagrun for example_branch_dop_operator_v3 to 2026-02-25 11:14:00+00:00, run_after=2026-02-25 11:15:00+00:00
[2026-02-25T11:15:11.675+0000] {processor.py:208} INFO - Processing /home/ubuntu/airflow-venv/lib/python3.12/site-packages/airflow/example_dags/example_branch_python_dop_operator_3.py took 0.054 seconds
[2026-02-25T11:16:21.087+0000] {processor.py:186} INFO - Started process (PID=9446) to work on /home/ubuntu/airflow-venv/lib/python3.12/site-packages/airflow/example_dags/example_branch_python_dop_operator_3.py
[2026-02-25T11:16:21.088+0000] {processor.py:914} INFO - Processing file /home/ubuntu/airflow-venv/lib/python3.12/site-packages/airflow/example_dags/example_branch_python_dop_operator_3.py for tasks to queue
[2026-02-25T11:16:21.090+0000] {logging_mixin.py:190} INFO - [2026-02-25T11:16:21.089+0000] {dagbag.py:588} INFO - Filling up the DagBag from /home/ubuntu/airflow-venv/lib/python3.12/site-packages/airflow/example_dags/example_branch_python_dop_operator_3.py
[2026-02-25T11:16:21.097+0000] {processor.py:925} INFO - DAG(s) 'example_branch_dop_operator_v3' retrieved from /home/ubuntu/airflow-venv/lib/python3.12/site-packages/airflow/example_dags/example_branch_python_dop_operator_3.py
[2026-02-25T11:16:21.107+0000] {logging_mixin.py:190} INFO - [2026-02-25T11:16:21.106+0000] {dag.py:3239} INFO - Sync 1 DAGs
[2026-02-25T11:16:21.120+0000] {logging_mixin.py:190} INFO - [2026-02-25T11:16:21.120+0000] {dag.py:4180} INFO - Setting next_dagrun for example_branch_dop_operator_v3 to 2026-02-25 11:15:00+00:00, run_after=2026-02-25 11:16:00+00:00
[2026-02-25T11:16:21.137+0000] {processor.py:208} INFO - Processing /home/ubuntu/airflow-venv/lib/python3.12/site-packages/airflow/example_dags/example_branch_python_dop_operator_3.py took 0.053 seconds
[2026-02-25T11:16:26.783+0000] {processor.py:186} INFO - Started process (PID=9457) to work on /home/ubuntu/airflow-venv/lib/python3.12/site-packages/airflow/example_dags/example_branch_python_dop_operator_3.py
[2026-02-25T11:16:26.784+0000] {processor.py:914} INFO - Processing file /home/ubuntu/airflow-venv/lib/python3.12/site-packages/airflow/example_dags/example_branch_python_dop_operator_3.py for tasks to queue
[2026-02-25T11:16:26.785+0000] {logging_mixin.py:190} INFO - [2026-02-25T11:16:26.785+0000] {dagbag.py:588} INFO - Filling up the DagBag from /home/ubuntu/airflow-venv/lib/python3.12/site-packages/airflow/example_dags/example_branch_python_dop_operator_3.py
[2026-02-25T11:16:26.792+0000] {processor.py:925} INFO - DAG(s) 'example_branch_dop_operator_v3' retrieved from /home/ubuntu/airflow-venv/lib/python3.12/site-packages/airflow/example_dags/example_branch_python_dop_operator_3.py
[2026-02-25T11:16:26.803+0000] {logging_mixin.py:190} INFO - [2026-02-25T11:16:26.802+0000] {dag.py:3239} INFO - Sync 1 DAGs
[2026-02-25T11:16:26.817+0000] {logging_mixin.py:190} INFO - [2026-02-25T11:16:26.817+0000] {dag.py:4180} INFO - Setting next_dagrun for example_branch_dop_operator_v3 to 2026-02-25 11:15:00+00:00, run_after=2026-02-25 11:16:00+00:00
[2026-02-25T11:16:26.835+0000] {processor.py:208} INFO - Processing /home/ubuntu/airflow-venv/lib/python3.12/site-packages/airflow/example_dags/example_branch_python_dop_operator_3.py took 0.056 seconds
[2026-02-25T11:17:35.839+0000] {processor.py:186} INFO - Started process (PID=9608) to work on /home/ubuntu/airflow-venv/lib/python3.12/site-packages/airflow/example_dags/example_branch_python_dop_operator_3.py
[2026-02-25T11:17:35.840+0000] {processor.py:914} INFO - Processing file /home/ubuntu/airflow-venv/lib/python3.12/site-packages/airflow/example_dags/example_branch_python_dop_operator_3.py for tasks to queue
[2026-02-25T11:17:35.842+0000] {logging_mixin.py:190} INFO - [2026-02-25T11:17:35.842+0000] {dagbag.py:588} INFO - Filling up the DagBag from /home/ubuntu/airflow-venv/lib/python3.12/site-packages/airflow/example_dags/example_branch_python_dop_operator_3.py
[2026-02-25T11:17:35.849+0000] {processor.py:925} INFO - DAG(s) 'example_branch_dop_operator_v3' retrieved from /home/ubuntu/airflow-venv/lib/python3.12/site-packages/airflow/example_dags/example_branch_python_dop_operator_3.py
[2026-02-25T11:17:35.859+0000] {logging_mixin.py:190} INFO - [2026-02-25T11:17:35.859+0000] {dag.py:3239} INFO - Sync 1 DAGs
[2026-02-25T11:17:35.873+0000] {logging_mixin.py:190} INFO - [2026-02-25T11:17:35.873+0000] {dag.py:4180} INFO - Setting next_dagrun for example_branch_dop_operator_v3 to 2026-02-25 11:16:00+00:00, run_after=2026-02-25 11:17:00+00:00
[2026-02-25T11:17:35.890+0000] {processor.py:208} INFO - Processing /home/ubuntu/airflow-venv/lib/python3.12/site-packages/airflow/example_dags/example_branch_python_dop_operator_3.py took 0.055 seconds
[2026-02-25T11:17:40.561+0000] {processor.py:186} INFO - Started process (PID=9617) to work on /home/ubuntu/airflow-venv/lib/python3.12/site-packages/airflow/example_dags/example_branch_python_dop_operator_3.py
[2026-02-25T11:17:40.561+0000] {processor.py:914} INFO - Processing file /home/ubuntu/airflow-venv/lib/python3.12/site-packages/airflow/example_dags/example_branch_python_dop_operator_3.py for tasks to queue
[2026-02-25T11:17:40.563+0000] {logging_mixin.py:190} INFO - [2026-02-25T11:17:40.562+0000] {dagbag.py:588} INFO - Filling up the DagBag from /home/ubuntu/airflow-venv/lib/python3.12/site-packages/airflow/example_dags/example_branch_python_dop_operator_3.py
[2026-02-25T11:17:40.570+0000] {processor.py:925} INFO - DAG(s) 'example_branch_dop_operator_v3' retrieved from /home/ubuntu/airflow-venv/lib/python3.12/site-packages/airflow/example_dags/example_branch_python_dop_operator_3.py
[2026-02-25T11:17:40.581+0000] {logging_mixin.py:190} INFO - [2026-02-25T11:17:40.581+0000] {dag.py:3239} INFO - Sync 1 DAGs
[2026-02-25T11:17:40.596+0000] {logging_mixin.py:190} INFO - [2026-02-25T11:17:40.596+0000] {dag.py:4180} INFO - Setting next_dagrun for example_branch_dop_operator_v3 to 2026-02-25 11:16:00+00:00, run_after=2026-02-25 11:17:00+00:00
[2026-02-25T11:17:40.613+0000] {processor.py:208} INFO - Processing /home/ubuntu/airflow-venv/lib/python3.12/site-packages/airflow/example_dags/example_branch_python_dop_operator_3.py took 0.057 seconds
[2026-02-25T11:18:55.011+0000] {processor.py:186} INFO - Started process (PID=9771) to work on /home/ubuntu/airflow-venv/lib/python3.12/site-packages/airflow/example_dags/example_branch_python_dop_operator_3.py
[2026-02-25T11:18:55.012+0000] {processor.py:914} INFO - Processing file /home/ubuntu/airflow-venv/lib/python3.12/site-packages/airflow/example_dags/example_branch_python_dop_operator_3.py for tasks to queue
[2026-02-25T11:18:55.014+0000] {logging_mixin.py:190} INFO - [2026-02-25T11:18:55.013+0000] {dagbag.py:588} INFO - Filling up the DagBag from /home/ubuntu/airflow-venv/lib/python3.12/site-packages/airflow/example_dags/example_branch_python_dop_operator_3.py
[2026-02-25T11:18:55.021+0000] {processor.py:925} INFO - DAG(s) 'example_branch_dop_operator_v3' retrieved from /home/ubuntu/airflow-venv/lib/python3.12/site-packages/airflow/example_dags/example_branch_python_dop_operator_3.py
[2026-02-25T11:18:55.032+0000] {logging_mixin.py:190} INFO - [2026-02-25T11:18:55.032+0000] {dag.py:3239} INFO - Sync 1 DAGs
[2026-02-25T11:18:55.049+0000] {logging_mixin.py:190} INFO - [2026-02-25T11:18:55.048+0000] {dag.py:4180} INFO - Setting next_dagrun for example_branch_dop_operator_v3 to 2026-02-25 11:17:00+00:00, run_after=2026-02-25 11:18:00+00:00
[2026-02-25T11:18:55.068+0000] {processor.py:208} INFO - Processing /home/ubuntu/airflow-venv/lib/python3.12/site-packages/airflow/example_dags/example_branch_python_dop_operator_3.py took 0.061 seconds
[2026-02-25T11:18:56.976+0000] {processor.py:186} INFO - Started process (PID=9774) to work on /home/ubuntu/airflow-venv/lib/python3.12/site-packages/airflow/example_dags/example_branch_python_dop_operator_3.py
[2026-02-25T11:18:56.977+0000] {processor.py:914} INFO - Processing file /home/ubuntu/airflow-venv/lib/python3.12/site-packages/airflow/example_dags/example_branch_python_dop_operator_3.py for tasks to queue
[2026-02-25T11:18:56.978+0000] {logging_mixin.py:190} INFO - [2026-02-25T11:18:56.978+0000] {dagbag.py:588} INFO - Filling up the DagBag from /home/ubuntu/airflow-venv/lib/python3.12/site-packages/airflow/example_dags/example_branch_python_dop_operator_3.py
[2026-02-25T11:18:56.985+0000] {processor.py:925} INFO - DAG(s) 'example_branch_dop_operator_v3' retrieved from /home/ubuntu/airflow-venv/lib/python3.12/site-packages/airflow/example_dags/example_branch_python_dop_operator_3.py
[2026-02-25T11:18:56.996+0000] {logging_mixin.py:190} INFO - [2026-02-25T11:18:56.995+0000] {dag.py:3239} INFO - Sync 1 DAGs
[2026-02-25T11:18:57.011+0000] {logging_mixin.py:190} INFO - [2026-02-25T11:18:57.010+0000] {dag.py:4180} INFO - Setting next_dagrun for example_branch_dop_operator_v3 to 2026-02-25 11:17:00+00:00, run_after=2026-02-25 11:18:00+00:00
[2026-02-25T11:18:57.029+0000] {processor.py:208} INFO - Processing /home/ubuntu/airflow-venv/lib/python3.12/site-packages/airflow/example_dags/example_branch_python_dop_operator_3.py took 0.057 seconds
[2026-02-25T11:20:07.992+0000] {processor.py:186} INFO - Started process (PID=9927) to work on /home/ubuntu/airflow-venv/lib/python3.12/site-packages/airflow/example_dags/example_branch_python_dop_operator_3.py
[2026-02-25T11:20:07.993+0000] {processor.py:914} INFO - Processing file /home/ubuntu/airflow-venv/lib/python3.12/site-packages/airflow/example_dags/example_branch_python_dop_operator_3.py for tasks to queue
[2026-02-25T11:20:07.995+0000] {logging_mixin.py:190} INFO - [2026-02-25T11:20:07.994+0000] {dagbag.py:588} INFO - Filling up the DagBag from /home/ubuntu/airflow-venv/lib/python3.12/site-packages/airflow/example_dags/example_branch_python_dop_operator_3.py
[2026-02-25T11:20:08.002+0000] {processor.py:925} INFO - DAG(s) 'example_branch_dop_operator_v3' retrieved from /home/ubuntu/airflow-venv/lib/python3.12/site-packages/airflow/example_dags/example_branch_python_dop_operator_3.py
[2026-02-25T11:20:08.012+0000] {logging_mixin.py:190} INFO - [2026-02-25T11:20:08.012+0000] {dag.py:3239} INFO - Sync 1 DAGs
[2026-02-25T11:20:08.027+0000] {logging_mixin.py:190} INFO - [2026-02-25T11:20:08.027+0000] {dag.py:4180} INFO - Setting next_dagrun for example_branch_dop_operator_v3 to 2026-02-25 11:19:00+00:00, run_after=2026-02-25 11:20:00+00:00
[2026-02-25T11:20:08.044+0000] {processor.py:208} INFO - Processing /home/ubuntu/airflow-venv/lib/python3.12/site-packages/airflow/example_dags/example_branch_python_dop_operator_3.py took 0.056 seconds
[2026-02-25T11:20:10.143+0000] {processor.py:186} INFO - Started process (PID=9931) to work on /home/ubuntu/airflow-venv/lib/python3.12/site-packages/airflow/example_dags/example_branch_python_dop_operator_3.py
[2026-02-25T11:20:10.144+0000] {processor.py:914} INFO - Processing file /home/ubuntu/airflow-venv/lib/python3.12/site-packages/airflow/example_dags/example_branch_python_dop_operator_3.py for tasks to queue
[2026-02-25T11:20:10.145+0000] {logging_mixin.py:190} INFO - [2026-02-25T11:20:10.145+0000] {dagbag.py:588} INFO - Filling up the DagBag from /home/ubuntu/airflow-venv/lib/python3.12/site-packages/airflow/example_dags/example_branch_python_dop_operator_3.py
[2026-02-25T11:20:10.152+0000] {processor.py:925} INFO - DAG(s) 'example_branch_dop_operator_v3' retrieved from /home/ubuntu/airflow-venv/lib/python3.12/site-packages/airflow/example_dags/example_branch_python_dop_operator_3.py
[2026-02-25T11:20:10.163+0000] {logging_mixin.py:190} INFO - [2026-02-25T11:20:10.163+0000] {dag.py:3239} INFO - Sync 1 DAGs
[2026-02-25T11:20:10.177+0000] {logging_mixin.py:190} INFO - [2026-02-25T11:20:10.177+0000] {dag.py:4180} INFO - Setting next_dagrun for example_branch_dop_operator_v3 to 2026-02-25 11:19:00+00:00, run_after=2026-02-25 11:20:00+00:00
[2026-02-25T11:20:10.195+0000] {processor.py:208} INFO - Processing /home/ubuntu/airflow-venv/lib/python3.12/site-packages/airflow/example_dags/example_branch_python_dop_operator_3.py took 0.056 seconds
[2026-02-25T11:21:23.274+0000] {processor.py:186} INFO - Started process (PID=10086) to work on /home/ubuntu/airflow-venv/lib/python3.12/site-packages/airflow/example_dags/example_branch_python_dop_operator_3.py
[2026-02-25T11:21:23.275+0000] {processor.py:914} INFO - Processing file /home/ubuntu/airflow-venv/lib/python3.12/site-packages/airflow/example_dags/example_branch_python_dop_operator_3.py for tasks to queue
[2026-02-25T11:21:23.277+0000] {logging_mixin.py:190} INFO - [2026-02-25T11:21:23.276+0000] {dagbag.py:588} INFO - Filling up the DagBag from /home/ubuntu/airflow-venv/lib/python3.12/site-packages/airflow/example_dags/example_branch_python_dop_operator_3.py
[2026-02-25T11:21:23.284+0000] {processor.py:925} INFO - DAG(s) 'example_branch_dop_operator_v3' retrieved from /home/ubuntu/airflow-venv/lib/python3.12/site-packages/airflow/example_dags/example_branch_python_dop_operator_3.py
[2026-02-25T11:21:23.294+0000] {logging_mixin.py:190} INFO - [2026-02-25T11:21:23.294+0000] {dag.py:3239} INFO - Sync 1 DAGs
[2026-02-25T11:21:23.308+0000] {logging_mixin.py:190} INFO - [2026-02-25T11:21:23.308+0000] {dag.py:4180} INFO - Setting next_dagrun for example_branch_dop_operator_v3 to 2026-02-25 11:20:00+00:00, run_after=2026-02-25 11:21:00+00:00
[2026-02-25T11:21:23.325+0000] {processor.py:208} INFO - Processing /home/ubuntu/airflow-venv/lib/python3.12/site-packages/airflow/example_dags/example_branch_python_dop_operator_3.py took 0.055 seconds
[2026-02-25T11:21:23.814+0000] {processor.py:186} INFO - Started process (PID=10087) to work on /home/ubuntu/airflow-venv/lib/python3.12/site-packages/airflow/example_dags/example_branch_python_dop_operator_3.py
[2026-02-25T11:21:23.815+0000] {processor.py:914} INFO - Processing file /home/ubuntu/airflow-venv/lib/python3.12/site-packages/airflow/example_dags/example_branch_python_dop_operator_3.py for tasks to queue
[2026-02-25T11:21:23.816+0000] {logging_mixin.py:190} INFO - [2026-02-25T11:21:23.816+0000] {dagbag.py:588} INFO - Filling up the DagBag from /home/ubuntu/airflow-venv/lib/python3.12/site-packages/airflow/example_dags/example_branch_python_dop_operator_3.py
[2026-02-25T11:21:23.823+0000] {processor.py:925} INFO - DAG(s) 'example_branch_dop_operator_v3' retrieved from /home/ubuntu/airflow-venv/lib/python3.12/site-packages/airflow/example_dags/example_branch_python_dop_operator_3.py
[2026-02-25T11:21:23.833+0000] {logging_mixin.py:190} INFO - [2026-02-25T11:21:23.833+0000] {dag.py:3239} INFO - Sync 1 DAGs
[2026-02-25T11:21:23.847+0000] {logging_mixin.py:190} INFO - [2026-02-25T11:21:23.847+0000] {dag.py:4180} INFO - Setting next_dagrun for example_branch_dop_operator_v3 to 2026-02-25 11:20:00+00:00, run_after=2026-02-25 11:21:00+00:00
[2026-02-25T11:21:23.865+0000] {processor.py:208} INFO - Processing /home/ubuntu/airflow-venv/lib/python3.12/site-packages/airflow/example_dags/example_branch_python_dop_operator_3.py took 0.054 seconds
[2026-02-25T11:22:38.489+0000] {processor.py:186} INFO - Started process (PID=10243) to work on /home/ubuntu/airflow-venv/lib/python3.12/site-packages/airflow/example_dags/example_branch_python_dop_operator_3.py
[2026-02-25T11:22:38.490+0000] {processor.py:914} INFO - Processing file /home/ubuntu/airflow-venv/lib/python3.12/site-packages/airflow/example_dags/example_branch_python_dop_operator_3.py for tasks to queue
[2026-02-25T11:22:38.492+0000] {logging_mixin.py:190} INFO - [2026-02-25T11:22:38.491+0000] {dagbag.py:588} INFO - Filling up the DagBag from /home/ubuntu/airflow-venv/lib/python3.12/site-packages/airflow/example_dags/example_branch_python_dop_operator_3.py
[2026-02-25T11:22:38.498+0000] {processor.py:925} INFO - DAG(s) 'example_branch_dop_operator_v3' retrieved from /home/ubuntu/airflow-venv/lib/python3.12/site-packages/airflow/example_dags/example_branch_python_dop_operator_3.py
[2026-02-25T11:22:38.508+0000] {logging_mixin.py:190} INFO - [2026-02-25T11:22:38.508+0000] {dag.py:3239} INFO - Sync 1 DAGs
[2026-02-25T11:22:38.523+0000] {logging_mixin.py:190} INFO - [2026-02-25T11:22:38.523+0000] {dag.py:4180} INFO - Setting next_dagrun for example_branch_dop_operator_v3 to 2026-02-25 11:21:00+00:00, run_after=2026-02-25 11:22:00+00:00
[2026-02-25T11:22:38.539+0000] {processor.py:208} INFO - Processing /home/ubuntu/airflow-venv/lib/python3.12/site-packages/airflow/example_dags/example_branch_python_dop_operator_3.py took 0.055 seconds
[2026-02-25T11:22:41.999+0000] {processor.py:186} INFO - Started process (PID=10250) to work on /home/ubuntu/airflow-venv/lib/python3.12/site-packages/airflow/example_dags/example_branch_python_dop_operator_3.py
[2026-02-25T11:22:42.000+0000] {processor.py:914} INFO - Processing file /home/ubuntu/airflow-venv/lib/python3.12/site-packages/airflow/example_dags/example_branch_python_dop_operator_3.py for tasks to queue
[2026-02-25T11:22:42.001+0000] {logging_mixin.py:190} INFO - [2026-02-25T11:22:42.001+0000] {dagbag.py:588} INFO - Filling up the DagBag from /home/ubuntu/airflow-venv/lib/python3.12/site-packages/airflow/example_dags/example_branch_python_dop_operator_3.py
[2026-02-25T11:22:42.008+0000] {processor.py:925} INFO - DAG(s) 'example_branch_dop_operator_v3' retrieved from /home/ubuntu/airflow-venv/lib/python3.12/site-packages/airflow/example_dags/example_branch_python_dop_operator_3.py
[2026-02-25T11:22:42.018+0000] {logging_mixin.py:190} INFO - [2026-02-25T11:22:42.018+0000] {dag.py:3239} INFO - Sync 1 DAGs
[2026-02-25T11:22:42.032+0000] {logging_mixin.py:190} INFO - [2026-02-25T11:22:42.032+0000] {dag.py:4180} INFO - Setting next_dagrun for example_branch_dop_operator_v3 to 2026-02-25 11:21:00+00:00, run_after=2026-02-25 11:22:00+00:00
[2026-02-25T11:22:42.048+0000] {processor.py:208} INFO - Processing /home/ubuntu/airflow-venv/lib/python3.12/site-packages/airflow/example_dags/example_branch_python_dop_operator_3.py took 0.054 seconds
[2026-02-25T11:23:52.663+0000] {processor.py:186} INFO - Started process (PID=10399) to work on /home/ubuntu/airflow-venv/lib/python3.12/site-packages/airflow/example_dags/example_branch_python_dop_operator_3.py
[2026-02-25T11:23:52.664+0000] {processor.py:914} INFO - Processing file /home/ubuntu/airflow-venv/lib/python3.12/site-packages/airflow/example_dags/example_branch_python_dop_operator_3.py for tasks to queue
[2026-02-25T11:23:52.665+0000] {logging_mixin.py:190} INFO - [2026-02-25T11:23:52.665+0000] {dagbag.py:588} INFO - Filling up the DagBag from /home/ubuntu/airflow-venv/lib/python3.12/site-packages/airflow/example_dags/example_branch_python_dop_operator_3.py
[2026-02-25T11:23:52.672+0000] {processor.py:925} INFO - DAG(s) 'example_branch_dop_operator_v3' retrieved from /home/ubuntu/airflow-venv/lib/python3.12/site-packages/airflow/example_dags/example_branch_python_dop_operator_3.py
[2026-02-25T11:23:52.683+0000] {logging_mixin.py:190} INFO - [2026-02-25T11:23:52.683+0000] {dag.py:3239} INFO - Sync 1 DAGs
[2026-02-25T11:23:52.697+0000] {logging_mixin.py:190} INFO - [2026-02-25T11:23:52.697+0000] {dag.py:4180} INFO - Setting next_dagrun for example_branch_dop_operator_v3 to 2026-02-25 11:22:00+00:00, run_after=2026-02-25 11:23:00+00:00
[2026-02-25T11:23:52.722+0000] {processor.py:208} INFO - Processing /home/ubuntu/airflow-venv/lib/python3.12/site-packages/airflow/example_dags/example_branch_python_dop_operator_3.py took 0.063 seconds
[2026-02-25T11:23:56.072+0000] {processor.py:186} INFO - Started process (PID=10407) to work on /home/ubuntu/airflow-venv/lib/python3.12/site-packages/airflow/example_dags/example_branch_python_dop_operator_3.py
[2026-02-25T11:23:56.072+0000] {processor.py:914} INFO - Processing file /home/ubuntu/airflow-venv/lib/python3.12/site-packages/airflow/example_dags/example_branch_python_dop_operator_3.py for tasks to queue
[2026-02-25T11:23:56.074+0000] {logging_mixin.py:190} INFO - [2026-02-25T11:23:56.073+0000] {dagbag.py:588} INFO - Filling up the DagBag from /home/ubuntu/airflow-venv/lib/python3.12/site-packages/airflow/example_dags/example_branch_python_dop_operator_3.py
[2026-02-25T11:23:56.081+0000] {processor.py:925} INFO - DAG(s) 'example_branch_dop_operator_v3' retrieved from /home/ubuntu/airflow-venv/lib/python3.12/site-packages/airflow/example_dags/example_branch_python_dop_operator_3.py
[2026-02-25T11:23:56.091+0000] {logging_mixin.py:190} INFO - [2026-02-25T11:23:56.091+0000] {dag.py:3239} INFO - Sync 1 DAGs
[2026-02-25T11:23:56.104+0000] {logging_mixin.py:190} INFO - [2026-02-25T11:23:56.104+0000] {dag.py:4180} INFO - Setting next_dagrun for example_branch_dop_operator_v3 to 2026-02-25 11:22:00+00:00, run_after=2026-02-25 11:23:00+00:00
[2026-02-25T11:23:56.121+0000] {processor.py:208} INFO - Processing /home/ubuntu/airflow-venv/lib/python3.12/site-packages/airflow/example_dags/example_branch_python_dop_operator_3.py took 0.053 seconds
[2026-02-25T11:25:08.572+0000] {processor.py:186} INFO - Started process (PID=10560) to work on /home/ubuntu/airflow-venv/lib/python3.12/site-packages/airflow/example_dags/example_branch_python_dop_operator_3.py
[2026-02-25T11:25:08.573+0000] {processor.py:914} INFO - Processing file /home/ubuntu/airflow-venv/lib/python3.12/site-packages/airflow/example_dags/example_branch_python_dop_operator_3.py for tasks to queue
[2026-02-25T11:25:08.575+0000] {logging_mixin.py:190} INFO - [2026-02-25T11:25:08.574+0000] {dagbag.py:588} INFO - Filling up the DagBag from /home/ubuntu/airflow-venv/lib/python3.12/site-packages/airflow/example_dags/example_branch_python_dop_operator_3.py
[2026-02-25T11:25:08.583+0000] {processor.py:925} INFO - DAG(s) 'example_branch_dop_operator_v3' retrieved from /home/ubuntu/airflow-venv/lib/python3.12/site-packages/airflow/example_dags/example_branch_python_dop_operator_3.py
[2026-02-25T11:25:08.594+0000] {logging_mixin.py:190} INFO - [2026-02-25T11:25:08.594+0000] {dag.py:3239} INFO - Sync 1 DAGs
[2026-02-25T11:25:08.611+0000] {logging_mixin.py:190} INFO - [2026-02-25T11:25:08.610+0000] {dag.py:4180} INFO - Setting next_dagrun for example_branch_dop_operator_v3 to 2026-02-25 11:24:00+00:00, run_after=2026-02-25 11:25:00+00:00
[2026-02-25T11:25:08.630+0000] {processor.py:208} INFO - Processing /home/ubuntu/airflow-venv/lib/python3.12/site-packages/airflow/example_dags/example_branch_python_dop_operator_3.py took 0.062 seconds
[2026-02-25T11:25:13.112+0000] {processor.py:186} INFO - Started process (PID=10570) to work on /home/ubuntu/airflow-venv/lib/python3.12/site-packages/airflow/example_dags/example_branch_python_dop_operator_3.py
[2026-02-25T11:25:13.113+0000] {processor.py:914} INFO - Processing file /home/ubuntu/airflow-venv/lib/python3.12/site-packages/airflow/example_dags/example_branch_python_dop_operator_3.py for tasks to queue
[2026-02-25T11:25:13.114+0000] {logging_mixin.py:190} INFO - [2026-02-25T11:25:13.114+0000] {dagbag.py:588} INFO - Filling up the DagBag from /home/ubuntu/airflow-venv/lib/python3.12/site-packages/airflow/example_dags/example_branch_python_dop_operator_3.py
[2026-02-25T11:25:13.121+0000] {processor.py:925} INFO - DAG(s) 'example_branch_dop_operator_v3' retrieved from /home/ubuntu/airflow-venv/lib/python3.12/site-packages/airflow/example_dags/example_branch_python_dop_operator_3.py
[2026-02-25T11:25:13.132+0000] {logging_mixin.py:190} INFO - [2026-02-25T11:25:13.131+0000] {dag.py:3239} INFO - Sync 1 DAGs
[2026-02-25T11:25:13.146+0000] {logging_mixin.py:190} INFO - [2026-02-25T11:25:13.146+0000] {dag.py:4180} INFO - Setting next_dagrun for example_branch_dop_operator_v3 to 2026-02-25 11:24:00+00:00, run_after=2026-02-25 11:25:00+00:00
[2026-02-25T11:25:13.163+0000] {processor.py:208} INFO - Processing /home/ubuntu/airflow-venv/lib/python3.12/site-packages/airflow/example_dags/example_branch_python_dop_operator_3.py took 0.055 seconds
[2026-02-25T11:26:20.171+0000] {processor.py:186} INFO - Started process (PID=10710) to work on /home/ubuntu/airflow-venv/lib/python3.12/site-packages/airflow/example_dags/example_branch_python_dop_operator_3.py
[2026-02-25T11:26:20.172+0000] {processor.py:914} INFO - Processing file /home/ubuntu/airflow-venv/lib/python3.12/site-packages/airflow/example_dags/example_branch_python_dop_operator_3.py for tasks to queue
[2026-02-25T11:26:20.174+0000] {logging_mixin.py:190} INFO - [2026-02-25T11:26:20.173+0000] {dagbag.py:588} INFO - Filling up the DagBag from /home/ubuntu/airflow-venv/lib/python3.12/site-packages/airflow/example_dags/example_branch_python_dop_operator_3.py
[2026-02-25T11:26:20.181+0000] {processor.py:925} INFO - DAG(s) 'example_branch_dop_operator_v3' retrieved from /home/ubuntu/airflow-venv/lib/python3.12/site-packages/airflow/example_dags/example_branch_python_dop_operator_3.py
[2026-02-25T11:26:20.192+0000] {logging_mixin.py:190} INFO - [2026-02-25T11:26:20.192+0000] {dag.py:3239} INFO - Sync 1 DAGs
[2026-02-25T11:26:20.207+0000] {logging_mixin.py:190} INFO - [2026-02-25T11:26:20.207+0000] {dag.py:4180} INFO - Setting next_dagrun for example_branch_dop_operator_v3 to 2026-02-25 11:25:00+00:00, run_after=2026-02-25 11:26:00+00:00
[2026-02-25T11:26:20.225+0000] {processor.py:208} INFO - Processing /home/ubuntu/airflow-venv/lib/python3.12/site-packages/airflow/example_dags/example_branch_python_dop_operator_3.py took 0.058 seconds
[2026-02-25T11:26:29.028+0000] {processor.py:186} INFO - Started process (PID=10728) to work on /home/ubuntu/airflow-venv/lib/python3.12/site-packages/airflow/example_dags/example_branch_python_dop_operator_3.py
[2026-02-25T11:26:29.029+0000] {processor.py:914} INFO - Processing file /home/ubuntu/airflow-venv/lib/python3.12/site-packages/airflow/example_dags/example_branch_python_dop_operator_3.py for tasks to queue
[2026-02-25T11:26:29.030+0000] {logging_mixin.py:190} INFO - [2026-02-25T11:26:29.030+0000] {dagbag.py:588} INFO - Filling up the DagBag from /home/ubuntu/airflow-venv/lib/python3.12/site-packages/airflow/example_dags/example_branch_python_dop_operator_3.py
[2026-02-25T11:26:29.038+0000] {processor.py:925} INFO - DAG(s) 'example_branch_dop_operator_v3' retrieved from /home/ubuntu/airflow-venv/lib/python3.12/site-packages/airflow/example_dags/example_branch_python_dop_operator_3.py
[2026-02-25T11:26:29.050+0000] {logging_mixin.py:190} INFO - [2026-02-25T11:26:29.049+0000] {dag.py:3239} INFO - Sync 1 DAGs
[2026-02-25T11:26:29.064+0000] {logging_mixin.py:190} INFO - [2026-02-25T11:26:29.064+0000] {dag.py:4180} INFO - Setting next_dagrun for example_branch_dop_operator_v3 to 2026-02-25 11:25:00+00:00, run_after=2026-02-25 11:26:00+00:00
[2026-02-25T11:26:29.082+0000] {processor.py:208} INFO - Processing /home/ubuntu/airflow-venv/lib/python3.12/site-packages/airflow/example_dags/example_branch_python_dop_operator_3.py took 0.058 seconds
[2026-02-25T11:27:36.411+0000] {processor.py:186} INFO - Started process (PID=10867) to work on /home/ubuntu/airflow-venv/lib/python3.12/site-packages/airflow/example_dags/example_branch_python_dop_operator_3.py
[2026-02-25T11:27:36.412+0000] {processor.py:914} INFO - Processing file /home/ubuntu/airflow-venv/lib/python3.12/site-packages/airflow/example_dags/example_branch_python_dop_operator_3.py for tasks to queue
[2026-02-25T11:27:36.414+0000] {logging_mixin.py:190} INFO - [2026-02-25T11:27:36.413+0000] {dagbag.py:588} INFO - Filling up the DagBag from /home/ubuntu/airflow-venv/lib/python3.12/site-packages/airflow/example_dags/example_branch_python_dop_operator_3.py
[2026-02-25T11:27:36.421+0000] {processor.py:925} INFO - DAG(s) 'example_branch_dop_operator_v3' retrieved from /home/ubuntu/airflow-venv/lib/python3.12/site-packages/airflow/example_dags/example_branch_python_dop_operator_3.py
[2026-02-25T11:27:36.431+0000] {logging_mixin.py:190} INFO - [2026-02-25T11:27:36.430+0000] {dag.py:3239} INFO - Sync 1 DAGs
[2026-02-25T11:27:36.445+0000] {logging_mixin.py:190} INFO - [2026-02-25T11:27:36.445+0000] {dag.py:4180} INFO - Setting next_dagrun for example_branch_dop_operator_v3 to 2026-02-25 11:26:00+00:00, run_after=2026-02-25 11:27:00+00:00
[2026-02-25T11:27:36.461+0000] {processor.py:208} INFO - Processing /home/ubuntu/airflow-venv/lib/python3.12/site-packages/airflow/example_dags/example_branch_python_dop_operator_3.py took 0.054 seconds
[2026-02-25T11:27:46.049+0000] {processor.py:186} INFO - Started process (PID=10887) to work on /home/ubuntu/airflow-venv/lib/python3.12/site-packages/airflow/example_dags/example_branch_python_dop_operator_3.py
[2026-02-25T11:27:46.050+0000] {processor.py:914} INFO - Processing file /home/ubuntu/airflow-venv/lib/python3.12/site-packages/airflow/example_dags/example_branch_python_dop_operator_3.py for tasks to queue
[2026-02-25T11:27:46.051+0000] {logging_mixin.py:190} INFO - [2026-02-25T11:27:46.051+0000] {dagbag.py:588} INFO - Filling up the DagBag from /home/ubuntu/airflow-venv/lib/python3.12/site-packages/airflow/example_dags/example_branch_python_dop_operator_3.py
[2026-02-25T11:27:46.058+0000] {processor.py:925} INFO - DAG(s) 'example_branch_dop_operator_v3' retrieved from /home/ubuntu/airflow-venv/lib/python3.12/site-packages/airflow/example_dags/example_branch_python_dop_operator_3.py
[2026-02-25T11:27:46.069+0000] {logging_mixin.py:190} INFO - [2026-02-25T11:27:46.069+0000] {dag.py:3239} INFO - Sync 1 DAGs
[2026-02-25T11:27:46.086+0000] {logging_mixin.py:190} INFO - [2026-02-25T11:27:46.086+0000] {dag.py:4180} INFO - Setting next_dagrun for example_branch_dop_operator_v3 to 2026-02-25 11:26:00+00:00, run_after=2026-02-25 11:27:00+00:00
[2026-02-25T11:27:46.108+0000] {processor.py:208} INFO - Processing /home/ubuntu/airflow-venv/lib/python3.12/site-packages/airflow/example_dags/example_branch_python_dop_operator_3.py took 0.063 seconds
[2026-02-25T11:28:51.506+0000] {processor.py:186} INFO - Started process (PID=11025) to work on /home/ubuntu/airflow-venv/lib/python3.12/site-packages/airflow/example_dags/example_branch_python_dop_operator_3.py
[2026-02-25T11:28:51.507+0000] {processor.py:914} INFO - Processing file /home/ubuntu/airflow-venv/lib/python3.12/site-packages/airflow/example_dags/example_branch_python_dop_operator_3.py for tasks to queue
[2026-02-25T11:28:51.508+0000] {logging_mixin.py:190} INFO - [2026-02-25T11:28:51.508+0000] {dagbag.py:588} INFO - Filling up the DagBag from /home/ubuntu/airflow-venv/lib/python3.12/site-packages/airflow/example_dags/example_branch_python_dop_operator_3.py
[2026-02-25T11:28:51.516+0000] {processor.py:925} INFO - DAG(s) 'example_branch_dop_operator_v3' retrieved from /home/ubuntu/airflow-venv/lib/python3.12/site-packages/airflow/example_dags/example_branch_python_dop_operator_3.py
[2026-02-25T11:28:51.526+0000] {logging_mixin.py:190} INFO - [2026-02-25T11:28:51.526+0000] {dag.py:3239} INFO - Sync 1 DAGs
[2026-02-25T11:28:51.541+0000] {logging_mixin.py:190} INFO - [2026-02-25T11:28:51.541+0000] {dag.py:4180} INFO - Setting next_dagrun for example_branch_dop_operator_v3 to 2026-02-25 11:27:00+00:00, run_after=2026-02-25 11:28:00+00:00
[2026-02-25T11:28:51.559+0000] {processor.py:208} INFO - Processing /home/ubuntu/airflow-venv/lib/python3.12/site-packages/airflow/example_dags/example_branch_python_dop_operator_3.py took 0.057 seconds
[2026-02-25T11:28:59.233+0000] {processor.py:186} INFO - Started process (PID=11040) to work on /home/ubuntu/airflow-venv/lib/python3.12/site-packages/airflow/example_dags/example_branch_python_dop_operator_3.py
[2026-02-25T11:28:59.233+0000] {processor.py:914} INFO - Processing file /home/ubuntu/airflow-venv/lib/python3.12/site-packages/airflow/example_dags/example_branch_python_dop_operator_3.py for tasks to queue
[2026-02-25T11:28:59.235+0000] {logging_mixin.py:190} INFO - [2026-02-25T11:28:59.235+0000] {dagbag.py:588} INFO - Filling up the DagBag from /home/ubuntu/airflow-venv/lib/python3.12/site-packages/airflow/example_dags/example_branch_python_dop_operator_3.py
[2026-02-25T11:28:59.242+0000] {processor.py:925} INFO - DAG(s) 'example_branch_dop_operator_v3' retrieved from /home/ubuntu/airflow-venv/lib/python3.12/site-packages/airflow/example_dags/example_branch_python_dop_operator_3.py
[2026-02-25T11:28:59.253+0000] {logging_mixin.py:190} INFO - [2026-02-25T11:28:59.253+0000] {dag.py:3239} INFO - Sync 1 DAGs
[2026-02-25T11:28:59.269+0000] {logging_mixin.py:190} INFO - [2026-02-25T11:28:59.268+0000] {dag.py:4180} INFO - Setting next_dagrun for example_branch_dop_operator_v3 to 2026-02-25 11:27:00+00:00, run_after=2026-02-25 11:28:00+00:00
[2026-02-25T11:28:59.286+0000] {processor.py:208} INFO - Processing /home/ubuntu/airflow-venv/lib/python3.12/site-packages/airflow/example_dags/example_branch_python_dop_operator_3.py took 0.058 seconds
[2026-02-25T11:30:10.409+0000] {processor.py:186} INFO - Started process (PID=11195) to work on /home/ubuntu/airflow-venv/lib/python3.12/site-packages/airflow/example_dags/example_branch_python_dop_operator_3.py
[2026-02-25T11:30:10.410+0000] {processor.py:914} INFO - Processing file /home/ubuntu/airflow-venv/lib/python3.12/site-packages/airflow/example_dags/example_branch_python_dop_operator_3.py for tasks to queue
[2026-02-25T11:30:10.412+0000] {logging_mixin.py:190} INFO - [2026-02-25T11:30:10.411+0000] {dagbag.py:588} INFO - Filling up the DagBag from /home/ubuntu/airflow-venv/lib/python3.12/site-packages/airflow/example_dags/example_branch_python_dop_operator_3.py
[2026-02-25T11:30:10.419+0000] {processor.py:925} INFO - DAG(s) 'example_branch_dop_operator_v3' retrieved from /home/ubuntu/airflow-venv/lib/python3.12/site-packages/airflow/example_dags/example_branch_python_dop_operator_3.py
[2026-02-25T11:30:10.429+0000] {logging_mixin.py:190} INFO - [2026-02-25T11:30:10.429+0000] {dag.py:3239} INFO - Sync 1 DAGs
[2026-02-25T11:30:10.443+0000] {logging_mixin.py:190} INFO - [2026-02-25T11:30:10.443+0000] {dag.py:4180} INFO - Setting next_dagrun for example_branch_dop_operator_v3 to 2026-02-25 11:29:00+00:00, run_after=2026-02-25 11:30:00+00:00
[2026-02-25T11:30:10.459+0000] {processor.py:208} INFO - Processing /home/ubuntu/airflow-venv/lib/python3.12/site-packages/airflow/example_dags/example_branch_python_dop_operator_3.py took 0.054 seconds
[2026-02-25T11:30:11.962+0000] {processor.py:186} INFO - Started process (PID=11198) to work on /home/ubuntu/airflow-venv/lib/python3.12/site-packages/airflow/example_dags/example_branch_python_dop_operator_3.py
[2026-02-25T11:30:11.962+0000] {processor.py:914} INFO - Processing file /home/ubuntu/airflow-venv/lib/python3.12/site-packages/airflow/example_dags/example_branch_python_dop_operator_3.py for tasks to queue
[2026-02-25T11:30:11.964+0000] {logging_mixin.py:190} INFO - [2026-02-25T11:30:11.963+0000] {dagbag.py:588} INFO - Filling up the DagBag from /home/ubuntu/airflow-venv/lib/python3.12/site-packages/airflow/example_dags/example_branch_python_dop_operator_3.py
[2026-02-25T11:30:11.971+0000] {processor.py:925} INFO - DAG(s) 'example_branch_dop_operator_v3' retrieved from /home/ubuntu/airflow-venv/lib/python3.12/site-packages/airflow/example_dags/example_branch_python_dop_operator_3.py
[2026-02-25T11:30:11.981+0000] {logging_mixin.py:190} INFO - [2026-02-25T11:30:11.981+0000] {dag.py:3239} INFO - Sync 1 DAGs
[2026-02-25T11:30:11.995+0000] {logging_mixin.py:190} INFO - [2026-02-25T11:30:11.995+0000] {dag.py:4180} INFO - Setting next_dagrun for example_branch_dop_operator_v3 to 2026-02-25 11:29:00+00:00, run_after=2026-02-25 11:30:00+00:00
[2026-02-25T11:30:12.013+0000] {processor.py:208} INFO - Processing /home/ubuntu/airflow-venv/lib/python3.12/site-packages/airflow/example_dags/example_branch_python_dop_operator_3.py took 0.055 seconds
[2026-02-25T11:31:21.492+0000] {processor.py:186} INFO - Started process (PID=11345) to work on /home/ubuntu/airflow-venv/lib/python3.12/site-packages/airflow/example_dags/example_branch_python_dop_operator_3.py
[2026-02-25T11:31:21.494+0000] {processor.py:914} INFO - Processing file /home/ubuntu/airflow-venv/lib/python3.12/site-packages/airflow/example_dags/example_branch_python_dop_operator_3.py for tasks to queue
[2026-02-25T11:31:21.495+0000] {logging_mixin.py:190} INFO - [2026-02-25T11:31:21.495+0000] {dagbag.py:588} INFO - Filling up the DagBag from /home/ubuntu/airflow-venv/lib/python3.12/site-packages/airflow/example_dags/example_branch_python_dop_operator_3.py
[2026-02-25T11:31:21.503+0000] {processor.py:925} INFO - DAG(s) 'example_branch_dop_operator_v3' retrieved from /home/ubuntu/airflow-venv/lib/python3.12/site-packages/airflow/example_dags/example_branch_python_dop_operator_3.py
[2026-02-25T11:31:21.514+0000] {logging_mixin.py:190} INFO - [2026-02-25T11:31:21.514+0000] {dag.py:3239} INFO - Sync 1 DAGs
[2026-02-25T11:31:21.529+0000] {logging_mixin.py:190} INFO - [2026-02-25T11:31:21.529+0000] {dag.py:4180} INFO - Setting next_dagrun for example_branch_dop_operator_v3 to 2026-02-25 11:30:00+00:00, run_after=2026-02-25 11:31:00+00:00
[2026-02-25T11:31:21.547+0000] {processor.py:208} INFO - Processing /home/ubuntu/airflow-venv/lib/python3.12/site-packages/airflow/example_dags/example_branch_python_dop_operator_3.py took 0.059 seconds
[2026-02-25T11:31:22.868+0000] {processor.py:186} INFO - Started process (PID=11349) to work on /home/ubuntu/airflow-venv/lib/python3.12/site-packages/airflow/example_dags/example_branch_python_dop_operator_3.py
[2026-02-25T11:31:22.869+0000] {processor.py:914} INFO - Processing file /home/ubuntu/airflow-venv/lib/python3.12/site-packages/airflow/example_dags/example_branch_python_dop_operator_3.py for tasks to queue
[2026-02-25T11:31:22.870+0000] {logging_mixin.py:190} INFO - [2026-02-25T11:31:22.870+0000] {dagbag.py:588} INFO - Filling up the DagBag from /home/ubuntu/airflow-venv/lib/python3.12/site-packages/airflow/example_dags/example_branch_python_dop_operator_3.py
[2026-02-25T11:31:22.878+0000] {processor.py:925} INFO - DAG(s) 'example_branch_dop_operator_v3' retrieved from /home/ubuntu/airflow-venv/lib/python3.12/site-packages/airflow/example_dags/example_branch_python_dop_operator_3.py
[2026-02-25T11:31:22.888+0000] {logging_mixin.py:190} INFO - [2026-02-25T11:31:22.888+0000] {dag.py:3239} INFO - Sync 1 DAGs
[2026-02-25T11:31:22.903+0000] {logging_mixin.py:190} INFO - [2026-02-25T11:31:22.903+0000] {dag.py:4180} INFO - Setting next_dagrun for example_branch_dop_operator_v3 to 2026-02-25 11:30:00+00:00, run_after=2026-02-25 11:31:00+00:00
[2026-02-25T11:31:22.921+0000] {processor.py:208} INFO - Processing /home/ubuntu/airflow-venv/lib/python3.12/site-packages/airflow/example_dags/example_branch_python_dop_operator_3.py took 0.057 seconds
[2026-02-25T11:32:36.267+0000] {processor.py:186} INFO - Started process (PID=11501) to work on /home/ubuntu/airflow-venv/lib/python3.12/site-packages/airflow/example_dags/example_branch_python_dop_operator_3.py
[2026-02-25T11:32:36.268+0000] {processor.py:914} INFO - Processing file /home/ubuntu/airflow-venv/lib/python3.12/site-packages/airflow/example_dags/example_branch_python_dop_operator_3.py for tasks to queue
[2026-02-25T11:32:36.269+0000] {logging_mixin.py:190} INFO - [2026-02-25T11:32:36.269+0000] {dagbag.py:588} INFO - Filling up the DagBag from /home/ubuntu/airflow-venv/lib/python3.12/site-packages/airflow/example_dags/example_branch_python_dop_operator_3.py
[2026-02-25T11:32:36.276+0000] {processor.py:925} INFO - DAG(s) 'example_branch_dop_operator_v3' retrieved from /home/ubuntu/airflow-venv/lib/python3.12/site-packages/airflow/example_dags/example_branch_python_dop_operator_3.py
[2026-02-25T11:32:36.287+0000] {logging_mixin.py:190} INFO - [2026-02-25T11:32:36.287+0000] {dag.py:3239} INFO - Sync 1 DAGs
[2026-02-25T11:32:36.301+0000] {logging_mixin.py:190} INFO - [2026-02-25T11:32:36.301+0000] {dag.py:4180} INFO - Setting next_dagrun for example_branch_dop_operator_v3 to 2026-02-25 11:31:00+00:00, run_after=2026-02-25 11:32:00+00:00
[2026-02-25T11:32:36.318+0000] {processor.py:208} INFO - Processing /home/ubuntu/airflow-venv/lib/python3.12/site-packages/airflow/example_dags/example_branch_python_dop_operator_3.py took 0.056 seconds
[2026-02-25T11:32:37.630+0000] {processor.py:186} INFO - Started process (PID=11504) to work on /home/ubuntu/airflow-venv/lib/python3.12/site-packages/airflow/example_dags/example_branch_python_dop_operator_3.py
[2026-02-25T11:32:37.630+0000] {processor.py:914} INFO - Processing file /home/ubuntu/airflow-venv/lib/python3.12/site-packages/airflow/example_dags/example_branch_python_dop_operator_3.py for tasks to queue
[2026-02-25T11:32:37.632+0000] {logging_mixin.py:190} INFO - [2026-02-25T11:32:37.632+0000] {dagbag.py:588} INFO - Filling up the DagBag from /home/ubuntu/airflow-venv/lib/python3.12/site-packages/airflow/example_dags/example_branch_python_dop_operator_3.py
[2026-02-25T11:32:37.639+0000] {processor.py:925} INFO - DAG(s) 'example_branch_dop_operator_v3' retrieved from /home/ubuntu/airflow-venv/lib/python3.12/site-packages/airflow/example_dags/example_branch_python_dop_operator_3.py
[2026-02-25T11:32:37.650+0000] {logging_mixin.py:190} INFO - [2026-02-25T11:32:37.650+0000] {dag.py:3239} INFO - Sync 1 DAGs
[2026-02-25T11:32:37.664+0000] {logging_mixin.py:190} INFO - [2026-02-25T11:32:37.664+0000] {dag.py:4180} INFO - Setting next_dagrun for example_branch_dop_operator_v3 to 2026-02-25 11:31:00+00:00, run_after=2026-02-25 11:32:00+00:00
[2026-02-25T11:32:37.682+0000] {processor.py:208} INFO - Processing /home/ubuntu/airflow-venv/lib/python3.12/site-packages/airflow/example_dags/example_branch_python_dop_operator_3.py took 0.056 seconds
[2026-02-25T11:33:48.244+0000] {processor.py:186} INFO - Started process (PID=11653) to work on /home/ubuntu/airflow-venv/lib/python3.12/site-packages/airflow/example_dags/example_branch_python_dop_operator_3.py
[2026-02-25T11:33:48.246+0000] {processor.py:914} INFO - Processing file /home/ubuntu/airflow-venv/lib/python3.12/site-packages/airflow/example_dags/example_branch_python_dop_operator_3.py for tasks to queue
[2026-02-25T11:33:48.247+0000] {logging_mixin.py:190} INFO - [2026-02-25T11:33:48.247+0000] {dagbag.py:588} INFO - Filling up the DagBag from /home/ubuntu/airflow-venv/lib/python3.12/site-packages/airflow/example_dags/example_branch_python_dop_operator_3.py
[2026-02-25T11:33:48.254+0000] {processor.py:925} INFO - DAG(s) 'example_branch_dop_operator_v3' retrieved from /home/ubuntu/airflow-venv/lib/python3.12/site-packages/airflow/example_dags/example_branch_python_dop_operator_3.py
[2026-02-25T11:33:48.264+0000] {logging_mixin.py:190} INFO - [2026-02-25T11:33:48.264+0000] {dag.py:3239} INFO - Sync 1 DAGs
[2026-02-25T11:33:48.278+0000] {logging_mixin.py:190} INFO - [2026-02-25T11:33:48.278+0000] {dag.py:4180} INFO - Setting next_dagrun for example_branch_dop_operator_v3 to 2026-02-25 11:32:00+00:00, run_after=2026-02-25 11:33:00+00:00
[2026-02-25T11:33:48.294+0000] {processor.py:208} INFO - Processing /home/ubuntu/airflow-venv/lib/python3.12/site-packages/airflow/example_dags/example_branch_python_dop_operator_3.py took 0.055 seconds
[2026-02-25T11:33:51.182+0000] {processor.py:186} INFO - Started process (PID=11660) to work on /home/ubuntu/airflow-venv/lib/python3.12/site-packages/airflow/example_dags/example_branch_python_dop_operator_3.py
[2026-02-25T11:33:51.183+0000] {processor.py:914} INFO - Processing file /home/ubuntu/airflow-venv/lib/python3.12/site-packages/airflow/example_dags/example_branch_python_dop_operator_3.py for tasks to queue
[2026-02-25T11:33:51.184+0000] {logging_mixin.py:190} INFO - [2026-02-25T11:33:51.184+0000] {dagbag.py:588} INFO - Filling up the DagBag from /home/ubuntu/airflow-venv/lib/python3.12/site-packages/airflow/example_dags/example_branch_python_dop_operator_3.py
[2026-02-25T11:33:51.191+0000] {processor.py:925} INFO - DAG(s) 'example_branch_dop_operator_v3' retrieved from /home/ubuntu/airflow-venv/lib/python3.12/site-packages/airflow/example_dags/example_branch_python_dop_operator_3.py
[2026-02-25T11:33:51.201+0000] {logging_mixin.py:190} INFO - [2026-02-25T11:33:51.201+0000] {dag.py:3239} INFO - Sync 1 DAGs
[2026-02-25T11:33:51.216+0000] {logging_mixin.py:190} INFO - [2026-02-25T11:33:51.216+0000] {dag.py:4180} INFO - Setting next_dagrun for example_branch_dop_operator_v3 to 2026-02-25 11:32:00+00:00, run_after=2026-02-25 11:33:00+00:00
[2026-02-25T11:33:51.232+0000] {processor.py:208} INFO - Processing /home/ubuntu/airflow-venv/lib/python3.12/site-packages/airflow/example_dags/example_branch_python_dop_operator_3.py took 0.053 seconds
[2026-02-25T11:34:59.482+0000] {processor.py:186} INFO - Started process (PID=11813) to work on /home/ubuntu/airflow-venv/lib/python3.12/site-packages/airflow/example_dags/example_branch_python_dop_operator_3.py
[2026-02-25T11:34:59.483+0000] {processor.py:914} INFO - Processing file /home/ubuntu/airflow-venv/lib/python3.12/site-packages/airflow/example_dags/example_branch_python_dop_operator_3.py for tasks to queue
[2026-02-25T11:34:59.484+0000] {logging_mixin.py:190} INFO - [2026-02-25T11:34:59.484+0000] {dagbag.py:588} INFO - Filling up the DagBag from /home/ubuntu/airflow-venv/lib/python3.12/site-packages/airflow/example_dags/example_branch_python_dop_operator_3.py
[2026-02-25T11:34:59.492+0000] {processor.py:925} INFO - DAG(s) 'example_branch_dop_operator_v3' retrieved from /home/ubuntu/airflow-venv/lib/python3.12/site-packages/airflow/example_dags/example_branch_python_dop_operator_3.py
[2026-02-25T11:34:59.502+0000] {logging_mixin.py:190} INFO - [2026-02-25T11:34:59.502+0000] {dag.py:3239} INFO - Sync 1 DAGs
[2026-02-25T11:34:59.516+0000] {logging_mixin.py:190} INFO - [2026-02-25T11:34:59.516+0000] {dag.py:4180} INFO - Setting next_dagrun for example_branch_dop_operator_v3 to 2026-02-25 11:33:00+00:00, run_after=2026-02-25 11:34:00+00:00
[2026-02-25T11:34:59.534+0000] {processor.py:208} INFO - Processing /home/ubuntu/airflow-venv/lib/python3.12/site-packages/airflow/example_dags/example_branch_python_dop_operator_3.py took 0.056 seconds
[2026-02-25T11:35:09.546+0000] {processor.py:186} INFO - Started process (PID=11839) to work on /home/ubuntu/airflow-venv/lib/python3.12/site-packages/airflow/example_dags/example_branch_python_dop_operator_3.py
[2026-02-25T11:35:09.547+0000] {processor.py:914} INFO - Processing file /home/ubuntu/airflow-venv/lib/python3.12/site-packages/airflow/example_dags/example_branch_python_dop_operator_3.py for tasks to queue
[2026-02-25T11:35:09.548+0000] {logging_mixin.py:190} INFO - [2026-02-25T11:35:09.548+0000] {dagbag.py:588} INFO - Filling up the DagBag from /home/ubuntu/airflow-venv/lib/python3.12/site-packages/airflow/example_dags/example_branch_python_dop_operator_3.py
[2026-02-25T11:35:09.555+0000] {processor.py:925} INFO - DAG(s) 'example_branch_dop_operator_v3' retrieved from /home/ubuntu/airflow-venv/lib/python3.12/site-packages/airflow/example_dags/example_branch_python_dop_operator_3.py
[2026-02-25T11:35:09.566+0000] {logging_mixin.py:190} INFO - [2026-02-25T11:35:09.566+0000] {dag.py:3239} INFO - Sync 1 DAGs
[2026-02-25T11:35:09.580+0000] {logging_mixin.py:190} INFO - [2026-02-25T11:35:09.580+0000] {dag.py:4180} INFO - Setting next_dagrun for example_branch_dop_operator_v3 to 2026-02-25 11:34:00+00:00, run_after=2026-02-25 11:35:00+00:00
[2026-02-25T11:35:09.598+0000] {processor.py:208} INFO - Processing /home/ubuntu/airflow-venv/lib/python3.12/site-packages/airflow/example_dags/example_branch_python_dop_operator_3.py took 0.056 seconds
[2026-02-25T11:36:11.959+0000] {processor.py:186} INFO - Started process (PID=11974) to work on /home/ubuntu/airflow-venv/lib/python3.12/site-packages/airflow/example_dags/example_branch_python_dop_operator_3.py
[2026-02-25T11:36:11.960+0000] {processor.py:914} INFO - Processing file /home/ubuntu/airflow-venv/lib/python3.12/site-packages/airflow/example_dags/example_branch_python_dop_operator_3.py for tasks to queue
[2026-02-25T11:36:11.962+0000] {logging_mixin.py:190} INFO - [2026-02-25T11:36:11.962+0000] {dagbag.py:588} INFO - Filling up the DagBag from /home/ubuntu/airflow-venv/lib/python3.12/site-packages/airflow/example_dags/example_branch_python_dop_operator_3.py
[2026-02-25T11:36:11.969+0000] {processor.py:925} INFO - DAG(s) 'example_branch_dop_operator_v3' retrieved from /home/ubuntu/airflow-venv/lib/python3.12/site-packages/airflow/example_dags/example_branch_python_dop_operator_3.py
[2026-02-25T11:36:11.979+0000] {logging_mixin.py:190} INFO - [2026-02-25T11:36:11.979+0000] {dag.py:3239} INFO - Sync 1 DAGs
[2026-02-25T11:36:11.994+0000] {logging_mixin.py:190} INFO - [2026-02-25T11:36:11.994+0000] {dag.py:4180} INFO - Setting next_dagrun for example_branch_dop_operator_v3 to 2026-02-25 11:35:00+00:00, run_after=2026-02-25 11:36:00+00:00
[2026-02-25T11:36:12.016+0000] {processor.py:208} INFO - Processing /home/ubuntu/airflow-venv/lib/python3.12/site-packages/airflow/example_dags/example_branch_python_dop_operator_3.py took 0.060 seconds
[2026-02-25T11:36:21.037+0000] {processor.py:186} INFO - Started process (PID=11994) to work on /home/ubuntu/airflow-venv/lib/python3.12/site-packages/airflow/example_dags/example_branch_python_dop_operator_3.py
[2026-02-25T11:36:21.038+0000] {processor.py:914} INFO - Processing file /home/ubuntu/airflow-venv/lib/python3.12/site-packages/airflow/example_dags/example_branch_python_dop_operator_3.py for tasks to queue
[2026-02-25T11:36:21.039+0000] {logging_mixin.py:190} INFO - [2026-02-25T11:36:21.039+0000] {dagbag.py:588} INFO - Filling up the DagBag from /home/ubuntu/airflow-venv/lib/python3.12/site-packages/airflow/example_dags/example_branch_python_dop_operator_3.py
[2026-02-25T11:36:21.046+0000] {processor.py:925} INFO - DAG(s) 'example_branch_dop_operator_v3' retrieved from /home/ubuntu/airflow-venv/lib/python3.12/site-packages/airflow/example_dags/example_branch_python_dop_operator_3.py
[2026-02-25T11:36:21.061+0000] {logging_mixin.py:190} INFO - [2026-02-25T11:36:21.061+0000] {dag.py:3239} INFO - Sync 1 DAGs
[2026-02-25T11:36:21.076+0000] {logging_mixin.py:190} INFO - [2026-02-25T11:36:21.076+0000] {dag.py:4180} INFO - Setting next_dagrun for example_branch_dop_operator_v3 to 2026-02-25 11:35:00+00:00, run_after=2026-02-25 11:36:00+00:00
[2026-02-25T11:36:21.093+0000] {processor.py:208} INFO - Processing /home/ubuntu/airflow-venv/lib/python3.12/site-packages/airflow/example_dags/example_branch_python_dop_operator_3.py took 0.060 seconds
[2026-02-25T11:37:28.748+0000] {processor.py:186} INFO - Started process (PID=12231) to work on /home/ubuntu/airflow-venv/lib/python3.12/site-packages/airflow/example_dags/example_branch_python_dop_operator_3.py
[2026-02-25T11:37:28.750+0000] {processor.py:914} INFO - Processing file /home/ubuntu/airflow-venv/lib/python3.12/site-packages/airflow/example_dags/example_branch_python_dop_operator_3.py for tasks to queue
[2026-02-25T11:37:28.751+0000] {logging_mixin.py:190} INFO - [2026-02-25T11:37:28.751+0000] {dagbag.py:588} INFO - Filling up the DagBag from /home/ubuntu/airflow-venv/lib/python3.12/site-packages/airflow/example_dags/example_branch_python_dop_operator_3.py
[2026-02-25T11:37:28.758+0000] {processor.py:925} INFO - DAG(s) 'example_branch_dop_operator_v3' retrieved from /home/ubuntu/airflow-venv/lib/python3.12/site-packages/airflow/example_dags/example_branch_python_dop_operator_3.py
[2026-02-25T11:37:28.768+0000] {logging_mixin.py:190} INFO - [2026-02-25T11:37:28.768+0000] {dag.py:3239} INFO - Sync 1 DAGs
[2026-02-25T11:37:28.782+0000] {logging_mixin.py:190} INFO - [2026-02-25T11:37:28.782+0000] {dag.py:4180} INFO - Setting next_dagrun for example_branch_dop_operator_v3 to 2026-02-25 11:36:00+00:00, run_after=2026-02-25 11:37:00+00:00
[2026-02-25T11:37:28.799+0000] {processor.py:208} INFO - Processing /home/ubuntu/airflow-venv/lib/python3.12/site-packages/airflow/example_dags/example_branch_python_dop_operator_3.py took 0.055 seconds
[2026-02-25T11:37:39.184+0000] {processor.py:186} INFO - Started process (PID=12252) to work on /home/ubuntu/airflow-venv/lib/python3.12/site-packages/airflow/example_dags/example_branch_python_dop_operator_3.py
[2026-02-25T11:37:39.185+0000] {processor.py:914} INFO - Processing file /home/ubuntu/airflow-venv/lib/python3.12/site-packages/airflow/example_dags/example_branch_python_dop_operator_3.py for tasks to queue
[2026-02-25T11:37:39.186+0000] {logging_mixin.py:190} INFO - [2026-02-25T11:37:39.186+0000] {dagbag.py:588} INFO - Filling up the DagBag from /home/ubuntu/airflow-venv/lib/python3.12/site-packages/airflow/example_dags/example_branch_python_dop_operator_3.py
[2026-02-25T11:37:39.194+0000] {processor.py:925} INFO - DAG(s) 'example_branch_dop_operator_v3' retrieved from /home/ubuntu/airflow-venv/lib/python3.12/site-packages/airflow/example_dags/example_branch_python_dop_operator_3.py
[2026-02-25T11:37:39.204+0000] {logging_mixin.py:190} INFO - [2026-02-25T11:37:39.204+0000] {dag.py:3239} INFO - Sync 1 DAGs
[2026-02-25T11:37:39.218+0000] {logging_mixin.py:190} INFO - [2026-02-25T11:37:39.218+0000] {dag.py:4180} INFO - Setting next_dagrun for example_branch_dop_operator_v3 to 2026-02-25 11:36:00+00:00, run_after=2026-02-25 11:37:00+00:00
[2026-02-25T11:37:39.235+0000] {processor.py:208} INFO - Processing /home/ubuntu/airflow-venv/lib/python3.12/site-packages/airflow/example_dags/example_branch_python_dop_operator_3.py took 0.055 seconds
[2026-02-25T11:43:14.601+0000] {processor.py:186} INFO - Started process (PID=2088) to work on /home/ubuntu/airflow-venv/lib/python3.12/site-packages/airflow/example_dags/example_branch_python_dop_operator_3.py
[2026-02-25T11:43:14.603+0000] {processor.py:914} INFO - Processing file /home/ubuntu/airflow-venv/lib/python3.12/site-packages/airflow/example_dags/example_branch_python_dop_operator_3.py for tasks to queue
[2026-02-25T11:43:14.604+0000] {logging_mixin.py:190} INFO - [2026-02-25T11:43:14.604+0000] {dagbag.py:588} INFO - Filling up the DagBag from /home/ubuntu/airflow-venv/lib/python3.12/site-packages/airflow/example_dags/example_branch_python_dop_operator_3.py
[2026-02-25T11:43:14.611+0000] {processor.py:925} INFO - DAG(s) 'example_branch_dop_operator_v3' retrieved from /home/ubuntu/airflow-venv/lib/python3.12/site-packages/airflow/example_dags/example_branch_python_dop_operator_3.py
[2026-02-25T11:43:14.621+0000] {logging_mixin.py:190} INFO - [2026-02-25T11:43:14.621+0000] {dag.py:3239} INFO - Sync 1 DAGs
[2026-02-25T11:43:14.634+0000] {logging_mixin.py:190} INFO - [2026-02-25T11:43:14.634+0000] {dag.py:4180} INFO - Setting next_dagrun for example_branch_dop_operator_v3 to 2026-02-25 11:42:00+00:00, run_after=2026-02-25 11:43:00+00:00
[2026-02-25T11:43:14.651+0000] {processor.py:208} INFO - Processing /home/ubuntu/airflow-venv/lib/python3.12/site-packages/airflow/example_dags/example_branch_python_dop_operator_3.py took 0.053 seconds
[2026-02-25T11:44:09.320+0000] {processor.py:186} INFO - Started process (PID=2515) to work on /home/ubuntu/airflow-venv/lib/python3.12/site-packages/airflow/example_dags/example_branch_python_dop_operator_3.py
[2026-02-25T11:44:09.322+0000] {processor.py:914} INFO - Processing file /home/ubuntu/airflow-venv/lib/python3.12/site-packages/airflow/example_dags/example_branch_python_dop_operator_3.py for tasks to queue
[2026-02-25T11:44:09.323+0000] {logging_mixin.py:190} INFO - [2026-02-25T11:44:09.323+0000] {dagbag.py:588} INFO - Filling up the DagBag from /home/ubuntu/airflow-venv/lib/python3.12/site-packages/airflow/example_dags/example_branch_python_dop_operator_3.py
[2026-02-25T11:44:09.330+0000] {processor.py:925} INFO - DAG(s) 'example_branch_dop_operator_v3' retrieved from /home/ubuntu/airflow-venv/lib/python3.12/site-packages/airflow/example_dags/example_branch_python_dop_operator_3.py
[2026-02-25T11:44:09.339+0000] {logging_mixin.py:190} INFO - [2026-02-25T11:44:09.339+0000] {dag.py:3239} INFO - Sync 1 DAGs
[2026-02-25T11:44:09.354+0000] {logging_mixin.py:190} INFO - [2026-02-25T11:44:09.353+0000] {dag.py:4180} INFO - Setting next_dagrun for example_branch_dop_operator_v3 to 2026-02-25 11:43:00+00:00, run_after=2026-02-25 11:44:00+00:00
[2026-02-25T11:44:09.370+0000] {processor.py:208} INFO - Processing /home/ubuntu/airflow-venv/lib/python3.12/site-packages/airflow/example_dags/example_branch_python_dop_operator_3.py took 0.053 seconds
[2026-02-25T11:45:20.092+0000] {processor.py:186} INFO - Started process (PID=2593) to work on /home/ubuntu/airflow-venv/lib/python3.12/site-packages/airflow/example_dags/example_branch_python_dop_operator_3.py
[2026-02-25T11:45:20.093+0000] {processor.py:914} INFO - Processing file /home/ubuntu/airflow-venv/lib/python3.12/site-packages/airflow/example_dags/example_branch_python_dop_operator_3.py for tasks to queue
[2026-02-25T11:45:20.095+0000] {logging_mixin.py:190} INFO - [2026-02-25T11:45:20.094+0000] {dagbag.py:588} INFO - Filling up the DagBag from /home/ubuntu/airflow-venv/lib/python3.12/site-packages/airflow/example_dags/example_branch_python_dop_operator_3.py
[2026-02-25T11:45:20.101+0000] {processor.py:925} INFO - DAG(s) 'example_branch_dop_operator_v3' retrieved from /home/ubuntu/airflow-venv/lib/python3.12/site-packages/airflow/example_dags/example_branch_python_dop_operator_3.py
[2026-02-25T11:45:20.111+0000] {logging_mixin.py:190} INFO - [2026-02-25T11:45:20.110+0000] {dag.py:3239} INFO - Sync 1 DAGs
[2026-02-25T11:45:20.124+0000] {logging_mixin.py:190} INFO - [2026-02-25T11:45:20.124+0000] {dag.py:4180} INFO - Setting next_dagrun for example_branch_dop_operator_v3 to 2026-02-25 11:44:00+00:00, run_after=2026-02-25 11:45:00+00:00
[2026-02-25T11:45:20.142+0000] {processor.py:208} INFO - Processing /home/ubuntu/airflow-venv/lib/python3.12/site-packages/airflow/example_dags/example_branch_python_dop_operator_3.py took 0.053 seconds
[2026-02-25T11:46:17.497+0000] {processor.py:186} INFO - Started process (PID=2665) to work on /home/ubuntu/airflow-venv/lib/python3.12/site-packages/airflow/example_dags/example_branch_python_dop_operator_3.py
[2026-02-25T11:46:17.498+0000] {processor.py:914} INFO - Processing file /home/ubuntu/airflow-venv/lib/python3.12/site-packages/airflow/example_dags/example_branch_python_dop_operator_3.py for tasks to queue
[2026-02-25T11:46:17.499+0000] {logging_mixin.py:190} INFO - [2026-02-25T11:46:17.499+0000] {dagbag.py:588} INFO - Filling up the DagBag from /home/ubuntu/airflow-venv/lib/python3.12/site-packages/airflow/example_dags/example_branch_python_dop_operator_3.py
[2026-02-25T11:46:17.506+0000] {processor.py:925} INFO - DAG(s) 'example_branch_dop_operator_v3' retrieved from /home/ubuntu/airflow-venv/lib/python3.12/site-packages/airflow/example_dags/example_branch_python_dop_operator_3.py
[2026-02-25T11:46:17.515+0000] {logging_mixin.py:190} INFO - [2026-02-25T11:46:17.515+0000] {dag.py:3239} INFO - Sync 1 DAGs
[2026-02-25T11:46:17.528+0000] {logging_mixin.py:190} INFO - [2026-02-25T11:46:17.528+0000] {dag.py:4180} INFO - Setting next_dagrun for example_branch_dop_operator_v3 to 2026-02-25 11:45:00+00:00, run_after=2026-02-25 11:46:00+00:00
[2026-02-25T11:46:17.545+0000] {processor.py:208} INFO - Processing /home/ubuntu/airflow-venv/lib/python3.12/site-packages/airflow/example_dags/example_branch_python_dop_operator_3.py took 0.051 seconds
[2026-02-25T12:39:34.288+0000] {processor.py:186} INFO - Started process (PID=2143) to work on /home/ubuntu/airflow-venv/lib/python3.12/site-packages/airflow/example_dags/example_branch_python_dop_operator_3.py
[2026-02-25T12:39:34.290+0000] {processor.py:914} INFO - Processing file /home/ubuntu/airflow-venv/lib/python3.12/site-packages/airflow/example_dags/example_branch_python_dop_operator_3.py for tasks to queue
[2026-02-25T12:39:34.291+0000] {logging_mixin.py:190} INFO - [2026-02-25T12:39:34.291+0000] {dagbag.py:588} INFO - Filling up the DagBag from /home/ubuntu/airflow-venv/lib/python3.12/site-packages/airflow/example_dags/example_branch_python_dop_operator_3.py
[2026-02-25T12:39:34.298+0000] {processor.py:925} INFO - DAG(s) 'example_branch_dop_operator_v3' retrieved from /home/ubuntu/airflow-venv/lib/python3.12/site-packages/airflow/example_dags/example_branch_python_dop_operator_3.py
[2026-02-25T12:39:34.307+0000] {logging_mixin.py:190} INFO - [2026-02-25T12:39:34.307+0000] {dag.py:3239} INFO - Sync 1 DAGs
[2026-02-25T12:39:34.320+0000] {logging_mixin.py:190} INFO - [2026-02-25T12:39:34.320+0000] {dag.py:4180} INFO - Setting next_dagrun for example_branch_dop_operator_v3 to 2026-02-25 12:38:00+00:00, run_after=2026-02-25 12:39:00+00:00
[2026-02-25T12:39:34.336+0000] {processor.py:208} INFO - Processing /home/ubuntu/airflow-venv/lib/python3.12/site-packages/airflow/example_dags/example_branch_python_dop_operator_3.py took 0.051 seconds
[2026-02-25T12:40:28.995+0000] {processor.py:186} INFO - Started process (PID=2203) to work on /home/ubuntu/airflow-venv/lib/python3.12/site-packages/airflow/example_dags/example_branch_python_dop_operator_3.py
[2026-02-25T12:40:28.996+0000] {processor.py:914} INFO - Processing file /home/ubuntu/airflow-venv/lib/python3.12/site-packages/airflow/example_dags/example_branch_python_dop_operator_3.py for tasks to queue
[2026-02-25T12:40:28.998+0000] {logging_mixin.py:190} INFO - [2026-02-25T12:40:28.997+0000] {dagbag.py:588} INFO - Filling up the DagBag from /home/ubuntu/airflow-venv/lib/python3.12/site-packages/airflow/example_dags/example_branch_python_dop_operator_3.py
[2026-02-25T12:40:29.004+0000] {processor.py:925} INFO - DAG(s) 'example_branch_dop_operator_v3' retrieved from /home/ubuntu/airflow-venv/lib/python3.12/site-packages/airflow/example_dags/example_branch_python_dop_operator_3.py
[2026-02-25T12:40:29.013+0000] {logging_mixin.py:190} INFO - [2026-02-25T12:40:29.013+0000] {dag.py:3239} INFO - Sync 1 DAGs
[2026-02-25T12:40:29.026+0000] {logging_mixin.py:190} INFO - [2026-02-25T12:40:29.026+0000] {dag.py:4180} INFO - Setting next_dagrun for example_branch_dop_operator_v3 to 2026-02-25 12:39:00+00:00, run_after=2026-02-25 12:40:00+00:00
[2026-02-25T12:40:29.042+0000] {processor.py:208} INFO - Processing /home/ubuntu/airflow-venv/lib/python3.12/site-packages/airflow/example_dags/example_branch_python_dop_operator_3.py took 0.050 seconds
[2026-02-25T12:41:39.760+0000] {processor.py:186} INFO - Started process (PID=2643) to work on /home/ubuntu/airflow-venv/lib/python3.12/site-packages/airflow/example_dags/example_branch_python_dop_operator_3.py
[2026-02-25T12:41:39.761+0000] {processor.py:914} INFO - Processing file /home/ubuntu/airflow-venv/lib/python3.12/site-packages/airflow/example_dags/example_branch_python_dop_operator_3.py for tasks to queue
[2026-02-25T12:41:39.762+0000] {logging_mixin.py:190} INFO - [2026-02-25T12:41:39.762+0000] {dagbag.py:588} INFO - Filling up the DagBag from /home/ubuntu/airflow-venv/lib/python3.12/site-packages/airflow/example_dags/example_branch_python_dop_operator_3.py
[2026-02-25T12:41:39.769+0000] {processor.py:925} INFO - DAG(s) 'example_branch_dop_operator_v3' retrieved from /home/ubuntu/airflow-venv/lib/python3.12/site-packages/airflow/example_dags/example_branch_python_dop_operator_3.py
[2026-02-25T12:41:39.778+0000] {logging_mixin.py:190} INFO - [2026-02-25T12:41:39.777+0000] {dag.py:3239} INFO - Sync 1 DAGs
[2026-02-25T12:41:39.791+0000] {logging_mixin.py:190} INFO - [2026-02-25T12:41:39.791+0000] {dag.py:4180} INFO - Setting next_dagrun for example_branch_dop_operator_v3 to 2026-02-25 12:40:00+00:00, run_after=2026-02-25 12:41:00+00:00
[2026-02-25T12:41:39.807+0000] {processor.py:208} INFO - Processing /home/ubuntu/airflow-venv/lib/python3.12/site-packages/airflow/example_dags/example_branch_python_dop_operator_3.py took 0.051 seconds
[2026-02-25T12:42:56.761+0000] {processor.py:186} INFO - Started process (PID=2723) to work on /home/ubuntu/airflow-venv/lib/python3.12/site-packages/airflow/example_dags/example_branch_python_dop_operator_3.py
[2026-02-25T12:42:56.763+0000] {processor.py:914} INFO - Processing file /home/ubuntu/airflow-venv/lib/python3.12/site-packages/airflow/example_dags/example_branch_python_dop_operator_3.py for tasks to queue
[2026-02-25T12:42:56.764+0000] {logging_mixin.py:190} INFO - [2026-02-25T12:42:56.764+0000] {dagbag.py:588} INFO - Filling up the DagBag from /home/ubuntu/airflow-venv/lib/python3.12/site-packages/airflow/example_dags/example_branch_python_dop_operator_3.py
[2026-02-25T12:42:56.770+0000] {processor.py:925} INFO - DAG(s) 'example_branch_dop_operator_v3' retrieved from /home/ubuntu/airflow-venv/lib/python3.12/site-packages/airflow/example_dags/example_branch_python_dop_operator_3.py
[2026-02-25T12:42:56.779+0000] {logging_mixin.py:190} INFO - [2026-02-25T12:42:56.779+0000] {dag.py:3239} INFO - Sync 1 DAGs
[2026-02-25T12:42:56.792+0000] {logging_mixin.py:190} INFO - [2026-02-25T12:42:56.792+0000] {dag.py:4180} INFO - Setting next_dagrun for example_branch_dop_operator_v3 to 2026-02-25 12:41:00+00:00, run_after=2026-02-25 12:42:00+00:00
[2026-02-25T12:42:56.809+0000] {processor.py:208} INFO - Processing /home/ubuntu/airflow-venv/lib/python3.12/site-packages/airflow/example_dags/example_branch_python_dop_operator_3.py took 0.051 seconds
[2026-02-25T12:44:09.827+0000] {processor.py:186} INFO - Started process (PID=2811) to work on /home/ubuntu/airflow-venv/lib/python3.12/site-packages/airflow/example_dags/example_branch_python_dop_operator_3.py
[2026-02-25T12:44:09.828+0000] {processor.py:914} INFO - Processing file /home/ubuntu/airflow-venv/lib/python3.12/site-packages/airflow/example_dags/example_branch_python_dop_operator_3.py for tasks to queue
[2026-02-25T12:44:09.829+0000] {logging_mixin.py:190} INFO - [2026-02-25T12:44:09.829+0000] {dagbag.py:588} INFO - Filling up the DagBag from /home/ubuntu/airflow-venv/lib/python3.12/site-packages/airflow/example_dags/example_branch_python_dop_operator_3.py
[2026-02-25T12:44:09.836+0000] {processor.py:925} INFO - DAG(s) 'example_branch_dop_operator_v3' retrieved from /home/ubuntu/airflow-venv/lib/python3.12/site-packages/airflow/example_dags/example_branch_python_dop_operator_3.py
[2026-02-25T12:44:09.845+0000] {logging_mixin.py:190} INFO - [2026-02-25T12:44:09.845+0000] {dag.py:3239} INFO - Sync 1 DAGs
[2026-02-25T12:44:09.858+0000] {logging_mixin.py:190} INFO - [2026-02-25T12:44:09.858+0000] {dag.py:4180} INFO - Setting next_dagrun for example_branch_dop_operator_v3 to 2026-02-25 12:43:00+00:00, run_after=2026-02-25 12:44:00+00:00
[2026-02-25T12:44:09.875+0000] {processor.py:208} INFO - Processing /home/ubuntu/airflow-venv/lib/python3.12/site-packages/airflow/example_dags/example_branch_python_dop_operator_3.py took 0.052 seconds
[2026-02-25T12:45:26.774+0000] {processor.py:186} INFO - Started process (PID=2892) to work on /home/ubuntu/airflow-venv/lib/python3.12/site-packages/airflow/example_dags/example_branch_python_dop_operator_3.py
[2026-02-25T12:45:26.775+0000] {processor.py:914} INFO - Processing file /home/ubuntu/airflow-venv/lib/python3.12/site-packages/airflow/example_dags/example_branch_python_dop_operator_3.py for tasks to queue
[2026-02-25T12:45:26.777+0000] {logging_mixin.py:190} INFO - [2026-02-25T12:45:26.776+0000] {dagbag.py:588} INFO - Filling up the DagBag from /home/ubuntu/airflow-venv/lib/python3.12/site-packages/airflow/example_dags/example_branch_python_dop_operator_3.py
[2026-02-25T12:45:26.783+0000] {processor.py:925} INFO - DAG(s) 'example_branch_dop_operator_v3' retrieved from /home/ubuntu/airflow-venv/lib/python3.12/site-packages/airflow/example_dags/example_branch_python_dop_operator_3.py
[2026-02-25T12:45:26.792+0000] {logging_mixin.py:190} INFO - [2026-02-25T12:45:26.792+0000] {dag.py:3239} INFO - Sync 1 DAGs
[2026-02-25T12:45:26.805+0000] {logging_mixin.py:190} INFO - [2026-02-25T12:45:26.805+0000] {dag.py:4180} INFO - Setting next_dagrun for example_branch_dop_operator_v3 to 2026-02-25 12:44:00+00:00, run_after=2026-02-25 12:45:00+00:00
[2026-02-25T12:45:26.821+0000] {processor.py:208} INFO - Processing /home/ubuntu/airflow-venv/lib/python3.12/site-packages/airflow/example_dags/example_branch_python_dop_operator_3.py took 0.051 seconds
[2026-02-25T12:46:23.235+0000] {processor.py:186} INFO - Started process (PID=2949) to work on /home/ubuntu/airflow-venv/lib/python3.12/site-packages/airflow/example_dags/example_branch_python_dop_operator_3.py
[2026-02-25T12:46:23.236+0000] {processor.py:914} INFO - Processing file /home/ubuntu/airflow-venv/lib/python3.12/site-packages/airflow/example_dags/example_branch_python_dop_operator_3.py for tasks to queue
[2026-02-25T12:46:23.238+0000] {logging_mixin.py:190} INFO - [2026-02-25T12:46:23.237+0000] {dagbag.py:588} INFO - Filling up the DagBag from /home/ubuntu/airflow-venv/lib/python3.12/site-packages/airflow/example_dags/example_branch_python_dop_operator_3.py
[2026-02-25T12:46:23.244+0000] {processor.py:925} INFO - DAG(s) 'example_branch_dop_operator_v3' retrieved from /home/ubuntu/airflow-venv/lib/python3.12/site-packages/airflow/example_dags/example_branch_python_dop_operator_3.py
[2026-02-25T12:46:23.254+0000] {logging_mixin.py:190} INFO - [2026-02-25T12:46:23.253+0000] {dag.py:3239} INFO - Sync 1 DAGs
[2026-02-25T12:46:23.267+0000] {logging_mixin.py:190} INFO - [2026-02-25T12:46:23.267+0000] {dag.py:4180} INFO - Setting next_dagrun for example_branch_dop_operator_v3 to 2026-02-25 12:45:00+00:00, run_after=2026-02-25 12:46:00+00:00
[2026-02-25T12:46:23.283+0000] {processor.py:208} INFO - Processing /home/ubuntu/airflow-venv/lib/python3.12/site-packages/airflow/example_dags/example_branch_python_dop_operator_3.py took 0.052 seconds
[2026-02-25T12:47:35.739+0000] {processor.py:186} INFO - Started process (PID=3026) to work on /home/ubuntu/airflow-venv/lib/python3.12/site-packages/airflow/example_dags/example_branch_python_dop_operator_3.py
[2026-02-25T12:47:35.741+0000] {processor.py:914} INFO - Processing file /home/ubuntu/airflow-venv/lib/python3.12/site-packages/airflow/example_dags/example_branch_python_dop_operator_3.py for tasks to queue
[2026-02-25T12:47:35.742+0000] {logging_mixin.py:190} INFO - [2026-02-25T12:47:35.742+0000] {dagbag.py:588} INFO - Filling up the DagBag from /home/ubuntu/airflow-venv/lib/python3.12/site-packages/airflow/example_dags/example_branch_python_dop_operator_3.py
[2026-02-25T12:47:35.748+0000] {processor.py:925} INFO - DAG(s) 'example_branch_dop_operator_v3' retrieved from /home/ubuntu/airflow-venv/lib/python3.12/site-packages/airflow/example_dags/example_branch_python_dop_operator_3.py
[2026-02-25T12:47:35.757+0000] {logging_mixin.py:190} INFO - [2026-02-25T12:47:35.757+0000] {dag.py:3239} INFO - Sync 1 DAGs
[2026-02-25T12:47:35.771+0000] {logging_mixin.py:190} INFO - [2026-02-25T12:47:35.771+0000] {dag.py:4180} INFO - Setting next_dagrun for example_branch_dop_operator_v3 to 2026-02-25 12:46:00+00:00, run_after=2026-02-25 12:47:00+00:00
[2026-02-25T12:47:35.787+0000] {processor.py:208} INFO - Processing /home/ubuntu/airflow-venv/lib/python3.12/site-packages/airflow/example_dags/example_branch_python_dop_operator_3.py took 0.051 seconds
[2026-02-25T12:48:49.985+0000] {processor.py:186} INFO - Started process (PID=3108) to work on /home/ubuntu/airflow-venv/lib/python3.12/site-packages/airflow/example_dags/example_branch_python_dop_operator_3.py
[2026-02-25T12:48:49.987+0000] {processor.py:914} INFO - Processing file /home/ubuntu/airflow-venv/lib/python3.12/site-packages/airflow/example_dags/example_branch_python_dop_operator_3.py for tasks to queue
[2026-02-25T12:48:49.988+0000] {logging_mixin.py:190} INFO - [2026-02-25T12:48:49.988+0000] {dagbag.py:588} INFO - Filling up the DagBag from /home/ubuntu/airflow-venv/lib/python3.12/site-packages/airflow/example_dags/example_branch_python_dop_operator_3.py
[2026-02-25T12:48:49.994+0000] {processor.py:925} INFO - DAG(s) 'example_branch_dop_operator_v3' retrieved from /home/ubuntu/airflow-venv/lib/python3.12/site-packages/airflow/example_dags/example_branch_python_dop_operator_3.py
[2026-02-25T12:48:50.003+0000] {logging_mixin.py:190} INFO - [2026-02-25T12:48:50.003+0000] {dag.py:3239} INFO - Sync 1 DAGs
[2026-02-25T12:48:50.017+0000] {logging_mixin.py:190} INFO - [2026-02-25T12:48:50.017+0000] {dag.py:4180} INFO - Setting next_dagrun for example_branch_dop_operator_v3 to 2026-02-25 12:47:00+00:00, run_after=2026-02-25 12:48:00+00:00
[2026-02-25T12:48:50.033+0000] {processor.py:208} INFO - Processing /home/ubuntu/airflow-venv/lib/python3.12/site-packages/airflow/example_dags/example_branch_python_dop_operator_3.py took 0.052 seconds
[2026-02-25T12:50:02.923+0000] {processor.py:186} INFO - Started process (PID=3185) to work on /home/ubuntu/airflow-venv/lib/python3.12/site-packages/airflow/example_dags/example_branch_python_dop_operator_3.py
[2026-02-25T12:50:02.925+0000] {processor.py:914} INFO - Processing file /home/ubuntu/airflow-venv/lib/python3.12/site-packages/airflow/example_dags/example_branch_python_dop_operator_3.py for tasks to queue
[2026-02-25T12:50:02.926+0000] {logging_mixin.py:190} INFO - [2026-02-25T12:50:02.926+0000] {dagbag.py:588} INFO - Filling up the DagBag from /home/ubuntu/airflow-venv/lib/python3.12/site-packages/airflow/example_dags/example_branch_python_dop_operator_3.py
[2026-02-25T12:50:02.932+0000] {processor.py:925} INFO - DAG(s) 'example_branch_dop_operator_v3' retrieved from /home/ubuntu/airflow-venv/lib/python3.12/site-packages/airflow/example_dags/example_branch_python_dop_operator_3.py
[2026-02-25T12:50:02.941+0000] {logging_mixin.py:190} INFO - [2026-02-25T12:50:02.941+0000] {dag.py:3239} INFO - Sync 1 DAGs
[2026-02-25T12:50:02.955+0000] {logging_mixin.py:190} INFO - [2026-02-25T12:50:02.955+0000] {dag.py:4180} INFO - Setting next_dagrun for example_branch_dop_operator_v3 to 2026-02-25 12:49:00+00:00, run_after=2026-02-25 12:50:00+00:00
[2026-02-25T12:50:02.972+0000] {processor.py:208} INFO - Processing /home/ubuntu/airflow-venv/lib/python3.12/site-packages/airflow/example_dags/example_branch_python_dop_operator_3.py took 0.052 seconds
[2026-02-25T12:51:17.061+0000] {processor.py:186} INFO - Started process (PID=3265) to work on /home/ubuntu/airflow-venv/lib/python3.12/site-packages/airflow/example_dags/example_branch_python_dop_operator_3.py
[2026-02-25T12:51:17.062+0000] {processor.py:914} INFO - Processing file /home/ubuntu/airflow-venv/lib/python3.12/site-packages/airflow/example_dags/example_branch_python_dop_operator_3.py for tasks to queue
[2026-02-25T12:51:17.064+0000] {logging_mixin.py:190} INFO - [2026-02-25T12:51:17.063+0000] {dagbag.py:588} INFO - Filling up the DagBag from /home/ubuntu/airflow-venv/lib/python3.12/site-packages/airflow/example_dags/example_branch_python_dop_operator_3.py
[2026-02-25T12:51:17.070+0000] {processor.py:925} INFO - DAG(s) 'example_branch_dop_operator_v3' retrieved from /home/ubuntu/airflow-venv/lib/python3.12/site-packages/airflow/example_dags/example_branch_python_dop_operator_3.py
[2026-02-25T12:51:17.079+0000] {logging_mixin.py:190} INFO - [2026-02-25T12:51:17.079+0000] {dag.py:3239} INFO - Sync 1 DAGs
[2026-02-25T12:51:17.092+0000] {logging_mixin.py:190} INFO - [2026-02-25T12:51:17.092+0000] {dag.py:4180} INFO - Setting next_dagrun for example_branch_dop_operator_v3 to 2026-02-25 12:50:00+00:00, run_after=2026-02-25 12:51:00+00:00
[2026-02-25T12:51:17.108+0000] {processor.py:208} INFO - Processing /home/ubuntu/airflow-venv/lib/python3.12/site-packages/airflow/example_dags/example_branch_python_dop_operator_3.py took 0.051 seconds
[2026-02-25T12:52:27.973+0000] {processor.py:186} INFO - Started process (PID=3344) to work on /home/ubuntu/airflow-venv/lib/python3.12/site-packages/airflow/example_dags/example_branch_python_dop_operator_3.py
[2026-02-25T12:52:27.974+0000] {processor.py:914} INFO - Processing file /home/ubuntu/airflow-venv/lib/python3.12/site-packages/airflow/example_dags/example_branch_python_dop_operator_3.py for tasks to queue
[2026-02-25T12:52:27.975+0000] {logging_mixin.py:190} INFO - [2026-02-25T12:52:27.975+0000] {dagbag.py:588} INFO - Filling up the DagBag from /home/ubuntu/airflow-venv/lib/python3.12/site-packages/airflow/example_dags/example_branch_python_dop_operator_3.py
[2026-02-25T12:52:27.982+0000] {processor.py:925} INFO - DAG(s) 'example_branch_dop_operator_v3' retrieved from /home/ubuntu/airflow-venv/lib/python3.12/site-packages/airflow/example_dags/example_branch_python_dop_operator_3.py
[2026-02-25T12:52:27.991+0000] {logging_mixin.py:190} INFO - [2026-02-25T12:52:27.991+0000] {dag.py:3239} INFO - Sync 1 DAGs
[2026-02-25T12:52:28.005+0000] {logging_mixin.py:190} INFO - [2026-02-25T12:52:28.005+0000] {dag.py:4180} INFO - Setting next_dagrun for example_branch_dop_operator_v3 to 2026-02-25 12:51:00+00:00, run_after=2026-02-25 12:52:00+00:00
[2026-02-25T12:52:28.022+0000] {processor.py:208} INFO - Processing /home/ubuntu/airflow-venv/lib/python3.12/site-packages/airflow/example_dags/example_branch_python_dop_operator_3.py took 0.053 seconds
[2026-02-25T12:53:43.873+0000] {processor.py:186} INFO - Started process (PID=3432) to work on /home/ubuntu/airflow-venv/lib/python3.12/site-packages/airflow/example_dags/example_branch_python_dop_operator_3.py
[2026-02-25T12:53:43.874+0000] {processor.py:914} INFO - Processing file /home/ubuntu/airflow-venv/lib/python3.12/site-packages/airflow/example_dags/example_branch_python_dop_operator_3.py for tasks to queue
[2026-02-25T12:53:43.876+0000] {logging_mixin.py:190} INFO - [2026-02-25T12:53:43.876+0000] {dagbag.py:588} INFO - Filling up the DagBag from /home/ubuntu/airflow-venv/lib/python3.12/site-packages/airflow/example_dags/example_branch_python_dop_operator_3.py
[2026-02-25T12:53:43.882+0000] {processor.py:925} INFO - DAG(s) 'example_branch_dop_operator_v3' retrieved from /home/ubuntu/airflow-venv/lib/python3.12/site-packages/airflow/example_dags/example_branch_python_dop_operator_3.py
[2026-02-25T12:53:43.892+0000] {logging_mixin.py:190} INFO - [2026-02-25T12:53:43.891+0000] {dag.py:3239} INFO - Sync 1 DAGs
[2026-02-25T12:53:43.905+0000] {logging_mixin.py:190} INFO - [2026-02-25T12:53:43.905+0000] {dag.py:4180} INFO - Setting next_dagrun for example_branch_dop_operator_v3 to 2026-02-25 12:52:00+00:00, run_after=2026-02-25 12:53:00+00:00
[2026-02-25T12:53:43.922+0000] {processor.py:208} INFO - Processing /home/ubuntu/airflow-venv/lib/python3.12/site-packages/airflow/example_dags/example_branch_python_dop_operator_3.py took 0.052 seconds
[2026-02-25T12:54:56.376+0000] {processor.py:186} INFO - Started process (PID=3509) to work on /home/ubuntu/airflow-venv/lib/python3.12/site-packages/airflow/example_dags/example_branch_python_dop_operator_3.py
[2026-02-25T12:54:56.377+0000] {processor.py:914} INFO - Processing file /home/ubuntu/airflow-venv/lib/python3.12/site-packages/airflow/example_dags/example_branch_python_dop_operator_3.py for tasks to queue
[2026-02-25T12:54:56.379+0000] {logging_mixin.py:190} INFO - [2026-02-25T12:54:56.379+0000] {dagbag.py:588} INFO - Filling up the DagBag from /home/ubuntu/airflow-venv/lib/python3.12/site-packages/airflow/example_dags/example_branch_python_dop_operator_3.py
[2026-02-25T12:54:56.385+0000] {processor.py:925} INFO - DAG(s) 'example_branch_dop_operator_v3' retrieved from /home/ubuntu/airflow-venv/lib/python3.12/site-packages/airflow/example_dags/example_branch_python_dop_operator_3.py
[2026-02-25T12:54:56.395+0000] {logging_mixin.py:190} INFO - [2026-02-25T12:54:56.395+0000] {dag.py:3239} INFO - Sync 1 DAGs
[2026-02-25T12:54:56.408+0000] {logging_mixin.py:190} INFO - [2026-02-25T12:54:56.408+0000] {dag.py:4180} INFO - Setting next_dagrun for example_branch_dop_operator_v3 to 2026-02-25 12:53:00+00:00, run_after=2026-02-25 12:54:00+00:00
[2026-02-25T12:54:56.425+0000] {processor.py:208} INFO - Processing /home/ubuntu/airflow-venv/lib/python3.12/site-packages/airflow/example_dags/example_branch_python_dop_operator_3.py took 0.052 seconds
[2026-02-25T12:56:10.650+0000] {processor.py:186} INFO - Started process (PID=3590) to work on /home/ubuntu/airflow-venv/lib/python3.12/site-packages/airflow/example_dags/example_branch_python_dop_operator_3.py
[2026-02-25T12:56:10.652+0000] {processor.py:914} INFO - Processing file /home/ubuntu/airflow-venv/lib/python3.12/site-packages/airflow/example_dags/example_branch_python_dop_operator_3.py for tasks to queue
[2026-02-25T12:56:10.653+0000] {logging_mixin.py:190} INFO - [2026-02-25T12:56:10.653+0000] {dagbag.py:588} INFO - Filling up the DagBag from /home/ubuntu/airflow-venv/lib/python3.12/site-packages/airflow/example_dags/example_branch_python_dop_operator_3.py
[2026-02-25T12:56:10.659+0000] {processor.py:925} INFO - DAG(s) 'example_branch_dop_operator_v3' retrieved from /home/ubuntu/airflow-venv/lib/python3.12/site-packages/airflow/example_dags/example_branch_python_dop_operator_3.py
[2026-02-25T12:56:10.669+0000] {logging_mixin.py:190} INFO - [2026-02-25T12:56:10.669+0000] {dag.py:3239} INFO - Sync 1 DAGs
[2026-02-25T12:56:10.682+0000] {logging_mixin.py:190} INFO - [2026-02-25T12:56:10.682+0000] {dag.py:4180} INFO - Setting next_dagrun for example_branch_dop_operator_v3 to 2026-02-25 12:55:00+00:00, run_after=2026-02-25 12:56:00+00:00
[2026-02-25T12:56:10.699+0000] {processor.py:208} INFO - Processing /home/ubuntu/airflow-venv/lib/python3.12/site-packages/airflow/example_dags/example_branch_python_dop_operator_3.py took 0.052 seconds
[2026-02-25T12:57:28.662+0000] {processor.py:186} INFO - Started process (PID=3670) to work on /home/ubuntu/airflow-venv/lib/python3.12/site-packages/airflow/example_dags/example_branch_python_dop_operator_3.py
[2026-02-25T12:57:28.664+0000] {processor.py:914} INFO - Processing file /home/ubuntu/airflow-venv/lib/python3.12/site-packages/airflow/example_dags/example_branch_python_dop_operator_3.py for tasks to queue
[2026-02-25T12:57:28.665+0000] {logging_mixin.py:190} INFO - [2026-02-25T12:57:28.665+0000] {dagbag.py:588} INFO - Filling up the DagBag from /home/ubuntu/airflow-venv/lib/python3.12/site-packages/airflow/example_dags/example_branch_python_dop_operator_3.py
[2026-02-25T12:57:28.671+0000] {processor.py:925} INFO - DAG(s) 'example_branch_dop_operator_v3' retrieved from /home/ubuntu/airflow-venv/lib/python3.12/site-packages/airflow/example_dags/example_branch_python_dop_operator_3.py
[2026-02-25T12:57:28.680+0000] {logging_mixin.py:190} INFO - [2026-02-25T12:57:28.680+0000] {dag.py:3239} INFO - Sync 1 DAGs
[2026-02-25T12:57:28.694+0000] {logging_mixin.py:190} INFO - [2026-02-25T12:57:28.694+0000] {dag.py:4180} INFO - Setting next_dagrun for example_branch_dop_operator_v3 to 2026-02-25 12:56:00+00:00, run_after=2026-02-25 12:57:00+00:00
[2026-02-25T12:57:28.710+0000] {processor.py:208} INFO - Processing /home/ubuntu/airflow-venv/lib/python3.12/site-packages/airflow/example_dags/example_branch_python_dop_operator_3.py took 0.051 seconds
[2026-02-25T12:58:43.149+0000] {processor.py:186} INFO - Started process (PID=3749) to work on /home/ubuntu/airflow-venv/lib/python3.12/site-packages/airflow/example_dags/example_branch_python_dop_operator_3.py
[2026-02-25T12:58:43.151+0000] {processor.py:914} INFO - Processing file /home/ubuntu/airflow-venv/lib/python3.12/site-packages/airflow/example_dags/example_branch_python_dop_operator_3.py for tasks to queue
[2026-02-25T12:58:43.152+0000] {logging_mixin.py:190} INFO - [2026-02-25T12:58:43.152+0000] {dagbag.py:588} INFO - Filling up the DagBag from /home/ubuntu/airflow-venv/lib/python3.12/site-packages/airflow/example_dags/example_branch_python_dop_operator_3.py
[2026-02-25T12:58:43.158+0000] {processor.py:925} INFO - DAG(s) 'example_branch_dop_operator_v3' retrieved from /home/ubuntu/airflow-venv/lib/python3.12/site-packages/airflow/example_dags/example_branch_python_dop_operator_3.py
[2026-02-25T12:58:43.168+0000] {logging_mixin.py:190} INFO - [2026-02-25T12:58:43.168+0000] {dag.py:3239} INFO - Sync 1 DAGs
[2026-02-25T12:58:43.182+0000] {logging_mixin.py:190} INFO - [2026-02-25T12:58:43.182+0000] {dag.py:4180} INFO - Setting next_dagrun for example_branch_dop_operator_v3 to 2026-02-25 12:57:00+00:00, run_after=2026-02-25 12:58:00+00:00
[2026-02-25T12:58:43.199+0000] {processor.py:208} INFO - Processing /home/ubuntu/airflow-venv/lib/python3.12/site-packages/airflow/example_dags/example_branch_python_dop_operator_3.py took 0.053 seconds
[2026-02-25T12:59:58.767+0000] {processor.py:186} INFO - Started process (PID=3830) to work on /home/ubuntu/airflow-venv/lib/python3.12/site-packages/airflow/example_dags/example_branch_python_dop_operator_3.py
[2026-02-25T12:59:58.768+0000] {processor.py:914} INFO - Processing file /home/ubuntu/airflow-venv/lib/python3.12/site-packages/airflow/example_dags/example_branch_python_dop_operator_3.py for tasks to queue
[2026-02-25T12:59:58.769+0000] {logging_mixin.py:190} INFO - [2026-02-25T12:59:58.769+0000] {dagbag.py:588} INFO - Filling up the DagBag from /home/ubuntu/airflow-venv/lib/python3.12/site-packages/airflow/example_dags/example_branch_python_dop_operator_3.py
[2026-02-25T12:59:58.776+0000] {processor.py:925} INFO - DAG(s) 'example_branch_dop_operator_v3' retrieved from /home/ubuntu/airflow-venv/lib/python3.12/site-packages/airflow/example_dags/example_branch_python_dop_operator_3.py
[2026-02-25T12:59:58.785+0000] {logging_mixin.py:190} INFO - [2026-02-25T12:59:58.785+0000] {dag.py:3239} INFO - Sync 1 DAGs
[2026-02-25T12:59:58.799+0000] {logging_mixin.py:190} INFO - [2026-02-25T12:59:58.799+0000] {dag.py:4180} INFO - Setting next_dagrun for example_branch_dop_operator_v3 to 2026-02-25 12:58:00+00:00, run_after=2026-02-25 12:59:00+00:00
[2026-02-25T12:59:58.815+0000] {processor.py:208} INFO - Processing /home/ubuntu/airflow-venv/lib/python3.12/site-packages/airflow/example_dags/example_branch_python_dop_operator_3.py took 0.052 seconds
[2026-02-25T13:01:09.813+0000] {processor.py:186} INFO - Started process (PID=3909) to work on /home/ubuntu/airflow-venv/lib/python3.12/site-packages/airflow/example_dags/example_branch_python_dop_operator_3.py
[2026-02-25T13:01:09.814+0000] {processor.py:914} INFO - Processing file /home/ubuntu/airflow-venv/lib/python3.12/site-packages/airflow/example_dags/example_branch_python_dop_operator_3.py for tasks to queue
[2026-02-25T13:01:09.816+0000] {logging_mixin.py:190} INFO - [2026-02-25T13:01:09.815+0000] {dagbag.py:588} INFO - Filling up the DagBag from /home/ubuntu/airflow-venv/lib/python3.12/site-packages/airflow/example_dags/example_branch_python_dop_operator_3.py
[2026-02-25T13:01:09.822+0000] {processor.py:925} INFO - DAG(s) 'example_branch_dop_operator_v3' retrieved from /home/ubuntu/airflow-venv/lib/python3.12/site-packages/airflow/example_dags/example_branch_python_dop_operator_3.py
[2026-02-25T13:01:09.831+0000] {logging_mixin.py:190} INFO - [2026-02-25T13:01:09.831+0000] {dag.py:3239} INFO - Sync 1 DAGs
[2026-02-25T13:01:09.845+0000] {logging_mixin.py:190} INFO - [2026-02-25T13:01:09.844+0000] {dag.py:4180} INFO - Setting next_dagrun for example_branch_dop_operator_v3 to 2026-02-25 13:00:00+00:00, run_after=2026-02-25 13:01:00+00:00
[2026-02-25T13:01:09.861+0000] {processor.py:208} INFO - Processing /home/ubuntu/airflow-venv/lib/python3.12/site-packages/airflow/example_dags/example_branch_python_dop_operator_3.py took 0.051 seconds
[2026-02-25T13:03:11.699+0000] {processor.py:186} INFO - Started process (PID=4007) to work on /home/ubuntu/airflow-venv/lib/python3.12/site-packages/airflow/example_dags/example_branch_python_dop_operator_3.py
[2026-02-25T13:03:11.701+0000] {processor.py:914} INFO - Processing file /home/ubuntu/airflow-venv/lib/python3.12/site-packages/airflow/example_dags/example_branch_python_dop_operator_3.py for tasks to queue
[2026-02-25T13:03:11.702+0000] {logging_mixin.py:190} INFO - [2026-02-25T13:03:11.702+0000] {dagbag.py:588} INFO - Filling up the DagBag from /home/ubuntu/airflow-venv/lib/python3.12/site-packages/airflow/example_dags/example_branch_python_dop_operator_3.py
[2026-02-25T13:03:11.709+0000] {processor.py:925} INFO - DAG(s) 'example_branch_dop_operator_v3' retrieved from /home/ubuntu/airflow-venv/lib/python3.12/site-packages/airflow/example_dags/example_branch_python_dop_operator_3.py
[2026-02-25T13:03:11.775+0000] {logging_mixin.py:190} INFO - [2026-02-25T13:03:11.774+0000] {override.py:1900} INFO - Created Permission View: can delete on DAG:example_branch_dop_operator_v3
[2026-02-25T13:03:11.785+0000] {logging_mixin.py:190} INFO - [2026-02-25T13:03:11.784+0000] {override.py:1900} INFO - Created Permission View: can read on DAG:example_branch_dop_operator_v3
[2026-02-25T13:03:11.793+0000] {logging_mixin.py:190} INFO - [2026-02-25T13:03:11.793+0000] {override.py:1900} INFO - Created Permission View: can edit on DAG:example_branch_dop_operator_v3
[2026-02-25T13:03:11.808+0000] {logging_mixin.py:190} INFO - [2026-02-25T13:03:11.808+0000] {override.py:1900} INFO - Created Permission View: can create on DAG Run:example_branch_dop_operator_v3
[2026-02-25T13:03:11.816+0000] {logging_mixin.py:190} INFO - [2026-02-25T13:03:11.816+0000] {override.py:1900} INFO - Created Permission View: can delete on DAG Run:example_branch_dop_operator_v3
[2026-02-25T13:03:11.825+0000] {logging_mixin.py:190} INFO - [2026-02-25T13:03:11.824+0000] {override.py:1900} INFO - Created Permission View: can read on DAG Run:example_branch_dop_operator_v3
[2026-02-25T13:03:11.833+0000] {logging_mixin.py:190} INFO - [2026-02-25T13:03:11.833+0000] {override.py:1900} INFO - Created Permission View: menu access on DAG Run:example_branch_dop_operator_v3
[2026-02-25T13:03:11.833+0000] {logging_mixin.py:190} INFO - [2026-02-25T13:03:11.833+0000] {dag.py:3239} INFO - Sync 1 DAGs
[2026-02-25T13:03:11.839+0000] {logging_mixin.py:190} INFO - [2026-02-25T13:03:11.839+0000] {dag.py:3262} INFO - Creating ORM DAG for example_branch_dop_operator_v3
[2026-02-25T13:03:11.846+0000] {logging_mixin.py:190} INFO - [2026-02-25T13:03:11.846+0000] {dag.py:4180} INFO - Setting next_dagrun for example_branch_dop_operator_v3 to 2026-02-25 13:02:00+00:00, run_after=2026-02-25 13:03:00+00:00
[2026-02-25T13:03:11.862+0000] {processor.py:208} INFO - Processing /home/ubuntu/airflow-venv/lib/python3.12/site-packages/airflow/example_dags/example_branch_python_dop_operator_3.py took 0.166 seconds
[2026-02-25T13:04:04.851+0000] {processor.py:186} INFO - Started process (PID=4065) to work on /home/ubuntu/airflow-venv/lib/python3.12/site-packages/airflow/example_dags/example_branch_python_dop_operator_3.py
[2026-02-25T13:04:04.852+0000] {processor.py:914} INFO - Processing file /home/ubuntu/airflow-venv/lib/python3.12/site-packages/airflow/example_dags/example_branch_python_dop_operator_3.py for tasks to queue
[2026-02-25T13:04:04.853+0000] {logging_mixin.py:190} INFO - [2026-02-25T13:04:04.853+0000] {dagbag.py:588} INFO - Filling up the DagBag from /home/ubuntu/airflow-venv/lib/python3.12/site-packages/airflow/example_dags/example_branch_python_dop_operator_3.py
[2026-02-25T13:04:04.860+0000] {processor.py:925} INFO - DAG(s) 'example_branch_dop_operator_v3' retrieved from /home/ubuntu/airflow-venv/lib/python3.12/site-packages/airflow/example_dags/example_branch_python_dop_operator_3.py
[2026-02-25T13:04:04.869+0000] {logging_mixin.py:190} INFO - [2026-02-25T13:04:04.869+0000] {dag.py:3239} INFO - Sync 1 DAGs
[2026-02-25T13:04:04.883+0000] {logging_mixin.py:190} INFO - [2026-02-25T13:04:04.883+0000] {dag.py:4180} INFO - Setting next_dagrun for example_branch_dop_operator_v3 to 2026-02-25 13:03:00+00:00, run_after=2026-02-25 13:04:00+00:00
[2026-02-25T13:04:04.899+0000] {processor.py:208} INFO - Processing /home/ubuntu/airflow-venv/lib/python3.12/site-packages/airflow/example_dags/example_branch_python_dop_operator_3.py took 0.051 seconds
[2026-02-25T13:09:41.336+0000] {processor.py:186} INFO - Started process (PID=2147) to work on /home/ubuntu/airflow-venv/lib/python3.12/site-packages/airflow/example_dags/example_branch_python_dop_operator_3.py
[2026-02-25T13:09:41.338+0000] {processor.py:914} INFO - Processing file /home/ubuntu/airflow-venv/lib/python3.12/site-packages/airflow/example_dags/example_branch_python_dop_operator_3.py for tasks to queue
[2026-02-25T13:09:41.340+0000] {logging_mixin.py:190} INFO - [2026-02-25T13:09:41.339+0000] {dagbag.py:588} INFO - Filling up the DagBag from /home/ubuntu/airflow-venv/lib/python3.12/site-packages/airflow/example_dags/example_branch_python_dop_operator_3.py
[2026-02-25T13:09:41.347+0000] {processor.py:925} INFO - DAG(s) 'example_branch_dop_operator_v3' retrieved from /home/ubuntu/airflow-venv/lib/python3.12/site-packages/airflow/example_dags/example_branch_python_dop_operator_3.py
[2026-02-25T13:09:41.357+0000] {logging_mixin.py:190} INFO - [2026-02-25T13:09:41.357+0000] {dag.py:3239} INFO - Sync 1 DAGs
[2026-02-25T13:09:41.372+0000] {logging_mixin.py:190} INFO - [2026-02-25T13:09:41.372+0000] {dag.py:4180} INFO - Setting next_dagrun for example_branch_dop_operator_v3 to 2026-02-25 13:08:00+00:00, run_after=2026-02-25 13:09:00+00:00
[2026-02-25T13:09:41.389+0000] {processor.py:208} INFO - Processing /home/ubuntu/airflow-venv/lib/python3.12/site-packages/airflow/example_dags/example_branch_python_dop_operator_3.py took 0.056 seconds
[2026-02-25T13:10:36.172+0000] {processor.py:186} INFO - Started process (PID=2208) to work on /home/ubuntu/airflow-venv/lib/python3.12/site-packages/airflow/example_dags/example_branch_python_dop_operator_3.py
[2026-02-25T13:10:36.173+0000] {processor.py:914} INFO - Processing file /home/ubuntu/airflow-venv/lib/python3.12/site-packages/airflow/example_dags/example_branch_python_dop_operator_3.py for tasks to queue
[2026-02-25T13:10:36.175+0000] {logging_mixin.py:190} INFO - [2026-02-25T13:10:36.174+0000] {dagbag.py:588} INFO - Filling up the DagBag from /home/ubuntu/airflow-venv/lib/python3.12/site-packages/airflow/example_dags/example_branch_python_dop_operator_3.py
[2026-02-25T13:10:36.182+0000] {processor.py:925} INFO - DAG(s) 'example_branch_dop_operator_v3' retrieved from /home/ubuntu/airflow-venv/lib/python3.12/site-packages/airflow/example_dags/example_branch_python_dop_operator_3.py
[2026-02-25T13:10:36.191+0000] {logging_mixin.py:190} INFO - [2026-02-25T13:10:36.191+0000] {dag.py:3239} INFO - Sync 1 DAGs
[2026-02-25T13:10:36.206+0000] {logging_mixin.py:190} INFO - [2026-02-25T13:10:36.206+0000] {dag.py:4180} INFO - Setting next_dagrun for example_branch_dop_operator_v3 to 2026-02-25 13:09:00+00:00, run_after=2026-02-25 13:10:00+00:00
[2026-02-25T13:10:36.224+0000] {processor.py:208} INFO - Processing /home/ubuntu/airflow-venv/lib/python3.12/site-packages/airflow/example_dags/example_branch_python_dop_operator_3.py took 0.055 seconds
[2026-02-25T13:15:54.670+0000] {processor.py:186} INFO - Started process (PID=3088) to work on /home/ubuntu/airflow-venv/lib/python3.12/site-packages/airflow/example_dags/example_branch_python_dop_operator_3.py
[2026-02-25T13:15:54.671+0000] {processor.py:914} INFO - Processing file /home/ubuntu/airflow-venv/lib/python3.12/site-packages/airflow/example_dags/example_branch_python_dop_operator_3.py for tasks to queue
[2026-02-25T13:15:54.672+0000] {logging_mixin.py:190} INFO - [2026-02-25T13:15:54.672+0000] {dagbag.py:588} INFO - Filling up the DagBag from /home/ubuntu/airflow-venv/lib/python3.12/site-packages/airflow/example_dags/example_branch_python_dop_operator_3.py
[2026-02-25T13:15:54.680+0000] {processor.py:925} INFO - DAG(s) 'example_branch_dop_operator_v3' retrieved from /home/ubuntu/airflow-venv/lib/python3.12/site-packages/airflow/example_dags/example_branch_python_dop_operator_3.py
[2026-02-25T13:15:54.690+0000] {logging_mixin.py:190} INFO - [2026-02-25T13:15:54.689+0000] {dag.py:3239} INFO - Sync 1 DAGs
[2026-02-25T13:15:54.704+0000] {logging_mixin.py:190} INFO - [2026-02-25T13:15:54.704+0000] {dag.py:4180} INFO - Setting next_dagrun for example_branch_dop_operator_v3 to 2026-02-25 13:14:00+00:00, run_after=2026-02-25 13:15:00+00:00
[2026-02-25T13:15:54.721+0000] {processor.py:208} INFO - Processing /home/ubuntu/airflow-venv/lib/python3.12/site-packages/airflow/example_dags/example_branch_python_dop_operator_3.py took 0.055 seconds
[2026-02-25T13:16:49.188+0000] {processor.py:186} INFO - Started process (PID=3147) to work on /home/ubuntu/airflow-venv/lib/python3.12/site-packages/airflow/example_dags/example_branch_python_dop_operator_3.py
[2026-02-25T13:16:49.189+0000] {processor.py:914} INFO - Processing file /home/ubuntu/airflow-venv/lib/python3.12/site-packages/airflow/example_dags/example_branch_python_dop_operator_3.py for tasks to queue
[2026-02-25T13:16:49.190+0000] {logging_mixin.py:190} INFO - [2026-02-25T13:16:49.190+0000] {dagbag.py:588} INFO - Filling up the DagBag from /home/ubuntu/airflow-venv/lib/python3.12/site-packages/airflow/example_dags/example_branch_python_dop_operator_3.py
[2026-02-25T13:16:49.197+0000] {processor.py:925} INFO - DAG(s) 'example_branch_dop_operator_v3' retrieved from /home/ubuntu/airflow-venv/lib/python3.12/site-packages/airflow/example_dags/example_branch_python_dop_operator_3.py
[2026-02-25T13:16:49.208+0000] {logging_mixin.py:190} INFO - [2026-02-25T13:16:49.208+0000] {dag.py:3239} INFO - Sync 1 DAGs
[2026-02-25T13:16:49.223+0000] {logging_mixin.py:190} INFO - [2026-02-25T13:16:49.223+0000] {dag.py:4180} INFO - Setting next_dagrun for example_branch_dop_operator_v3 to 2026-02-25 13:15:00+00:00, run_after=2026-02-25 13:16:00+00:00
[2026-02-25T13:16:49.240+0000] {processor.py:208} INFO - Processing /home/ubuntu/airflow-venv/lib/python3.12/site-packages/airflow/example_dags/example_branch_python_dop_operator_3.py took 0.056 seconds
[2026-02-25T13:18:06.244+0000] {processor.py:186} INFO - Started process (PID=3234) to work on /home/ubuntu/airflow-venv/lib/python3.12/site-packages/airflow/example_dags/example_branch_python_dop_operator_3.py
[2026-02-25T13:18:06.245+0000] {processor.py:914} INFO - Processing file /home/ubuntu/airflow-venv/lib/python3.12/site-packages/airflow/example_dags/example_branch_python_dop_operator_3.py for tasks to queue
[2026-02-25T13:18:06.246+0000] {logging_mixin.py:190} INFO - [2026-02-25T13:18:06.246+0000] {dagbag.py:588} INFO - Filling up the DagBag from /home/ubuntu/airflow-venv/lib/python3.12/site-packages/airflow/example_dags/example_branch_python_dop_operator_3.py
[2026-02-25T13:18:06.253+0000] {processor.py:925} INFO - DAG(s) 'example_branch_dop_operator_v3' retrieved from /home/ubuntu/airflow-venv/lib/python3.12/site-packages/airflow/example_dags/example_branch_python_dop_operator_3.py
[2026-02-25T13:18:06.263+0000] {logging_mixin.py:190} INFO - [2026-02-25T13:18:06.263+0000] {dag.py:3239} INFO - Sync 1 DAGs
[2026-02-25T13:18:06.278+0000] {logging_mixin.py:190} INFO - [2026-02-25T13:18:06.278+0000] {dag.py:4180} INFO - Setting next_dagrun for example_branch_dop_operator_v3 to 2026-02-25 13:17:00+00:00, run_after=2026-02-25 13:18:00+00:00
[2026-02-25T13:18:06.295+0000] {processor.py:208} INFO - Processing /home/ubuntu/airflow-venv/lib/python3.12/site-packages/airflow/example_dags/example_branch_python_dop_operator_3.py took 0.055 seconds
[2026-02-25T13:19:23.034+0000] {processor.py:186} INFO - Started process (PID=3320) to work on /home/ubuntu/airflow-venv/lib/python3.12/site-packages/airflow/example_dags/example_branch_python_dop_operator_3.py
[2026-02-25T13:19:23.036+0000] {processor.py:914} INFO - Processing file /home/ubuntu/airflow-venv/lib/python3.12/site-packages/airflow/example_dags/example_branch_python_dop_operator_3.py for tasks to queue
[2026-02-25T13:19:23.037+0000] {logging_mixin.py:190} INFO - [2026-02-25T13:19:23.037+0000] {dagbag.py:588} INFO - Filling up the DagBag from /home/ubuntu/airflow-venv/lib/python3.12/site-packages/airflow/example_dags/example_branch_python_dop_operator_3.py
[2026-02-25T13:19:23.044+0000] {processor.py:925} INFO - DAG(s) 'example_branch_dop_operator_v3' retrieved from /home/ubuntu/airflow-venv/lib/python3.12/site-packages/airflow/example_dags/example_branch_python_dop_operator_3.py
[2026-02-25T13:19:23.055+0000] {logging_mixin.py:190} INFO - [2026-02-25T13:19:23.054+0000] {dag.py:3239} INFO - Sync 1 DAGs
[2026-02-25T13:19:23.070+0000] {logging_mixin.py:190} INFO - [2026-02-25T13:19:23.070+0000] {dag.py:4180} INFO - Setting next_dagrun for example_branch_dop_operator_v3 to 2026-02-25 13:18:00+00:00, run_after=2026-02-25 13:19:00+00:00
[2026-02-25T13:19:23.088+0000] {processor.py:208} INFO - Processing /home/ubuntu/airflow-venv/lib/python3.12/site-packages/airflow/example_dags/example_branch_python_dop_operator_3.py took 0.057 seconds
[2026-02-25T13:20:40.554+0000] {processor.py:186} INFO - Started process (PID=3412) to work on /home/ubuntu/airflow-venv/lib/python3.12/site-packages/airflow/example_dags/example_branch_python_dop_operator_3.py
[2026-02-25T13:20:40.555+0000] {processor.py:914} INFO - Processing file /home/ubuntu/airflow-venv/lib/python3.12/site-packages/airflow/example_dags/example_branch_python_dop_operator_3.py for tasks to queue
[2026-02-25T13:20:40.556+0000] {logging_mixin.py:190} INFO - [2026-02-25T13:20:40.556+0000] {dagbag.py:588} INFO - Filling up the DagBag from /home/ubuntu/airflow-venv/lib/python3.12/site-packages/airflow/example_dags/example_branch_python_dop_operator_3.py
[2026-02-25T13:20:40.563+0000] {processor.py:925} INFO - DAG(s) 'example_branch_dop_operator_v3' retrieved from /home/ubuntu/airflow-venv/lib/python3.12/site-packages/airflow/example_dags/example_branch_python_dop_operator_3.py
[2026-02-25T13:20:40.573+0000] {logging_mixin.py:190} INFO - [2026-02-25T13:20:40.573+0000] {dag.py:3239} INFO - Sync 1 DAGs
[2026-02-25T13:20:40.683+0000] {logging_mixin.py:190} INFO - [2026-02-25T13:20:40.683+0000] {dag.py:4180} INFO - Setting next_dagrun for example_branch_dop_operator_v3 to 2026-02-25 13:19:00+00:00, run_after=2026-02-25 13:20:00+00:00
[2026-02-25T13:20:40.700+0000] {processor.py:208} INFO - Processing /home/ubuntu/airflow-venv/lib/python3.12/site-packages/airflow/example_dags/example_branch_python_dop_operator_3.py took 0.150 seconds
[2026-02-25T13:21:38.945+0000] {processor.py:186} INFO - Started process (PID=3469) to work on /home/ubuntu/airflow-venv/lib/python3.12/site-packages/airflow/example_dags/example_branch_python_dop_operator_3.py
[2026-02-25T13:21:38.947+0000] {processor.py:914} INFO - Processing file /home/ubuntu/airflow-venv/lib/python3.12/site-packages/airflow/example_dags/example_branch_python_dop_operator_3.py for tasks to queue
[2026-02-25T13:21:38.948+0000] {logging_mixin.py:190} INFO - [2026-02-25T13:21:38.948+0000] {dagbag.py:588} INFO - Filling up the DagBag from /home/ubuntu/airflow-venv/lib/python3.12/site-packages/airflow/example_dags/example_branch_python_dop_operator_3.py
[2026-02-25T13:21:38.955+0000] {processor.py:925} INFO - DAG(s) 'example_branch_dop_operator_v3' retrieved from /home/ubuntu/airflow-venv/lib/python3.12/site-packages/airflow/example_dags/example_branch_python_dop_operator_3.py
[2026-02-25T13:21:38.965+0000] {logging_mixin.py:190} INFO - [2026-02-25T13:21:38.965+0000] {dag.py:3239} INFO - Sync 1 DAGs
[2026-02-25T13:21:38.981+0000] {logging_mixin.py:190} INFO - [2026-02-25T13:21:38.980+0000] {dag.py:4180} INFO - Setting next_dagrun for example_branch_dop_operator_v3 to 2026-02-25 13:20:00+00:00, run_after=2026-02-25 13:21:00+00:00
[2026-02-25T13:21:38.999+0000] {processor.py:208} INFO - Processing /home/ubuntu/airflow-venv/lib/python3.12/site-packages/airflow/example_dags/example_branch_python_dop_operator_3.py took 0.057 seconds
[2026-02-25T13:22:32.257+0000] {processor.py:186} INFO - Started process (PID=3526) to work on /home/ubuntu/airflow-venv/lib/python3.12/site-packages/airflow/example_dags/example_branch_python_dop_operator_3.py
[2026-02-25T13:22:32.258+0000] {processor.py:914} INFO - Processing file /home/ubuntu/airflow-venv/lib/python3.12/site-packages/airflow/example_dags/example_branch_python_dop_operator_3.py for tasks to queue
[2026-02-25T13:22:32.260+0000] {logging_mixin.py:190} INFO - [2026-02-25T13:22:32.260+0000] {dagbag.py:588} INFO - Filling up the DagBag from /home/ubuntu/airflow-venv/lib/python3.12/site-packages/airflow/example_dags/example_branch_python_dop_operator_3.py
[2026-02-25T13:22:32.267+0000] {processor.py:925} INFO - DAG(s) 'example_branch_dop_operator_v3' retrieved from /home/ubuntu/airflow-venv/lib/python3.12/site-packages/airflow/example_dags/example_branch_python_dop_operator_3.py
[2026-02-25T13:22:32.277+0000] {logging_mixin.py:190} INFO - [2026-02-25T13:22:32.277+0000] {dag.py:3239} INFO - Sync 1 DAGs
[2026-02-25T13:22:32.292+0000] {logging_mixin.py:190} INFO - [2026-02-25T13:22:32.291+0000] {dag.py:4180} INFO - Setting next_dagrun for example_branch_dop_operator_v3 to 2026-02-25 13:21:00+00:00, run_after=2026-02-25 13:22:00+00:00
[2026-02-25T13:22:32.309+0000] {processor.py:208} INFO - Processing /home/ubuntu/airflow-venv/lib/python3.12/site-packages/airflow/example_dags/example_branch_python_dop_operator_3.py took 0.055 seconds
[2026-02-25T13:36:12.399+0000] {processor.py:186} INFO - Started process (PID=2103) to work on /home/ubuntu/airflow-venv/lib/python3.12/site-packages/airflow/example_dags/example_branch_python_dop_operator_3.py
[2026-02-25T13:36:12.401+0000] {processor.py:914} INFO - Processing file /home/ubuntu/airflow-venv/lib/python3.12/site-packages/airflow/example_dags/example_branch_python_dop_operator_3.py for tasks to queue
[2026-02-25T13:36:12.402+0000] {logging_mixin.py:190} INFO - [2026-02-25T13:36:12.402+0000] {dagbag.py:588} INFO - Filling up the DagBag from /home/ubuntu/airflow-venv/lib/python3.12/site-packages/airflow/example_dags/example_branch_python_dop_operator_3.py
[2026-02-25T13:36:12.409+0000] {processor.py:925} INFO - DAG(s) 'example_branch_dop_operator_v3' retrieved from /home/ubuntu/airflow-venv/lib/python3.12/site-packages/airflow/example_dags/example_branch_python_dop_operator_3.py
[2026-02-25T13:36:12.419+0000] {logging_mixin.py:190} INFO - [2026-02-25T13:36:12.419+0000] {dag.py:3239} INFO - Sync 1 DAGs
[2026-02-25T13:36:12.432+0000] {logging_mixin.py:190} INFO - [2026-02-25T13:36:12.432+0000] {dag.py:4180} INFO - Setting next_dagrun for example_branch_dop_operator_v3 to 2026-02-25 13:35:00+00:00, run_after=2026-02-25 13:36:00+00:00
[2026-02-25T13:36:12.447+0000] {processor.py:208} INFO - Processing /home/ubuntu/airflow-venv/lib/python3.12/site-packages/airflow/example_dags/example_branch_python_dop_operator_3.py took 0.051 seconds
[2026-02-25T13:37:07.108+0000] {processor.py:186} INFO - Started process (PID=2536) to work on /home/ubuntu/airflow-venv/lib/python3.12/site-packages/airflow/example_dags/example_branch_python_dop_operator_3.py
[2026-02-25T13:37:07.109+0000] {processor.py:914} INFO - Processing file /home/ubuntu/airflow-venv/lib/python3.12/site-packages/airflow/example_dags/example_branch_python_dop_operator_3.py for tasks to queue
[2026-02-25T13:37:07.111+0000] {logging_mixin.py:190} INFO - [2026-02-25T13:37:07.110+0000] {dagbag.py:588} INFO - Filling up the DagBag from /home/ubuntu/airflow-venv/lib/python3.12/site-packages/airflow/example_dags/example_branch_python_dop_operator_3.py
[2026-02-25T13:37:07.117+0000] {processor.py:925} INFO - DAG(s) 'example_branch_dop_operator_v3' retrieved from /home/ubuntu/airflow-venv/lib/python3.12/site-packages/airflow/example_dags/example_branch_python_dop_operator_3.py
[2026-02-25T13:37:07.126+0000] {logging_mixin.py:190} INFO - [2026-02-25T13:37:07.126+0000] {dag.py:3239} INFO - Sync 1 DAGs
[2026-02-25T13:37:07.139+0000] {logging_mixin.py:190} INFO - [2026-02-25T13:37:07.139+0000] {dag.py:4180} INFO - Setting next_dagrun for example_branch_dop_operator_v3 to 2026-02-25 13:36:00+00:00, run_after=2026-02-25 13:37:00+00:00
[2026-02-25T13:37:07.156+0000] {processor.py:208} INFO - Processing /home/ubuntu/airflow-venv/lib/python3.12/site-packages/airflow/example_dags/example_branch_python_dop_operator_3.py took 0.050 seconds
[2026-02-25T13:38:21.883+0000] {processor.py:186} INFO - Started process (PID=2623) to work on /home/ubuntu/airflow-venv/lib/python3.12/site-packages/airflow/example_dags/example_branch_python_dop_operator_3.py
[2026-02-25T13:38:21.884+0000] {processor.py:914} INFO - Processing file /home/ubuntu/airflow-venv/lib/python3.12/site-packages/airflow/example_dags/example_branch_python_dop_operator_3.py for tasks to queue
[2026-02-25T13:38:21.885+0000] {logging_mixin.py:190} INFO - [2026-02-25T13:38:21.885+0000] {dagbag.py:588} INFO - Filling up the DagBag from /home/ubuntu/airflow-venv/lib/python3.12/site-packages/airflow/example_dags/example_branch_python_dop_operator_3.py
[2026-02-25T13:38:21.891+0000] {processor.py:925} INFO - DAG(s) 'example_branch_dop_operator_v3' retrieved from /home/ubuntu/airflow-venv/lib/python3.12/site-packages/airflow/example_dags/example_branch_python_dop_operator_3.py
[2026-02-25T13:38:21.900+0000] {logging_mixin.py:190} INFO - [2026-02-25T13:38:21.900+0000] {dag.py:3239} INFO - Sync 1 DAGs
[2026-02-25T13:38:21.914+0000] {logging_mixin.py:190} INFO - [2026-02-25T13:38:21.914+0000] {dag.py:4180} INFO - Setting next_dagrun for example_branch_dop_operator_v3 to 2026-02-25 13:37:00+00:00, run_after=2026-02-25 13:38:00+00:00
[2026-02-25T13:38:21.930+0000] {processor.py:208} INFO - Processing /home/ubuntu/airflow-venv/lib/python3.12/site-packages/airflow/example_dags/example_branch_python_dop_operator_3.py took 0.051 seconds
[2026-02-25T13:39:39.345+0000] {processor.py:186} INFO - Started process (PID=2708) to work on /home/ubuntu/airflow-venv/lib/python3.12/site-packages/airflow/example_dags/example_branch_python_dop_operator_3.py
[2026-02-25T13:39:39.346+0000] {processor.py:914} INFO - Processing file /home/ubuntu/airflow-venv/lib/python3.12/site-packages/airflow/example_dags/example_branch_python_dop_operator_3.py for tasks to queue
[2026-02-25T13:39:39.347+0000] {logging_mixin.py:190} INFO - [2026-02-25T13:39:39.347+0000] {dagbag.py:588} INFO - Filling up the DagBag from /home/ubuntu/airflow-venv/lib/python3.12/site-packages/airflow/example_dags/example_branch_python_dop_operator_3.py
[2026-02-25T13:39:39.354+0000] {processor.py:925} INFO - DAG(s) 'example_branch_dop_operator_v3' retrieved from /home/ubuntu/airflow-venv/lib/python3.12/site-packages/airflow/example_dags/example_branch_python_dop_operator_3.py
[2026-02-25T13:39:39.363+0000] {logging_mixin.py:190} INFO - [2026-02-25T13:39:39.363+0000] {dag.py:3239} INFO - Sync 1 DAGs
[2026-02-25T13:39:39.376+0000] {logging_mixin.py:190} INFO - [2026-02-25T13:39:39.375+0000] {dag.py:4180} INFO - Setting next_dagrun for example_branch_dop_operator_v3 to 2026-02-25 13:38:00+00:00, run_after=2026-02-25 13:39:00+00:00
[2026-02-25T13:39:39.392+0000] {processor.py:208} INFO - Processing /home/ubuntu/airflow-venv/lib/python3.12/site-packages/airflow/example_dags/example_branch_python_dop_operator_3.py took 0.050 seconds
[2026-02-25T13:40:51.362+0000] {processor.py:186} INFO - Started process (PID=2792) to work on /home/ubuntu/airflow-venv/lib/python3.12/site-packages/airflow/example_dags/example_branch_python_dop_operator_3.py
[2026-02-25T13:40:51.363+0000] {processor.py:914} INFO - Processing file /home/ubuntu/airflow-venv/lib/python3.12/site-packages/airflow/example_dags/example_branch_python_dop_operator_3.py for tasks to queue
[2026-02-25T13:40:51.364+0000] {logging_mixin.py:190} INFO - [2026-02-25T13:40:51.364+0000] {dagbag.py:588} INFO - Filling up the DagBag from /home/ubuntu/airflow-venv/lib/python3.12/site-packages/airflow/example_dags/example_branch_python_dop_operator_3.py
[2026-02-25T13:40:51.370+0000] {processor.py:925} INFO - DAG(s) 'example_branch_dop_operator_v3' retrieved from /home/ubuntu/airflow-venv/lib/python3.12/site-packages/airflow/example_dags/example_branch_python_dop_operator_3.py
[2026-02-25T13:40:51.379+0000] {logging_mixin.py:190} INFO - [2026-02-25T13:40:51.379+0000] {dag.py:3239} INFO - Sync 1 DAGs
[2026-02-25T13:40:51.392+0000] {logging_mixin.py:190} INFO - [2026-02-25T13:40:51.392+0000] {dag.py:4180} INFO - Setting next_dagrun for example_branch_dop_operator_v3 to 2026-02-25 13:39:00+00:00, run_after=2026-02-25 13:40:00+00:00
[2026-02-25T13:40:51.409+0000] {processor.py:208} INFO - Processing /home/ubuntu/airflow-venv/lib/python3.12/site-packages/airflow/example_dags/example_branch_python_dop_operator_3.py took 0.051 seconds
[2026-02-25T13:42:08.458+0000] {processor.py:186} INFO - Started process (PID=2873) to work on /home/ubuntu/airflow-venv/lib/python3.12/site-packages/airflow/example_dags/example_branch_python_dop_operator_3.py
[2026-02-25T13:42:08.459+0000] {processor.py:914} INFO - Processing file /home/ubuntu/airflow-venv/lib/python3.12/site-packages/airflow/example_dags/example_branch_python_dop_operator_3.py for tasks to queue
[2026-02-25T13:42:08.461+0000] {logging_mixin.py:190} INFO - [2026-02-25T13:42:08.460+0000] {dagbag.py:588} INFO - Filling up the DagBag from /home/ubuntu/airflow-venv/lib/python3.12/site-packages/airflow/example_dags/example_branch_python_dop_operator_3.py
[2026-02-25T13:42:08.467+0000] {processor.py:925} INFO - DAG(s) 'example_branch_dop_operator_v3' retrieved from /home/ubuntu/airflow-venv/lib/python3.12/site-packages/airflow/example_dags/example_branch_python_dop_operator_3.py
[2026-02-25T13:42:08.477+0000] {logging_mixin.py:190} INFO - [2026-02-25T13:42:08.477+0000] {dag.py:3239} INFO - Sync 1 DAGs
[2026-02-25T13:42:08.490+0000] {logging_mixin.py:190} INFO - [2026-02-25T13:42:08.490+0000] {dag.py:4180} INFO - Setting next_dagrun for example_branch_dop_operator_v3 to 2026-02-25 13:41:00+00:00, run_after=2026-02-25 13:42:00+00:00
[2026-02-25T13:42:08.507+0000] {processor.py:208} INFO - Processing /home/ubuntu/airflow-venv/lib/python3.12/site-packages/airflow/example_dags/example_branch_python_dop_operator_3.py took 0.053 seconds
[2026-02-25T13:43:03.794+0000] {processor.py:186} INFO - Started process (PID=2931) to work on /home/ubuntu/airflow-venv/lib/python3.12/site-packages/airflow/example_dags/example_branch_python_dop_operator_3.py
[2026-02-25T13:43:03.795+0000] {processor.py:914} INFO - Processing file /home/ubuntu/airflow-venv/lib/python3.12/site-packages/airflow/example_dags/example_branch_python_dop_operator_3.py for tasks to queue
[2026-02-25T13:43:03.796+0000] {logging_mixin.py:190} INFO - [2026-02-25T13:43:03.796+0000] {dagbag.py:588} INFO - Filling up the DagBag from /home/ubuntu/airflow-venv/lib/python3.12/site-packages/airflow/example_dags/example_branch_python_dop_operator_3.py
[2026-02-25T13:43:03.803+0000] {processor.py:925} INFO - DAG(s) 'example_branch_dop_operator_v3' retrieved from /home/ubuntu/airflow-venv/lib/python3.12/site-packages/airflow/example_dags/example_branch_python_dop_operator_3.py
[2026-02-25T13:43:03.812+0000] {logging_mixin.py:190} INFO - [2026-02-25T13:43:03.812+0000] {dag.py:3239} INFO - Sync 1 DAGs
[2026-02-25T13:43:03.825+0000] {logging_mixin.py:190} INFO - [2026-02-25T13:43:03.825+0000] {dag.py:4180} INFO - Setting next_dagrun for example_branch_dop_operator_v3 to 2026-02-25 13:42:00+00:00, run_after=2026-02-25 13:43:00+00:00
[2026-02-25T13:43:03.842+0000] {processor.py:208} INFO - Processing /home/ubuntu/airflow-venv/lib/python3.12/site-packages/airflow/example_dags/example_branch_python_dop_operator_3.py took 0.052 seconds
[2026-02-25T13:44:23.073+0000] {processor.py:186} INFO - Started process (PID=3014) to work on /home/ubuntu/airflow-venv/lib/python3.12/site-packages/airflow/example_dags/example_branch_python_dop_operator_3.py
[2026-02-25T13:44:23.075+0000] {processor.py:914} INFO - Processing file /home/ubuntu/airflow-venv/lib/python3.12/site-packages/airflow/example_dags/example_branch_python_dop_operator_3.py for tasks to queue
[2026-02-25T13:44:23.076+0000] {logging_mixin.py:190} INFO - [2026-02-25T13:44:23.076+0000] {dagbag.py:588} INFO - Filling up the DagBag from /home/ubuntu/airflow-venv/lib/python3.12/site-packages/airflow/example_dags/example_branch_python_dop_operator_3.py
[2026-02-25T13:44:23.082+0000] {processor.py:925} INFO - DAG(s) 'example_branch_dop_operator_v3' retrieved from /home/ubuntu/airflow-venv/lib/python3.12/site-packages/airflow/example_dags/example_branch_python_dop_operator_3.py
[2026-02-25T13:44:23.091+0000] {logging_mixin.py:190} INFO - [2026-02-25T13:44:23.091+0000] {dag.py:3239} INFO - Sync 1 DAGs
[2026-02-25T13:44:23.105+0000] {logging_mixin.py:190} INFO - [2026-02-25T13:44:23.105+0000] {dag.py:4180} INFO - Setting next_dagrun for example_branch_dop_operator_v3 to 2026-02-25 13:43:00+00:00, run_after=2026-02-25 13:44:00+00:00
[2026-02-25T13:44:23.121+0000] {processor.py:208} INFO - Processing /home/ubuntu/airflow-venv/lib/python3.12/site-packages/airflow/example_dags/example_branch_python_dop_operator_3.py took 0.052 seconds
[2026-02-25T13:45:37.375+0000] {processor.py:186} INFO - Started process (PID=3096) to work on /home/ubuntu/airflow-venv/lib/python3.12/site-packages/airflow/example_dags/example_branch_python_dop_operator_3.py
[2026-02-25T13:45:37.376+0000] {processor.py:914} INFO - Processing file /home/ubuntu/airflow-venv/lib/python3.12/site-packages/airflow/example_dags/example_branch_python_dop_operator_3.py for tasks to queue
[2026-02-25T13:45:37.377+0000] {logging_mixin.py:190} INFO - [2026-02-25T13:45:37.377+0000] {dagbag.py:588} INFO - Filling up the DagBag from /home/ubuntu/airflow-venv/lib/python3.12/site-packages/airflow/example_dags/example_branch_python_dop_operator_3.py
[2026-02-25T13:45:37.384+0000] {processor.py:925} INFO - DAG(s) 'example_branch_dop_operator_v3' retrieved from /home/ubuntu/airflow-venv/lib/python3.12/site-packages/airflow/example_dags/example_branch_python_dop_operator_3.py
[2026-02-25T13:45:37.393+0000] {logging_mixin.py:190} INFO - [2026-02-25T13:45:37.393+0000] {dag.py:3239} INFO - Sync 1 DAGs
[2026-02-25T13:45:37.406+0000] {logging_mixin.py:190} INFO - [2026-02-25T13:45:37.406+0000] {dag.py:4180} INFO - Setting next_dagrun for example_branch_dop_operator_v3 to 2026-02-25 13:44:00+00:00, run_after=2026-02-25 13:45:00+00:00
[2026-02-25T13:45:37.421+0000] {processor.py:208} INFO - Processing /home/ubuntu/airflow-venv/lib/python3.12/site-packages/airflow/example_dags/example_branch_python_dop_operator_3.py took 0.050 seconds
[2026-02-25T13:46:52.999+0000] {processor.py:186} INFO - Started process (PID=3176) to work on /home/ubuntu/airflow-venv/lib/python3.12/site-packages/airflow/example_dags/example_branch_python_dop_operator_3.py
[2026-02-25T13:46:53.001+0000] {processor.py:914} INFO - Processing file /home/ubuntu/airflow-venv/lib/python3.12/site-packages/airflow/example_dags/example_branch_python_dop_operator_3.py for tasks to queue
[2026-02-25T13:46:53.002+0000] {logging_mixin.py:190} INFO - [2026-02-25T13:46:53.002+0000] {dagbag.py:588} INFO - Filling up the DagBag from /home/ubuntu/airflow-venv/lib/python3.12/site-packages/airflow/example_dags/example_branch_python_dop_operator_3.py
[2026-02-25T13:46:53.009+0000] {processor.py:925} INFO - DAG(s) 'example_branch_dop_operator_v3' retrieved from /home/ubuntu/airflow-venv/lib/python3.12/site-packages/airflow/example_dags/example_branch_python_dop_operator_3.py
[2026-02-25T13:46:53.018+0000] {logging_mixin.py:190} INFO - [2026-02-25T13:46:53.018+0000] {dag.py:3239} INFO - Sync 1 DAGs
[2026-02-25T13:46:53.032+0000] {logging_mixin.py:190} INFO - [2026-02-25T13:46:53.031+0000] {dag.py:4180} INFO - Setting next_dagrun for example_branch_dop_operator_v3 to 2026-02-25 13:45:00+00:00, run_after=2026-02-25 13:46:00+00:00
[2026-02-25T13:46:53.048+0000] {processor.py:208} INFO - Processing /home/ubuntu/airflow-venv/lib/python3.12/site-packages/airflow/example_dags/example_branch_python_dop_operator_3.py took 0.053 seconds
[2026-02-25T13:48:03.515+0000] {processor.py:186} INFO - Started process (PID=3250) to work on /home/ubuntu/airflow-venv/lib/python3.12/site-packages/airflow/example_dags/example_branch_python_dop_operator_3.py
[2026-02-25T13:48:03.516+0000] {processor.py:914} INFO - Processing file /home/ubuntu/airflow-venv/lib/python3.12/site-packages/airflow/example_dags/example_branch_python_dop_operator_3.py for tasks to queue
[2026-02-25T13:48:03.517+0000] {logging_mixin.py:190} INFO - [2026-02-25T13:48:03.517+0000] {dagbag.py:588} INFO - Filling up the DagBag from /home/ubuntu/airflow-venv/lib/python3.12/site-packages/airflow/example_dags/example_branch_python_dop_operator_3.py
[2026-02-25T13:48:03.524+0000] {processor.py:925} INFO - DAG(s) 'example_branch_dop_operator_v3' retrieved from /home/ubuntu/airflow-venv/lib/python3.12/site-packages/airflow/example_dags/example_branch_python_dop_operator_3.py
[2026-02-25T13:48:03.533+0000] {logging_mixin.py:190} INFO - [2026-02-25T13:48:03.533+0000] {dag.py:3239} INFO - Sync 1 DAGs
[2026-02-25T13:48:03.547+0000] {logging_mixin.py:190} INFO - [2026-02-25T13:48:03.547+0000] {dag.py:4180} INFO - Setting next_dagrun for example_branch_dop_operator_v3 to 2026-02-25 13:47:00+00:00, run_after=2026-02-25 13:48:00+00:00
[2026-02-25T13:48:03.563+0000] {processor.py:208} INFO - Processing /home/ubuntu/airflow-venv/lib/python3.12/site-packages/airflow/example_dags/example_branch_python_dop_operator_3.py took 0.052 seconds
[2026-02-25T13:48:57.984+0000] {processor.py:186} INFO - Started process (PID=3306) to work on /home/ubuntu/airflow-venv/lib/python3.12/site-packages/airflow/example_dags/example_branch_python_dop_operator_3.py
[2026-02-25T13:48:57.985+0000] {processor.py:914} INFO - Processing file /home/ubuntu/airflow-venv/lib/python3.12/site-packages/airflow/example_dags/example_branch_python_dop_operator_3.py for tasks to queue
[2026-02-25T13:48:57.987+0000] {logging_mixin.py:190} INFO - [2026-02-25T13:48:57.986+0000] {dagbag.py:588} INFO - Filling up the DagBag from /home/ubuntu/airflow-venv/lib/python3.12/site-packages/airflow/example_dags/example_branch_python_dop_operator_3.py
[2026-02-25T13:48:57.993+0000] {processor.py:925} INFO - DAG(s) 'example_branch_dop_operator_v3' retrieved from /home/ubuntu/airflow-venv/lib/python3.12/site-packages/airflow/example_dags/example_branch_python_dop_operator_3.py
[2026-02-25T13:48:58.003+0000] {logging_mixin.py:190} INFO - [2026-02-25T13:48:58.003+0000] {dag.py:3239} INFO - Sync 1 DAGs
[2026-02-25T13:48:58.017+0000] {logging_mixin.py:190} INFO - [2026-02-25T13:48:58.016+0000] {dag.py:4180} INFO - Setting next_dagrun for example_branch_dop_operator_v3 to 2026-02-25 13:47:00+00:00, run_after=2026-02-25 13:48:00+00:00
[2026-02-25T13:48:58.033+0000] {processor.py:208} INFO - Processing /home/ubuntu/airflow-venv/lib/python3.12/site-packages/airflow/example_dags/example_branch_python_dop_operator_3.py took 0.052 seconds
[2026-02-25T13:50:10.995+0000] {processor.py:186} INFO - Started process (PID=3392) to work on /home/ubuntu/airflow-venv/lib/python3.12/site-packages/airflow/example_dags/example_branch_python_dop_operator_3.py
[2026-02-25T13:50:10.997+0000] {processor.py:914} INFO - Processing file /home/ubuntu/airflow-venv/lib/python3.12/site-packages/airflow/example_dags/example_branch_python_dop_operator_3.py for tasks to queue
[2026-02-25T13:50:10.998+0000] {logging_mixin.py:190} INFO - [2026-02-25T13:50:10.998+0000] {dagbag.py:588} INFO - Filling up the DagBag from /home/ubuntu/airflow-venv/lib/python3.12/site-packages/airflow/example_dags/example_branch_python_dop_operator_3.py
[2026-02-25T13:50:11.004+0000] {processor.py:925} INFO - DAG(s) 'example_branch_dop_operator_v3' retrieved from /home/ubuntu/airflow-venv/lib/python3.12/site-packages/airflow/example_dags/example_branch_python_dop_operator_3.py
[2026-02-25T13:50:11.014+0000] {logging_mixin.py:190} INFO - [2026-02-25T13:50:11.014+0000] {dag.py:3239} INFO - Sync 1 DAGs
[2026-02-25T13:50:11.027+0000] {logging_mixin.py:190} INFO - [2026-02-25T13:50:11.027+0000] {dag.py:4180} INFO - Setting next_dagrun for example_branch_dop_operator_v3 to 2026-02-25 13:49:00+00:00, run_after=2026-02-25 13:50:00+00:00
[2026-02-25T13:50:11.043+0000] {processor.py:208} INFO - Processing /home/ubuntu/airflow-venv/lib/python3.12/site-packages/airflow/example_dags/example_branch_python_dop_operator_3.py took 0.052 seconds
[2026-02-25T13:51:28.190+0000] {processor.py:186} INFO - Started process (PID=3472) to work on /home/ubuntu/airflow-venv/lib/python3.12/site-packages/airflow/example_dags/example_branch_python_dop_operator_3.py
[2026-02-25T13:51:28.191+0000] {processor.py:914} INFO - Processing file /home/ubuntu/airflow-venv/lib/python3.12/site-packages/airflow/example_dags/example_branch_python_dop_operator_3.py for tasks to queue
[2026-02-25T13:51:28.192+0000] {logging_mixin.py:190} INFO - [2026-02-25T13:51:28.192+0000] {dagbag.py:588} INFO - Filling up the DagBag from /home/ubuntu/airflow-venv/lib/python3.12/site-packages/airflow/example_dags/example_branch_python_dop_operator_3.py
[2026-02-25T13:51:28.199+0000] {processor.py:925} INFO - DAG(s) 'example_branch_dop_operator_v3' retrieved from /home/ubuntu/airflow-venv/lib/python3.12/site-packages/airflow/example_dags/example_branch_python_dop_operator_3.py
[2026-02-25T13:51:28.208+0000] {logging_mixin.py:190} INFO - [2026-02-25T13:51:28.208+0000] {dag.py:3239} INFO - Sync 1 DAGs
[2026-02-25T13:51:28.222+0000] {logging_mixin.py:190} INFO - [2026-02-25T13:51:28.222+0000] {dag.py:4180} INFO - Setting next_dagrun for example_branch_dop_operator_v3 to 2026-02-25 13:50:00+00:00, run_after=2026-02-25 13:51:00+00:00
[2026-02-25T13:51:28.238+0000] {processor.py:208} INFO - Processing /home/ubuntu/airflow-venv/lib/python3.12/site-packages/airflow/example_dags/example_branch_python_dop_operator_3.py took 0.053 seconds
[2026-02-25T13:52:43.600+0000] {processor.py:186} INFO - Started process (PID=3551) to work on /home/ubuntu/airflow-venv/lib/python3.12/site-packages/airflow/example_dags/example_branch_python_dop_operator_3.py
[2026-02-25T13:52:43.601+0000] {processor.py:914} INFO - Processing file /home/ubuntu/airflow-venv/lib/python3.12/site-packages/airflow/example_dags/example_branch_python_dop_operator_3.py for tasks to queue
[2026-02-25T13:52:43.602+0000] {logging_mixin.py:190} INFO - [2026-02-25T13:52:43.602+0000] {dagbag.py:588} INFO - Filling up the DagBag from /home/ubuntu/airflow-venv/lib/python3.12/site-packages/airflow/example_dags/example_branch_python_dop_operator_3.py
[2026-02-25T13:52:43.608+0000] {processor.py:925} INFO - DAG(s) 'example_branch_dop_operator_v3' retrieved from /home/ubuntu/airflow-venv/lib/python3.12/site-packages/airflow/example_dags/example_branch_python_dop_operator_3.py
[2026-02-25T13:52:43.618+0000] {logging_mixin.py:190} INFO - [2026-02-25T13:52:43.617+0000] {dag.py:3239} INFO - Sync 1 DAGs
[2026-02-25T13:52:43.631+0000] {logging_mixin.py:190} INFO - [2026-02-25T13:52:43.631+0000] {dag.py:4180} INFO - Setting next_dagrun for example_branch_dop_operator_v3 to 2026-02-25 13:51:00+00:00, run_after=2026-02-25 13:52:00+00:00
[2026-02-25T13:52:43.647+0000] {processor.py:208} INFO - Processing /home/ubuntu/airflow-venv/lib/python3.12/site-packages/airflow/example_dags/example_branch_python_dop_operator_3.py took 0.052 seconds
[2026-02-25T13:53:58.602+0000] {processor.py:186} INFO - Started process (PID=3641) to work on /home/ubuntu/airflow-venv/lib/python3.12/site-packages/airflow/example_dags/example_branch_python_dop_operator_3.py
[2026-02-25T13:53:58.603+0000] {processor.py:914} INFO - Processing file /home/ubuntu/airflow-venv/lib/python3.12/site-packages/airflow/example_dags/example_branch_python_dop_operator_3.py for tasks to queue
[2026-02-25T13:53:58.605+0000] {logging_mixin.py:190} INFO - [2026-02-25T13:53:58.604+0000] {dagbag.py:588} INFO - Filling up the DagBag from /home/ubuntu/airflow-venv/lib/python3.12/site-packages/airflow/example_dags/example_branch_python_dop_operator_3.py
[2026-02-25T13:53:58.611+0000] {processor.py:925} INFO - DAG(s) 'example_branch_dop_operator_v3' retrieved from /home/ubuntu/airflow-venv/lib/python3.12/site-packages/airflow/example_dags/example_branch_python_dop_operator_3.py
[2026-02-25T13:53:58.621+0000] {logging_mixin.py:190} INFO - [2026-02-25T13:53:58.621+0000] {dag.py:3239} INFO - Sync 1 DAGs
[2026-02-25T13:53:58.634+0000] {logging_mixin.py:190} INFO - [2026-02-25T13:53:58.634+0000] {dag.py:4180} INFO - Setting next_dagrun for example_branch_dop_operator_v3 to 2026-02-25 13:52:00+00:00, run_after=2026-02-25 13:53:00+00:00
[2026-02-25T13:53:58.650+0000] {processor.py:208} INFO - Processing /home/ubuntu/airflow-venv/lib/python3.12/site-packages/airflow/example_dags/example_branch_python_dop_operator_3.py took 0.052 seconds
[2026-02-25T13:55:15.346+0000] {processor.py:186} INFO - Started process (PID=3725) to work on /home/ubuntu/airflow-venv/lib/python3.12/site-packages/airflow/example_dags/example_branch_python_dop_operator_3.py
[2026-02-25T13:55:15.347+0000] {processor.py:914} INFO - Processing file /home/ubuntu/airflow-venv/lib/python3.12/site-packages/airflow/example_dags/example_branch_python_dop_operator_3.py for tasks to queue
[2026-02-25T13:55:15.349+0000] {logging_mixin.py:190} INFO - [2026-02-25T13:55:15.348+0000] {dagbag.py:588} INFO - Filling up the DagBag from /home/ubuntu/airflow-venv/lib/python3.12/site-packages/airflow/example_dags/example_branch_python_dop_operator_3.py
[2026-02-25T13:55:15.355+0000] {processor.py:925} INFO - DAG(s) 'example_branch_dop_operator_v3' retrieved from /home/ubuntu/airflow-venv/lib/python3.12/site-packages/airflow/example_dags/example_branch_python_dop_operator_3.py
[2026-02-25T13:55:15.365+0000] {logging_mixin.py:190} INFO - [2026-02-25T13:55:15.365+0000] {dag.py:3239} INFO - Sync 1 DAGs
[2026-02-25T13:55:15.378+0000] {logging_mixin.py:190} INFO - [2026-02-25T13:55:15.378+0000] {dag.py:4180} INFO - Setting next_dagrun for example_branch_dop_operator_v3 to 2026-02-25 13:54:00+00:00, run_after=2026-02-25 13:55:00+00:00
[2026-02-25T13:55:15.394+0000] {processor.py:208} INFO - Processing /home/ubuntu/airflow-venv/lib/python3.12/site-packages/airflow/example_dags/example_branch_python_dop_operator_3.py took 0.053 seconds
[2026-02-25T14:09:07.741+0000] {processor.py:186} INFO - Started process (PID=2111) to work on /home/ubuntu/airflow-venv/lib/python3.12/site-packages/airflow/example_dags/example_branch_python_dop_operator_3.py
[2026-02-25T14:09:07.742+0000] {processor.py:914} INFO - Processing file /home/ubuntu/airflow-venv/lib/python3.12/site-packages/airflow/example_dags/example_branch_python_dop_operator_3.py for tasks to queue
[2026-02-25T14:09:07.744+0000] {logging_mixin.py:190} INFO - [2026-02-25T14:09:07.743+0000] {dagbag.py:588} INFO - Filling up the DagBag from /home/ubuntu/airflow-venv/lib/python3.12/site-packages/airflow/example_dags/example_branch_python_dop_operator_3.py
[2026-02-25T14:09:07.751+0000] {processor.py:925} INFO - DAG(s) 'example_branch_dop_operator_v3' retrieved from /home/ubuntu/airflow-venv/lib/python3.12/site-packages/airflow/example_dags/example_branch_python_dop_operator_3.py
[2026-02-25T14:09:07.761+0000] {logging_mixin.py:190} INFO - [2026-02-25T14:09:07.761+0000] {dag.py:3239} INFO - Sync 1 DAGs
[2026-02-25T14:09:07.775+0000] {logging_mixin.py:190} INFO - [2026-02-25T14:09:07.775+0000] {dag.py:4180} INFO - Setting next_dagrun for example_branch_dop_operator_v3 to 2026-02-25 14:08:00+00:00, run_after=2026-02-25 14:09:00+00:00
[2026-02-25T14:09:07.791+0000] {processor.py:208} INFO - Processing /home/ubuntu/airflow-venv/lib/python3.12/site-packages/airflow/example_dags/example_branch_python_dop_operator_3.py took 0.054 seconds
[2026-02-25T14:10:03.192+0000] {processor.py:186} INFO - Started process (PID=2171) to work on /home/ubuntu/airflow-venv/lib/python3.12/site-packages/airflow/example_dags/example_branch_python_dop_operator_3.py
[2026-02-25T14:10:03.194+0000] {processor.py:914} INFO - Processing file /home/ubuntu/airflow-venv/lib/python3.12/site-packages/airflow/example_dags/example_branch_python_dop_operator_3.py for tasks to queue
[2026-02-25T14:10:03.195+0000] {logging_mixin.py:190} INFO - [2026-02-25T14:10:03.195+0000] {dagbag.py:588} INFO - Filling up the DagBag from /home/ubuntu/airflow-venv/lib/python3.12/site-packages/airflow/example_dags/example_branch_python_dop_operator_3.py
[2026-02-25T14:10:03.202+0000] {processor.py:925} INFO - DAG(s) 'example_branch_dop_operator_v3' retrieved from /home/ubuntu/airflow-venv/lib/python3.12/site-packages/airflow/example_dags/example_branch_python_dop_operator_3.py
[2026-02-25T14:10:03.212+0000] {logging_mixin.py:190} INFO - [2026-02-25T14:10:03.212+0000] {dag.py:3239} INFO - Sync 1 DAGs
[2026-02-25T14:10:03.227+0000] {logging_mixin.py:190} INFO - [2026-02-25T14:10:03.227+0000] {dag.py:4180} INFO - Setting next_dagrun for example_branch_dop_operator_v3 to 2026-02-25 14:09:00+00:00, run_after=2026-02-25 14:10:00+00:00
[2026-02-25T14:10:03.245+0000] {processor.py:208} INFO - Processing /home/ubuntu/airflow-venv/lib/python3.12/site-packages/airflow/example_dags/example_branch_python_dop_operator_3.py took 0.056 seconds
[2026-02-25T14:11:15.444+0000] {processor.py:186} INFO - Started process (PID=2248) to work on /home/ubuntu/airflow-venv/lib/python3.12/site-packages/airflow/example_dags/example_branch_python_dop_operator_3.py
[2026-02-25T14:11:15.445+0000] {processor.py:914} INFO - Processing file /home/ubuntu/airflow-venv/lib/python3.12/site-packages/airflow/example_dags/example_branch_python_dop_operator_3.py for tasks to queue
[2026-02-25T14:11:15.447+0000] {logging_mixin.py:190} INFO - [2026-02-25T14:11:15.446+0000] {dagbag.py:588} INFO - Filling up the DagBag from /home/ubuntu/airflow-venv/lib/python3.12/site-packages/airflow/example_dags/example_branch_python_dop_operator_3.py
[2026-02-25T14:11:15.453+0000] {processor.py:925} INFO - DAG(s) 'example_branch_dop_operator_v3' retrieved from /home/ubuntu/airflow-venv/lib/python3.12/site-packages/airflow/example_dags/example_branch_python_dop_operator_3.py
[2026-02-25T14:11:15.462+0000] {logging_mixin.py:190} INFO - [2026-02-25T14:11:15.462+0000] {dag.py:3239} INFO - Sync 1 DAGs
[2026-02-25T14:11:15.476+0000] {logging_mixin.py:190} INFO - [2026-02-25T14:11:15.476+0000] {dag.py:4180} INFO - Setting next_dagrun for example_branch_dop_operator_v3 to 2026-02-25 14:10:00+00:00, run_after=2026-02-25 14:11:00+00:00
[2026-02-25T14:11:15.493+0000] {processor.py:208} INFO - Processing /home/ubuntu/airflow-venv/lib/python3.12/site-packages/airflow/example_dags/example_branch_python_dop_operator_3.py took 0.052 seconds
[2026-02-25T14:12:28.670+0000] {processor.py:186} INFO - Started process (PID=2330) to work on /home/ubuntu/airflow-venv/lib/python3.12/site-packages/airflow/example_dags/example_branch_python_dop_operator_3.py
[2026-02-25T14:12:28.672+0000] {processor.py:914} INFO - Processing file /home/ubuntu/airflow-venv/lib/python3.12/site-packages/airflow/example_dags/example_branch_python_dop_operator_3.py for tasks to queue
[2026-02-25T14:12:28.673+0000] {logging_mixin.py:190} INFO - [2026-02-25T14:12:28.673+0000] {dagbag.py:588} INFO - Filling up the DagBag from /home/ubuntu/airflow-venv/lib/python3.12/site-packages/airflow/example_dags/example_branch_python_dop_operator_3.py
[2026-02-25T14:12:28.680+0000] {processor.py:925} INFO - DAG(s) 'example_branch_dop_operator_v3' retrieved from /home/ubuntu/airflow-venv/lib/python3.12/site-packages/airflow/example_dags/example_branch_python_dop_operator_3.py
[2026-02-25T14:12:28.690+0000] {logging_mixin.py:190} INFO - [2026-02-25T14:12:28.689+0000] {dag.py:3239} INFO - Sync 1 DAGs
[2026-02-25T14:12:28.704+0000] {logging_mixin.py:190} INFO - [2026-02-25T14:12:28.704+0000] {dag.py:4180} INFO - Setting next_dagrun for example_branch_dop_operator_v3 to 2026-02-25 14:11:00+00:00, run_after=2026-02-25 14:12:00+00:00
[2026-02-25T14:12:28.721+0000] {processor.py:208} INFO - Processing /home/ubuntu/airflow-venv/lib/python3.12/site-packages/airflow/example_dags/example_branch_python_dop_operator_3.py took 0.054 seconds
[2026-02-25T14:13:40.858+0000] {processor.py:186} INFO - Started process (PID=2410) to work on /home/ubuntu/airflow-venv/lib/python3.12/site-packages/airflow/example_dags/example_branch_python_dop_operator_3.py
[2026-02-25T14:13:40.859+0000] {processor.py:914} INFO - Processing file /home/ubuntu/airflow-venv/lib/python3.12/site-packages/airflow/example_dags/example_branch_python_dop_operator_3.py for tasks to queue
[2026-02-25T14:13:40.861+0000] {logging_mixin.py:190} INFO - [2026-02-25T14:13:40.861+0000] {dagbag.py:588} INFO - Filling up the DagBag from /home/ubuntu/airflow-venv/lib/python3.12/site-packages/airflow/example_dags/example_branch_python_dop_operator_3.py
[2026-02-25T14:13:40.867+0000] {processor.py:925} INFO - DAG(s) 'example_branch_dop_operator_v3' retrieved from /home/ubuntu/airflow-venv/lib/python3.12/site-packages/airflow/example_dags/example_branch_python_dop_operator_3.py
[2026-02-25T14:13:40.877+0000] {logging_mixin.py:190} INFO - [2026-02-25T14:13:40.877+0000] {dag.py:3239} INFO - Sync 1 DAGs
[2026-02-25T14:13:40.891+0000] {logging_mixin.py:190} INFO - [2026-02-25T14:13:40.891+0000] {dag.py:4180} INFO - Setting next_dagrun for example_branch_dop_operator_v3 to 2026-02-25 14:12:00+00:00, run_after=2026-02-25 14:13:00+00:00
[2026-02-25T14:13:40.986+0000] {processor.py:208} INFO - Processing /home/ubuntu/airflow-venv/lib/python3.12/site-packages/airflow/example_dags/example_branch_python_dop_operator_3.py took 0.131 seconds
[2026-02-25T14:14:38.130+0000] {processor.py:186} INFO - Started process (PID=2467) to work on /home/ubuntu/airflow-venv/lib/python3.12/site-packages/airflow/example_dags/example_branch_python_dop_operator_3.py
[2026-02-25T14:14:38.132+0000] {processor.py:914} INFO - Processing file /home/ubuntu/airflow-venv/lib/python3.12/site-packages/airflow/example_dags/example_branch_python_dop_operator_3.py for tasks to queue
[2026-02-25T14:14:38.133+0000] {logging_mixin.py:190} INFO - [2026-02-25T14:14:38.133+0000] {dagbag.py:588} INFO - Filling up the DagBag from /home/ubuntu/airflow-venv/lib/python3.12/site-packages/airflow/example_dags/example_branch_python_dop_operator_3.py
[2026-02-25T14:14:38.140+0000] {processor.py:925} INFO - DAG(s) 'example_branch_dop_operator_v3' retrieved from /home/ubuntu/airflow-venv/lib/python3.12/site-packages/airflow/example_dags/example_branch_python_dop_operator_3.py
[2026-02-25T14:14:38.149+0000] {logging_mixin.py:190} INFO - [2026-02-25T14:14:38.149+0000] {dag.py:3239} INFO - Sync 1 DAGs
[2026-02-25T14:14:38.163+0000] {logging_mixin.py:190} INFO - [2026-02-25T14:14:38.163+0000] {dag.py:4180} INFO - Setting next_dagrun for example_branch_dop_operator_v3 to 2026-02-25 14:13:00+00:00, run_after=2026-02-25 14:14:00+00:00
[2026-02-25T14:14:38.181+0000] {processor.py:208} INFO - Processing /home/ubuntu/airflow-venv/lib/python3.12/site-packages/airflow/example_dags/example_branch_python_dop_operator_3.py took 0.054 seconds
[2026-02-25T14:15:30.939+0000] {processor.py:186} INFO - Started process (PID=2525) to work on /home/ubuntu/airflow-venv/lib/python3.12/site-packages/airflow/example_dags/example_branch_python_dop_operator_3.py
[2026-02-25T14:15:30.940+0000] {processor.py:914} INFO - Processing file /home/ubuntu/airflow-venv/lib/python3.12/site-packages/airflow/example_dags/example_branch_python_dop_operator_3.py for tasks to queue
[2026-02-25T14:15:30.941+0000] {logging_mixin.py:190} INFO - [2026-02-25T14:15:30.941+0000] {dagbag.py:588} INFO - Filling up the DagBag from /home/ubuntu/airflow-venv/lib/python3.12/site-packages/airflow/example_dags/example_branch_python_dop_operator_3.py
[2026-02-25T14:15:30.948+0000] {processor.py:925} INFO - DAG(s) 'example_branch_dop_operator_v3' retrieved from /home/ubuntu/airflow-venv/lib/python3.12/site-packages/airflow/example_dags/example_branch_python_dop_operator_3.py
[2026-02-25T14:15:30.958+0000] {logging_mixin.py:190} INFO - [2026-02-25T14:15:30.958+0000] {dag.py:3239} INFO - Sync 1 DAGs
[2026-02-25T14:15:30.973+0000] {logging_mixin.py:190} INFO - [2026-02-25T14:15:30.973+0000] {dag.py:4180} INFO - Setting next_dagrun for example_branch_dop_operator_v3 to 2026-02-25 14:14:00+00:00, run_after=2026-02-25 14:15:00+00:00
[2026-02-25T14:15:30.991+0000] {processor.py:208} INFO - Processing /home/ubuntu/airflow-venv/lib/python3.12/site-packages/airflow/example_dags/example_branch_python_dop_operator_3.py took 0.056 seconds
[2026-02-25T14:16:42.834+0000] {processor.py:186} INFO - Started process (PID=2601) to work on /home/ubuntu/airflow-venv/lib/python3.12/site-packages/airflow/example_dags/example_branch_python_dop_operator_3.py
[2026-02-25T14:16:42.835+0000] {processor.py:914} INFO - Processing file /home/ubuntu/airflow-venv/lib/python3.12/site-packages/airflow/example_dags/example_branch_python_dop_operator_3.py for tasks to queue
[2026-02-25T14:16:42.836+0000] {logging_mixin.py:190} INFO - [2026-02-25T14:16:42.836+0000] {dagbag.py:588} INFO - Filling up the DagBag from /home/ubuntu/airflow-venv/lib/python3.12/site-packages/airflow/example_dags/example_branch_python_dop_operator_3.py
[2026-02-25T14:16:42.843+0000] {processor.py:925} INFO - DAG(s) 'example_branch_dop_operator_v3' retrieved from /home/ubuntu/airflow-venv/lib/python3.12/site-packages/airflow/example_dags/example_branch_python_dop_operator_3.py
[2026-02-25T14:16:42.852+0000] {logging_mixin.py:190} INFO - [2026-02-25T14:16:42.852+0000] {dag.py:3239} INFO - Sync 1 DAGs
[2026-02-25T14:16:42.866+0000] {logging_mixin.py:190} INFO - [2026-02-25T14:16:42.866+0000] {dag.py:4180} INFO - Setting next_dagrun for example_branch_dop_operator_v3 to 2026-02-25 14:15:00+00:00, run_after=2026-02-25 14:16:00+00:00
[2026-02-25T14:16:42.883+0000] {processor.py:208} INFO - Processing /home/ubuntu/airflow-venv/lib/python3.12/site-packages/airflow/example_dags/example_branch_python_dop_operator_3.py took 0.052 seconds
[2026-02-25T14:17:59.359+0000] {processor.py:186} INFO - Started process (PID=2686) to work on /home/ubuntu/airflow-venv/lib/python3.12/site-packages/airflow/example_dags/example_branch_python_dop_operator_3.py
[2026-02-25T14:17:59.360+0000] {processor.py:914} INFO - Processing file /home/ubuntu/airflow-venv/lib/python3.12/site-packages/airflow/example_dags/example_branch_python_dop_operator_3.py for tasks to queue
[2026-02-25T14:17:59.361+0000] {logging_mixin.py:190} INFO - [2026-02-25T14:17:59.361+0000] {dagbag.py:588} INFO - Filling up the DagBag from /home/ubuntu/airflow-venv/lib/python3.12/site-packages/airflow/example_dags/example_branch_python_dop_operator_3.py
[2026-02-25T14:17:59.368+0000] {processor.py:925} INFO - DAG(s) 'example_branch_dop_operator_v3' retrieved from /home/ubuntu/airflow-venv/lib/python3.12/site-packages/airflow/example_dags/example_branch_python_dop_operator_3.py
[2026-02-25T14:17:59.377+0000] {logging_mixin.py:190} INFO - [2026-02-25T14:17:59.377+0000] {dag.py:3239} INFO - Sync 1 DAGs
[2026-02-25T14:17:59.391+0000] {logging_mixin.py:190} INFO - [2026-02-25T14:17:59.391+0000] {dag.py:4180} INFO - Setting next_dagrun for example_branch_dop_operator_v3 to 2026-02-25 14:16:00+00:00, run_after=2026-02-25 14:17:00+00:00
[2026-02-25T14:17:59.408+0000] {processor.py:208} INFO - Processing /home/ubuntu/airflow-venv/lib/python3.12/site-packages/airflow/example_dags/example_branch_python_dop_operator_3.py took 0.053 seconds
[2026-02-25T14:19:10.318+0000] {processor.py:186} INFO - Started process (PID=3117) to work on /home/ubuntu/airflow-venv/lib/python3.12/site-packages/airflow/example_dags/example_branch_python_dop_operator_3.py
[2026-02-25T14:19:10.319+0000] {processor.py:914} INFO - Processing file /home/ubuntu/airflow-venv/lib/python3.12/site-packages/airflow/example_dags/example_branch_python_dop_operator_3.py for tasks to queue
[2026-02-25T14:19:10.321+0000] {logging_mixin.py:190} INFO - [2026-02-25T14:19:10.320+0000] {dagbag.py:588} INFO - Filling up the DagBag from /home/ubuntu/airflow-venv/lib/python3.12/site-packages/airflow/example_dags/example_branch_python_dop_operator_3.py
[2026-02-25T14:19:10.327+0000] {processor.py:925} INFO - DAG(s) 'example_branch_dop_operator_v3' retrieved from /home/ubuntu/airflow-venv/lib/python3.12/site-packages/airflow/example_dags/example_branch_python_dop_operator_3.py
[2026-02-25T14:19:10.338+0000] {logging_mixin.py:190} INFO - [2026-02-25T14:19:10.338+0000] {dag.py:3239} INFO - Sync 1 DAGs
[2026-02-25T14:19:10.358+0000] {logging_mixin.py:190} INFO - [2026-02-25T14:19:10.357+0000] {dag.py:4180} INFO - Setting next_dagrun for example_branch_dop_operator_v3 to 2026-02-25 14:18:00+00:00, run_after=2026-02-25 14:19:00+00:00
[2026-02-25T14:19:10.376+0000] {processor.py:208} INFO - Processing /home/ubuntu/airflow-venv/lib/python3.12/site-packages/airflow/example_dags/example_branch_python_dop_operator_3.py took 0.062 seconds
[2026-02-25T14:20:23.420+0000] {processor.py:186} INFO - Started process (PID=3209) to work on /home/ubuntu/airflow-venv/lib/python3.12/site-packages/airflow/example_dags/example_branch_python_dop_operator_3.py
[2026-02-25T14:20:23.421+0000] {processor.py:914} INFO - Processing file /home/ubuntu/airflow-venv/lib/python3.12/site-packages/airflow/example_dags/example_branch_python_dop_operator_3.py for tasks to queue
[2026-02-25T14:20:23.423+0000] {logging_mixin.py:190} INFO - [2026-02-25T14:20:23.423+0000] {dagbag.py:588} INFO - Filling up the DagBag from /home/ubuntu/airflow-venv/lib/python3.12/site-packages/airflow/example_dags/example_branch_python_dop_operator_3.py
[2026-02-25T14:20:23.429+0000] {processor.py:925} INFO - DAG(s) 'example_branch_dop_operator_v3' retrieved from /home/ubuntu/airflow-venv/lib/python3.12/site-packages/airflow/example_dags/example_branch_python_dop_operator_3.py
[2026-02-25T14:20:23.439+0000] {logging_mixin.py:190} INFO - [2026-02-25T14:20:23.439+0000] {dag.py:3239} INFO - Sync 1 DAGs
[2026-02-25T14:20:23.454+0000] {logging_mixin.py:190} INFO - [2026-02-25T14:20:23.453+0000] {dag.py:4180} INFO - Setting next_dagrun for example_branch_dop_operator_v3 to 2026-02-25 14:19:00+00:00, run_after=2026-02-25 14:20:00+00:00
[2026-02-25T14:20:23.470+0000] {processor.py:208} INFO - Processing /home/ubuntu/airflow-venv/lib/python3.12/site-packages/airflow/example_dags/example_branch_python_dop_operator_3.py took 0.054 seconds
[2026-02-25T14:21:39.477+0000] {processor.py:186} INFO - Started process (PID=3652) to work on /home/ubuntu/airflow-venv/lib/python3.12/site-packages/airflow/example_dags/example_branch_python_dop_operator_3.py
[2026-02-25T14:21:39.478+0000] {processor.py:914} INFO - Processing file /home/ubuntu/airflow-venv/lib/python3.12/site-packages/airflow/example_dags/example_branch_python_dop_operator_3.py for tasks to queue
[2026-02-25T14:21:39.479+0000] {logging_mixin.py:190} INFO - [2026-02-25T14:21:39.479+0000] {dagbag.py:588} INFO - Filling up the DagBag from /home/ubuntu/airflow-venv/lib/python3.12/site-packages/airflow/example_dags/example_branch_python_dop_operator_3.py
[2026-02-25T14:21:39.486+0000] {processor.py:925} INFO - DAG(s) 'example_branch_dop_operator_v3' retrieved from /home/ubuntu/airflow-venv/lib/python3.12/site-packages/airflow/example_dags/example_branch_python_dop_operator_3.py
[2026-02-25T14:21:39.496+0000] {logging_mixin.py:190} INFO - [2026-02-25T14:21:39.496+0000] {dag.py:3239} INFO - Sync 1 DAGs
[2026-02-25T14:21:39.511+0000] {logging_mixin.py:190} INFO - [2026-02-25T14:21:39.511+0000] {dag.py:4180} INFO - Setting next_dagrun for example_branch_dop_operator_v3 to 2026-02-25 14:20:00+00:00, run_after=2026-02-25 14:21:00+00:00
[2026-02-25T14:21:39.528+0000] {processor.py:208} INFO - Processing /home/ubuntu/airflow-venv/lib/python3.12/site-packages/airflow/example_dags/example_branch_python_dop_operator_3.py took 0.055 seconds
[2026-02-25T14:22:31.679+0000] {processor.py:186} INFO - Started process (PID=3714) to work on /home/ubuntu/airflow-venv/lib/python3.12/site-packages/airflow/example_dags/example_branch_python_dop_operator_3.py
[2026-02-25T14:22:31.680+0000] {processor.py:914} INFO - Processing file /home/ubuntu/airflow-venv/lib/python3.12/site-packages/airflow/example_dags/example_branch_python_dop_operator_3.py for tasks to queue
[2026-02-25T14:22:31.681+0000] {logging_mixin.py:190} INFO - [2026-02-25T14:22:31.681+0000] {dagbag.py:588} INFO - Filling up the DagBag from /home/ubuntu/airflow-venv/lib/python3.12/site-packages/airflow/example_dags/example_branch_python_dop_operator_3.py
[2026-02-25T14:22:31.688+0000] {processor.py:925} INFO - DAG(s) 'example_branch_dop_operator_v3' retrieved from /home/ubuntu/airflow-venv/lib/python3.12/site-packages/airflow/example_dags/example_branch_python_dop_operator_3.py
[2026-02-25T14:22:31.699+0000] {logging_mixin.py:190} INFO - [2026-02-25T14:22:31.699+0000] {dag.py:3239} INFO - Sync 1 DAGs
[2026-02-25T14:22:31.714+0000] {logging_mixin.py:190} INFO - [2026-02-25T14:22:31.714+0000] {dag.py:4180} INFO - Setting next_dagrun for example_branch_dop_operator_v3 to 2026-02-25 14:21:00+00:00, run_after=2026-02-25 14:22:00+00:00
[2026-02-25T14:22:31.731+0000] {processor.py:208} INFO - Processing /home/ubuntu/airflow-venv/lib/python3.12/site-packages/airflow/example_dags/example_branch_python_dop_operator_3.py took 0.056 seconds
[2026-02-25T14:23:47.112+0000] {processor.py:186} INFO - Started process (PID=3793) to work on /home/ubuntu/airflow-venv/lib/python3.12/site-packages/airflow/example_dags/example_branch_python_dop_operator_3.py
[2026-02-25T14:23:47.113+0000] {processor.py:914} INFO - Processing file /home/ubuntu/airflow-venv/lib/python3.12/site-packages/airflow/example_dags/example_branch_python_dop_operator_3.py for tasks to queue
[2026-02-25T14:23:47.114+0000] {logging_mixin.py:190} INFO - [2026-02-25T14:23:47.114+0000] {dagbag.py:588} INFO - Filling up the DagBag from /home/ubuntu/airflow-venv/lib/python3.12/site-packages/airflow/example_dags/example_branch_python_dop_operator_3.py
[2026-02-25T14:23:47.121+0000] {processor.py:925} INFO - DAG(s) 'example_branch_dop_operator_v3' retrieved from /home/ubuntu/airflow-venv/lib/python3.12/site-packages/airflow/example_dags/example_branch_python_dop_operator_3.py
[2026-02-25T14:23:47.131+0000] {logging_mixin.py:190} INFO - [2026-02-25T14:23:47.131+0000] {dag.py:3239} INFO - Sync 1 DAGs
[2026-02-25T14:23:47.146+0000] {logging_mixin.py:190} INFO - [2026-02-25T14:23:47.146+0000] {dag.py:4180} INFO - Setting next_dagrun for example_branch_dop_operator_v3 to 2026-02-25 14:22:00+00:00, run_after=2026-02-25 14:23:00+00:00
[2026-02-25T14:23:47.163+0000] {processor.py:208} INFO - Processing /home/ubuntu/airflow-venv/lib/python3.12/site-packages/airflow/example_dags/example_branch_python_dop_operator_3.py took 0.056 seconds
[2026-02-25T14:25:02.038+0000] {processor.py:186} INFO - Started process (PID=3874) to work on /home/ubuntu/airflow-venv/lib/python3.12/site-packages/airflow/example_dags/example_branch_python_dop_operator_3.py
[2026-02-25T14:25:02.039+0000] {processor.py:914} INFO - Processing file /home/ubuntu/airflow-venv/lib/python3.12/site-packages/airflow/example_dags/example_branch_python_dop_operator_3.py for tasks to queue
[2026-02-25T14:25:02.041+0000] {logging_mixin.py:190} INFO - [2026-02-25T14:25:02.041+0000] {dagbag.py:588} INFO - Filling up the DagBag from /home/ubuntu/airflow-venv/lib/python3.12/site-packages/airflow/example_dags/example_branch_python_dop_operator_3.py
[2026-02-25T14:25:02.048+0000] {processor.py:925} INFO - DAG(s) 'example_branch_dop_operator_v3' retrieved from /home/ubuntu/airflow-venv/lib/python3.12/site-packages/airflow/example_dags/example_branch_python_dop_operator_3.py
[2026-02-25T14:25:02.059+0000] {logging_mixin.py:190} INFO - [2026-02-25T14:25:02.059+0000] {dag.py:3239} INFO - Sync 1 DAGs
[2026-02-25T14:25:02.075+0000] {logging_mixin.py:190} INFO - [2026-02-25T14:25:02.075+0000] {dag.py:4180} INFO - Setting next_dagrun for example_branch_dop_operator_v3 to 2026-02-25 14:24:00+00:00, run_after=2026-02-25 14:25:00+00:00
[2026-02-25T14:25:02.093+0000] {processor.py:208} INFO - Processing /home/ubuntu/airflow-venv/lib/python3.12/site-packages/airflow/example_dags/example_branch_python_dop_operator_3.py took 0.059 seconds
[2026-02-25T14:26:15.695+0000] {processor.py:186} INFO - Started process (PID=3967) to work on /home/ubuntu/airflow-venv/lib/python3.12/site-packages/airflow/example_dags/example_branch_python_dop_operator_3.py
[2026-02-25T14:26:15.696+0000] {processor.py:914} INFO - Processing file /home/ubuntu/airflow-venv/lib/python3.12/site-packages/airflow/example_dags/example_branch_python_dop_operator_3.py for tasks to queue
[2026-02-25T14:26:15.698+0000] {logging_mixin.py:190} INFO - [2026-02-25T14:26:15.697+0000] {dagbag.py:588} INFO - Filling up the DagBag from /home/ubuntu/airflow-venv/lib/python3.12/site-packages/airflow/example_dags/example_branch_python_dop_operator_3.py
[2026-02-25T14:26:15.705+0000] {processor.py:925} INFO - DAG(s) 'example_branch_dop_operator_v3' retrieved from /home/ubuntu/airflow-venv/lib/python3.12/site-packages/airflow/example_dags/example_branch_python_dop_operator_3.py
[2026-02-25T14:26:15.715+0000] {logging_mixin.py:190} INFO - [2026-02-25T14:26:15.715+0000] {dag.py:3239} INFO - Sync 1 DAGs
[2026-02-25T14:26:15.730+0000] {logging_mixin.py:190} INFO - [2026-02-25T14:26:15.730+0000] {dag.py:4180} INFO - Setting next_dagrun for example_branch_dop_operator_v3 to 2026-02-25 14:25:00+00:00, run_after=2026-02-25 14:26:00+00:00
[2026-02-25T14:26:15.747+0000] {processor.py:208} INFO - Processing /home/ubuntu/airflow-venv/lib/python3.12/site-packages/airflow/example_dags/example_branch_python_dop_operator_3.py took 0.056 seconds
[2026-02-25T14:27:30.216+0000] {processor.py:186} INFO - Started process (PID=4046) to work on /home/ubuntu/airflow-venv/lib/python3.12/site-packages/airflow/example_dags/example_branch_python_dop_operator_3.py
[2026-02-25T14:27:30.218+0000] {processor.py:914} INFO - Processing file /home/ubuntu/airflow-venv/lib/python3.12/site-packages/airflow/example_dags/example_branch_python_dop_operator_3.py for tasks to queue
[2026-02-25T14:27:30.219+0000] {logging_mixin.py:190} INFO - [2026-02-25T14:27:30.218+0000] {dagbag.py:588} INFO - Filling up the DagBag from /home/ubuntu/airflow-venv/lib/python3.12/site-packages/airflow/example_dags/example_branch_python_dop_operator_3.py
[2026-02-25T14:27:30.226+0000] {processor.py:925} INFO - DAG(s) 'example_branch_dop_operator_v3' retrieved from /home/ubuntu/airflow-venv/lib/python3.12/site-packages/airflow/example_dags/example_branch_python_dop_operator_3.py
[2026-02-25T14:27:30.236+0000] {logging_mixin.py:190} INFO - [2026-02-25T14:27:30.236+0000] {dag.py:3239} INFO - Sync 1 DAGs
[2026-02-25T14:27:30.252+0000] {logging_mixin.py:190} INFO - [2026-02-25T14:27:30.252+0000] {dag.py:4180} INFO - Setting next_dagrun for example_branch_dop_operator_v3 to 2026-02-25 14:26:00+00:00, run_after=2026-02-25 14:27:00+00:00
[2026-02-25T14:27:30.270+0000] {processor.py:208} INFO - Processing /home/ubuntu/airflow-venv/lib/python3.12/site-packages/airflow/example_dags/example_branch_python_dop_operator_3.py took 0.058 seconds
[2026-02-25T14:28:45.500+0000] {processor.py:186} INFO - Started process (PID=4124) to work on /home/ubuntu/airflow-venv/lib/python3.12/site-packages/airflow/example_dags/example_branch_python_dop_operator_3.py
[2026-02-25T14:28:45.502+0000] {processor.py:914} INFO - Processing file /home/ubuntu/airflow-venv/lib/python3.12/site-packages/airflow/example_dags/example_branch_python_dop_operator_3.py for tasks to queue
[2026-02-25T14:28:45.503+0000] {logging_mixin.py:190} INFO - [2026-02-25T14:28:45.502+0000] {dagbag.py:588} INFO - Filling up the DagBag from /home/ubuntu/airflow-venv/lib/python3.12/site-packages/airflow/example_dags/example_branch_python_dop_operator_3.py
[2026-02-25T14:28:45.509+0000] {processor.py:925} INFO - DAG(s) 'example_branch_dop_operator_v3' retrieved from /home/ubuntu/airflow-venv/lib/python3.12/site-packages/airflow/example_dags/example_branch_python_dop_operator_3.py
[2026-02-25T14:28:45.519+0000] {logging_mixin.py:190} INFO - [2026-02-25T14:28:45.519+0000] {dag.py:3239} INFO - Sync 1 DAGs
[2026-02-25T14:28:45.533+0000] {logging_mixin.py:190} INFO - [2026-02-25T14:28:45.533+0000] {dag.py:4180} INFO - Setting next_dagrun for example_branch_dop_operator_v3 to 2026-02-25 14:27:00+00:00, run_after=2026-02-25 14:28:00+00:00
[2026-02-25T14:28:45.551+0000] {processor.py:208} INFO - Processing /home/ubuntu/airflow-venv/lib/python3.12/site-packages/airflow/example_dags/example_branch_python_dop_operator_3.py took 0.054 seconds
[2026-02-25T14:30:00.203+0000] {processor.py:186} INFO - Started process (PID=4207) to work on /home/ubuntu/airflow-venv/lib/python3.12/site-packages/airflow/example_dags/example_branch_python_dop_operator_3.py
[2026-02-25T14:30:00.204+0000] {processor.py:914} INFO - Processing file /home/ubuntu/airflow-venv/lib/python3.12/site-packages/airflow/example_dags/example_branch_python_dop_operator_3.py for tasks to queue
[2026-02-25T14:30:00.205+0000] {logging_mixin.py:190} INFO - [2026-02-25T14:30:00.204+0000] {dagbag.py:588} INFO - Filling up the DagBag from /home/ubuntu/airflow-venv/lib/python3.12/site-packages/airflow/example_dags/example_branch_python_dop_operator_3.py
[2026-02-25T14:30:00.212+0000] {processor.py:925} INFO - DAG(s) 'example_branch_dop_operator_v3' retrieved from /home/ubuntu/airflow-venv/lib/python3.12/site-packages/airflow/example_dags/example_branch_python_dop_operator_3.py
[2026-02-25T14:30:00.222+0000] {logging_mixin.py:190} INFO - [2026-02-25T14:30:00.221+0000] {dag.py:3239} INFO - Sync 1 DAGs
[2026-02-25T14:30:00.236+0000] {logging_mixin.py:190} INFO - [2026-02-25T14:30:00.236+0000] {dag.py:4180} INFO - Setting next_dagrun for example_branch_dop_operator_v3 to 2026-02-25 14:29:00+00:00, run_after=2026-02-25 14:30:00+00:00
[2026-02-25T14:30:00.253+0000] {processor.py:208} INFO - Processing /home/ubuntu/airflow-venv/lib/python3.12/site-packages/airflow/example_dags/example_branch_python_dop_operator_3.py took 0.054 seconds
[2026-02-25T14:34:11.555+0000] {processor.py:186} INFO - Started process (PID=2101) to work on /home/ubuntu/airflow-venv/lib/python3.12/site-packages/airflow/example_dags/example_branch_python_dop_operator_3.py
[2026-02-25T14:34:11.557+0000] {processor.py:914} INFO - Processing file /home/ubuntu/airflow-venv/lib/python3.12/site-packages/airflow/example_dags/example_branch_python_dop_operator_3.py for tasks to queue
[2026-02-25T14:34:11.558+0000] {logging_mixin.py:190} INFO - [2026-02-25T14:34:11.558+0000] {dagbag.py:588} INFO - Filling up the DagBag from /home/ubuntu/airflow-venv/lib/python3.12/site-packages/airflow/example_dags/example_branch_python_dop_operator_3.py
[2026-02-25T14:34:11.565+0000] {processor.py:925} INFO - DAG(s) 'example_branch_dop_operator_v3' retrieved from /home/ubuntu/airflow-venv/lib/python3.12/site-packages/airflow/example_dags/example_branch_python_dop_operator_3.py
[2026-02-25T14:34:11.574+0000] {logging_mixin.py:190} INFO - [2026-02-25T14:34:11.574+0000] {dag.py:3239} INFO - Sync 1 DAGs
[2026-02-25T14:34:11.587+0000] {logging_mixin.py:190} INFO - [2026-02-25T14:34:11.587+0000] {dag.py:4180} INFO - Setting next_dagrun for example_branch_dop_operator_v3 to 2026-02-25 14:33:00+00:00, run_after=2026-02-25 14:34:00+00:00
[2026-02-25T14:34:11.603+0000] {processor.py:208} INFO - Processing /home/ubuntu/airflow-venv/lib/python3.12/site-packages/airflow/example_dags/example_branch_python_dop_operator_3.py took 0.052 seconds
[2026-02-25T14:35:06.382+0000] {processor.py:186} INFO - Started process (PID=2162) to work on /home/ubuntu/airflow-venv/lib/python3.12/site-packages/airflow/example_dags/example_branch_python_dop_operator_3.py
[2026-02-25T14:35:06.384+0000] {processor.py:914} INFO - Processing file /home/ubuntu/airflow-venv/lib/python3.12/site-packages/airflow/example_dags/example_branch_python_dop_operator_3.py for tasks to queue
[2026-02-25T14:35:06.385+0000] {logging_mixin.py:190} INFO - [2026-02-25T14:35:06.385+0000] {dagbag.py:588} INFO - Filling up the DagBag from /home/ubuntu/airflow-venv/lib/python3.12/site-packages/airflow/example_dags/example_branch_python_dop_operator_3.py
[2026-02-25T14:35:06.392+0000] {processor.py:925} INFO - DAG(s) 'example_branch_dop_operator_v3' retrieved from /home/ubuntu/airflow-venv/lib/python3.12/site-packages/airflow/example_dags/example_branch_python_dop_operator_3.py
[2026-02-25T14:35:06.401+0000] {logging_mixin.py:190} INFO - [2026-02-25T14:35:06.401+0000] {dag.py:3239} INFO - Sync 1 DAGs
[2026-02-25T14:35:06.416+0000] {logging_mixin.py:190} INFO - [2026-02-25T14:35:06.416+0000] {dag.py:4180} INFO - Setting next_dagrun for example_branch_dop_operator_v3 to 2026-02-25 14:34:00+00:00, run_after=2026-02-25 14:35:00+00:00
[2026-02-25T14:35:06.433+0000] {processor.py:208} INFO - Processing /home/ubuntu/airflow-venv/lib/python3.12/site-packages/airflow/example_dags/example_branch_python_dop_operator_3.py took 0.054 seconds
[2026-02-25T14:36:17.052+0000] {processor.py:186} INFO - Started process (PID=2600) to work on /home/ubuntu/airflow-venv/lib/python3.12/site-packages/airflow/example_dags/example_branch_python_dop_operator_3.py
[2026-02-25T14:36:17.053+0000] {processor.py:914} INFO - Processing file /home/ubuntu/airflow-venv/lib/python3.12/site-packages/airflow/example_dags/example_branch_python_dop_operator_3.py for tasks to queue
[2026-02-25T14:36:17.054+0000] {logging_mixin.py:190} INFO - [2026-02-25T14:36:17.054+0000] {dagbag.py:588} INFO - Filling up the DagBag from /home/ubuntu/airflow-venv/lib/python3.12/site-packages/airflow/example_dags/example_branch_python_dop_operator_3.py
[2026-02-25T14:36:17.061+0000] {processor.py:925} INFO - DAG(s) 'example_branch_dop_operator_v3' retrieved from /home/ubuntu/airflow-venv/lib/python3.12/site-packages/airflow/example_dags/example_branch_python_dop_operator_3.py
[2026-02-25T14:36:17.071+0000] {logging_mixin.py:190} INFO - [2026-02-25T14:36:17.071+0000] {dag.py:3239} INFO - Sync 1 DAGs
[2026-02-25T14:36:17.085+0000] {logging_mixin.py:190} INFO - [2026-02-25T14:36:17.085+0000] {dag.py:4180} INFO - Setting next_dagrun for example_branch_dop_operator_v3 to 2026-02-25 14:35:00+00:00, run_after=2026-02-25 14:36:00+00:00
[2026-02-25T14:36:17.101+0000] {processor.py:208} INFO - Processing /home/ubuntu/airflow-venv/lib/python3.12/site-packages/airflow/example_dags/example_branch_python_dop_operator_3.py took 0.053 seconds
[2026-02-25T14:37:34.070+0000] {processor.py:186} INFO - Started process (PID=2702) to work on /home/ubuntu/airflow-venv/lib/python3.12/site-packages/airflow/example_dags/example_branch_python_dop_operator_3.py
[2026-02-25T14:37:34.071+0000] {processor.py:914} INFO - Processing file /home/ubuntu/airflow-venv/lib/python3.12/site-packages/airflow/example_dags/example_branch_python_dop_operator_3.py for tasks to queue
[2026-02-25T14:37:34.072+0000] {logging_mixin.py:190} INFO - [2026-02-25T14:37:34.072+0000] {dagbag.py:588} INFO - Filling up the DagBag from /home/ubuntu/airflow-venv/lib/python3.12/site-packages/airflow/example_dags/example_branch_python_dop_operator_3.py
[2026-02-25T14:37:34.078+0000] {processor.py:925} INFO - DAG(s) 'example_branch_dop_operator_v3' retrieved from /home/ubuntu/airflow-venv/lib/python3.12/site-packages/airflow/example_dags/example_branch_python_dop_operator_3.py
[2026-02-25T14:37:34.088+0000] {logging_mixin.py:190} INFO - [2026-02-25T14:37:34.088+0000] {dag.py:3239} INFO - Sync 1 DAGs
[2026-02-25T14:37:34.102+0000] {logging_mixin.py:190} INFO - [2026-02-25T14:37:34.102+0000] {dag.py:4180} INFO - Setting next_dagrun for example_branch_dop_operator_v3 to 2026-02-25 14:36:00+00:00, run_after=2026-02-25 14:37:00+00:00
[2026-02-25T14:37:34.119+0000] {processor.py:208} INFO - Processing /home/ubuntu/airflow-venv/lib/python3.12/site-packages/airflow/example_dags/example_branch_python_dop_operator_3.py took 0.053 seconds
[2026-02-25T14:38:47.156+0000] {processor.py:186} INFO - Started process (PID=2783) to work on /home/ubuntu/airflow-venv/lib/python3.12/site-packages/airflow/example_dags/example_branch_python_dop_operator_3.py
[2026-02-25T14:38:47.157+0000] {processor.py:914} INFO - Processing file /home/ubuntu/airflow-venv/lib/python3.12/site-packages/airflow/example_dags/example_branch_python_dop_operator_3.py for tasks to queue
[2026-02-25T14:38:47.159+0000] {logging_mixin.py:190} INFO - [2026-02-25T14:38:47.159+0000] {dagbag.py:588} INFO - Filling up the DagBag from /home/ubuntu/airflow-venv/lib/python3.12/site-packages/airflow/example_dags/example_branch_python_dop_operator_3.py
[2026-02-25T14:38:47.166+0000] {processor.py:925} INFO - DAG(s) 'example_branch_dop_operator_v3' retrieved from /home/ubuntu/airflow-venv/lib/python3.12/site-packages/airflow/example_dags/example_branch_python_dop_operator_3.py
[2026-02-25T14:38:47.175+0000] {logging_mixin.py:190} INFO - [2026-02-25T14:38:47.175+0000] {dag.py:3239} INFO - Sync 1 DAGs
[2026-02-25T14:38:47.189+0000] {logging_mixin.py:190} INFO - [2026-02-25T14:38:47.189+0000] {dag.py:4180} INFO - Setting next_dagrun for example_branch_dop_operator_v3 to 2026-02-25 14:37:00+00:00, run_after=2026-02-25 14:38:00+00:00
[2026-02-25T14:38:47.206+0000] {processor.py:208} INFO - Processing /home/ubuntu/airflow-venv/lib/python3.12/site-packages/airflow/example_dags/example_branch_python_dop_operator_3.py took 0.054 seconds
[2026-02-25T14:40:04.917+0000] {processor.py:186} INFO - Started process (PID=2861) to work on /home/ubuntu/airflow-venv/lib/python3.12/site-packages/airflow/example_dags/example_branch_python_dop_operator_3.py
[2026-02-25T14:40:04.918+0000] {processor.py:914} INFO - Processing file /home/ubuntu/airflow-venv/lib/python3.12/site-packages/airflow/example_dags/example_branch_python_dop_operator_3.py for tasks to queue
[2026-02-25T14:40:04.919+0000] {logging_mixin.py:190} INFO - [2026-02-25T14:40:04.919+0000] {dagbag.py:588} INFO - Filling up the DagBag from /home/ubuntu/airflow-venv/lib/python3.12/site-packages/airflow/example_dags/example_branch_python_dop_operator_3.py
[2026-02-25T14:40:04.926+0000] {processor.py:925} INFO - DAG(s) 'example_branch_dop_operator_v3' retrieved from /home/ubuntu/airflow-venv/lib/python3.12/site-packages/airflow/example_dags/example_branch_python_dop_operator_3.py
[2026-02-25T14:40:04.936+0000] {logging_mixin.py:190} INFO - [2026-02-25T14:40:04.936+0000] {dag.py:3239} INFO - Sync 1 DAGs
[2026-02-25T14:40:04.951+0000] {logging_mixin.py:190} INFO - [2026-02-25T14:40:04.951+0000] {dag.py:4180} INFO - Setting next_dagrun for example_branch_dop_operator_v3 to 2026-02-25 14:39:00+00:00, run_after=2026-02-25 14:40:00+00:00
[2026-02-25T14:40:04.969+0000] {processor.py:208} INFO - Processing /home/ubuntu/airflow-venv/lib/python3.12/site-packages/airflow/example_dags/example_branch_python_dop_operator_3.py took 0.055 seconds
[2026-02-25T14:41:00.572+0000] {processor.py:186} INFO - Started process (PID=2921) to work on /home/ubuntu/airflow-venv/lib/python3.12/site-packages/airflow/example_dags/example_branch_python_dop_operator_3.py
[2026-02-25T14:41:00.574+0000] {processor.py:914} INFO - Processing file /home/ubuntu/airflow-venv/lib/python3.12/site-packages/airflow/example_dags/example_branch_python_dop_operator_3.py for tasks to queue
[2026-02-25T14:41:00.575+0000] {logging_mixin.py:190} INFO - [2026-02-25T14:41:00.575+0000] {dagbag.py:588} INFO - Filling up the DagBag from /home/ubuntu/airflow-venv/lib/python3.12/site-packages/airflow/example_dags/example_branch_python_dop_operator_3.py
[2026-02-25T14:41:00.582+0000] {processor.py:925} INFO - DAG(s) 'example_branch_dop_operator_v3' retrieved from /home/ubuntu/airflow-venv/lib/python3.12/site-packages/airflow/example_dags/example_branch_python_dop_operator_3.py
[2026-02-25T14:41:00.591+0000] {logging_mixin.py:190} INFO - [2026-02-25T14:41:00.591+0000] {dag.py:3239} INFO - Sync 1 DAGs
[2026-02-25T14:41:00.605+0000] {logging_mixin.py:190} INFO - [2026-02-25T14:41:00.605+0000] {dag.py:4180} INFO - Setting next_dagrun for example_branch_dop_operator_v3 to 2026-02-25 14:40:00+00:00, run_after=2026-02-25 14:41:00+00:00
[2026-02-25T14:41:00.623+0000] {processor.py:208} INFO - Processing /home/ubuntu/airflow-venv/lib/python3.12/site-packages/airflow/example_dags/example_branch_python_dop_operator_3.py took 0.053 seconds
[2026-02-25T14:42:20.116+0000] {processor.py:186} INFO - Started process (PID=3006) to work on /home/ubuntu/airflow-venv/lib/python3.12/site-packages/airflow/example_dags/example_branch_python_dop_operator_3.py
[2026-02-25T14:42:20.118+0000] {processor.py:914} INFO - Processing file /home/ubuntu/airflow-venv/lib/python3.12/site-packages/airflow/example_dags/example_branch_python_dop_operator_3.py for tasks to queue
[2026-02-25T14:42:20.119+0000] {logging_mixin.py:190} INFO - [2026-02-25T14:42:20.119+0000] {dagbag.py:588} INFO - Filling up the DagBag from /home/ubuntu/airflow-venv/lib/python3.12/site-packages/airflow/example_dags/example_branch_python_dop_operator_3.py
[2026-02-25T14:42:20.126+0000] {processor.py:925} INFO - DAG(s) 'example_branch_dop_operator_v3' retrieved from /home/ubuntu/airflow-venv/lib/python3.12/site-packages/airflow/example_dags/example_branch_python_dop_operator_3.py
[2026-02-25T14:42:20.138+0000] {logging_mixin.py:190} INFO - [2026-02-25T14:42:20.137+0000] {dag.py:3239} INFO - Sync 1 DAGs
[2026-02-25T14:42:20.153+0000] {logging_mixin.py:190} INFO - [2026-02-25T14:42:20.153+0000] {dag.py:4180} INFO - Setting next_dagrun for example_branch_dop_operator_v3 to 2026-02-25 14:41:00+00:00, run_after=2026-02-25 14:42:00+00:00
[2026-02-25T14:42:20.171+0000] {processor.py:208} INFO - Processing /home/ubuntu/airflow-venv/lib/python3.12/site-packages/airflow/example_dags/example_branch_python_dop_operator_3.py took 0.059 seconds
[2026-02-25T14:43:33.310+0000] {processor.py:186} INFO - Started process (PID=3086) to work on /home/ubuntu/airflow-venv/lib/python3.12/site-packages/airflow/example_dags/example_branch_python_dop_operator_3.py
[2026-02-25T14:43:33.312+0000] {processor.py:914} INFO - Processing file /home/ubuntu/airflow-venv/lib/python3.12/site-packages/airflow/example_dags/example_branch_python_dop_operator_3.py for tasks to queue
[2026-02-25T14:43:33.313+0000] {logging_mixin.py:190} INFO - [2026-02-25T14:43:33.313+0000] {dagbag.py:588} INFO - Filling up the DagBag from /home/ubuntu/airflow-venv/lib/python3.12/site-packages/airflow/example_dags/example_branch_python_dop_operator_3.py
[2026-02-25T14:43:33.320+0000] {processor.py:925} INFO - DAG(s) 'example_branch_dop_operator_v3' retrieved from /home/ubuntu/airflow-venv/lib/python3.12/site-packages/airflow/example_dags/example_branch_python_dop_operator_3.py
[2026-02-25T14:43:33.331+0000] {logging_mixin.py:190} INFO - [2026-02-25T14:43:33.331+0000] {dag.py:3239} INFO - Sync 1 DAGs
[2026-02-25T14:43:33.346+0000] {logging_mixin.py:190} INFO - [2026-02-25T14:43:33.346+0000] {dag.py:4180} INFO - Setting next_dagrun for example_branch_dop_operator_v3 to 2026-02-25 14:42:00+00:00, run_after=2026-02-25 14:43:00+00:00
[2026-02-25T14:43:33.364+0000] {processor.py:208} INFO - Processing /home/ubuntu/airflow-venv/lib/python3.12/site-packages/airflow/example_dags/example_branch_python_dop_operator_3.py took 0.058 seconds
[2026-02-25T15:00:49.361+0000] {processor.py:186} INFO - Started process (PID=2156) to work on /home/ubuntu/airflow-venv/lib/python3.12/site-packages/airflow/example_dags/example_branch_python_dop_operator_3.py
[2026-02-25T15:00:49.363+0000] {processor.py:914} INFO - Processing file /home/ubuntu/airflow-venv/lib/python3.12/site-packages/airflow/example_dags/example_branch_python_dop_operator_3.py for tasks to queue
[2026-02-25T15:00:49.364+0000] {logging_mixin.py:190} INFO - [2026-02-25T15:00:49.364+0000] {dagbag.py:588} INFO - Filling up the DagBag from /home/ubuntu/airflow-venv/lib/python3.12/site-packages/airflow/example_dags/example_branch_python_dop_operator_3.py
[2026-02-25T15:00:49.371+0000] {processor.py:925} INFO - DAG(s) 'example_branch_dop_operator_v3' retrieved from /home/ubuntu/airflow-venv/lib/python3.12/site-packages/airflow/example_dags/example_branch_python_dop_operator_3.py
[2026-02-25T15:00:49.380+0000] {logging_mixin.py:190} INFO - [2026-02-25T15:00:49.380+0000] {dag.py:3239} INFO - Sync 1 DAGs
[2026-02-25T15:00:49.393+0000] {logging_mixin.py:190} INFO - [2026-02-25T15:00:49.393+0000] {dag.py:4180} INFO - Setting next_dagrun for example_branch_dop_operator_v3 to 2026-02-25 14:59:00+00:00, run_after=2026-02-25 15:00:00+00:00
[2026-02-25T15:00:49.409+0000] {processor.py:208} INFO - Processing /home/ubuntu/airflow-venv/lib/python3.12/site-packages/airflow/example_dags/example_branch_python_dop_operator_3.py took 0.052 seconds
[2026-02-25T15:01:56.320+0000] {processor.py:186} INFO - Started process (PID=2232) to work on /home/ubuntu/airflow-venv/lib/python3.12/site-packages/airflow/example_dags/example_branch_python_dop_operator_3.py
[2026-02-25T15:01:56.322+0000] {processor.py:914} INFO - Processing file /home/ubuntu/airflow-venv/lib/python3.12/site-packages/airflow/example_dags/example_branch_python_dop_operator_3.py for tasks to queue
[2026-02-25T15:01:56.323+0000] {logging_mixin.py:190} INFO - [2026-02-25T15:01:56.323+0000] {dagbag.py:588} INFO - Filling up the DagBag from /home/ubuntu/airflow-venv/lib/python3.12/site-packages/airflow/example_dags/example_branch_python_dop_operator_3.py
[2026-02-25T15:01:56.329+0000] {processor.py:925} INFO - DAG(s) 'example_branch_dop_operator_v3' retrieved from /home/ubuntu/airflow-venv/lib/python3.12/site-packages/airflow/example_dags/example_branch_python_dop_operator_3.py
[2026-02-25T15:01:56.339+0000] {logging_mixin.py:190} INFO - [2026-02-25T15:01:56.339+0000] {dag.py:3239} INFO - Sync 1 DAGs
[2026-02-25T15:01:56.352+0000] {logging_mixin.py:190} INFO - [2026-02-25T15:01:56.352+0000] {dag.py:4180} INFO - Setting next_dagrun for example_branch_dop_operator_v3 to 2026-02-25 15:00:00+00:00, run_after=2026-02-25 15:01:00+00:00
[2026-02-25T15:01:56.368+0000] {processor.py:208} INFO - Processing /home/ubuntu/airflow-venv/lib/python3.12/site-packages/airflow/example_dags/example_branch_python_dop_operator_3.py took 0.051 seconds
[2026-02-25T15:02:52.805+0000] {processor.py:186} INFO - Started process (PID=2291) to work on /home/ubuntu/airflow-venv/lib/python3.12/site-packages/airflow/example_dags/example_branch_python_dop_operator_3.py
[2026-02-25T15:02:52.806+0000] {processor.py:914} INFO - Processing file /home/ubuntu/airflow-venv/lib/python3.12/site-packages/airflow/example_dags/example_branch_python_dop_operator_3.py for tasks to queue
[2026-02-25T15:02:52.808+0000] {logging_mixin.py:190} INFO - [2026-02-25T15:02:52.807+0000] {dagbag.py:588} INFO - Filling up the DagBag from /home/ubuntu/airflow-venv/lib/python3.12/site-packages/airflow/example_dags/example_branch_python_dop_operator_3.py
[2026-02-25T15:02:52.814+0000] {processor.py:925} INFO - DAG(s) 'example_branch_dop_operator_v3' retrieved from /home/ubuntu/airflow-venv/lib/python3.12/site-packages/airflow/example_dags/example_branch_python_dop_operator_3.py
[2026-02-25T15:02:52.823+0000] {logging_mixin.py:190} INFO - [2026-02-25T15:02:52.822+0000] {dag.py:3239} INFO - Sync 1 DAGs
[2026-02-25T15:02:52.836+0000] {logging_mixin.py:190} INFO - [2026-02-25T15:02:52.836+0000] {dag.py:4180} INFO - Setting next_dagrun for example_branch_dop_operator_v3 to 2026-02-25 15:01:00+00:00, run_after=2026-02-25 15:02:00+00:00
[2026-02-25T15:02:52.852+0000] {processor.py:208} INFO - Processing /home/ubuntu/airflow-venv/lib/python3.12/site-packages/airflow/example_dags/example_branch_python_dop_operator_3.py took 0.050 seconds
[2026-02-25T15:04:08.533+0000] {processor.py:186} INFO - Started process (PID=2371) to work on /home/ubuntu/airflow-venv/lib/python3.12/site-packages/airflow/example_dags/example_branch_python_dop_operator_3.py
[2026-02-25T15:04:08.535+0000] {processor.py:914} INFO - Processing file /home/ubuntu/airflow-venv/lib/python3.12/site-packages/airflow/example_dags/example_branch_python_dop_operator_3.py for tasks to queue
[2026-02-25T15:04:08.536+0000] {logging_mixin.py:190} INFO - [2026-02-25T15:04:08.536+0000] {dagbag.py:588} INFO - Filling up the DagBag from /home/ubuntu/airflow-venv/lib/python3.12/site-packages/airflow/example_dags/example_branch_python_dop_operator_3.py
[2026-02-25T15:04:08.542+0000] {processor.py:925} INFO - DAG(s) 'example_branch_dop_operator_v3' retrieved from /home/ubuntu/airflow-venv/lib/python3.12/site-packages/airflow/example_dags/example_branch_python_dop_operator_3.py
[2026-02-25T15:04:08.551+0000] {logging_mixin.py:190} INFO - [2026-02-25T15:04:08.551+0000] {dag.py:3239} INFO - Sync 1 DAGs
[2026-02-25T15:04:08.564+0000] {logging_mixin.py:190} INFO - [2026-02-25T15:04:08.564+0000] {dag.py:4180} INFO - Setting next_dagrun for example_branch_dop_operator_v3 to 2026-02-25 15:03:00+00:00, run_after=2026-02-25 15:04:00+00:00
[2026-02-25T15:04:08.580+0000] {processor.py:208} INFO - Processing /home/ubuntu/airflow-venv/lib/python3.12/site-packages/airflow/example_dags/example_branch_python_dop_operator_3.py took 0.050 seconds
[2026-02-25T15:05:21.677+0000] {processor.py:186} INFO - Started process (PID=2462) to work on /home/ubuntu/airflow-venv/lib/python3.12/site-packages/airflow/example_dags/example_branch_python_dop_operator_3.py
[2026-02-25T15:05:21.678+0000] {processor.py:914} INFO - Processing file /home/ubuntu/airflow-venv/lib/python3.12/site-packages/airflow/example_dags/example_branch_python_dop_operator_3.py for tasks to queue
[2026-02-25T15:05:21.680+0000] {logging_mixin.py:190} INFO - [2026-02-25T15:05:21.679+0000] {dagbag.py:588} INFO - Filling up the DagBag from /home/ubuntu/airflow-venv/lib/python3.12/site-packages/airflow/example_dags/example_branch_python_dop_operator_3.py
[2026-02-25T15:05:21.686+0000] {processor.py:925} INFO - DAG(s) 'example_branch_dop_operator_v3' retrieved from /home/ubuntu/airflow-venv/lib/python3.12/site-packages/airflow/example_dags/example_branch_python_dop_operator_3.py
[2026-02-25T15:05:21.695+0000] {logging_mixin.py:190} INFO - [2026-02-25T15:05:21.695+0000] {dag.py:3239} INFO - Sync 1 DAGs
[2026-02-25T15:05:21.708+0000] {logging_mixin.py:190} INFO - [2026-02-25T15:05:21.708+0000] {dag.py:4180} INFO - Setting next_dagrun for example_branch_dop_operator_v3 to 2026-02-25 15:04:00+00:00, run_after=2026-02-25 15:05:00+00:00
[2026-02-25T15:05:21.725+0000] {processor.py:208} INFO - Processing /home/ubuntu/airflow-venv/lib/python3.12/site-packages/airflow/example_dags/example_branch_python_dop_operator_3.py took 0.051 seconds
[2026-02-25T15:06:18.845+0000] {processor.py:186} INFO - Started process (PID=2519) to work on /home/ubuntu/airflow-venv/lib/python3.12/site-packages/airflow/example_dags/example_branch_python_dop_operator_3.py
[2026-02-25T15:06:18.846+0000] {processor.py:914} INFO - Processing file /home/ubuntu/airflow-venv/lib/python3.12/site-packages/airflow/example_dags/example_branch_python_dop_operator_3.py for tasks to queue
[2026-02-25T15:06:18.847+0000] {logging_mixin.py:190} INFO - [2026-02-25T15:06:18.847+0000] {dagbag.py:588} INFO - Filling up the DagBag from /home/ubuntu/airflow-venv/lib/python3.12/site-packages/airflow/example_dags/example_branch_python_dop_operator_3.py
[2026-02-25T15:06:18.926+0000] {processor.py:925} INFO - DAG(s) 'example_branch_dop_operator_v3' retrieved from /home/ubuntu/airflow-venv/lib/python3.12/site-packages/airflow/example_dags/example_branch_python_dop_operator_3.py
[2026-02-25T15:06:18.932+0000] {logging_mixin.py:190} INFO - [2026-02-25T15:06:18.932+0000] {dag.py:3239} INFO - Sync 1 DAGs
[2026-02-25T15:06:18.943+0000] {logging_mixin.py:190} INFO - [2026-02-25T15:06:18.943+0000] {dag.py:4180} INFO - Setting next_dagrun for example_branch_dop_operator_v3 to 2026-02-25 15:05:00+00:00, run_after=2026-02-25 15:06:00+00:00
[2026-02-25T15:06:18.958+0000] {processor.py:208} INFO - Processing /home/ubuntu/airflow-venv/lib/python3.12/site-packages/airflow/example_dags/example_branch_python_dop_operator_3.py took 0.117 seconds
[2026-02-25T15:07:34.381+0000] {processor.py:186} INFO - Started process (PID=2600) to work on /home/ubuntu/airflow-venv/lib/python3.12/site-packages/airflow/example_dags/example_branch_python_dop_operator_3.py
[2026-02-25T15:07:34.383+0000] {processor.py:914} INFO - Processing file /home/ubuntu/airflow-venv/lib/python3.12/site-packages/airflow/example_dags/example_branch_python_dop_operator_3.py for tasks to queue
[2026-02-25T15:07:34.384+0000] {logging_mixin.py:190} INFO - [2026-02-25T15:07:34.384+0000] {dagbag.py:588} INFO - Filling up the DagBag from /home/ubuntu/airflow-venv/lib/python3.12/site-packages/airflow/example_dags/example_branch_python_dop_operator_3.py
[2026-02-25T15:07:34.391+0000] {processor.py:925} INFO - DAG(s) 'example_branch_dop_operator_v3' retrieved from /home/ubuntu/airflow-venv/lib/python3.12/site-packages/airflow/example_dags/example_branch_python_dop_operator_3.py
[2026-02-25T15:07:34.401+0000] {logging_mixin.py:190} INFO - [2026-02-25T15:07:34.401+0000] {dag.py:3239} INFO - Sync 1 DAGs
[2026-02-25T15:07:34.414+0000] {logging_mixin.py:190} INFO - [2026-02-25T15:07:34.414+0000] {dag.py:4180} INFO - Setting next_dagrun for example_branch_dop_operator_v3 to 2026-02-25 15:06:00+00:00, run_after=2026-02-25 15:07:00+00:00
[2026-02-25T15:07:34.430+0000] {processor.py:208} INFO - Processing /home/ubuntu/airflow-venv/lib/python3.12/site-packages/airflow/example_dags/example_branch_python_dop_operator_3.py took 0.053 seconds
[2026-02-25T15:08:47.995+0000] {processor.py:186} INFO - Started process (PID=3046) to work on /home/ubuntu/airflow-venv/lib/python3.12/site-packages/airflow/example_dags/example_branch_python_dop_operator_3.py
[2026-02-25T15:08:47.996+0000] {processor.py:914} INFO - Processing file /home/ubuntu/airflow-venv/lib/python3.12/site-packages/airflow/example_dags/example_branch_python_dop_operator_3.py for tasks to queue
[2026-02-25T15:08:47.997+0000] {logging_mixin.py:190} INFO - [2026-02-25T15:08:47.997+0000] {dagbag.py:588} INFO - Filling up the DagBag from /home/ubuntu/airflow-venv/lib/python3.12/site-packages/airflow/example_dags/example_branch_python_dop_operator_3.py
[2026-02-25T15:08:48.004+0000] {processor.py:925} INFO - DAG(s) 'example_branch_dop_operator_v3' retrieved from /home/ubuntu/airflow-venv/lib/python3.12/site-packages/airflow/example_dags/example_branch_python_dop_operator_3.py
[2026-02-25T15:08:48.013+0000] {logging_mixin.py:190} INFO - [2026-02-25T15:08:48.013+0000] {dag.py:3239} INFO - Sync 1 DAGs
[2026-02-25T15:08:48.026+0000] {logging_mixin.py:190} INFO - [2026-02-25T15:08:48.026+0000] {dag.py:4180} INFO - Setting next_dagrun for example_branch_dop_operator_v3 to 2026-02-25 15:07:00+00:00, run_after=2026-02-25 15:08:00+00:00
[2026-02-25T15:08:48.043+0000] {processor.py:208} INFO - Processing /home/ubuntu/airflow-venv/lib/python3.12/site-packages/airflow/example_dags/example_branch_python_dop_operator_3.py took 0.052 seconds
[2026-02-25T15:10:02.303+0000] {processor.py:186} INFO - Started process (PID=3128) to work on /home/ubuntu/airflow-venv/lib/python3.12/site-packages/airflow/example_dags/example_branch_python_dop_operator_3.py
[2026-02-25T15:10:02.305+0000] {processor.py:914} INFO - Processing file /home/ubuntu/airflow-venv/lib/python3.12/site-packages/airflow/example_dags/example_branch_python_dop_operator_3.py for tasks to queue
[2026-02-25T15:10:02.306+0000] {logging_mixin.py:190} INFO - [2026-02-25T15:10:02.306+0000] {dagbag.py:588} INFO - Filling up the DagBag from /home/ubuntu/airflow-venv/lib/python3.12/site-packages/airflow/example_dags/example_branch_python_dop_operator_3.py
[2026-02-25T15:10:02.313+0000] {processor.py:925} INFO - DAG(s) 'example_branch_dop_operator_v3' retrieved from /home/ubuntu/airflow-venv/lib/python3.12/site-packages/airflow/example_dags/example_branch_python_dop_operator_3.py
[2026-02-25T15:10:02.322+0000] {logging_mixin.py:190} INFO - [2026-02-25T15:10:02.322+0000] {dag.py:3239} INFO - Sync 1 DAGs
[2026-02-25T15:10:02.336+0000] {logging_mixin.py:190} INFO - [2026-02-25T15:10:02.336+0000] {dag.py:4180} INFO - Setting next_dagrun for example_branch_dop_operator_v3 to 2026-02-25 15:09:00+00:00, run_after=2026-02-25 15:10:00+00:00
[2026-02-25T15:10:02.353+0000] {processor.py:208} INFO - Processing /home/ubuntu/airflow-venv/lib/python3.12/site-packages/airflow/example_dags/example_branch_python_dop_operator_3.py took 0.053 seconds
[2026-02-25T15:11:18.084+0000] {processor.py:186} INFO - Started process (PID=3209) to work on /home/ubuntu/airflow-venv/lib/python3.12/site-packages/airflow/example_dags/example_branch_python_dop_operator_3.py
[2026-02-25T15:11:18.085+0000] {processor.py:914} INFO - Processing file /home/ubuntu/airflow-venv/lib/python3.12/site-packages/airflow/example_dags/example_branch_python_dop_operator_3.py for tasks to queue
[2026-02-25T15:11:18.087+0000] {logging_mixin.py:190} INFO - [2026-02-25T15:11:18.087+0000] {dagbag.py:588} INFO - Filling up the DagBag from /home/ubuntu/airflow-venv/lib/python3.12/site-packages/airflow/example_dags/example_branch_python_dop_operator_3.py
[2026-02-25T15:11:18.093+0000] {processor.py:925} INFO - DAG(s) 'example_branch_dop_operator_v3' retrieved from /home/ubuntu/airflow-venv/lib/python3.12/site-packages/airflow/example_dags/example_branch_python_dop_operator_3.py
[2026-02-25T15:11:18.103+0000] {logging_mixin.py:190} INFO - [2026-02-25T15:11:18.103+0000] {dag.py:3239} INFO - Sync 1 DAGs
[2026-02-25T15:11:18.116+0000] {logging_mixin.py:190} INFO - [2026-02-25T15:11:18.116+0000] {dag.py:4180} INFO - Setting next_dagrun for example_branch_dop_operator_v3 to 2026-02-25 15:10:00+00:00, run_after=2026-02-25 15:11:00+00:00
[2026-02-25T15:11:18.133+0000] {processor.py:208} INFO - Processing /home/ubuntu/airflow-venv/lib/python3.12/site-packages/airflow/example_dags/example_branch_python_dop_operator_3.py took 0.052 seconds
[2026-02-25T15:12:35.268+0000] {processor.py:186} INFO - Started process (PID=3288) to work on /home/ubuntu/airflow-venv/lib/python3.12/site-packages/airflow/example_dags/example_branch_python_dop_operator_3.py
[2026-02-25T15:12:35.269+0000] {processor.py:914} INFO - Processing file /home/ubuntu/airflow-venv/lib/python3.12/site-packages/airflow/example_dags/example_branch_python_dop_operator_3.py for tasks to queue
[2026-02-25T15:12:35.270+0000] {logging_mixin.py:190} INFO - [2026-02-25T15:12:35.270+0000] {dagbag.py:588} INFO - Filling up the DagBag from /home/ubuntu/airflow-venv/lib/python3.12/site-packages/airflow/example_dags/example_branch_python_dop_operator_3.py
[2026-02-25T15:12:35.277+0000] {processor.py:925} INFO - DAG(s) 'example_branch_dop_operator_v3' retrieved from /home/ubuntu/airflow-venv/lib/python3.12/site-packages/airflow/example_dags/example_branch_python_dop_operator_3.py
[2026-02-25T15:12:35.286+0000] {logging_mixin.py:190} INFO - [2026-02-25T15:12:35.286+0000] {dag.py:3239} INFO - Sync 1 DAGs
[2026-02-25T15:12:35.300+0000] {logging_mixin.py:190} INFO - [2026-02-25T15:12:35.300+0000] {dag.py:4180} INFO - Setting next_dagrun for example_branch_dop_operator_v3 to 2026-02-25 15:11:00+00:00, run_after=2026-02-25 15:12:00+00:00
[2026-02-25T15:12:35.317+0000] {processor.py:208} INFO - Processing /home/ubuntu/airflow-venv/lib/python3.12/site-packages/airflow/example_dags/example_branch_python_dop_operator_3.py took 0.052 seconds
[2026-02-25T15:13:46.104+0000] {processor.py:186} INFO - Started process (PID=3364) to work on /home/ubuntu/airflow-venv/lib/python3.12/site-packages/airflow/example_dags/example_branch_python_dop_operator_3.py
[2026-02-25T15:13:46.105+0000] {processor.py:914} INFO - Processing file /home/ubuntu/airflow-venv/lib/python3.12/site-packages/airflow/example_dags/example_branch_python_dop_operator_3.py for tasks to queue
[2026-02-25T15:13:46.107+0000] {logging_mixin.py:190} INFO - [2026-02-25T15:13:46.106+0000] {dagbag.py:588} INFO - Filling up the DagBag from /home/ubuntu/airflow-venv/lib/python3.12/site-packages/airflow/example_dags/example_branch_python_dop_operator_3.py
[2026-02-25T15:13:46.113+0000] {processor.py:925} INFO - DAG(s) 'example_branch_dop_operator_v3' retrieved from /home/ubuntu/airflow-venv/lib/python3.12/site-packages/airflow/example_dags/example_branch_python_dop_operator_3.py
[2026-02-25T15:13:46.123+0000] {logging_mixin.py:190} INFO - [2026-02-25T15:13:46.122+0000] {dag.py:3239} INFO - Sync 1 DAGs
[2026-02-25T15:13:46.136+0000] {logging_mixin.py:190} INFO - [2026-02-25T15:13:46.136+0000] {dag.py:4180} INFO - Setting next_dagrun for example_branch_dop_operator_v3 to 2026-02-25 15:12:00+00:00, run_after=2026-02-25 15:13:00+00:00
[2026-02-25T15:13:46.153+0000] {processor.py:208} INFO - Processing /home/ubuntu/airflow-venv/lib/python3.12/site-packages/airflow/example_dags/example_branch_python_dop_operator_3.py took 0.053 seconds
[2026-02-25T15:14:58.828+0000] {processor.py:186} INFO - Started process (PID=3445) to work on /home/ubuntu/airflow-venv/lib/python3.12/site-packages/airflow/example_dags/example_branch_python_dop_operator_3.py
[2026-02-25T15:14:58.829+0000] {processor.py:914} INFO - Processing file /home/ubuntu/airflow-venv/lib/python3.12/site-packages/airflow/example_dags/example_branch_python_dop_operator_3.py for tasks to queue
[2026-02-25T15:14:58.831+0000] {logging_mixin.py:190} INFO - [2026-02-25T15:14:58.830+0000] {dagbag.py:588} INFO - Filling up the DagBag from /home/ubuntu/airflow-venv/lib/python3.12/site-packages/airflow/example_dags/example_branch_python_dop_operator_3.py
[2026-02-25T15:14:58.837+0000] {processor.py:925} INFO - DAG(s) 'example_branch_dop_operator_v3' retrieved from /home/ubuntu/airflow-venv/lib/python3.12/site-packages/airflow/example_dags/example_branch_python_dop_operator_3.py
[2026-02-25T15:14:58.846+0000] {logging_mixin.py:190} INFO - [2026-02-25T15:14:58.846+0000] {dag.py:3239} INFO - Sync 1 DAGs
[2026-02-25T15:14:58.860+0000] {logging_mixin.py:190} INFO - [2026-02-25T15:14:58.860+0000] {dag.py:4180} INFO - Setting next_dagrun for example_branch_dop_operator_v3 to 2026-02-25 15:13:00+00:00, run_after=2026-02-25 15:14:00+00:00
[2026-02-25T15:14:58.876+0000] {processor.py:208} INFO - Processing /home/ubuntu/airflow-venv/lib/python3.12/site-packages/airflow/example_dags/example_branch_python_dop_operator_3.py took 0.052 seconds
[2026-02-25T15:16:12.865+0000] {processor.py:186} INFO - Started process (PID=3526) to work on /home/ubuntu/airflow-venv/lib/python3.12/site-packages/airflow/example_dags/example_branch_python_dop_operator_3.py
[2026-02-25T15:16:12.866+0000] {processor.py:914} INFO - Processing file /home/ubuntu/airflow-venv/lib/python3.12/site-packages/airflow/example_dags/example_branch_python_dop_operator_3.py for tasks to queue
[2026-02-25T15:16:12.867+0000] {logging_mixin.py:190} INFO - [2026-02-25T15:16:12.867+0000] {dagbag.py:588} INFO - Filling up the DagBag from /home/ubuntu/airflow-venv/lib/python3.12/site-packages/airflow/example_dags/example_branch_python_dop_operator_3.py
[2026-02-25T15:16:12.874+0000] {processor.py:925} INFO - DAG(s) 'example_branch_dop_operator_v3' retrieved from /home/ubuntu/airflow-venv/lib/python3.12/site-packages/airflow/example_dags/example_branch_python_dop_operator_3.py
[2026-02-25T15:16:12.883+0000] {logging_mixin.py:190} INFO - [2026-02-25T15:16:12.883+0000] {dag.py:3239} INFO - Sync 1 DAGs
[2026-02-25T15:16:12.896+0000] {logging_mixin.py:190} INFO - [2026-02-25T15:16:12.896+0000] {dag.py:4180} INFO - Setting next_dagrun for example_branch_dop_operator_v3 to 2026-02-25 15:15:00+00:00, run_after=2026-02-25 15:16:00+00:00
[2026-02-25T15:16:12.913+0000] {processor.py:208} INFO - Processing /home/ubuntu/airflow-venv/lib/python3.12/site-packages/airflow/example_dags/example_branch_python_dop_operator_3.py took 0.051 seconds
[2026-02-25T15:17:26.545+0000] {processor.py:186} INFO - Started process (PID=3607) to work on /home/ubuntu/airflow-venv/lib/python3.12/site-packages/airflow/example_dags/example_branch_python_dop_operator_3.py
[2026-02-25T15:17:26.547+0000] {processor.py:914} INFO - Processing file /home/ubuntu/airflow-venv/lib/python3.12/site-packages/airflow/example_dags/example_branch_python_dop_operator_3.py for tasks to queue
[2026-02-25T15:17:26.548+0000] {logging_mixin.py:190} INFO - [2026-02-25T15:17:26.548+0000] {dagbag.py:588} INFO - Filling up the DagBag from /home/ubuntu/airflow-venv/lib/python3.12/site-packages/airflow/example_dags/example_branch_python_dop_operator_3.py
[2026-02-25T15:17:26.555+0000] {processor.py:925} INFO - DAG(s) 'example_branch_dop_operator_v3' retrieved from /home/ubuntu/airflow-venv/lib/python3.12/site-packages/airflow/example_dags/example_branch_python_dop_operator_3.py
[2026-02-25T15:17:26.565+0000] {logging_mixin.py:190} INFO - [2026-02-25T15:17:26.564+0000] {dag.py:3239} INFO - Sync 1 DAGs
[2026-02-25T15:17:26.578+0000] {logging_mixin.py:190} INFO - [2026-02-25T15:17:26.578+0000] {dag.py:4180} INFO - Setting next_dagrun for example_branch_dop_operator_v3 to 2026-02-25 15:16:00+00:00, run_after=2026-02-25 15:17:00+00:00
[2026-02-25T15:17:26.595+0000] {processor.py:208} INFO - Processing /home/ubuntu/airflow-venv/lib/python3.12/site-packages/airflow/example_dags/example_branch_python_dop_operator_3.py took 0.053 seconds
[2026-02-25T15:18:38.287+0000] {processor.py:186} INFO - Started process (PID=3684) to work on /home/ubuntu/airflow-venv/lib/python3.12/site-packages/airflow/example_dags/example_branch_python_dop_operator_3.py
[2026-02-25T15:18:38.288+0000] {processor.py:914} INFO - Processing file /home/ubuntu/airflow-venv/lib/python3.12/site-packages/airflow/example_dags/example_branch_python_dop_operator_3.py for tasks to queue
[2026-02-25T15:18:38.290+0000] {logging_mixin.py:190} INFO - [2026-02-25T15:18:38.289+0000] {dagbag.py:588} INFO - Filling up the DagBag from /home/ubuntu/airflow-venv/lib/python3.12/site-packages/airflow/example_dags/example_branch_python_dop_operator_3.py
[2026-02-25T15:18:38.296+0000] {processor.py:925} INFO - DAG(s) 'example_branch_dop_operator_v3' retrieved from /home/ubuntu/airflow-venv/lib/python3.12/site-packages/airflow/example_dags/example_branch_python_dop_operator_3.py
[2026-02-25T15:18:38.305+0000] {logging_mixin.py:190} INFO - [2026-02-25T15:18:38.305+0000] {dag.py:3239} INFO - Sync 1 DAGs
[2026-02-25T15:18:38.319+0000] {logging_mixin.py:190} INFO - [2026-02-25T15:18:38.318+0000] {dag.py:4180} INFO - Setting next_dagrun for example_branch_dop_operator_v3 to 2026-02-25 15:17:00+00:00, run_after=2026-02-25 15:18:00+00:00
[2026-02-25T15:18:38.335+0000] {processor.py:208} INFO - Processing /home/ubuntu/airflow-venv/lib/python3.12/site-packages/airflow/example_dags/example_branch_python_dop_operator_3.py took 0.051 seconds
[2026-02-25T15:19:49.320+0000] {processor.py:186} INFO - Started process (PID=3760) to work on /home/ubuntu/airflow-venv/lib/python3.12/site-packages/airflow/example_dags/example_branch_python_dop_operator_3.py
[2026-02-25T15:19:49.321+0000] {processor.py:914} INFO - Processing file /home/ubuntu/airflow-venv/lib/python3.12/site-packages/airflow/example_dags/example_branch_python_dop_operator_3.py for tasks to queue
[2026-02-25T15:19:49.323+0000] {logging_mixin.py:190} INFO - [2026-02-25T15:19:49.322+0000] {dagbag.py:588} INFO - Filling up the DagBag from /home/ubuntu/airflow-venv/lib/python3.12/site-packages/airflow/example_dags/example_branch_python_dop_operator_3.py
[2026-02-25T15:19:49.329+0000] {processor.py:925} INFO - DAG(s) 'example_branch_dop_operator_v3' retrieved from /home/ubuntu/airflow-venv/lib/python3.12/site-packages/airflow/example_dags/example_branch_python_dop_operator_3.py
[2026-02-25T15:19:49.339+0000] {logging_mixin.py:190} INFO - [2026-02-25T15:19:49.338+0000] {dag.py:3239} INFO - Sync 1 DAGs
[2026-02-25T15:19:49.352+0000] {logging_mixin.py:190} INFO - [2026-02-25T15:19:49.352+0000] {dag.py:4180} INFO - Setting next_dagrun for example_branch_dop_operator_v3 to 2026-02-25 15:18:00+00:00, run_after=2026-02-25 15:19:00+00:00
[2026-02-25T15:19:49.368+0000] {processor.py:208} INFO - Processing /home/ubuntu/airflow-venv/lib/python3.12/site-packages/airflow/example_dags/example_branch_python_dop_operator_3.py took 0.052 seconds
[2026-02-25T15:21:04.204+0000] {processor.py:186} INFO - Started process (PID=3841) to work on /home/ubuntu/airflow-venv/lib/python3.12/site-packages/airflow/example_dags/example_branch_python_dop_operator_3.py
[2026-02-25T15:21:04.205+0000] {processor.py:914} INFO - Processing file /home/ubuntu/airflow-venv/lib/python3.12/site-packages/airflow/example_dags/example_branch_python_dop_operator_3.py for tasks to queue
[2026-02-25T15:21:04.206+0000] {logging_mixin.py:190} INFO - [2026-02-25T15:21:04.206+0000] {dagbag.py:588} INFO - Filling up the DagBag from /home/ubuntu/airflow-venv/lib/python3.12/site-packages/airflow/example_dags/example_branch_python_dop_operator_3.py
[2026-02-25T15:21:04.213+0000] {processor.py:925} INFO - DAG(s) 'example_branch_dop_operator_v3' retrieved from /home/ubuntu/airflow-venv/lib/python3.12/site-packages/airflow/example_dags/example_branch_python_dop_operator_3.py
[2026-02-25T15:21:04.222+0000] {logging_mixin.py:190} INFO - [2026-02-25T15:21:04.222+0000] {dag.py:3239} INFO - Sync 1 DAGs
[2026-02-25T15:21:04.236+0000] {logging_mixin.py:190} INFO - [2026-02-25T15:21:04.236+0000] {dag.py:4180} INFO - Setting next_dagrun for example_branch_dop_operator_v3 to 2026-02-25 15:20:00+00:00, run_after=2026-02-25 15:21:00+00:00
[2026-02-25T15:21:04.253+0000] {processor.py:208} INFO - Processing /home/ubuntu/airflow-venv/lib/python3.12/site-packages/airflow/example_dags/example_branch_python_dop_operator_3.py took 0.053 seconds
[2026-02-25T15:22:18.195+0000] {processor.py:186} INFO - Started process (PID=3920) to work on /home/ubuntu/airflow-venv/lib/python3.12/site-packages/airflow/example_dags/example_branch_python_dop_operator_3.py
[2026-02-25T15:22:18.197+0000] {processor.py:914} INFO - Processing file /home/ubuntu/airflow-venv/lib/python3.12/site-packages/airflow/example_dags/example_branch_python_dop_operator_3.py for tasks to queue
[2026-02-25T15:22:18.198+0000] {logging_mixin.py:190} INFO - [2026-02-25T15:22:18.198+0000] {dagbag.py:588} INFO - Filling up the DagBag from /home/ubuntu/airflow-venv/lib/python3.12/site-packages/airflow/example_dags/example_branch_python_dop_operator_3.py
[2026-02-25T15:22:18.205+0000] {processor.py:925} INFO - DAG(s) 'example_branch_dop_operator_v3' retrieved from /home/ubuntu/airflow-venv/lib/python3.12/site-packages/airflow/example_dags/example_branch_python_dop_operator_3.py
[2026-02-25T15:22:18.214+0000] {logging_mixin.py:190} INFO - [2026-02-25T15:22:18.214+0000] {dag.py:3239} INFO - Sync 1 DAGs
[2026-02-25T15:22:18.228+0000] {logging_mixin.py:190} INFO - [2026-02-25T15:22:18.228+0000] {dag.py:4180} INFO - Setting next_dagrun for example_branch_dop_operator_v3 to 2026-02-25 15:21:00+00:00, run_after=2026-02-25 15:22:00+00:00
[2026-02-25T15:22:18.245+0000] {processor.py:208} INFO - Processing /home/ubuntu/airflow-venv/lib/python3.12/site-packages/airflow/example_dags/example_branch_python_dop_operator_3.py took 0.053 seconds
[2026-02-25T15:23:35.820+0000] {processor.py:186} INFO - Started process (PID=3999) to work on /home/ubuntu/airflow-venv/lib/python3.12/site-packages/airflow/example_dags/example_branch_python_dop_operator_3.py
[2026-02-25T15:23:35.821+0000] {processor.py:914} INFO - Processing file /home/ubuntu/airflow-venv/lib/python3.12/site-packages/airflow/example_dags/example_branch_python_dop_operator_3.py for tasks to queue
[2026-02-25T15:23:35.823+0000] {logging_mixin.py:190} INFO - [2026-02-25T15:23:35.822+0000] {dagbag.py:588} INFO - Filling up the DagBag from /home/ubuntu/airflow-venv/lib/python3.12/site-packages/airflow/example_dags/example_branch_python_dop_operator_3.py
[2026-02-25T15:23:35.829+0000] {processor.py:925} INFO - DAG(s) 'example_branch_dop_operator_v3' retrieved from /home/ubuntu/airflow-venv/lib/python3.12/site-packages/airflow/example_dags/example_branch_python_dop_operator_3.py
[2026-02-25T15:23:35.838+0000] {logging_mixin.py:190} INFO - [2026-02-25T15:23:35.838+0000] {dag.py:3239} INFO - Sync 1 DAGs
[2026-02-25T15:23:35.852+0000] {logging_mixin.py:190} INFO - [2026-02-25T15:23:35.852+0000] {dag.py:4180} INFO - Setting next_dagrun for example_branch_dop_operator_v3 to 2026-02-25 15:22:00+00:00, run_after=2026-02-25 15:23:00+00:00
[2026-02-25T15:23:35.869+0000] {processor.py:208} INFO - Processing /home/ubuntu/airflow-venv/lib/python3.12/site-packages/airflow/example_dags/example_branch_python_dop_operator_3.py took 0.052 seconds
[2026-02-25T15:44:48.179+0000] {processor.py:186} INFO - Started process (PID=2621) to work on /home/ubuntu/airflow-venv/lib/python3.12/site-packages/airflow/example_dags/example_branch_python_dop_operator_3.py
[2026-02-25T15:44:48.181+0000] {processor.py:914} INFO - Processing file /home/ubuntu/airflow-venv/lib/python3.12/site-packages/airflow/example_dags/example_branch_python_dop_operator_3.py for tasks to queue
[2026-02-25T15:44:48.182+0000] {logging_mixin.py:190} INFO - [2026-02-25T15:44:48.182+0000] {dagbag.py:588} INFO - Filling up the DagBag from /home/ubuntu/airflow-venv/lib/python3.12/site-packages/airflow/example_dags/example_branch_python_dop_operator_3.py
[2026-02-25T15:44:48.188+0000] {processor.py:925} INFO - DAG(s) 'example_branch_dop_operator_v3' retrieved from /home/ubuntu/airflow-venv/lib/python3.12/site-packages/airflow/example_dags/example_branch_python_dop_operator_3.py
[2026-02-25T15:44:48.197+0000] {logging_mixin.py:190} INFO - [2026-02-25T15:44:48.197+0000] {dag.py:3239} INFO - Sync 1 DAGs
[2026-02-25T15:44:48.210+0000] {logging_mixin.py:190} INFO - [2026-02-25T15:44:48.210+0000] {dag.py:4180} INFO - Setting next_dagrun for example_branch_dop_operator_v3 to 2026-02-25 15:43:00+00:00, run_after=2026-02-25 15:44:00+00:00
[2026-02-25T15:44:48.226+0000] {processor.py:208} INFO - Processing /home/ubuntu/airflow-venv/lib/python3.12/site-packages/airflow/example_dags/example_branch_python_dop_operator_3.py took 0.050 seconds
[2026-02-25T15:45:42.884+0000] {processor.py:186} INFO - Started process (PID=2686) to work on /home/ubuntu/airflow-venv/lib/python3.12/site-packages/airflow/example_dags/example_branch_python_dop_operator_3.py
[2026-02-25T15:45:42.885+0000] {processor.py:914} INFO - Processing file /home/ubuntu/airflow-venv/lib/python3.12/site-packages/airflow/example_dags/example_branch_python_dop_operator_3.py for tasks to queue
[2026-02-25T15:45:42.886+0000] {logging_mixin.py:190} INFO - [2026-02-25T15:45:42.886+0000] {dagbag.py:588} INFO - Filling up the DagBag from /home/ubuntu/airflow-venv/lib/python3.12/site-packages/airflow/example_dags/example_branch_python_dop_operator_3.py
[2026-02-25T15:45:42.893+0000] {processor.py:925} INFO - DAG(s) 'example_branch_dop_operator_v3' retrieved from /home/ubuntu/airflow-venv/lib/python3.12/site-packages/airflow/example_dags/example_branch_python_dop_operator_3.py
[2026-02-25T15:45:42.902+0000] {logging_mixin.py:190} INFO - [2026-02-25T15:45:42.902+0000] {dag.py:3239} INFO - Sync 1 DAGs
[2026-02-25T15:45:42.915+0000] {logging_mixin.py:190} INFO - [2026-02-25T15:45:42.915+0000] {dag.py:4180} INFO - Setting next_dagrun for example_branch_dop_operator_v3 to 2026-02-25 15:44:00+00:00, run_after=2026-02-25 15:45:00+00:00
[2026-02-25T15:45:42.932+0000] {processor.py:208} INFO - Processing /home/ubuntu/airflow-venv/lib/python3.12/site-packages/airflow/example_dags/example_branch_python_dop_operator_3.py took 0.051 seconds
[2026-02-25T15:46:53.649+0000] {processor.py:186} INFO - Started process (PID=2760) to work on /home/ubuntu/airflow-venv/lib/python3.12/site-packages/airflow/example_dags/example_branch_python_dop_operator_3.py
[2026-02-25T15:46:53.650+0000] {processor.py:914} INFO - Processing file /home/ubuntu/airflow-venv/lib/python3.12/site-packages/airflow/example_dags/example_branch_python_dop_operator_3.py for tasks to queue
[2026-02-25T15:46:53.652+0000] {logging_mixin.py:190} INFO - [2026-02-25T15:46:53.651+0000] {dagbag.py:588} INFO - Filling up the DagBag from /home/ubuntu/airflow-venv/lib/python3.12/site-packages/airflow/example_dags/example_branch_python_dop_operator_3.py
[2026-02-25T15:46:53.658+0000] {processor.py:925} INFO - DAG(s) 'example_branch_dop_operator_v3' retrieved from /home/ubuntu/airflow-venv/lib/python3.12/site-packages/airflow/example_dags/example_branch_python_dop_operator_3.py
[2026-02-25T15:46:53.667+0000] {logging_mixin.py:190} INFO - [2026-02-25T15:46:53.667+0000] {dag.py:3239} INFO - Sync 1 DAGs
[2026-02-25T15:46:53.680+0000] {logging_mixin.py:190} INFO - [2026-02-25T15:46:53.680+0000] {dag.py:4180} INFO - Setting next_dagrun for example_branch_dop_operator_v3 to 2026-02-25 15:45:00+00:00, run_after=2026-02-25 15:46:00+00:00
[2026-02-25T15:46:53.697+0000] {processor.py:208} INFO - Processing /home/ubuntu/airflow-venv/lib/python3.12/site-packages/airflow/example_dags/example_branch_python_dop_operator_3.py took 0.051 seconds
[2026-02-25T15:48:10.651+0000] {processor.py:186} INFO - Started process (PID=2841) to work on /home/ubuntu/airflow-venv/lib/python3.12/site-packages/airflow/example_dags/example_branch_python_dop_operator_3.py
[2026-02-25T15:48:10.653+0000] {processor.py:914} INFO - Processing file /home/ubuntu/airflow-venv/lib/python3.12/site-packages/airflow/example_dags/example_branch_python_dop_operator_3.py for tasks to queue
[2026-02-25T15:48:10.654+0000] {logging_mixin.py:190} INFO - [2026-02-25T15:48:10.654+0000] {dagbag.py:588} INFO - Filling up the DagBag from /home/ubuntu/airflow-venv/lib/python3.12/site-packages/airflow/example_dags/example_branch_python_dop_operator_3.py
[2026-02-25T15:48:10.660+0000] {processor.py:925} INFO - DAG(s) 'example_branch_dop_operator_v3' retrieved from /home/ubuntu/airflow-venv/lib/python3.12/site-packages/airflow/example_dags/example_branch_python_dop_operator_3.py
[2026-02-25T15:48:10.669+0000] {logging_mixin.py:190} INFO - [2026-02-25T15:48:10.669+0000] {dag.py:3239} INFO - Sync 1 DAGs
[2026-02-25T15:48:10.682+0000] {logging_mixin.py:190} INFO - [2026-02-25T15:48:10.682+0000] {dag.py:4180} INFO - Setting next_dagrun for example_branch_dop_operator_v3 to 2026-02-25 15:47:00+00:00, run_after=2026-02-25 15:48:00+00:00
[2026-02-25T15:48:10.698+0000] {processor.py:208} INFO - Processing /home/ubuntu/airflow-venv/lib/python3.12/site-packages/airflow/example_dags/example_branch_python_dop_operator_3.py took 0.050 seconds
[2026-02-25T15:49:23.722+0000] {processor.py:186} INFO - Started process (PID=2922) to work on /home/ubuntu/airflow-venv/lib/python3.12/site-packages/airflow/example_dags/example_branch_python_dop_operator_3.py
[2026-02-25T15:49:23.723+0000] {processor.py:914} INFO - Processing file /home/ubuntu/airflow-venv/lib/python3.12/site-packages/airflow/example_dags/example_branch_python_dop_operator_3.py for tasks to queue
[2026-02-25T15:49:23.725+0000] {logging_mixin.py:190} INFO - [2026-02-25T15:49:23.725+0000] {dagbag.py:588} INFO - Filling up the DagBag from /home/ubuntu/airflow-venv/lib/python3.12/site-packages/airflow/example_dags/example_branch_python_dop_operator_3.py
[2026-02-25T15:49:23.731+0000] {processor.py:925} INFO - DAG(s) 'example_branch_dop_operator_v3' retrieved from /home/ubuntu/airflow-venv/lib/python3.12/site-packages/airflow/example_dags/example_branch_python_dop_operator_3.py
[2026-02-25T15:49:23.741+0000] {logging_mixin.py:190} INFO - [2026-02-25T15:49:23.741+0000] {dag.py:3239} INFO - Sync 1 DAGs
[2026-02-25T15:49:23.754+0000] {logging_mixin.py:190} INFO - [2026-02-25T15:49:23.754+0000] {dag.py:4180} INFO - Setting next_dagrun for example_branch_dop_operator_v3 to 2026-02-25 15:48:00+00:00, run_after=2026-02-25 15:49:00+00:00
[2026-02-25T15:49:23.771+0000] {processor.py:208} INFO - Processing /home/ubuntu/airflow-venv/lib/python3.12/site-packages/airflow/example_dags/example_branch_python_dop_operator_3.py took 0.052 seconds
[2026-02-25T15:50:41.669+0000] {processor.py:186} INFO - Started process (PID=3003) to work on /home/ubuntu/airflow-venv/lib/python3.12/site-packages/airflow/example_dags/example_branch_python_dop_operator_3.py
[2026-02-25T15:50:41.670+0000] {processor.py:914} INFO - Processing file /home/ubuntu/airflow-venv/lib/python3.12/site-packages/airflow/example_dags/example_branch_python_dop_operator_3.py for tasks to queue
[2026-02-25T15:50:41.671+0000] {logging_mixin.py:190} INFO - [2026-02-25T15:50:41.671+0000] {dagbag.py:588} INFO - Filling up the DagBag from /home/ubuntu/airflow-venv/lib/python3.12/site-packages/airflow/example_dags/example_branch_python_dop_operator_3.py
[2026-02-25T15:50:41.678+0000] {processor.py:925} INFO - DAG(s) 'example_branch_dop_operator_v3' retrieved from /home/ubuntu/airflow-venv/lib/python3.12/site-packages/airflow/example_dags/example_branch_python_dop_operator_3.py
[2026-02-25T15:50:41.687+0000] {logging_mixin.py:190} INFO - [2026-02-25T15:50:41.687+0000] {dag.py:3239} INFO - Sync 1 DAGs
[2026-02-25T15:50:41.700+0000] {logging_mixin.py:190} INFO - [2026-02-25T15:50:41.700+0000] {dag.py:4180} INFO - Setting next_dagrun for example_branch_dop_operator_v3 to 2026-02-25 15:49:00+00:00, run_after=2026-02-25 15:50:00+00:00
[2026-02-25T15:50:41.716+0000] {processor.py:208} INFO - Processing /home/ubuntu/airflow-venv/lib/python3.12/site-packages/airflow/example_dags/example_branch_python_dop_operator_3.py took 0.051 seconds
[2026-02-25T15:51:35.812+0000] {processor.py:186} INFO - Started process (PID=3060) to work on /home/ubuntu/airflow-venv/lib/python3.12/site-packages/airflow/example_dags/example_branch_python_dop_operator_3.py
[2026-02-25T15:51:35.813+0000] {processor.py:914} INFO - Processing file /home/ubuntu/airflow-venv/lib/python3.12/site-packages/airflow/example_dags/example_branch_python_dop_operator_3.py for tasks to queue
[2026-02-25T15:51:35.814+0000] {logging_mixin.py:190} INFO - [2026-02-25T15:51:35.814+0000] {dagbag.py:588} INFO - Filling up the DagBag from /home/ubuntu/airflow-venv/lib/python3.12/site-packages/airflow/example_dags/example_branch_python_dop_operator_3.py
[2026-02-25T15:51:35.821+0000] {processor.py:925} INFO - DAG(s) 'example_branch_dop_operator_v3' retrieved from /home/ubuntu/airflow-venv/lib/python3.12/site-packages/airflow/example_dags/example_branch_python_dop_operator_3.py
[2026-02-25T15:51:35.830+0000] {logging_mixin.py:190} INFO - [2026-02-25T15:51:35.830+0000] {dag.py:3239} INFO - Sync 1 DAGs
[2026-02-25T15:51:35.844+0000] {logging_mixin.py:190} INFO - [2026-02-25T15:51:35.843+0000] {dag.py:4180} INFO - Setting next_dagrun for example_branch_dop_operator_v3 to 2026-02-25 15:50:00+00:00, run_after=2026-02-25 15:51:00+00:00
[2026-02-25T15:51:35.860+0000] {processor.py:208} INFO - Processing /home/ubuntu/airflow-venv/lib/python3.12/site-packages/airflow/example_dags/example_branch_python_dop_operator_3.py took 0.052 seconds
[2026-02-25T15:52:51.093+0000] {processor.py:186} INFO - Started process (PID=3140) to work on /home/ubuntu/airflow-venv/lib/python3.12/site-packages/airflow/example_dags/example_branch_python_dop_operator_3.py
[2026-02-25T15:52:51.094+0000] {processor.py:914} INFO - Processing file /home/ubuntu/airflow-venv/lib/python3.12/site-packages/airflow/example_dags/example_branch_python_dop_operator_3.py for tasks to queue
[2026-02-25T15:52:51.096+0000] {logging_mixin.py:190} INFO - [2026-02-25T15:52:51.095+0000] {dagbag.py:588} INFO - Filling up the DagBag from /home/ubuntu/airflow-venv/lib/python3.12/site-packages/airflow/example_dags/example_branch_python_dop_operator_3.py
[2026-02-25T15:52:51.102+0000] {processor.py:925} INFO - DAG(s) 'example_branch_dop_operator_v3' retrieved from /home/ubuntu/airflow-venv/lib/python3.12/site-packages/airflow/example_dags/example_branch_python_dop_operator_3.py
[2026-02-25T15:52:51.111+0000] {logging_mixin.py:190} INFO - [2026-02-25T15:52:51.111+0000] {dag.py:3239} INFO - Sync 1 DAGs
[2026-02-25T15:52:51.125+0000] {logging_mixin.py:190} INFO - [2026-02-25T15:52:51.125+0000] {dag.py:4180} INFO - Setting next_dagrun for example_branch_dop_operator_v3 to 2026-02-25 15:51:00+00:00, run_after=2026-02-25 15:52:00+00:00
[2026-02-25T15:52:51.142+0000] {processor.py:208} INFO - Processing /home/ubuntu/airflow-venv/lib/python3.12/site-packages/airflow/example_dags/example_branch_python_dop_operator_3.py took 0.052 seconds
[2026-02-25T15:54:03.572+0000] {processor.py:186} INFO - Started process (PID=3233) to work on /home/ubuntu/airflow-venv/lib/python3.12/site-packages/airflow/example_dags/example_branch_python_dop_operator_3.py
[2026-02-25T15:54:03.573+0000] {processor.py:914} INFO - Processing file /home/ubuntu/airflow-venv/lib/python3.12/site-packages/airflow/example_dags/example_branch_python_dop_operator_3.py for tasks to queue
[2026-02-25T15:54:03.574+0000] {logging_mixin.py:190} INFO - [2026-02-25T15:54:03.574+0000] {dagbag.py:588} INFO - Filling up the DagBag from /home/ubuntu/airflow-venv/lib/python3.12/site-packages/airflow/example_dags/example_branch_python_dop_operator_3.py
[2026-02-25T15:54:03.581+0000] {processor.py:925} INFO - DAG(s) 'example_branch_dop_operator_v3' retrieved from /home/ubuntu/airflow-venv/lib/python3.12/site-packages/airflow/example_dags/example_branch_python_dop_operator_3.py
[2026-02-25T15:54:03.590+0000] {logging_mixin.py:190} INFO - [2026-02-25T15:54:03.590+0000] {dag.py:3239} INFO - Sync 1 DAGs
[2026-02-25T15:54:03.603+0000] {logging_mixin.py:190} INFO - [2026-02-25T15:54:03.603+0000] {dag.py:4180} INFO - Setting next_dagrun for example_branch_dop_operator_v3 to 2026-02-25 15:53:00+00:00, run_after=2026-02-25 15:54:00+00:00
[2026-02-25T15:54:03.619+0000] {processor.py:208} INFO - Processing /home/ubuntu/airflow-venv/lib/python3.12/site-packages/airflow/example_dags/example_branch_python_dop_operator_3.py took 0.050 seconds
[2026-02-25T15:55:18.863+0000] {processor.py:186} INFO - Started process (PID=3316) to work on /home/ubuntu/airflow-venv/lib/python3.12/site-packages/airflow/example_dags/example_branch_python_dop_operator_3.py
[2026-02-25T15:55:18.865+0000] {processor.py:914} INFO - Processing file /home/ubuntu/airflow-venv/lib/python3.12/site-packages/airflow/example_dags/example_branch_python_dop_operator_3.py for tasks to queue
[2026-02-25T15:55:18.866+0000] {logging_mixin.py:190} INFO - [2026-02-25T15:55:18.866+0000] {dagbag.py:588} INFO - Filling up the DagBag from /home/ubuntu/airflow-venv/lib/python3.12/site-packages/airflow/example_dags/example_branch_python_dop_operator_3.py
[2026-02-25T15:55:18.873+0000] {processor.py:925} INFO - DAG(s) 'example_branch_dop_operator_v3' retrieved from /home/ubuntu/airflow-venv/lib/python3.12/site-packages/airflow/example_dags/example_branch_python_dop_operator_3.py
[2026-02-25T15:55:18.882+0000] {logging_mixin.py:190} INFO - [2026-02-25T15:55:18.882+0000] {dag.py:3239} INFO - Sync 1 DAGs
[2026-02-25T15:55:18.895+0000] {logging_mixin.py:190} INFO - [2026-02-25T15:55:18.895+0000] {dag.py:4180} INFO - Setting next_dagrun for example_branch_dop_operator_v3 to 2026-02-25 15:54:00+00:00, run_after=2026-02-25 15:55:00+00:00
[2026-02-25T15:55:18.912+0000] {processor.py:208} INFO - Processing /home/ubuntu/airflow-venv/lib/python3.12/site-packages/airflow/example_dags/example_branch_python_dop_operator_3.py took 0.052 seconds
[2026-02-25T15:56:33.684+0000] {processor.py:186} INFO - Started process (PID=3400) to work on /home/ubuntu/airflow-venv/lib/python3.12/site-packages/airflow/example_dags/example_branch_python_dop_operator_3.py
[2026-02-25T15:56:33.686+0000] {processor.py:914} INFO - Processing file /home/ubuntu/airflow-venv/lib/python3.12/site-packages/airflow/example_dags/example_branch_python_dop_operator_3.py for tasks to queue
[2026-02-25T15:56:33.687+0000] {logging_mixin.py:190} INFO - [2026-02-25T15:56:33.687+0000] {dagbag.py:588} INFO - Filling up the DagBag from /home/ubuntu/airflow-venv/lib/python3.12/site-packages/airflow/example_dags/example_branch_python_dop_operator_3.py
[2026-02-25T15:56:33.693+0000] {processor.py:925} INFO - DAG(s) 'example_branch_dop_operator_v3' retrieved from /home/ubuntu/airflow-venv/lib/python3.12/site-packages/airflow/example_dags/example_branch_python_dop_operator_3.py
[2026-02-25T15:56:33.703+0000] {logging_mixin.py:190} INFO - [2026-02-25T15:56:33.703+0000] {dag.py:3239} INFO - Sync 1 DAGs
[2026-02-25T15:56:33.725+0000] {logging_mixin.py:190} INFO - [2026-02-25T15:56:33.725+0000] {dag.py:4180} INFO - Setting next_dagrun for example_branch_dop_operator_v3 to 2026-02-25 15:55:00+00:00, run_after=2026-02-25 15:56:00+00:00
[2026-02-25T15:56:33.775+0000] {processor.py:208} INFO - Processing /home/ubuntu/airflow-venv/lib/python3.12/site-packages/airflow/example_dags/example_branch_python_dop_operator_3.py took 0.095 seconds
[2026-02-25T15:57:49.008+0000] {processor.py:186} INFO - Started process (PID=3485) to work on /home/ubuntu/airflow-venv/lib/python3.12/site-packages/airflow/example_dags/example_branch_python_dop_operator_3.py
[2026-02-25T15:57:49.010+0000] {processor.py:914} INFO - Processing file /home/ubuntu/airflow-venv/lib/python3.12/site-packages/airflow/example_dags/example_branch_python_dop_operator_3.py for tasks to queue
[2026-02-25T15:57:49.011+0000] {logging_mixin.py:190} INFO - [2026-02-25T15:57:49.011+0000] {dagbag.py:588} INFO - Filling up the DagBag from /home/ubuntu/airflow-venv/lib/python3.12/site-packages/airflow/example_dags/example_branch_python_dop_operator_3.py
[2026-02-25T15:57:49.017+0000] {processor.py:925} INFO - DAG(s) 'example_branch_dop_operator_v3' retrieved from /home/ubuntu/airflow-venv/lib/python3.12/site-packages/airflow/example_dags/example_branch_python_dop_operator_3.py
[2026-02-25T15:57:49.027+0000] {logging_mixin.py:190} INFO - [2026-02-25T15:57:49.027+0000] {dag.py:3239} INFO - Sync 1 DAGs
[2026-02-25T15:57:49.041+0000] {logging_mixin.py:190} INFO - [2026-02-25T15:57:49.040+0000] {dag.py:4180} INFO - Setting next_dagrun for example_branch_dop_operator_v3 to 2026-02-25 15:56:00+00:00, run_after=2026-02-25 15:57:00+00:00
[2026-02-25T15:57:49.057+0000] {processor.py:208} INFO - Processing /home/ubuntu/airflow-venv/lib/python3.12/site-packages/airflow/example_dags/example_branch_python_dop_operator_3.py took 0.052 seconds
[2026-02-25T15:59:03.468+0000] {processor.py:186} INFO - Started process (PID=3568) to work on /home/ubuntu/airflow-venv/lib/python3.12/site-packages/airflow/example_dags/example_branch_python_dop_operator_3.py
[2026-02-25T15:59:03.469+0000] {processor.py:914} INFO - Processing file /home/ubuntu/airflow-venv/lib/python3.12/site-packages/airflow/example_dags/example_branch_python_dop_operator_3.py for tasks to queue
[2026-02-25T15:59:03.470+0000] {logging_mixin.py:190} INFO - [2026-02-25T15:59:03.470+0000] {dagbag.py:588} INFO - Filling up the DagBag from /home/ubuntu/airflow-venv/lib/python3.12/site-packages/airflow/example_dags/example_branch_python_dop_operator_3.py
[2026-02-25T15:59:03.477+0000] {processor.py:925} INFO - DAG(s) 'example_branch_dop_operator_v3' retrieved from /home/ubuntu/airflow-venv/lib/python3.12/site-packages/airflow/example_dags/example_branch_python_dop_operator_3.py
[2026-02-25T15:59:03.486+0000] {logging_mixin.py:190} INFO - [2026-02-25T15:59:03.486+0000] {dag.py:3239} INFO - Sync 1 DAGs
[2026-02-25T15:59:03.500+0000] {logging_mixin.py:190} INFO - [2026-02-25T15:59:03.500+0000] {dag.py:4180} INFO - Setting next_dagrun for example_branch_dop_operator_v3 to 2026-02-25 15:58:00+00:00, run_after=2026-02-25 15:59:00+00:00
[2026-02-25T15:59:03.518+0000] {processor.py:208} INFO - Processing /home/ubuntu/airflow-venv/lib/python3.12/site-packages/airflow/example_dags/example_branch_python_dop_operator_3.py took 0.053 seconds
[2026-02-25T16:00:14.359+0000] {processor.py:186} INFO - Started process (PID=3647) to work on /home/ubuntu/airflow-venv/lib/python3.12/site-packages/airflow/example_dags/example_branch_python_dop_operator_3.py
[2026-02-25T16:00:14.360+0000] {processor.py:914} INFO - Processing file /home/ubuntu/airflow-venv/lib/python3.12/site-packages/airflow/example_dags/example_branch_python_dop_operator_3.py for tasks to queue
[2026-02-25T16:00:14.362+0000] {logging_mixin.py:190} INFO - [2026-02-25T16:00:14.361+0000] {dagbag.py:588} INFO - Filling up the DagBag from /home/ubuntu/airflow-venv/lib/python3.12/site-packages/airflow/example_dags/example_branch_python_dop_operator_3.py
[2026-02-25T16:00:14.368+0000] {processor.py:925} INFO - DAG(s) 'example_branch_dop_operator_v3' retrieved from /home/ubuntu/airflow-venv/lib/python3.12/site-packages/airflow/example_dags/example_branch_python_dop_operator_3.py
[2026-02-25T16:00:14.378+0000] {logging_mixin.py:190} INFO - [2026-02-25T16:00:14.378+0000] {dag.py:3239} INFO - Sync 1 DAGs
[2026-02-25T16:00:14.391+0000] {logging_mixin.py:190} INFO - [2026-02-25T16:00:14.391+0000] {dag.py:4180} INFO - Setting next_dagrun for example_branch_dop_operator_v3 to 2026-02-25 15:59:00+00:00, run_after=2026-02-25 16:00:00+00:00
[2026-02-25T16:00:14.408+0000] {processor.py:208} INFO - Processing /home/ubuntu/airflow-venv/lib/python3.12/site-packages/airflow/example_dags/example_branch_python_dop_operator_3.py took 0.054 seconds
[2026-02-25T16:01:29.063+0000] {processor.py:186} INFO - Started process (PID=3725) to work on /home/ubuntu/airflow-venv/lib/python3.12/site-packages/airflow/example_dags/example_branch_python_dop_operator_3.py
[2026-02-25T16:01:29.065+0000] {processor.py:914} INFO - Processing file /home/ubuntu/airflow-venv/lib/python3.12/site-packages/airflow/example_dags/example_branch_python_dop_operator_3.py for tasks to queue
[2026-02-25T16:01:29.066+0000] {logging_mixin.py:190} INFO - [2026-02-25T16:01:29.066+0000] {dagbag.py:588} INFO - Filling up the DagBag from /home/ubuntu/airflow-venv/lib/python3.12/site-packages/airflow/example_dags/example_branch_python_dop_operator_3.py
[2026-02-25T16:01:29.073+0000] {processor.py:925} INFO - DAG(s) 'example_branch_dop_operator_v3' retrieved from /home/ubuntu/airflow-venv/lib/python3.12/site-packages/airflow/example_dags/example_branch_python_dop_operator_3.py
[2026-02-25T16:01:29.083+0000] {logging_mixin.py:190} INFO - [2026-02-25T16:01:29.083+0000] {dag.py:3239} INFO - Sync 1 DAGs
[2026-02-25T16:01:29.097+0000] {logging_mixin.py:190} INFO - [2026-02-25T16:01:29.096+0000] {dag.py:4180} INFO - Setting next_dagrun for example_branch_dop_operator_v3 to 2026-02-25 16:00:00+00:00, run_after=2026-02-25 16:01:00+00:00
[2026-02-25T16:01:29.113+0000] {processor.py:208} INFO - Processing /home/ubuntu/airflow-venv/lib/python3.12/site-packages/airflow/example_dags/example_branch_python_dop_operator_3.py took 0.054 seconds
[2026-02-25T17:24:57.821+0000] {processor.py:186} INFO - Started process (PID=2608) to work on /home/ubuntu/airflow-venv/lib/python3.12/site-packages/airflow/example_dags/example_branch_python_dop_operator_3.py
[2026-02-25T17:24:57.824+0000] {processor.py:914} INFO - Processing file /home/ubuntu/airflow-venv/lib/python3.12/site-packages/airflow/example_dags/example_branch_python_dop_operator_3.py for tasks to queue
[2026-02-25T17:24:57.825+0000] {logging_mixin.py:190} INFO - [2026-02-25T17:24:57.825+0000] {dagbag.py:588} INFO - Filling up the DagBag from /home/ubuntu/airflow-venv/lib/python3.12/site-packages/airflow/example_dags/example_branch_python_dop_operator_3.py
[2026-02-25T17:24:57.831+0000] {processor.py:925} INFO - DAG(s) 'example_branch_dop_operator_v3' retrieved from /home/ubuntu/airflow-venv/lib/python3.12/site-packages/airflow/example_dags/example_branch_python_dop_operator_3.py
[2026-02-25T17:24:57.841+0000] {logging_mixin.py:190} INFO - [2026-02-25T17:24:57.841+0000] {dag.py:3239} INFO - Sync 1 DAGs
[2026-02-25T17:24:57.855+0000] {logging_mixin.py:190} INFO - [2026-02-25T17:24:57.854+0000] {dag.py:4180} INFO - Setting next_dagrun for example_branch_dop_operator_v3 to 2026-02-25 17:23:00+00:00, run_after=2026-02-25 17:24:00+00:00
[2026-02-25T17:24:57.871+0000] {processor.py:208} INFO - Processing /home/ubuntu/airflow-venv/lib/python3.12/site-packages/airflow/example_dags/example_branch_python_dop_operator_3.py took 0.053 seconds
[2026-02-25T17:25:52.128+0000] {processor.py:186} INFO - Started process (PID=2668) to work on /home/ubuntu/airflow-venv/lib/python3.12/site-packages/airflow/example_dags/example_branch_python_dop_operator_3.py
[2026-02-25T17:25:52.129+0000] {processor.py:914} INFO - Processing file /home/ubuntu/airflow-venv/lib/python3.12/site-packages/airflow/example_dags/example_branch_python_dop_operator_3.py for tasks to queue
[2026-02-25T17:25:52.131+0000] {logging_mixin.py:190} INFO - [2026-02-25T17:25:52.130+0000] {dagbag.py:588} INFO - Filling up the DagBag from /home/ubuntu/airflow-venv/lib/python3.12/site-packages/airflow/example_dags/example_branch_python_dop_operator_3.py
[2026-02-25T17:25:52.137+0000] {processor.py:925} INFO - DAG(s) 'example_branch_dop_operator_v3' retrieved from /home/ubuntu/airflow-venv/lib/python3.12/site-packages/airflow/example_dags/example_branch_python_dop_operator_3.py
[2026-02-25T17:25:52.146+0000] {logging_mixin.py:190} INFO - [2026-02-25T17:25:52.146+0000] {dag.py:3239} INFO - Sync 1 DAGs
[2026-02-25T17:25:52.160+0000] {logging_mixin.py:190} INFO - [2026-02-25T17:25:52.159+0000] {dag.py:4180} INFO - Setting next_dagrun for example_branch_dop_operator_v3 to 2026-02-25 17:24:00+00:00, run_after=2026-02-25 17:25:00+00:00
[2026-02-25T17:25:52.175+0000] {processor.py:208} INFO - Processing /home/ubuntu/airflow-venv/lib/python3.12/site-packages/airflow/example_dags/example_branch_python_dop_operator_3.py took 0.050 seconds
[2026-02-25T17:27:04.611+0000] {processor.py:186} INFO - Started process (PID=2745) to work on /home/ubuntu/airflow-venv/lib/python3.12/site-packages/airflow/example_dags/example_branch_python_dop_operator_3.py
[2026-02-25T17:27:04.612+0000] {processor.py:914} INFO - Processing file /home/ubuntu/airflow-venv/lib/python3.12/site-packages/airflow/example_dags/example_branch_python_dop_operator_3.py for tasks to queue
[2026-02-25T17:27:04.613+0000] {logging_mixin.py:190} INFO - [2026-02-25T17:27:04.613+0000] {dagbag.py:588} INFO - Filling up the DagBag from /home/ubuntu/airflow-venv/lib/python3.12/site-packages/airflow/example_dags/example_branch_python_dop_operator_3.py
[2026-02-25T17:27:04.619+0000] {processor.py:925} INFO - DAG(s) 'example_branch_dop_operator_v3' retrieved from /home/ubuntu/airflow-venv/lib/python3.12/site-packages/airflow/example_dags/example_branch_python_dop_operator_3.py
[2026-02-25T17:27:04.629+0000] {logging_mixin.py:190} INFO - [2026-02-25T17:27:04.628+0000] {dag.py:3239} INFO - Sync 1 DAGs
[2026-02-25T17:27:04.642+0000] {logging_mixin.py:190} INFO - [2026-02-25T17:27:04.642+0000] {dag.py:4180} INFO - Setting next_dagrun for example_branch_dop_operator_v3 to 2026-02-25 17:26:00+00:00, run_after=2026-02-25 17:27:00+00:00
[2026-02-25T17:27:04.658+0000] {processor.py:208} INFO - Processing /home/ubuntu/airflow-venv/lib/python3.12/site-packages/airflow/example_dags/example_branch_python_dop_operator_3.py took 0.051 seconds
[2026-02-25T17:28:19.817+0000] {processor.py:186} INFO - Started process (PID=2828) to work on /home/ubuntu/airflow-venv/lib/python3.12/site-packages/airflow/example_dags/example_branch_python_dop_operator_3.py
[2026-02-25T17:28:19.819+0000] {processor.py:914} INFO - Processing file /home/ubuntu/airflow-venv/lib/python3.12/site-packages/airflow/example_dags/example_branch_python_dop_operator_3.py for tasks to queue
[2026-02-25T17:28:19.820+0000] {logging_mixin.py:190} INFO - [2026-02-25T17:28:19.820+0000] {dagbag.py:588} INFO - Filling up the DagBag from /home/ubuntu/airflow-venv/lib/python3.12/site-packages/airflow/example_dags/example_branch_python_dop_operator_3.py
[2026-02-25T17:28:19.826+0000] {processor.py:925} INFO - DAG(s) 'example_branch_dop_operator_v3' retrieved from /home/ubuntu/airflow-venv/lib/python3.12/site-packages/airflow/example_dags/example_branch_python_dop_operator_3.py
[2026-02-25T17:28:19.835+0000] {logging_mixin.py:190} INFO - [2026-02-25T17:28:19.835+0000] {dag.py:3239} INFO - Sync 1 DAGs
[2026-02-25T17:28:19.848+0000] {logging_mixin.py:190} INFO - [2026-02-25T17:28:19.848+0000] {dag.py:4180} INFO - Setting next_dagrun for example_branch_dop_operator_v3 to 2026-02-25 17:27:00+00:00, run_after=2026-02-25 17:28:00+00:00
[2026-02-25T17:28:19.864+0000] {processor.py:208} INFO - Processing /home/ubuntu/airflow-venv/lib/python3.12/site-packages/airflow/example_dags/example_branch_python_dop_operator_3.py took 0.050 seconds
[2026-02-25T17:29:14.854+0000] {processor.py:186} INFO - Started process (PID=2890) to work on /home/ubuntu/airflow-venv/lib/python3.12/site-packages/airflow/example_dags/example_branch_python_dop_operator_3.py
[2026-02-25T17:29:14.856+0000] {processor.py:914} INFO - Processing file /home/ubuntu/airflow-venv/lib/python3.12/site-packages/airflow/example_dags/example_branch_python_dop_operator_3.py for tasks to queue
[2026-02-25T17:29:14.857+0000] {logging_mixin.py:190} INFO - [2026-02-25T17:29:14.857+0000] {dagbag.py:588} INFO - Filling up the DagBag from /home/ubuntu/airflow-venv/lib/python3.12/site-packages/airflow/example_dags/example_branch_python_dop_operator_3.py
[2026-02-25T17:29:14.863+0000] {processor.py:925} INFO - DAG(s) 'example_branch_dop_operator_v3' retrieved from /home/ubuntu/airflow-venv/lib/python3.12/site-packages/airflow/example_dags/example_branch_python_dop_operator_3.py
[2026-02-25T17:29:14.872+0000] {logging_mixin.py:190} INFO - [2026-02-25T17:29:14.872+0000] {dag.py:3239} INFO - Sync 1 DAGs
[2026-02-25T17:29:14.884+0000] {logging_mixin.py:190} INFO - [2026-02-25T17:29:14.884+0000] {dag.py:4180} INFO - Setting next_dagrun for example_branch_dop_operator_v3 to 2026-02-25 17:28:00+00:00, run_after=2026-02-25 17:29:00+00:00
[2026-02-25T17:29:14.901+0000] {processor.py:208} INFO - Processing /home/ubuntu/airflow-venv/lib/python3.12/site-packages/airflow/example_dags/example_branch_python_dop_operator_3.py took 0.050 seconds
[2026-02-25T17:30:35.595+0000] {processor.py:186} INFO - Started process (PID=2985) to work on /home/ubuntu/airflow-venv/lib/python3.12/site-packages/airflow/example_dags/example_branch_python_dop_operator_3.py
[2026-02-25T17:30:35.597+0000] {processor.py:914} INFO - Processing file /home/ubuntu/airflow-venv/lib/python3.12/site-packages/airflow/example_dags/example_branch_python_dop_operator_3.py for tasks to queue
[2026-02-25T17:30:35.598+0000] {logging_mixin.py:190} INFO - [2026-02-25T17:30:35.598+0000] {dagbag.py:588} INFO - Filling up the DagBag from /home/ubuntu/airflow-venv/lib/python3.12/site-packages/airflow/example_dags/example_branch_python_dop_operator_3.py
[2026-02-25T17:30:35.681+0000] {processor.py:925} INFO - DAG(s) 'example_branch_dop_operator_v3' retrieved from /home/ubuntu/airflow-venv/lib/python3.12/site-packages/airflow/example_dags/example_branch_python_dop_operator_3.py
[2026-02-25T17:30:35.688+0000] {logging_mixin.py:190} INFO - [2026-02-25T17:30:35.687+0000] {dag.py:3239} INFO - Sync 1 DAGs
[2026-02-25T17:30:35.699+0000] {logging_mixin.py:190} INFO - [2026-02-25T17:30:35.698+0000] {dag.py:4180} INFO - Setting next_dagrun for example_branch_dop_operator_v3 to 2026-02-25 17:29:00+00:00, run_after=2026-02-25 17:30:00+00:00
[2026-02-25T17:30:35.714+0000] {processor.py:208} INFO - Processing /home/ubuntu/airflow-venv/lib/python3.12/site-packages/airflow/example_dags/example_branch_python_dop_operator_3.py took 0.122 seconds
[2026-02-25T17:31:36.924+0000] {processor.py:186} INFO - Started process (PID=3053) to work on /home/ubuntu/airflow-venv/lib/python3.12/site-packages/airflow/example_dags/example_branch_python_dop_operator_3.py
[2026-02-25T17:31:36.925+0000] {processor.py:914} INFO - Processing file /home/ubuntu/airflow-venv/lib/python3.12/site-packages/airflow/example_dags/example_branch_python_dop_operator_3.py for tasks to queue
[2026-02-25T17:31:36.926+0000] {logging_mixin.py:190} INFO - [2026-02-25T17:31:36.926+0000] {dagbag.py:588} INFO - Filling up the DagBag from /home/ubuntu/airflow-venv/lib/python3.12/site-packages/airflow/example_dags/example_branch_python_dop_operator_3.py
[2026-02-25T17:31:36.933+0000] {processor.py:925} INFO - DAG(s) 'example_branch_dop_operator_v3' retrieved from /home/ubuntu/airflow-venv/lib/python3.12/site-packages/airflow/example_dags/example_branch_python_dop_operator_3.py
[2026-02-25T17:31:36.942+0000] {logging_mixin.py:190} INFO - [2026-02-25T17:31:36.942+0000] {dag.py:3239} INFO - Sync 1 DAGs
[2026-02-25T17:31:36.956+0000] {logging_mixin.py:190} INFO - [2026-02-25T17:31:36.955+0000] {dag.py:4180} INFO - Setting next_dagrun for example_branch_dop_operator_v3 to 2026-02-25 17:30:00+00:00, run_after=2026-02-25 17:31:00+00:00
[2026-02-25T17:31:36.972+0000] {processor.py:208} INFO - Processing /home/ubuntu/airflow-venv/lib/python3.12/site-packages/airflow/example_dags/example_branch_python_dop_operator_3.py took 0.052 seconds
[2026-02-25T17:32:48.780+0000] {processor.py:186} INFO - Started process (PID=3129) to work on /home/ubuntu/airflow-venv/lib/python3.12/site-packages/airflow/example_dags/example_branch_python_dop_operator_3.py
[2026-02-25T17:32:48.781+0000] {processor.py:914} INFO - Processing file /home/ubuntu/airflow-venv/lib/python3.12/site-packages/airflow/example_dags/example_branch_python_dop_operator_3.py for tasks to queue
[2026-02-25T17:32:48.782+0000] {logging_mixin.py:190} INFO - [2026-02-25T17:32:48.782+0000] {dagbag.py:588} INFO - Filling up the DagBag from /home/ubuntu/airflow-venv/lib/python3.12/site-packages/airflow/example_dags/example_branch_python_dop_operator_3.py
[2026-02-25T17:32:48.788+0000] {processor.py:925} INFO - DAG(s) 'example_branch_dop_operator_v3' retrieved from /home/ubuntu/airflow-venv/lib/python3.12/site-packages/airflow/example_dags/example_branch_python_dop_operator_3.py
[2026-02-25T17:32:48.798+0000] {logging_mixin.py:190} INFO - [2026-02-25T17:32:48.798+0000] {dag.py:3239} INFO - Sync 1 DAGs
[2026-02-25T17:32:48.811+0000] {logging_mixin.py:190} INFO - [2026-02-25T17:32:48.811+0000] {dag.py:4180} INFO - Setting next_dagrun for example_branch_dop_operator_v3 to 2026-02-25 17:31:00+00:00, run_after=2026-02-25 17:32:00+00:00
[2026-02-25T17:32:48.828+0000] {processor.py:208} INFO - Processing /home/ubuntu/airflow-venv/lib/python3.12/site-packages/airflow/example_dags/example_branch_python_dop_operator_3.py took 0.051 seconds
[2026-02-25T17:34:04.806+0000] {processor.py:186} INFO - Started process (PID=3212) to work on /home/ubuntu/airflow-venv/lib/python3.12/site-packages/airflow/example_dags/example_branch_python_dop_operator_3.py
[2026-02-25T17:34:04.808+0000] {processor.py:914} INFO - Processing file /home/ubuntu/airflow-venv/lib/python3.12/site-packages/airflow/example_dags/example_branch_python_dop_operator_3.py for tasks to queue
[2026-02-25T17:34:04.809+0000] {logging_mixin.py:190} INFO - [2026-02-25T17:34:04.809+0000] {dagbag.py:588} INFO - Filling up the DagBag from /home/ubuntu/airflow-venv/lib/python3.12/site-packages/airflow/example_dags/example_branch_python_dop_operator_3.py
[2026-02-25T17:34:04.816+0000] {processor.py:925} INFO - DAG(s) 'example_branch_dop_operator_v3' retrieved from /home/ubuntu/airflow-venv/lib/python3.12/site-packages/airflow/example_dags/example_branch_python_dop_operator_3.py
[2026-02-25T17:34:04.825+0000] {logging_mixin.py:190} INFO - [2026-02-25T17:34:04.825+0000] {dag.py:3239} INFO - Sync 1 DAGs
[2026-02-25T17:34:04.839+0000] {logging_mixin.py:190} INFO - [2026-02-25T17:34:04.839+0000] {dag.py:4180} INFO - Setting next_dagrun for example_branch_dop_operator_v3 to 2026-02-25 17:33:00+00:00, run_after=2026-02-25 17:34:00+00:00
[2026-02-25T17:34:04.856+0000] {processor.py:208} INFO - Processing /home/ubuntu/airflow-venv/lib/python3.12/site-packages/airflow/example_dags/example_branch_python_dop_operator_3.py took 0.053 seconds
