[2026-02-25T04:53:57.184+0000] {processor.py:186} INFO - Started process (PID=2116) to work on /home/ubuntu/airflow-venv/lib/python3.12/site-packages/airflow/example_dags/example_trigger_controller_dag.py
[2026-02-25T04:53:57.185+0000] {processor.py:914} INFO - Processing file /home/ubuntu/airflow-venv/lib/python3.12/site-packages/airflow/example_dags/example_trigger_controller_dag.py for tasks to queue
[2026-02-25T04:53:57.186+0000] {logging_mixin.py:190} INFO - [2026-02-25T04:53:57.186+0000] {dagbag.py:588} INFO - Filling up the DagBag from /home/ubuntu/airflow-venv/lib/python3.12/site-packages/airflow/example_dags/example_trigger_controller_dag.py
[2026-02-25T04:53:57.190+0000] {processor.py:925} INFO - DAG(s) 'example_trigger_controller_dag' retrieved from /home/ubuntu/airflow-venv/lib/python3.12/site-packages/airflow/example_dags/example_trigger_controller_dag.py
[2026-02-25T04:53:57.200+0000] {logging_mixin.py:190} INFO - [2026-02-25T04:53:57.200+0000] {dag.py:3239} INFO - Sync 1 DAGs
[2026-02-25T04:53:57.212+0000] {logging_mixin.py:190} INFO - [2026-02-25T04:53:57.212+0000] {dag.py:4180} INFO - Setting next_dagrun for example_trigger_controller_dag to 2021-01-01 00:00:00+00:00, run_after=2021-01-01 00:00:00+00:00
[2026-02-25T04:53:57.228+0000] {processor.py:208} INFO - Processing /home/ubuntu/airflow-venv/lib/python3.12/site-packages/airflow/example_dags/example_trigger_controller_dag.py took 0.047 seconds
[2026-02-25T04:54:52.581+0000] {processor.py:186} INFO - Started process (PID=2599) to work on /home/ubuntu/airflow-venv/lib/python3.12/site-packages/airflow/example_dags/example_trigger_controller_dag.py
[2026-02-25T04:54:52.583+0000] {processor.py:914} INFO - Processing file /home/ubuntu/airflow-venv/lib/python3.12/site-packages/airflow/example_dags/example_trigger_controller_dag.py for tasks to queue
[2026-02-25T04:54:52.584+0000] {logging_mixin.py:190} INFO - [2026-02-25T04:54:52.583+0000] {dagbag.py:588} INFO - Filling up the DagBag from /home/ubuntu/airflow-venv/lib/python3.12/site-packages/airflow/example_dags/example_trigger_controller_dag.py
[2026-02-25T04:54:52.588+0000] {processor.py:925} INFO - DAG(s) 'example_trigger_controller_dag' retrieved from /home/ubuntu/airflow-venv/lib/python3.12/site-packages/airflow/example_dags/example_trigger_controller_dag.py
[2026-02-25T04:54:52.597+0000] {logging_mixin.py:190} INFO - [2026-02-25T04:54:52.596+0000] {dag.py:3239} INFO - Sync 1 DAGs
[2026-02-25T04:54:52.608+0000] {logging_mixin.py:190} INFO - [2026-02-25T04:54:52.608+0000] {dag.py:4180} INFO - Setting next_dagrun for example_trigger_controller_dag to 2021-01-01 00:00:00+00:00, run_after=2021-01-01 00:00:00+00:00
[2026-02-25T04:54:52.623+0000] {processor.py:208} INFO - Processing /home/ubuntu/airflow-venv/lib/python3.12/site-packages/airflow/example_dags/example_trigger_controller_dag.py took 0.045 seconds
[2026-02-25T04:55:42.649+0000] {processor.py:186} INFO - Started process (PID=2663) to work on /home/ubuntu/airflow-venv/lib/python3.12/site-packages/airflow/example_dags/example_trigger_controller_dag.py
[2026-02-25T04:55:42.650+0000] {processor.py:914} INFO - Processing file /home/ubuntu/airflow-venv/lib/python3.12/site-packages/airflow/example_dags/example_trigger_controller_dag.py for tasks to queue
[2026-02-25T04:55:42.652+0000] {logging_mixin.py:190} INFO - [2026-02-25T04:55:42.652+0000] {dagbag.py:588} INFO - Filling up the DagBag from /home/ubuntu/airflow-venv/lib/python3.12/site-packages/airflow/example_dags/example_trigger_controller_dag.py
[2026-02-25T04:55:42.656+0000] {processor.py:925} INFO - DAG(s) 'example_trigger_controller_dag' retrieved from /home/ubuntu/airflow-venv/lib/python3.12/site-packages/airflow/example_dags/example_trigger_controller_dag.py
[2026-02-25T04:55:42.665+0000] {logging_mixin.py:190} INFO - [2026-02-25T04:55:42.665+0000] {dag.py:3239} INFO - Sync 1 DAGs
[2026-02-25T04:55:42.676+0000] {logging_mixin.py:190} INFO - [2026-02-25T04:55:42.676+0000] {dag.py:4180} INFO - Setting next_dagrun for example_trigger_controller_dag to 2021-01-01 00:00:00+00:00, run_after=2021-01-01 00:00:00+00:00
[2026-02-25T04:55:42.692+0000] {processor.py:208} INFO - Processing /home/ubuntu/airflow-venv/lib/python3.12/site-packages/airflow/example_dags/example_trigger_controller_dag.py took 0.047 seconds
[2026-02-25T04:56:31.896+0000] {processor.py:186} INFO - Started process (PID=2721) to work on /home/ubuntu/airflow-venv/lib/python3.12/site-packages/airflow/example_dags/example_trigger_controller_dag.py
[2026-02-25T04:56:31.897+0000] {processor.py:914} INFO - Processing file /home/ubuntu/airflow-venv/lib/python3.12/site-packages/airflow/example_dags/example_trigger_controller_dag.py for tasks to queue
[2026-02-25T04:56:31.899+0000] {logging_mixin.py:190} INFO - [2026-02-25T04:56:31.898+0000] {dagbag.py:588} INFO - Filling up the DagBag from /home/ubuntu/airflow-venv/lib/python3.12/site-packages/airflow/example_dags/example_trigger_controller_dag.py
[2026-02-25T04:56:31.903+0000] {processor.py:925} INFO - DAG(s) 'example_trigger_controller_dag' retrieved from /home/ubuntu/airflow-venv/lib/python3.12/site-packages/airflow/example_dags/example_trigger_controller_dag.py
[2026-02-25T04:56:31.911+0000] {logging_mixin.py:190} INFO - [2026-02-25T04:56:31.911+0000] {dag.py:3239} INFO - Sync 1 DAGs
[2026-02-25T04:56:31.923+0000] {logging_mixin.py:190} INFO - [2026-02-25T04:56:31.923+0000] {dag.py:4180} INFO - Setting next_dagrun for example_trigger_controller_dag to 2021-01-01 00:00:00+00:00, run_after=2021-01-01 00:00:00+00:00
[2026-02-25T04:56:31.939+0000] {processor.py:208} INFO - Processing /home/ubuntu/airflow-venv/lib/python3.12/site-packages/airflow/example_dags/example_trigger_controller_dag.py took 0.046 seconds
[2026-02-25T04:57:20.414+0000] {processor.py:186} INFO - Started process (PID=2776) to work on /home/ubuntu/airflow-venv/lib/python3.12/site-packages/airflow/example_dags/example_trigger_controller_dag.py
[2026-02-25T04:57:20.415+0000] {processor.py:914} INFO - Processing file /home/ubuntu/airflow-venv/lib/python3.12/site-packages/airflow/example_dags/example_trigger_controller_dag.py for tasks to queue
[2026-02-25T04:57:20.417+0000] {logging_mixin.py:190} INFO - [2026-02-25T04:57:20.416+0000] {dagbag.py:588} INFO - Filling up the DagBag from /home/ubuntu/airflow-venv/lib/python3.12/site-packages/airflow/example_dags/example_trigger_controller_dag.py
[2026-02-25T04:57:20.421+0000] {processor.py:925} INFO - DAG(s) 'example_trigger_controller_dag' retrieved from /home/ubuntu/airflow-venv/lib/python3.12/site-packages/airflow/example_dags/example_trigger_controller_dag.py
[2026-02-25T04:57:20.430+0000] {logging_mixin.py:190} INFO - [2026-02-25T04:57:20.430+0000] {dag.py:3239} INFO - Sync 1 DAGs
[2026-02-25T04:57:20.442+0000] {logging_mixin.py:190} INFO - [2026-02-25T04:57:20.442+0000] {dag.py:4180} INFO - Setting next_dagrun for example_trigger_controller_dag to 2021-01-01 00:00:00+00:00, run_after=2021-01-01 00:00:00+00:00
[2026-02-25T04:57:20.458+0000] {processor.py:208} INFO - Processing /home/ubuntu/airflow-venv/lib/python3.12/site-packages/airflow/example_dags/example_trigger_controller_dag.py took 0.047 seconds
[2026-02-25T04:58:10.732+0000] {processor.py:186} INFO - Started process (PID=3192) to work on /home/ubuntu/airflow-venv/lib/python3.12/site-packages/airflow/example_dags/example_trigger_controller_dag.py
[2026-02-25T04:58:10.733+0000] {processor.py:914} INFO - Processing file /home/ubuntu/airflow-venv/lib/python3.12/site-packages/airflow/example_dags/example_trigger_controller_dag.py for tasks to queue
[2026-02-25T04:58:10.735+0000] {logging_mixin.py:190} INFO - [2026-02-25T04:58:10.735+0000] {dagbag.py:588} INFO - Filling up the DagBag from /home/ubuntu/airflow-venv/lib/python3.12/site-packages/airflow/example_dags/example_trigger_controller_dag.py
[2026-02-25T04:58:10.739+0000] {processor.py:925} INFO - DAG(s) 'example_trigger_controller_dag' retrieved from /home/ubuntu/airflow-venv/lib/python3.12/site-packages/airflow/example_dags/example_trigger_controller_dag.py
[2026-02-25T04:58:10.748+0000] {logging_mixin.py:190} INFO - [2026-02-25T04:58:10.748+0000] {dag.py:3239} INFO - Sync 1 DAGs
[2026-02-25T04:58:10.760+0000] {logging_mixin.py:190} INFO - [2026-02-25T04:58:10.760+0000] {dag.py:4180} INFO - Setting next_dagrun for example_trigger_controller_dag to 2021-01-01 00:00:00+00:00, run_after=2021-01-01 00:00:00+00:00
[2026-02-25T04:58:10.776+0000] {processor.py:208} INFO - Processing /home/ubuntu/airflow-venv/lib/python3.12/site-packages/airflow/example_dags/example_trigger_controller_dag.py took 0.047 seconds
[2026-02-25T04:59:00.915+0000] {processor.py:186} INFO - Started process (PID=3249) to work on /home/ubuntu/airflow-venv/lib/python3.12/site-packages/airflow/example_dags/example_trigger_controller_dag.py
[2026-02-25T04:59:00.916+0000] {processor.py:914} INFO - Processing file /home/ubuntu/airflow-venv/lib/python3.12/site-packages/airflow/example_dags/example_trigger_controller_dag.py for tasks to queue
[2026-02-25T04:59:00.918+0000] {logging_mixin.py:190} INFO - [2026-02-25T04:59:00.918+0000] {dagbag.py:588} INFO - Filling up the DagBag from /home/ubuntu/airflow-venv/lib/python3.12/site-packages/airflow/example_dags/example_trigger_controller_dag.py
[2026-02-25T04:59:00.922+0000] {processor.py:925} INFO - DAG(s) 'example_trigger_controller_dag' retrieved from /home/ubuntu/airflow-venv/lib/python3.12/site-packages/airflow/example_dags/example_trigger_controller_dag.py
[2026-02-25T04:59:00.931+0000] {logging_mixin.py:190} INFO - [2026-02-25T04:59:00.931+0000] {dag.py:3239} INFO - Sync 1 DAGs
[2026-02-25T04:59:00.943+0000] {logging_mixin.py:190} INFO - [2026-02-25T04:59:00.942+0000] {dag.py:4180} INFO - Setting next_dagrun for example_trigger_controller_dag to 2021-01-01 00:00:00+00:00, run_after=2021-01-01 00:00:00+00:00
[2026-02-25T04:59:00.959+0000] {processor.py:208} INFO - Processing /home/ubuntu/airflow-venv/lib/python3.12/site-packages/airflow/example_dags/example_trigger_controller_dag.py took 0.047 seconds
[2026-02-25T04:59:51.068+0000] {processor.py:186} INFO - Started process (PID=3302) to work on /home/ubuntu/airflow-venv/lib/python3.12/site-packages/airflow/example_dags/example_trigger_controller_dag.py
[2026-02-25T04:59:51.069+0000] {processor.py:914} INFO - Processing file /home/ubuntu/airflow-venv/lib/python3.12/site-packages/airflow/example_dags/example_trigger_controller_dag.py for tasks to queue
[2026-02-25T04:59:51.071+0000] {logging_mixin.py:190} INFO - [2026-02-25T04:59:51.071+0000] {dagbag.py:588} INFO - Filling up the DagBag from /home/ubuntu/airflow-venv/lib/python3.12/site-packages/airflow/example_dags/example_trigger_controller_dag.py
[2026-02-25T04:59:51.075+0000] {processor.py:925} INFO - DAG(s) 'example_trigger_controller_dag' retrieved from /home/ubuntu/airflow-venv/lib/python3.12/site-packages/airflow/example_dags/example_trigger_controller_dag.py
[2026-02-25T04:59:51.084+0000] {logging_mixin.py:190} INFO - [2026-02-25T04:59:51.084+0000] {dag.py:3239} INFO - Sync 1 DAGs
[2026-02-25T04:59:51.163+0000] {logging_mixin.py:190} INFO - [2026-02-25T04:59:51.162+0000] {dag.py:4180} INFO - Setting next_dagrun for example_trigger_controller_dag to 2021-01-01 00:00:00+00:00, run_after=2021-01-01 00:00:00+00:00
[2026-02-25T04:59:51.178+0000] {processor.py:208} INFO - Processing /home/ubuntu/airflow-venv/lib/python3.12/site-packages/airflow/example_dags/example_trigger_controller_dag.py took 0.113 seconds
[2026-02-25T05:00:46.266+0000] {processor.py:186} INFO - Started process (PID=3360) to work on /home/ubuntu/airflow-venv/lib/python3.12/site-packages/airflow/example_dags/example_trigger_controller_dag.py
[2026-02-25T05:00:46.268+0000] {processor.py:914} INFO - Processing file /home/ubuntu/airflow-venv/lib/python3.12/site-packages/airflow/example_dags/example_trigger_controller_dag.py for tasks to queue
[2026-02-25T05:00:46.269+0000] {logging_mixin.py:190} INFO - [2026-02-25T05:00:46.269+0000] {dagbag.py:588} INFO - Filling up the DagBag from /home/ubuntu/airflow-venv/lib/python3.12/site-packages/airflow/example_dags/example_trigger_controller_dag.py
[2026-02-25T05:00:46.273+0000] {processor.py:925} INFO - DAG(s) 'example_trigger_controller_dag' retrieved from /home/ubuntu/airflow-venv/lib/python3.12/site-packages/airflow/example_dags/example_trigger_controller_dag.py
[2026-02-25T05:00:46.282+0000] {logging_mixin.py:190} INFO - [2026-02-25T05:00:46.282+0000] {dag.py:3239} INFO - Sync 1 DAGs
[2026-02-25T05:00:46.295+0000] {logging_mixin.py:190} INFO - [2026-02-25T05:00:46.295+0000] {dag.py:4180} INFO - Setting next_dagrun for example_trigger_controller_dag to 2021-01-01 00:00:00+00:00, run_after=2021-01-01 00:00:00+00:00
[2026-02-25T05:00:46.311+0000] {processor.py:208} INFO - Processing /home/ubuntu/airflow-venv/lib/python3.12/site-packages/airflow/example_dags/example_trigger_controller_dag.py took 0.049 seconds
[2026-02-25T05:01:38.410+0000] {processor.py:186} INFO - Started process (PID=3418) to work on /home/ubuntu/airflow-venv/lib/python3.12/site-packages/airflow/example_dags/example_trigger_controller_dag.py
[2026-02-25T05:01:38.411+0000] {processor.py:914} INFO - Processing file /home/ubuntu/airflow-venv/lib/python3.12/site-packages/airflow/example_dags/example_trigger_controller_dag.py for tasks to queue
[2026-02-25T05:01:38.413+0000] {logging_mixin.py:190} INFO - [2026-02-25T05:01:38.413+0000] {dagbag.py:588} INFO - Filling up the DagBag from /home/ubuntu/airflow-venv/lib/python3.12/site-packages/airflow/example_dags/example_trigger_controller_dag.py
[2026-02-25T05:01:38.417+0000] {processor.py:925} INFO - DAG(s) 'example_trigger_controller_dag' retrieved from /home/ubuntu/airflow-venv/lib/python3.12/site-packages/airflow/example_dags/example_trigger_controller_dag.py
[2026-02-25T05:01:38.426+0000] {logging_mixin.py:190} INFO - [2026-02-25T05:01:38.426+0000] {dag.py:3239} INFO - Sync 1 DAGs
[2026-02-25T05:01:38.438+0000] {logging_mixin.py:190} INFO - [2026-02-25T05:01:38.438+0000] {dag.py:4180} INFO - Setting next_dagrun for example_trigger_controller_dag to 2021-01-01 00:00:00+00:00, run_after=2021-01-01 00:00:00+00:00
[2026-02-25T05:01:38.454+0000] {processor.py:208} INFO - Processing /home/ubuntu/airflow-venv/lib/python3.12/site-packages/airflow/example_dags/example_trigger_controller_dag.py took 0.048 seconds
[2026-02-25T05:02:26.999+0000] {processor.py:186} INFO - Started process (PID=3470) to work on /home/ubuntu/airflow-venv/lib/python3.12/site-packages/airflow/example_dags/example_trigger_controller_dag.py
[2026-02-25T05:02:27.000+0000] {processor.py:914} INFO - Processing file /home/ubuntu/airflow-venv/lib/python3.12/site-packages/airflow/example_dags/example_trigger_controller_dag.py for tasks to queue
[2026-02-25T05:02:27.002+0000] {logging_mixin.py:190} INFO - [2026-02-25T05:02:27.002+0000] {dagbag.py:588} INFO - Filling up the DagBag from /home/ubuntu/airflow-venv/lib/python3.12/site-packages/airflow/example_dags/example_trigger_controller_dag.py
[2026-02-25T05:02:27.006+0000] {processor.py:925} INFO - DAG(s) 'example_trigger_controller_dag' retrieved from /home/ubuntu/airflow-venv/lib/python3.12/site-packages/airflow/example_dags/example_trigger_controller_dag.py
[2026-02-25T05:02:27.015+0000] {logging_mixin.py:190} INFO - [2026-02-25T05:02:27.015+0000] {dag.py:3239} INFO - Sync 1 DAGs
[2026-02-25T05:02:27.028+0000] {logging_mixin.py:190} INFO - [2026-02-25T05:02:27.027+0000] {dag.py:4180} INFO - Setting next_dagrun for example_trigger_controller_dag to 2021-01-01 00:00:00+00:00, run_after=2021-01-01 00:00:00+00:00
[2026-02-25T05:02:27.045+0000] {processor.py:208} INFO - Processing /home/ubuntu/airflow-venv/lib/python3.12/site-packages/airflow/example_dags/example_trigger_controller_dag.py took 0.049 seconds
[2026-02-25T05:03:17.542+0000] {processor.py:186} INFO - Started process (PID=3523) to work on /home/ubuntu/airflow-venv/lib/python3.12/site-packages/airflow/example_dags/example_trigger_controller_dag.py
[2026-02-25T05:03:17.544+0000] {processor.py:914} INFO - Processing file /home/ubuntu/airflow-venv/lib/python3.12/site-packages/airflow/example_dags/example_trigger_controller_dag.py for tasks to queue
[2026-02-25T05:03:17.545+0000] {logging_mixin.py:190} INFO - [2026-02-25T05:03:17.545+0000] {dagbag.py:588} INFO - Filling up the DagBag from /home/ubuntu/airflow-venv/lib/python3.12/site-packages/airflow/example_dags/example_trigger_controller_dag.py
[2026-02-25T05:03:17.550+0000] {processor.py:925} INFO - DAG(s) 'example_trigger_controller_dag' retrieved from /home/ubuntu/airflow-venv/lib/python3.12/site-packages/airflow/example_dags/example_trigger_controller_dag.py
[2026-02-25T05:03:17.559+0000] {logging_mixin.py:190} INFO - [2026-02-25T05:03:17.558+0000] {dag.py:3239} INFO - Sync 1 DAGs
[2026-02-25T05:03:17.570+0000] {logging_mixin.py:190} INFO - [2026-02-25T05:03:17.570+0000] {dag.py:4180} INFO - Setting next_dagrun for example_trigger_controller_dag to 2021-01-01 00:00:00+00:00, run_after=2021-01-01 00:00:00+00:00
[2026-02-25T05:03:17.588+0000] {processor.py:208} INFO - Processing /home/ubuntu/airflow-venv/lib/python3.12/site-packages/airflow/example_dags/example_trigger_controller_dag.py took 0.049 seconds
[2026-02-25T05:04:05.728+0000] {processor.py:186} INFO - Started process (PID=3575) to work on /home/ubuntu/airflow-venv/lib/python3.12/site-packages/airflow/example_dags/example_trigger_controller_dag.py
[2026-02-25T05:04:05.729+0000] {processor.py:914} INFO - Processing file /home/ubuntu/airflow-venv/lib/python3.12/site-packages/airflow/example_dags/example_trigger_controller_dag.py for tasks to queue
[2026-02-25T05:04:05.731+0000] {logging_mixin.py:190} INFO - [2026-02-25T05:04:05.731+0000] {dagbag.py:588} INFO - Filling up the DagBag from /home/ubuntu/airflow-venv/lib/python3.12/site-packages/airflow/example_dags/example_trigger_controller_dag.py
[2026-02-25T05:04:05.735+0000] {processor.py:925} INFO - DAG(s) 'example_trigger_controller_dag' retrieved from /home/ubuntu/airflow-venv/lib/python3.12/site-packages/airflow/example_dags/example_trigger_controller_dag.py
[2026-02-25T05:04:05.745+0000] {logging_mixin.py:190} INFO - [2026-02-25T05:04:05.744+0000] {dag.py:3239} INFO - Sync 1 DAGs
[2026-02-25T05:04:05.756+0000] {logging_mixin.py:190} INFO - [2026-02-25T05:04:05.756+0000] {dag.py:4180} INFO - Setting next_dagrun for example_trigger_controller_dag to 2021-01-01 00:00:00+00:00, run_after=2021-01-01 00:00:00+00:00
[2026-02-25T05:04:05.773+0000] {processor.py:208} INFO - Processing /home/ubuntu/airflow-venv/lib/python3.12/site-packages/airflow/example_dags/example_trigger_controller_dag.py took 0.049 seconds
[2026-02-25T05:04:54.175+0000] {processor.py:186} INFO - Started process (PID=3626) to work on /home/ubuntu/airflow-venv/lib/python3.12/site-packages/airflow/example_dags/example_trigger_controller_dag.py
[2026-02-25T05:04:54.177+0000] {processor.py:914} INFO - Processing file /home/ubuntu/airflow-venv/lib/python3.12/site-packages/airflow/example_dags/example_trigger_controller_dag.py for tasks to queue
[2026-02-25T05:04:54.178+0000] {logging_mixin.py:190} INFO - [2026-02-25T05:04:54.178+0000] {dagbag.py:588} INFO - Filling up the DagBag from /home/ubuntu/airflow-venv/lib/python3.12/site-packages/airflow/example_dags/example_trigger_controller_dag.py
[2026-02-25T05:04:54.183+0000] {processor.py:925} INFO - DAG(s) 'example_trigger_controller_dag' retrieved from /home/ubuntu/airflow-venv/lib/python3.12/site-packages/airflow/example_dags/example_trigger_controller_dag.py
[2026-02-25T05:04:54.192+0000] {logging_mixin.py:190} INFO - [2026-02-25T05:04:54.191+0000] {dag.py:3239} INFO - Sync 1 DAGs
[2026-02-25T05:04:54.204+0000] {logging_mixin.py:190} INFO - [2026-02-25T05:04:54.204+0000] {dag.py:4180} INFO - Setting next_dagrun for example_trigger_controller_dag to 2021-01-01 00:00:00+00:00, run_after=2021-01-01 00:00:00+00:00
[2026-02-25T05:04:54.221+0000] {processor.py:208} INFO - Processing /home/ubuntu/airflow-venv/lib/python3.12/site-packages/airflow/example_dags/example_trigger_controller_dag.py took 0.049 seconds
[2026-02-25T05:05:43.268+0000] {processor.py:186} INFO - Started process (PID=3681) to work on /home/ubuntu/airflow-venv/lib/python3.12/site-packages/airflow/example_dags/example_trigger_controller_dag.py
[2026-02-25T05:05:43.270+0000] {processor.py:914} INFO - Processing file /home/ubuntu/airflow-venv/lib/python3.12/site-packages/airflow/example_dags/example_trigger_controller_dag.py for tasks to queue
[2026-02-25T05:05:43.271+0000] {logging_mixin.py:190} INFO - [2026-02-25T05:05:43.271+0000] {dagbag.py:588} INFO - Filling up the DagBag from /home/ubuntu/airflow-venv/lib/python3.12/site-packages/airflow/example_dags/example_trigger_controller_dag.py
[2026-02-25T05:05:43.276+0000] {processor.py:925} INFO - DAG(s) 'example_trigger_controller_dag' retrieved from /home/ubuntu/airflow-venv/lib/python3.12/site-packages/airflow/example_dags/example_trigger_controller_dag.py
[2026-02-25T05:05:43.284+0000] {logging_mixin.py:190} INFO - [2026-02-25T05:05:43.284+0000] {dag.py:3239} INFO - Sync 1 DAGs
[2026-02-25T05:05:43.296+0000] {logging_mixin.py:190} INFO - [2026-02-25T05:05:43.296+0000] {dag.py:4180} INFO - Setting next_dagrun for example_trigger_controller_dag to 2021-01-01 00:00:00+00:00, run_after=2021-01-01 00:00:00+00:00
[2026-02-25T05:05:43.313+0000] {processor.py:208} INFO - Processing /home/ubuntu/airflow-venv/lib/python3.12/site-packages/airflow/example_dags/example_trigger_controller_dag.py took 0.049 seconds
[2026-02-25T05:06:33.197+0000] {processor.py:186} INFO - Started process (PID=3736) to work on /home/ubuntu/airflow-venv/lib/python3.12/site-packages/airflow/example_dags/example_trigger_controller_dag.py
[2026-02-25T05:06:33.198+0000] {processor.py:914} INFO - Processing file /home/ubuntu/airflow-venv/lib/python3.12/site-packages/airflow/example_dags/example_trigger_controller_dag.py for tasks to queue
[2026-02-25T05:06:33.200+0000] {logging_mixin.py:190} INFO - [2026-02-25T05:06:33.200+0000] {dagbag.py:588} INFO - Filling up the DagBag from /home/ubuntu/airflow-venv/lib/python3.12/site-packages/airflow/example_dags/example_trigger_controller_dag.py
[2026-02-25T05:06:33.204+0000] {processor.py:925} INFO - DAG(s) 'example_trigger_controller_dag' retrieved from /home/ubuntu/airflow-venv/lib/python3.12/site-packages/airflow/example_dags/example_trigger_controller_dag.py
[2026-02-25T05:06:33.213+0000] {logging_mixin.py:190} INFO - [2026-02-25T05:06:33.213+0000] {dag.py:3239} INFO - Sync 1 DAGs
[2026-02-25T05:06:33.225+0000] {logging_mixin.py:190} INFO - [2026-02-25T05:06:33.225+0000] {dag.py:4180} INFO - Setting next_dagrun for example_trigger_controller_dag to 2021-01-01 00:00:00+00:00, run_after=2021-01-01 00:00:00+00:00
[2026-02-25T05:06:33.242+0000] {processor.py:208} INFO - Processing /home/ubuntu/airflow-venv/lib/python3.12/site-packages/airflow/example_dags/example_trigger_controller_dag.py took 0.049 seconds
[2026-02-25T05:07:22.012+0000] {processor.py:186} INFO - Started process (PID=3788) to work on /home/ubuntu/airflow-venv/lib/python3.12/site-packages/airflow/example_dags/example_trigger_controller_dag.py
[2026-02-25T05:07:22.013+0000] {processor.py:914} INFO - Processing file /home/ubuntu/airflow-venv/lib/python3.12/site-packages/airflow/example_dags/example_trigger_controller_dag.py for tasks to queue
[2026-02-25T05:07:22.015+0000] {logging_mixin.py:190} INFO - [2026-02-25T05:07:22.015+0000] {dagbag.py:588} INFO - Filling up the DagBag from /home/ubuntu/airflow-venv/lib/python3.12/site-packages/airflow/example_dags/example_trigger_controller_dag.py
[2026-02-25T05:07:22.019+0000] {processor.py:925} INFO - DAG(s) 'example_trigger_controller_dag' retrieved from /home/ubuntu/airflow-venv/lib/python3.12/site-packages/airflow/example_dags/example_trigger_controller_dag.py
[2026-02-25T05:07:22.028+0000] {logging_mixin.py:190} INFO - [2026-02-25T05:07:22.028+0000] {dag.py:3239} INFO - Sync 1 DAGs
[2026-02-25T05:07:22.040+0000] {logging_mixin.py:190} INFO - [2026-02-25T05:07:22.039+0000] {dag.py:4180} INFO - Setting next_dagrun for example_trigger_controller_dag to 2021-01-01 00:00:00+00:00, run_after=2021-01-01 00:00:00+00:00
[2026-02-25T05:07:22.056+0000] {processor.py:208} INFO - Processing /home/ubuntu/airflow-venv/lib/python3.12/site-packages/airflow/example_dags/example_trigger_controller_dag.py took 0.047 seconds
[2026-02-25T05:08:12.158+0000] {processor.py:186} INFO - Started process (PID=3841) to work on /home/ubuntu/airflow-venv/lib/python3.12/site-packages/airflow/example_dags/example_trigger_controller_dag.py
[2026-02-25T05:08:12.159+0000] {processor.py:914} INFO - Processing file /home/ubuntu/airflow-venv/lib/python3.12/site-packages/airflow/example_dags/example_trigger_controller_dag.py for tasks to queue
[2026-02-25T05:08:12.161+0000] {logging_mixin.py:190} INFO - [2026-02-25T05:08:12.161+0000] {dagbag.py:588} INFO - Filling up the DagBag from /home/ubuntu/airflow-venv/lib/python3.12/site-packages/airflow/example_dags/example_trigger_controller_dag.py
[2026-02-25T05:08:12.165+0000] {processor.py:925} INFO - DAG(s) 'example_trigger_controller_dag' retrieved from /home/ubuntu/airflow-venv/lib/python3.12/site-packages/airflow/example_dags/example_trigger_controller_dag.py
[2026-02-25T05:08:12.174+0000] {logging_mixin.py:190} INFO - [2026-02-25T05:08:12.174+0000] {dag.py:3239} INFO - Sync 1 DAGs
[2026-02-25T05:08:12.186+0000] {logging_mixin.py:190} INFO - [2026-02-25T05:08:12.186+0000] {dag.py:4180} INFO - Setting next_dagrun for example_trigger_controller_dag to 2021-01-01 00:00:00+00:00, run_after=2021-01-01 00:00:00+00:00
[2026-02-25T05:08:12.203+0000] {processor.py:208} INFO - Processing /home/ubuntu/airflow-venv/lib/python3.12/site-packages/airflow/example_dags/example_trigger_controller_dag.py took 0.049 seconds
[2026-02-25T05:09:00.602+0000] {processor.py:186} INFO - Started process (PID=3891) to work on /home/ubuntu/airflow-venv/lib/python3.12/site-packages/airflow/example_dags/example_trigger_controller_dag.py
[2026-02-25T05:09:00.603+0000] {processor.py:914} INFO - Processing file /home/ubuntu/airflow-venv/lib/python3.12/site-packages/airflow/example_dags/example_trigger_controller_dag.py for tasks to queue
[2026-02-25T05:09:00.604+0000] {logging_mixin.py:190} INFO - [2026-02-25T05:09:00.604+0000] {dagbag.py:588} INFO - Filling up the DagBag from /home/ubuntu/airflow-venv/lib/python3.12/site-packages/airflow/example_dags/example_trigger_controller_dag.py
[2026-02-25T05:09:00.609+0000] {processor.py:925} INFO - DAG(s) 'example_trigger_controller_dag' retrieved from /home/ubuntu/airflow-venv/lib/python3.12/site-packages/airflow/example_dags/example_trigger_controller_dag.py
[2026-02-25T05:09:00.618+0000] {logging_mixin.py:190} INFO - [2026-02-25T05:09:00.618+0000] {dag.py:3239} INFO - Sync 1 DAGs
[2026-02-25T05:09:00.630+0000] {logging_mixin.py:190} INFO - [2026-02-25T05:09:00.630+0000] {dag.py:4180} INFO - Setting next_dagrun for example_trigger_controller_dag to 2021-01-01 00:00:00+00:00, run_after=2021-01-01 00:00:00+00:00
[2026-02-25T05:09:00.647+0000] {processor.py:208} INFO - Processing /home/ubuntu/airflow-venv/lib/python3.12/site-packages/airflow/example_dags/example_trigger_controller_dag.py took 0.049 seconds
[2026-02-25T05:09:46.714+0000] {processor.py:186} INFO - Started process (PID=3942) to work on /home/ubuntu/airflow-venv/lib/python3.12/site-packages/airflow/example_dags/example_trigger_controller_dag.py
[2026-02-25T05:09:46.716+0000] {processor.py:914} INFO - Processing file /home/ubuntu/airflow-venv/lib/python3.12/site-packages/airflow/example_dags/example_trigger_controller_dag.py for tasks to queue
[2026-02-25T05:09:46.717+0000] {logging_mixin.py:190} INFO - [2026-02-25T05:09:46.717+0000] {dagbag.py:588} INFO - Filling up the DagBag from /home/ubuntu/airflow-venv/lib/python3.12/site-packages/airflow/example_dags/example_trigger_controller_dag.py
[2026-02-25T05:09:46.722+0000] {processor.py:925} INFO - DAG(s) 'example_trigger_controller_dag' retrieved from /home/ubuntu/airflow-venv/lib/python3.12/site-packages/airflow/example_dags/example_trigger_controller_dag.py
[2026-02-25T05:09:46.731+0000] {logging_mixin.py:190} INFO - [2026-02-25T05:09:46.731+0000] {dag.py:3239} INFO - Sync 1 DAGs
[2026-02-25T05:09:46.743+0000] {logging_mixin.py:190} INFO - [2026-02-25T05:09:46.742+0000] {dag.py:4180} INFO - Setting next_dagrun for example_trigger_controller_dag to 2021-01-01 00:00:00+00:00, run_after=2021-01-01 00:00:00+00:00
[2026-02-25T05:09:46.759+0000] {processor.py:208} INFO - Processing /home/ubuntu/airflow-venv/lib/python3.12/site-packages/airflow/example_dags/example_trigger_controller_dag.py took 0.048 seconds
[2026-02-25T05:10:38.368+0000] {processor.py:186} INFO - Started process (PID=3994) to work on /home/ubuntu/airflow-venv/lib/python3.12/site-packages/airflow/example_dags/example_trigger_controller_dag.py
[2026-02-25T05:10:38.369+0000] {processor.py:914} INFO - Processing file /home/ubuntu/airflow-venv/lib/python3.12/site-packages/airflow/example_dags/example_trigger_controller_dag.py for tasks to queue
[2026-02-25T05:10:38.370+0000] {logging_mixin.py:190} INFO - [2026-02-25T05:10:38.370+0000] {dagbag.py:588} INFO - Filling up the DagBag from /home/ubuntu/airflow-venv/lib/python3.12/site-packages/airflow/example_dags/example_trigger_controller_dag.py
[2026-02-25T05:10:38.375+0000] {processor.py:925} INFO - DAG(s) 'example_trigger_controller_dag' retrieved from /home/ubuntu/airflow-venv/lib/python3.12/site-packages/airflow/example_dags/example_trigger_controller_dag.py
[2026-02-25T05:10:38.384+0000] {logging_mixin.py:190} INFO - [2026-02-25T05:10:38.384+0000] {dag.py:3239} INFO - Sync 1 DAGs
[2026-02-25T05:10:38.396+0000] {logging_mixin.py:190} INFO - [2026-02-25T05:10:38.395+0000] {dag.py:4180} INFO - Setting next_dagrun for example_trigger_controller_dag to 2021-01-01 00:00:00+00:00, run_after=2021-01-01 00:00:00+00:00
[2026-02-25T05:10:38.412+0000] {processor.py:208} INFO - Processing /home/ubuntu/airflow-venv/lib/python3.12/site-packages/airflow/example_dags/example_trigger_controller_dag.py took 0.048 seconds
[2026-02-25T05:11:29.294+0000] {processor.py:186} INFO - Started process (PID=4052) to work on /home/ubuntu/airflow-venv/lib/python3.12/site-packages/airflow/example_dags/example_trigger_controller_dag.py
[2026-02-25T05:11:29.296+0000] {processor.py:914} INFO - Processing file /home/ubuntu/airflow-venv/lib/python3.12/site-packages/airflow/example_dags/example_trigger_controller_dag.py for tasks to queue
[2026-02-25T05:11:29.297+0000] {logging_mixin.py:190} INFO - [2026-02-25T05:11:29.297+0000] {dagbag.py:588} INFO - Filling up the DagBag from /home/ubuntu/airflow-venv/lib/python3.12/site-packages/airflow/example_dags/example_trigger_controller_dag.py
[2026-02-25T05:11:29.302+0000] {processor.py:925} INFO - DAG(s) 'example_trigger_controller_dag' retrieved from /home/ubuntu/airflow-venv/lib/python3.12/site-packages/airflow/example_dags/example_trigger_controller_dag.py
[2026-02-25T05:11:29.311+0000] {logging_mixin.py:190} INFO - [2026-02-25T05:11:29.311+0000] {dag.py:3239} INFO - Sync 1 DAGs
[2026-02-25T05:11:29.323+0000] {logging_mixin.py:190} INFO - [2026-02-25T05:11:29.322+0000] {dag.py:4180} INFO - Setting next_dagrun for example_trigger_controller_dag to 2021-01-01 00:00:00+00:00, run_after=2021-01-01 00:00:00+00:00
[2026-02-25T05:11:29.339+0000] {processor.py:208} INFO - Processing /home/ubuntu/airflow-venv/lib/python3.12/site-packages/airflow/example_dags/example_trigger_controller_dag.py took 0.048 seconds
[2026-02-25T05:12:19.560+0000] {processor.py:186} INFO - Started process (PID=4105) to work on /home/ubuntu/airflow-venv/lib/python3.12/site-packages/airflow/example_dags/example_trigger_controller_dag.py
[2026-02-25T05:12:19.561+0000] {processor.py:914} INFO - Processing file /home/ubuntu/airflow-venv/lib/python3.12/site-packages/airflow/example_dags/example_trigger_controller_dag.py for tasks to queue
[2026-02-25T05:12:19.562+0000] {logging_mixin.py:190} INFO - [2026-02-25T05:12:19.562+0000] {dagbag.py:588} INFO - Filling up the DagBag from /home/ubuntu/airflow-venv/lib/python3.12/site-packages/airflow/example_dags/example_trigger_controller_dag.py
[2026-02-25T05:12:19.567+0000] {processor.py:925} INFO - DAG(s) 'example_trigger_controller_dag' retrieved from /home/ubuntu/airflow-venv/lib/python3.12/site-packages/airflow/example_dags/example_trigger_controller_dag.py
[2026-02-25T05:12:19.577+0000] {logging_mixin.py:190} INFO - [2026-02-25T05:12:19.576+0000] {dag.py:3239} INFO - Sync 1 DAGs
[2026-02-25T05:12:19.588+0000] {logging_mixin.py:190} INFO - [2026-02-25T05:12:19.588+0000] {dag.py:4180} INFO - Setting next_dagrun for example_trigger_controller_dag to 2021-01-01 00:00:00+00:00, run_after=2021-01-01 00:00:00+00:00
[2026-02-25T05:12:19.605+0000] {processor.py:208} INFO - Processing /home/ubuntu/airflow-venv/lib/python3.12/site-packages/airflow/example_dags/example_trigger_controller_dag.py took 0.049 seconds
[2026-02-25T05:13:08.341+0000] {processor.py:186} INFO - Started process (PID=4157) to work on /home/ubuntu/airflow-venv/lib/python3.12/site-packages/airflow/example_dags/example_trigger_controller_dag.py
[2026-02-25T05:13:08.342+0000] {processor.py:914} INFO - Processing file /home/ubuntu/airflow-venv/lib/python3.12/site-packages/airflow/example_dags/example_trigger_controller_dag.py for tasks to queue
[2026-02-25T05:13:08.344+0000] {logging_mixin.py:190} INFO - [2026-02-25T05:13:08.344+0000] {dagbag.py:588} INFO - Filling up the DagBag from /home/ubuntu/airflow-venv/lib/python3.12/site-packages/airflow/example_dags/example_trigger_controller_dag.py
[2026-02-25T05:13:08.349+0000] {processor.py:925} INFO - DAG(s) 'example_trigger_controller_dag' retrieved from /home/ubuntu/airflow-venv/lib/python3.12/site-packages/airflow/example_dags/example_trigger_controller_dag.py
[2026-02-25T05:13:08.357+0000] {logging_mixin.py:190} INFO - [2026-02-25T05:13:08.357+0000] {dag.py:3239} INFO - Sync 1 DAGs
[2026-02-25T05:13:08.369+0000] {logging_mixin.py:190} INFO - [2026-02-25T05:13:08.369+0000] {dag.py:4180} INFO - Setting next_dagrun for example_trigger_controller_dag to 2021-01-01 00:00:00+00:00, run_after=2021-01-01 00:00:00+00:00
[2026-02-25T05:13:08.385+0000] {processor.py:208} INFO - Processing /home/ubuntu/airflow-venv/lib/python3.12/site-packages/airflow/example_dags/example_trigger_controller_dag.py took 0.048 seconds
[2026-02-25T05:13:58.824+0000] {processor.py:186} INFO - Started process (PID=4208) to work on /home/ubuntu/airflow-venv/lib/python3.12/site-packages/airflow/example_dags/example_trigger_controller_dag.py
[2026-02-25T05:13:58.825+0000] {processor.py:914} INFO - Processing file /home/ubuntu/airflow-venv/lib/python3.12/site-packages/airflow/example_dags/example_trigger_controller_dag.py for tasks to queue
[2026-02-25T05:13:58.827+0000] {logging_mixin.py:190} INFO - [2026-02-25T05:13:58.826+0000] {dagbag.py:588} INFO - Filling up the DagBag from /home/ubuntu/airflow-venv/lib/python3.12/site-packages/airflow/example_dags/example_trigger_controller_dag.py
[2026-02-25T05:13:58.831+0000] {processor.py:925} INFO - DAG(s) 'example_trigger_controller_dag' retrieved from /home/ubuntu/airflow-venv/lib/python3.12/site-packages/airflow/example_dags/example_trigger_controller_dag.py
[2026-02-25T05:13:58.840+0000] {logging_mixin.py:190} INFO - [2026-02-25T05:13:58.840+0000] {dag.py:3239} INFO - Sync 1 DAGs
[2026-02-25T05:13:58.852+0000] {logging_mixin.py:190} INFO - [2026-02-25T05:13:58.852+0000] {dag.py:4180} INFO - Setting next_dagrun for example_trigger_controller_dag to 2021-01-01 00:00:00+00:00, run_after=2021-01-01 00:00:00+00:00
[2026-02-25T05:13:58.869+0000] {processor.py:208} INFO - Processing /home/ubuntu/airflow-venv/lib/python3.12/site-packages/airflow/example_dags/example_trigger_controller_dag.py took 0.049 seconds
[2026-02-25T05:14:48.344+0000] {processor.py:186} INFO - Started process (PID=4261) to work on /home/ubuntu/airflow-venv/lib/python3.12/site-packages/airflow/example_dags/example_trigger_controller_dag.py
[2026-02-25T05:14:48.346+0000] {processor.py:914} INFO - Processing file /home/ubuntu/airflow-venv/lib/python3.12/site-packages/airflow/example_dags/example_trigger_controller_dag.py for tasks to queue
[2026-02-25T05:14:48.347+0000] {logging_mixin.py:190} INFO - [2026-02-25T05:14:48.347+0000] {dagbag.py:588} INFO - Filling up the DagBag from /home/ubuntu/airflow-venv/lib/python3.12/site-packages/airflow/example_dags/example_trigger_controller_dag.py
[2026-02-25T05:14:48.352+0000] {processor.py:925} INFO - DAG(s) 'example_trigger_controller_dag' retrieved from /home/ubuntu/airflow-venv/lib/python3.12/site-packages/airflow/example_dags/example_trigger_controller_dag.py
[2026-02-25T05:14:48.361+0000] {logging_mixin.py:190} INFO - [2026-02-25T05:14:48.361+0000] {dag.py:3239} INFO - Sync 1 DAGs
[2026-02-25T05:14:48.372+0000] {logging_mixin.py:190} INFO - [2026-02-25T05:14:48.372+0000] {dag.py:4180} INFO - Setting next_dagrun for example_trigger_controller_dag to 2021-01-01 00:00:00+00:00, run_after=2021-01-01 00:00:00+00:00
[2026-02-25T05:14:48.388+0000] {processor.py:208} INFO - Processing /home/ubuntu/airflow-venv/lib/python3.12/site-packages/airflow/example_dags/example_trigger_controller_dag.py took 0.047 seconds
[2026-02-25T05:15:37.547+0000] {processor.py:186} INFO - Started process (PID=4314) to work on /home/ubuntu/airflow-venv/lib/python3.12/site-packages/airflow/example_dags/example_trigger_controller_dag.py
[2026-02-25T05:15:37.548+0000] {processor.py:914} INFO - Processing file /home/ubuntu/airflow-venv/lib/python3.12/site-packages/airflow/example_dags/example_trigger_controller_dag.py for tasks to queue
[2026-02-25T05:15:37.550+0000] {logging_mixin.py:190} INFO - [2026-02-25T05:15:37.549+0000] {dagbag.py:588} INFO - Filling up the DagBag from /home/ubuntu/airflow-venv/lib/python3.12/site-packages/airflow/example_dags/example_trigger_controller_dag.py
[2026-02-25T05:15:37.554+0000] {processor.py:925} INFO - DAG(s) 'example_trigger_controller_dag' retrieved from /home/ubuntu/airflow-venv/lib/python3.12/site-packages/airflow/example_dags/example_trigger_controller_dag.py
[2026-02-25T05:15:37.564+0000] {logging_mixin.py:190} INFO - [2026-02-25T05:15:37.564+0000] {dag.py:3239} INFO - Sync 1 DAGs
[2026-02-25T05:15:37.576+0000] {logging_mixin.py:190} INFO - [2026-02-25T05:15:37.576+0000] {dag.py:4180} INFO - Setting next_dagrun for example_trigger_controller_dag to 2021-01-01 00:00:00+00:00, run_after=2021-01-01 00:00:00+00:00
[2026-02-25T05:15:37.593+0000] {processor.py:208} INFO - Processing /home/ubuntu/airflow-venv/lib/python3.12/site-packages/airflow/example_dags/example_trigger_controller_dag.py took 0.050 seconds
[2026-02-25T05:16:28.889+0000] {processor.py:186} INFO - Started process (PID=4369) to work on /home/ubuntu/airflow-venv/lib/python3.12/site-packages/airflow/example_dags/example_trigger_controller_dag.py
[2026-02-25T05:16:28.890+0000] {processor.py:914} INFO - Processing file /home/ubuntu/airflow-venv/lib/python3.12/site-packages/airflow/example_dags/example_trigger_controller_dag.py for tasks to queue
[2026-02-25T05:16:28.892+0000] {logging_mixin.py:190} INFO - [2026-02-25T05:16:28.891+0000] {dagbag.py:588} INFO - Filling up the DagBag from /home/ubuntu/airflow-venv/lib/python3.12/site-packages/airflow/example_dags/example_trigger_controller_dag.py
[2026-02-25T05:16:28.896+0000] {processor.py:925} INFO - DAG(s) 'example_trigger_controller_dag' retrieved from /home/ubuntu/airflow-venv/lib/python3.12/site-packages/airflow/example_dags/example_trigger_controller_dag.py
[2026-02-25T05:16:28.905+0000] {logging_mixin.py:190} INFO - [2026-02-25T05:16:28.905+0000] {dag.py:3239} INFO - Sync 1 DAGs
[2026-02-25T05:16:28.917+0000] {logging_mixin.py:190} INFO - [2026-02-25T05:16:28.917+0000] {dag.py:4180} INFO - Setting next_dagrun for example_trigger_controller_dag to 2021-01-01 00:00:00+00:00, run_after=2021-01-01 00:00:00+00:00
[2026-02-25T05:16:28.934+0000] {processor.py:208} INFO - Processing /home/ubuntu/airflow-venv/lib/python3.12/site-packages/airflow/example_dags/example_trigger_controller_dag.py took 0.048 seconds
[2026-02-25T05:17:19.599+0000] {processor.py:186} INFO - Started process (PID=4425) to work on /home/ubuntu/airflow-venv/lib/python3.12/site-packages/airflow/example_dags/example_trigger_controller_dag.py
[2026-02-25T05:17:19.600+0000] {processor.py:914} INFO - Processing file /home/ubuntu/airflow-venv/lib/python3.12/site-packages/airflow/example_dags/example_trigger_controller_dag.py for tasks to queue
[2026-02-25T05:17:19.602+0000] {logging_mixin.py:190} INFO - [2026-02-25T05:17:19.602+0000] {dagbag.py:588} INFO - Filling up the DagBag from /home/ubuntu/airflow-venv/lib/python3.12/site-packages/airflow/example_dags/example_trigger_controller_dag.py
[2026-02-25T05:17:19.606+0000] {processor.py:925} INFO - DAG(s) 'example_trigger_controller_dag' retrieved from /home/ubuntu/airflow-venv/lib/python3.12/site-packages/airflow/example_dags/example_trigger_controller_dag.py
[2026-02-25T05:17:19.616+0000] {logging_mixin.py:190} INFO - [2026-02-25T05:17:19.615+0000] {dag.py:3239} INFO - Sync 1 DAGs
[2026-02-25T05:17:19.627+0000] {logging_mixin.py:190} INFO - [2026-02-25T05:17:19.627+0000] {dag.py:4180} INFO - Setting next_dagrun for example_trigger_controller_dag to 2021-01-01 00:00:00+00:00, run_after=2021-01-01 00:00:00+00:00
[2026-02-25T05:17:19.644+0000] {processor.py:208} INFO - Processing /home/ubuntu/airflow-venv/lib/python3.12/site-packages/airflow/example_dags/example_trigger_controller_dag.py took 0.049 seconds
[2026-02-25T05:18:08.729+0000] {processor.py:186} INFO - Started process (PID=4479) to work on /home/ubuntu/airflow-venv/lib/python3.12/site-packages/airflow/example_dags/example_trigger_controller_dag.py
[2026-02-25T05:18:08.730+0000] {processor.py:914} INFO - Processing file /home/ubuntu/airflow-venv/lib/python3.12/site-packages/airflow/example_dags/example_trigger_controller_dag.py for tasks to queue
[2026-02-25T05:18:08.732+0000] {logging_mixin.py:190} INFO - [2026-02-25T05:18:08.731+0000] {dagbag.py:588} INFO - Filling up the DagBag from /home/ubuntu/airflow-venv/lib/python3.12/site-packages/airflow/example_dags/example_trigger_controller_dag.py
[2026-02-25T05:18:08.737+0000] {processor.py:925} INFO - DAG(s) 'example_trigger_controller_dag' retrieved from /home/ubuntu/airflow-venv/lib/python3.12/site-packages/airflow/example_dags/example_trigger_controller_dag.py
[2026-02-25T05:18:08.746+0000] {logging_mixin.py:190} INFO - [2026-02-25T05:18:08.746+0000] {dag.py:3239} INFO - Sync 1 DAGs
[2026-02-25T05:18:08.757+0000] {logging_mixin.py:190} INFO - [2026-02-25T05:18:08.757+0000] {dag.py:4180} INFO - Setting next_dagrun for example_trigger_controller_dag to 2021-01-01 00:00:00+00:00, run_after=2021-01-01 00:00:00+00:00
[2026-02-25T05:18:08.774+0000] {processor.py:208} INFO - Processing /home/ubuntu/airflow-venv/lib/python3.12/site-packages/airflow/example_dags/example_trigger_controller_dag.py took 0.049 seconds
[2026-02-25T05:18:56.044+0000] {processor.py:186} INFO - Started process (PID=4529) to work on /home/ubuntu/airflow-venv/lib/python3.12/site-packages/airflow/example_dags/example_trigger_controller_dag.py
[2026-02-25T05:18:56.045+0000] {processor.py:914} INFO - Processing file /home/ubuntu/airflow-venv/lib/python3.12/site-packages/airflow/example_dags/example_trigger_controller_dag.py for tasks to queue
[2026-02-25T05:18:56.047+0000] {logging_mixin.py:190} INFO - [2026-02-25T05:18:56.047+0000] {dagbag.py:588} INFO - Filling up the DagBag from /home/ubuntu/airflow-venv/lib/python3.12/site-packages/airflow/example_dags/example_trigger_controller_dag.py
[2026-02-25T05:18:56.051+0000] {processor.py:925} INFO - DAG(s) 'example_trigger_controller_dag' retrieved from /home/ubuntu/airflow-venv/lib/python3.12/site-packages/airflow/example_dags/example_trigger_controller_dag.py
[2026-02-25T05:18:56.060+0000] {logging_mixin.py:190} INFO - [2026-02-25T05:18:56.060+0000] {dag.py:3239} INFO - Sync 1 DAGs
[2026-02-25T05:18:56.072+0000] {logging_mixin.py:190} INFO - [2026-02-25T05:18:56.072+0000] {dag.py:4180} INFO - Setting next_dagrun for example_trigger_controller_dag to 2021-01-01 00:00:00+00:00, run_after=2021-01-01 00:00:00+00:00
[2026-02-25T05:18:56.088+0000] {processor.py:208} INFO - Processing /home/ubuntu/airflow-venv/lib/python3.12/site-packages/airflow/example_dags/example_trigger_controller_dag.py took 0.048 seconds
[2026-02-25T05:19:45.762+0000] {processor.py:186} INFO - Started process (PID=4582) to work on /home/ubuntu/airflow-venv/lib/python3.12/site-packages/airflow/example_dags/example_trigger_controller_dag.py
[2026-02-25T05:19:45.763+0000] {processor.py:914} INFO - Processing file /home/ubuntu/airflow-venv/lib/python3.12/site-packages/airflow/example_dags/example_trigger_controller_dag.py for tasks to queue
[2026-02-25T05:19:45.765+0000] {logging_mixin.py:190} INFO - [2026-02-25T05:19:45.765+0000] {dagbag.py:588} INFO - Filling up the DagBag from /home/ubuntu/airflow-venv/lib/python3.12/site-packages/airflow/example_dags/example_trigger_controller_dag.py
[2026-02-25T05:19:45.770+0000] {processor.py:925} INFO - DAG(s) 'example_trigger_controller_dag' retrieved from /home/ubuntu/airflow-venv/lib/python3.12/site-packages/airflow/example_dags/example_trigger_controller_dag.py
[2026-02-25T05:19:45.779+0000] {logging_mixin.py:190} INFO - [2026-02-25T05:19:45.779+0000] {dag.py:3239} INFO - Sync 1 DAGs
[2026-02-25T05:19:45.791+0000] {logging_mixin.py:190} INFO - [2026-02-25T05:19:45.791+0000] {dag.py:4180} INFO - Setting next_dagrun for example_trigger_controller_dag to 2021-01-01 00:00:00+00:00, run_after=2021-01-01 00:00:00+00:00
[2026-02-25T05:19:45.808+0000] {processor.py:208} INFO - Processing /home/ubuntu/airflow-venv/lib/python3.12/site-packages/airflow/example_dags/example_trigger_controller_dag.py took 0.049 seconds
[2026-02-25T08:22:36.639+0000] {processor.py:186} INFO - Started process (PID=2624) to work on /home/ubuntu/airflow-venv/lib/python3.12/site-packages/airflow/example_dags/example_trigger_controller_dag.py
[2026-02-25T08:22:36.642+0000] {processor.py:914} INFO - Processing file /home/ubuntu/airflow-venv/lib/python3.12/site-packages/airflow/example_dags/example_trigger_controller_dag.py for tasks to queue
[2026-02-25T08:22:36.643+0000] {logging_mixin.py:190} INFO - [2026-02-25T08:22:36.643+0000] {dagbag.py:588} INFO - Filling up the DagBag from /home/ubuntu/airflow-venv/lib/python3.12/site-packages/airflow/example_dags/example_trigger_controller_dag.py
[2026-02-25T08:22:36.647+0000] {processor.py:925} INFO - DAG(s) 'example_trigger_controller_dag' retrieved from /home/ubuntu/airflow-venv/lib/python3.12/site-packages/airflow/example_dags/example_trigger_controller_dag.py
[2026-02-25T08:22:36.657+0000] {logging_mixin.py:190} INFO - [2026-02-25T08:22:36.657+0000] {dag.py:3239} INFO - Sync 1 DAGs
[2026-02-25T08:22:36.669+0000] {logging_mixin.py:190} INFO - [2026-02-25T08:22:36.669+0000] {dag.py:4180} INFO - Setting next_dagrun for example_trigger_controller_dag to 2021-01-01 00:00:00+00:00, run_after=2021-01-01 00:00:00+00:00
[2026-02-25T08:22:36.681+0000] {processor.py:208} INFO - Processing /home/ubuntu/airflow-venv/lib/python3.12/site-packages/airflow/example_dags/example_trigger_controller_dag.py took 0.045 seconds
[2026-02-25T08:23:29.742+0000] {processor.py:186} INFO - Started process (PID=2692) to work on /home/ubuntu/airflow-venv/lib/python3.12/site-packages/airflow/example_dags/example_trigger_controller_dag.py
[2026-02-25T08:23:29.743+0000] {processor.py:914} INFO - Processing file /home/ubuntu/airflow-venv/lib/python3.12/site-packages/airflow/example_dags/example_trigger_controller_dag.py for tasks to queue
[2026-02-25T08:23:29.745+0000] {logging_mixin.py:190} INFO - [2026-02-25T08:23:29.744+0000] {dagbag.py:588} INFO - Filling up the DagBag from /home/ubuntu/airflow-venv/lib/python3.12/site-packages/airflow/example_dags/example_trigger_controller_dag.py
[2026-02-25T08:23:29.749+0000] {processor.py:925} INFO - DAG(s) 'example_trigger_controller_dag' retrieved from /home/ubuntu/airflow-venv/lib/python3.12/site-packages/airflow/example_dags/example_trigger_controller_dag.py
[2026-02-25T08:23:29.758+0000] {logging_mixin.py:190} INFO - [2026-02-25T08:23:29.758+0000] {dag.py:3239} INFO - Sync 1 DAGs
[2026-02-25T08:23:29.770+0000] {logging_mixin.py:190} INFO - [2026-02-25T08:23:29.769+0000] {dag.py:4180} INFO - Setting next_dagrun for example_trigger_controller_dag to 2021-01-01 00:00:00+00:00, run_after=2021-01-01 00:00:00+00:00
[2026-02-25T08:23:29.782+0000] {processor.py:208} INFO - Processing /home/ubuntu/airflow-venv/lib/python3.12/site-packages/airflow/example_dags/example_trigger_controller_dag.py took 0.044 seconds
[2026-02-25T08:24:19.315+0000] {processor.py:186} INFO - Started process (PID=2752) to work on /home/ubuntu/airflow-venv/lib/python3.12/site-packages/airflow/example_dags/example_trigger_controller_dag.py
[2026-02-25T08:24:19.316+0000] {processor.py:914} INFO - Processing file /home/ubuntu/airflow-venv/lib/python3.12/site-packages/airflow/example_dags/example_trigger_controller_dag.py for tasks to queue
[2026-02-25T08:24:19.317+0000] {logging_mixin.py:190} INFO - [2026-02-25T08:24:19.317+0000] {dagbag.py:588} INFO - Filling up the DagBag from /home/ubuntu/airflow-venv/lib/python3.12/site-packages/airflow/example_dags/example_trigger_controller_dag.py
[2026-02-25T08:24:19.322+0000] {processor.py:925} INFO - DAG(s) 'example_trigger_controller_dag' retrieved from /home/ubuntu/airflow-venv/lib/python3.12/site-packages/airflow/example_dags/example_trigger_controller_dag.py
[2026-02-25T08:24:19.331+0000] {logging_mixin.py:190} INFO - [2026-02-25T08:24:19.330+0000] {dag.py:3239} INFO - Sync 1 DAGs
[2026-02-25T08:24:19.342+0000] {logging_mixin.py:190} INFO - [2026-02-25T08:24:19.342+0000] {dag.py:4180} INFO - Setting next_dagrun for example_trigger_controller_dag to 2021-01-01 00:00:00+00:00, run_after=2021-01-01 00:00:00+00:00
[2026-02-25T08:24:19.358+0000] {processor.py:208} INFO - Processing /home/ubuntu/airflow-venv/lib/python3.12/site-packages/airflow/example_dags/example_trigger_controller_dag.py took 0.047 seconds
[2026-02-25T08:25:06.152+0000] {processor.py:186} INFO - Started process (PID=2805) to work on /home/ubuntu/airflow-venv/lib/python3.12/site-packages/airflow/example_dags/example_trigger_controller_dag.py
[2026-02-25T08:25:06.154+0000] {processor.py:914} INFO - Processing file /home/ubuntu/airflow-venv/lib/python3.12/site-packages/airflow/example_dags/example_trigger_controller_dag.py for tasks to queue
[2026-02-25T08:25:06.155+0000] {logging_mixin.py:190} INFO - [2026-02-25T08:25:06.155+0000] {dagbag.py:588} INFO - Filling up the DagBag from /home/ubuntu/airflow-venv/lib/python3.12/site-packages/airflow/example_dags/example_trigger_controller_dag.py
[2026-02-25T08:25:06.159+0000] {processor.py:925} INFO - DAG(s) 'example_trigger_controller_dag' retrieved from /home/ubuntu/airflow-venv/lib/python3.12/site-packages/airflow/example_dags/example_trigger_controller_dag.py
[2026-02-25T08:25:06.168+0000] {logging_mixin.py:190} INFO - [2026-02-25T08:25:06.168+0000] {dag.py:3239} INFO - Sync 1 DAGs
[2026-02-25T08:25:06.180+0000] {logging_mixin.py:190} INFO - [2026-02-25T08:25:06.180+0000] {dag.py:4180} INFO - Setting next_dagrun for example_trigger_controller_dag to 2021-01-01 00:00:00+00:00, run_after=2021-01-01 00:00:00+00:00
[2026-02-25T08:25:06.196+0000] {processor.py:208} INFO - Processing /home/ubuntu/airflow-venv/lib/python3.12/site-packages/airflow/example_dags/example_trigger_controller_dag.py took 0.048 seconds
[2026-02-25T08:25:55.652+0000] {processor.py:186} INFO - Started process (PID=2859) to work on /home/ubuntu/airflow-venv/lib/python3.12/site-packages/airflow/example_dags/example_trigger_controller_dag.py
[2026-02-25T08:25:55.653+0000] {processor.py:914} INFO - Processing file /home/ubuntu/airflow-venv/lib/python3.12/site-packages/airflow/example_dags/example_trigger_controller_dag.py for tasks to queue
[2026-02-25T08:25:55.654+0000] {logging_mixin.py:190} INFO - [2026-02-25T08:25:55.654+0000] {dagbag.py:588} INFO - Filling up the DagBag from /home/ubuntu/airflow-venv/lib/python3.12/site-packages/airflow/example_dags/example_trigger_controller_dag.py
[2026-02-25T08:25:55.658+0000] {processor.py:925} INFO - DAG(s) 'example_trigger_controller_dag' retrieved from /home/ubuntu/airflow-venv/lib/python3.12/site-packages/airflow/example_dags/example_trigger_controller_dag.py
[2026-02-25T08:25:55.667+0000] {logging_mixin.py:190} INFO - [2026-02-25T08:25:55.667+0000] {dag.py:3239} INFO - Sync 1 DAGs
[2026-02-25T08:25:55.678+0000] {logging_mixin.py:190} INFO - [2026-02-25T08:25:55.678+0000] {dag.py:4180} INFO - Setting next_dagrun for example_trigger_controller_dag to 2021-01-01 00:00:00+00:00, run_after=2021-01-01 00:00:00+00:00
[2026-02-25T08:25:55.694+0000] {processor.py:208} INFO - Processing /home/ubuntu/airflow-venv/lib/python3.12/site-packages/airflow/example_dags/example_trigger_controller_dag.py took 0.046 seconds
[2026-02-25T08:26:44.923+0000] {processor.py:186} INFO - Started process (PID=2910) to work on /home/ubuntu/airflow-venv/lib/python3.12/site-packages/airflow/example_dags/example_trigger_controller_dag.py
[2026-02-25T08:26:44.925+0000] {processor.py:914} INFO - Processing file /home/ubuntu/airflow-venv/lib/python3.12/site-packages/airflow/example_dags/example_trigger_controller_dag.py for tasks to queue
[2026-02-25T08:26:44.926+0000] {logging_mixin.py:190} INFO - [2026-02-25T08:26:44.926+0000] {dagbag.py:588} INFO - Filling up the DagBag from /home/ubuntu/airflow-venv/lib/python3.12/site-packages/airflow/example_dags/example_trigger_controller_dag.py
[2026-02-25T08:26:44.930+0000] {processor.py:925} INFO - DAG(s) 'example_trigger_controller_dag' retrieved from /home/ubuntu/airflow-venv/lib/python3.12/site-packages/airflow/example_dags/example_trigger_controller_dag.py
[2026-02-25T08:26:44.939+0000] {logging_mixin.py:190} INFO - [2026-02-25T08:26:44.939+0000] {dag.py:3239} INFO - Sync 1 DAGs
[2026-02-25T08:26:44.951+0000] {logging_mixin.py:190} INFO - [2026-02-25T08:26:44.951+0000] {dag.py:4180} INFO - Setting next_dagrun for example_trigger_controller_dag to 2021-01-01 00:00:00+00:00, run_after=2021-01-01 00:00:00+00:00
[2026-02-25T08:26:44.967+0000] {processor.py:208} INFO - Processing /home/ubuntu/airflow-venv/lib/python3.12/site-packages/airflow/example_dags/example_trigger_controller_dag.py took 0.047 seconds
[2026-02-25T08:27:35.727+0000] {processor.py:186} INFO - Started process (PID=2963) to work on /home/ubuntu/airflow-venv/lib/python3.12/site-packages/airflow/example_dags/example_trigger_controller_dag.py
[2026-02-25T08:27:35.728+0000] {processor.py:914} INFO - Processing file /home/ubuntu/airflow-venv/lib/python3.12/site-packages/airflow/example_dags/example_trigger_controller_dag.py for tasks to queue
[2026-02-25T08:27:35.730+0000] {logging_mixin.py:190} INFO - [2026-02-25T08:27:35.729+0000] {dagbag.py:588} INFO - Filling up the DagBag from /home/ubuntu/airflow-venv/lib/python3.12/site-packages/airflow/example_dags/example_trigger_controller_dag.py
[2026-02-25T08:27:35.734+0000] {processor.py:925} INFO - DAG(s) 'example_trigger_controller_dag' retrieved from /home/ubuntu/airflow-venv/lib/python3.12/site-packages/airflow/example_dags/example_trigger_controller_dag.py
[2026-02-25T08:27:35.742+0000] {logging_mixin.py:190} INFO - [2026-02-25T08:27:35.742+0000] {dag.py:3239} INFO - Sync 1 DAGs
[2026-02-25T08:27:35.754+0000] {logging_mixin.py:190} INFO - [2026-02-25T08:27:35.753+0000] {dag.py:4180} INFO - Setting next_dagrun for example_trigger_controller_dag to 2021-01-01 00:00:00+00:00, run_after=2021-01-01 00:00:00+00:00
[2026-02-25T08:27:35.769+0000] {processor.py:208} INFO - Processing /home/ubuntu/airflow-venv/lib/python3.12/site-packages/airflow/example_dags/example_trigger_controller_dag.py took 0.046 seconds
[2026-02-25T08:28:26.361+0000] {processor.py:186} INFO - Started process (PID=3018) to work on /home/ubuntu/airflow-venv/lib/python3.12/site-packages/airflow/example_dags/example_trigger_controller_dag.py
[2026-02-25T08:28:26.363+0000] {processor.py:914} INFO - Processing file /home/ubuntu/airflow-venv/lib/python3.12/site-packages/airflow/example_dags/example_trigger_controller_dag.py for tasks to queue
[2026-02-25T08:28:26.364+0000] {logging_mixin.py:190} INFO - [2026-02-25T08:28:26.364+0000] {dagbag.py:588} INFO - Filling up the DagBag from /home/ubuntu/airflow-venv/lib/python3.12/site-packages/airflow/example_dags/example_trigger_controller_dag.py
[2026-02-25T08:28:26.368+0000] {processor.py:925} INFO - DAG(s) 'example_trigger_controller_dag' retrieved from /home/ubuntu/airflow-venv/lib/python3.12/site-packages/airflow/example_dags/example_trigger_controller_dag.py
[2026-02-25T08:28:26.377+0000] {logging_mixin.py:190} INFO - [2026-02-25T08:28:26.377+0000] {dag.py:3239} INFO - Sync 1 DAGs
[2026-02-25T08:28:26.465+0000] {logging_mixin.py:190} INFO - [2026-02-25T08:28:26.465+0000] {dag.py:4180} INFO - Setting next_dagrun for example_trigger_controller_dag to 2021-01-01 00:00:00+00:00, run_after=2021-01-01 00:00:00+00:00
[2026-02-25T08:28:26.481+0000] {processor.py:208} INFO - Processing /home/ubuntu/airflow-venv/lib/python3.12/site-packages/airflow/example_dags/example_trigger_controller_dag.py took 0.123 seconds
[2026-02-25T08:29:18.745+0000] {processor.py:186} INFO - Started process (PID=3071) to work on /home/ubuntu/airflow-venv/lib/python3.12/site-packages/airflow/example_dags/example_trigger_controller_dag.py
[2026-02-25T08:29:18.747+0000] {processor.py:914} INFO - Processing file /home/ubuntu/airflow-venv/lib/python3.12/site-packages/airflow/example_dags/example_trigger_controller_dag.py for tasks to queue
[2026-02-25T08:29:18.748+0000] {logging_mixin.py:190} INFO - [2026-02-25T08:29:18.748+0000] {dagbag.py:588} INFO - Filling up the DagBag from /home/ubuntu/airflow-venv/lib/python3.12/site-packages/airflow/example_dags/example_trigger_controller_dag.py
[2026-02-25T08:29:18.752+0000] {processor.py:925} INFO - DAG(s) 'example_trigger_controller_dag' retrieved from /home/ubuntu/airflow-venv/lib/python3.12/site-packages/airflow/example_dags/example_trigger_controller_dag.py
[2026-02-25T08:29:18.761+0000] {logging_mixin.py:190} INFO - [2026-02-25T08:29:18.761+0000] {dag.py:3239} INFO - Sync 1 DAGs
[2026-02-25T08:29:18.773+0000] {logging_mixin.py:190} INFO - [2026-02-25T08:29:18.773+0000] {dag.py:4180} INFO - Setting next_dagrun for example_trigger_controller_dag to 2021-01-01 00:00:00+00:00, run_after=2021-01-01 00:00:00+00:00
[2026-02-25T08:29:18.790+0000] {processor.py:208} INFO - Processing /home/ubuntu/airflow-venv/lib/python3.12/site-packages/airflow/example_dags/example_trigger_controller_dag.py took 0.048 seconds
[2026-02-25T08:30:10.953+0000] {processor.py:186} INFO - Started process (PID=3127) to work on /home/ubuntu/airflow-venv/lib/python3.12/site-packages/airflow/example_dags/example_trigger_controller_dag.py
[2026-02-25T08:30:10.955+0000] {processor.py:914} INFO - Processing file /home/ubuntu/airflow-venv/lib/python3.12/site-packages/airflow/example_dags/example_trigger_controller_dag.py for tasks to queue
[2026-02-25T08:30:10.956+0000] {logging_mixin.py:190} INFO - [2026-02-25T08:30:10.956+0000] {dagbag.py:588} INFO - Filling up the DagBag from /home/ubuntu/airflow-venv/lib/python3.12/site-packages/airflow/example_dags/example_trigger_controller_dag.py
[2026-02-25T08:30:10.960+0000] {processor.py:925} INFO - DAG(s) 'example_trigger_controller_dag' retrieved from /home/ubuntu/airflow-venv/lib/python3.12/site-packages/airflow/example_dags/example_trigger_controller_dag.py
[2026-02-25T08:30:10.969+0000] {logging_mixin.py:190} INFO - [2026-02-25T08:30:10.969+0000] {dag.py:3239} INFO - Sync 1 DAGs
[2026-02-25T08:30:10.981+0000] {logging_mixin.py:190} INFO - [2026-02-25T08:30:10.980+0000] {dag.py:4180} INFO - Setting next_dagrun for example_trigger_controller_dag to 2021-01-01 00:00:00+00:00, run_after=2021-01-01 00:00:00+00:00
[2026-02-25T08:30:10.997+0000] {processor.py:208} INFO - Processing /home/ubuntu/airflow-venv/lib/python3.12/site-packages/airflow/example_dags/example_trigger_controller_dag.py took 0.047 seconds
[2026-02-25T08:31:01.436+0000] {processor.py:186} INFO - Started process (PID=3181) to work on /home/ubuntu/airflow-venv/lib/python3.12/site-packages/airflow/example_dags/example_trigger_controller_dag.py
[2026-02-25T08:31:01.438+0000] {processor.py:914} INFO - Processing file /home/ubuntu/airflow-venv/lib/python3.12/site-packages/airflow/example_dags/example_trigger_controller_dag.py for tasks to queue
[2026-02-25T08:31:01.439+0000] {logging_mixin.py:190} INFO - [2026-02-25T08:31:01.439+0000] {dagbag.py:588} INFO - Filling up the DagBag from /home/ubuntu/airflow-venv/lib/python3.12/site-packages/airflow/example_dags/example_trigger_controller_dag.py
[2026-02-25T08:31:01.444+0000] {processor.py:925} INFO - DAG(s) 'example_trigger_controller_dag' retrieved from /home/ubuntu/airflow-venv/lib/python3.12/site-packages/airflow/example_dags/example_trigger_controller_dag.py
[2026-02-25T08:31:01.453+0000] {logging_mixin.py:190} INFO - [2026-02-25T08:31:01.452+0000] {dag.py:3239} INFO - Sync 1 DAGs
[2026-02-25T08:31:01.465+0000] {logging_mixin.py:190} INFO - [2026-02-25T08:31:01.465+0000] {dag.py:4180} INFO - Setting next_dagrun for example_trigger_controller_dag to 2021-01-01 00:00:00+00:00, run_after=2021-01-01 00:00:00+00:00
[2026-02-25T08:31:01.481+0000] {processor.py:208} INFO - Processing /home/ubuntu/airflow-venv/lib/python3.12/site-packages/airflow/example_dags/example_trigger_controller_dag.py took 0.048 seconds
[2026-02-25T09:42:46.137+0000] {processor.py:186} INFO - Started process (PID=2150) to work on /home/ubuntu/airflow-venv/lib/python3.12/site-packages/airflow/example_dags/example_trigger_controller_dag.py
[2026-02-25T09:42:46.139+0000] {processor.py:914} INFO - Processing file /home/ubuntu/airflow-venv/lib/python3.12/site-packages/airflow/example_dags/example_trigger_controller_dag.py for tasks to queue
[2026-02-25T09:42:46.140+0000] {logging_mixin.py:190} INFO - [2026-02-25T09:42:46.140+0000] {dagbag.py:588} INFO - Filling up the DagBag from /home/ubuntu/airflow-venv/lib/python3.12/site-packages/airflow/example_dags/example_trigger_controller_dag.py
[2026-02-25T09:42:46.144+0000] {processor.py:925} INFO - DAG(s) 'example_trigger_controller_dag' retrieved from /home/ubuntu/airflow-venv/lib/python3.12/site-packages/airflow/example_dags/example_trigger_controller_dag.py
[2026-02-25T09:42:46.154+0000] {logging_mixin.py:190} INFO - [2026-02-25T09:42:46.154+0000] {dag.py:3239} INFO - Sync 1 DAGs
[2026-02-25T09:42:46.166+0000] {logging_mixin.py:190} INFO - [2026-02-25T09:42:46.166+0000] {dag.py:4180} INFO - Setting next_dagrun for example_trigger_controller_dag to 2021-01-01 00:00:00+00:00, run_after=2021-01-01 00:00:00+00:00
[2026-02-25T09:42:46.182+0000] {processor.py:208} INFO - Processing /home/ubuntu/airflow-venv/lib/python3.12/site-packages/airflow/example_dags/example_trigger_controller_dag.py took 0.049 seconds
[2026-02-25T09:43:39.286+0000] {processor.py:186} INFO - Started process (PID=2226) to work on /home/ubuntu/airflow-venv/lib/python3.12/site-packages/airflow/example_dags/example_trigger_controller_dag.py
[2026-02-25T09:43:39.287+0000] {processor.py:914} INFO - Processing file /home/ubuntu/airflow-venv/lib/python3.12/site-packages/airflow/example_dags/example_trigger_controller_dag.py for tasks to queue
[2026-02-25T09:43:39.288+0000] {logging_mixin.py:190} INFO - [2026-02-25T09:43:39.288+0000] {dagbag.py:588} INFO - Filling up the DagBag from /home/ubuntu/airflow-venv/lib/python3.12/site-packages/airflow/example_dags/example_trigger_controller_dag.py
[2026-02-25T09:43:39.292+0000] {processor.py:925} INFO - DAG(s) 'example_trigger_controller_dag' retrieved from /home/ubuntu/airflow-venv/lib/python3.12/site-packages/airflow/example_dags/example_trigger_controller_dag.py
[2026-02-25T09:43:39.301+0000] {logging_mixin.py:190} INFO - [2026-02-25T09:43:39.301+0000] {dag.py:3239} INFO - Sync 1 DAGs
[2026-02-25T09:43:39.312+0000] {logging_mixin.py:190} INFO - [2026-02-25T09:43:39.312+0000] {dag.py:4180} INFO - Setting next_dagrun for example_trigger_controller_dag to 2021-01-01 00:00:00+00:00, run_after=2021-01-01 00:00:00+00:00
[2026-02-25T09:43:39.327+0000] {processor.py:208} INFO - Processing /home/ubuntu/airflow-venv/lib/python3.12/site-packages/airflow/example_dags/example_trigger_controller_dag.py took 0.045 seconds
[2026-02-25T09:44:28.832+0000] {processor.py:186} INFO - Started process (PID=2705) to work on /home/ubuntu/airflow-venv/lib/python3.12/site-packages/airflow/example_dags/example_trigger_controller_dag.py
[2026-02-25T09:44:28.833+0000] {processor.py:914} INFO - Processing file /home/ubuntu/airflow-venv/lib/python3.12/site-packages/airflow/example_dags/example_trigger_controller_dag.py for tasks to queue
[2026-02-25T09:44:28.835+0000] {logging_mixin.py:190} INFO - [2026-02-25T09:44:28.835+0000] {dagbag.py:588} INFO - Filling up the DagBag from /home/ubuntu/airflow-venv/lib/python3.12/site-packages/airflow/example_dags/example_trigger_controller_dag.py
[2026-02-25T09:44:28.839+0000] {processor.py:925} INFO - DAG(s) 'example_trigger_controller_dag' retrieved from /home/ubuntu/airflow-venv/lib/python3.12/site-packages/airflow/example_dags/example_trigger_controller_dag.py
[2026-02-25T09:44:28.848+0000] {logging_mixin.py:190} INFO - [2026-02-25T09:44:28.848+0000] {dag.py:3239} INFO - Sync 1 DAGs
[2026-02-25T09:44:28.859+0000] {logging_mixin.py:190} INFO - [2026-02-25T09:44:28.859+0000] {dag.py:4180} INFO - Setting next_dagrun for example_trigger_controller_dag to 2021-01-01 00:00:00+00:00, run_after=2021-01-01 00:00:00+00:00
[2026-02-25T09:44:28.876+0000] {processor.py:208} INFO - Processing /home/ubuntu/airflow-venv/lib/python3.12/site-packages/airflow/example_dags/example_trigger_controller_dag.py took 0.047 seconds
[2026-02-25T09:45:15.651+0000] {processor.py:186} INFO - Started process (PID=2758) to work on /home/ubuntu/airflow-venv/lib/python3.12/site-packages/airflow/example_dags/example_trigger_controller_dag.py
[2026-02-25T09:45:15.652+0000] {processor.py:914} INFO - Processing file /home/ubuntu/airflow-venv/lib/python3.12/site-packages/airflow/example_dags/example_trigger_controller_dag.py for tasks to queue
[2026-02-25T09:45:15.654+0000] {logging_mixin.py:190} INFO - [2026-02-25T09:45:15.653+0000] {dagbag.py:588} INFO - Filling up the DagBag from /home/ubuntu/airflow-venv/lib/python3.12/site-packages/airflow/example_dags/example_trigger_controller_dag.py
[2026-02-25T09:45:15.658+0000] {processor.py:925} INFO - DAG(s) 'example_trigger_controller_dag' retrieved from /home/ubuntu/airflow-venv/lib/python3.12/site-packages/airflow/example_dags/example_trigger_controller_dag.py
[2026-02-25T09:45:15.667+0000] {logging_mixin.py:190} INFO - [2026-02-25T09:45:15.666+0000] {dag.py:3239} INFO - Sync 1 DAGs
[2026-02-25T09:45:15.678+0000] {logging_mixin.py:190} INFO - [2026-02-25T09:45:15.678+0000] {dag.py:4180} INFO - Setting next_dagrun for example_trigger_controller_dag to 2021-01-01 00:00:00+00:00, run_after=2021-01-01 00:00:00+00:00
[2026-02-25T09:45:15.695+0000] {processor.py:208} INFO - Processing /home/ubuntu/airflow-venv/lib/python3.12/site-packages/airflow/example_dags/example_trigger_controller_dag.py took 0.047 seconds
[2026-02-25T09:46:06.270+0000] {processor.py:186} INFO - Started process (PID=2811) to work on /home/ubuntu/airflow-venv/lib/python3.12/site-packages/airflow/example_dags/example_trigger_controller_dag.py
[2026-02-25T09:46:06.271+0000] {processor.py:914} INFO - Processing file /home/ubuntu/airflow-venv/lib/python3.12/site-packages/airflow/example_dags/example_trigger_controller_dag.py for tasks to queue
[2026-02-25T09:46:06.272+0000] {logging_mixin.py:190} INFO - [2026-02-25T09:46:06.272+0000] {dagbag.py:588} INFO - Filling up the DagBag from /home/ubuntu/airflow-venv/lib/python3.12/site-packages/airflow/example_dags/example_trigger_controller_dag.py
[2026-02-25T09:46:06.277+0000] {processor.py:925} INFO - DAG(s) 'example_trigger_controller_dag' retrieved from /home/ubuntu/airflow-venv/lib/python3.12/site-packages/airflow/example_dags/example_trigger_controller_dag.py
[2026-02-25T09:46:06.285+0000] {logging_mixin.py:190} INFO - [2026-02-25T09:46:06.285+0000] {dag.py:3239} INFO - Sync 1 DAGs
[2026-02-25T09:46:06.297+0000] {logging_mixin.py:190} INFO - [2026-02-25T09:46:06.296+0000] {dag.py:4180} INFO - Setting next_dagrun for example_trigger_controller_dag to 2021-01-01 00:00:00+00:00, run_after=2021-01-01 00:00:00+00:00
[2026-02-25T09:46:06.312+0000] {processor.py:208} INFO - Processing /home/ubuntu/airflow-venv/lib/python3.12/site-packages/airflow/example_dags/example_trigger_controller_dag.py took 0.045 seconds
[2026-02-25T09:46:55.792+0000] {processor.py:186} INFO - Started process (PID=2867) to work on /home/ubuntu/airflow-venv/lib/python3.12/site-packages/airflow/example_dags/example_trigger_controller_dag.py
[2026-02-25T09:46:55.794+0000] {processor.py:914} INFO - Processing file /home/ubuntu/airflow-venv/lib/python3.12/site-packages/airflow/example_dags/example_trigger_controller_dag.py for tasks to queue
[2026-02-25T09:46:55.795+0000] {logging_mixin.py:190} INFO - [2026-02-25T09:46:55.795+0000] {dagbag.py:588} INFO - Filling up the DagBag from /home/ubuntu/airflow-venv/lib/python3.12/site-packages/airflow/example_dags/example_trigger_controller_dag.py
[2026-02-25T09:46:55.799+0000] {processor.py:925} INFO - DAG(s) 'example_trigger_controller_dag' retrieved from /home/ubuntu/airflow-venv/lib/python3.12/site-packages/airflow/example_dags/example_trigger_controller_dag.py
[2026-02-25T09:46:55.808+0000] {logging_mixin.py:190} INFO - [2026-02-25T09:46:55.808+0000] {dag.py:3239} INFO - Sync 1 DAGs
[2026-02-25T09:46:55.819+0000] {logging_mixin.py:190} INFO - [2026-02-25T09:46:55.819+0000] {dag.py:4180} INFO - Setting next_dagrun for example_trigger_controller_dag to 2021-01-01 00:00:00+00:00, run_after=2021-01-01 00:00:00+00:00
[2026-02-25T09:46:55.835+0000] {processor.py:208} INFO - Processing /home/ubuntu/airflow-venv/lib/python3.12/site-packages/airflow/example_dags/example_trigger_controller_dag.py took 0.046 seconds
[2026-02-25T09:47:45.285+0000] {processor.py:186} INFO - Started process (PID=2925) to work on /home/ubuntu/airflow-venv/lib/python3.12/site-packages/airflow/example_dags/example_trigger_controller_dag.py
[2026-02-25T09:47:45.287+0000] {processor.py:914} INFO - Processing file /home/ubuntu/airflow-venv/lib/python3.12/site-packages/airflow/example_dags/example_trigger_controller_dag.py for tasks to queue
[2026-02-25T09:47:45.288+0000] {logging_mixin.py:190} INFO - [2026-02-25T09:47:45.288+0000] {dagbag.py:588} INFO - Filling up the DagBag from /home/ubuntu/airflow-venv/lib/python3.12/site-packages/airflow/example_dags/example_trigger_controller_dag.py
[2026-02-25T09:47:45.292+0000] {processor.py:925} INFO - DAG(s) 'example_trigger_controller_dag' retrieved from /home/ubuntu/airflow-venv/lib/python3.12/site-packages/airflow/example_dags/example_trigger_controller_dag.py
[2026-02-25T09:47:45.301+0000] {logging_mixin.py:190} INFO - [2026-02-25T09:47:45.301+0000] {dag.py:3239} INFO - Sync 1 DAGs
[2026-02-25T09:47:45.312+0000] {logging_mixin.py:190} INFO - [2026-02-25T09:47:45.312+0000] {dag.py:4180} INFO - Setting next_dagrun for example_trigger_controller_dag to 2021-01-01 00:00:00+00:00, run_after=2021-01-01 00:00:00+00:00
[2026-02-25T09:47:45.327+0000] {processor.py:208} INFO - Processing /home/ubuntu/airflow-venv/lib/python3.12/site-packages/airflow/example_dags/example_trigger_controller_dag.py took 0.045 seconds
[2026-02-25T09:48:35.608+0000] {processor.py:186} INFO - Started process (PID=2977) to work on /home/ubuntu/airflow-venv/lib/python3.12/site-packages/airflow/example_dags/example_trigger_controller_dag.py
[2026-02-25T09:48:35.609+0000] {processor.py:914} INFO - Processing file /home/ubuntu/airflow-venv/lib/python3.12/site-packages/airflow/example_dags/example_trigger_controller_dag.py for tasks to queue
[2026-02-25T09:48:35.611+0000] {logging_mixin.py:190} INFO - [2026-02-25T09:48:35.610+0000] {dagbag.py:588} INFO - Filling up the DagBag from /home/ubuntu/airflow-venv/lib/python3.12/site-packages/airflow/example_dags/example_trigger_controller_dag.py
[2026-02-25T09:48:35.615+0000] {processor.py:925} INFO - DAG(s) 'example_trigger_controller_dag' retrieved from /home/ubuntu/airflow-venv/lib/python3.12/site-packages/airflow/example_dags/example_trigger_controller_dag.py
[2026-02-25T09:48:35.624+0000] {logging_mixin.py:190} INFO - [2026-02-25T09:48:35.623+0000] {dag.py:3239} INFO - Sync 1 DAGs
[2026-02-25T09:48:35.703+0000] {logging_mixin.py:190} INFO - [2026-02-25T09:48:35.702+0000] {dag.py:4180} INFO - Setting next_dagrun for example_trigger_controller_dag to 2021-01-01 00:00:00+00:00, run_after=2021-01-01 00:00:00+00:00
[2026-02-25T09:48:35.717+0000] {processor.py:208} INFO - Processing /home/ubuntu/airflow-venv/lib/python3.12/site-packages/airflow/example_dags/example_trigger_controller_dag.py took 0.113 seconds
[2026-02-25T09:49:30.655+0000] {processor.py:186} INFO - Started process (PID=3030) to work on /home/ubuntu/airflow-venv/lib/python3.12/site-packages/airflow/example_dags/example_trigger_controller_dag.py
[2026-02-25T09:49:30.656+0000] {processor.py:914} INFO - Processing file /home/ubuntu/airflow-venv/lib/python3.12/site-packages/airflow/example_dags/example_trigger_controller_dag.py for tasks to queue
[2026-02-25T09:49:30.657+0000] {logging_mixin.py:190} INFO - [2026-02-25T09:49:30.657+0000] {dagbag.py:588} INFO - Filling up the DagBag from /home/ubuntu/airflow-venv/lib/python3.12/site-packages/airflow/example_dags/example_trigger_controller_dag.py
[2026-02-25T09:49:30.662+0000] {processor.py:925} INFO - DAG(s) 'example_trigger_controller_dag' retrieved from /home/ubuntu/airflow-venv/lib/python3.12/site-packages/airflow/example_dags/example_trigger_controller_dag.py
[2026-02-25T09:49:30.671+0000] {logging_mixin.py:190} INFO - [2026-02-25T09:49:30.670+0000] {dag.py:3239} INFO - Sync 1 DAGs
[2026-02-25T09:49:30.682+0000] {logging_mixin.py:190} INFO - [2026-02-25T09:49:30.682+0000] {dag.py:4180} INFO - Setting next_dagrun for example_trigger_controller_dag to 2021-01-01 00:00:00+00:00, run_after=2021-01-01 00:00:00+00:00
[2026-02-25T09:49:30.699+0000] {processor.py:208} INFO - Processing /home/ubuntu/airflow-venv/lib/python3.12/site-packages/airflow/example_dags/example_trigger_controller_dag.py took 0.048 seconds
[2026-02-25T09:50:23.879+0000] {processor.py:186} INFO - Started process (PID=3089) to work on /home/ubuntu/airflow-venv/lib/python3.12/site-packages/airflow/example_dags/example_trigger_controller_dag.py
[2026-02-25T09:50:23.880+0000] {processor.py:914} INFO - Processing file /home/ubuntu/airflow-venv/lib/python3.12/site-packages/airflow/example_dags/example_trigger_controller_dag.py for tasks to queue
[2026-02-25T09:50:23.882+0000] {logging_mixin.py:190} INFO - [2026-02-25T09:50:23.881+0000] {dagbag.py:588} INFO - Filling up the DagBag from /home/ubuntu/airflow-venv/lib/python3.12/site-packages/airflow/example_dags/example_trigger_controller_dag.py
[2026-02-25T09:50:23.886+0000] {processor.py:925} INFO - DAG(s) 'example_trigger_controller_dag' retrieved from /home/ubuntu/airflow-venv/lib/python3.12/site-packages/airflow/example_dags/example_trigger_controller_dag.py
[2026-02-25T09:50:23.895+0000] {logging_mixin.py:190} INFO - [2026-02-25T09:50:23.895+0000] {dag.py:3239} INFO - Sync 1 DAGs
[2026-02-25T09:50:23.906+0000] {logging_mixin.py:190} INFO - [2026-02-25T09:50:23.906+0000] {dag.py:4180} INFO - Setting next_dagrun for example_trigger_controller_dag to 2021-01-01 00:00:00+00:00, run_after=2021-01-01 00:00:00+00:00
[2026-02-25T09:50:23.922+0000] {processor.py:208} INFO - Processing /home/ubuntu/airflow-venv/lib/python3.12/site-packages/airflow/example_dags/example_trigger_controller_dag.py took 0.047 seconds
[2026-02-25T09:51:11.022+0000] {processor.py:186} INFO - Started process (PID=3139) to work on /home/ubuntu/airflow-venv/lib/python3.12/site-packages/airflow/example_dags/example_trigger_controller_dag.py
[2026-02-25T09:51:11.023+0000] {processor.py:914} INFO - Processing file /home/ubuntu/airflow-venv/lib/python3.12/site-packages/airflow/example_dags/example_trigger_controller_dag.py for tasks to queue
[2026-02-25T09:51:11.025+0000] {logging_mixin.py:190} INFO - [2026-02-25T09:51:11.024+0000] {dagbag.py:588} INFO - Filling up the DagBag from /home/ubuntu/airflow-venv/lib/python3.12/site-packages/airflow/example_dags/example_trigger_controller_dag.py
[2026-02-25T09:51:11.029+0000] {processor.py:925} INFO - DAG(s) 'example_trigger_controller_dag' retrieved from /home/ubuntu/airflow-venv/lib/python3.12/site-packages/airflow/example_dags/example_trigger_controller_dag.py
[2026-02-25T09:51:11.037+0000] {logging_mixin.py:190} INFO - [2026-02-25T09:51:11.037+0000] {dag.py:3239} INFO - Sync 1 DAGs
[2026-02-25T09:51:11.049+0000] {logging_mixin.py:190} INFO - [2026-02-25T09:51:11.049+0000] {dag.py:4180} INFO - Setting next_dagrun for example_trigger_controller_dag to 2021-01-01 00:00:00+00:00, run_after=2021-01-01 00:00:00+00:00
[2026-02-25T09:51:11.065+0000] {processor.py:208} INFO - Processing /home/ubuntu/airflow-venv/lib/python3.12/site-packages/airflow/example_dags/example_trigger_controller_dag.py took 0.047 seconds
[2026-02-25T09:51:59.391+0000] {processor.py:186} INFO - Started process (PID=3192) to work on /home/ubuntu/airflow-venv/lib/python3.12/site-packages/airflow/example_dags/example_trigger_controller_dag.py
[2026-02-25T09:51:59.392+0000] {processor.py:914} INFO - Processing file /home/ubuntu/airflow-venv/lib/python3.12/site-packages/airflow/example_dags/example_trigger_controller_dag.py for tasks to queue
[2026-02-25T09:51:59.394+0000] {logging_mixin.py:190} INFO - [2026-02-25T09:51:59.394+0000] {dagbag.py:588} INFO - Filling up the DagBag from /home/ubuntu/airflow-venv/lib/python3.12/site-packages/airflow/example_dags/example_trigger_controller_dag.py
[2026-02-25T09:51:59.398+0000] {processor.py:925} INFO - DAG(s) 'example_trigger_controller_dag' retrieved from /home/ubuntu/airflow-venv/lib/python3.12/site-packages/airflow/example_dags/example_trigger_controller_dag.py
[2026-02-25T09:51:59.407+0000] {logging_mixin.py:190} INFO - [2026-02-25T09:51:59.407+0000] {dag.py:3239} INFO - Sync 1 DAGs
[2026-02-25T09:51:59.419+0000] {logging_mixin.py:190} INFO - [2026-02-25T09:51:59.419+0000] {dag.py:4180} INFO - Setting next_dagrun for example_trigger_controller_dag to 2021-01-01 00:00:00+00:00, run_after=2021-01-01 00:00:00+00:00
[2026-02-25T09:51:59.437+0000] {processor.py:208} INFO - Processing /home/ubuntu/airflow-venv/lib/python3.12/site-packages/airflow/example_dags/example_trigger_controller_dag.py took 0.049 seconds
[2026-02-25T09:52:48.654+0000] {processor.py:186} INFO - Started process (PID=3247) to work on /home/ubuntu/airflow-venv/lib/python3.12/site-packages/airflow/example_dags/example_trigger_controller_dag.py
[2026-02-25T09:52:48.656+0000] {processor.py:914} INFO - Processing file /home/ubuntu/airflow-venv/lib/python3.12/site-packages/airflow/example_dags/example_trigger_controller_dag.py for tasks to queue
[2026-02-25T09:52:48.657+0000] {logging_mixin.py:190} INFO - [2026-02-25T09:52:48.657+0000] {dagbag.py:588} INFO - Filling up the DagBag from /home/ubuntu/airflow-venv/lib/python3.12/site-packages/airflow/example_dags/example_trigger_controller_dag.py
[2026-02-25T09:52:48.662+0000] {processor.py:925} INFO - DAG(s) 'example_trigger_controller_dag' retrieved from /home/ubuntu/airflow-venv/lib/python3.12/site-packages/airflow/example_dags/example_trigger_controller_dag.py
[2026-02-25T09:52:48.671+0000] {logging_mixin.py:190} INFO - [2026-02-25T09:52:48.671+0000] {dag.py:3239} INFO - Sync 1 DAGs
[2026-02-25T09:52:48.683+0000] {logging_mixin.py:190} INFO - [2026-02-25T09:52:48.683+0000] {dag.py:4180} INFO - Setting next_dagrun for example_trigger_controller_dag to 2021-01-01 00:00:00+00:00, run_after=2021-01-01 00:00:00+00:00
[2026-02-25T09:52:48.699+0000] {processor.py:208} INFO - Processing /home/ubuntu/airflow-venv/lib/python3.12/site-packages/airflow/example_dags/example_trigger_controller_dag.py took 0.049 seconds
[2026-02-25T09:53:35.904+0000] {processor.py:186} INFO - Started process (PID=3298) to work on /home/ubuntu/airflow-venv/lib/python3.12/site-packages/airflow/example_dags/example_trigger_controller_dag.py
[2026-02-25T09:53:35.906+0000] {processor.py:914} INFO - Processing file /home/ubuntu/airflow-venv/lib/python3.12/site-packages/airflow/example_dags/example_trigger_controller_dag.py for tasks to queue
[2026-02-25T09:53:35.907+0000] {logging_mixin.py:190} INFO - [2026-02-25T09:53:35.907+0000] {dagbag.py:588} INFO - Filling up the DagBag from /home/ubuntu/airflow-venv/lib/python3.12/site-packages/airflow/example_dags/example_trigger_controller_dag.py
[2026-02-25T09:53:35.912+0000] {processor.py:925} INFO - DAG(s) 'example_trigger_controller_dag' retrieved from /home/ubuntu/airflow-venv/lib/python3.12/site-packages/airflow/example_dags/example_trigger_controller_dag.py
[2026-02-25T09:53:35.920+0000] {logging_mixin.py:190} INFO - [2026-02-25T09:53:35.920+0000] {dag.py:3239} INFO - Sync 1 DAGs
[2026-02-25T09:53:35.932+0000] {logging_mixin.py:190} INFO - [2026-02-25T09:53:35.932+0000] {dag.py:4180} INFO - Setting next_dagrun for example_trigger_controller_dag to 2021-01-01 00:00:00+00:00, run_after=2021-01-01 00:00:00+00:00
[2026-02-25T09:53:35.948+0000] {processor.py:208} INFO - Processing /home/ubuntu/airflow-venv/lib/python3.12/site-packages/airflow/example_dags/example_trigger_controller_dag.py took 0.047 seconds
[2026-02-25T09:54:25.818+0000] {processor.py:186} INFO - Started process (PID=3349) to work on /home/ubuntu/airflow-venv/lib/python3.12/site-packages/airflow/example_dags/example_trigger_controller_dag.py
[2026-02-25T09:54:25.819+0000] {processor.py:914} INFO - Processing file /home/ubuntu/airflow-venv/lib/python3.12/site-packages/airflow/example_dags/example_trigger_controller_dag.py for tasks to queue
[2026-02-25T09:54:25.821+0000] {logging_mixin.py:190} INFO - [2026-02-25T09:54:25.821+0000] {dagbag.py:588} INFO - Filling up the DagBag from /home/ubuntu/airflow-venv/lib/python3.12/site-packages/airflow/example_dags/example_trigger_controller_dag.py
[2026-02-25T09:54:25.826+0000] {processor.py:925} INFO - DAG(s) 'example_trigger_controller_dag' retrieved from /home/ubuntu/airflow-venv/lib/python3.12/site-packages/airflow/example_dags/example_trigger_controller_dag.py
[2026-02-25T09:54:25.835+0000] {logging_mixin.py:190} INFO - [2026-02-25T09:54:25.835+0000] {dag.py:3239} INFO - Sync 1 DAGs
[2026-02-25T09:54:25.847+0000] {logging_mixin.py:190} INFO - [2026-02-25T09:54:25.847+0000] {dag.py:4180} INFO - Setting next_dagrun for example_trigger_controller_dag to 2021-01-01 00:00:00+00:00, run_after=2021-01-01 00:00:00+00:00
[2026-02-25T09:54:25.864+0000] {processor.py:208} INFO - Processing /home/ubuntu/airflow-venv/lib/python3.12/site-packages/airflow/example_dags/example_trigger_controller_dag.py took 0.049 seconds
[2026-02-25T09:55:16.857+0000] {processor.py:186} INFO - Started process (PID=3406) to work on /home/ubuntu/airflow-venv/lib/python3.12/site-packages/airflow/example_dags/example_trigger_controller_dag.py
[2026-02-25T09:55:16.858+0000] {processor.py:914} INFO - Processing file /home/ubuntu/airflow-venv/lib/python3.12/site-packages/airflow/example_dags/example_trigger_controller_dag.py for tasks to queue
[2026-02-25T09:55:16.860+0000] {logging_mixin.py:190} INFO - [2026-02-25T09:55:16.859+0000] {dagbag.py:588} INFO - Filling up the DagBag from /home/ubuntu/airflow-venv/lib/python3.12/site-packages/airflow/example_dags/example_trigger_controller_dag.py
[2026-02-25T09:55:16.864+0000] {processor.py:925} INFO - DAG(s) 'example_trigger_controller_dag' retrieved from /home/ubuntu/airflow-venv/lib/python3.12/site-packages/airflow/example_dags/example_trigger_controller_dag.py
[2026-02-25T09:55:16.873+0000] {logging_mixin.py:190} INFO - [2026-02-25T09:55:16.873+0000] {dag.py:3239} INFO - Sync 1 DAGs
[2026-02-25T09:55:16.885+0000] {logging_mixin.py:190} INFO - [2026-02-25T09:55:16.885+0000] {dag.py:4180} INFO - Setting next_dagrun for example_trigger_controller_dag to 2021-01-01 00:00:00+00:00, run_after=2021-01-01 00:00:00+00:00
[2026-02-25T09:55:16.901+0000] {processor.py:208} INFO - Processing /home/ubuntu/airflow-venv/lib/python3.12/site-packages/airflow/example_dags/example_trigger_controller_dag.py took 0.048 seconds
[2026-02-25T09:56:04.854+0000] {processor.py:186} INFO - Started process (PID=3457) to work on /home/ubuntu/airflow-venv/lib/python3.12/site-packages/airflow/example_dags/example_trigger_controller_dag.py
[2026-02-25T09:56:04.855+0000] {processor.py:914} INFO - Processing file /home/ubuntu/airflow-venv/lib/python3.12/site-packages/airflow/example_dags/example_trigger_controller_dag.py for tasks to queue
[2026-02-25T09:56:04.857+0000] {logging_mixin.py:190} INFO - [2026-02-25T09:56:04.857+0000] {dagbag.py:588} INFO - Filling up the DagBag from /home/ubuntu/airflow-venv/lib/python3.12/site-packages/airflow/example_dags/example_trigger_controller_dag.py
[2026-02-25T09:56:04.861+0000] {processor.py:925} INFO - DAG(s) 'example_trigger_controller_dag' retrieved from /home/ubuntu/airflow-venv/lib/python3.12/site-packages/airflow/example_dags/example_trigger_controller_dag.py
[2026-02-25T09:56:04.870+0000] {logging_mixin.py:190} INFO - [2026-02-25T09:56:04.870+0000] {dag.py:3239} INFO - Sync 1 DAGs
[2026-02-25T09:56:04.881+0000] {logging_mixin.py:190} INFO - [2026-02-25T09:56:04.881+0000] {dag.py:4180} INFO - Setting next_dagrun for example_trigger_controller_dag to 2021-01-01 00:00:00+00:00, run_after=2021-01-01 00:00:00+00:00
[2026-02-25T09:56:04.897+0000] {processor.py:208} INFO - Processing /home/ubuntu/airflow-venv/lib/python3.12/site-packages/airflow/example_dags/example_trigger_controller_dag.py took 0.047 seconds
[2026-02-25T09:56:54.766+0000] {processor.py:186} INFO - Started process (PID=3509) to work on /home/ubuntu/airflow-venv/lib/python3.12/site-packages/airflow/example_dags/example_trigger_controller_dag.py
[2026-02-25T09:56:54.767+0000] {processor.py:914} INFO - Processing file /home/ubuntu/airflow-venv/lib/python3.12/site-packages/airflow/example_dags/example_trigger_controller_dag.py for tasks to queue
[2026-02-25T09:56:54.769+0000] {logging_mixin.py:190} INFO - [2026-02-25T09:56:54.769+0000] {dagbag.py:588} INFO - Filling up the DagBag from /home/ubuntu/airflow-venv/lib/python3.12/site-packages/airflow/example_dags/example_trigger_controller_dag.py
[2026-02-25T09:56:54.774+0000] {processor.py:925} INFO - DAG(s) 'example_trigger_controller_dag' retrieved from /home/ubuntu/airflow-venv/lib/python3.12/site-packages/airflow/example_dags/example_trigger_controller_dag.py
[2026-02-25T09:56:54.783+0000] {logging_mixin.py:190} INFO - [2026-02-25T09:56:54.783+0000] {dag.py:3239} INFO - Sync 1 DAGs
[2026-02-25T09:56:54.795+0000] {logging_mixin.py:190} INFO - [2026-02-25T09:56:54.794+0000] {dag.py:4180} INFO - Setting next_dagrun for example_trigger_controller_dag to 2021-01-01 00:00:00+00:00, run_after=2021-01-01 00:00:00+00:00
[2026-02-25T09:56:54.810+0000] {processor.py:208} INFO - Processing /home/ubuntu/airflow-venv/lib/python3.12/site-packages/airflow/example_dags/example_trigger_controller_dag.py took 0.048 seconds
[2026-02-25T09:57:45.761+0000] {processor.py:186} INFO - Started process (PID=4006) to work on /home/ubuntu/airflow-venv/lib/python3.12/site-packages/airflow/example_dags/example_trigger_controller_dag.py
[2026-02-25T09:57:45.762+0000] {processor.py:914} INFO - Processing file /home/ubuntu/airflow-venv/lib/python3.12/site-packages/airflow/example_dags/example_trigger_controller_dag.py for tasks to queue
[2026-02-25T09:57:45.764+0000] {logging_mixin.py:190} INFO - [2026-02-25T09:57:45.764+0000] {dagbag.py:588} INFO - Filling up the DagBag from /home/ubuntu/airflow-venv/lib/python3.12/site-packages/airflow/example_dags/example_trigger_controller_dag.py
[2026-02-25T09:57:45.768+0000] {processor.py:925} INFO - DAG(s) 'example_trigger_controller_dag' retrieved from /home/ubuntu/airflow-venv/lib/python3.12/site-packages/airflow/example_dags/example_trigger_controller_dag.py
[2026-02-25T09:57:45.777+0000] {logging_mixin.py:190} INFO - [2026-02-25T09:57:45.777+0000] {dag.py:3239} INFO - Sync 1 DAGs
[2026-02-25T09:57:45.789+0000] {logging_mixin.py:190} INFO - [2026-02-25T09:57:45.788+0000] {dag.py:4180} INFO - Setting next_dagrun for example_trigger_controller_dag to 2021-01-01 00:00:00+00:00, run_after=2021-01-01 00:00:00+00:00
[2026-02-25T09:57:45.801+0000] {processor.py:208} INFO - Processing /home/ubuntu/airflow-venv/lib/python3.12/site-packages/airflow/example_dags/example_trigger_controller_dag.py took 0.044 seconds
[2026-02-25T09:58:36.916+0000] {processor.py:186} INFO - Started process (PID=4059) to work on /home/ubuntu/airflow-venv/lib/python3.12/site-packages/airflow/example_dags/example_trigger_controller_dag.py
[2026-02-25T09:58:36.917+0000] {processor.py:914} INFO - Processing file /home/ubuntu/airflow-venv/lib/python3.12/site-packages/airflow/example_dags/example_trigger_controller_dag.py for tasks to queue
[2026-02-25T09:58:36.919+0000] {logging_mixin.py:190} INFO - [2026-02-25T09:58:36.919+0000] {dagbag.py:588} INFO - Filling up the DagBag from /home/ubuntu/airflow-venv/lib/python3.12/site-packages/airflow/example_dags/example_trigger_controller_dag.py
[2026-02-25T09:58:36.923+0000] {processor.py:925} INFO - DAG(s) 'example_trigger_controller_dag' retrieved from /home/ubuntu/airflow-venv/lib/python3.12/site-packages/airflow/example_dags/example_trigger_controller_dag.py
[2026-02-25T09:58:36.932+0000] {logging_mixin.py:190} INFO - [2026-02-25T09:58:36.932+0000] {dag.py:3239} INFO - Sync 1 DAGs
[2026-02-25T09:58:36.944+0000] {logging_mixin.py:190} INFO - [2026-02-25T09:58:36.944+0000] {dag.py:4180} INFO - Setting next_dagrun for example_trigger_controller_dag to 2021-01-01 00:00:00+00:00, run_after=2021-01-01 00:00:00+00:00
[2026-02-25T09:58:36.958+0000] {processor.py:208} INFO - Processing /home/ubuntu/airflow-venv/lib/python3.12/site-packages/airflow/example_dags/example_trigger_controller_dag.py took 0.045 seconds
[2026-02-25T09:59:24.833+0000] {processor.py:186} INFO - Started process (PID=4111) to work on /home/ubuntu/airflow-venv/lib/python3.12/site-packages/airflow/example_dags/example_trigger_controller_dag.py
[2026-02-25T09:59:24.834+0000] {processor.py:914} INFO - Processing file /home/ubuntu/airflow-venv/lib/python3.12/site-packages/airflow/example_dags/example_trigger_controller_dag.py for tasks to queue
[2026-02-25T09:59:24.836+0000] {logging_mixin.py:190} INFO - [2026-02-25T09:59:24.836+0000] {dagbag.py:588} INFO - Filling up the DagBag from /home/ubuntu/airflow-venv/lib/python3.12/site-packages/airflow/example_dags/example_trigger_controller_dag.py
[2026-02-25T09:59:24.840+0000] {processor.py:925} INFO - DAG(s) 'example_trigger_controller_dag' retrieved from /home/ubuntu/airflow-venv/lib/python3.12/site-packages/airflow/example_dags/example_trigger_controller_dag.py
[2026-02-25T09:59:24.849+0000] {logging_mixin.py:190} INFO - [2026-02-25T09:59:24.849+0000] {dag.py:3239} INFO - Sync 1 DAGs
[2026-02-25T09:59:24.860+0000] {logging_mixin.py:190} INFO - [2026-02-25T09:59:24.860+0000] {dag.py:4180} INFO - Setting next_dagrun for example_trigger_controller_dag to 2021-01-01 00:00:00+00:00, run_after=2021-01-01 00:00:00+00:00
[2026-02-25T09:59:24.873+0000] {processor.py:208} INFO - Processing /home/ubuntu/airflow-venv/lib/python3.12/site-packages/airflow/example_dags/example_trigger_controller_dag.py took 0.044 seconds
[2026-02-25T10:00:13.616+0000] {processor.py:186} INFO - Started process (PID=4164) to work on /home/ubuntu/airflow-venv/lib/python3.12/site-packages/airflow/example_dags/example_trigger_controller_dag.py
[2026-02-25T10:00:13.617+0000] {processor.py:914} INFO - Processing file /home/ubuntu/airflow-venv/lib/python3.12/site-packages/airflow/example_dags/example_trigger_controller_dag.py for tasks to queue
[2026-02-25T10:00:13.619+0000] {logging_mixin.py:190} INFO - [2026-02-25T10:00:13.618+0000] {dagbag.py:588} INFO - Filling up the DagBag from /home/ubuntu/airflow-venv/lib/python3.12/site-packages/airflow/example_dags/example_trigger_controller_dag.py
[2026-02-25T10:00:13.624+0000] {processor.py:925} INFO - DAG(s) 'example_trigger_controller_dag' retrieved from /home/ubuntu/airflow-venv/lib/python3.12/site-packages/airflow/example_dags/example_trigger_controller_dag.py
[2026-02-25T10:00:13.633+0000] {logging_mixin.py:190} INFO - [2026-02-25T10:00:13.633+0000] {dag.py:3239} INFO - Sync 1 DAGs
[2026-02-25T10:00:13.645+0000] {logging_mixin.py:190} INFO - [2026-02-25T10:00:13.644+0000] {dag.py:4180} INFO - Setting next_dagrun for example_trigger_controller_dag to 2021-01-01 00:00:00+00:00, run_after=2021-01-01 00:00:00+00:00
[2026-02-25T10:00:13.657+0000] {processor.py:208} INFO - Processing /home/ubuntu/airflow-venv/lib/python3.12/site-packages/airflow/example_dags/example_trigger_controller_dag.py took 0.045 seconds
[2026-02-25T10:01:04.647+0000] {processor.py:186} INFO - Started process (PID=4217) to work on /home/ubuntu/airflow-venv/lib/python3.12/site-packages/airflow/example_dags/example_trigger_controller_dag.py
[2026-02-25T10:01:04.648+0000] {processor.py:914} INFO - Processing file /home/ubuntu/airflow-venv/lib/python3.12/site-packages/airflow/example_dags/example_trigger_controller_dag.py for tasks to queue
[2026-02-25T10:01:04.650+0000] {logging_mixin.py:190} INFO - [2026-02-25T10:01:04.650+0000] {dagbag.py:588} INFO - Filling up the DagBag from /home/ubuntu/airflow-venv/lib/python3.12/site-packages/airflow/example_dags/example_trigger_controller_dag.py
[2026-02-25T10:01:04.655+0000] {processor.py:925} INFO - DAG(s) 'example_trigger_controller_dag' retrieved from /home/ubuntu/airflow-venv/lib/python3.12/site-packages/airflow/example_dags/example_trigger_controller_dag.py
[2026-02-25T10:01:04.664+0000] {logging_mixin.py:190} INFO - [2026-02-25T10:01:04.664+0000] {dag.py:3239} INFO - Sync 1 DAGs
[2026-02-25T10:01:04.675+0000] {logging_mixin.py:190} INFO - [2026-02-25T10:01:04.675+0000] {dag.py:4180} INFO - Setting next_dagrun for example_trigger_controller_dag to 2021-01-01 00:00:00+00:00, run_after=2021-01-01 00:00:00+00:00
[2026-02-25T10:01:04.692+0000] {processor.py:208} INFO - Processing /home/ubuntu/airflow-venv/lib/python3.12/site-packages/airflow/example_dags/example_trigger_controller_dag.py took 0.048 seconds
[2026-02-25T10:01:56.091+0000] {processor.py:186} INFO - Started process (PID=4273) to work on /home/ubuntu/airflow-venv/lib/python3.12/site-packages/airflow/example_dags/example_trigger_controller_dag.py
[2026-02-25T10:01:56.092+0000] {processor.py:914} INFO - Processing file /home/ubuntu/airflow-venv/lib/python3.12/site-packages/airflow/example_dags/example_trigger_controller_dag.py for tasks to queue
[2026-02-25T10:01:56.094+0000] {logging_mixin.py:190} INFO - [2026-02-25T10:01:56.094+0000] {dagbag.py:588} INFO - Filling up the DagBag from /home/ubuntu/airflow-venv/lib/python3.12/site-packages/airflow/example_dags/example_trigger_controller_dag.py
[2026-02-25T10:01:56.099+0000] {processor.py:925} INFO - DAG(s) 'example_trigger_controller_dag' retrieved from /home/ubuntu/airflow-venv/lib/python3.12/site-packages/airflow/example_dags/example_trigger_controller_dag.py
[2026-02-25T10:01:56.108+0000] {logging_mixin.py:190} INFO - [2026-02-25T10:01:56.108+0000] {dag.py:3239} INFO - Sync 1 DAGs
[2026-02-25T10:01:56.120+0000] {logging_mixin.py:190} INFO - [2026-02-25T10:01:56.119+0000] {dag.py:4180} INFO - Setting next_dagrun for example_trigger_controller_dag to 2021-01-01 00:00:00+00:00, run_after=2021-01-01 00:00:00+00:00
[2026-02-25T10:01:56.135+0000] {processor.py:208} INFO - Processing /home/ubuntu/airflow-venv/lib/python3.12/site-packages/airflow/example_dags/example_trigger_controller_dag.py took 0.048 seconds
[2026-02-25T10:02:46.004+0000] {processor.py:186} INFO - Started process (PID=4329) to work on /home/ubuntu/airflow-venv/lib/python3.12/site-packages/airflow/example_dags/example_trigger_controller_dag.py
[2026-02-25T10:02:46.005+0000] {processor.py:914} INFO - Processing file /home/ubuntu/airflow-venv/lib/python3.12/site-packages/airflow/example_dags/example_trigger_controller_dag.py for tasks to queue
[2026-02-25T10:02:46.007+0000] {logging_mixin.py:190} INFO - [2026-02-25T10:02:46.007+0000] {dagbag.py:588} INFO - Filling up the DagBag from /home/ubuntu/airflow-venv/lib/python3.12/site-packages/airflow/example_dags/example_trigger_controller_dag.py
[2026-02-25T10:02:46.011+0000] {processor.py:925} INFO - DAG(s) 'example_trigger_controller_dag' retrieved from /home/ubuntu/airflow-venv/lib/python3.12/site-packages/airflow/example_dags/example_trigger_controller_dag.py
[2026-02-25T10:02:46.021+0000] {logging_mixin.py:190} INFO - [2026-02-25T10:02:46.021+0000] {dag.py:3239} INFO - Sync 1 DAGs
[2026-02-25T10:02:46.033+0000] {logging_mixin.py:190} INFO - [2026-02-25T10:02:46.032+0000] {dag.py:4180} INFO - Setting next_dagrun for example_trigger_controller_dag to 2021-01-01 00:00:00+00:00, run_after=2021-01-01 00:00:00+00:00
[2026-02-25T10:02:46.049+0000] {processor.py:208} INFO - Processing /home/ubuntu/airflow-venv/lib/python3.12/site-packages/airflow/example_dags/example_trigger_controller_dag.py took 0.049 seconds
[2026-02-25T10:03:36.412+0000] {processor.py:186} INFO - Started process (PID=4387) to work on /home/ubuntu/airflow-venv/lib/python3.12/site-packages/airflow/example_dags/example_trigger_controller_dag.py
[2026-02-25T10:03:36.413+0000] {processor.py:914} INFO - Processing file /home/ubuntu/airflow-venv/lib/python3.12/site-packages/airflow/example_dags/example_trigger_controller_dag.py for tasks to queue
[2026-02-25T10:03:36.415+0000] {logging_mixin.py:190} INFO - [2026-02-25T10:03:36.414+0000] {dagbag.py:588} INFO - Filling up the DagBag from /home/ubuntu/airflow-venv/lib/python3.12/site-packages/airflow/example_dags/example_trigger_controller_dag.py
[2026-02-25T10:03:36.419+0000] {processor.py:925} INFO - DAG(s) 'example_trigger_controller_dag' retrieved from /home/ubuntu/airflow-venv/lib/python3.12/site-packages/airflow/example_dags/example_trigger_controller_dag.py
[2026-02-25T10:03:36.428+0000] {logging_mixin.py:190} INFO - [2026-02-25T10:03:36.428+0000] {dag.py:3239} INFO - Sync 1 DAGs
[2026-02-25T10:03:36.439+0000] {logging_mixin.py:190} INFO - [2026-02-25T10:03:36.439+0000] {dag.py:4180} INFO - Setting next_dagrun for example_trigger_controller_dag to 2021-01-01 00:00:00+00:00, run_after=2021-01-01 00:00:00+00:00
[2026-02-25T10:03:36.456+0000] {processor.py:208} INFO - Processing /home/ubuntu/airflow-venv/lib/python3.12/site-packages/airflow/example_dags/example_trigger_controller_dag.py took 0.048 seconds
[2026-02-25T10:05:30.809+0000] {processor.py:186} INFO - Started process (PID=2271) to work on /home/ubuntu/airflow-venv/lib/python3.12/site-packages/airflow/example_dags/example_trigger_controller_dag.py
[2026-02-25T10:05:30.811+0000] {processor.py:914} INFO - Processing file /home/ubuntu/airflow-venv/lib/python3.12/site-packages/airflow/example_dags/example_trigger_controller_dag.py for tasks to queue
[2026-02-25T10:05:30.812+0000] {logging_mixin.py:190} INFO - [2026-02-25T10:05:30.812+0000] {dagbag.py:588} INFO - Filling up the DagBag from /home/ubuntu/airflow-venv/lib/python3.12/site-packages/airflow/example_dags/example_trigger_controller_dag.py
[2026-02-25T10:05:30.816+0000] {processor.py:925} INFO - DAG(s) 'example_trigger_controller_dag' retrieved from /home/ubuntu/airflow-venv/lib/python3.12/site-packages/airflow/example_dags/example_trigger_controller_dag.py
[2026-02-25T10:05:30.827+0000] {logging_mixin.py:190} INFO - [2026-02-25T10:05:30.826+0000] {dag.py:3239} INFO - Sync 1 DAGs
[2026-02-25T10:05:30.839+0000] {logging_mixin.py:190} INFO - [2026-02-25T10:05:30.839+0000] {dag.py:4180} INFO - Setting next_dagrun for example_trigger_controller_dag to 2021-01-01 00:00:00+00:00, run_after=2021-01-01 00:00:00+00:00
[2026-02-25T10:05:30.855+0000] {processor.py:208} INFO - Processing /home/ubuntu/airflow-venv/lib/python3.12/site-packages/airflow/example_dags/example_trigger_controller_dag.py took 0.049 seconds
[2026-02-25T10:06:23.951+0000] {processor.py:186} INFO - Started process (PID=2779) to work on /home/ubuntu/airflow-venv/lib/python3.12/site-packages/airflow/example_dags/example_trigger_controller_dag.py
[2026-02-25T10:06:23.952+0000] {processor.py:914} INFO - Processing file /home/ubuntu/airflow-venv/lib/python3.12/site-packages/airflow/example_dags/example_trigger_controller_dag.py for tasks to queue
[2026-02-25T10:06:23.953+0000] {logging_mixin.py:190} INFO - [2026-02-25T10:06:23.953+0000] {dagbag.py:588} INFO - Filling up the DagBag from /home/ubuntu/airflow-venv/lib/python3.12/site-packages/airflow/example_dags/example_trigger_controller_dag.py
[2026-02-25T10:06:23.957+0000] {processor.py:925} INFO - DAG(s) 'example_trigger_controller_dag' retrieved from /home/ubuntu/airflow-venv/lib/python3.12/site-packages/airflow/example_dags/example_trigger_controller_dag.py
[2026-02-25T10:06:23.966+0000] {logging_mixin.py:190} INFO - [2026-02-25T10:06:23.966+0000] {dag.py:3239} INFO - Sync 1 DAGs
[2026-02-25T10:06:23.977+0000] {logging_mixin.py:190} INFO - [2026-02-25T10:06:23.977+0000] {dag.py:4180} INFO - Setting next_dagrun for example_trigger_controller_dag to 2021-01-01 00:00:00+00:00, run_after=2021-01-01 00:00:00+00:00
[2026-02-25T10:06:23.992+0000] {processor.py:208} INFO - Processing /home/ubuntu/airflow-venv/lib/python3.12/site-packages/airflow/example_dags/example_trigger_controller_dag.py took 0.045 seconds
[2026-02-25T10:07:13.507+0000] {processor.py:186} INFO - Started process (PID=2835) to work on /home/ubuntu/airflow-venv/lib/python3.12/site-packages/airflow/example_dags/example_trigger_controller_dag.py
[2026-02-25T10:07:13.508+0000] {processor.py:914} INFO - Processing file /home/ubuntu/airflow-venv/lib/python3.12/site-packages/airflow/example_dags/example_trigger_controller_dag.py for tasks to queue
[2026-02-25T10:07:13.510+0000] {logging_mixin.py:190} INFO - [2026-02-25T10:07:13.510+0000] {dagbag.py:588} INFO - Filling up the DagBag from /home/ubuntu/airflow-venv/lib/python3.12/site-packages/airflow/example_dags/example_trigger_controller_dag.py
[2026-02-25T10:07:13.514+0000] {processor.py:925} INFO - DAG(s) 'example_trigger_controller_dag' retrieved from /home/ubuntu/airflow-venv/lib/python3.12/site-packages/airflow/example_dags/example_trigger_controller_dag.py
[2026-02-25T10:07:13.523+0000] {logging_mixin.py:190} INFO - [2026-02-25T10:07:13.522+0000] {dag.py:3239} INFO - Sync 1 DAGs
[2026-02-25T10:07:13.534+0000] {logging_mixin.py:190} INFO - [2026-02-25T10:07:13.534+0000] {dag.py:4180} INFO - Setting next_dagrun for example_trigger_controller_dag to 2021-01-01 00:00:00+00:00, run_after=2021-01-01 00:00:00+00:00
[2026-02-25T10:07:13.549+0000] {processor.py:208} INFO - Processing /home/ubuntu/airflow-venv/lib/python3.12/site-packages/airflow/example_dags/example_trigger_controller_dag.py took 0.045 seconds
[2026-02-25T10:08:00.325+0000] {processor.py:186} INFO - Started process (PID=2885) to work on /home/ubuntu/airflow-venv/lib/python3.12/site-packages/airflow/example_dags/example_trigger_controller_dag.py
[2026-02-25T10:08:00.326+0000] {processor.py:914} INFO - Processing file /home/ubuntu/airflow-venv/lib/python3.12/site-packages/airflow/example_dags/example_trigger_controller_dag.py for tasks to queue
[2026-02-25T10:08:00.328+0000] {logging_mixin.py:190} INFO - [2026-02-25T10:08:00.327+0000] {dagbag.py:588} INFO - Filling up the DagBag from /home/ubuntu/airflow-venv/lib/python3.12/site-packages/airflow/example_dags/example_trigger_controller_dag.py
[2026-02-25T10:08:00.332+0000] {processor.py:925} INFO - DAG(s) 'example_trigger_controller_dag' retrieved from /home/ubuntu/airflow-venv/lib/python3.12/site-packages/airflow/example_dags/example_trigger_controller_dag.py
[2026-02-25T10:08:00.340+0000] {logging_mixin.py:190} INFO - [2026-02-25T10:08:00.340+0000] {dag.py:3239} INFO - Sync 1 DAGs
[2026-02-25T10:08:00.352+0000] {logging_mixin.py:190} INFO - [2026-02-25T10:08:00.352+0000] {dag.py:4180} INFO - Setting next_dagrun for example_trigger_controller_dag to 2021-01-01 00:00:00+00:00, run_after=2021-01-01 00:00:00+00:00
[2026-02-25T10:08:00.368+0000] {processor.py:208} INFO - Processing /home/ubuntu/airflow-venv/lib/python3.12/site-packages/airflow/example_dags/example_trigger_controller_dag.py took 0.046 seconds
[2026-02-25T10:08:50.944+0000] {processor.py:186} INFO - Started process (PID=2938) to work on /home/ubuntu/airflow-venv/lib/python3.12/site-packages/airflow/example_dags/example_trigger_controller_dag.py
[2026-02-25T10:08:50.945+0000] {processor.py:914} INFO - Processing file /home/ubuntu/airflow-venv/lib/python3.12/site-packages/airflow/example_dags/example_trigger_controller_dag.py for tasks to queue
[2026-02-25T10:08:50.947+0000] {logging_mixin.py:190} INFO - [2026-02-25T10:08:50.946+0000] {dagbag.py:588} INFO - Filling up the DagBag from /home/ubuntu/airflow-venv/lib/python3.12/site-packages/airflow/example_dags/example_trigger_controller_dag.py
[2026-02-25T10:08:50.951+0000] {processor.py:925} INFO - DAG(s) 'example_trigger_controller_dag' retrieved from /home/ubuntu/airflow-venv/lib/python3.12/site-packages/airflow/example_dags/example_trigger_controller_dag.py
[2026-02-25T10:08:50.960+0000] {logging_mixin.py:190} INFO - [2026-02-25T10:08:50.960+0000] {dag.py:3239} INFO - Sync 1 DAGs
[2026-02-25T10:08:50.971+0000] {logging_mixin.py:190} INFO - [2026-02-25T10:08:50.971+0000] {dag.py:4180} INFO - Setting next_dagrun for example_trigger_controller_dag to 2021-01-01 00:00:00+00:00, run_after=2021-01-01 00:00:00+00:00
[2026-02-25T10:08:50.987+0000] {processor.py:208} INFO - Processing /home/ubuntu/airflow-venv/lib/python3.12/site-packages/airflow/example_dags/example_trigger_controller_dag.py took 0.046 seconds
[2026-02-25T10:09:40.467+0000] {processor.py:186} INFO - Started process (PID=2990) to work on /home/ubuntu/airflow-venv/lib/python3.12/site-packages/airflow/example_dags/example_trigger_controller_dag.py
[2026-02-25T10:09:40.468+0000] {processor.py:914} INFO - Processing file /home/ubuntu/airflow-venv/lib/python3.12/site-packages/airflow/example_dags/example_trigger_controller_dag.py for tasks to queue
[2026-02-25T10:09:40.470+0000] {logging_mixin.py:190} INFO - [2026-02-25T10:09:40.470+0000] {dagbag.py:588} INFO - Filling up the DagBag from /home/ubuntu/airflow-venv/lib/python3.12/site-packages/airflow/example_dags/example_trigger_controller_dag.py
[2026-02-25T10:09:40.474+0000] {processor.py:925} INFO - DAG(s) 'example_trigger_controller_dag' retrieved from /home/ubuntu/airflow-venv/lib/python3.12/site-packages/airflow/example_dags/example_trigger_controller_dag.py
[2026-02-25T10:09:40.483+0000] {logging_mixin.py:190} INFO - [2026-02-25T10:09:40.483+0000] {dag.py:3239} INFO - Sync 1 DAGs
[2026-02-25T10:09:40.495+0000] {logging_mixin.py:190} INFO - [2026-02-25T10:09:40.494+0000] {dag.py:4180} INFO - Setting next_dagrun for example_trigger_controller_dag to 2021-01-01 00:00:00+00:00, run_after=2021-01-01 00:00:00+00:00
[2026-02-25T10:09:40.510+0000] {processor.py:208} INFO - Processing /home/ubuntu/airflow-venv/lib/python3.12/site-packages/airflow/example_dags/example_trigger_controller_dag.py took 0.046 seconds
[2026-02-25T10:10:29.960+0000] {processor.py:186} INFO - Started process (PID=3053) to work on /home/ubuntu/airflow-venv/lib/python3.12/site-packages/airflow/example_dags/example_trigger_controller_dag.py
[2026-02-25T10:10:29.961+0000] {processor.py:914} INFO - Processing file /home/ubuntu/airflow-venv/lib/python3.12/site-packages/airflow/example_dags/example_trigger_controller_dag.py for tasks to queue
[2026-02-25T10:10:29.963+0000] {logging_mixin.py:190} INFO - [2026-02-25T10:10:29.963+0000] {dagbag.py:588} INFO - Filling up the DagBag from /home/ubuntu/airflow-venv/lib/python3.12/site-packages/airflow/example_dags/example_trigger_controller_dag.py
[2026-02-25T10:10:29.967+0000] {processor.py:925} INFO - DAG(s) 'example_trigger_controller_dag' retrieved from /home/ubuntu/airflow-venv/lib/python3.12/site-packages/airflow/example_dags/example_trigger_controller_dag.py
[2026-02-25T10:10:29.976+0000] {logging_mixin.py:190} INFO - [2026-02-25T10:10:29.976+0000] {dag.py:3239} INFO - Sync 1 DAGs
[2026-02-25T10:10:29.987+0000] {logging_mixin.py:190} INFO - [2026-02-25T10:10:29.987+0000] {dag.py:4180} INFO - Setting next_dagrun for example_trigger_controller_dag to 2021-01-01 00:00:00+00:00, run_after=2021-01-01 00:00:00+00:00
[2026-02-25T10:10:30.004+0000] {processor.py:208} INFO - Processing /home/ubuntu/airflow-venv/lib/python3.12/site-packages/airflow/example_dags/example_trigger_controller_dag.py took 0.047 seconds
[2026-02-25T10:11:20.283+0000] {processor.py:186} INFO - Started process (PID=3106) to work on /home/ubuntu/airflow-venv/lib/python3.12/site-packages/airflow/example_dags/example_trigger_controller_dag.py
[2026-02-25T10:11:20.284+0000] {processor.py:914} INFO - Processing file /home/ubuntu/airflow-venv/lib/python3.12/site-packages/airflow/example_dags/example_trigger_controller_dag.py for tasks to queue
[2026-02-25T10:11:20.286+0000] {logging_mixin.py:190} INFO - [2026-02-25T10:11:20.285+0000] {dagbag.py:588} INFO - Filling up the DagBag from /home/ubuntu/airflow-venv/lib/python3.12/site-packages/airflow/example_dags/example_trigger_controller_dag.py
[2026-02-25T10:11:20.290+0000] {processor.py:925} INFO - DAG(s) 'example_trigger_controller_dag' retrieved from /home/ubuntu/airflow-venv/lib/python3.12/site-packages/airflow/example_dags/example_trigger_controller_dag.py
[2026-02-25T10:11:20.298+0000] {logging_mixin.py:190} INFO - [2026-02-25T10:11:20.298+0000] {dag.py:3239} INFO - Sync 1 DAGs
[2026-02-25T10:11:20.375+0000] {logging_mixin.py:190} INFO - [2026-02-25T10:11:20.375+0000] {dag.py:4180} INFO - Setting next_dagrun for example_trigger_controller_dag to 2021-01-01 00:00:00+00:00, run_after=2021-01-01 00:00:00+00:00
[2026-02-25T10:11:20.389+0000] {processor.py:208} INFO - Processing /home/ubuntu/airflow-venv/lib/python3.12/site-packages/airflow/example_dags/example_trigger_controller_dag.py took 0.110 seconds
[2026-02-25T10:12:14.168+0000] {processor.py:186} INFO - Started process (PID=3159) to work on /home/ubuntu/airflow-venv/lib/python3.12/site-packages/airflow/example_dags/example_trigger_controller_dag.py
[2026-02-25T10:12:14.169+0000] {processor.py:914} INFO - Processing file /home/ubuntu/airflow-venv/lib/python3.12/site-packages/airflow/example_dags/example_trigger_controller_dag.py for tasks to queue
[2026-02-25T10:12:14.170+0000] {logging_mixin.py:190} INFO - [2026-02-25T10:12:14.170+0000] {dagbag.py:588} INFO - Filling up the DagBag from /home/ubuntu/airflow-venv/lib/python3.12/site-packages/airflow/example_dags/example_trigger_controller_dag.py
[2026-02-25T10:12:14.175+0000] {processor.py:925} INFO - DAG(s) 'example_trigger_controller_dag' retrieved from /home/ubuntu/airflow-venv/lib/python3.12/site-packages/airflow/example_dags/example_trigger_controller_dag.py
[2026-02-25T10:12:14.184+0000] {logging_mixin.py:190} INFO - [2026-02-25T10:12:14.183+0000] {dag.py:3239} INFO - Sync 1 DAGs
[2026-02-25T10:12:14.195+0000] {logging_mixin.py:190} INFO - [2026-02-25T10:12:14.195+0000] {dag.py:4180} INFO - Setting next_dagrun for example_trigger_controller_dag to 2021-01-01 00:00:00+00:00, run_after=2021-01-01 00:00:00+00:00
[2026-02-25T10:12:14.212+0000] {processor.py:208} INFO - Processing /home/ubuntu/airflow-venv/lib/python3.12/site-packages/airflow/example_dags/example_trigger_controller_dag.py took 0.048 seconds
[2026-02-25T10:13:05.199+0000] {processor.py:186} INFO - Started process (PID=3213) to work on /home/ubuntu/airflow-venv/lib/python3.12/site-packages/airflow/example_dags/example_trigger_controller_dag.py
[2026-02-25T10:13:05.200+0000] {processor.py:914} INFO - Processing file /home/ubuntu/airflow-venv/lib/python3.12/site-packages/airflow/example_dags/example_trigger_controller_dag.py for tasks to queue
[2026-02-25T10:13:05.201+0000] {logging_mixin.py:190} INFO - [2026-02-25T10:13:05.201+0000] {dagbag.py:588} INFO - Filling up the DagBag from /home/ubuntu/airflow-venv/lib/python3.12/site-packages/airflow/example_dags/example_trigger_controller_dag.py
[2026-02-25T10:13:05.206+0000] {processor.py:925} INFO - DAG(s) 'example_trigger_controller_dag' retrieved from /home/ubuntu/airflow-venv/lib/python3.12/site-packages/airflow/example_dags/example_trigger_controller_dag.py
[2026-02-25T10:13:05.214+0000] {logging_mixin.py:190} INFO - [2026-02-25T10:13:05.214+0000] {dag.py:3239} INFO - Sync 1 DAGs
[2026-02-25T10:13:05.226+0000] {logging_mixin.py:190} INFO - [2026-02-25T10:13:05.226+0000] {dag.py:4180} INFO - Setting next_dagrun for example_trigger_controller_dag to 2021-01-01 00:00:00+00:00, run_after=2021-01-01 00:00:00+00:00
[2026-02-25T10:13:05.241+0000] {processor.py:208} INFO - Processing /home/ubuntu/airflow-venv/lib/python3.12/site-packages/airflow/example_dags/example_trigger_controller_dag.py took 0.046 seconds
[2026-02-25T10:13:54.702+0000] {processor.py:186} INFO - Started process (PID=3266) to work on /home/ubuntu/airflow-venv/lib/python3.12/site-packages/airflow/example_dags/example_trigger_controller_dag.py
[2026-02-25T10:13:54.703+0000] {processor.py:914} INFO - Processing file /home/ubuntu/airflow-venv/lib/python3.12/site-packages/airflow/example_dags/example_trigger_controller_dag.py for tasks to queue
[2026-02-25T10:13:54.705+0000] {logging_mixin.py:190} INFO - [2026-02-25T10:13:54.704+0000] {dagbag.py:588} INFO - Filling up the DagBag from /home/ubuntu/airflow-venv/lib/python3.12/site-packages/airflow/example_dags/example_trigger_controller_dag.py
[2026-02-25T10:13:54.709+0000] {processor.py:925} INFO - DAG(s) 'example_trigger_controller_dag' retrieved from /home/ubuntu/airflow-venv/lib/python3.12/site-packages/airflow/example_dags/example_trigger_controller_dag.py
[2026-02-25T10:13:54.718+0000] {logging_mixin.py:190} INFO - [2026-02-25T10:13:54.717+0000] {dag.py:3239} INFO - Sync 1 DAGs
[2026-02-25T10:13:54.729+0000] {logging_mixin.py:190} INFO - [2026-02-25T10:13:54.729+0000] {dag.py:4180} INFO - Setting next_dagrun for example_trigger_controller_dag to 2021-01-01 00:00:00+00:00, run_after=2021-01-01 00:00:00+00:00
[2026-02-25T10:13:54.745+0000] {processor.py:208} INFO - Processing /home/ubuntu/airflow-venv/lib/python3.12/site-packages/airflow/example_dags/example_trigger_controller_dag.py took 0.047 seconds
[2026-02-25T10:14:44.103+0000] {processor.py:186} INFO - Started process (PID=3322) to work on /home/ubuntu/airflow-venv/lib/python3.12/site-packages/airflow/example_dags/example_trigger_controller_dag.py
[2026-02-25T10:14:44.105+0000] {processor.py:914} INFO - Processing file /home/ubuntu/airflow-venv/lib/python3.12/site-packages/airflow/example_dags/example_trigger_controller_dag.py for tasks to queue
[2026-02-25T10:14:44.106+0000] {logging_mixin.py:190} INFO - [2026-02-25T10:14:44.106+0000] {dagbag.py:588} INFO - Filling up the DagBag from /home/ubuntu/airflow-venv/lib/python3.12/site-packages/airflow/example_dags/example_trigger_controller_dag.py
[2026-02-25T10:14:44.111+0000] {processor.py:925} INFO - DAG(s) 'example_trigger_controller_dag' retrieved from /home/ubuntu/airflow-venv/lib/python3.12/site-packages/airflow/example_dags/example_trigger_controller_dag.py
[2026-02-25T10:14:44.120+0000] {logging_mixin.py:190} INFO - [2026-02-25T10:14:44.119+0000] {dag.py:3239} INFO - Sync 1 DAGs
[2026-02-25T10:14:44.131+0000] {logging_mixin.py:190} INFO - [2026-02-25T10:14:44.131+0000] {dag.py:4180} INFO - Setting next_dagrun for example_trigger_controller_dag to 2021-01-01 00:00:00+00:00, run_after=2021-01-01 00:00:00+00:00
[2026-02-25T10:14:44.148+0000] {processor.py:208} INFO - Processing /home/ubuntu/airflow-venv/lib/python3.12/site-packages/airflow/example_dags/example_trigger_controller_dag.py took 0.048 seconds
[2026-02-25T10:15:33.359+0000] {processor.py:186} INFO - Started process (PID=3379) to work on /home/ubuntu/airflow-venv/lib/python3.12/site-packages/airflow/example_dags/example_trigger_controller_dag.py
[2026-02-25T10:15:33.360+0000] {processor.py:914} INFO - Processing file /home/ubuntu/airflow-venv/lib/python3.12/site-packages/airflow/example_dags/example_trigger_controller_dag.py for tasks to queue
[2026-02-25T10:15:33.361+0000] {logging_mixin.py:190} INFO - [2026-02-25T10:15:33.361+0000] {dagbag.py:588} INFO - Filling up the DagBag from /home/ubuntu/airflow-venv/lib/python3.12/site-packages/airflow/example_dags/example_trigger_controller_dag.py
[2026-02-25T10:15:33.366+0000] {processor.py:925} INFO - DAG(s) 'example_trigger_controller_dag' retrieved from /home/ubuntu/airflow-venv/lib/python3.12/site-packages/airflow/example_dags/example_trigger_controller_dag.py
[2026-02-25T10:15:33.375+0000] {logging_mixin.py:190} INFO - [2026-02-25T10:15:33.375+0000] {dag.py:3239} INFO - Sync 1 DAGs
[2026-02-25T10:15:33.387+0000] {logging_mixin.py:190} INFO - [2026-02-25T10:15:33.387+0000] {dag.py:4180} INFO - Setting next_dagrun for example_trigger_controller_dag to 2021-01-01 00:00:00+00:00, run_after=2021-01-01 00:00:00+00:00
[2026-02-25T10:15:33.403+0000] {processor.py:208} INFO - Processing /home/ubuntu/airflow-venv/lib/python3.12/site-packages/airflow/example_dags/example_trigger_controller_dag.py took 0.048 seconds
[2026-02-25T10:16:19.603+0000] {processor.py:186} INFO - Started process (PID=3429) to work on /home/ubuntu/airflow-venv/lib/python3.12/site-packages/airflow/example_dags/example_trigger_controller_dag.py
[2026-02-25T10:16:19.604+0000] {processor.py:914} INFO - Processing file /home/ubuntu/airflow-venv/lib/python3.12/site-packages/airflow/example_dags/example_trigger_controller_dag.py for tasks to queue
[2026-02-25T10:16:19.606+0000] {logging_mixin.py:190} INFO - [2026-02-25T10:16:19.605+0000] {dagbag.py:588} INFO - Filling up the DagBag from /home/ubuntu/airflow-venv/lib/python3.12/site-packages/airflow/example_dags/example_trigger_controller_dag.py
[2026-02-25T10:16:19.610+0000] {processor.py:925} INFO - DAG(s) 'example_trigger_controller_dag' retrieved from /home/ubuntu/airflow-venv/lib/python3.12/site-packages/airflow/example_dags/example_trigger_controller_dag.py
[2026-02-25T10:16:19.619+0000] {logging_mixin.py:190} INFO - [2026-02-25T10:16:19.619+0000] {dag.py:3239} INFO - Sync 1 DAGs
[2026-02-25T10:16:19.631+0000] {logging_mixin.py:190} INFO - [2026-02-25T10:16:19.630+0000] {dag.py:4180} INFO - Setting next_dagrun for example_trigger_controller_dag to 2021-01-01 00:00:00+00:00, run_after=2021-01-01 00:00:00+00:00
[2026-02-25T10:16:19.647+0000] {processor.py:208} INFO - Processing /home/ubuntu/airflow-venv/lib/python3.12/site-packages/airflow/example_dags/example_trigger_controller_dag.py took 0.048 seconds
[2026-02-25T10:17:12.909+0000] {processor.py:186} INFO - Started process (PID=3490) to work on /home/ubuntu/airflow-venv/lib/python3.12/site-packages/airflow/example_dags/example_trigger_controller_dag.py
[2026-02-25T10:17:12.910+0000] {processor.py:914} INFO - Processing file /home/ubuntu/airflow-venv/lib/python3.12/site-packages/airflow/example_dags/example_trigger_controller_dag.py for tasks to queue
[2026-02-25T10:17:12.912+0000] {logging_mixin.py:190} INFO - [2026-02-25T10:17:12.911+0000] {dagbag.py:588} INFO - Filling up the DagBag from /home/ubuntu/airflow-venv/lib/python3.12/site-packages/airflow/example_dags/example_trigger_controller_dag.py
[2026-02-25T10:17:12.916+0000] {processor.py:925} INFO - DAG(s) 'example_trigger_controller_dag' retrieved from /home/ubuntu/airflow-venv/lib/python3.12/site-packages/airflow/example_dags/example_trigger_controller_dag.py
[2026-02-25T10:17:12.925+0000] {logging_mixin.py:190} INFO - [2026-02-25T10:17:12.925+0000] {dag.py:3239} INFO - Sync 1 DAGs
[2026-02-25T10:17:12.937+0000] {logging_mixin.py:190} INFO - [2026-02-25T10:17:12.937+0000] {dag.py:4180} INFO - Setting next_dagrun for example_trigger_controller_dag to 2021-01-01 00:00:00+00:00, run_after=2021-01-01 00:00:00+00:00
[2026-02-25T10:17:12.953+0000] {processor.py:208} INFO - Processing /home/ubuntu/airflow-venv/lib/python3.12/site-packages/airflow/example_dags/example_trigger_controller_dag.py took 0.048 seconds
[2026-02-25T10:18:04.283+0000] {processor.py:186} INFO - Started process (PID=3545) to work on /home/ubuntu/airflow-venv/lib/python3.12/site-packages/airflow/example_dags/example_trigger_controller_dag.py
[2026-02-25T10:18:04.284+0000] {processor.py:914} INFO - Processing file /home/ubuntu/airflow-venv/lib/python3.12/site-packages/airflow/example_dags/example_trigger_controller_dag.py for tasks to queue
[2026-02-25T10:18:04.286+0000] {logging_mixin.py:190} INFO - [2026-02-25T10:18:04.285+0000] {dagbag.py:588} INFO - Filling up the DagBag from /home/ubuntu/airflow-venv/lib/python3.12/site-packages/airflow/example_dags/example_trigger_controller_dag.py
[2026-02-25T10:18:04.290+0000] {processor.py:925} INFO - DAG(s) 'example_trigger_controller_dag' retrieved from /home/ubuntu/airflow-venv/lib/python3.12/site-packages/airflow/example_dags/example_trigger_controller_dag.py
[2026-02-25T10:18:04.299+0000] {logging_mixin.py:190} INFO - [2026-02-25T10:18:04.299+0000] {dag.py:3239} INFO - Sync 1 DAGs
[2026-02-25T10:18:04.311+0000] {logging_mixin.py:190} INFO - [2026-02-25T10:18:04.310+0000] {dag.py:4180} INFO - Setting next_dagrun for example_trigger_controller_dag to 2021-01-01 00:00:00+00:00, run_after=2021-01-01 00:00:00+00:00
[2026-02-25T10:18:04.328+0000] {processor.py:208} INFO - Processing /home/ubuntu/airflow-venv/lib/python3.12/site-packages/airflow/example_dags/example_trigger_controller_dag.py took 0.048 seconds
[2026-02-25T10:18:54.461+0000] {processor.py:186} INFO - Started process (PID=3595) to work on /home/ubuntu/airflow-venv/lib/python3.12/site-packages/airflow/example_dags/example_trigger_controller_dag.py
[2026-02-25T10:18:54.463+0000] {processor.py:914} INFO - Processing file /home/ubuntu/airflow-venv/lib/python3.12/site-packages/airflow/example_dags/example_trigger_controller_dag.py for tasks to queue
[2026-02-25T10:18:54.464+0000] {logging_mixin.py:190} INFO - [2026-02-25T10:18:54.464+0000] {dagbag.py:588} INFO - Filling up the DagBag from /home/ubuntu/airflow-venv/lib/python3.12/site-packages/airflow/example_dags/example_trigger_controller_dag.py
[2026-02-25T10:18:54.468+0000] {processor.py:925} INFO - DAG(s) 'example_trigger_controller_dag' retrieved from /home/ubuntu/airflow-venv/lib/python3.12/site-packages/airflow/example_dags/example_trigger_controller_dag.py
[2026-02-25T10:18:54.477+0000] {logging_mixin.py:190} INFO - [2026-02-25T10:18:54.477+0000] {dag.py:3239} INFO - Sync 1 DAGs
[2026-02-25T10:18:54.488+0000] {logging_mixin.py:190} INFO - [2026-02-25T10:18:54.488+0000] {dag.py:4180} INFO - Setting next_dagrun for example_trigger_controller_dag to 2021-01-01 00:00:00+00:00, run_after=2021-01-01 00:00:00+00:00
[2026-02-25T10:18:54.505+0000] {processor.py:208} INFO - Processing /home/ubuntu/airflow-venv/lib/python3.12/site-packages/airflow/example_dags/example_trigger_controller_dag.py took 0.047 seconds
[2026-02-25T10:19:46.699+0000] {processor.py:186} INFO - Started process (PID=3653) to work on /home/ubuntu/airflow-venv/lib/python3.12/site-packages/airflow/example_dags/example_trigger_controller_dag.py
[2026-02-25T10:19:46.700+0000] {processor.py:914} INFO - Processing file /home/ubuntu/airflow-venv/lib/python3.12/site-packages/airflow/example_dags/example_trigger_controller_dag.py for tasks to queue
[2026-02-25T10:19:46.702+0000] {logging_mixin.py:190} INFO - [2026-02-25T10:19:46.701+0000] {dagbag.py:588} INFO - Filling up the DagBag from /home/ubuntu/airflow-venv/lib/python3.12/site-packages/airflow/example_dags/example_trigger_controller_dag.py
[2026-02-25T10:19:46.706+0000] {processor.py:925} INFO - DAG(s) 'example_trigger_controller_dag' retrieved from /home/ubuntu/airflow-venv/lib/python3.12/site-packages/airflow/example_dags/example_trigger_controller_dag.py
[2026-02-25T10:19:46.715+0000] {logging_mixin.py:190} INFO - [2026-02-25T10:19:46.715+0000] {dag.py:3239} INFO - Sync 1 DAGs
[2026-02-25T10:19:46.727+0000] {logging_mixin.py:190} INFO - [2026-02-25T10:19:46.727+0000] {dag.py:4180} INFO - Setting next_dagrun for example_trigger_controller_dag to 2021-01-01 00:00:00+00:00, run_after=2021-01-01 00:00:00+00:00
[2026-02-25T10:19:46.743+0000] {processor.py:208} INFO - Processing /home/ubuntu/airflow-venv/lib/python3.12/site-packages/airflow/example_dags/example_trigger_controller_dag.py took 0.048 seconds
[2026-02-25T10:20:36.627+0000] {processor.py:186} INFO - Started process (PID=3710) to work on /home/ubuntu/airflow-venv/lib/python3.12/site-packages/airflow/example_dags/example_trigger_controller_dag.py
[2026-02-25T10:20:36.629+0000] {processor.py:914} INFO - Processing file /home/ubuntu/airflow-venv/lib/python3.12/site-packages/airflow/example_dags/example_trigger_controller_dag.py for tasks to queue
[2026-02-25T10:20:36.630+0000] {logging_mixin.py:190} INFO - [2026-02-25T10:20:36.630+0000] {dagbag.py:588} INFO - Filling up the DagBag from /home/ubuntu/airflow-venv/lib/python3.12/site-packages/airflow/example_dags/example_trigger_controller_dag.py
[2026-02-25T10:20:36.635+0000] {processor.py:925} INFO - DAG(s) 'example_trigger_controller_dag' retrieved from /home/ubuntu/airflow-venv/lib/python3.12/site-packages/airflow/example_dags/example_trigger_controller_dag.py
[2026-02-25T10:20:36.644+0000] {logging_mixin.py:190} INFO - [2026-02-25T10:20:36.643+0000] {dag.py:3239} INFO - Sync 1 DAGs
[2026-02-25T10:20:36.655+0000] {logging_mixin.py:190} INFO - [2026-02-25T10:20:36.655+0000] {dag.py:4180} INFO - Setting next_dagrun for example_trigger_controller_dag to 2021-01-01 00:00:00+00:00, run_after=2021-01-01 00:00:00+00:00
[2026-02-25T10:20:36.672+0000] {processor.py:208} INFO - Processing /home/ubuntu/airflow-venv/lib/python3.12/site-packages/airflow/example_dags/example_trigger_controller_dag.py took 0.048 seconds
[2026-02-25T10:21:22.722+0000] {processor.py:186} INFO - Started process (PID=3761) to work on /home/ubuntu/airflow-venv/lib/python3.12/site-packages/airflow/example_dags/example_trigger_controller_dag.py
[2026-02-25T10:21:22.724+0000] {processor.py:914} INFO - Processing file /home/ubuntu/airflow-venv/lib/python3.12/site-packages/airflow/example_dags/example_trigger_controller_dag.py for tasks to queue
[2026-02-25T10:21:22.725+0000] {logging_mixin.py:190} INFO - [2026-02-25T10:21:22.725+0000] {dagbag.py:588} INFO - Filling up the DagBag from /home/ubuntu/airflow-venv/lib/python3.12/site-packages/airflow/example_dags/example_trigger_controller_dag.py
[2026-02-25T10:21:22.730+0000] {processor.py:925} INFO - DAG(s) 'example_trigger_controller_dag' retrieved from /home/ubuntu/airflow-venv/lib/python3.12/site-packages/airflow/example_dags/example_trigger_controller_dag.py
[2026-02-25T10:21:22.739+0000] {logging_mixin.py:190} INFO - [2026-02-25T10:21:22.739+0000] {dag.py:3239} INFO - Sync 1 DAGs
[2026-02-25T10:21:22.751+0000] {logging_mixin.py:190} INFO - [2026-02-25T10:21:22.751+0000] {dag.py:4180} INFO - Setting next_dagrun for example_trigger_controller_dag to 2021-01-01 00:00:00+00:00, run_after=2021-01-01 00:00:00+00:00
[2026-02-25T10:21:22.768+0000] {processor.py:208} INFO - Processing /home/ubuntu/airflow-venv/lib/python3.12/site-packages/airflow/example_dags/example_trigger_controller_dag.py took 0.049 seconds
[2026-02-25T10:22:12.051+0000] {processor.py:186} INFO - Started process (PID=3818) to work on /home/ubuntu/airflow-venv/lib/python3.12/site-packages/airflow/example_dags/example_trigger_controller_dag.py
[2026-02-25T10:22:12.052+0000] {processor.py:914} INFO - Processing file /home/ubuntu/airflow-venv/lib/python3.12/site-packages/airflow/example_dags/example_trigger_controller_dag.py for tasks to queue
[2026-02-25T10:22:12.054+0000] {logging_mixin.py:190} INFO - [2026-02-25T10:22:12.053+0000] {dagbag.py:588} INFO - Filling up the DagBag from /home/ubuntu/airflow-venv/lib/python3.12/site-packages/airflow/example_dags/example_trigger_controller_dag.py
[2026-02-25T10:22:12.058+0000] {processor.py:925} INFO - DAG(s) 'example_trigger_controller_dag' retrieved from /home/ubuntu/airflow-venv/lib/python3.12/site-packages/airflow/example_dags/example_trigger_controller_dag.py
[2026-02-25T10:22:12.067+0000] {logging_mixin.py:190} INFO - [2026-02-25T10:22:12.067+0000] {dag.py:3239} INFO - Sync 1 DAGs
[2026-02-25T10:22:12.078+0000] {logging_mixin.py:190} INFO - [2026-02-25T10:22:12.078+0000] {dag.py:4180} INFO - Setting next_dagrun for example_trigger_controller_dag to 2021-01-01 00:00:00+00:00, run_after=2021-01-01 00:00:00+00:00
[2026-02-25T10:22:12.094+0000] {processor.py:208} INFO - Processing /home/ubuntu/airflow-venv/lib/python3.12/site-packages/airflow/example_dags/example_trigger_controller_dag.py took 0.047 seconds
[2026-02-25T10:23:04.293+0000] {processor.py:186} INFO - Started process (PID=3871) to work on /home/ubuntu/airflow-venv/lib/python3.12/site-packages/airflow/example_dags/example_trigger_controller_dag.py
[2026-02-25T10:23:04.294+0000] {processor.py:914} INFO - Processing file /home/ubuntu/airflow-venv/lib/python3.12/site-packages/airflow/example_dags/example_trigger_controller_dag.py for tasks to queue
[2026-02-25T10:23:04.295+0000] {logging_mixin.py:190} INFO - [2026-02-25T10:23:04.295+0000] {dagbag.py:588} INFO - Filling up the DagBag from /home/ubuntu/airflow-venv/lib/python3.12/site-packages/airflow/example_dags/example_trigger_controller_dag.py
[2026-02-25T10:23:04.300+0000] {processor.py:925} INFO - DAG(s) 'example_trigger_controller_dag' retrieved from /home/ubuntu/airflow-venv/lib/python3.12/site-packages/airflow/example_dags/example_trigger_controller_dag.py
[2026-02-25T10:23:04.308+0000] {logging_mixin.py:190} INFO - [2026-02-25T10:23:04.308+0000] {dag.py:3239} INFO - Sync 1 DAGs
[2026-02-25T10:23:04.320+0000] {logging_mixin.py:190} INFO - [2026-02-25T10:23:04.320+0000] {dag.py:4180} INFO - Setting next_dagrun for example_trigger_controller_dag to 2021-01-01 00:00:00+00:00, run_after=2021-01-01 00:00:00+00:00
[2026-02-25T10:23:04.336+0000] {processor.py:208} INFO - Processing /home/ubuntu/airflow-venv/lib/python3.12/site-packages/airflow/example_dags/example_trigger_controller_dag.py took 0.047 seconds
[2026-02-25T10:23:56.765+0000] {processor.py:186} INFO - Started process (PID=3926) to work on /home/ubuntu/airflow-venv/lib/python3.12/site-packages/airflow/example_dags/example_trigger_controller_dag.py
[2026-02-25T10:23:56.766+0000] {processor.py:914} INFO - Processing file /home/ubuntu/airflow-venv/lib/python3.12/site-packages/airflow/example_dags/example_trigger_controller_dag.py for tasks to queue
[2026-02-25T10:23:56.768+0000] {logging_mixin.py:190} INFO - [2026-02-25T10:23:56.767+0000] {dagbag.py:588} INFO - Filling up the DagBag from /home/ubuntu/airflow-venv/lib/python3.12/site-packages/airflow/example_dags/example_trigger_controller_dag.py
[2026-02-25T10:23:56.772+0000] {processor.py:925} INFO - DAG(s) 'example_trigger_controller_dag' retrieved from /home/ubuntu/airflow-venv/lib/python3.12/site-packages/airflow/example_dags/example_trigger_controller_dag.py
[2026-02-25T10:23:56.781+0000] {logging_mixin.py:190} INFO - [2026-02-25T10:23:56.781+0000] {dag.py:3239} INFO - Sync 1 DAGs
[2026-02-25T10:23:56.793+0000] {logging_mixin.py:190} INFO - [2026-02-25T10:23:56.793+0000] {dag.py:4180} INFO - Setting next_dagrun for example_trigger_controller_dag to 2021-01-01 00:00:00+00:00, run_after=2021-01-01 00:00:00+00:00
[2026-02-25T10:23:56.809+0000] {processor.py:208} INFO - Processing /home/ubuntu/airflow-venv/lib/python3.12/site-packages/airflow/example_dags/example_trigger_controller_dag.py took 0.047 seconds
[2026-02-25T10:24:48.079+0000] {processor.py:186} INFO - Started process (PID=3980) to work on /home/ubuntu/airflow-venv/lib/python3.12/site-packages/airflow/example_dags/example_trigger_controller_dag.py
[2026-02-25T10:24:48.080+0000] {processor.py:914} INFO - Processing file /home/ubuntu/airflow-venv/lib/python3.12/site-packages/airflow/example_dags/example_trigger_controller_dag.py for tasks to queue
[2026-02-25T10:24:48.082+0000] {logging_mixin.py:190} INFO - [2026-02-25T10:24:48.081+0000] {dagbag.py:588} INFO - Filling up the DagBag from /home/ubuntu/airflow-venv/lib/python3.12/site-packages/airflow/example_dags/example_trigger_controller_dag.py
[2026-02-25T10:24:48.086+0000] {processor.py:925} INFO - DAG(s) 'example_trigger_controller_dag' retrieved from /home/ubuntu/airflow-venv/lib/python3.12/site-packages/airflow/example_dags/example_trigger_controller_dag.py
[2026-02-25T10:24:48.095+0000] {logging_mixin.py:190} INFO - [2026-02-25T10:24:48.095+0000] {dag.py:3239} INFO - Sync 1 DAGs
[2026-02-25T10:24:48.107+0000] {logging_mixin.py:190} INFO - [2026-02-25T10:24:48.107+0000] {dag.py:4180} INFO - Setting next_dagrun for example_trigger_controller_dag to 2021-01-01 00:00:00+00:00, run_after=2021-01-01 00:00:00+00:00
[2026-02-25T10:24:48.123+0000] {processor.py:208} INFO - Processing /home/ubuntu/airflow-venv/lib/python3.12/site-packages/airflow/example_dags/example_trigger_controller_dag.py took 0.047 seconds
[2026-02-25T10:25:39.418+0000] {processor.py:186} INFO - Started process (PID=4037) to work on /home/ubuntu/airflow-venv/lib/python3.12/site-packages/airflow/example_dags/example_trigger_controller_dag.py
[2026-02-25T10:25:39.420+0000] {processor.py:914} INFO - Processing file /home/ubuntu/airflow-venv/lib/python3.12/site-packages/airflow/example_dags/example_trigger_controller_dag.py for tasks to queue
[2026-02-25T10:25:39.421+0000] {logging_mixin.py:190} INFO - [2026-02-25T10:25:39.421+0000] {dagbag.py:588} INFO - Filling up the DagBag from /home/ubuntu/airflow-venv/lib/python3.12/site-packages/airflow/example_dags/example_trigger_controller_dag.py
[2026-02-25T10:25:39.426+0000] {processor.py:925} INFO - DAG(s) 'example_trigger_controller_dag' retrieved from /home/ubuntu/airflow-venv/lib/python3.12/site-packages/airflow/example_dags/example_trigger_controller_dag.py
[2026-02-25T10:25:39.435+0000] {logging_mixin.py:190} INFO - [2026-02-25T10:25:39.435+0000] {dag.py:3239} INFO - Sync 1 DAGs
[2026-02-25T10:25:39.447+0000] {logging_mixin.py:190} INFO - [2026-02-25T10:25:39.447+0000] {dag.py:4180} INFO - Setting next_dagrun for example_trigger_controller_dag to 2021-01-01 00:00:00+00:00, run_after=2021-01-01 00:00:00+00:00
[2026-02-25T10:25:39.463+0000] {processor.py:208} INFO - Processing /home/ubuntu/airflow-venv/lib/python3.12/site-packages/airflow/example_dags/example_trigger_controller_dag.py took 0.049 seconds
[2026-02-25T10:26:29.092+0000] {processor.py:186} INFO - Started process (PID=4092) to work on /home/ubuntu/airflow-venv/lib/python3.12/site-packages/airflow/example_dags/example_trigger_controller_dag.py
[2026-02-25T10:26:29.093+0000] {processor.py:914} INFO - Processing file /home/ubuntu/airflow-venv/lib/python3.12/site-packages/airflow/example_dags/example_trigger_controller_dag.py for tasks to queue
[2026-02-25T10:26:29.094+0000] {logging_mixin.py:190} INFO - [2026-02-25T10:26:29.094+0000] {dagbag.py:588} INFO - Filling up the DagBag from /home/ubuntu/airflow-venv/lib/python3.12/site-packages/airflow/example_dags/example_trigger_controller_dag.py
[2026-02-25T10:26:29.099+0000] {processor.py:925} INFO - DAG(s) 'example_trigger_controller_dag' retrieved from /home/ubuntu/airflow-venv/lib/python3.12/site-packages/airflow/example_dags/example_trigger_controller_dag.py
[2026-02-25T10:26:29.108+0000] {logging_mixin.py:190} INFO - [2026-02-25T10:26:29.108+0000] {dag.py:3239} INFO - Sync 1 DAGs
[2026-02-25T10:26:29.120+0000] {logging_mixin.py:190} INFO - [2026-02-25T10:26:29.120+0000] {dag.py:4180} INFO - Setting next_dagrun for example_trigger_controller_dag to 2021-01-01 00:00:00+00:00, run_after=2021-01-01 00:00:00+00:00
[2026-02-25T10:26:29.136+0000] {processor.py:208} INFO - Processing /home/ubuntu/airflow-venv/lib/python3.12/site-packages/airflow/example_dags/example_trigger_controller_dag.py took 0.047 seconds
[2026-02-25T10:27:20.979+0000] {processor.py:186} INFO - Started process (PID=4156) to work on /home/ubuntu/airflow-venv/lib/python3.12/site-packages/airflow/example_dags/example_trigger_controller_dag.py
[2026-02-25T10:27:20.980+0000] {processor.py:914} INFO - Processing file /home/ubuntu/airflow-venv/lib/python3.12/site-packages/airflow/example_dags/example_trigger_controller_dag.py for tasks to queue
[2026-02-25T10:27:20.981+0000] {logging_mixin.py:190} INFO - [2026-02-25T10:27:20.981+0000] {dagbag.py:588} INFO - Filling up the DagBag from /home/ubuntu/airflow-venv/lib/python3.12/site-packages/airflow/example_dags/example_trigger_controller_dag.py
[2026-02-25T10:27:20.986+0000] {processor.py:925} INFO - DAG(s) 'example_trigger_controller_dag' retrieved from /home/ubuntu/airflow-venv/lib/python3.12/site-packages/airflow/example_dags/example_trigger_controller_dag.py
[2026-02-25T10:27:20.995+0000] {logging_mixin.py:190} INFO - [2026-02-25T10:27:20.995+0000] {dag.py:3239} INFO - Sync 1 DAGs
[2026-02-25T10:27:21.006+0000] {logging_mixin.py:190} INFO - [2026-02-25T10:27:21.006+0000] {dag.py:4180} INFO - Setting next_dagrun for example_trigger_controller_dag to 2021-01-01 00:00:00+00:00, run_after=2021-01-01 00:00:00+00:00
[2026-02-25T10:27:21.022+0000] {processor.py:208} INFO - Processing /home/ubuntu/airflow-venv/lib/python3.12/site-packages/airflow/example_dags/example_trigger_controller_dag.py took 0.047 seconds
[2026-02-25T10:28:12.224+0000] {processor.py:186} INFO - Started process (PID=4209) to work on /home/ubuntu/airflow-venv/lib/python3.12/site-packages/airflow/example_dags/example_trigger_controller_dag.py
[2026-02-25T10:28:12.225+0000] {processor.py:914} INFO - Processing file /home/ubuntu/airflow-venv/lib/python3.12/site-packages/airflow/example_dags/example_trigger_controller_dag.py for tasks to queue
[2026-02-25T10:28:12.226+0000] {logging_mixin.py:190} INFO - [2026-02-25T10:28:12.226+0000] {dagbag.py:588} INFO - Filling up the DagBag from /home/ubuntu/airflow-venv/lib/python3.12/site-packages/airflow/example_dags/example_trigger_controller_dag.py
[2026-02-25T10:28:12.231+0000] {processor.py:925} INFO - DAG(s) 'example_trigger_controller_dag' retrieved from /home/ubuntu/airflow-venv/lib/python3.12/site-packages/airflow/example_dags/example_trigger_controller_dag.py
[2026-02-25T10:28:12.240+0000] {logging_mixin.py:190} INFO - [2026-02-25T10:28:12.240+0000] {dag.py:3239} INFO - Sync 1 DAGs
[2026-02-25T10:28:12.251+0000] {logging_mixin.py:190} INFO - [2026-02-25T10:28:12.251+0000] {dag.py:4180} INFO - Setting next_dagrun for example_trigger_controller_dag to 2021-01-01 00:00:00+00:00, run_after=2021-01-01 00:00:00+00:00
[2026-02-25T10:28:12.267+0000] {processor.py:208} INFO - Processing /home/ubuntu/airflow-venv/lib/python3.12/site-packages/airflow/example_dags/example_trigger_controller_dag.py took 0.046 seconds
[2026-02-25T10:29:01.355+0000] {processor.py:186} INFO - Started process (PID=4266) to work on /home/ubuntu/airflow-venv/lib/python3.12/site-packages/airflow/example_dags/example_trigger_controller_dag.py
[2026-02-25T10:29:01.356+0000] {processor.py:914} INFO - Processing file /home/ubuntu/airflow-venv/lib/python3.12/site-packages/airflow/example_dags/example_trigger_controller_dag.py for tasks to queue
[2026-02-25T10:29:01.358+0000] {logging_mixin.py:190} INFO - [2026-02-25T10:29:01.358+0000] {dagbag.py:588} INFO - Filling up the DagBag from /home/ubuntu/airflow-venv/lib/python3.12/site-packages/airflow/example_dags/example_trigger_controller_dag.py
[2026-02-25T10:29:01.363+0000] {processor.py:925} INFO - DAG(s) 'example_trigger_controller_dag' retrieved from /home/ubuntu/airflow-venv/lib/python3.12/site-packages/airflow/example_dags/example_trigger_controller_dag.py
[2026-02-25T10:29:01.372+0000] {logging_mixin.py:190} INFO - [2026-02-25T10:29:01.372+0000] {dag.py:3239} INFO - Sync 1 DAGs
[2026-02-25T10:29:01.383+0000] {logging_mixin.py:190} INFO - [2026-02-25T10:29:01.383+0000] {dag.py:4180} INFO - Setting next_dagrun for example_trigger_controller_dag to 2021-01-01 00:00:00+00:00, run_after=2021-01-01 00:00:00+00:00
[2026-02-25T10:29:01.400+0000] {processor.py:208} INFO - Processing /home/ubuntu/airflow-venv/lib/python3.12/site-packages/airflow/example_dags/example_trigger_controller_dag.py took 0.048 seconds
[2026-02-25T10:29:50.852+0000] {processor.py:186} INFO - Started process (PID=4320) to work on /home/ubuntu/airflow-venv/lib/python3.12/site-packages/airflow/example_dags/example_trigger_controller_dag.py
[2026-02-25T10:29:50.853+0000] {processor.py:914} INFO - Processing file /home/ubuntu/airflow-venv/lib/python3.12/site-packages/airflow/example_dags/example_trigger_controller_dag.py for tasks to queue
[2026-02-25T10:29:50.855+0000] {logging_mixin.py:190} INFO - [2026-02-25T10:29:50.854+0000] {dagbag.py:588} INFO - Filling up the DagBag from /home/ubuntu/airflow-venv/lib/python3.12/site-packages/airflow/example_dags/example_trigger_controller_dag.py
[2026-02-25T10:29:50.859+0000] {processor.py:925} INFO - DAG(s) 'example_trigger_controller_dag' retrieved from /home/ubuntu/airflow-venv/lib/python3.12/site-packages/airflow/example_dags/example_trigger_controller_dag.py
[2026-02-25T10:29:50.868+0000] {logging_mixin.py:190} INFO - [2026-02-25T10:29:50.868+0000] {dag.py:3239} INFO - Sync 1 DAGs
[2026-02-25T10:29:50.880+0000] {logging_mixin.py:190} INFO - [2026-02-25T10:29:50.879+0000] {dag.py:4180} INFO - Setting next_dagrun for example_trigger_controller_dag to 2021-01-01 00:00:00+00:00, run_after=2021-01-01 00:00:00+00:00
[2026-02-25T10:29:50.896+0000] {processor.py:208} INFO - Processing /home/ubuntu/airflow-venv/lib/python3.12/site-packages/airflow/example_dags/example_trigger_controller_dag.py took 0.047 seconds
[2026-02-25T10:30:38.782+0000] {processor.py:186} INFO - Started process (PID=4373) to work on /home/ubuntu/airflow-venv/lib/python3.12/site-packages/airflow/example_dags/example_trigger_controller_dag.py
[2026-02-25T10:30:38.783+0000] {processor.py:914} INFO - Processing file /home/ubuntu/airflow-venv/lib/python3.12/site-packages/airflow/example_dags/example_trigger_controller_dag.py for tasks to queue
[2026-02-25T10:30:38.784+0000] {logging_mixin.py:190} INFO - [2026-02-25T10:30:38.784+0000] {dagbag.py:588} INFO - Filling up the DagBag from /home/ubuntu/airflow-venv/lib/python3.12/site-packages/airflow/example_dags/example_trigger_controller_dag.py
[2026-02-25T10:30:38.789+0000] {processor.py:925} INFO - DAG(s) 'example_trigger_controller_dag' retrieved from /home/ubuntu/airflow-venv/lib/python3.12/site-packages/airflow/example_dags/example_trigger_controller_dag.py
[2026-02-25T10:30:38.797+0000] {logging_mixin.py:190} INFO - [2026-02-25T10:30:38.797+0000] {dag.py:3239} INFO - Sync 1 DAGs
[2026-02-25T10:30:38.809+0000] {logging_mixin.py:190} INFO - [2026-02-25T10:30:38.809+0000] {dag.py:4180} INFO - Setting next_dagrun for example_trigger_controller_dag to 2021-01-01 00:00:00+00:00, run_after=2021-01-01 00:00:00+00:00
[2026-02-25T10:30:38.825+0000] {processor.py:208} INFO - Processing /home/ubuntu/airflow-venv/lib/python3.12/site-packages/airflow/example_dags/example_trigger_controller_dag.py took 0.047 seconds
[2026-02-25T10:31:28.287+0000] {processor.py:186} INFO - Started process (PID=4425) to work on /home/ubuntu/airflow-venv/lib/python3.12/site-packages/airflow/example_dags/example_trigger_controller_dag.py
[2026-02-25T10:31:28.288+0000] {processor.py:914} INFO - Processing file /home/ubuntu/airflow-venv/lib/python3.12/site-packages/airflow/example_dags/example_trigger_controller_dag.py for tasks to queue
[2026-02-25T10:31:28.289+0000] {logging_mixin.py:190} INFO - [2026-02-25T10:31:28.289+0000] {dagbag.py:588} INFO - Filling up the DagBag from /home/ubuntu/airflow-venv/lib/python3.12/site-packages/airflow/example_dags/example_trigger_controller_dag.py
[2026-02-25T10:31:28.294+0000] {processor.py:925} INFO - DAG(s) 'example_trigger_controller_dag' retrieved from /home/ubuntu/airflow-venv/lib/python3.12/site-packages/airflow/example_dags/example_trigger_controller_dag.py
[2026-02-25T10:31:28.304+0000] {logging_mixin.py:190} INFO - [2026-02-25T10:31:28.303+0000] {dag.py:3239} INFO - Sync 1 DAGs
[2026-02-25T10:31:28.316+0000] {logging_mixin.py:190} INFO - [2026-02-25T10:31:28.316+0000] {dag.py:4180} INFO - Setting next_dagrun for example_trigger_controller_dag to 2021-01-01 00:00:00+00:00, run_after=2021-01-01 00:00:00+00:00
[2026-02-25T10:31:28.333+0000] {processor.py:208} INFO - Processing /home/ubuntu/airflow-venv/lib/python3.12/site-packages/airflow/example_dags/example_trigger_controller_dag.py took 0.051 seconds
[2026-02-25T10:32:17.809+0000] {processor.py:186} INFO - Started process (PID=4476) to work on /home/ubuntu/airflow-venv/lib/python3.12/site-packages/airflow/example_dags/example_trigger_controller_dag.py
[2026-02-25T10:32:17.810+0000] {processor.py:914} INFO - Processing file /home/ubuntu/airflow-venv/lib/python3.12/site-packages/airflow/example_dags/example_trigger_controller_dag.py for tasks to queue
[2026-02-25T10:32:17.811+0000] {logging_mixin.py:190} INFO - [2026-02-25T10:32:17.811+0000] {dagbag.py:588} INFO - Filling up the DagBag from /home/ubuntu/airflow-venv/lib/python3.12/site-packages/airflow/example_dags/example_trigger_controller_dag.py
[2026-02-25T10:32:17.816+0000] {processor.py:925} INFO - DAG(s) 'example_trigger_controller_dag' retrieved from /home/ubuntu/airflow-venv/lib/python3.12/site-packages/airflow/example_dags/example_trigger_controller_dag.py
[2026-02-25T10:32:17.825+0000] {logging_mixin.py:190} INFO - [2026-02-25T10:32:17.825+0000] {dag.py:3239} INFO - Sync 1 DAGs
[2026-02-25T10:32:17.837+0000] {logging_mixin.py:190} INFO - [2026-02-25T10:32:17.836+0000] {dag.py:4180} INFO - Setting next_dagrun for example_trigger_controller_dag to 2021-01-01 00:00:00+00:00, run_after=2021-01-01 00:00:00+00:00
[2026-02-25T10:32:17.853+0000] {processor.py:208} INFO - Processing /home/ubuntu/airflow-venv/lib/python3.12/site-packages/airflow/example_dags/example_trigger_controller_dag.py took 0.048 seconds
[2026-02-25T10:46:29.920+0000] {processor.py:186} INFO - Started process (PID=5787) to work on /home/ubuntu/airflow-venv/lib/python3.12/site-packages/airflow/example_dags/example_trigger_controller_dag.py
[2026-02-25T10:46:29.921+0000] {processor.py:914} INFO - Processing file /home/ubuntu/airflow-venv/lib/python3.12/site-packages/airflow/example_dags/example_trigger_controller_dag.py for tasks to queue
[2026-02-25T10:46:29.922+0000] {logging_mixin.py:190} INFO - [2026-02-25T10:46:29.922+0000] {dagbag.py:588} INFO - Filling up the DagBag from /home/ubuntu/airflow-venv/lib/python3.12/site-packages/airflow/example_dags/example_trigger_controller_dag.py
[2026-02-25T10:46:29.926+0000] {processor.py:925} INFO - DAG(s) 'example_trigger_controller_dag' retrieved from /home/ubuntu/airflow-venv/lib/python3.12/site-packages/airflow/example_dags/example_trigger_controller_dag.py
[2026-02-25T10:46:29.937+0000] {logging_mixin.py:190} INFO - [2026-02-25T10:46:29.937+0000] {dag.py:3239} INFO - Sync 1 DAGs
[2026-02-25T10:46:29.949+0000] {logging_mixin.py:190} INFO - [2026-02-25T10:46:29.949+0000] {dag.py:4180} INFO - Setting next_dagrun for example_trigger_controller_dag to 2021-01-01 00:00:00+00:00, run_after=2021-01-01 00:00:00+00:00
[2026-02-25T10:46:29.964+0000] {processor.py:208} INFO - Processing /home/ubuntu/airflow-venv/lib/python3.12/site-packages/airflow/example_dags/example_trigger_controller_dag.py took 0.047 seconds
[2026-02-25T10:47:25.258+0000] {processor.py:186} INFO - Started process (PID=5859) to work on /home/ubuntu/airflow-venv/lib/python3.12/site-packages/airflow/example_dags/example_trigger_controller_dag.py
[2026-02-25T10:47:25.259+0000] {processor.py:914} INFO - Processing file /home/ubuntu/airflow-venv/lib/python3.12/site-packages/airflow/example_dags/example_trigger_controller_dag.py for tasks to queue
[2026-02-25T10:47:25.261+0000] {logging_mixin.py:190} INFO - [2026-02-25T10:47:25.260+0000] {dagbag.py:588} INFO - Filling up the DagBag from /home/ubuntu/airflow-venv/lib/python3.12/site-packages/airflow/example_dags/example_trigger_controller_dag.py
[2026-02-25T10:47:25.265+0000] {processor.py:925} INFO - DAG(s) 'example_trigger_controller_dag' retrieved from /home/ubuntu/airflow-venv/lib/python3.12/site-packages/airflow/example_dags/example_trigger_controller_dag.py
[2026-02-25T10:47:25.274+0000] {logging_mixin.py:190} INFO - [2026-02-25T10:47:25.274+0000] {dag.py:3239} INFO - Sync 1 DAGs
[2026-02-25T10:47:25.285+0000] {logging_mixin.py:190} INFO - [2026-02-25T10:47:25.285+0000] {dag.py:4180} INFO - Setting next_dagrun for example_trigger_controller_dag to 2021-01-01 00:00:00+00:00, run_after=2021-01-01 00:00:00+00:00
[2026-02-25T10:47:25.301+0000] {processor.py:208} INFO - Processing /home/ubuntu/airflow-venv/lib/python3.12/site-packages/airflow/example_dags/example_trigger_controller_dag.py took 0.047 seconds
[2026-02-25T10:48:14.945+0000] {processor.py:186} INFO - Started process (PID=6280) to work on /home/ubuntu/airflow-venv/lib/python3.12/site-packages/airflow/example_dags/example_trigger_controller_dag.py
[2026-02-25T10:48:14.946+0000] {processor.py:914} INFO - Processing file /home/ubuntu/airflow-venv/lib/python3.12/site-packages/airflow/example_dags/example_trigger_controller_dag.py for tasks to queue
[2026-02-25T10:48:14.948+0000] {logging_mixin.py:190} INFO - [2026-02-25T10:48:14.948+0000] {dagbag.py:588} INFO - Filling up the DagBag from /home/ubuntu/airflow-venv/lib/python3.12/site-packages/airflow/example_dags/example_trigger_controller_dag.py
[2026-02-25T10:48:14.952+0000] {processor.py:925} INFO - DAG(s) 'example_trigger_controller_dag' retrieved from /home/ubuntu/airflow-venv/lib/python3.12/site-packages/airflow/example_dags/example_trigger_controller_dag.py
[2026-02-25T10:48:14.961+0000] {logging_mixin.py:190} INFO - [2026-02-25T10:48:14.961+0000] {dag.py:3239} INFO - Sync 1 DAGs
[2026-02-25T10:48:14.972+0000] {logging_mixin.py:190} INFO - [2026-02-25T10:48:14.972+0000] {dag.py:4180} INFO - Setting next_dagrun for example_trigger_controller_dag to 2021-01-01 00:00:00+00:00, run_after=2021-01-01 00:00:00+00:00
[2026-02-25T10:48:14.988+0000] {processor.py:208} INFO - Processing /home/ubuntu/airflow-venv/lib/python3.12/site-packages/airflow/example_dags/example_trigger_controller_dag.py took 0.046 seconds
[2026-02-25T10:49:04.914+0000] {processor.py:186} INFO - Started process (PID=6332) to work on /home/ubuntu/airflow-venv/lib/python3.12/site-packages/airflow/example_dags/example_trigger_controller_dag.py
[2026-02-25T10:49:04.915+0000] {processor.py:914} INFO - Processing file /home/ubuntu/airflow-venv/lib/python3.12/site-packages/airflow/example_dags/example_trigger_controller_dag.py for tasks to queue
[2026-02-25T10:49:04.917+0000] {logging_mixin.py:190} INFO - [2026-02-25T10:49:04.916+0000] {dagbag.py:588} INFO - Filling up the DagBag from /home/ubuntu/airflow-venv/lib/python3.12/site-packages/airflow/example_dags/example_trigger_controller_dag.py
[2026-02-25T10:49:04.921+0000] {processor.py:925} INFO - DAG(s) 'example_trigger_controller_dag' retrieved from /home/ubuntu/airflow-venv/lib/python3.12/site-packages/airflow/example_dags/example_trigger_controller_dag.py
[2026-02-25T10:49:04.929+0000] {logging_mixin.py:190} INFO - [2026-02-25T10:49:04.929+0000] {dag.py:3239} INFO - Sync 1 DAGs
[2026-02-25T10:49:04.941+0000] {logging_mixin.py:190} INFO - [2026-02-25T10:49:04.941+0000] {dag.py:4180} INFO - Setting next_dagrun for example_trigger_controller_dag to 2021-01-01 00:00:00+00:00, run_after=2021-01-01 00:00:00+00:00
[2026-02-25T10:49:04.957+0000] {processor.py:208} INFO - Processing /home/ubuntu/airflow-venv/lib/python3.12/site-packages/airflow/example_dags/example_trigger_controller_dag.py took 0.046 seconds
[2026-02-25T10:49:55.346+0000] {processor.py:186} INFO - Started process (PID=6391) to work on /home/ubuntu/airflow-venv/lib/python3.12/site-packages/airflow/example_dags/example_trigger_controller_dag.py
[2026-02-25T10:49:55.347+0000] {processor.py:914} INFO - Processing file /home/ubuntu/airflow-venv/lib/python3.12/site-packages/airflow/example_dags/example_trigger_controller_dag.py for tasks to queue
[2026-02-25T10:49:55.349+0000] {logging_mixin.py:190} INFO - [2026-02-25T10:49:55.349+0000] {dagbag.py:588} INFO - Filling up the DagBag from /home/ubuntu/airflow-venv/lib/python3.12/site-packages/airflow/example_dags/example_trigger_controller_dag.py
[2026-02-25T10:49:55.353+0000] {processor.py:925} INFO - DAG(s) 'example_trigger_controller_dag' retrieved from /home/ubuntu/airflow-venv/lib/python3.12/site-packages/airflow/example_dags/example_trigger_controller_dag.py
[2026-02-25T10:49:55.362+0000] {logging_mixin.py:190} INFO - [2026-02-25T10:49:55.362+0000] {dag.py:3239} INFO - Sync 1 DAGs
[2026-02-25T10:49:55.373+0000] {logging_mixin.py:190} INFO - [2026-02-25T10:49:55.373+0000] {dag.py:4180} INFO - Setting next_dagrun for example_trigger_controller_dag to 2021-01-01 00:00:00+00:00, run_after=2021-01-01 00:00:00+00:00
[2026-02-25T10:49:55.390+0000] {processor.py:208} INFO - Processing /home/ubuntu/airflow-venv/lib/python3.12/site-packages/airflow/example_dags/example_trigger_controller_dag.py took 0.047 seconds
[2026-02-25T10:50:41.845+0000] {processor.py:186} INFO - Started process (PID=6444) to work on /home/ubuntu/airflow-venv/lib/python3.12/site-packages/airflow/example_dags/example_trigger_controller_dag.py
[2026-02-25T10:50:41.846+0000] {processor.py:914} INFO - Processing file /home/ubuntu/airflow-venv/lib/python3.12/site-packages/airflow/example_dags/example_trigger_controller_dag.py for tasks to queue
[2026-02-25T10:50:41.848+0000] {logging_mixin.py:190} INFO - [2026-02-25T10:50:41.847+0000] {dagbag.py:588} INFO - Filling up the DagBag from /home/ubuntu/airflow-venv/lib/python3.12/site-packages/airflow/example_dags/example_trigger_controller_dag.py
[2026-02-25T10:50:41.852+0000] {processor.py:925} INFO - DAG(s) 'example_trigger_controller_dag' retrieved from /home/ubuntu/airflow-venv/lib/python3.12/site-packages/airflow/example_dags/example_trigger_controller_dag.py
[2026-02-25T10:50:41.860+0000] {logging_mixin.py:190} INFO - [2026-02-25T10:50:41.860+0000] {dag.py:3239} INFO - Sync 1 DAGs
[2026-02-25T10:50:41.872+0000] {logging_mixin.py:190} INFO - [2026-02-25T10:50:41.872+0000] {dag.py:4180} INFO - Setting next_dagrun for example_trigger_controller_dag to 2021-01-01 00:00:00+00:00, run_after=2021-01-01 00:00:00+00:00
[2026-02-25T10:50:41.888+0000] {processor.py:208} INFO - Processing /home/ubuntu/airflow-venv/lib/python3.12/site-packages/airflow/example_dags/example_trigger_controller_dag.py took 0.046 seconds
[2026-02-25T10:51:31.343+0000] {processor.py:186} INFO - Started process (PID=6501) to work on /home/ubuntu/airflow-venv/lib/python3.12/site-packages/airflow/example_dags/example_trigger_controller_dag.py
[2026-02-25T10:51:31.344+0000] {processor.py:914} INFO - Processing file /home/ubuntu/airflow-venv/lib/python3.12/site-packages/airflow/example_dags/example_trigger_controller_dag.py for tasks to queue
[2026-02-25T10:51:31.346+0000] {logging_mixin.py:190} INFO - [2026-02-25T10:51:31.346+0000] {dagbag.py:588} INFO - Filling up the DagBag from /home/ubuntu/airflow-venv/lib/python3.12/site-packages/airflow/example_dags/example_trigger_controller_dag.py
[2026-02-25T10:51:31.350+0000] {processor.py:925} INFO - DAG(s) 'example_trigger_controller_dag' retrieved from /home/ubuntu/airflow-venv/lib/python3.12/site-packages/airflow/example_dags/example_trigger_controller_dag.py
[2026-02-25T10:51:31.359+0000] {logging_mixin.py:190} INFO - [2026-02-25T10:51:31.359+0000] {dag.py:3239} INFO - Sync 1 DAGs
[2026-02-25T10:51:31.370+0000] {logging_mixin.py:190} INFO - [2026-02-25T10:51:31.370+0000] {dag.py:4180} INFO - Setting next_dagrun for example_trigger_controller_dag to 2021-01-01 00:00:00+00:00, run_after=2021-01-01 00:00:00+00:00
[2026-02-25T10:51:31.386+0000] {processor.py:208} INFO - Processing /home/ubuntu/airflow-venv/lib/python3.12/site-packages/airflow/example_dags/example_trigger_controller_dag.py took 0.046 seconds
[2026-02-25T10:52:25.021+0000] {processor.py:186} INFO - Started process (PID=6570) to work on /home/ubuntu/airflow-venv/lib/python3.12/site-packages/airflow/example_dags/example_trigger_controller_dag.py
[2026-02-25T10:52:25.022+0000] {processor.py:914} INFO - Processing file /home/ubuntu/airflow-venv/lib/python3.12/site-packages/airflow/example_dags/example_trigger_controller_dag.py for tasks to queue
[2026-02-25T10:52:25.023+0000] {logging_mixin.py:190} INFO - [2026-02-25T10:52:25.023+0000] {dagbag.py:588} INFO - Filling up the DagBag from /home/ubuntu/airflow-venv/lib/python3.12/site-packages/airflow/example_dags/example_trigger_controller_dag.py
[2026-02-25T10:52:25.028+0000] {processor.py:925} INFO - DAG(s) 'example_trigger_controller_dag' retrieved from /home/ubuntu/airflow-venv/lib/python3.12/site-packages/airflow/example_dags/example_trigger_controller_dag.py
[2026-02-25T10:52:25.112+0000] {logging_mixin.py:190} INFO - [2026-02-25T10:52:25.112+0000] {dag.py:3239} INFO - Sync 1 DAGs
[2026-02-25T10:52:25.121+0000] {logging_mixin.py:190} INFO - [2026-02-25T10:52:25.121+0000] {dag.py:4180} INFO - Setting next_dagrun for example_trigger_controller_dag to 2021-01-01 00:00:00+00:00, run_after=2021-01-01 00:00:00+00:00
[2026-02-25T10:52:25.136+0000] {processor.py:208} INFO - Processing /home/ubuntu/airflow-venv/lib/python3.12/site-packages/airflow/example_dags/example_trigger_controller_dag.py took 0.119 seconds
[2026-02-25T10:57:36.958+0000] {processor.py:186} INFO - Started process (PID=6986) to work on /home/ubuntu/airflow-venv/lib/python3.12/site-packages/airflow/example_dags/example_trigger_controller_dag.py
[2026-02-25T10:57:36.959+0000] {processor.py:914} INFO - Processing file /home/ubuntu/airflow-venv/lib/python3.12/site-packages/airflow/example_dags/example_trigger_controller_dag.py for tasks to queue
[2026-02-25T10:57:36.961+0000] {logging_mixin.py:190} INFO - [2026-02-25T10:57:36.960+0000] {dagbag.py:588} INFO - Filling up the DagBag from /home/ubuntu/airflow-venv/lib/python3.12/site-packages/airflow/example_dags/example_trigger_controller_dag.py
[2026-02-25T10:57:36.965+0000] {processor.py:925} INFO - DAG(s) 'example_trigger_controller_dag' retrieved from /home/ubuntu/airflow-venv/lib/python3.12/site-packages/airflow/example_dags/example_trigger_controller_dag.py
[2026-02-25T10:57:36.975+0000] {logging_mixin.py:190} INFO - [2026-02-25T10:57:36.975+0000] {dag.py:3239} INFO - Sync 1 DAGs
[2026-02-25T10:57:36.987+0000] {logging_mixin.py:190} INFO - [2026-02-25T10:57:36.987+0000] {dag.py:4180} INFO - Setting next_dagrun for example_trigger_controller_dag to 2021-01-01 00:00:00+00:00, run_after=2021-01-01 00:00:00+00:00
[2026-02-25T10:57:37.003+0000] {processor.py:208} INFO - Processing /home/ubuntu/airflow-venv/lib/python3.12/site-packages/airflow/example_dags/example_trigger_controller_dag.py took 0.048 seconds
[2026-02-25T10:58:30.106+0000] {processor.py:186} INFO - Started process (PID=7414) to work on /home/ubuntu/airflow-venv/lib/python3.12/site-packages/airflow/example_dags/example_trigger_controller_dag.py
[2026-02-25T10:58:30.107+0000] {processor.py:914} INFO - Processing file /home/ubuntu/airflow-venv/lib/python3.12/site-packages/airflow/example_dags/example_trigger_controller_dag.py for tasks to queue
[2026-02-25T10:58:30.109+0000] {logging_mixin.py:190} INFO - [2026-02-25T10:58:30.108+0000] {dagbag.py:588} INFO - Filling up the DagBag from /home/ubuntu/airflow-venv/lib/python3.12/site-packages/airflow/example_dags/example_trigger_controller_dag.py
[2026-02-25T10:58:30.113+0000] {processor.py:925} INFO - DAG(s) 'example_trigger_controller_dag' retrieved from /home/ubuntu/airflow-venv/lib/python3.12/site-packages/airflow/example_dags/example_trigger_controller_dag.py
[2026-02-25T10:58:30.122+0000] {logging_mixin.py:190} INFO - [2026-02-25T10:58:30.121+0000] {dag.py:3239} INFO - Sync 1 DAGs
[2026-02-25T10:58:30.133+0000] {logging_mixin.py:190} INFO - [2026-02-25T10:58:30.133+0000] {dag.py:4180} INFO - Setting next_dagrun for example_trigger_controller_dag to 2021-01-01 00:00:00+00:00, run_after=2021-01-01 00:00:00+00:00
[2026-02-25T10:58:30.148+0000] {processor.py:208} INFO - Processing /home/ubuntu/airflow-venv/lib/python3.12/site-packages/airflow/example_dags/example_trigger_controller_dag.py took 0.045 seconds
[2026-02-25T10:59:20.281+0000] {processor.py:186} INFO - Started process (PID=7472) to work on /home/ubuntu/airflow-venv/lib/python3.12/site-packages/airflow/example_dags/example_trigger_controller_dag.py
[2026-02-25T10:59:20.282+0000] {processor.py:914} INFO - Processing file /home/ubuntu/airflow-venv/lib/python3.12/site-packages/airflow/example_dags/example_trigger_controller_dag.py for tasks to queue
[2026-02-25T10:59:20.284+0000] {logging_mixin.py:190} INFO - [2026-02-25T10:59:20.283+0000] {dagbag.py:588} INFO - Filling up the DagBag from /home/ubuntu/airflow-venv/lib/python3.12/site-packages/airflow/example_dags/example_trigger_controller_dag.py
[2026-02-25T10:59:20.288+0000] {processor.py:925} INFO - DAG(s) 'example_trigger_controller_dag' retrieved from /home/ubuntu/airflow-venv/lib/python3.12/site-packages/airflow/example_dags/example_trigger_controller_dag.py
[2026-02-25T10:59:20.296+0000] {logging_mixin.py:190} INFO - [2026-02-25T10:59:20.296+0000] {dag.py:3239} INFO - Sync 1 DAGs
[2026-02-25T10:59:20.307+0000] {logging_mixin.py:190} INFO - [2026-02-25T10:59:20.307+0000] {dag.py:4180} INFO - Setting next_dagrun for example_trigger_controller_dag to 2021-01-01 00:00:00+00:00, run_after=2021-01-01 00:00:00+00:00
[2026-02-25T10:59:20.323+0000] {processor.py:208} INFO - Processing /home/ubuntu/airflow-venv/lib/python3.12/site-packages/airflow/example_dags/example_trigger_controller_dag.py took 0.046 seconds
[2026-02-25T11:00:09.638+0000] {processor.py:186} INFO - Started process (PID=7889) to work on /home/ubuntu/airflow-venv/lib/python3.12/site-packages/airflow/example_dags/example_trigger_controller_dag.py
[2026-02-25T11:00:09.639+0000] {processor.py:914} INFO - Processing file /home/ubuntu/airflow-venv/lib/python3.12/site-packages/airflow/example_dags/example_trigger_controller_dag.py for tasks to queue
[2026-02-25T11:00:09.640+0000] {logging_mixin.py:190} INFO - [2026-02-25T11:00:09.640+0000] {dagbag.py:588} INFO - Filling up the DagBag from /home/ubuntu/airflow-venv/lib/python3.12/site-packages/airflow/example_dags/example_trigger_controller_dag.py
[2026-02-25T11:00:09.644+0000] {processor.py:925} INFO - DAG(s) 'example_trigger_controller_dag' retrieved from /home/ubuntu/airflow-venv/lib/python3.12/site-packages/airflow/example_dags/example_trigger_controller_dag.py
[2026-02-25T11:00:09.653+0000] {logging_mixin.py:190} INFO - [2026-02-25T11:00:09.653+0000] {dag.py:3239} INFO - Sync 1 DAGs
[2026-02-25T11:00:09.665+0000] {logging_mixin.py:190} INFO - [2026-02-25T11:00:09.664+0000] {dag.py:4180} INFO - Setting next_dagrun for example_trigger_controller_dag to 2021-01-01 00:00:00+00:00, run_after=2021-01-01 00:00:00+00:00
[2026-02-25T11:00:09.681+0000] {processor.py:208} INFO - Processing /home/ubuntu/airflow-venv/lib/python3.12/site-packages/airflow/example_dags/example_trigger_controller_dag.py took 0.046 seconds
[2026-02-25T11:00:34.370+0000] {processor.py:186} INFO - Started process (PID=7947) to work on /home/ubuntu/airflow-venv/lib/python3.12/site-packages/airflow/example_dags/example_trigger_controller_dag.py
[2026-02-25T11:00:34.370+0000] {processor.py:914} INFO - Processing file /home/ubuntu/airflow-venv/lib/python3.12/site-packages/airflow/example_dags/example_trigger_controller_dag.py for tasks to queue
[2026-02-25T11:00:34.371+0000] {logging_mixin.py:190} INFO - [2026-02-25T11:00:34.371+0000] {dagbag.py:588} INFO - Filling up the DagBag from /home/ubuntu/airflow-venv/lib/python3.12/site-packages/airflow/example_dags/example_trigger_controller_dag.py
[2026-02-25T11:00:34.376+0000] {processor.py:925} INFO - DAG(s) 'example_trigger_controller_dag' retrieved from /home/ubuntu/airflow-venv/lib/python3.12/site-packages/airflow/example_dags/example_trigger_controller_dag.py
[2026-02-25T11:00:34.386+0000] {logging_mixin.py:190} INFO - [2026-02-25T11:00:34.386+0000] {dag.py:3239} INFO - Sync 1 DAGs
[2026-02-25T11:00:34.399+0000] {logging_mixin.py:190} INFO - [2026-02-25T11:00:34.399+0000] {dag.py:4180} INFO - Setting next_dagrun for example_trigger_controller_dag to 2021-01-01 00:00:00+00:00, run_after=2021-01-01 00:00:00+00:00
[2026-02-25T11:00:34.415+0000] {processor.py:208} INFO - Processing /home/ubuntu/airflow-venv/lib/python3.12/site-packages/airflow/example_dags/example_trigger_controller_dag.py took 0.049 seconds
[2026-02-25T11:01:04.275+0000] {processor.py:186} INFO - Started process (PID=8003) to work on /home/ubuntu/airflow-venv/lib/python3.12/site-packages/airflow/example_dags/example_trigger_controller_dag.py
[2026-02-25T11:01:04.276+0000] {processor.py:914} INFO - Processing file /home/ubuntu/airflow-venv/lib/python3.12/site-packages/airflow/example_dags/example_trigger_controller_dag.py for tasks to queue
[2026-02-25T11:01:04.278+0000] {logging_mixin.py:190} INFO - [2026-02-25T11:01:04.278+0000] {dagbag.py:588} INFO - Filling up the DagBag from /home/ubuntu/airflow-venv/lib/python3.12/site-packages/airflow/example_dags/example_trigger_controller_dag.py
[2026-02-25T11:01:04.282+0000] {processor.py:925} INFO - DAG(s) 'example_trigger_controller_dag' retrieved from /home/ubuntu/airflow-venv/lib/python3.12/site-packages/airflow/example_dags/example_trigger_controller_dag.py
[2026-02-25T11:01:04.291+0000] {logging_mixin.py:190} INFO - [2026-02-25T11:01:04.291+0000] {dag.py:3239} INFO - Sync 1 DAGs
[2026-02-25T11:01:04.302+0000] {logging_mixin.py:190} INFO - [2026-02-25T11:01:04.302+0000] {dag.py:4180} INFO - Setting next_dagrun for example_trigger_controller_dag to 2021-01-01 00:00:00+00:00, run_after=2021-01-01 00:00:00+00:00
[2026-02-25T11:01:04.317+0000] {processor.py:208} INFO - Processing /home/ubuntu/airflow-venv/lib/python3.12/site-packages/airflow/example_dags/example_trigger_controller_dag.py took 0.046 seconds
[2026-02-25T11:05:24.566+0000] {processor.py:186} INFO - Started process (PID=8055) to work on /home/ubuntu/airflow-venv/lib/python3.12/site-packages/airflow/example_dags/example_trigger_controller_dag.py
[2026-02-25T11:05:24.567+0000] {processor.py:914} INFO - Processing file /home/ubuntu/airflow-venv/lib/python3.12/site-packages/airflow/example_dags/example_trigger_controller_dag.py for tasks to queue
[2026-02-25T11:05:24.569+0000] {logging_mixin.py:190} INFO - [2026-02-25T11:05:24.568+0000] {dagbag.py:588} INFO - Filling up the DagBag from /home/ubuntu/airflow-venv/lib/python3.12/site-packages/airflow/example_dags/example_trigger_controller_dag.py
[2026-02-25T11:05:24.573+0000] {processor.py:925} INFO - DAG(s) 'example_trigger_controller_dag' retrieved from /home/ubuntu/airflow-venv/lib/python3.12/site-packages/airflow/example_dags/example_trigger_controller_dag.py
[2026-02-25T11:05:24.583+0000] {logging_mixin.py:190} INFO - [2026-02-25T11:05:24.583+0000] {dag.py:3239} INFO - Sync 1 DAGs
[2026-02-25T11:05:24.595+0000] {logging_mixin.py:190} INFO - [2026-02-25T11:05:24.595+0000] {dag.py:4180} INFO - Setting next_dagrun for example_trigger_controller_dag to 2021-01-01 00:00:00+00:00, run_after=2021-01-01 00:00:00+00:00
[2026-02-25T11:05:24.612+0000] {processor.py:208} INFO - Processing /home/ubuntu/airflow-venv/lib/python3.12/site-packages/airflow/example_dags/example_trigger_controller_dag.py took 0.049 seconds
[2026-02-25T11:05:58.300+0000] {processor.py:186} INFO - Started process (PID=8114) to work on /home/ubuntu/airflow-venv/lib/python3.12/site-packages/airflow/example_dags/example_trigger_controller_dag.py
[2026-02-25T11:05:58.301+0000] {processor.py:914} INFO - Processing file /home/ubuntu/airflow-venv/lib/python3.12/site-packages/airflow/example_dags/example_trigger_controller_dag.py for tasks to queue
[2026-02-25T11:05:58.302+0000] {logging_mixin.py:190} INFO - [2026-02-25T11:05:58.302+0000] {dagbag.py:588} INFO - Filling up the DagBag from /home/ubuntu/airflow-venv/lib/python3.12/site-packages/airflow/example_dags/example_trigger_controller_dag.py
[2026-02-25T11:05:58.307+0000] {processor.py:925} INFO - DAG(s) 'example_trigger_controller_dag' retrieved from /home/ubuntu/airflow-venv/lib/python3.12/site-packages/airflow/example_dags/example_trigger_controller_dag.py
[2026-02-25T11:05:58.316+0000] {logging_mixin.py:190} INFO - [2026-02-25T11:05:58.316+0000] {dag.py:3239} INFO - Sync 1 DAGs
[2026-02-25T11:05:58.328+0000] {logging_mixin.py:190} INFO - [2026-02-25T11:05:58.328+0000] {dag.py:4180} INFO - Setting next_dagrun for example_trigger_controller_dag to 2021-01-01 00:00:00+00:00, run_after=2021-01-01 00:00:00+00:00
[2026-02-25T11:05:58.344+0000] {processor.py:208} INFO - Processing /home/ubuntu/airflow-venv/lib/python3.12/site-packages/airflow/example_dags/example_trigger_controller_dag.py took 0.047 seconds
[2026-02-25T11:06:17.697+0000] {processor.py:186} INFO - Started process (PID=8157) to work on /home/ubuntu/airflow-venv/lib/python3.12/site-packages/airflow/example_dags/example_trigger_controller_dag.py
[2026-02-25T11:06:17.697+0000] {processor.py:914} INFO - Processing file /home/ubuntu/airflow-venv/lib/python3.12/site-packages/airflow/example_dags/example_trigger_controller_dag.py for tasks to queue
[2026-02-25T11:06:17.699+0000] {logging_mixin.py:190} INFO - [2026-02-25T11:06:17.698+0000] {dagbag.py:588} INFO - Filling up the DagBag from /home/ubuntu/airflow-venv/lib/python3.12/site-packages/airflow/example_dags/example_trigger_controller_dag.py
[2026-02-25T11:06:17.703+0000] {processor.py:925} INFO - DAG(s) 'example_trigger_controller_dag' retrieved from /home/ubuntu/airflow-venv/lib/python3.12/site-packages/airflow/example_dags/example_trigger_controller_dag.py
[2026-02-25T11:06:17.714+0000] {logging_mixin.py:190} INFO - [2026-02-25T11:06:17.714+0000] {dag.py:3239} INFO - Sync 1 DAGs
[2026-02-25T11:06:17.731+0000] {logging_mixin.py:190} INFO - [2026-02-25T11:06:17.731+0000] {dag.py:4180} INFO - Setting next_dagrun for example_trigger_controller_dag to 2021-01-01 00:00:00+00:00, run_after=2021-01-01 00:00:00+00:00
[2026-02-25T11:06:17.751+0000] {processor.py:208} INFO - Processing /home/ubuntu/airflow-venv/lib/python3.12/site-packages/airflow/example_dags/example_trigger_controller_dag.py took 0.057 seconds
[2026-02-25T11:06:51.421+0000] {processor.py:186} INFO - Started process (PID=8228) to work on /home/ubuntu/airflow-venv/lib/python3.12/site-packages/airflow/example_dags/example_trigger_controller_dag.py
[2026-02-25T11:06:51.422+0000] {processor.py:914} INFO - Processing file /home/ubuntu/airflow-venv/lib/python3.12/site-packages/airflow/example_dags/example_trigger_controller_dag.py for tasks to queue
[2026-02-25T11:06:51.423+0000] {logging_mixin.py:190} INFO - [2026-02-25T11:06:51.423+0000] {dagbag.py:588} INFO - Filling up the DagBag from /home/ubuntu/airflow-venv/lib/python3.12/site-packages/airflow/example_dags/example_trigger_controller_dag.py
[2026-02-25T11:06:51.427+0000] {processor.py:925} INFO - DAG(s) 'example_trigger_controller_dag' retrieved from /home/ubuntu/airflow-venv/lib/python3.12/site-packages/airflow/example_dags/example_trigger_controller_dag.py
[2026-02-25T11:06:51.436+0000] {logging_mixin.py:190} INFO - [2026-02-25T11:06:51.436+0000] {dag.py:3239} INFO - Sync 1 DAGs
[2026-02-25T11:06:51.447+0000] {logging_mixin.py:190} INFO - [2026-02-25T11:06:51.447+0000] {dag.py:4180} INFO - Setting next_dagrun for example_trigger_controller_dag to 2021-01-01 00:00:00+00:00, run_after=2021-01-01 00:00:00+00:00
[2026-02-25T11:06:51.463+0000] {processor.py:208} INFO - Processing /home/ubuntu/airflow-venv/lib/python3.12/site-packages/airflow/example_dags/example_trigger_controller_dag.py took 0.047 seconds
[2026-02-25T11:07:07.288+0000] {processor.py:186} INFO - Started process (PID=8261) to work on /home/ubuntu/airflow-venv/lib/python3.12/site-packages/airflow/example_dags/example_trigger_controller_dag.py
[2026-02-25T11:07:07.289+0000] {processor.py:914} INFO - Processing file /home/ubuntu/airflow-venv/lib/python3.12/site-packages/airflow/example_dags/example_trigger_controller_dag.py for tasks to queue
[2026-02-25T11:07:07.290+0000] {logging_mixin.py:190} INFO - [2026-02-25T11:07:07.290+0000] {dagbag.py:588} INFO - Filling up the DagBag from /home/ubuntu/airflow-venv/lib/python3.12/site-packages/airflow/example_dags/example_trigger_controller_dag.py
[2026-02-25T11:07:07.294+0000] {processor.py:925} INFO - DAG(s) 'example_trigger_controller_dag' retrieved from /home/ubuntu/airflow-venv/lib/python3.12/site-packages/airflow/example_dags/example_trigger_controller_dag.py
[2026-02-25T11:07:07.304+0000] {logging_mixin.py:190} INFO - [2026-02-25T11:07:07.304+0000] {dag.py:3239} INFO - Sync 1 DAGs
[2026-02-25T11:07:07.315+0000] {logging_mixin.py:190} INFO - [2026-02-25T11:07:07.315+0000] {dag.py:4180} INFO - Setting next_dagrun for example_trigger_controller_dag to 2021-01-01 00:00:00+00:00, run_after=2021-01-01 00:00:00+00:00
[2026-02-25T11:07:07.332+0000] {processor.py:208} INFO - Processing /home/ubuntu/airflow-venv/lib/python3.12/site-packages/airflow/example_dags/example_trigger_controller_dag.py took 0.047 seconds
[2026-02-25T11:07:41.015+0000] {processor.py:186} INFO - Started process (PID=8333) to work on /home/ubuntu/airflow-venv/lib/python3.12/site-packages/airflow/example_dags/example_trigger_controller_dag.py
[2026-02-25T11:07:41.016+0000] {processor.py:914} INFO - Processing file /home/ubuntu/airflow-venv/lib/python3.12/site-packages/airflow/example_dags/example_trigger_controller_dag.py for tasks to queue
[2026-02-25T11:07:41.018+0000] {logging_mixin.py:190} INFO - [2026-02-25T11:07:41.017+0000] {dagbag.py:588} INFO - Filling up the DagBag from /home/ubuntu/airflow-venv/lib/python3.12/site-packages/airflow/example_dags/example_trigger_controller_dag.py
[2026-02-25T11:07:41.022+0000] {processor.py:925} INFO - DAG(s) 'example_trigger_controller_dag' retrieved from /home/ubuntu/airflow-venv/lib/python3.12/site-packages/airflow/example_dags/example_trigger_controller_dag.py
[2026-02-25T11:07:41.030+0000] {logging_mixin.py:190} INFO - [2026-02-25T11:07:41.030+0000] {dag.py:3239} INFO - Sync 1 DAGs
[2026-02-25T11:07:41.042+0000] {logging_mixin.py:190} INFO - [2026-02-25T11:07:41.042+0000] {dag.py:4180} INFO - Setting next_dagrun for example_trigger_controller_dag to 2021-01-01 00:00:00+00:00, run_after=2021-01-01 00:00:00+00:00
[2026-02-25T11:07:41.058+0000] {processor.py:208} INFO - Processing /home/ubuntu/airflow-venv/lib/python3.12/site-packages/airflow/example_dags/example_trigger_controller_dag.py took 0.046 seconds
[2026-02-25T11:07:54.093+0000] {processor.py:186} INFO - Started process (PID=8360) to work on /home/ubuntu/airflow-venv/lib/python3.12/site-packages/airflow/example_dags/example_trigger_controller_dag.py
[2026-02-25T11:07:54.093+0000] {processor.py:914} INFO - Processing file /home/ubuntu/airflow-venv/lib/python3.12/site-packages/airflow/example_dags/example_trigger_controller_dag.py for tasks to queue
[2026-02-25T11:07:54.095+0000] {logging_mixin.py:190} INFO - [2026-02-25T11:07:54.095+0000] {dagbag.py:588} INFO - Filling up the DagBag from /home/ubuntu/airflow-venv/lib/python3.12/site-packages/airflow/example_dags/example_trigger_controller_dag.py
[2026-02-25T11:07:54.099+0000] {processor.py:925} INFO - DAG(s) 'example_trigger_controller_dag' retrieved from /home/ubuntu/airflow-venv/lib/python3.12/site-packages/airflow/example_dags/example_trigger_controller_dag.py
[2026-02-25T11:07:54.108+0000] {logging_mixin.py:190} INFO - [2026-02-25T11:07:54.108+0000] {dag.py:3239} INFO - Sync 1 DAGs
[2026-02-25T11:07:54.119+0000] {logging_mixin.py:190} INFO - [2026-02-25T11:07:54.119+0000] {dag.py:4180} INFO - Setting next_dagrun for example_trigger_controller_dag to 2021-01-01 00:00:00+00:00, run_after=2021-01-01 00:00:00+00:00
[2026-02-25T11:07:54.135+0000] {processor.py:208} INFO - Processing /home/ubuntu/airflow-venv/lib/python3.12/site-packages/airflow/example_dags/example_trigger_controller_dag.py took 0.046 seconds
[2026-02-25T11:08:27.837+0000] {processor.py:186} INFO - Started process (PID=8446) to work on /home/ubuntu/airflow-venv/lib/python3.12/site-packages/airflow/example_dags/example_trigger_controller_dag.py
[2026-02-25T11:08:27.838+0000] {processor.py:914} INFO - Processing file /home/ubuntu/airflow-venv/lib/python3.12/site-packages/airflow/example_dags/example_trigger_controller_dag.py for tasks to queue
[2026-02-25T11:08:27.840+0000] {logging_mixin.py:190} INFO - [2026-02-25T11:08:27.839+0000] {dagbag.py:588} INFO - Filling up the DagBag from /home/ubuntu/airflow-venv/lib/python3.12/site-packages/airflow/example_dags/example_trigger_controller_dag.py
[2026-02-25T11:08:27.844+0000] {processor.py:925} INFO - DAG(s) 'example_trigger_controller_dag' retrieved from /home/ubuntu/airflow-venv/lib/python3.12/site-packages/airflow/example_dags/example_trigger_controller_dag.py
[2026-02-25T11:08:27.853+0000] {logging_mixin.py:190} INFO - [2026-02-25T11:08:27.853+0000] {dag.py:3239} INFO - Sync 1 DAGs
[2026-02-25T11:08:27.865+0000] {logging_mixin.py:190} INFO - [2026-02-25T11:08:27.865+0000] {dag.py:4180} INFO - Setting next_dagrun for example_trigger_controller_dag to 2021-01-01 00:00:00+00:00, run_after=2021-01-01 00:00:00+00:00
[2026-02-25T11:08:27.882+0000] {processor.py:208} INFO - Processing /home/ubuntu/airflow-venv/lib/python3.12/site-packages/airflow/example_dags/example_trigger_controller_dag.py took 0.049 seconds
[2026-02-25T11:08:44.749+0000] {processor.py:186} INFO - Started process (PID=8488) to work on /home/ubuntu/airflow-venv/lib/python3.12/site-packages/airflow/example_dags/example_trigger_controller_dag.py
[2026-02-25T11:08:44.749+0000] {processor.py:914} INFO - Processing file /home/ubuntu/airflow-venv/lib/python3.12/site-packages/airflow/example_dags/example_trigger_controller_dag.py for tasks to queue
[2026-02-25T11:08:44.751+0000] {logging_mixin.py:190} INFO - [2026-02-25T11:08:44.750+0000] {dagbag.py:588} INFO - Filling up the DagBag from /home/ubuntu/airflow-venv/lib/python3.12/site-packages/airflow/example_dags/example_trigger_controller_dag.py
[2026-02-25T11:08:44.755+0000] {processor.py:925} INFO - DAG(s) 'example_trigger_controller_dag' retrieved from /home/ubuntu/airflow-venv/lib/python3.12/site-packages/airflow/example_dags/example_trigger_controller_dag.py
[2026-02-25T11:08:44.764+0000] {logging_mixin.py:190} INFO - [2026-02-25T11:08:44.764+0000] {dag.py:3239} INFO - Sync 1 DAGs
[2026-02-25T11:08:44.775+0000] {logging_mixin.py:190} INFO - [2026-02-25T11:08:44.775+0000] {dag.py:4180} INFO - Setting next_dagrun for example_trigger_controller_dag to 2021-01-01 00:00:00+00:00, run_after=2021-01-01 00:00:00+00:00
[2026-02-25T11:08:44.790+0000] {processor.py:208} INFO - Processing /home/ubuntu/airflow-venv/lib/python3.12/site-packages/airflow/example_dags/example_trigger_controller_dag.py took 0.045 seconds
[2026-02-25T11:09:17.342+0000] {processor.py:186} INFO - Started process (PID=8555) to work on /home/ubuntu/airflow-venv/lib/python3.12/site-packages/airflow/example_dags/example_trigger_controller_dag.py
[2026-02-25T11:09:17.343+0000] {processor.py:914} INFO - Processing file /home/ubuntu/airflow-venv/lib/python3.12/site-packages/airflow/example_dags/example_trigger_controller_dag.py for tasks to queue
[2026-02-25T11:09:17.345+0000] {logging_mixin.py:190} INFO - [2026-02-25T11:09:17.345+0000] {dagbag.py:588} INFO - Filling up the DagBag from /home/ubuntu/airflow-venv/lib/python3.12/site-packages/airflow/example_dags/example_trigger_controller_dag.py
[2026-02-25T11:09:17.355+0000] {processor.py:925} INFO - DAG(s) 'example_trigger_controller_dag' retrieved from /home/ubuntu/airflow-venv/lib/python3.12/site-packages/airflow/example_dags/example_trigger_controller_dag.py
[2026-02-25T11:09:17.377+0000] {logging_mixin.py:190} INFO - [2026-02-25T11:09:17.377+0000] {dag.py:3239} INFO - Sync 1 DAGs
[2026-02-25T11:09:17.395+0000] {logging_mixin.py:190} INFO - [2026-02-25T11:09:17.395+0000] {dag.py:4180} INFO - Setting next_dagrun for example_trigger_controller_dag to 2021-01-01 00:00:00+00:00, run_after=2021-01-01 00:00:00+00:00
[2026-02-25T11:09:17.415+0000] {processor.py:208} INFO - Processing /home/ubuntu/airflow-venv/lib/python3.12/site-packages/airflow/example_dags/example_trigger_controller_dag.py took 0.077 seconds
[2026-02-25T11:09:35.355+0000] {processor.py:186} INFO - Started process (PID=8593) to work on /home/ubuntu/airflow-venv/lib/python3.12/site-packages/airflow/example_dags/example_trigger_controller_dag.py
[2026-02-25T11:09:35.355+0000] {processor.py:914} INFO - Processing file /home/ubuntu/airflow-venv/lib/python3.12/site-packages/airflow/example_dags/example_trigger_controller_dag.py for tasks to queue
[2026-02-25T11:09:35.357+0000] {logging_mixin.py:190} INFO - [2026-02-25T11:09:35.357+0000] {dagbag.py:588} INFO - Filling up the DagBag from /home/ubuntu/airflow-venv/lib/python3.12/site-packages/airflow/example_dags/example_trigger_controller_dag.py
[2026-02-25T11:09:35.362+0000] {processor.py:925} INFO - DAG(s) 'example_trigger_controller_dag' retrieved from /home/ubuntu/airflow-venv/lib/python3.12/site-packages/airflow/example_dags/example_trigger_controller_dag.py
[2026-02-25T11:09:35.371+0000] {logging_mixin.py:190} INFO - [2026-02-25T11:09:35.371+0000] {dag.py:3239} INFO - Sync 1 DAGs
[2026-02-25T11:09:35.384+0000] {logging_mixin.py:190} INFO - [2026-02-25T11:09:35.384+0000] {dag.py:4180} INFO - Setting next_dagrun for example_trigger_controller_dag to 2021-01-01 00:00:00+00:00, run_after=2021-01-01 00:00:00+00:00
[2026-02-25T11:09:35.401+0000] {processor.py:208} INFO - Processing /home/ubuntu/airflow-venv/lib/python3.12/site-packages/airflow/example_dags/example_trigger_controller_dag.py took 0.050 seconds
[2026-02-25T11:10:06.610+0000] {processor.py:186} INFO - Started process (PID=8661) to work on /home/ubuntu/airflow-venv/lib/python3.12/site-packages/airflow/example_dags/example_trigger_controller_dag.py
[2026-02-25T11:10:06.611+0000] {processor.py:914} INFO - Processing file /home/ubuntu/airflow-venv/lib/python3.12/site-packages/airflow/example_dags/example_trigger_controller_dag.py for tasks to queue
[2026-02-25T11:10:06.613+0000] {logging_mixin.py:190} INFO - [2026-02-25T11:10:06.613+0000] {dagbag.py:588} INFO - Filling up the DagBag from /home/ubuntu/airflow-venv/lib/python3.12/site-packages/airflow/example_dags/example_trigger_controller_dag.py
[2026-02-25T11:10:06.617+0000] {processor.py:925} INFO - DAG(s) 'example_trigger_controller_dag' retrieved from /home/ubuntu/airflow-venv/lib/python3.12/site-packages/airflow/example_dags/example_trigger_controller_dag.py
[2026-02-25T11:10:06.626+0000] {logging_mixin.py:190} INFO - [2026-02-25T11:10:06.626+0000] {dag.py:3239} INFO - Sync 1 DAGs
[2026-02-25T11:10:06.638+0000] {logging_mixin.py:190} INFO - [2026-02-25T11:10:06.637+0000] {dag.py:4180} INFO - Setting next_dagrun for example_trigger_controller_dag to 2021-01-01 00:00:00+00:00, run_after=2021-01-01 00:00:00+00:00
[2026-02-25T11:10:06.653+0000] {processor.py:208} INFO - Processing /home/ubuntu/airflow-venv/lib/python3.12/site-packages/airflow/example_dags/example_trigger_controller_dag.py took 0.047 seconds
[2026-02-25T11:10:24.854+0000] {processor.py:186} INFO - Started process (PID=8699) to work on /home/ubuntu/airflow-venv/lib/python3.12/site-packages/airflow/example_dags/example_trigger_controller_dag.py
[2026-02-25T11:10:24.855+0000] {processor.py:914} INFO - Processing file /home/ubuntu/airflow-venv/lib/python3.12/site-packages/airflow/example_dags/example_trigger_controller_dag.py for tasks to queue
[2026-02-25T11:10:24.857+0000] {logging_mixin.py:190} INFO - [2026-02-25T11:10:24.856+0000] {dagbag.py:588} INFO - Filling up the DagBag from /home/ubuntu/airflow-venv/lib/python3.12/site-packages/airflow/example_dags/example_trigger_controller_dag.py
[2026-02-25T11:10:24.861+0000] {processor.py:925} INFO - DAG(s) 'example_trigger_controller_dag' retrieved from /home/ubuntu/airflow-venv/lib/python3.12/site-packages/airflow/example_dags/example_trigger_controller_dag.py
[2026-02-25T11:10:24.870+0000] {logging_mixin.py:190} INFO - [2026-02-25T11:10:24.870+0000] {dag.py:3239} INFO - Sync 1 DAGs
[2026-02-25T11:10:24.882+0000] {logging_mixin.py:190} INFO - [2026-02-25T11:10:24.881+0000] {dag.py:4180} INFO - Setting next_dagrun for example_trigger_controller_dag to 2021-01-01 00:00:00+00:00, run_after=2021-01-01 00:00:00+00:00
[2026-02-25T11:10:24.898+0000] {processor.py:208} INFO - Processing /home/ubuntu/airflow-venv/lib/python3.12/site-packages/airflow/example_dags/example_trigger_controller_dag.py took 0.047 seconds
[2026-02-25T11:10:57.570+0000] {processor.py:186} INFO - Started process (PID=8766) to work on /home/ubuntu/airflow-venv/lib/python3.12/site-packages/airflow/example_dags/example_trigger_controller_dag.py
[2026-02-25T11:10:57.572+0000] {processor.py:914} INFO - Processing file /home/ubuntu/airflow-venv/lib/python3.12/site-packages/airflow/example_dags/example_trigger_controller_dag.py for tasks to queue
[2026-02-25T11:10:57.574+0000] {logging_mixin.py:190} INFO - [2026-02-25T11:10:57.573+0000] {dagbag.py:588} INFO - Filling up the DagBag from /home/ubuntu/airflow-venv/lib/python3.12/site-packages/airflow/example_dags/example_trigger_controller_dag.py
[2026-02-25T11:10:57.578+0000] {processor.py:925} INFO - DAG(s) 'example_trigger_controller_dag' retrieved from /home/ubuntu/airflow-venv/lib/python3.12/site-packages/airflow/example_dags/example_trigger_controller_dag.py
[2026-02-25T11:10:57.588+0000] {logging_mixin.py:190} INFO - [2026-02-25T11:10:57.587+0000] {dag.py:3239} INFO - Sync 1 DAGs
[2026-02-25T11:10:57.600+0000] {logging_mixin.py:190} INFO - [2026-02-25T11:10:57.599+0000] {dag.py:4180} INFO - Setting next_dagrun for example_trigger_controller_dag to 2021-01-01 00:00:00+00:00, run_after=2021-01-01 00:00:00+00:00
[2026-02-25T11:10:57.616+0000] {processor.py:208} INFO - Processing /home/ubuntu/airflow-venv/lib/python3.12/site-packages/airflow/example_dags/example_trigger_controller_dag.py took 0.049 seconds
[2026-02-25T11:11:14.276+0000] {processor.py:186} INFO - Started process (PID=8801) to work on /home/ubuntu/airflow-venv/lib/python3.12/site-packages/airflow/example_dags/example_trigger_controller_dag.py
[2026-02-25T11:11:14.276+0000] {processor.py:914} INFO - Processing file /home/ubuntu/airflow-venv/lib/python3.12/site-packages/airflow/example_dags/example_trigger_controller_dag.py for tasks to queue
[2026-02-25T11:11:14.278+0000] {logging_mixin.py:190} INFO - [2026-02-25T11:11:14.278+0000] {dagbag.py:588} INFO - Filling up the DagBag from /home/ubuntu/airflow-venv/lib/python3.12/site-packages/airflow/example_dags/example_trigger_controller_dag.py
[2026-02-25T11:11:14.282+0000] {processor.py:925} INFO - DAG(s) 'example_trigger_controller_dag' retrieved from /home/ubuntu/airflow-venv/lib/python3.12/site-packages/airflow/example_dags/example_trigger_controller_dag.py
[2026-02-25T11:11:14.292+0000] {logging_mixin.py:190} INFO - [2026-02-25T11:11:14.291+0000] {dag.py:3239} INFO - Sync 1 DAGs
[2026-02-25T11:11:14.379+0000] {logging_mixin.py:190} INFO - [2026-02-25T11:11:14.378+0000] {dag.py:4180} INFO - Setting next_dagrun for example_trigger_controller_dag to 2021-01-01 00:00:00+00:00, run_after=2021-01-01 00:00:00+00:00
[2026-02-25T11:11:14.394+0000] {processor.py:208} INFO - Processing /home/ubuntu/airflow-venv/lib/python3.12/site-packages/airflow/example_dags/example_trigger_controller_dag.py took 0.122 seconds
[2026-02-25T11:11:49.515+0000] {processor.py:186} INFO - Started process (PID=8879) to work on /home/ubuntu/airflow-venv/lib/python3.12/site-packages/airflow/example_dags/example_trigger_controller_dag.py
[2026-02-25T11:11:49.517+0000] {processor.py:914} INFO - Processing file /home/ubuntu/airflow-venv/lib/python3.12/site-packages/airflow/example_dags/example_trigger_controller_dag.py for tasks to queue
[2026-02-25T11:11:49.519+0000] {logging_mixin.py:190} INFO - [2026-02-25T11:11:49.518+0000] {dagbag.py:588} INFO - Filling up the DagBag from /home/ubuntu/airflow-venv/lib/python3.12/site-packages/airflow/example_dags/example_trigger_controller_dag.py
[2026-02-25T11:11:49.523+0000] {processor.py:925} INFO - DAG(s) 'example_trigger_controller_dag' retrieved from /home/ubuntu/airflow-venv/lib/python3.12/site-packages/airflow/example_dags/example_trigger_controller_dag.py
[2026-02-25T11:11:49.533+0000] {logging_mixin.py:190} INFO - [2026-02-25T11:11:49.533+0000] {dag.py:3239} INFO - Sync 1 DAGs
[2026-02-25T11:11:49.618+0000] {logging_mixin.py:190} INFO - [2026-02-25T11:11:49.618+0000] {dag.py:4180} INFO - Setting next_dagrun for example_trigger_controller_dag to 2021-01-01 00:00:00+00:00, run_after=2021-01-01 00:00:00+00:00
[2026-02-25T11:11:49.634+0000] {processor.py:208} INFO - Processing /home/ubuntu/airflow-venv/lib/python3.12/site-packages/airflow/example_dags/example_trigger_controller_dag.py took 0.122 seconds
[2026-02-25T11:12:06.716+0000] {processor.py:186} INFO - Started process (PID=8915) to work on /home/ubuntu/airflow-venv/lib/python3.12/site-packages/airflow/example_dags/example_trigger_controller_dag.py
[2026-02-25T11:12:06.716+0000] {processor.py:914} INFO - Processing file /home/ubuntu/airflow-venv/lib/python3.12/site-packages/airflow/example_dags/example_trigger_controller_dag.py for tasks to queue
[2026-02-25T11:12:06.717+0000] {logging_mixin.py:190} INFO - [2026-02-25T11:12:06.717+0000] {dagbag.py:588} INFO - Filling up the DagBag from /home/ubuntu/airflow-venv/lib/python3.12/site-packages/airflow/example_dags/example_trigger_controller_dag.py
[2026-02-25T11:12:06.722+0000] {processor.py:925} INFO - DAG(s) 'example_trigger_controller_dag' retrieved from /home/ubuntu/airflow-venv/lib/python3.12/site-packages/airflow/example_dags/example_trigger_controller_dag.py
[2026-02-25T11:12:06.731+0000] {logging_mixin.py:190} INFO - [2026-02-25T11:12:06.731+0000] {dag.py:3239} INFO - Sync 1 DAGs
[2026-02-25T11:12:06.743+0000] {logging_mixin.py:190} INFO - [2026-02-25T11:12:06.743+0000] {dag.py:4180} INFO - Setting next_dagrun for example_trigger_controller_dag to 2021-01-01 00:00:00+00:00, run_after=2021-01-01 00:00:00+00:00
[2026-02-25T11:12:06.760+0000] {processor.py:208} INFO - Processing /home/ubuntu/airflow-venv/lib/python3.12/site-packages/airflow/example_dags/example_trigger_controller_dag.py took 0.048 seconds
[2026-02-25T11:12:46.552+0000] {processor.py:186} INFO - Started process (PID=8994) to work on /home/ubuntu/airflow-venv/lib/python3.12/site-packages/airflow/example_dags/example_trigger_controller_dag.py
[2026-02-25T11:12:46.554+0000] {processor.py:914} INFO - Processing file /home/ubuntu/airflow-venv/lib/python3.12/site-packages/airflow/example_dags/example_trigger_controller_dag.py for tasks to queue
[2026-02-25T11:12:46.556+0000] {logging_mixin.py:190} INFO - [2026-02-25T11:12:46.555+0000] {dagbag.py:588} INFO - Filling up the DagBag from /home/ubuntu/airflow-venv/lib/python3.12/site-packages/airflow/example_dags/example_trigger_controller_dag.py
[2026-02-25T11:12:46.560+0000] {processor.py:925} INFO - DAG(s) 'example_trigger_controller_dag' retrieved from /home/ubuntu/airflow-venv/lib/python3.12/site-packages/airflow/example_dags/example_trigger_controller_dag.py
[2026-02-25T11:12:46.569+0000] {logging_mixin.py:190} INFO - [2026-02-25T11:12:46.569+0000] {dag.py:3239} INFO - Sync 1 DAGs
[2026-02-25T11:12:46.582+0000] {logging_mixin.py:190} INFO - [2026-02-25T11:12:46.581+0000] {dag.py:4180} INFO - Setting next_dagrun for example_trigger_controller_dag to 2021-01-01 00:00:00+00:00, run_after=2021-01-01 00:00:00+00:00
[2026-02-25T11:12:46.599+0000] {processor.py:208} INFO - Processing /home/ubuntu/airflow-venv/lib/python3.12/site-packages/airflow/example_dags/example_trigger_controller_dag.py took 0.050 seconds
[2026-02-25T11:12:58.203+0000] {processor.py:186} INFO - Started process (PID=9017) to work on /home/ubuntu/airflow-venv/lib/python3.12/site-packages/airflow/example_dags/example_trigger_controller_dag.py
[2026-02-25T11:12:58.204+0000] {processor.py:914} INFO - Processing file /home/ubuntu/airflow-venv/lib/python3.12/site-packages/airflow/example_dags/example_trigger_controller_dag.py for tasks to queue
[2026-02-25T11:12:58.206+0000] {logging_mixin.py:190} INFO - [2026-02-25T11:12:58.205+0000] {dagbag.py:588} INFO - Filling up the DagBag from /home/ubuntu/airflow-venv/lib/python3.12/site-packages/airflow/example_dags/example_trigger_controller_dag.py
[2026-02-25T11:12:58.210+0000] {processor.py:925} INFO - DAG(s) 'example_trigger_controller_dag' retrieved from /home/ubuntu/airflow-venv/lib/python3.12/site-packages/airflow/example_dags/example_trigger_controller_dag.py
[2026-02-25T11:12:58.220+0000] {logging_mixin.py:190} INFO - [2026-02-25T11:12:58.220+0000] {dag.py:3239} INFO - Sync 1 DAGs
[2026-02-25T11:12:58.233+0000] {logging_mixin.py:190} INFO - [2026-02-25T11:12:58.233+0000] {dag.py:4180} INFO - Setting next_dagrun for example_trigger_controller_dag to 2021-01-01 00:00:00+00:00, run_after=2021-01-01 00:00:00+00:00
[2026-02-25T11:12:58.250+0000] {processor.py:208} INFO - Processing /home/ubuntu/airflow-venv/lib/python3.12/site-packages/airflow/example_dags/example_trigger_controller_dag.py took 0.051 seconds
[2026-02-25T11:13:41.050+0000] {processor.py:186} INFO - Started process (PID=9106) to work on /home/ubuntu/airflow-venv/lib/python3.12/site-packages/airflow/example_dags/example_trigger_controller_dag.py
[2026-02-25T11:13:41.052+0000] {processor.py:914} INFO - Processing file /home/ubuntu/airflow-venv/lib/python3.12/site-packages/airflow/example_dags/example_trigger_controller_dag.py for tasks to queue
[2026-02-25T11:13:41.053+0000] {logging_mixin.py:190} INFO - [2026-02-25T11:13:41.053+0000] {dagbag.py:588} INFO - Filling up the DagBag from /home/ubuntu/airflow-venv/lib/python3.12/site-packages/airflow/example_dags/example_trigger_controller_dag.py
[2026-02-25T11:13:41.058+0000] {processor.py:925} INFO - DAG(s) 'example_trigger_controller_dag' retrieved from /home/ubuntu/airflow-venv/lib/python3.12/site-packages/airflow/example_dags/example_trigger_controller_dag.py
[2026-02-25T11:13:41.067+0000] {logging_mixin.py:190} INFO - [2026-02-25T11:13:41.067+0000] {dag.py:3239} INFO - Sync 1 DAGs
[2026-02-25T11:13:41.080+0000] {logging_mixin.py:190} INFO - [2026-02-25T11:13:41.080+0000] {dag.py:4180} INFO - Setting next_dagrun for example_trigger_controller_dag to 2021-01-01 00:00:00+00:00, run_after=2021-01-01 00:00:00+00:00
[2026-02-25T11:13:41.096+0000] {processor.py:208} INFO - Processing /home/ubuntu/airflow-venv/lib/python3.12/site-packages/airflow/example_dags/example_trigger_controller_dag.py took 0.050 seconds
[2026-02-25T11:13:50.617+0000] {processor.py:186} INFO - Started process (PID=9127) to work on /home/ubuntu/airflow-venv/lib/python3.12/site-packages/airflow/example_dags/example_trigger_controller_dag.py
[2026-02-25T11:13:50.617+0000] {processor.py:914} INFO - Processing file /home/ubuntu/airflow-venv/lib/python3.12/site-packages/airflow/example_dags/example_trigger_controller_dag.py for tasks to queue
[2026-02-25T11:13:50.619+0000] {logging_mixin.py:190} INFO - [2026-02-25T11:13:50.619+0000] {dagbag.py:588} INFO - Filling up the DagBag from /home/ubuntu/airflow-venv/lib/python3.12/site-packages/airflow/example_dags/example_trigger_controller_dag.py
[2026-02-25T11:13:50.624+0000] {processor.py:925} INFO - DAG(s) 'example_trigger_controller_dag' retrieved from /home/ubuntu/airflow-venv/lib/python3.12/site-packages/airflow/example_dags/example_trigger_controller_dag.py
[2026-02-25T11:13:50.634+0000] {logging_mixin.py:190} INFO - [2026-02-25T11:13:50.634+0000] {dag.py:3239} INFO - Sync 1 DAGs
[2026-02-25T11:13:50.647+0000] {logging_mixin.py:190} INFO - [2026-02-25T11:13:50.647+0000] {dag.py:4180} INFO - Setting next_dagrun for example_trigger_controller_dag to 2021-01-01 00:00:00+00:00, run_after=2021-01-01 00:00:00+00:00
[2026-02-25T11:13:50.664+0000] {processor.py:208} INFO - Processing /home/ubuntu/airflow-venv/lib/python3.12/site-packages/airflow/example_dags/example_trigger_controller_dag.py took 0.051 seconds
[2026-02-25T11:14:33.196+0000] {processor.py:186} INFO - Started process (PID=9214) to work on /home/ubuntu/airflow-venv/lib/python3.12/site-packages/airflow/example_dags/example_trigger_controller_dag.py
[2026-02-25T11:14:33.197+0000] {processor.py:914} INFO - Processing file /home/ubuntu/airflow-venv/lib/python3.12/site-packages/airflow/example_dags/example_trigger_controller_dag.py for tasks to queue
[2026-02-25T11:14:33.199+0000] {logging_mixin.py:190} INFO - [2026-02-25T11:14:33.198+0000] {dagbag.py:588} INFO - Filling up the DagBag from /home/ubuntu/airflow-venv/lib/python3.12/site-packages/airflow/example_dags/example_trigger_controller_dag.py
[2026-02-25T11:14:33.203+0000] {processor.py:925} INFO - DAG(s) 'example_trigger_controller_dag' retrieved from /home/ubuntu/airflow-venv/lib/python3.12/site-packages/airflow/example_dags/example_trigger_controller_dag.py
[2026-02-25T11:14:33.213+0000] {logging_mixin.py:190} INFO - [2026-02-25T11:14:33.212+0000] {dag.py:3239} INFO - Sync 1 DAGs
[2026-02-25T11:14:33.225+0000] {logging_mixin.py:190} INFO - [2026-02-25T11:14:33.225+0000] {dag.py:4180} INFO - Setting next_dagrun for example_trigger_controller_dag to 2021-01-01 00:00:00+00:00, run_after=2021-01-01 00:00:00+00:00
[2026-02-25T11:14:33.241+0000] {processor.py:208} INFO - Processing /home/ubuntu/airflow-venv/lib/python3.12/site-packages/airflow/example_dags/example_trigger_controller_dag.py took 0.049 seconds
[2026-02-25T11:14:40.503+0000] {processor.py:186} INFO - Started process (PID=9229) to work on /home/ubuntu/airflow-venv/lib/python3.12/site-packages/airflow/example_dags/example_trigger_controller_dag.py
[2026-02-25T11:14:40.503+0000] {processor.py:914} INFO - Processing file /home/ubuntu/airflow-venv/lib/python3.12/site-packages/airflow/example_dags/example_trigger_controller_dag.py for tasks to queue
[2026-02-25T11:14:40.505+0000] {logging_mixin.py:190} INFO - [2026-02-25T11:14:40.505+0000] {dagbag.py:588} INFO - Filling up the DagBag from /home/ubuntu/airflow-venv/lib/python3.12/site-packages/airflow/example_dags/example_trigger_controller_dag.py
[2026-02-25T11:14:40.510+0000] {processor.py:925} INFO - DAG(s) 'example_trigger_controller_dag' retrieved from /home/ubuntu/airflow-venv/lib/python3.12/site-packages/airflow/example_dags/example_trigger_controller_dag.py
[2026-02-25T11:14:40.520+0000] {logging_mixin.py:190} INFO - [2026-02-25T11:14:40.520+0000] {dag.py:3239} INFO - Sync 1 DAGs
[2026-02-25T11:14:40.533+0000] {logging_mixin.py:190} INFO - [2026-02-25T11:14:40.533+0000] {dag.py:4180} INFO - Setting next_dagrun for example_trigger_controller_dag to 2021-01-01 00:00:00+00:00, run_after=2021-01-01 00:00:00+00:00
[2026-02-25T11:14:40.550+0000] {processor.py:208} INFO - Processing /home/ubuntu/airflow-venv/lib/python3.12/site-packages/airflow/example_dags/example_trigger_controller_dag.py took 0.051 seconds
[2026-02-25T11:15:26.823+0000] {processor.py:186} INFO - Started process (PID=9330) to work on /home/ubuntu/airflow-venv/lib/python3.12/site-packages/airflow/example_dags/example_trigger_controller_dag.py
[2026-02-25T11:15:26.824+0000] {processor.py:914} INFO - Processing file /home/ubuntu/airflow-venv/lib/python3.12/site-packages/airflow/example_dags/example_trigger_controller_dag.py for tasks to queue
[2026-02-25T11:15:26.826+0000] {logging_mixin.py:190} INFO - [2026-02-25T11:15:26.826+0000] {dagbag.py:588} INFO - Filling up the DagBag from /home/ubuntu/airflow-venv/lib/python3.12/site-packages/airflow/example_dags/example_trigger_controller_dag.py
[2026-02-25T11:15:26.831+0000] {processor.py:925} INFO - DAG(s) 'example_trigger_controller_dag' retrieved from /home/ubuntu/airflow-venv/lib/python3.12/site-packages/airflow/example_dags/example_trigger_controller_dag.py
[2026-02-25T11:15:26.840+0000] {logging_mixin.py:190} INFO - [2026-02-25T11:15:26.840+0000] {dag.py:3239} INFO - Sync 1 DAGs
[2026-02-25T11:15:26.853+0000] {logging_mixin.py:190} INFO - [2026-02-25T11:15:26.853+0000] {dag.py:4180} INFO - Setting next_dagrun for example_trigger_controller_dag to 2021-01-01 00:00:00+00:00, run_after=2021-01-01 00:00:00+00:00
[2026-02-25T11:15:26.870+0000] {processor.py:208} INFO - Processing /home/ubuntu/airflow-venv/lib/python3.12/site-packages/airflow/example_dags/example_trigger_controller_dag.py took 0.051 seconds
[2026-02-25T11:15:27.745+0000] {processor.py:186} INFO - Started process (PID=9332) to work on /home/ubuntu/airflow-venv/lib/python3.12/site-packages/airflow/example_dags/example_trigger_controller_dag.py
[2026-02-25T11:15:27.745+0000] {processor.py:914} INFO - Processing file /home/ubuntu/airflow-venv/lib/python3.12/site-packages/airflow/example_dags/example_trigger_controller_dag.py for tasks to queue
[2026-02-25T11:15:27.747+0000] {logging_mixin.py:190} INFO - [2026-02-25T11:15:27.746+0000] {dagbag.py:588} INFO - Filling up the DagBag from /home/ubuntu/airflow-venv/lib/python3.12/site-packages/airflow/example_dags/example_trigger_controller_dag.py
[2026-02-25T11:15:27.752+0000] {processor.py:925} INFO - DAG(s) 'example_trigger_controller_dag' retrieved from /home/ubuntu/airflow-venv/lib/python3.12/site-packages/airflow/example_dags/example_trigger_controller_dag.py
[2026-02-25T11:15:27.761+0000] {logging_mixin.py:190} INFO - [2026-02-25T11:15:27.761+0000] {dag.py:3239} INFO - Sync 1 DAGs
[2026-02-25T11:15:27.774+0000] {logging_mixin.py:190} INFO - [2026-02-25T11:15:27.773+0000] {dag.py:4180} INFO - Setting next_dagrun for example_trigger_controller_dag to 2021-01-01 00:00:00+00:00, run_after=2021-01-01 00:00:00+00:00
[2026-02-25T11:15:27.790+0000] {processor.py:208} INFO - Processing /home/ubuntu/airflow-venv/lib/python3.12/site-packages/airflow/example_dags/example_trigger_controller_dag.py took 0.049 seconds
[2026-02-25T11:16:13.909+0000] {processor.py:186} INFO - Started process (PID=9431) to work on /home/ubuntu/airflow-venv/lib/python3.12/site-packages/airflow/example_dags/example_trigger_controller_dag.py
[2026-02-25T11:16:13.910+0000] {processor.py:914} INFO - Processing file /home/ubuntu/airflow-venv/lib/python3.12/site-packages/airflow/example_dags/example_trigger_controller_dag.py for tasks to queue
[2026-02-25T11:16:13.912+0000] {logging_mixin.py:190} INFO - [2026-02-25T11:16:13.912+0000] {dagbag.py:588} INFO - Filling up the DagBag from /home/ubuntu/airflow-venv/lib/python3.12/site-packages/airflow/example_dags/example_trigger_controller_dag.py
[2026-02-25T11:16:13.917+0000] {processor.py:925} INFO - DAG(s) 'example_trigger_controller_dag' retrieved from /home/ubuntu/airflow-venv/lib/python3.12/site-packages/airflow/example_dags/example_trigger_controller_dag.py
[2026-02-25T11:16:13.926+0000] {logging_mixin.py:190} INFO - [2026-02-25T11:16:13.926+0000] {dag.py:3239} INFO - Sync 1 DAGs
[2026-02-25T11:16:13.939+0000] {logging_mixin.py:190} INFO - [2026-02-25T11:16:13.939+0000] {dag.py:4180} INFO - Setting next_dagrun for example_trigger_controller_dag to 2021-01-01 00:00:00+00:00, run_after=2021-01-01 00:00:00+00:00
[2026-02-25T11:16:13.955+0000] {processor.py:208} INFO - Processing /home/ubuntu/airflow-venv/lib/python3.12/site-packages/airflow/example_dags/example_trigger_controller_dag.py took 0.050 seconds
[2026-02-25T11:16:16.399+0000] {processor.py:186} INFO - Started process (PID=9436) to work on /home/ubuntu/airflow-venv/lib/python3.12/site-packages/airflow/example_dags/example_trigger_controller_dag.py
[2026-02-25T11:16:16.400+0000] {processor.py:914} INFO - Processing file /home/ubuntu/airflow-venv/lib/python3.12/site-packages/airflow/example_dags/example_trigger_controller_dag.py for tasks to queue
[2026-02-25T11:16:16.402+0000] {logging_mixin.py:190} INFO - [2026-02-25T11:16:16.402+0000] {dagbag.py:588} INFO - Filling up the DagBag from /home/ubuntu/airflow-venv/lib/python3.12/site-packages/airflow/example_dags/example_trigger_controller_dag.py
[2026-02-25T11:16:16.407+0000] {processor.py:925} INFO - DAG(s) 'example_trigger_controller_dag' retrieved from /home/ubuntu/airflow-venv/lib/python3.12/site-packages/airflow/example_dags/example_trigger_controller_dag.py
[2026-02-25T11:16:16.416+0000] {logging_mixin.py:190} INFO - [2026-02-25T11:16:16.416+0000] {dag.py:3239} INFO - Sync 1 DAGs
[2026-02-25T11:16:16.429+0000] {logging_mixin.py:190} INFO - [2026-02-25T11:16:16.429+0000] {dag.py:4180} INFO - Setting next_dagrun for example_trigger_controller_dag to 2021-01-01 00:00:00+00:00, run_after=2021-01-01 00:00:00+00:00
[2026-02-25T11:16:16.446+0000] {processor.py:208} INFO - Processing /home/ubuntu/airflow-venv/lib/python3.12/site-packages/airflow/example_dags/example_trigger_controller_dag.py took 0.050 seconds
[2026-02-25T11:17:02.305+0000] {processor.py:186} INFO - Started process (PID=9538) to work on /home/ubuntu/airflow-venv/lib/python3.12/site-packages/airflow/example_dags/example_trigger_controller_dag.py
[2026-02-25T11:17:02.307+0000] {processor.py:914} INFO - Processing file /home/ubuntu/airflow-venv/lib/python3.12/site-packages/airflow/example_dags/example_trigger_controller_dag.py for tasks to queue
[2026-02-25T11:17:02.308+0000] {logging_mixin.py:190} INFO - [2026-02-25T11:17:02.308+0000] {dagbag.py:588} INFO - Filling up the DagBag from /home/ubuntu/airflow-venv/lib/python3.12/site-packages/airflow/example_dags/example_trigger_controller_dag.py
[2026-02-25T11:17:02.314+0000] {processor.py:925} INFO - DAG(s) 'example_trigger_controller_dag' retrieved from /home/ubuntu/airflow-venv/lib/python3.12/site-packages/airflow/example_dags/example_trigger_controller_dag.py
[2026-02-25T11:17:02.324+0000] {logging_mixin.py:190} INFO - [2026-02-25T11:17:02.324+0000] {dag.py:3239} INFO - Sync 1 DAGs
[2026-02-25T11:17:02.338+0000] {logging_mixin.py:190} INFO - [2026-02-25T11:17:02.337+0000] {dag.py:4180} INFO - Setting next_dagrun for example_trigger_controller_dag to 2021-01-01 00:00:00+00:00, run_after=2021-01-01 00:00:00+00:00
[2026-02-25T11:17:02.356+0000] {processor.py:208} INFO - Processing /home/ubuntu/airflow-venv/lib/python3.12/site-packages/airflow/example_dags/example_trigger_controller_dag.py took 0.055 seconds
[2026-02-25T11:17:05.639+0000] {processor.py:186} INFO - Started process (PID=9545) to work on /home/ubuntu/airflow-venv/lib/python3.12/site-packages/airflow/example_dags/example_trigger_controller_dag.py
[2026-02-25T11:17:05.639+0000] {processor.py:914} INFO - Processing file /home/ubuntu/airflow-venv/lib/python3.12/site-packages/airflow/example_dags/example_trigger_controller_dag.py for tasks to queue
[2026-02-25T11:17:05.641+0000] {logging_mixin.py:190} INFO - [2026-02-25T11:17:05.640+0000] {dagbag.py:588} INFO - Filling up the DagBag from /home/ubuntu/airflow-venv/lib/python3.12/site-packages/airflow/example_dags/example_trigger_controller_dag.py
[2026-02-25T11:17:05.646+0000] {processor.py:925} INFO - DAG(s) 'example_trigger_controller_dag' retrieved from /home/ubuntu/airflow-venv/lib/python3.12/site-packages/airflow/example_dags/example_trigger_controller_dag.py
[2026-02-25T11:17:05.655+0000] {logging_mixin.py:190} INFO - [2026-02-25T11:17:05.655+0000] {dag.py:3239} INFO - Sync 1 DAGs
[2026-02-25T11:17:05.667+0000] {logging_mixin.py:190} INFO - [2026-02-25T11:17:05.666+0000] {dag.py:4180} INFO - Setting next_dagrun for example_trigger_controller_dag to 2021-01-01 00:00:00+00:00, run_after=2021-01-01 00:00:00+00:00
[2026-02-25T11:17:05.681+0000] {processor.py:208} INFO - Processing /home/ubuntu/airflow-venv/lib/python3.12/site-packages/airflow/example_dags/example_trigger_controller_dag.py took 0.046 seconds
[2026-02-25T11:17:52.103+0000] {processor.py:186} INFO - Started process (PID=9642) to work on /home/ubuntu/airflow-venv/lib/python3.12/site-packages/airflow/example_dags/example_trigger_controller_dag.py
[2026-02-25T11:17:52.104+0000] {processor.py:914} INFO - Processing file /home/ubuntu/airflow-venv/lib/python3.12/site-packages/airflow/example_dags/example_trigger_controller_dag.py for tasks to queue
[2026-02-25T11:17:52.106+0000] {logging_mixin.py:190} INFO - [2026-02-25T11:17:52.105+0000] {dagbag.py:588} INFO - Filling up the DagBag from /home/ubuntu/airflow-venv/lib/python3.12/site-packages/airflow/example_dags/example_trigger_controller_dag.py
[2026-02-25T11:17:52.111+0000] {processor.py:925} INFO - DAG(s) 'example_trigger_controller_dag' retrieved from /home/ubuntu/airflow-venv/lib/python3.12/site-packages/airflow/example_dags/example_trigger_controller_dag.py
[2026-02-25T11:17:52.121+0000] {logging_mixin.py:190} INFO - [2026-02-25T11:17:52.121+0000] {dag.py:3239} INFO - Sync 1 DAGs
[2026-02-25T11:17:52.133+0000] {logging_mixin.py:190} INFO - [2026-02-25T11:17:52.133+0000] {dag.py:4180} INFO - Setting next_dagrun for example_trigger_controller_dag to 2021-01-01 00:00:00+00:00, run_after=2021-01-01 00:00:00+00:00
[2026-02-25T11:17:52.150+0000] {processor.py:208} INFO - Processing /home/ubuntu/airflow-venv/lib/python3.12/site-packages/airflow/example_dags/example_trigger_controller_dag.py took 0.051 seconds
[2026-02-25T11:17:55.977+0000] {processor.py:186} INFO - Started process (PID=9650) to work on /home/ubuntu/airflow-venv/lib/python3.12/site-packages/airflow/example_dags/example_trigger_controller_dag.py
[2026-02-25T11:17:55.978+0000] {processor.py:914} INFO - Processing file /home/ubuntu/airflow-venv/lib/python3.12/site-packages/airflow/example_dags/example_trigger_controller_dag.py for tasks to queue
[2026-02-25T11:17:55.979+0000] {logging_mixin.py:190} INFO - [2026-02-25T11:17:55.979+0000] {dagbag.py:588} INFO - Filling up the DagBag from /home/ubuntu/airflow-venv/lib/python3.12/site-packages/airflow/example_dags/example_trigger_controller_dag.py
[2026-02-25T11:17:55.985+0000] {processor.py:925} INFO - DAG(s) 'example_trigger_controller_dag' retrieved from /home/ubuntu/airflow-venv/lib/python3.12/site-packages/airflow/example_dags/example_trigger_controller_dag.py
[2026-02-25T11:17:55.995+0000] {logging_mixin.py:190} INFO - [2026-02-25T11:17:55.994+0000] {dag.py:3239} INFO - Sync 1 DAGs
[2026-02-25T11:17:56.008+0000] {logging_mixin.py:190} INFO - [2026-02-25T11:17:56.008+0000] {dag.py:4180} INFO - Setting next_dagrun for example_trigger_controller_dag to 2021-01-01 00:00:00+00:00, run_after=2021-01-01 00:00:00+00:00
[2026-02-25T11:17:56.025+0000] {processor.py:208} INFO - Processing /home/ubuntu/airflow-venv/lib/python3.12/site-packages/airflow/example_dags/example_trigger_controller_dag.py took 0.052 seconds
[2026-02-25T11:18:45.138+0000] {processor.py:186} INFO - Started process (PID=9750) to work on /home/ubuntu/airflow-venv/lib/python3.12/site-packages/airflow/example_dags/example_trigger_controller_dag.py
[2026-02-25T11:18:45.139+0000] {processor.py:914} INFO - Processing file /home/ubuntu/airflow-venv/lib/python3.12/site-packages/airflow/example_dags/example_trigger_controller_dag.py for tasks to queue
[2026-02-25T11:18:45.140+0000] {logging_mixin.py:190} INFO - [2026-02-25T11:18:45.140+0000] {dagbag.py:588} INFO - Filling up the DagBag from /home/ubuntu/airflow-venv/lib/python3.12/site-packages/airflow/example_dags/example_trigger_controller_dag.py
[2026-02-25T11:18:45.145+0000] {processor.py:925} INFO - DAG(s) 'example_trigger_controller_dag' retrieved from /home/ubuntu/airflow-venv/lib/python3.12/site-packages/airflow/example_dags/example_trigger_controller_dag.py
[2026-02-25T11:18:45.155+0000] {logging_mixin.py:190} INFO - [2026-02-25T11:18:45.155+0000] {dag.py:3239} INFO - Sync 1 DAGs
[2026-02-25T11:18:45.167+0000] {logging_mixin.py:190} INFO - [2026-02-25T11:18:45.167+0000] {dag.py:4180} INFO - Setting next_dagrun for example_trigger_controller_dag to 2021-01-01 00:00:00+00:00, run_after=2021-01-01 00:00:00+00:00
[2026-02-25T11:18:45.185+0000] {processor.py:208} INFO - Processing /home/ubuntu/airflow-venv/lib/python3.12/site-packages/airflow/example_dags/example_trigger_controller_dag.py took 0.051 seconds
[2026-02-25T11:18:47.367+0000] {processor.py:186} INFO - Started process (PID=9754) to work on /home/ubuntu/airflow-venv/lib/python3.12/site-packages/airflow/example_dags/example_trigger_controller_dag.py
[2026-02-25T11:18:47.368+0000] {processor.py:914} INFO - Processing file /home/ubuntu/airflow-venv/lib/python3.12/site-packages/airflow/example_dags/example_trigger_controller_dag.py for tasks to queue
[2026-02-25T11:18:47.370+0000] {logging_mixin.py:190} INFO - [2026-02-25T11:18:47.369+0000] {dagbag.py:588} INFO - Filling up the DagBag from /home/ubuntu/airflow-venv/lib/python3.12/site-packages/airflow/example_dags/example_trigger_controller_dag.py
[2026-02-25T11:18:47.374+0000] {processor.py:925} INFO - DAG(s) 'example_trigger_controller_dag' retrieved from /home/ubuntu/airflow-venv/lib/python3.12/site-packages/airflow/example_dags/example_trigger_controller_dag.py
[2026-02-25T11:18:47.384+0000] {logging_mixin.py:190} INFO - [2026-02-25T11:18:47.384+0000] {dag.py:3239} INFO - Sync 1 DAGs
[2026-02-25T11:18:47.396+0000] {logging_mixin.py:190} INFO - [2026-02-25T11:18:47.396+0000] {dag.py:4180} INFO - Setting next_dagrun for example_trigger_controller_dag to 2021-01-01 00:00:00+00:00, run_after=2021-01-01 00:00:00+00:00
[2026-02-25T11:18:47.415+0000] {processor.py:208} INFO - Processing /home/ubuntu/airflow-venv/lib/python3.12/site-packages/airflow/example_dags/example_trigger_controller_dag.py took 0.051 seconds
[2026-02-25T11:19:35.739+0000] {processor.py:186} INFO - Started process (PID=9858) to work on /home/ubuntu/airflow-venv/lib/python3.12/site-packages/airflow/example_dags/example_trigger_controller_dag.py
[2026-02-25T11:19:35.740+0000] {processor.py:914} INFO - Processing file /home/ubuntu/airflow-venv/lib/python3.12/site-packages/airflow/example_dags/example_trigger_controller_dag.py for tasks to queue
[2026-02-25T11:19:35.742+0000] {logging_mixin.py:190} INFO - [2026-02-25T11:19:35.742+0000] {dagbag.py:588} INFO - Filling up the DagBag from /home/ubuntu/airflow-venv/lib/python3.12/site-packages/airflow/example_dags/example_trigger_controller_dag.py
[2026-02-25T11:19:35.747+0000] {processor.py:925} INFO - DAG(s) 'example_trigger_controller_dag' retrieved from /home/ubuntu/airflow-venv/lib/python3.12/site-packages/airflow/example_dags/example_trigger_controller_dag.py
[2026-02-25T11:19:35.757+0000] {logging_mixin.py:190} INFO - [2026-02-25T11:19:35.757+0000] {dag.py:3239} INFO - Sync 1 DAGs
[2026-02-25T11:19:35.770+0000] {logging_mixin.py:190} INFO - [2026-02-25T11:19:35.770+0000] {dag.py:4180} INFO - Setting next_dagrun for example_trigger_controller_dag to 2021-01-01 00:00:00+00:00, run_after=2021-01-01 00:00:00+00:00
[2026-02-25T11:19:35.788+0000] {processor.py:208} INFO - Processing /home/ubuntu/airflow-venv/lib/python3.12/site-packages/airflow/example_dags/example_trigger_controller_dag.py took 0.053 seconds
[2026-02-25T11:19:35.825+0000] {processor.py:186} INFO - Started process (PID=9859) to work on /home/ubuntu/airflow-venv/lib/python3.12/site-packages/airflow/example_dags/example_trigger_controller_dag.py
[2026-02-25T11:19:35.826+0000] {processor.py:914} INFO - Processing file /home/ubuntu/airflow-venv/lib/python3.12/site-packages/airflow/example_dags/example_trigger_controller_dag.py for tasks to queue
[2026-02-25T11:19:35.828+0000] {logging_mixin.py:190} INFO - [2026-02-25T11:19:35.827+0000] {dagbag.py:588} INFO - Filling up the DagBag from /home/ubuntu/airflow-venv/lib/python3.12/site-packages/airflow/example_dags/example_trigger_controller_dag.py
[2026-02-25T11:19:35.832+0000] {processor.py:925} INFO - DAG(s) 'example_trigger_controller_dag' retrieved from /home/ubuntu/airflow-venv/lib/python3.12/site-packages/airflow/example_dags/example_trigger_controller_dag.py
[2026-02-25T11:19:35.845+0000] {logging_mixin.py:190} INFO - [2026-02-25T11:19:35.845+0000] {dag.py:3239} INFO - Sync 1 DAGs
[2026-02-25T11:19:35.859+0000] {logging_mixin.py:190} INFO - [2026-02-25T11:19:35.859+0000] {dag.py:4180} INFO - Setting next_dagrun for example_trigger_controller_dag to 2021-01-01 00:00:00+00:00, run_after=2021-01-01 00:00:00+00:00
[2026-02-25T11:19:35.877+0000] {processor.py:208} INFO - Processing /home/ubuntu/airflow-venv/lib/python3.12/site-packages/airflow/example_dags/example_trigger_controller_dag.py took 0.056 seconds
[2026-02-25T11:20:24.497+0000] {processor.py:186} INFO - Started process (PID=9962) to work on /home/ubuntu/airflow-venv/lib/python3.12/site-packages/airflow/example_dags/example_trigger_controller_dag.py
[2026-02-25T11:20:24.498+0000] {processor.py:914} INFO - Processing file /home/ubuntu/airflow-venv/lib/python3.12/site-packages/airflow/example_dags/example_trigger_controller_dag.py for tasks to queue
[2026-02-25T11:20:24.500+0000] {logging_mixin.py:190} INFO - [2026-02-25T11:20:24.499+0000] {dagbag.py:588} INFO - Filling up the DagBag from /home/ubuntu/airflow-venv/lib/python3.12/site-packages/airflow/example_dags/example_trigger_controller_dag.py
[2026-02-25T11:20:24.505+0000] {processor.py:925} INFO - DAG(s) 'example_trigger_controller_dag' retrieved from /home/ubuntu/airflow-venv/lib/python3.12/site-packages/airflow/example_dags/example_trigger_controller_dag.py
[2026-02-25T11:20:24.515+0000] {logging_mixin.py:190} INFO - [2026-02-25T11:20:24.515+0000] {dag.py:3239} INFO - Sync 1 DAGs
[2026-02-25T11:20:24.528+0000] {logging_mixin.py:190} INFO - [2026-02-25T11:20:24.528+0000] {dag.py:4180} INFO - Setting next_dagrun for example_trigger_controller_dag to 2021-01-01 00:00:00+00:00, run_after=2021-01-01 00:00:00+00:00
[2026-02-25T11:20:24.545+0000] {processor.py:208} INFO - Processing /home/ubuntu/airflow-venv/lib/python3.12/site-packages/airflow/example_dags/example_trigger_controller_dag.py took 0.052 seconds
[2026-02-25T11:20:24.757+0000] {processor.py:186} INFO - Started process (PID=9963) to work on /home/ubuntu/airflow-venv/lib/python3.12/site-packages/airflow/example_dags/example_trigger_controller_dag.py
[2026-02-25T11:20:24.757+0000] {processor.py:914} INFO - Processing file /home/ubuntu/airflow-venv/lib/python3.12/site-packages/airflow/example_dags/example_trigger_controller_dag.py for tasks to queue
[2026-02-25T11:20:24.759+0000] {logging_mixin.py:190} INFO - [2026-02-25T11:20:24.759+0000] {dagbag.py:588} INFO - Filling up the DagBag from /home/ubuntu/airflow-venv/lib/python3.12/site-packages/airflow/example_dags/example_trigger_controller_dag.py
[2026-02-25T11:20:24.764+0000] {processor.py:925} INFO - DAG(s) 'example_trigger_controller_dag' retrieved from /home/ubuntu/airflow-venv/lib/python3.12/site-packages/airflow/example_dags/example_trigger_controller_dag.py
[2026-02-25T11:20:24.774+0000] {logging_mixin.py:190} INFO - [2026-02-25T11:20:24.773+0000] {dag.py:3239} INFO - Sync 1 DAGs
[2026-02-25T11:20:24.786+0000] {logging_mixin.py:190} INFO - [2026-02-25T11:20:24.786+0000] {dag.py:4180} INFO - Setting next_dagrun for example_trigger_controller_dag to 2021-01-01 00:00:00+00:00, run_after=2021-01-01 00:00:00+00:00
[2026-02-25T11:20:24.805+0000] {processor.py:208} INFO - Processing /home/ubuntu/airflow-venv/lib/python3.12/site-packages/airflow/example_dags/example_trigger_controller_dag.py took 0.052 seconds
[2026-02-25T11:21:13.143+0000] {processor.py:186} INFO - Started process (PID=10065) to work on /home/ubuntu/airflow-venv/lib/python3.12/site-packages/airflow/example_dags/example_trigger_controller_dag.py
[2026-02-25T11:21:13.144+0000] {processor.py:914} INFO - Processing file /home/ubuntu/airflow-venv/lib/python3.12/site-packages/airflow/example_dags/example_trigger_controller_dag.py for tasks to queue
[2026-02-25T11:21:13.146+0000] {logging_mixin.py:190} INFO - [2026-02-25T11:21:13.146+0000] {dagbag.py:588} INFO - Filling up the DagBag from /home/ubuntu/airflow-venv/lib/python3.12/site-packages/airflow/example_dags/example_trigger_controller_dag.py
[2026-02-25T11:21:13.151+0000] {processor.py:925} INFO - DAG(s) 'example_trigger_controller_dag' retrieved from /home/ubuntu/airflow-venv/lib/python3.12/site-packages/airflow/example_dags/example_trigger_controller_dag.py
[2026-02-25T11:21:13.161+0000] {logging_mixin.py:190} INFO - [2026-02-25T11:21:13.161+0000] {dag.py:3239} INFO - Sync 1 DAGs
[2026-02-25T11:21:13.176+0000] {logging_mixin.py:190} INFO - [2026-02-25T11:21:13.175+0000] {dag.py:4180} INFO - Setting next_dagrun for example_trigger_controller_dag to 2021-01-01 00:00:00+00:00, run_after=2021-01-01 00:00:00+00:00
[2026-02-25T11:21:13.193+0000] {processor.py:208} INFO - Processing /home/ubuntu/airflow-venv/lib/python3.12/site-packages/airflow/example_dags/example_trigger_controller_dag.py took 0.054 seconds
[2026-02-25T11:21:14.761+0000] {processor.py:186} INFO - Started process (PID=10068) to work on /home/ubuntu/airflow-venv/lib/python3.12/site-packages/airflow/example_dags/example_trigger_controller_dag.py
[2026-02-25T11:21:14.761+0000] {processor.py:914} INFO - Processing file /home/ubuntu/airflow-venv/lib/python3.12/site-packages/airflow/example_dags/example_trigger_controller_dag.py for tasks to queue
[2026-02-25T11:21:14.763+0000] {logging_mixin.py:190} INFO - [2026-02-25T11:21:14.763+0000] {dagbag.py:588} INFO - Filling up the DagBag from /home/ubuntu/airflow-venv/lib/python3.12/site-packages/airflow/example_dags/example_trigger_controller_dag.py
[2026-02-25T11:21:14.768+0000] {processor.py:925} INFO - DAG(s) 'example_trigger_controller_dag' retrieved from /home/ubuntu/airflow-venv/lib/python3.12/site-packages/airflow/example_dags/example_trigger_controller_dag.py
[2026-02-25T11:21:14.778+0000] {logging_mixin.py:190} INFO - [2026-02-25T11:21:14.778+0000] {dag.py:3239} INFO - Sync 1 DAGs
[2026-02-25T11:21:14.790+0000] {logging_mixin.py:190} INFO - [2026-02-25T11:21:14.790+0000] {dag.py:4180} INFO - Setting next_dagrun for example_trigger_controller_dag to 2021-01-01 00:00:00+00:00, run_after=2021-01-01 00:00:00+00:00
[2026-02-25T11:21:14.806+0000] {processor.py:208} INFO - Processing /home/ubuntu/airflow-venv/lib/python3.12/site-packages/airflow/example_dags/example_trigger_controller_dag.py took 0.049 seconds
[2026-02-25T11:22:02.542+0000] {processor.py:186} INFO - Started process (PID=10170) to work on /home/ubuntu/airflow-venv/lib/python3.12/site-packages/airflow/example_dags/example_trigger_controller_dag.py
[2026-02-25T11:22:02.543+0000] {processor.py:914} INFO - Processing file /home/ubuntu/airflow-venv/lib/python3.12/site-packages/airflow/example_dags/example_trigger_controller_dag.py for tasks to queue
[2026-02-25T11:22:02.545+0000] {logging_mixin.py:190} INFO - [2026-02-25T11:22:02.544+0000] {dagbag.py:588} INFO - Filling up the DagBag from /home/ubuntu/airflow-venv/lib/python3.12/site-packages/airflow/example_dags/example_trigger_controller_dag.py
[2026-02-25T11:22:02.549+0000] {processor.py:925} INFO - DAG(s) 'example_trigger_controller_dag' retrieved from /home/ubuntu/airflow-venv/lib/python3.12/site-packages/airflow/example_dags/example_trigger_controller_dag.py
[2026-02-25T11:22:02.559+0000] {logging_mixin.py:190} INFO - [2026-02-25T11:22:02.558+0000] {dag.py:3239} INFO - Sync 1 DAGs
[2026-02-25T11:22:02.571+0000] {logging_mixin.py:190} INFO - [2026-02-25T11:22:02.570+0000] {dag.py:4180} INFO - Setting next_dagrun for example_trigger_controller_dag to 2021-01-01 00:00:00+00:00, run_after=2021-01-01 00:00:00+00:00
[2026-02-25T11:22:02.587+0000] {processor.py:208} INFO - Processing /home/ubuntu/airflow-venv/lib/python3.12/site-packages/airflow/example_dags/example_trigger_controller_dag.py took 0.050 seconds
[2026-02-25T11:22:06.065+0000] {processor.py:186} INFO - Started process (PID=10177) to work on /home/ubuntu/airflow-venv/lib/python3.12/site-packages/airflow/example_dags/example_trigger_controller_dag.py
[2026-02-25T11:22:06.065+0000] {processor.py:914} INFO - Processing file /home/ubuntu/airflow-venv/lib/python3.12/site-packages/airflow/example_dags/example_trigger_controller_dag.py for tasks to queue
[2026-02-25T11:22:06.067+0000] {logging_mixin.py:190} INFO - [2026-02-25T11:22:06.066+0000] {dagbag.py:588} INFO - Filling up the DagBag from /home/ubuntu/airflow-venv/lib/python3.12/site-packages/airflow/example_dags/example_trigger_controller_dag.py
[2026-02-25T11:22:06.072+0000] {processor.py:925} INFO - DAG(s) 'example_trigger_controller_dag' retrieved from /home/ubuntu/airflow-venv/lib/python3.12/site-packages/airflow/example_dags/example_trigger_controller_dag.py
[2026-02-25T11:22:06.082+0000] {logging_mixin.py:190} INFO - [2026-02-25T11:22:06.081+0000] {dag.py:3239} INFO - Sync 1 DAGs
[2026-02-25T11:22:06.094+0000] {logging_mixin.py:190} INFO - [2026-02-25T11:22:06.093+0000] {dag.py:4180} INFO - Setting next_dagrun for example_trigger_controller_dag to 2021-01-01 00:00:00+00:00, run_after=2021-01-01 00:00:00+00:00
[2026-02-25T11:22:06.110+0000] {processor.py:208} INFO - Processing /home/ubuntu/airflow-venv/lib/python3.12/site-packages/airflow/example_dags/example_trigger_controller_dag.py took 0.049 seconds
[2026-02-25T11:22:53.904+0000] {processor.py:186} INFO - Started process (PID=10275) to work on /home/ubuntu/airflow-venv/lib/python3.12/site-packages/airflow/example_dags/example_trigger_controller_dag.py
[2026-02-25T11:22:53.906+0000] {processor.py:914} INFO - Processing file /home/ubuntu/airflow-venv/lib/python3.12/site-packages/airflow/example_dags/example_trigger_controller_dag.py for tasks to queue
[2026-02-25T11:22:53.908+0000] {logging_mixin.py:190} INFO - [2026-02-25T11:22:53.907+0000] {dagbag.py:588} INFO - Filling up the DagBag from /home/ubuntu/airflow-venv/lib/python3.12/site-packages/airflow/example_dags/example_trigger_controller_dag.py
[2026-02-25T11:22:53.912+0000] {processor.py:925} INFO - DAG(s) 'example_trigger_controller_dag' retrieved from /home/ubuntu/airflow-venv/lib/python3.12/site-packages/airflow/example_dags/example_trigger_controller_dag.py
[2026-02-25T11:22:53.922+0000] {logging_mixin.py:190} INFO - [2026-02-25T11:22:53.922+0000] {dag.py:3239} INFO - Sync 1 DAGs
[2026-02-25T11:22:53.936+0000] {logging_mixin.py:190} INFO - [2026-02-25T11:22:53.936+0000] {dag.py:4180} INFO - Setting next_dagrun for example_trigger_controller_dag to 2021-01-01 00:00:00+00:00, run_after=2021-01-01 00:00:00+00:00
[2026-02-25T11:22:53.953+0000] {processor.py:208} INFO - Processing /home/ubuntu/airflow-venv/lib/python3.12/site-packages/airflow/example_dags/example_trigger_controller_dag.py took 0.052 seconds
[2026-02-25T11:22:57.853+0000] {processor.py:186} INFO - Started process (PID=10283) to work on /home/ubuntu/airflow-venv/lib/python3.12/site-packages/airflow/example_dags/example_trigger_controller_dag.py
[2026-02-25T11:22:57.854+0000] {processor.py:914} INFO - Processing file /home/ubuntu/airflow-venv/lib/python3.12/site-packages/airflow/example_dags/example_trigger_controller_dag.py for tasks to queue
[2026-02-25T11:22:57.855+0000] {logging_mixin.py:190} INFO - [2026-02-25T11:22:57.855+0000] {dagbag.py:588} INFO - Filling up the DagBag from /home/ubuntu/airflow-venv/lib/python3.12/site-packages/airflow/example_dags/example_trigger_controller_dag.py
[2026-02-25T11:22:57.860+0000] {processor.py:925} INFO - DAG(s) 'example_trigger_controller_dag' retrieved from /home/ubuntu/airflow-venv/lib/python3.12/site-packages/airflow/example_dags/example_trigger_controller_dag.py
[2026-02-25T11:22:57.870+0000] {logging_mixin.py:190} INFO - [2026-02-25T11:22:57.869+0000] {dag.py:3239} INFO - Sync 1 DAGs
[2026-02-25T11:22:57.882+0000] {logging_mixin.py:190} INFO - [2026-02-25T11:22:57.882+0000] {dag.py:4180} INFO - Setting next_dagrun for example_trigger_controller_dag to 2021-01-01 00:00:00+00:00, run_after=2021-01-01 00:00:00+00:00
[2026-02-25T11:22:57.898+0000] {processor.py:208} INFO - Processing /home/ubuntu/airflow-venv/lib/python3.12/site-packages/airflow/example_dags/example_trigger_controller_dag.py took 0.049 seconds
[2026-02-25T11:23:43.821+0000] {processor.py:186} INFO - Started process (PID=10380) to work on /home/ubuntu/airflow-venv/lib/python3.12/site-packages/airflow/example_dags/example_trigger_controller_dag.py
[2026-02-25T11:23:43.822+0000] {processor.py:914} INFO - Processing file /home/ubuntu/airflow-venv/lib/python3.12/site-packages/airflow/example_dags/example_trigger_controller_dag.py for tasks to queue
[2026-02-25T11:23:43.824+0000] {logging_mixin.py:190} INFO - [2026-02-25T11:23:43.823+0000] {dagbag.py:588} INFO - Filling up the DagBag from /home/ubuntu/airflow-venv/lib/python3.12/site-packages/airflow/example_dags/example_trigger_controller_dag.py
[2026-02-25T11:23:43.828+0000] {processor.py:925} INFO - DAG(s) 'example_trigger_controller_dag' retrieved from /home/ubuntu/airflow-venv/lib/python3.12/site-packages/airflow/example_dags/example_trigger_controller_dag.py
[2026-02-25T11:23:43.838+0000] {logging_mixin.py:190} INFO - [2026-02-25T11:23:43.837+0000] {dag.py:3239} INFO - Sync 1 DAGs
[2026-02-25T11:23:43.850+0000] {logging_mixin.py:190} INFO - [2026-02-25T11:23:43.850+0000] {dag.py:4180} INFO - Setting next_dagrun for example_trigger_controller_dag to 2021-01-01 00:00:00+00:00, run_after=2021-01-01 00:00:00+00:00
[2026-02-25T11:23:43.866+0000] {processor.py:208} INFO - Processing /home/ubuntu/airflow-venv/lib/python3.12/site-packages/airflow/example_dags/example_trigger_controller_dag.py took 0.049 seconds
[2026-02-25T11:23:47.529+0000] {processor.py:186} INFO - Started process (PID=10389) to work on /home/ubuntu/airflow-venv/lib/python3.12/site-packages/airflow/example_dags/example_trigger_controller_dag.py
[2026-02-25T11:23:47.529+0000] {processor.py:914} INFO - Processing file /home/ubuntu/airflow-venv/lib/python3.12/site-packages/airflow/example_dags/example_trigger_controller_dag.py for tasks to queue
[2026-02-25T11:23:47.531+0000] {logging_mixin.py:190} INFO - [2026-02-25T11:23:47.531+0000] {dagbag.py:588} INFO - Filling up the DagBag from /home/ubuntu/airflow-venv/lib/python3.12/site-packages/airflow/example_dags/example_trigger_controller_dag.py
[2026-02-25T11:23:47.538+0000] {processor.py:925} INFO - DAG(s) 'example_trigger_controller_dag' retrieved from /home/ubuntu/airflow-venv/lib/python3.12/site-packages/airflow/example_dags/example_trigger_controller_dag.py
[2026-02-25T11:23:47.549+0000] {logging_mixin.py:190} INFO - [2026-02-25T11:23:47.549+0000] {dag.py:3239} INFO - Sync 1 DAGs
[2026-02-25T11:23:47.561+0000] {logging_mixin.py:190} INFO - [2026-02-25T11:23:47.561+0000] {dag.py:4180} INFO - Setting next_dagrun for example_trigger_controller_dag to 2021-01-01 00:00:00+00:00, run_after=2021-01-01 00:00:00+00:00
[2026-02-25T11:23:47.578+0000] {processor.py:208} INFO - Processing /home/ubuntu/airflow-venv/lib/python3.12/site-packages/airflow/example_dags/example_trigger_controller_dag.py took 0.054 seconds
[2026-02-25T11:24:34.332+0000] {processor.py:186} INFO - Started process (PID=10485) to work on /home/ubuntu/airflow-venv/lib/python3.12/site-packages/airflow/example_dags/example_trigger_controller_dag.py
[2026-02-25T11:24:34.333+0000] {processor.py:914} INFO - Processing file /home/ubuntu/airflow-venv/lib/python3.12/site-packages/airflow/example_dags/example_trigger_controller_dag.py for tasks to queue
[2026-02-25T11:24:34.335+0000] {logging_mixin.py:190} INFO - [2026-02-25T11:24:34.335+0000] {dagbag.py:588} INFO - Filling up the DagBag from /home/ubuntu/airflow-venv/lib/python3.12/site-packages/airflow/example_dags/example_trigger_controller_dag.py
[2026-02-25T11:24:34.340+0000] {processor.py:925} INFO - DAG(s) 'example_trigger_controller_dag' retrieved from /home/ubuntu/airflow-venv/lib/python3.12/site-packages/airflow/example_dags/example_trigger_controller_dag.py
[2026-02-25T11:24:34.350+0000] {logging_mixin.py:190} INFO - [2026-02-25T11:24:34.350+0000] {dag.py:3239} INFO - Sync 1 DAGs
[2026-02-25T11:24:34.363+0000] {logging_mixin.py:190} INFO - [2026-02-25T11:24:34.363+0000] {dag.py:4180} INFO - Setting next_dagrun for example_trigger_controller_dag to 2021-01-01 00:00:00+00:00, run_after=2021-01-01 00:00:00+00:00
[2026-02-25T11:24:34.380+0000] {processor.py:208} INFO - Processing /home/ubuntu/airflow-venv/lib/python3.12/site-packages/airflow/example_dags/example_trigger_controller_dag.py took 0.052 seconds
[2026-02-25T11:24:37.196+0000] {processor.py:186} INFO - Started process (PID=10490) to work on /home/ubuntu/airflow-venv/lib/python3.12/site-packages/airflow/example_dags/example_trigger_controller_dag.py
[2026-02-25T11:24:37.196+0000] {processor.py:914} INFO - Processing file /home/ubuntu/airflow-venv/lib/python3.12/site-packages/airflow/example_dags/example_trigger_controller_dag.py for tasks to queue
[2026-02-25T11:24:37.198+0000] {logging_mixin.py:190} INFO - [2026-02-25T11:24:37.197+0000] {dagbag.py:588} INFO - Filling up the DagBag from /home/ubuntu/airflow-venv/lib/python3.12/site-packages/airflow/example_dags/example_trigger_controller_dag.py
[2026-02-25T11:24:37.203+0000] {processor.py:925} INFO - DAG(s) 'example_trigger_controller_dag' retrieved from /home/ubuntu/airflow-venv/lib/python3.12/site-packages/airflow/example_dags/example_trigger_controller_dag.py
[2026-02-25T11:24:37.212+0000] {logging_mixin.py:190} INFO - [2026-02-25T11:24:37.212+0000] {dag.py:3239} INFO - Sync 1 DAGs
[2026-02-25T11:24:37.225+0000] {logging_mixin.py:190} INFO - [2026-02-25T11:24:37.225+0000] {dag.py:4180} INFO - Setting next_dagrun for example_trigger_controller_dag to 2021-01-01 00:00:00+00:00, run_after=2021-01-01 00:00:00+00:00
[2026-02-25T11:24:37.242+0000] {processor.py:208} INFO - Processing /home/ubuntu/airflow-venv/lib/python3.12/site-packages/airflow/example_dags/example_trigger_controller_dag.py took 0.051 seconds
[2026-02-25T11:25:26.104+0000] {processor.py:186} INFO - Started process (PID=10596) to work on /home/ubuntu/airflow-venv/lib/python3.12/site-packages/airflow/example_dags/example_trigger_controller_dag.py
[2026-02-25T11:25:26.105+0000] {processor.py:914} INFO - Processing file /home/ubuntu/airflow-venv/lib/python3.12/site-packages/airflow/example_dags/example_trigger_controller_dag.py for tasks to queue
[2026-02-25T11:25:26.107+0000] {logging_mixin.py:190} INFO - [2026-02-25T11:25:26.107+0000] {dagbag.py:588} INFO - Filling up the DagBag from /home/ubuntu/airflow-venv/lib/python3.12/site-packages/airflow/example_dags/example_trigger_controller_dag.py
[2026-02-25T11:25:26.112+0000] {processor.py:925} INFO - DAG(s) 'example_trigger_controller_dag' retrieved from /home/ubuntu/airflow-venv/lib/python3.12/site-packages/airflow/example_dags/example_trigger_controller_dag.py
[2026-02-25T11:25:26.122+0000] {logging_mixin.py:190} INFO - [2026-02-25T11:25:26.122+0000] {dag.py:3239} INFO - Sync 1 DAGs
[2026-02-25T11:25:26.135+0000] {logging_mixin.py:190} INFO - [2026-02-25T11:25:26.134+0000] {dag.py:4180} INFO - Setting next_dagrun for example_trigger_controller_dag to 2021-01-01 00:00:00+00:00, run_after=2021-01-01 00:00:00+00:00
[2026-02-25T11:25:26.152+0000] {processor.py:208} INFO - Processing /home/ubuntu/airflow-venv/lib/python3.12/site-packages/airflow/example_dags/example_trigger_controller_dag.py took 0.051 seconds
[2026-02-25T11:25:29.667+0000] {processor.py:186} INFO - Started process (PID=10603) to work on /home/ubuntu/airflow-venv/lib/python3.12/site-packages/airflow/example_dags/example_trigger_controller_dag.py
[2026-02-25T11:25:29.667+0000] {processor.py:914} INFO - Processing file /home/ubuntu/airflow-venv/lib/python3.12/site-packages/airflow/example_dags/example_trigger_controller_dag.py for tasks to queue
[2026-02-25T11:25:29.669+0000] {logging_mixin.py:190} INFO - [2026-02-25T11:25:29.668+0000] {dagbag.py:588} INFO - Filling up the DagBag from /home/ubuntu/airflow-venv/lib/python3.12/site-packages/airflow/example_dags/example_trigger_controller_dag.py
[2026-02-25T11:25:29.674+0000] {processor.py:925} INFO - DAG(s) 'example_trigger_controller_dag' retrieved from /home/ubuntu/airflow-venv/lib/python3.12/site-packages/airflow/example_dags/example_trigger_controller_dag.py
[2026-02-25T11:25:29.684+0000] {logging_mixin.py:190} INFO - [2026-02-25T11:25:29.684+0000] {dag.py:3239} INFO - Sync 1 DAGs
[2026-02-25T11:25:29.697+0000] {logging_mixin.py:190} INFO - [2026-02-25T11:25:29.697+0000] {dag.py:4180} INFO - Setting next_dagrun for example_trigger_controller_dag to 2021-01-01 00:00:00+00:00, run_after=2021-01-01 00:00:00+00:00
[2026-02-25T11:25:29.713+0000] {processor.py:208} INFO - Processing /home/ubuntu/airflow-venv/lib/python3.12/site-packages/airflow/example_dags/example_trigger_controller_dag.py took 0.051 seconds
[2026-02-25T11:26:13.384+0000] {processor.py:186} INFO - Started process (PID=10695) to work on /home/ubuntu/airflow-venv/lib/python3.12/site-packages/airflow/example_dags/example_trigger_controller_dag.py
[2026-02-25T11:26:13.385+0000] {processor.py:914} INFO - Processing file /home/ubuntu/airflow-venv/lib/python3.12/site-packages/airflow/example_dags/example_trigger_controller_dag.py for tasks to queue
[2026-02-25T11:26:13.387+0000] {logging_mixin.py:190} INFO - [2026-02-25T11:26:13.387+0000] {dagbag.py:588} INFO - Filling up the DagBag from /home/ubuntu/airflow-venv/lib/python3.12/site-packages/airflow/example_dags/example_trigger_controller_dag.py
[2026-02-25T11:26:13.392+0000] {processor.py:925} INFO - DAG(s) 'example_trigger_controller_dag' retrieved from /home/ubuntu/airflow-venv/lib/python3.12/site-packages/airflow/example_dags/example_trigger_controller_dag.py
[2026-02-25T11:26:13.402+0000] {logging_mixin.py:190} INFO - [2026-02-25T11:26:13.402+0000] {dag.py:3239} INFO - Sync 1 DAGs
[2026-02-25T11:26:13.414+0000] {logging_mixin.py:190} INFO - [2026-02-25T11:26:13.414+0000] {dag.py:4180} INFO - Setting next_dagrun for example_trigger_controller_dag to 2021-01-01 00:00:00+00:00, run_after=2021-01-01 00:00:00+00:00
[2026-02-25T11:26:13.431+0000] {processor.py:208} INFO - Processing /home/ubuntu/airflow-venv/lib/python3.12/site-packages/airflow/example_dags/example_trigger_controller_dag.py took 0.051 seconds
[2026-02-25T11:26:20.335+0000] {processor.py:186} INFO - Started process (PID=10711) to work on /home/ubuntu/airflow-venv/lib/python3.12/site-packages/airflow/example_dags/example_trigger_controller_dag.py
[2026-02-25T11:26:20.336+0000] {processor.py:914} INFO - Processing file /home/ubuntu/airflow-venv/lib/python3.12/site-packages/airflow/example_dags/example_trigger_controller_dag.py for tasks to queue
[2026-02-25T11:26:20.338+0000] {logging_mixin.py:190} INFO - [2026-02-25T11:26:20.337+0000] {dagbag.py:588} INFO - Filling up the DagBag from /home/ubuntu/airflow-venv/lib/python3.12/site-packages/airflow/example_dags/example_trigger_controller_dag.py
[2026-02-25T11:26:20.343+0000] {processor.py:925} INFO - DAG(s) 'example_trigger_controller_dag' retrieved from /home/ubuntu/airflow-venv/lib/python3.12/site-packages/airflow/example_dags/example_trigger_controller_dag.py
[2026-02-25T11:26:20.354+0000] {logging_mixin.py:190} INFO - [2026-02-25T11:26:20.354+0000] {dag.py:3239} INFO - Sync 1 DAGs
[2026-02-25T11:26:20.367+0000] {logging_mixin.py:190} INFO - [2026-02-25T11:26:20.367+0000] {dag.py:4180} INFO - Setting next_dagrun for example_trigger_controller_dag to 2021-01-01 00:00:00+00:00, run_after=2021-01-01 00:00:00+00:00
[2026-02-25T11:26:20.385+0000] {processor.py:208} INFO - Processing /home/ubuntu/airflow-venv/lib/python3.12/site-packages/airflow/example_dags/example_trigger_controller_dag.py took 0.054 seconds
[2026-02-25T11:27:02.715+0000] {processor.py:186} INFO - Started process (PID=10799) to work on /home/ubuntu/airflow-venv/lib/python3.12/site-packages/airflow/example_dags/example_trigger_controller_dag.py
[2026-02-25T11:27:02.716+0000] {processor.py:914} INFO - Processing file /home/ubuntu/airflow-venv/lib/python3.12/site-packages/airflow/example_dags/example_trigger_controller_dag.py for tasks to queue
[2026-02-25T11:27:02.718+0000] {logging_mixin.py:190} INFO - [2026-02-25T11:27:02.718+0000] {dagbag.py:588} INFO - Filling up the DagBag from /home/ubuntu/airflow-venv/lib/python3.12/site-packages/airflow/example_dags/example_trigger_controller_dag.py
[2026-02-25T11:27:02.723+0000] {processor.py:925} INFO - DAG(s) 'example_trigger_controller_dag' retrieved from /home/ubuntu/airflow-venv/lib/python3.12/site-packages/airflow/example_dags/example_trigger_controller_dag.py
[2026-02-25T11:27:02.736+0000] {logging_mixin.py:190} INFO - [2026-02-25T11:27:02.736+0000] {dag.py:3239} INFO - Sync 1 DAGs
[2026-02-25T11:27:02.749+0000] {logging_mixin.py:190} INFO - [2026-02-25T11:27:02.749+0000] {dag.py:4180} INFO - Setting next_dagrun for example_trigger_controller_dag to 2021-01-01 00:00:00+00:00, run_after=2021-01-01 00:00:00+00:00
[2026-02-25T11:27:02.766+0000] {processor.py:208} INFO - Processing /home/ubuntu/airflow-venv/lib/python3.12/site-packages/airflow/example_dags/example_trigger_controller_dag.py took 0.055 seconds
[2026-02-25T11:27:09.847+0000] {processor.py:186} INFO - Started process (PID=10814) to work on /home/ubuntu/airflow-venv/lib/python3.12/site-packages/airflow/example_dags/example_trigger_controller_dag.py
[2026-02-25T11:27:09.848+0000] {processor.py:914} INFO - Processing file /home/ubuntu/airflow-venv/lib/python3.12/site-packages/airflow/example_dags/example_trigger_controller_dag.py for tasks to queue
[2026-02-25T11:27:09.849+0000] {logging_mixin.py:190} INFO - [2026-02-25T11:27:09.849+0000] {dagbag.py:588} INFO - Filling up the DagBag from /home/ubuntu/airflow-venv/lib/python3.12/site-packages/airflow/example_dags/example_trigger_controller_dag.py
[2026-02-25T11:27:09.855+0000] {processor.py:925} INFO - DAG(s) 'example_trigger_controller_dag' retrieved from /home/ubuntu/airflow-venv/lib/python3.12/site-packages/airflow/example_dags/example_trigger_controller_dag.py
[2026-02-25T11:27:09.865+0000] {logging_mixin.py:190} INFO - [2026-02-25T11:27:09.864+0000] {dag.py:3239} INFO - Sync 1 DAGs
[2026-02-25T11:27:09.877+0000] {logging_mixin.py:190} INFO - [2026-02-25T11:27:09.877+0000] {dag.py:4180} INFO - Setting next_dagrun for example_trigger_controller_dag to 2021-01-01 00:00:00+00:00, run_after=2021-01-01 00:00:00+00:00
[2026-02-25T11:27:09.894+0000] {processor.py:208} INFO - Processing /home/ubuntu/airflow-venv/lib/python3.12/site-packages/airflow/example_dags/example_trigger_controller_dag.py took 0.050 seconds
[2026-02-25T11:27:54.098+0000] {processor.py:186} INFO - Started process (PID=10906) to work on /home/ubuntu/airflow-venv/lib/python3.12/site-packages/airflow/example_dags/example_trigger_controller_dag.py
[2026-02-25T11:27:54.099+0000] {processor.py:914} INFO - Processing file /home/ubuntu/airflow-venv/lib/python3.12/site-packages/airflow/example_dags/example_trigger_controller_dag.py for tasks to queue
[2026-02-25T11:27:54.101+0000] {logging_mixin.py:190} INFO - [2026-02-25T11:27:54.101+0000] {dagbag.py:588} INFO - Filling up the DagBag from /home/ubuntu/airflow-venv/lib/python3.12/site-packages/airflow/example_dags/example_trigger_controller_dag.py
[2026-02-25T11:27:54.106+0000] {processor.py:925} INFO - DAG(s) 'example_trigger_controller_dag' retrieved from /home/ubuntu/airflow-venv/lib/python3.12/site-packages/airflow/example_dags/example_trigger_controller_dag.py
[2026-02-25T11:27:54.116+0000] {logging_mixin.py:190} INFO - [2026-02-25T11:27:54.116+0000] {dag.py:3239} INFO - Sync 1 DAGs
[2026-02-25T11:27:54.128+0000] {logging_mixin.py:190} INFO - [2026-02-25T11:27:54.128+0000] {dag.py:4180} INFO - Setting next_dagrun for example_trigger_controller_dag to 2021-01-01 00:00:00+00:00, run_after=2021-01-01 00:00:00+00:00
[2026-02-25T11:27:54.145+0000] {processor.py:208} INFO - Processing /home/ubuntu/airflow-venv/lib/python3.12/site-packages/airflow/example_dags/example_trigger_controller_dag.py took 0.051 seconds
[2026-02-25T11:28:00.504+0000] {processor.py:186} INFO - Started process (PID=10919) to work on /home/ubuntu/airflow-venv/lib/python3.12/site-packages/airflow/example_dags/example_trigger_controller_dag.py
[2026-02-25T11:28:00.504+0000] {processor.py:914} INFO - Processing file /home/ubuntu/airflow-venv/lib/python3.12/site-packages/airflow/example_dags/example_trigger_controller_dag.py for tasks to queue
[2026-02-25T11:28:00.506+0000] {logging_mixin.py:190} INFO - [2026-02-25T11:28:00.506+0000] {dagbag.py:588} INFO - Filling up the DagBag from /home/ubuntu/airflow-venv/lib/python3.12/site-packages/airflow/example_dags/example_trigger_controller_dag.py
[2026-02-25T11:28:00.511+0000] {processor.py:925} INFO - DAG(s) 'example_trigger_controller_dag' retrieved from /home/ubuntu/airflow-venv/lib/python3.12/site-packages/airflow/example_dags/example_trigger_controller_dag.py
[2026-02-25T11:28:00.521+0000] {logging_mixin.py:190} INFO - [2026-02-25T11:28:00.521+0000] {dag.py:3239} INFO - Sync 1 DAGs
[2026-02-25T11:28:00.534+0000] {logging_mixin.py:190} INFO - [2026-02-25T11:28:00.534+0000] {dag.py:4180} INFO - Setting next_dagrun for example_trigger_controller_dag to 2021-01-01 00:00:00+00:00, run_after=2021-01-01 00:00:00+00:00
[2026-02-25T11:28:00.551+0000] {processor.py:208} INFO - Processing /home/ubuntu/airflow-venv/lib/python3.12/site-packages/airflow/example_dags/example_trigger_controller_dag.py took 0.051 seconds
[2026-02-25T11:28:44.238+0000] {processor.py:186} INFO - Started process (PID=11010) to work on /home/ubuntu/airflow-venv/lib/python3.12/site-packages/airflow/example_dags/example_trigger_controller_dag.py
[2026-02-25T11:28:44.239+0000] {processor.py:914} INFO - Processing file /home/ubuntu/airflow-venv/lib/python3.12/site-packages/airflow/example_dags/example_trigger_controller_dag.py for tasks to queue
[2026-02-25T11:28:44.241+0000] {logging_mixin.py:190} INFO - [2026-02-25T11:28:44.240+0000] {dagbag.py:588} INFO - Filling up the DagBag from /home/ubuntu/airflow-venv/lib/python3.12/site-packages/airflow/example_dags/example_trigger_controller_dag.py
[2026-02-25T11:28:44.246+0000] {processor.py:925} INFO - DAG(s) 'example_trigger_controller_dag' retrieved from /home/ubuntu/airflow-venv/lib/python3.12/site-packages/airflow/example_dags/example_trigger_controller_dag.py
[2026-02-25T11:28:44.257+0000] {logging_mixin.py:190} INFO - [2026-02-25T11:28:44.257+0000] {dag.py:3239} INFO - Sync 1 DAGs
[2026-02-25T11:28:44.271+0000] {logging_mixin.py:190} INFO - [2026-02-25T11:28:44.270+0000] {dag.py:4180} INFO - Setting next_dagrun for example_trigger_controller_dag to 2021-01-01 00:00:00+00:00, run_after=2021-01-01 00:00:00+00:00
[2026-02-25T11:28:44.288+0000] {processor.py:208} INFO - Processing /home/ubuntu/airflow-venv/lib/python3.12/site-packages/airflow/example_dags/example_trigger_controller_dag.py took 0.054 seconds
[2026-02-25T11:28:49.836+0000] {processor.py:186} INFO - Started process (PID=11021) to work on /home/ubuntu/airflow-venv/lib/python3.12/site-packages/airflow/example_dags/example_trigger_controller_dag.py
[2026-02-25T11:28:49.836+0000] {processor.py:914} INFO - Processing file /home/ubuntu/airflow-venv/lib/python3.12/site-packages/airflow/example_dags/example_trigger_controller_dag.py for tasks to queue
[2026-02-25T11:28:49.838+0000] {logging_mixin.py:190} INFO - [2026-02-25T11:28:49.837+0000] {dagbag.py:588} INFO - Filling up the DagBag from /home/ubuntu/airflow-venv/lib/python3.12/site-packages/airflow/example_dags/example_trigger_controller_dag.py
[2026-02-25T11:28:49.843+0000] {processor.py:925} INFO - DAG(s) 'example_trigger_controller_dag' retrieved from /home/ubuntu/airflow-venv/lib/python3.12/site-packages/airflow/example_dags/example_trigger_controller_dag.py
[2026-02-25T11:28:49.854+0000] {logging_mixin.py:190} INFO - [2026-02-25T11:28:49.854+0000] {dag.py:3239} INFO - Sync 1 DAGs
[2026-02-25T11:28:49.867+0000] {logging_mixin.py:190} INFO - [2026-02-25T11:28:49.867+0000] {dag.py:4180} INFO - Setting next_dagrun for example_trigger_controller_dag to 2021-01-01 00:00:00+00:00, run_after=2021-01-01 00:00:00+00:00
[2026-02-25T11:28:49.885+0000] {processor.py:208} INFO - Processing /home/ubuntu/airflow-venv/lib/python3.12/site-packages/airflow/example_dags/example_trigger_controller_dag.py took 0.053 seconds
[2026-02-25T11:29:36.501+0000] {processor.py:186} INFO - Started process (PID=11117) to work on /home/ubuntu/airflow-venv/lib/python3.12/site-packages/airflow/example_dags/example_trigger_controller_dag.py
[2026-02-25T11:29:36.502+0000] {processor.py:914} INFO - Processing file /home/ubuntu/airflow-venv/lib/python3.12/site-packages/airflow/example_dags/example_trigger_controller_dag.py for tasks to queue
[2026-02-25T11:29:36.504+0000] {logging_mixin.py:190} INFO - [2026-02-25T11:29:36.504+0000] {dagbag.py:588} INFO - Filling up the DagBag from /home/ubuntu/airflow-venv/lib/python3.12/site-packages/airflow/example_dags/example_trigger_controller_dag.py
[2026-02-25T11:29:36.509+0000] {processor.py:925} INFO - DAG(s) 'example_trigger_controller_dag' retrieved from /home/ubuntu/airflow-venv/lib/python3.12/site-packages/airflow/example_dags/example_trigger_controller_dag.py
[2026-02-25T11:29:36.520+0000] {logging_mixin.py:190} INFO - [2026-02-25T11:29:36.519+0000] {dag.py:3239} INFO - Sync 1 DAGs
[2026-02-25T11:29:36.532+0000] {logging_mixin.py:190} INFO - [2026-02-25T11:29:36.532+0000] {dag.py:4180} INFO - Setting next_dagrun for example_trigger_controller_dag to 2021-01-01 00:00:00+00:00, run_after=2021-01-01 00:00:00+00:00
[2026-02-25T11:29:36.550+0000] {processor.py:208} INFO - Processing /home/ubuntu/airflow-venv/lib/python3.12/site-packages/airflow/example_dags/example_trigger_controller_dag.py took 0.053 seconds
[2026-02-25T11:29:40.567+0000] {processor.py:186} INFO - Started process (PID=11127) to work on /home/ubuntu/airflow-venv/lib/python3.12/site-packages/airflow/example_dags/example_trigger_controller_dag.py
[2026-02-25T11:29:40.568+0000] {processor.py:914} INFO - Processing file /home/ubuntu/airflow-venv/lib/python3.12/site-packages/airflow/example_dags/example_trigger_controller_dag.py for tasks to queue
[2026-02-25T11:29:40.569+0000] {logging_mixin.py:190} INFO - [2026-02-25T11:29:40.569+0000] {dagbag.py:588} INFO - Filling up the DagBag from /home/ubuntu/airflow-venv/lib/python3.12/site-packages/airflow/example_dags/example_trigger_controller_dag.py
[2026-02-25T11:29:40.575+0000] {processor.py:925} INFO - DAG(s) 'example_trigger_controller_dag' retrieved from /home/ubuntu/airflow-venv/lib/python3.12/site-packages/airflow/example_dags/example_trigger_controller_dag.py
[2026-02-25T11:29:40.585+0000] {logging_mixin.py:190} INFO - [2026-02-25T11:29:40.585+0000] {dag.py:3239} INFO - Sync 1 DAGs
[2026-02-25T11:29:40.599+0000] {logging_mixin.py:190} INFO - [2026-02-25T11:29:40.599+0000] {dag.py:4180} INFO - Setting next_dagrun for example_trigger_controller_dag to 2021-01-01 00:00:00+00:00, run_after=2021-01-01 00:00:00+00:00
[2026-02-25T11:29:40.617+0000] {processor.py:208} INFO - Processing /home/ubuntu/airflow-venv/lib/python3.12/site-packages/airflow/example_dags/example_trigger_controller_dag.py took 0.053 seconds
[2026-02-25T11:30:27.876+0000] {processor.py:186} INFO - Started process (PID=11231) to work on /home/ubuntu/airflow-venv/lib/python3.12/site-packages/airflow/example_dags/example_trigger_controller_dag.py
[2026-02-25T11:30:27.877+0000] {processor.py:914} INFO - Processing file /home/ubuntu/airflow-venv/lib/python3.12/site-packages/airflow/example_dags/example_trigger_controller_dag.py for tasks to queue
[2026-02-25T11:30:27.879+0000] {logging_mixin.py:190} INFO - [2026-02-25T11:30:27.879+0000] {dagbag.py:588} INFO - Filling up the DagBag from /home/ubuntu/airflow-venv/lib/python3.12/site-packages/airflow/example_dags/example_trigger_controller_dag.py
[2026-02-25T11:30:27.884+0000] {processor.py:925} INFO - DAG(s) 'example_trigger_controller_dag' retrieved from /home/ubuntu/airflow-venv/lib/python3.12/site-packages/airflow/example_dags/example_trigger_controller_dag.py
[2026-02-25T11:30:27.894+0000] {logging_mixin.py:190} INFO - [2026-02-25T11:30:27.894+0000] {dag.py:3239} INFO - Sync 1 DAGs
[2026-02-25T11:30:27.907+0000] {logging_mixin.py:190} INFO - [2026-02-25T11:30:27.906+0000] {dag.py:4180} INFO - Setting next_dagrun for example_trigger_controller_dag to 2021-01-01 00:00:00+00:00, run_after=2021-01-01 00:00:00+00:00
[2026-02-25T11:30:27.924+0000] {processor.py:208} INFO - Processing /home/ubuntu/airflow-venv/lib/python3.12/site-packages/airflow/example_dags/example_trigger_controller_dag.py took 0.051 seconds
[2026-02-25T11:30:28.119+0000] {processor.py:186} INFO - Started process (PID=11232) to work on /home/ubuntu/airflow-venv/lib/python3.12/site-packages/airflow/example_dags/example_trigger_controller_dag.py
[2026-02-25T11:30:28.120+0000] {processor.py:914} INFO - Processing file /home/ubuntu/airflow-venv/lib/python3.12/site-packages/airflow/example_dags/example_trigger_controller_dag.py for tasks to queue
[2026-02-25T11:30:28.121+0000] {logging_mixin.py:190} INFO - [2026-02-25T11:30:28.121+0000] {dagbag.py:588} INFO - Filling up the DagBag from /home/ubuntu/airflow-venv/lib/python3.12/site-packages/airflow/example_dags/example_trigger_controller_dag.py
[2026-02-25T11:30:28.126+0000] {processor.py:925} INFO - DAG(s) 'example_trigger_controller_dag' retrieved from /home/ubuntu/airflow-venv/lib/python3.12/site-packages/airflow/example_dags/example_trigger_controller_dag.py
[2026-02-25T11:30:28.136+0000] {logging_mixin.py:190} INFO - [2026-02-25T11:30:28.136+0000] {dag.py:3239} INFO - Sync 1 DAGs
[2026-02-25T11:30:28.148+0000] {logging_mixin.py:190} INFO - [2026-02-25T11:30:28.148+0000] {dag.py:4180} INFO - Setting next_dagrun for example_trigger_controller_dag to 2021-01-01 00:00:00+00:00, run_after=2021-01-01 00:00:00+00:00
[2026-02-25T11:30:28.166+0000] {processor.py:208} INFO - Processing /home/ubuntu/airflow-venv/lib/python3.12/site-packages/airflow/example_dags/example_trigger_controller_dag.py took 0.051 seconds
[2026-02-25T11:31:12.957+0000] {processor.py:186} INFO - Started process (PID=11329) to work on /home/ubuntu/airflow-venv/lib/python3.12/site-packages/airflow/example_dags/example_trigger_controller_dag.py
[2026-02-25T11:31:12.958+0000] {processor.py:914} INFO - Processing file /home/ubuntu/airflow-venv/lib/python3.12/site-packages/airflow/example_dags/example_trigger_controller_dag.py for tasks to queue
[2026-02-25T11:31:12.960+0000] {logging_mixin.py:190} INFO - [2026-02-25T11:31:12.959+0000] {dagbag.py:588} INFO - Filling up the DagBag from /home/ubuntu/airflow-venv/lib/python3.12/site-packages/airflow/example_dags/example_trigger_controller_dag.py
[2026-02-25T11:31:12.965+0000] {processor.py:925} INFO - DAG(s) 'example_trigger_controller_dag' retrieved from /home/ubuntu/airflow-venv/lib/python3.12/site-packages/airflow/example_dags/example_trigger_controller_dag.py
[2026-02-25T11:31:12.975+0000] {logging_mixin.py:190} INFO - [2026-02-25T11:31:12.975+0000] {dag.py:3239} INFO - Sync 1 DAGs
[2026-02-25T11:31:12.988+0000] {logging_mixin.py:190} INFO - [2026-02-25T11:31:12.988+0000] {dag.py:4180} INFO - Setting next_dagrun for example_trigger_controller_dag to 2021-01-01 00:00:00+00:00, run_after=2021-01-01 00:00:00+00:00
[2026-02-25T11:31:13.005+0000] {processor.py:208} INFO - Processing /home/ubuntu/airflow-venv/lib/python3.12/site-packages/airflow/example_dags/example_trigger_controller_dag.py took 0.052 seconds
[2026-02-25T11:31:14.323+0000] {processor.py:186} INFO - Started process (PID=11332) to work on /home/ubuntu/airflow-venv/lib/python3.12/site-packages/airflow/example_dags/example_trigger_controller_dag.py
[2026-02-25T11:31:14.324+0000] {processor.py:914} INFO - Processing file /home/ubuntu/airflow-venv/lib/python3.12/site-packages/airflow/example_dags/example_trigger_controller_dag.py for tasks to queue
[2026-02-25T11:31:14.325+0000] {logging_mixin.py:190} INFO - [2026-02-25T11:31:14.325+0000] {dagbag.py:588} INFO - Filling up the DagBag from /home/ubuntu/airflow-venv/lib/python3.12/site-packages/airflow/example_dags/example_trigger_controller_dag.py
[2026-02-25T11:31:14.331+0000] {processor.py:925} INFO - DAG(s) 'example_trigger_controller_dag' retrieved from /home/ubuntu/airflow-venv/lib/python3.12/site-packages/airflow/example_dags/example_trigger_controller_dag.py
[2026-02-25T11:31:14.342+0000] {logging_mixin.py:190} INFO - [2026-02-25T11:31:14.342+0000] {dag.py:3239} INFO - Sync 1 DAGs
[2026-02-25T11:31:14.355+0000] {logging_mixin.py:190} INFO - [2026-02-25T11:31:14.355+0000] {dag.py:4180} INFO - Setting next_dagrun for example_trigger_controller_dag to 2021-01-01 00:00:00+00:00, run_after=2021-01-01 00:00:00+00:00
[2026-02-25T11:31:14.373+0000] {processor.py:208} INFO - Processing /home/ubuntu/airflow-venv/lib/python3.12/site-packages/airflow/example_dags/example_trigger_controller_dag.py took 0.054 seconds
[2026-02-25T11:32:02.778+0000] {processor.py:186} INFO - Started process (PID=11430) to work on /home/ubuntu/airflow-venv/lib/python3.12/site-packages/airflow/example_dags/example_trigger_controller_dag.py
[2026-02-25T11:32:02.779+0000] {processor.py:914} INFO - Processing file /home/ubuntu/airflow-venv/lib/python3.12/site-packages/airflow/example_dags/example_trigger_controller_dag.py for tasks to queue
[2026-02-25T11:32:02.781+0000] {logging_mixin.py:190} INFO - [2026-02-25T11:32:02.780+0000] {dagbag.py:588} INFO - Filling up the DagBag from /home/ubuntu/airflow-venv/lib/python3.12/site-packages/airflow/example_dags/example_trigger_controller_dag.py
[2026-02-25T11:32:02.786+0000] {processor.py:925} INFO - DAG(s) 'example_trigger_controller_dag' retrieved from /home/ubuntu/airflow-venv/lib/python3.12/site-packages/airflow/example_dags/example_trigger_controller_dag.py
[2026-02-25T11:32:02.796+0000] {logging_mixin.py:190} INFO - [2026-02-25T11:32:02.796+0000] {dag.py:3239} INFO - Sync 1 DAGs
[2026-02-25T11:32:02.808+0000] {logging_mixin.py:190} INFO - [2026-02-25T11:32:02.808+0000] {dag.py:4180} INFO - Setting next_dagrun for example_trigger_controller_dag to 2021-01-01 00:00:00+00:00, run_after=2021-01-01 00:00:00+00:00
[2026-02-25T11:32:02.825+0000] {processor.py:208} INFO - Processing /home/ubuntu/airflow-venv/lib/python3.12/site-packages/airflow/example_dags/example_trigger_controller_dag.py took 0.051 seconds
[2026-02-25T11:32:04.279+0000] {processor.py:186} INFO - Started process (PID=11433) to work on /home/ubuntu/airflow-venv/lib/python3.12/site-packages/airflow/example_dags/example_trigger_controller_dag.py
[2026-02-25T11:32:04.280+0000] {processor.py:914} INFO - Processing file /home/ubuntu/airflow-venv/lib/python3.12/site-packages/airflow/example_dags/example_trigger_controller_dag.py for tasks to queue
[2026-02-25T11:32:04.281+0000] {logging_mixin.py:190} INFO - [2026-02-25T11:32:04.281+0000] {dagbag.py:588} INFO - Filling up the DagBag from /home/ubuntu/airflow-venv/lib/python3.12/site-packages/airflow/example_dags/example_trigger_controller_dag.py
[2026-02-25T11:32:04.286+0000] {processor.py:925} INFO - DAG(s) 'example_trigger_controller_dag' retrieved from /home/ubuntu/airflow-venv/lib/python3.12/site-packages/airflow/example_dags/example_trigger_controller_dag.py
[2026-02-25T11:32:04.296+0000] {logging_mixin.py:190} INFO - [2026-02-25T11:32:04.296+0000] {dag.py:3239} INFO - Sync 1 DAGs
[2026-02-25T11:32:04.308+0000] {logging_mixin.py:190} INFO - [2026-02-25T11:32:04.308+0000] {dag.py:4180} INFO - Setting next_dagrun for example_trigger_controller_dag to 2021-01-01 00:00:00+00:00, run_after=2021-01-01 00:00:00+00:00
[2026-02-25T11:32:04.324+0000] {processor.py:208} INFO - Processing /home/ubuntu/airflow-venv/lib/python3.12/site-packages/airflow/example_dags/example_trigger_controller_dag.py took 0.049 seconds
[2026-02-25T11:32:53.050+0000] {processor.py:186} INFO - Started process (PID=11536) to work on /home/ubuntu/airflow-venv/lib/python3.12/site-packages/airflow/example_dags/example_trigger_controller_dag.py
[2026-02-25T11:32:53.051+0000] {processor.py:914} INFO - Processing file /home/ubuntu/airflow-venv/lib/python3.12/site-packages/airflow/example_dags/example_trigger_controller_dag.py for tasks to queue
[2026-02-25T11:32:53.053+0000] {logging_mixin.py:190} INFO - [2026-02-25T11:32:53.052+0000] {dagbag.py:588} INFO - Filling up the DagBag from /home/ubuntu/airflow-venv/lib/python3.12/site-packages/airflow/example_dags/example_trigger_controller_dag.py
[2026-02-25T11:32:53.058+0000] {processor.py:925} INFO - DAG(s) 'example_trigger_controller_dag' retrieved from /home/ubuntu/airflow-venv/lib/python3.12/site-packages/airflow/example_dags/example_trigger_controller_dag.py
[2026-02-25T11:32:53.068+0000] {logging_mixin.py:190} INFO - [2026-02-25T11:32:53.067+0000] {dag.py:3239} INFO - Sync 1 DAGs
[2026-02-25T11:32:53.080+0000] {logging_mixin.py:190} INFO - [2026-02-25T11:32:53.080+0000] {dag.py:4180} INFO - Setting next_dagrun for example_trigger_controller_dag to 2021-01-01 00:00:00+00:00, run_after=2021-01-01 00:00:00+00:00
[2026-02-25T11:32:53.097+0000] {processor.py:208} INFO - Processing /home/ubuntu/airflow-venv/lib/python3.12/site-packages/airflow/example_dags/example_trigger_controller_dag.py took 0.051 seconds
[2026-02-25T11:32:54.550+0000] {processor.py:186} INFO - Started process (PID=11539) to work on /home/ubuntu/airflow-venv/lib/python3.12/site-packages/airflow/example_dags/example_trigger_controller_dag.py
[2026-02-25T11:32:54.551+0000] {processor.py:914} INFO - Processing file /home/ubuntu/airflow-venv/lib/python3.12/site-packages/airflow/example_dags/example_trigger_controller_dag.py for tasks to queue
[2026-02-25T11:32:54.553+0000] {logging_mixin.py:190} INFO - [2026-02-25T11:32:54.552+0000] {dagbag.py:588} INFO - Filling up the DagBag from /home/ubuntu/airflow-venv/lib/python3.12/site-packages/airflow/example_dags/example_trigger_controller_dag.py
[2026-02-25T11:32:54.557+0000] {processor.py:925} INFO - DAG(s) 'example_trigger_controller_dag' retrieved from /home/ubuntu/airflow-venv/lib/python3.12/site-packages/airflow/example_dags/example_trigger_controller_dag.py
[2026-02-25T11:32:54.567+0000] {logging_mixin.py:190} INFO - [2026-02-25T11:32:54.567+0000] {dag.py:3239} INFO - Sync 1 DAGs
[2026-02-25T11:32:54.580+0000] {logging_mixin.py:190} INFO - [2026-02-25T11:32:54.580+0000] {dag.py:4180} INFO - Setting next_dagrun for example_trigger_controller_dag to 2021-01-01 00:00:00+00:00, run_after=2021-01-01 00:00:00+00:00
[2026-02-25T11:32:54.598+0000] {processor.py:208} INFO - Processing /home/ubuntu/airflow-venv/lib/python3.12/site-packages/airflow/example_dags/example_trigger_controller_dag.py took 0.051 seconds
[2026-02-25T11:33:40.537+0000] {processor.py:186} INFO - Started process (PID=11636) to work on /home/ubuntu/airflow-venv/lib/python3.12/site-packages/airflow/example_dags/example_trigger_controller_dag.py
[2026-02-25T11:33:40.539+0000] {processor.py:914} INFO - Processing file /home/ubuntu/airflow-venv/lib/python3.12/site-packages/airflow/example_dags/example_trigger_controller_dag.py for tasks to queue
[2026-02-25T11:33:40.540+0000] {logging_mixin.py:190} INFO - [2026-02-25T11:33:40.540+0000] {dagbag.py:588} INFO - Filling up the DagBag from /home/ubuntu/airflow-venv/lib/python3.12/site-packages/airflow/example_dags/example_trigger_controller_dag.py
[2026-02-25T11:33:40.545+0000] {processor.py:925} INFO - DAG(s) 'example_trigger_controller_dag' retrieved from /home/ubuntu/airflow-venv/lib/python3.12/site-packages/airflow/example_dags/example_trigger_controller_dag.py
[2026-02-25T11:33:40.555+0000] {logging_mixin.py:190} INFO - [2026-02-25T11:33:40.555+0000] {dag.py:3239} INFO - Sync 1 DAGs
[2026-02-25T11:33:40.568+0000] {logging_mixin.py:190} INFO - [2026-02-25T11:33:40.567+0000] {dag.py:4180} INFO - Setting next_dagrun for example_trigger_controller_dag to 2021-01-01 00:00:00+00:00, run_after=2021-01-01 00:00:00+00:00
[2026-02-25T11:33:40.585+0000] {processor.py:208} INFO - Processing /home/ubuntu/airflow-venv/lib/python3.12/site-packages/airflow/example_dags/example_trigger_controller_dag.py took 0.051 seconds
[2026-02-25T11:33:44.445+0000] {processor.py:186} INFO - Started process (PID=11644) to work on /home/ubuntu/airflow-venv/lib/python3.12/site-packages/airflow/example_dags/example_trigger_controller_dag.py
[2026-02-25T11:33:44.446+0000] {processor.py:914} INFO - Processing file /home/ubuntu/airflow-venv/lib/python3.12/site-packages/airflow/example_dags/example_trigger_controller_dag.py for tasks to queue
[2026-02-25T11:33:44.448+0000] {logging_mixin.py:190} INFO - [2026-02-25T11:33:44.447+0000] {dagbag.py:588} INFO - Filling up the DagBag from /home/ubuntu/airflow-venv/lib/python3.12/site-packages/airflow/example_dags/example_trigger_controller_dag.py
[2026-02-25T11:33:44.452+0000] {processor.py:925} INFO - DAG(s) 'example_trigger_controller_dag' retrieved from /home/ubuntu/airflow-venv/lib/python3.12/site-packages/airflow/example_dags/example_trigger_controller_dag.py
[2026-02-25T11:33:44.463+0000] {logging_mixin.py:190} INFO - [2026-02-25T11:33:44.462+0000] {dag.py:3239} INFO - Sync 1 DAGs
[2026-02-25T11:33:44.475+0000] {logging_mixin.py:190} INFO - [2026-02-25T11:33:44.475+0000] {dag.py:4180} INFO - Setting next_dagrun for example_trigger_controller_dag to 2021-01-01 00:00:00+00:00, run_after=2021-01-01 00:00:00+00:00
[2026-02-25T11:33:44.493+0000] {processor.py:208} INFO - Processing /home/ubuntu/airflow-venv/lib/python3.12/site-packages/airflow/example_dags/example_trigger_controller_dag.py took 0.051 seconds
[2026-02-25T11:34:27.620+0000] {processor.py:186} INFO - Started process (PID=11735) to work on /home/ubuntu/airflow-venv/lib/python3.12/site-packages/airflow/example_dags/example_trigger_controller_dag.py
[2026-02-25T11:34:27.622+0000] {processor.py:914} INFO - Processing file /home/ubuntu/airflow-venv/lib/python3.12/site-packages/airflow/example_dags/example_trigger_controller_dag.py for tasks to queue
[2026-02-25T11:34:27.623+0000] {logging_mixin.py:190} INFO - [2026-02-25T11:34:27.623+0000] {dagbag.py:588} INFO - Filling up the DagBag from /home/ubuntu/airflow-venv/lib/python3.12/site-packages/airflow/example_dags/example_trigger_controller_dag.py
[2026-02-25T11:34:27.629+0000] {processor.py:925} INFO - DAG(s) 'example_trigger_controller_dag' retrieved from /home/ubuntu/airflow-venv/lib/python3.12/site-packages/airflow/example_dags/example_trigger_controller_dag.py
[2026-02-25T11:34:27.638+0000] {logging_mixin.py:190} INFO - [2026-02-25T11:34:27.638+0000] {dag.py:3239} INFO - Sync 1 DAGs
[2026-02-25T11:34:27.651+0000] {logging_mixin.py:190} INFO - [2026-02-25T11:34:27.650+0000] {dag.py:4180} INFO - Setting next_dagrun for example_trigger_controller_dag to 2021-01-01 00:00:00+00:00, run_after=2021-01-01 00:00:00+00:00
[2026-02-25T11:34:27.668+0000] {processor.py:208} INFO - Processing /home/ubuntu/airflow-venv/lib/python3.12/site-packages/airflow/example_dags/example_trigger_controller_dag.py took 0.051 seconds
[2026-02-25T11:34:34.425+0000] {processor.py:186} INFO - Started process (PID=11749) to work on /home/ubuntu/airflow-venv/lib/python3.12/site-packages/airflow/example_dags/example_trigger_controller_dag.py
[2026-02-25T11:34:34.425+0000] {processor.py:914} INFO - Processing file /home/ubuntu/airflow-venv/lib/python3.12/site-packages/airflow/example_dags/example_trigger_controller_dag.py for tasks to queue
[2026-02-25T11:34:34.427+0000] {logging_mixin.py:190} INFO - [2026-02-25T11:34:34.427+0000] {dagbag.py:588} INFO - Filling up the DagBag from /home/ubuntu/airflow-venv/lib/python3.12/site-packages/airflow/example_dags/example_trigger_controller_dag.py
[2026-02-25T11:34:34.432+0000] {processor.py:925} INFO - DAG(s) 'example_trigger_controller_dag' retrieved from /home/ubuntu/airflow-venv/lib/python3.12/site-packages/airflow/example_dags/example_trigger_controller_dag.py
[2026-02-25T11:34:34.442+0000] {logging_mixin.py:190} INFO - [2026-02-25T11:34:34.442+0000] {dag.py:3239} INFO - Sync 1 DAGs
[2026-02-25T11:34:34.455+0000] {logging_mixin.py:190} INFO - [2026-02-25T11:34:34.455+0000] {dag.py:4180} INFO - Setting next_dagrun for example_trigger_controller_dag to 2021-01-01 00:00:00+00:00, run_after=2021-01-01 00:00:00+00:00
[2026-02-25T11:34:34.472+0000] {processor.py:208} INFO - Processing /home/ubuntu/airflow-venv/lib/python3.12/site-packages/airflow/example_dags/example_trigger_controller_dag.py took 0.051 seconds
[2026-02-25T11:35:15.753+0000] {processor.py:186} INFO - Started process (PID=11853) to work on /home/ubuntu/airflow-venv/lib/python3.12/site-packages/airflow/example_dags/example_trigger_controller_dag.py
[2026-02-25T11:35:15.754+0000] {processor.py:914} INFO - Processing file /home/ubuntu/airflow-venv/lib/python3.12/site-packages/airflow/example_dags/example_trigger_controller_dag.py for tasks to queue
[2026-02-25T11:35:15.756+0000] {logging_mixin.py:190} INFO - [2026-02-25T11:35:15.756+0000] {dagbag.py:588} INFO - Filling up the DagBag from /home/ubuntu/airflow-venv/lib/python3.12/site-packages/airflow/example_dags/example_trigger_controller_dag.py
[2026-02-25T11:35:15.761+0000] {processor.py:925} INFO - DAG(s) 'example_trigger_controller_dag' retrieved from /home/ubuntu/airflow-venv/lib/python3.12/site-packages/airflow/example_dags/example_trigger_controller_dag.py
[2026-02-25T11:35:15.771+0000] {logging_mixin.py:190} INFO - [2026-02-25T11:35:15.771+0000] {dag.py:3239} INFO - Sync 1 DAGs
[2026-02-25T11:35:15.784+0000] {logging_mixin.py:190} INFO - [2026-02-25T11:35:15.784+0000] {dag.py:4180} INFO - Setting next_dagrun for example_trigger_controller_dag to 2021-01-01 00:00:00+00:00, run_after=2021-01-01 00:00:00+00:00
[2026-02-25T11:35:15.801+0000] {processor.py:208} INFO - Processing /home/ubuntu/airflow-venv/lib/python3.12/site-packages/airflow/example_dags/example_trigger_controller_dag.py took 0.052 seconds
[2026-02-25T11:35:24.631+0000] {processor.py:186} INFO - Started process (PID=11873) to work on /home/ubuntu/airflow-venv/lib/python3.12/site-packages/airflow/example_dags/example_trigger_controller_dag.py
[2026-02-25T11:35:24.631+0000] {processor.py:914} INFO - Processing file /home/ubuntu/airflow-venv/lib/python3.12/site-packages/airflow/example_dags/example_trigger_controller_dag.py for tasks to queue
[2026-02-25T11:35:24.633+0000] {logging_mixin.py:190} INFO - [2026-02-25T11:35:24.633+0000] {dagbag.py:588} INFO - Filling up the DagBag from /home/ubuntu/airflow-venv/lib/python3.12/site-packages/airflow/example_dags/example_trigger_controller_dag.py
[2026-02-25T11:35:24.638+0000] {processor.py:925} INFO - DAG(s) 'example_trigger_controller_dag' retrieved from /home/ubuntu/airflow-venv/lib/python3.12/site-packages/airflow/example_dags/example_trigger_controller_dag.py
[2026-02-25T11:35:24.647+0000] {logging_mixin.py:190} INFO - [2026-02-25T11:35:24.647+0000] {dag.py:3239} INFO - Sync 1 DAGs
[2026-02-25T11:35:24.660+0000] {logging_mixin.py:190} INFO - [2026-02-25T11:35:24.660+0000] {dag.py:4180} INFO - Setting next_dagrun for example_trigger_controller_dag to 2021-01-01 00:00:00+00:00, run_after=2021-01-01 00:00:00+00:00
[2026-02-25T11:35:24.677+0000] {processor.py:208} INFO - Processing /home/ubuntu/airflow-venv/lib/python3.12/site-packages/airflow/example_dags/example_trigger_controller_dag.py took 0.050 seconds
[2026-02-25T11:36:04.453+0000] {processor.py:186} INFO - Started process (PID=11958) to work on /home/ubuntu/airflow-venv/lib/python3.12/site-packages/airflow/example_dags/example_trigger_controller_dag.py
[2026-02-25T11:36:04.455+0000] {processor.py:914} INFO - Processing file /home/ubuntu/airflow-venv/lib/python3.12/site-packages/airflow/example_dags/example_trigger_controller_dag.py for tasks to queue
[2026-02-25T11:36:04.456+0000] {logging_mixin.py:190} INFO - [2026-02-25T11:36:04.456+0000] {dagbag.py:588} INFO - Filling up the DagBag from /home/ubuntu/airflow-venv/lib/python3.12/site-packages/airflow/example_dags/example_trigger_controller_dag.py
[2026-02-25T11:36:04.462+0000] {processor.py:925} INFO - DAG(s) 'example_trigger_controller_dag' retrieved from /home/ubuntu/airflow-venv/lib/python3.12/site-packages/airflow/example_dags/example_trigger_controller_dag.py
[2026-02-25T11:36:04.472+0000] {logging_mixin.py:190} INFO - [2026-02-25T11:36:04.472+0000] {dag.py:3239} INFO - Sync 1 DAGs
[2026-02-25T11:36:04.485+0000] {logging_mixin.py:190} INFO - [2026-02-25T11:36:04.485+0000] {dag.py:4180} INFO - Setting next_dagrun for example_trigger_controller_dag to 2021-01-01 00:00:00+00:00, run_after=2021-01-01 00:00:00+00:00
[2026-02-25T11:36:04.501+0000] {processor.py:208} INFO - Processing /home/ubuntu/airflow-venv/lib/python3.12/site-packages/airflow/example_dags/example_trigger_controller_dag.py took 0.052 seconds
[2026-02-25T11:36:12.851+0000] {processor.py:186} INFO - Started process (PID=11977) to work on /home/ubuntu/airflow-venv/lib/python3.12/site-packages/airflow/example_dags/example_trigger_controller_dag.py
[2026-02-25T11:36:12.851+0000] {processor.py:914} INFO - Processing file /home/ubuntu/airflow-venv/lib/python3.12/site-packages/airflow/example_dags/example_trigger_controller_dag.py for tasks to queue
[2026-02-25T11:36:12.853+0000] {logging_mixin.py:190} INFO - [2026-02-25T11:36:12.853+0000] {dagbag.py:588} INFO - Filling up the DagBag from /home/ubuntu/airflow-venv/lib/python3.12/site-packages/airflow/example_dags/example_trigger_controller_dag.py
[2026-02-25T11:36:12.858+0000] {processor.py:925} INFO - DAG(s) 'example_trigger_controller_dag' retrieved from /home/ubuntu/airflow-venv/lib/python3.12/site-packages/airflow/example_dags/example_trigger_controller_dag.py
[2026-02-25T11:36:12.869+0000] {logging_mixin.py:190} INFO - [2026-02-25T11:36:12.868+0000] {dag.py:3239} INFO - Sync 1 DAGs
[2026-02-25T11:36:12.882+0000] {logging_mixin.py:190} INFO - [2026-02-25T11:36:12.881+0000] {dag.py:4180} INFO - Setting next_dagrun for example_trigger_controller_dag to 2021-01-01 00:00:00+00:00, run_after=2021-01-01 00:00:00+00:00
[2026-02-25T11:36:12.901+0000] {processor.py:208} INFO - Processing /home/ubuntu/airflow-venv/lib/python3.12/site-packages/airflow/example_dags/example_trigger_controller_dag.py took 0.054 seconds
[2026-02-25T11:36:54.651+0000] {processor.py:186} INFO - Started process (PID=12160) to work on /home/ubuntu/airflow-venv/lib/python3.12/site-packages/airflow/example_dags/example_trigger_controller_dag.py
[2026-02-25T11:36:54.652+0000] {processor.py:914} INFO - Processing file /home/ubuntu/airflow-venv/lib/python3.12/site-packages/airflow/example_dags/example_trigger_controller_dag.py for tasks to queue
[2026-02-25T11:36:54.654+0000] {logging_mixin.py:190} INFO - [2026-02-25T11:36:54.653+0000] {dagbag.py:588} INFO - Filling up the DagBag from /home/ubuntu/airflow-venv/lib/python3.12/site-packages/airflow/example_dags/example_trigger_controller_dag.py
[2026-02-25T11:36:54.659+0000] {processor.py:925} INFO - DAG(s) 'example_trigger_controller_dag' retrieved from /home/ubuntu/airflow-venv/lib/python3.12/site-packages/airflow/example_dags/example_trigger_controller_dag.py
[2026-02-25T11:36:54.669+0000] {logging_mixin.py:190} INFO - [2026-02-25T11:36:54.668+0000] {dag.py:3239} INFO - Sync 1 DAGs
[2026-02-25T11:36:54.681+0000] {logging_mixin.py:190} INFO - [2026-02-25T11:36:54.681+0000] {dag.py:4180} INFO - Setting next_dagrun for example_trigger_controller_dag to 2021-01-01 00:00:00+00:00, run_after=2021-01-01 00:00:00+00:00
[2026-02-25T11:36:54.697+0000] {processor.py:208} INFO - Processing /home/ubuntu/airflow-venv/lib/python3.12/site-packages/airflow/example_dags/example_trigger_controller_dag.py took 0.050 seconds
[2026-02-25T11:37:04.648+0000] {processor.py:186} INFO - Started process (PID=12181) to work on /home/ubuntu/airflow-venv/lib/python3.12/site-packages/airflow/example_dags/example_trigger_controller_dag.py
[2026-02-25T11:37:04.649+0000] {processor.py:914} INFO - Processing file /home/ubuntu/airflow-venv/lib/python3.12/site-packages/airflow/example_dags/example_trigger_controller_dag.py for tasks to queue
[2026-02-25T11:37:04.650+0000] {logging_mixin.py:190} INFO - [2026-02-25T11:37:04.650+0000] {dagbag.py:588} INFO - Filling up the DagBag from /home/ubuntu/airflow-venv/lib/python3.12/site-packages/airflow/example_dags/example_trigger_controller_dag.py
[2026-02-25T11:37:04.655+0000] {processor.py:925} INFO - DAG(s) 'example_trigger_controller_dag' retrieved from /home/ubuntu/airflow-venv/lib/python3.12/site-packages/airflow/example_dags/example_trigger_controller_dag.py
[2026-02-25T11:37:04.665+0000] {logging_mixin.py:190} INFO - [2026-02-25T11:37:04.665+0000] {dag.py:3239} INFO - Sync 1 DAGs
[2026-02-25T11:37:04.677+0000] {logging_mixin.py:190} INFO - [2026-02-25T11:37:04.677+0000] {dag.py:4180} INFO - Setting next_dagrun for example_trigger_controller_dag to 2021-01-01 00:00:00+00:00, run_after=2021-01-01 00:00:00+00:00
[2026-02-25T11:37:04.694+0000] {processor.py:208} INFO - Processing /home/ubuntu/airflow-venv/lib/python3.12/site-packages/airflow/example_dags/example_trigger_controller_dag.py took 0.050 seconds
[2026-02-25T11:37:44.909+0000] {processor.py:186} INFO - Started process (PID=12265) to work on /home/ubuntu/airflow-venv/lib/python3.12/site-packages/airflow/example_dags/example_trigger_controller_dag.py
[2026-02-25T11:37:44.910+0000] {processor.py:914} INFO - Processing file /home/ubuntu/airflow-venv/lib/python3.12/site-packages/airflow/example_dags/example_trigger_controller_dag.py for tasks to queue
[2026-02-25T11:37:44.911+0000] {logging_mixin.py:190} INFO - [2026-02-25T11:37:44.911+0000] {dagbag.py:588} INFO - Filling up the DagBag from /home/ubuntu/airflow-venv/lib/python3.12/site-packages/airflow/example_dags/example_trigger_controller_dag.py
[2026-02-25T11:37:44.916+0000] {processor.py:925} INFO - DAG(s) 'example_trigger_controller_dag' retrieved from /home/ubuntu/airflow-venv/lib/python3.12/site-packages/airflow/example_dags/example_trigger_controller_dag.py
[2026-02-25T11:37:44.926+0000] {logging_mixin.py:190} INFO - [2026-02-25T11:37:44.926+0000] {dag.py:3239} INFO - Sync 1 DAGs
[2026-02-25T11:37:44.938+0000] {logging_mixin.py:190} INFO - [2026-02-25T11:37:44.938+0000] {dag.py:4180} INFO - Setting next_dagrun for example_trigger_controller_dag to 2021-01-01 00:00:00+00:00, run_after=2021-01-01 00:00:00+00:00
[2026-02-25T11:37:44.955+0000] {processor.py:208} INFO - Processing /home/ubuntu/airflow-venv/lib/python3.12/site-packages/airflow/example_dags/example_trigger_controller_dag.py took 0.050 seconds
[2026-02-25T11:42:43.153+0000] {processor.py:186} INFO - Started process (PID=1691) to work on /home/ubuntu/airflow-venv/lib/python3.12/site-packages/airflow/example_dags/example_trigger_controller_dag.py
[2026-02-25T11:42:43.156+0000] {processor.py:914} INFO - Processing file /home/ubuntu/airflow-venv/lib/python3.12/site-packages/airflow/example_dags/example_trigger_controller_dag.py for tasks to queue
[2026-02-25T11:42:43.157+0000] {logging_mixin.py:190} INFO - [2026-02-25T11:42:43.157+0000] {dagbag.py:588} INFO - Filling up the DagBag from /home/ubuntu/airflow-venv/lib/python3.12/site-packages/airflow/example_dags/example_trigger_controller_dag.py
[2026-02-25T11:42:43.161+0000] {processor.py:925} INFO - DAG(s) 'example_trigger_controller_dag' retrieved from /home/ubuntu/airflow-venv/lib/python3.12/site-packages/airflow/example_dags/example_trigger_controller_dag.py
[2026-02-25T11:42:43.171+0000] {logging_mixin.py:190} INFO - [2026-02-25T11:42:43.171+0000] {dag.py:3239} INFO - Sync 1 DAGs
[2026-02-25T11:42:43.183+0000] {logging_mixin.py:190} INFO - [2026-02-25T11:42:43.183+0000] {dag.py:4180} INFO - Setting next_dagrun for example_trigger_controller_dag to 2021-01-01 00:00:00+00:00, run_after=2021-01-01 00:00:00+00:00
[2026-02-25T11:42:43.199+0000] {processor.py:208} INFO - Processing /home/ubuntu/airflow-venv/lib/python3.12/site-packages/airflow/example_dags/example_trigger_controller_dag.py took 0.049 seconds
[2026-02-25T11:43:36.299+0000] {processor.py:186} INFO - Started process (PID=2118) to work on /home/ubuntu/airflow-venv/lib/python3.12/site-packages/airflow/example_dags/example_trigger_controller_dag.py
[2026-02-25T11:43:36.300+0000] {processor.py:914} INFO - Processing file /home/ubuntu/airflow-venv/lib/python3.12/site-packages/airflow/example_dags/example_trigger_controller_dag.py for tasks to queue
[2026-02-25T11:43:36.302+0000] {logging_mixin.py:190} INFO - [2026-02-25T11:43:36.301+0000] {dagbag.py:588} INFO - Filling up the DagBag from /home/ubuntu/airflow-venv/lib/python3.12/site-packages/airflow/example_dags/example_trigger_controller_dag.py
[2026-02-25T11:43:36.306+0000] {processor.py:925} INFO - DAG(s) 'example_trigger_controller_dag' retrieved from /home/ubuntu/airflow-venv/lib/python3.12/site-packages/airflow/example_dags/example_trigger_controller_dag.py
[2026-02-25T11:43:36.315+0000] {logging_mixin.py:190} INFO - [2026-02-25T11:43:36.315+0000] {dag.py:3239} INFO - Sync 1 DAGs
[2026-02-25T11:43:36.327+0000] {logging_mixin.py:190} INFO - [2026-02-25T11:43:36.326+0000] {dag.py:4180} INFO - Setting next_dagrun for example_trigger_controller_dag to 2021-01-01 00:00:00+00:00, run_after=2021-01-01 00:00:00+00:00
[2026-02-25T11:43:36.341+0000] {processor.py:208} INFO - Processing /home/ubuntu/airflow-venv/lib/python3.12/site-packages/airflow/example_dags/example_trigger_controller_dag.py took 0.046 seconds
[2026-02-25T11:44:25.865+0000] {processor.py:186} INFO - Started process (PID=2533) to work on /home/ubuntu/airflow-venv/lib/python3.12/site-packages/airflow/example_dags/example_trigger_controller_dag.py
[2026-02-25T11:44:25.867+0000] {processor.py:914} INFO - Processing file /home/ubuntu/airflow-venv/lib/python3.12/site-packages/airflow/example_dags/example_trigger_controller_dag.py for tasks to queue
[2026-02-25T11:44:25.868+0000] {logging_mixin.py:190} INFO - [2026-02-25T11:44:25.868+0000] {dagbag.py:588} INFO - Filling up the DagBag from /home/ubuntu/airflow-venv/lib/python3.12/site-packages/airflow/example_dags/example_trigger_controller_dag.py
[2026-02-25T11:44:25.873+0000] {processor.py:925} INFO - DAG(s) 'example_trigger_controller_dag' retrieved from /home/ubuntu/airflow-venv/lib/python3.12/site-packages/airflow/example_dags/example_trigger_controller_dag.py
[2026-02-25T11:44:25.885+0000] {logging_mixin.py:190} INFO - [2026-02-25T11:44:25.885+0000] {dag.py:3239} INFO - Sync 1 DAGs
[2026-02-25T11:44:25.897+0000] {logging_mixin.py:190} INFO - [2026-02-25T11:44:25.897+0000] {dag.py:4180} INFO - Setting next_dagrun for example_trigger_controller_dag to 2021-01-01 00:00:00+00:00, run_after=2021-01-01 00:00:00+00:00
[2026-02-25T11:44:25.913+0000] {processor.py:208} INFO - Processing /home/ubuntu/airflow-venv/lib/python3.12/site-packages/airflow/example_dags/example_trigger_controller_dag.py took 0.051 seconds
[2026-02-25T11:45:12.683+0000] {processor.py:186} INFO - Started process (PID=2586) to work on /home/ubuntu/airflow-venv/lib/python3.12/site-packages/airflow/example_dags/example_trigger_controller_dag.py
[2026-02-25T11:45:12.685+0000] {processor.py:914} INFO - Processing file /home/ubuntu/airflow-venv/lib/python3.12/site-packages/airflow/example_dags/example_trigger_controller_dag.py for tasks to queue
[2026-02-25T11:45:12.686+0000] {logging_mixin.py:190} INFO - [2026-02-25T11:45:12.686+0000] {dagbag.py:588} INFO - Filling up the DagBag from /home/ubuntu/airflow-venv/lib/python3.12/site-packages/airflow/example_dags/example_trigger_controller_dag.py
[2026-02-25T11:45:12.690+0000] {processor.py:925} INFO - DAG(s) 'example_trigger_controller_dag' retrieved from /home/ubuntu/airflow-venv/lib/python3.12/site-packages/airflow/example_dags/example_trigger_controller_dag.py
[2026-02-25T11:45:12.699+0000] {logging_mixin.py:190} INFO - [2026-02-25T11:45:12.699+0000] {dag.py:3239} INFO - Sync 1 DAGs
[2026-02-25T11:45:12.711+0000] {logging_mixin.py:190} INFO - [2026-02-25T11:45:12.710+0000] {dag.py:4180} INFO - Setting next_dagrun for example_trigger_controller_dag to 2021-01-01 00:00:00+00:00, run_after=2021-01-01 00:00:00+00:00
[2026-02-25T11:45:12.727+0000] {processor.py:208} INFO - Processing /home/ubuntu/airflow-venv/lib/python3.12/site-packages/airflow/example_dags/example_trigger_controller_dag.py took 0.047 seconds
[2026-02-25T11:46:06.391+0000] {processor.py:186} INFO - Started process (PID=2654) to work on /home/ubuntu/airflow-venv/lib/python3.12/site-packages/airflow/example_dags/example_trigger_controller_dag.py
[2026-02-25T11:46:06.393+0000] {processor.py:914} INFO - Processing file /home/ubuntu/airflow-venv/lib/python3.12/site-packages/airflow/example_dags/example_trigger_controller_dag.py for tasks to queue
[2026-02-25T11:46:06.394+0000] {logging_mixin.py:190} INFO - [2026-02-25T11:46:06.394+0000] {dagbag.py:588} INFO - Filling up the DagBag from /home/ubuntu/airflow-venv/lib/python3.12/site-packages/airflow/example_dags/example_trigger_controller_dag.py
[2026-02-25T11:46:06.398+0000] {processor.py:925} INFO - DAG(s) 'example_trigger_controller_dag' retrieved from /home/ubuntu/airflow-venv/lib/python3.12/site-packages/airflow/example_dags/example_trigger_controller_dag.py
[2026-02-25T11:46:06.408+0000] {logging_mixin.py:190} INFO - [2026-02-25T11:46:06.407+0000] {dag.py:3239} INFO - Sync 1 DAGs
[2026-02-25T11:46:06.419+0000] {logging_mixin.py:190} INFO - [2026-02-25T11:46:06.419+0000] {dag.py:4180} INFO - Setting next_dagrun for example_trigger_controller_dag to 2021-01-01 00:00:00+00:00, run_after=2021-01-01 00:00:00+00:00
[2026-02-25T11:46:06.436+0000] {processor.py:208} INFO - Processing /home/ubuntu/airflow-venv/lib/python3.12/site-packages/airflow/example_dags/example_trigger_controller_dag.py took 0.048 seconds
[2026-02-25T12:39:02.846+0000] {processor.py:186} INFO - Started process (PID=2091) to work on /home/ubuntu/airflow-venv/lib/python3.12/site-packages/airflow/example_dags/example_trigger_controller_dag.py
[2026-02-25T12:39:02.848+0000] {processor.py:914} INFO - Processing file /home/ubuntu/airflow-venv/lib/python3.12/site-packages/airflow/example_dags/example_trigger_controller_dag.py for tasks to queue
[2026-02-25T12:39:02.849+0000] {logging_mixin.py:190} INFO - [2026-02-25T12:39:02.849+0000] {dagbag.py:588} INFO - Filling up the DagBag from /home/ubuntu/airflow-venv/lib/python3.12/site-packages/airflow/example_dags/example_trigger_controller_dag.py
[2026-02-25T12:39:02.854+0000] {processor.py:925} INFO - DAG(s) 'example_trigger_controller_dag' retrieved from /home/ubuntu/airflow-venv/lib/python3.12/site-packages/airflow/example_dags/example_trigger_controller_dag.py
[2026-02-25T12:39:02.864+0000] {logging_mixin.py:190} INFO - [2026-02-25T12:39:02.863+0000] {dag.py:3239} INFO - Sync 1 DAGs
[2026-02-25T12:39:02.876+0000] {logging_mixin.py:190} INFO - [2026-02-25T12:39:02.876+0000] {dag.py:4180} INFO - Setting next_dagrun for example_trigger_controller_dag to 2021-01-01 00:00:00+00:00, run_after=2021-01-01 00:00:00+00:00
[2026-02-25T12:39:02.891+0000] {processor.py:208} INFO - Processing /home/ubuntu/airflow-venv/lib/python3.12/site-packages/airflow/example_dags/example_trigger_controller_dag.py took 0.048 seconds
[2026-02-25T12:39:55.981+0000] {processor.py:186} INFO - Started process (PID=2167) to work on /home/ubuntu/airflow-venv/lib/python3.12/site-packages/airflow/example_dags/example_trigger_controller_dag.py
[2026-02-25T12:39:55.982+0000] {processor.py:914} INFO - Processing file /home/ubuntu/airflow-venv/lib/python3.12/site-packages/airflow/example_dags/example_trigger_controller_dag.py for tasks to queue
[2026-02-25T12:39:55.984+0000] {logging_mixin.py:190} INFO - [2026-02-25T12:39:55.983+0000] {dagbag.py:588} INFO - Filling up the DagBag from /home/ubuntu/airflow-venv/lib/python3.12/site-packages/airflow/example_dags/example_trigger_controller_dag.py
[2026-02-25T12:39:55.988+0000] {processor.py:925} INFO - DAG(s) 'example_trigger_controller_dag' retrieved from /home/ubuntu/airflow-venv/lib/python3.12/site-packages/airflow/example_dags/example_trigger_controller_dag.py
[2026-02-25T12:39:55.997+0000] {logging_mixin.py:190} INFO - [2026-02-25T12:39:55.996+0000] {dag.py:3239} INFO - Sync 1 DAGs
[2026-02-25T12:39:56.008+0000] {logging_mixin.py:190} INFO - [2026-02-25T12:39:56.008+0000] {dag.py:4180} INFO - Setting next_dagrun for example_trigger_controller_dag to 2021-01-01 00:00:00+00:00, run_after=2021-01-01 00:00:00+00:00
[2026-02-25T12:39:56.024+0000] {processor.py:208} INFO - Processing /home/ubuntu/airflow-venv/lib/python3.12/site-packages/airflow/example_dags/example_trigger_controller_dag.py took 0.047 seconds
[2026-02-25T12:40:45.548+0000] {processor.py:186} INFO - Started process (PID=2584) to work on /home/ubuntu/airflow-venv/lib/python3.12/site-packages/airflow/example_dags/example_trigger_controller_dag.py
[2026-02-25T12:40:45.549+0000] {processor.py:914} INFO - Processing file /home/ubuntu/airflow-venv/lib/python3.12/site-packages/airflow/example_dags/example_trigger_controller_dag.py for tasks to queue
[2026-02-25T12:40:45.551+0000] {logging_mixin.py:190} INFO - [2026-02-25T12:40:45.551+0000] {dagbag.py:588} INFO - Filling up the DagBag from /home/ubuntu/airflow-venv/lib/python3.12/site-packages/airflow/example_dags/example_trigger_controller_dag.py
[2026-02-25T12:40:45.555+0000] {processor.py:925} INFO - DAG(s) 'example_trigger_controller_dag' retrieved from /home/ubuntu/airflow-venv/lib/python3.12/site-packages/airflow/example_dags/example_trigger_controller_dag.py
[2026-02-25T12:40:45.564+0000] {logging_mixin.py:190} INFO - [2026-02-25T12:40:45.564+0000] {dag.py:3239} INFO - Sync 1 DAGs
[2026-02-25T12:40:45.575+0000] {logging_mixin.py:190} INFO - [2026-02-25T12:40:45.575+0000] {dag.py:4180} INFO - Setting next_dagrun for example_trigger_controller_dag to 2021-01-01 00:00:00+00:00, run_after=2021-01-01 00:00:00+00:00
[2026-02-25T12:40:45.590+0000] {processor.py:208} INFO - Processing /home/ubuntu/airflow-venv/lib/python3.12/site-packages/airflow/example_dags/example_trigger_controller_dag.py took 0.045 seconds
[2026-02-25T12:41:32.355+0000] {processor.py:186} INFO - Started process (PID=2635) to work on /home/ubuntu/airflow-venv/lib/python3.12/site-packages/airflow/example_dags/example_trigger_controller_dag.py
[2026-02-25T12:41:32.356+0000] {processor.py:914} INFO - Processing file /home/ubuntu/airflow-venv/lib/python3.12/site-packages/airflow/example_dags/example_trigger_controller_dag.py for tasks to queue
[2026-02-25T12:41:32.358+0000] {logging_mixin.py:190} INFO - [2026-02-25T12:41:32.358+0000] {dagbag.py:588} INFO - Filling up the DagBag from /home/ubuntu/airflow-venv/lib/python3.12/site-packages/airflow/example_dags/example_trigger_controller_dag.py
[2026-02-25T12:41:32.362+0000] {processor.py:925} INFO - DAG(s) 'example_trigger_controller_dag' retrieved from /home/ubuntu/airflow-venv/lib/python3.12/site-packages/airflow/example_dags/example_trigger_controller_dag.py
[2026-02-25T12:41:32.371+0000] {logging_mixin.py:190} INFO - [2026-02-25T12:41:32.371+0000] {dag.py:3239} INFO - Sync 1 DAGs
[2026-02-25T12:41:32.382+0000] {logging_mixin.py:190} INFO - [2026-02-25T12:41:32.382+0000] {dag.py:4180} INFO - Setting next_dagrun for example_trigger_controller_dag to 2021-01-01 00:00:00+00:00, run_after=2021-01-01 00:00:00+00:00
[2026-02-25T12:41:32.399+0000] {processor.py:208} INFO - Processing /home/ubuntu/airflow-venv/lib/python3.12/site-packages/airflow/example_dags/example_trigger_controller_dag.py took 0.047 seconds
[2026-02-25T12:42:22.976+0000] {processor.py:186} INFO - Started process (PID=2689) to work on /home/ubuntu/airflow-venv/lib/python3.12/site-packages/airflow/example_dags/example_trigger_controller_dag.py
[2026-02-25T12:42:22.977+0000] {processor.py:914} INFO - Processing file /home/ubuntu/airflow-venv/lib/python3.12/site-packages/airflow/example_dags/example_trigger_controller_dag.py for tasks to queue
[2026-02-25T12:42:22.978+0000] {logging_mixin.py:190} INFO - [2026-02-25T12:42:22.978+0000] {dagbag.py:588} INFO - Filling up the DagBag from /home/ubuntu/airflow-venv/lib/python3.12/site-packages/airflow/example_dags/example_trigger_controller_dag.py
[2026-02-25T12:42:22.982+0000] {processor.py:925} INFO - DAG(s) 'example_trigger_controller_dag' retrieved from /home/ubuntu/airflow-venv/lib/python3.12/site-packages/airflow/example_dags/example_trigger_controller_dag.py
[2026-02-25T12:42:22.991+0000] {logging_mixin.py:190} INFO - [2026-02-25T12:42:22.991+0000] {dag.py:3239} INFO - Sync 1 DAGs
[2026-02-25T12:42:23.002+0000] {logging_mixin.py:190} INFO - [2026-02-25T12:42:23.002+0000] {dag.py:4180} INFO - Setting next_dagrun for example_trigger_controller_dag to 2021-01-01 00:00:00+00:00, run_after=2021-01-01 00:00:00+00:00
[2026-02-25T12:42:23.018+0000] {processor.py:208} INFO - Processing /home/ubuntu/airflow-venv/lib/python3.12/site-packages/airflow/example_dags/example_trigger_controller_dag.py took 0.046 seconds
[2026-02-25T12:43:12.497+0000] {processor.py:186} INFO - Started process (PID=2747) to work on /home/ubuntu/airflow-venv/lib/python3.12/site-packages/airflow/example_dags/example_trigger_controller_dag.py
[2026-02-25T12:43:12.498+0000] {processor.py:914} INFO - Processing file /home/ubuntu/airflow-venv/lib/python3.12/site-packages/airflow/example_dags/example_trigger_controller_dag.py for tasks to queue
[2026-02-25T12:43:12.500+0000] {logging_mixin.py:190} INFO - [2026-02-25T12:43:12.500+0000] {dagbag.py:588} INFO - Filling up the DagBag from /home/ubuntu/airflow-venv/lib/python3.12/site-packages/airflow/example_dags/example_trigger_controller_dag.py
[2026-02-25T12:43:12.504+0000] {processor.py:925} INFO - DAG(s) 'example_trigger_controller_dag' retrieved from /home/ubuntu/airflow-venv/lib/python3.12/site-packages/airflow/example_dags/example_trigger_controller_dag.py
[2026-02-25T12:43:12.513+0000] {logging_mixin.py:190} INFO - [2026-02-25T12:43:12.513+0000] {dag.py:3239} INFO - Sync 1 DAGs
[2026-02-25T12:43:12.525+0000] {logging_mixin.py:190} INFO - [2026-02-25T12:43:12.524+0000] {dag.py:4180} INFO - Setting next_dagrun for example_trigger_controller_dag to 2021-01-01 00:00:00+00:00, run_after=2021-01-01 00:00:00+00:00
[2026-02-25T12:43:12.541+0000] {processor.py:208} INFO - Processing /home/ubuntu/airflow-venv/lib/python3.12/site-packages/airflow/example_dags/example_trigger_controller_dag.py took 0.047 seconds
[2026-02-25T12:44:01.994+0000] {processor.py:186} INFO - Started process (PID=2803) to work on /home/ubuntu/airflow-venv/lib/python3.12/site-packages/airflow/example_dags/example_trigger_controller_dag.py
[2026-02-25T12:44:01.995+0000] {processor.py:914} INFO - Processing file /home/ubuntu/airflow-venv/lib/python3.12/site-packages/airflow/example_dags/example_trigger_controller_dag.py for tasks to queue
[2026-02-25T12:44:01.997+0000] {logging_mixin.py:190} INFO - [2026-02-25T12:44:01.997+0000] {dagbag.py:588} INFO - Filling up the DagBag from /home/ubuntu/airflow-venv/lib/python3.12/site-packages/airflow/example_dags/example_trigger_controller_dag.py
[2026-02-25T12:44:02.001+0000] {processor.py:925} INFO - DAG(s) 'example_trigger_controller_dag' retrieved from /home/ubuntu/airflow-venv/lib/python3.12/site-packages/airflow/example_dags/example_trigger_controller_dag.py
[2026-02-25T12:44:02.010+0000] {logging_mixin.py:190} INFO - [2026-02-25T12:44:02.010+0000] {dag.py:3239} INFO - Sync 1 DAGs
[2026-02-25T12:44:02.021+0000] {logging_mixin.py:190} INFO - [2026-02-25T12:44:02.021+0000] {dag.py:4180} INFO - Setting next_dagrun for example_trigger_controller_dag to 2021-01-01 00:00:00+00:00, run_after=2021-01-01 00:00:00+00:00
[2026-02-25T12:44:02.037+0000] {processor.py:208} INFO - Processing /home/ubuntu/airflow-venv/lib/python3.12/site-packages/airflow/example_dags/example_trigger_controller_dag.py took 0.046 seconds
[2026-02-25T12:44:52.316+0000] {processor.py:186} INFO - Started process (PID=2855) to work on /home/ubuntu/airflow-venv/lib/python3.12/site-packages/airflow/example_dags/example_trigger_controller_dag.py
[2026-02-25T12:44:52.317+0000] {processor.py:914} INFO - Processing file /home/ubuntu/airflow-venv/lib/python3.12/site-packages/airflow/example_dags/example_trigger_controller_dag.py for tasks to queue
[2026-02-25T12:44:52.319+0000] {logging_mixin.py:190} INFO - [2026-02-25T12:44:52.318+0000] {dagbag.py:588} INFO - Filling up the DagBag from /home/ubuntu/airflow-venv/lib/python3.12/site-packages/airflow/example_dags/example_trigger_controller_dag.py
[2026-02-25T12:44:52.323+0000] {processor.py:925} INFO - DAG(s) 'example_trigger_controller_dag' retrieved from /home/ubuntu/airflow-venv/lib/python3.12/site-packages/airflow/example_dags/example_trigger_controller_dag.py
[2026-02-25T12:44:52.331+0000] {logging_mixin.py:190} INFO - [2026-02-25T12:44:52.331+0000] {dag.py:3239} INFO - Sync 1 DAGs
[2026-02-25T12:44:52.412+0000] {logging_mixin.py:190} INFO - [2026-02-25T12:44:52.411+0000] {dag.py:4180} INFO - Setting next_dagrun for example_trigger_controller_dag to 2021-01-01 00:00:00+00:00, run_after=2021-01-01 00:00:00+00:00
[2026-02-25T12:44:52.427+0000] {processor.py:208} INFO - Processing /home/ubuntu/airflow-venv/lib/python3.12/site-packages/airflow/example_dags/example_trigger_controller_dag.py took 0.114 seconds
[2026-02-25T12:45:46.201+0000] {processor.py:186} INFO - Started process (PID=2911) to work on /home/ubuntu/airflow-venv/lib/python3.12/site-packages/airflow/example_dags/example_trigger_controller_dag.py
[2026-02-25T12:45:46.203+0000] {processor.py:914} INFO - Processing file /home/ubuntu/airflow-venv/lib/python3.12/site-packages/airflow/example_dags/example_trigger_controller_dag.py for tasks to queue
[2026-02-25T12:45:46.204+0000] {logging_mixin.py:190} INFO - [2026-02-25T12:45:46.204+0000] {dagbag.py:588} INFO - Filling up the DagBag from /home/ubuntu/airflow-venv/lib/python3.12/site-packages/airflow/example_dags/example_trigger_controller_dag.py
[2026-02-25T12:45:46.209+0000] {processor.py:925} INFO - DAG(s) 'example_trigger_controller_dag' retrieved from /home/ubuntu/airflow-venv/lib/python3.12/site-packages/airflow/example_dags/example_trigger_controller_dag.py
[2026-02-25T12:45:46.218+0000] {logging_mixin.py:190} INFO - [2026-02-25T12:45:46.218+0000] {dag.py:3239} INFO - Sync 1 DAGs
[2026-02-25T12:45:46.230+0000] {logging_mixin.py:190} INFO - [2026-02-25T12:45:46.230+0000] {dag.py:4180} INFO - Setting next_dagrun for example_trigger_controller_dag to 2021-01-01 00:00:00+00:00, run_after=2021-01-01 00:00:00+00:00
[2026-02-25T12:45:46.247+0000] {processor.py:208} INFO - Processing /home/ubuntu/airflow-venv/lib/python3.12/site-packages/airflow/example_dags/example_trigger_controller_dag.py took 0.049 seconds
[2026-02-25T12:46:37.234+0000] {processor.py:186} INFO - Started process (PID=2965) to work on /home/ubuntu/airflow-venv/lib/python3.12/site-packages/airflow/example_dags/example_trigger_controller_dag.py
[2026-02-25T12:46:37.236+0000] {processor.py:914} INFO - Processing file /home/ubuntu/airflow-venv/lib/python3.12/site-packages/airflow/example_dags/example_trigger_controller_dag.py for tasks to queue
[2026-02-25T12:46:37.237+0000] {logging_mixin.py:190} INFO - [2026-02-25T12:46:37.237+0000] {dagbag.py:588} INFO - Filling up the DagBag from /home/ubuntu/airflow-venv/lib/python3.12/site-packages/airflow/example_dags/example_trigger_controller_dag.py
[2026-02-25T12:46:37.241+0000] {processor.py:925} INFO - DAG(s) 'example_trigger_controller_dag' retrieved from /home/ubuntu/airflow-venv/lib/python3.12/site-packages/airflow/example_dags/example_trigger_controller_dag.py
[2026-02-25T12:46:37.251+0000] {logging_mixin.py:190} INFO - [2026-02-25T12:46:37.250+0000] {dag.py:3239} INFO - Sync 1 DAGs
[2026-02-25T12:46:37.262+0000] {logging_mixin.py:190} INFO - [2026-02-25T12:46:37.262+0000] {dag.py:4180} INFO - Setting next_dagrun for example_trigger_controller_dag to 2021-01-01 00:00:00+00:00, run_after=2021-01-01 00:00:00+00:00
[2026-02-25T12:46:37.279+0000] {processor.py:208} INFO - Processing /home/ubuntu/airflow-venv/lib/python3.12/site-packages/airflow/example_dags/example_trigger_controller_dag.py took 0.048 seconds
[2026-02-25T12:47:26.737+0000] {processor.py:186} INFO - Started process (PID=3017) to work on /home/ubuntu/airflow-venv/lib/python3.12/site-packages/airflow/example_dags/example_trigger_controller_dag.py
[2026-02-25T12:47:26.738+0000] {processor.py:914} INFO - Processing file /home/ubuntu/airflow-venv/lib/python3.12/site-packages/airflow/example_dags/example_trigger_controller_dag.py for tasks to queue
[2026-02-25T12:47:26.740+0000] {logging_mixin.py:190} INFO - [2026-02-25T12:47:26.739+0000] {dagbag.py:588} INFO - Filling up the DagBag from /home/ubuntu/airflow-venv/lib/python3.12/site-packages/airflow/example_dags/example_trigger_controller_dag.py
[2026-02-25T12:47:26.744+0000] {processor.py:925} INFO - DAG(s) 'example_trigger_controller_dag' retrieved from /home/ubuntu/airflow-venv/lib/python3.12/site-packages/airflow/example_dags/example_trigger_controller_dag.py
[2026-02-25T12:47:26.753+0000] {logging_mixin.py:190} INFO - [2026-02-25T12:47:26.753+0000] {dag.py:3239} INFO - Sync 1 DAGs
[2026-02-25T12:47:26.765+0000] {logging_mixin.py:190} INFO - [2026-02-25T12:47:26.765+0000] {dag.py:4180} INFO - Setting next_dagrun for example_trigger_controller_dag to 2021-01-01 00:00:00+00:00, run_after=2021-01-01 00:00:00+00:00
[2026-02-25T12:47:26.782+0000] {processor.py:208} INFO - Processing /home/ubuntu/airflow-venv/lib/python3.12/site-packages/airflow/example_dags/example_trigger_controller_dag.py took 0.049 seconds
[2026-02-25T12:48:16.138+0000] {processor.py:186} INFO - Started process (PID=3072) to work on /home/ubuntu/airflow-venv/lib/python3.12/site-packages/airflow/example_dags/example_trigger_controller_dag.py
[2026-02-25T12:48:16.139+0000] {processor.py:914} INFO - Processing file /home/ubuntu/airflow-venv/lib/python3.12/site-packages/airflow/example_dags/example_trigger_controller_dag.py for tasks to queue
[2026-02-25T12:48:16.141+0000] {logging_mixin.py:190} INFO - [2026-02-25T12:48:16.140+0000] {dagbag.py:588} INFO - Filling up the DagBag from /home/ubuntu/airflow-venv/lib/python3.12/site-packages/airflow/example_dags/example_trigger_controller_dag.py
[2026-02-25T12:48:16.145+0000] {processor.py:925} INFO - DAG(s) 'example_trigger_controller_dag' retrieved from /home/ubuntu/airflow-venv/lib/python3.12/site-packages/airflow/example_dags/example_trigger_controller_dag.py
[2026-02-25T12:48:16.154+0000] {logging_mixin.py:190} INFO - [2026-02-25T12:48:16.153+0000] {dag.py:3239} INFO - Sync 1 DAGs
[2026-02-25T12:48:16.165+0000] {logging_mixin.py:190} INFO - [2026-02-25T12:48:16.165+0000] {dag.py:4180} INFO - Setting next_dagrun for example_trigger_controller_dag to 2021-01-01 00:00:00+00:00, run_after=2021-01-01 00:00:00+00:00
[2026-02-25T12:48:16.181+0000] {processor.py:208} INFO - Processing /home/ubuntu/airflow-venv/lib/python3.12/site-packages/airflow/example_dags/example_trigger_controller_dag.py took 0.047 seconds
[2026-02-25T12:49:05.399+0000] {processor.py:186} INFO - Started process (PID=3124) to work on /home/ubuntu/airflow-venv/lib/python3.12/site-packages/airflow/example_dags/example_trigger_controller_dag.py
[2026-02-25T12:49:05.401+0000] {processor.py:914} INFO - Processing file /home/ubuntu/airflow-venv/lib/python3.12/site-packages/airflow/example_dags/example_trigger_controller_dag.py for tasks to queue
[2026-02-25T12:49:05.402+0000] {logging_mixin.py:190} INFO - [2026-02-25T12:49:05.402+0000] {dagbag.py:588} INFO - Filling up the DagBag from /home/ubuntu/airflow-venv/lib/python3.12/site-packages/airflow/example_dags/example_trigger_controller_dag.py
[2026-02-25T12:49:05.406+0000] {processor.py:925} INFO - DAG(s) 'example_trigger_controller_dag' retrieved from /home/ubuntu/airflow-venv/lib/python3.12/site-packages/airflow/example_dags/example_trigger_controller_dag.py
[2026-02-25T12:49:05.415+0000] {logging_mixin.py:190} INFO - [2026-02-25T12:49:05.415+0000] {dag.py:3239} INFO - Sync 1 DAGs
[2026-02-25T12:49:05.427+0000] {logging_mixin.py:190} INFO - [2026-02-25T12:49:05.427+0000] {dag.py:4180} INFO - Setting next_dagrun for example_trigger_controller_dag to 2021-01-01 00:00:00+00:00, run_after=2021-01-01 00:00:00+00:00
[2026-02-25T12:49:05.443+0000] {processor.py:208} INFO - Processing /home/ubuntu/airflow-venv/lib/python3.12/site-packages/airflow/example_dags/example_trigger_controller_dag.py took 0.047 seconds
[2026-02-25T12:49:52.646+0000] {processor.py:186} INFO - Started process (PID=3174) to work on /home/ubuntu/airflow-venv/lib/python3.12/site-packages/airflow/example_dags/example_trigger_controller_dag.py
[2026-02-25T12:49:52.648+0000] {processor.py:914} INFO - Processing file /home/ubuntu/airflow-venv/lib/python3.12/site-packages/airflow/example_dags/example_trigger_controller_dag.py for tasks to queue
[2026-02-25T12:49:52.649+0000] {logging_mixin.py:190} INFO - [2026-02-25T12:49:52.649+0000] {dagbag.py:588} INFO - Filling up the DagBag from /home/ubuntu/airflow-venv/lib/python3.12/site-packages/airflow/example_dags/example_trigger_controller_dag.py
[2026-02-25T12:49:52.653+0000] {processor.py:925} INFO - DAG(s) 'example_trigger_controller_dag' retrieved from /home/ubuntu/airflow-venv/lib/python3.12/site-packages/airflow/example_dags/example_trigger_controller_dag.py
[2026-02-25T12:49:52.662+0000] {logging_mixin.py:190} INFO - [2026-02-25T12:49:52.662+0000] {dag.py:3239} INFO - Sync 1 DAGs
[2026-02-25T12:49:52.673+0000] {logging_mixin.py:190} INFO - [2026-02-25T12:49:52.673+0000] {dag.py:4180} INFO - Setting next_dagrun for example_trigger_controller_dag to 2021-01-01 00:00:00+00:00, run_after=2021-01-01 00:00:00+00:00
[2026-02-25T12:49:52.689+0000] {processor.py:208} INFO - Processing /home/ubuntu/airflow-venv/lib/python3.12/site-packages/airflow/example_dags/example_trigger_controller_dag.py took 0.047 seconds
[2026-02-25T12:50:42.831+0000] {processor.py:186} INFO - Started process (PID=3228) to work on /home/ubuntu/airflow-venv/lib/python3.12/site-packages/airflow/example_dags/example_trigger_controller_dag.py
[2026-02-25T12:50:42.832+0000] {processor.py:914} INFO - Processing file /home/ubuntu/airflow-venv/lib/python3.12/site-packages/airflow/example_dags/example_trigger_controller_dag.py for tasks to queue
[2026-02-25T12:50:42.834+0000] {logging_mixin.py:190} INFO - [2026-02-25T12:50:42.833+0000] {dagbag.py:588} INFO - Filling up the DagBag from /home/ubuntu/airflow-venv/lib/python3.12/site-packages/airflow/example_dags/example_trigger_controller_dag.py
[2026-02-25T12:50:42.838+0000] {processor.py:925} INFO - DAG(s) 'example_trigger_controller_dag' retrieved from /home/ubuntu/airflow-venv/lib/python3.12/site-packages/airflow/example_dags/example_trigger_controller_dag.py
[2026-02-25T12:50:42.847+0000] {logging_mixin.py:190} INFO - [2026-02-25T12:50:42.847+0000] {dag.py:3239} INFO - Sync 1 DAGs
[2026-02-25T12:50:42.858+0000] {logging_mixin.py:190} INFO - [2026-02-25T12:50:42.858+0000] {dag.py:4180} INFO - Setting next_dagrun for example_trigger_controller_dag to 2021-01-01 00:00:00+00:00, run_after=2021-01-01 00:00:00+00:00
[2026-02-25T12:50:42.875+0000] {processor.py:208} INFO - Processing /home/ubuntu/airflow-venv/lib/python3.12/site-packages/airflow/example_dags/example_trigger_controller_dag.py took 0.047 seconds
[2026-02-25T12:51:33.604+0000] {processor.py:186} INFO - Started process (PID=3282) to work on /home/ubuntu/airflow-venv/lib/python3.12/site-packages/airflow/example_dags/example_trigger_controller_dag.py
[2026-02-25T12:51:33.606+0000] {processor.py:914} INFO - Processing file /home/ubuntu/airflow-venv/lib/python3.12/site-packages/airflow/example_dags/example_trigger_controller_dag.py for tasks to queue
[2026-02-25T12:51:33.607+0000] {logging_mixin.py:190} INFO - [2026-02-25T12:51:33.607+0000] {dagbag.py:588} INFO - Filling up the DagBag from /home/ubuntu/airflow-venv/lib/python3.12/site-packages/airflow/example_dags/example_trigger_controller_dag.py
[2026-02-25T12:51:33.611+0000] {processor.py:925} INFO - DAG(s) 'example_trigger_controller_dag' retrieved from /home/ubuntu/airflow-venv/lib/python3.12/site-packages/airflow/example_dags/example_trigger_controller_dag.py
[2026-02-25T12:51:33.620+0000] {logging_mixin.py:190} INFO - [2026-02-25T12:51:33.620+0000] {dag.py:3239} INFO - Sync 1 DAGs
[2026-02-25T12:51:33.632+0000] {logging_mixin.py:190} INFO - [2026-02-25T12:51:33.632+0000] {dag.py:4180} INFO - Setting next_dagrun for example_trigger_controller_dag to 2021-01-01 00:00:00+00:00, run_after=2021-01-01 00:00:00+00:00
[2026-02-25T12:51:33.649+0000] {processor.py:208} INFO - Processing /home/ubuntu/airflow-venv/lib/python3.12/site-packages/airflow/example_dags/example_trigger_controller_dag.py took 0.048 seconds
[2026-02-25T12:52:21.531+0000] {processor.py:186} INFO - Started process (PID=3336) to work on /home/ubuntu/airflow-venv/lib/python3.12/site-packages/airflow/example_dags/example_trigger_controller_dag.py
[2026-02-25T12:52:21.533+0000] {processor.py:914} INFO - Processing file /home/ubuntu/airflow-venv/lib/python3.12/site-packages/airflow/example_dags/example_trigger_controller_dag.py for tasks to queue
[2026-02-25T12:52:21.534+0000] {logging_mixin.py:190} INFO - [2026-02-25T12:52:21.534+0000] {dagbag.py:588} INFO - Filling up the DagBag from /home/ubuntu/airflow-venv/lib/python3.12/site-packages/airflow/example_dags/example_trigger_controller_dag.py
[2026-02-25T12:52:21.539+0000] {processor.py:925} INFO - DAG(s) 'example_trigger_controller_dag' retrieved from /home/ubuntu/airflow-venv/lib/python3.12/site-packages/airflow/example_dags/example_trigger_controller_dag.py
[2026-02-25T12:52:21.548+0000] {logging_mixin.py:190} INFO - [2026-02-25T12:52:21.547+0000] {dag.py:3239} INFO - Sync 1 DAGs
[2026-02-25T12:52:21.559+0000] {logging_mixin.py:190} INFO - [2026-02-25T12:52:21.559+0000] {dag.py:4180} INFO - Setting next_dagrun for example_trigger_controller_dag to 2021-01-01 00:00:00+00:00, run_after=2021-01-01 00:00:00+00:00
[2026-02-25T12:52:21.575+0000] {processor.py:208} INFO - Processing /home/ubuntu/airflow-venv/lib/python3.12/site-packages/airflow/example_dags/example_trigger_controller_dag.py took 0.047 seconds
[2026-02-25T12:53:10.499+0000] {processor.py:186} INFO - Started process (PID=3396) to work on /home/ubuntu/airflow-venv/lib/python3.12/site-packages/airflow/example_dags/example_trigger_controller_dag.py
[2026-02-25T12:53:10.500+0000] {processor.py:914} INFO - Processing file /home/ubuntu/airflow-venv/lib/python3.12/site-packages/airflow/example_dags/example_trigger_controller_dag.py for tasks to queue
[2026-02-25T12:53:10.502+0000] {logging_mixin.py:190} INFO - [2026-02-25T12:53:10.501+0000] {dagbag.py:588} INFO - Filling up the DagBag from /home/ubuntu/airflow-venv/lib/python3.12/site-packages/airflow/example_dags/example_trigger_controller_dag.py
[2026-02-25T12:53:10.506+0000] {processor.py:925} INFO - DAG(s) 'example_trigger_controller_dag' retrieved from /home/ubuntu/airflow-venv/lib/python3.12/site-packages/airflow/example_dags/example_trigger_controller_dag.py
[2026-02-25T12:53:10.515+0000] {logging_mixin.py:190} INFO - [2026-02-25T12:53:10.515+0000] {dag.py:3239} INFO - Sync 1 DAGs
[2026-02-25T12:53:10.527+0000] {logging_mixin.py:190} INFO - [2026-02-25T12:53:10.527+0000] {dag.py:4180} INFO - Setting next_dagrun for example_trigger_controller_dag to 2021-01-01 00:00:00+00:00, run_after=2021-01-01 00:00:00+00:00
[2026-02-25T12:53:10.543+0000] {processor.py:208} INFO - Processing /home/ubuntu/airflow-venv/lib/python3.12/site-packages/airflow/example_dags/example_trigger_controller_dag.py took 0.047 seconds
[2026-02-25T12:54:00.440+0000] {processor.py:186} INFO - Started process (PID=3449) to work on /home/ubuntu/airflow-venv/lib/python3.12/site-packages/airflow/example_dags/example_trigger_controller_dag.py
[2026-02-25T12:54:00.442+0000] {processor.py:914} INFO - Processing file /home/ubuntu/airflow-venv/lib/python3.12/site-packages/airflow/example_dags/example_trigger_controller_dag.py for tasks to queue
[2026-02-25T12:54:00.443+0000] {logging_mixin.py:190} INFO - [2026-02-25T12:54:00.443+0000] {dagbag.py:588} INFO - Filling up the DagBag from /home/ubuntu/airflow-venv/lib/python3.12/site-packages/airflow/example_dags/example_trigger_controller_dag.py
[2026-02-25T12:54:00.448+0000] {processor.py:925} INFO - DAG(s) 'example_trigger_controller_dag' retrieved from /home/ubuntu/airflow-venv/lib/python3.12/site-packages/airflow/example_dags/example_trigger_controller_dag.py
[2026-02-25T12:54:00.456+0000] {logging_mixin.py:190} INFO - [2026-02-25T12:54:00.456+0000] {dag.py:3239} INFO - Sync 1 DAGs
[2026-02-25T12:54:00.468+0000] {logging_mixin.py:190} INFO - [2026-02-25T12:54:00.468+0000] {dag.py:4180} INFO - Setting next_dagrun for example_trigger_controller_dag to 2021-01-01 00:00:00+00:00, run_after=2021-01-01 00:00:00+00:00
[2026-02-25T12:54:00.484+0000] {processor.py:208} INFO - Processing /home/ubuntu/airflow-venv/lib/python3.12/site-packages/airflow/example_dags/example_trigger_controller_dag.py took 0.047 seconds
[2026-02-25T12:54:49.209+0000] {processor.py:186} INFO - Started process (PID=3500) to work on /home/ubuntu/airflow-venv/lib/python3.12/site-packages/airflow/example_dags/example_trigger_controller_dag.py
[2026-02-25T12:54:49.210+0000] {processor.py:914} INFO - Processing file /home/ubuntu/airflow-venv/lib/python3.12/site-packages/airflow/example_dags/example_trigger_controller_dag.py for tasks to queue
[2026-02-25T12:54:49.212+0000] {logging_mixin.py:190} INFO - [2026-02-25T12:54:49.211+0000] {dagbag.py:588} INFO - Filling up the DagBag from /home/ubuntu/airflow-venv/lib/python3.12/site-packages/airflow/example_dags/example_trigger_controller_dag.py
[2026-02-25T12:54:49.216+0000] {processor.py:925} INFO - DAG(s) 'example_trigger_controller_dag' retrieved from /home/ubuntu/airflow-venv/lib/python3.12/site-packages/airflow/example_dags/example_trigger_controller_dag.py
[2026-02-25T12:54:49.225+0000] {logging_mixin.py:190} INFO - [2026-02-25T12:54:49.225+0000] {dag.py:3239} INFO - Sync 1 DAGs
[2026-02-25T12:54:49.236+0000] {logging_mixin.py:190} INFO - [2026-02-25T12:54:49.236+0000] {dag.py:4180} INFO - Setting next_dagrun for example_trigger_controller_dag to 2021-01-01 00:00:00+00:00, run_after=2021-01-01 00:00:00+00:00
[2026-02-25T12:54:49.253+0000] {processor.py:208} INFO - Processing /home/ubuntu/airflow-venv/lib/python3.12/site-packages/airflow/example_dags/example_trigger_controller_dag.py took 0.048 seconds
[2026-02-25T12:55:36.866+0000] {processor.py:186} INFO - Started process (PID=3556) to work on /home/ubuntu/airflow-venv/lib/python3.12/site-packages/airflow/example_dags/example_trigger_controller_dag.py
[2026-02-25T12:55:36.867+0000] {processor.py:914} INFO - Processing file /home/ubuntu/airflow-venv/lib/python3.12/site-packages/airflow/example_dags/example_trigger_controller_dag.py for tasks to queue
[2026-02-25T12:55:36.869+0000] {logging_mixin.py:190} INFO - [2026-02-25T12:55:36.868+0000] {dagbag.py:588} INFO - Filling up the DagBag from /home/ubuntu/airflow-venv/lib/python3.12/site-packages/airflow/example_dags/example_trigger_controller_dag.py
[2026-02-25T12:55:36.873+0000] {processor.py:925} INFO - DAG(s) 'example_trigger_controller_dag' retrieved from /home/ubuntu/airflow-venv/lib/python3.12/site-packages/airflow/example_dags/example_trigger_controller_dag.py
[2026-02-25T12:55:36.882+0000] {logging_mixin.py:190} INFO - [2026-02-25T12:55:36.882+0000] {dag.py:3239} INFO - Sync 1 DAGs
[2026-02-25T12:55:36.893+0000] {logging_mixin.py:190} INFO - [2026-02-25T12:55:36.893+0000] {dag.py:4180} INFO - Setting next_dagrun for example_trigger_controller_dag to 2021-01-01 00:00:00+00:00, run_after=2021-01-01 00:00:00+00:00
[2026-02-25T12:55:36.910+0000] {processor.py:208} INFO - Processing /home/ubuntu/airflow-venv/lib/python3.12/site-packages/airflow/example_dags/example_trigger_controller_dag.py took 0.047 seconds
[2026-02-25T12:56:27.070+0000] {processor.py:186} INFO - Started process (PID=3607) to work on /home/ubuntu/airflow-venv/lib/python3.12/site-packages/airflow/example_dags/example_trigger_controller_dag.py
[2026-02-25T12:56:27.072+0000] {processor.py:914} INFO - Processing file /home/ubuntu/airflow-venv/lib/python3.12/site-packages/airflow/example_dags/example_trigger_controller_dag.py for tasks to queue
[2026-02-25T12:56:27.073+0000] {logging_mixin.py:190} INFO - [2026-02-25T12:56:27.073+0000] {dagbag.py:588} INFO - Filling up the DagBag from /home/ubuntu/airflow-venv/lib/python3.12/site-packages/airflow/example_dags/example_trigger_controller_dag.py
[2026-02-25T12:56:27.077+0000] {processor.py:925} INFO - DAG(s) 'example_trigger_controller_dag' retrieved from /home/ubuntu/airflow-venv/lib/python3.12/site-packages/airflow/example_dags/example_trigger_controller_dag.py
[2026-02-25T12:56:27.086+0000] {logging_mixin.py:190} INFO - [2026-02-25T12:56:27.086+0000] {dag.py:3239} INFO - Sync 1 DAGs
[2026-02-25T12:56:27.098+0000] {logging_mixin.py:190} INFO - [2026-02-25T12:56:27.098+0000] {dag.py:4180} INFO - Setting next_dagrun for example_trigger_controller_dag to 2021-01-01 00:00:00+00:00, run_after=2021-01-01 00:00:00+00:00
[2026-02-25T12:56:27.114+0000] {processor.py:208} INFO - Processing /home/ubuntu/airflow-venv/lib/python3.12/site-packages/airflow/example_dags/example_trigger_controller_dag.py took 0.048 seconds
[2026-02-25T12:57:18.946+0000] {processor.py:186} INFO - Started process (PID=3660) to work on /home/ubuntu/airflow-venv/lib/python3.12/site-packages/airflow/example_dags/example_trigger_controller_dag.py
[2026-02-25T12:57:18.947+0000] {processor.py:914} INFO - Processing file /home/ubuntu/airflow-venv/lib/python3.12/site-packages/airflow/example_dags/example_trigger_controller_dag.py for tasks to queue
[2026-02-25T12:57:18.949+0000] {logging_mixin.py:190} INFO - [2026-02-25T12:57:18.948+0000] {dagbag.py:588} INFO - Filling up the DagBag from /home/ubuntu/airflow-venv/lib/python3.12/site-packages/airflow/example_dags/example_trigger_controller_dag.py
[2026-02-25T12:57:18.953+0000] {processor.py:925} INFO - DAG(s) 'example_trigger_controller_dag' retrieved from /home/ubuntu/airflow-venv/lib/python3.12/site-packages/airflow/example_dags/example_trigger_controller_dag.py
[2026-02-25T12:57:18.962+0000] {logging_mixin.py:190} INFO - [2026-02-25T12:57:18.962+0000] {dag.py:3239} INFO - Sync 1 DAGs
[2026-02-25T12:57:18.974+0000] {logging_mixin.py:190} INFO - [2026-02-25T12:57:18.974+0000] {dag.py:4180} INFO - Setting next_dagrun for example_trigger_controller_dag to 2021-01-01 00:00:00+00:00, run_after=2021-01-01 00:00:00+00:00
[2026-02-25T12:57:18.991+0000] {processor.py:208} INFO - Processing /home/ubuntu/airflow-venv/lib/python3.12/site-packages/airflow/example_dags/example_trigger_controller_dag.py took 0.048 seconds
[2026-02-25T12:58:10.900+0000] {processor.py:186} INFO - Started process (PID=3716) to work on /home/ubuntu/airflow-venv/lib/python3.12/site-packages/airflow/example_dags/example_trigger_controller_dag.py
[2026-02-25T12:58:10.901+0000] {processor.py:914} INFO - Processing file /home/ubuntu/airflow-venv/lib/python3.12/site-packages/airflow/example_dags/example_trigger_controller_dag.py for tasks to queue
[2026-02-25T12:58:10.903+0000] {logging_mixin.py:190} INFO - [2026-02-25T12:58:10.902+0000] {dagbag.py:588} INFO - Filling up the DagBag from /home/ubuntu/airflow-venv/lib/python3.12/site-packages/airflow/example_dags/example_trigger_controller_dag.py
[2026-02-25T12:58:10.907+0000] {processor.py:925} INFO - DAG(s) 'example_trigger_controller_dag' retrieved from /home/ubuntu/airflow-venv/lib/python3.12/site-packages/airflow/example_dags/example_trigger_controller_dag.py
[2026-02-25T12:58:10.916+0000] {logging_mixin.py:190} INFO - [2026-02-25T12:58:10.916+0000] {dag.py:3239} INFO - Sync 1 DAGs
[2026-02-25T12:58:10.927+0000] {logging_mixin.py:190} INFO - [2026-02-25T12:58:10.927+0000] {dag.py:4180} INFO - Setting next_dagrun for example_trigger_controller_dag to 2021-01-01 00:00:00+00:00, run_after=2021-01-01 00:00:00+00:00
[2026-02-25T12:58:10.944+0000] {processor.py:208} INFO - Processing /home/ubuntu/airflow-venv/lib/python3.12/site-packages/airflow/example_dags/example_trigger_controller_dag.py took 0.047 seconds
[2026-02-25T12:58:59.373+0000] {processor.py:186} INFO - Started process (PID=3766) to work on /home/ubuntu/airflow-venv/lib/python3.12/site-packages/airflow/example_dags/example_trigger_controller_dag.py
[2026-02-25T12:58:59.375+0000] {processor.py:914} INFO - Processing file /home/ubuntu/airflow-venv/lib/python3.12/site-packages/airflow/example_dags/example_trigger_controller_dag.py for tasks to queue
[2026-02-25T12:58:59.376+0000] {logging_mixin.py:190} INFO - [2026-02-25T12:58:59.376+0000] {dagbag.py:588} INFO - Filling up the DagBag from /home/ubuntu/airflow-venv/lib/python3.12/site-packages/airflow/example_dags/example_trigger_controller_dag.py
[2026-02-25T12:58:59.381+0000] {processor.py:925} INFO - DAG(s) 'example_trigger_controller_dag' retrieved from /home/ubuntu/airflow-venv/lib/python3.12/site-packages/airflow/example_dags/example_trigger_controller_dag.py
[2026-02-25T12:58:59.390+0000] {logging_mixin.py:190} INFO - [2026-02-25T12:58:59.390+0000] {dag.py:3239} INFO - Sync 1 DAGs
[2026-02-25T12:58:59.402+0000] {logging_mixin.py:190} INFO - [2026-02-25T12:58:59.401+0000] {dag.py:4180} INFO - Setting next_dagrun for example_trigger_controller_dag to 2021-01-01 00:00:00+00:00, run_after=2021-01-01 00:00:00+00:00
[2026-02-25T12:58:59.418+0000] {processor.py:208} INFO - Processing /home/ubuntu/airflow-venv/lib/python3.12/site-packages/airflow/example_dags/example_trigger_controller_dag.py took 0.049 seconds
[2026-02-25T12:59:50.707+0000] {processor.py:186} INFO - Started process (PID=3821) to work on /home/ubuntu/airflow-venv/lib/python3.12/site-packages/airflow/example_dags/example_trigger_controller_dag.py
[2026-02-25T12:59:50.709+0000] {processor.py:914} INFO - Processing file /home/ubuntu/airflow-venv/lib/python3.12/site-packages/airflow/example_dags/example_trigger_controller_dag.py for tasks to queue
[2026-02-25T12:59:50.710+0000] {logging_mixin.py:190} INFO - [2026-02-25T12:59:50.710+0000] {dagbag.py:588} INFO - Filling up the DagBag from /home/ubuntu/airflow-venv/lib/python3.12/site-packages/airflow/example_dags/example_trigger_controller_dag.py
[2026-02-25T12:59:50.714+0000] {processor.py:925} INFO - DAG(s) 'example_trigger_controller_dag' retrieved from /home/ubuntu/airflow-venv/lib/python3.12/site-packages/airflow/example_dags/example_trigger_controller_dag.py
[2026-02-25T12:59:50.723+0000] {logging_mixin.py:190} INFO - [2026-02-25T12:59:50.723+0000] {dag.py:3239} INFO - Sync 1 DAGs
[2026-02-25T12:59:50.735+0000] {logging_mixin.py:190} INFO - [2026-02-25T12:59:50.735+0000] {dag.py:4180} INFO - Setting next_dagrun for example_trigger_controller_dag to 2021-01-01 00:00:00+00:00, run_after=2021-01-01 00:00:00+00:00
[2026-02-25T12:59:50.753+0000] {processor.py:208} INFO - Processing /home/ubuntu/airflow-venv/lib/python3.12/site-packages/airflow/example_dags/example_trigger_controller_dag.py took 0.049 seconds
[2026-02-25T13:00:37.850+0000] {processor.py:186} INFO - Started process (PID=3876) to work on /home/ubuntu/airflow-venv/lib/python3.12/site-packages/airflow/example_dags/example_trigger_controller_dag.py
[2026-02-25T13:00:37.852+0000] {processor.py:914} INFO - Processing file /home/ubuntu/airflow-venv/lib/python3.12/site-packages/airflow/example_dags/example_trigger_controller_dag.py for tasks to queue
[2026-02-25T13:00:37.854+0000] {logging_mixin.py:190} INFO - [2026-02-25T13:00:37.853+0000] {dagbag.py:588} INFO - Filling up the DagBag from /home/ubuntu/airflow-venv/lib/python3.12/site-packages/airflow/example_dags/example_trigger_controller_dag.py
[2026-02-25T13:00:37.858+0000] {processor.py:925} INFO - DAG(s) 'example_trigger_controller_dag' retrieved from /home/ubuntu/airflow-venv/lib/python3.12/site-packages/airflow/example_dags/example_trigger_controller_dag.py
[2026-02-25T13:00:37.867+0000] {logging_mixin.py:190} INFO - [2026-02-25T13:00:37.867+0000] {dag.py:3239} INFO - Sync 1 DAGs
[2026-02-25T13:00:37.879+0000] {logging_mixin.py:190} INFO - [2026-02-25T13:00:37.879+0000] {dag.py:4180} INFO - Setting next_dagrun for example_trigger_controller_dag to 2021-01-01 00:00:00+00:00, run_after=2021-01-01 00:00:00+00:00
[2026-02-25T13:00:37.895+0000] {processor.py:208} INFO - Processing /home/ubuntu/airflow-venv/lib/python3.12/site-packages/airflow/example_dags/example_trigger_controller_dag.py took 0.048 seconds
[2026-02-25T13:01:25.777+0000] {processor.py:186} INFO - Started process (PID=3926) to work on /home/ubuntu/airflow-venv/lib/python3.12/site-packages/airflow/example_dags/example_trigger_controller_dag.py
[2026-02-25T13:01:25.778+0000] {processor.py:914} INFO - Processing file /home/ubuntu/airflow-venv/lib/python3.12/site-packages/airflow/example_dags/example_trigger_controller_dag.py for tasks to queue
[2026-02-25T13:01:25.779+0000] {logging_mixin.py:190} INFO - [2026-02-25T13:01:25.779+0000] {dagbag.py:588} INFO - Filling up the DagBag from /home/ubuntu/airflow-venv/lib/python3.12/site-packages/airflow/example_dags/example_trigger_controller_dag.py
[2026-02-25T13:01:25.784+0000] {processor.py:925} INFO - DAG(s) 'example_trigger_controller_dag' retrieved from /home/ubuntu/airflow-venv/lib/python3.12/site-packages/airflow/example_dags/example_trigger_controller_dag.py
[2026-02-25T13:01:25.793+0000] {logging_mixin.py:190} INFO - [2026-02-25T13:01:25.793+0000] {dag.py:3239} INFO - Sync 1 DAGs
[2026-02-25T13:01:25.804+0000] {logging_mixin.py:190} INFO - [2026-02-25T13:01:25.804+0000] {dag.py:4180} INFO - Setting next_dagrun for example_trigger_controller_dag to 2021-01-01 00:00:00+00:00, run_after=2021-01-01 00:00:00+00:00
[2026-02-25T13:01:25.821+0000] {processor.py:208} INFO - Processing /home/ubuntu/airflow-venv/lib/python3.12/site-packages/airflow/example_dags/example_trigger_controller_dag.py took 0.047 seconds
[2026-02-25T13:02:34.013+0000] {processor.py:186} INFO - Started process (PID=3970) to work on /home/ubuntu/airflow-venv/lib/python3.12/site-packages/airflow/example_dags/example_trigger_controller_dag.py
[2026-02-25T13:02:34.014+0000] {processor.py:914} INFO - Processing file /home/ubuntu/airflow-venv/lib/python3.12/site-packages/airflow/example_dags/example_trigger_controller_dag.py for tasks to queue
[2026-02-25T13:02:34.015+0000] {logging_mixin.py:190} INFO - [2026-02-25T13:02:34.015+0000] {dagbag.py:588} INFO - Filling up the DagBag from /home/ubuntu/airflow-venv/lib/python3.12/site-packages/airflow/example_dags/example_trigger_controller_dag.py
[2026-02-25T13:02:34.019+0000] {processor.py:925} INFO - DAG(s) 'example_trigger_controller_dag' retrieved from /home/ubuntu/airflow-venv/lib/python3.12/site-packages/airflow/example_dags/example_trigger_controller_dag.py
[2026-02-25T13:02:34.084+0000] {logging_mixin.py:190} INFO - [2026-02-25T13:02:34.084+0000] {override.py:1900} INFO - Created Permission View: can delete on DAG:example_trigger_controller_dag
[2026-02-25T13:02:34.094+0000] {logging_mixin.py:190} INFO - [2026-02-25T13:02:34.094+0000] {override.py:1900} INFO - Created Permission View: can read on DAG:example_trigger_controller_dag
[2026-02-25T13:02:34.102+0000] {logging_mixin.py:190} INFO - [2026-02-25T13:02:34.101+0000] {override.py:1900} INFO - Created Permission View: can edit on DAG:example_trigger_controller_dag
[2026-02-25T13:02:34.115+0000] {logging_mixin.py:190} INFO - [2026-02-25T13:02:34.115+0000] {override.py:1900} INFO - Created Permission View: can create on DAG Run:example_trigger_controller_dag
[2026-02-25T13:02:34.123+0000] {logging_mixin.py:190} INFO - [2026-02-25T13:02:34.123+0000] {override.py:1900} INFO - Created Permission View: can delete on DAG Run:example_trigger_controller_dag
[2026-02-25T13:02:34.131+0000] {logging_mixin.py:190} INFO - [2026-02-25T13:02:34.131+0000] {override.py:1900} INFO - Created Permission View: can read on DAG Run:example_trigger_controller_dag
[2026-02-25T13:02:34.139+0000] {logging_mixin.py:190} INFO - [2026-02-25T13:02:34.139+0000] {override.py:1900} INFO - Created Permission View: menu access on DAG Run:example_trigger_controller_dag
[2026-02-25T13:02:34.139+0000] {logging_mixin.py:190} INFO - [2026-02-25T13:02:34.139+0000] {dag.py:3239} INFO - Sync 1 DAGs
[2026-02-25T13:02:34.146+0000] {logging_mixin.py:190} INFO - [2026-02-25T13:02:34.146+0000] {dag.py:3262} INFO - Creating ORM DAG for example_trigger_controller_dag
[2026-02-25T13:02:34.151+0000] {logging_mixin.py:190} INFO - [2026-02-25T13:02:34.151+0000] {dag.py:4180} INFO - Setting next_dagrun for example_trigger_controller_dag to 2021-01-01 00:00:00+00:00, run_after=2021-01-01 00:00:00+00:00
[2026-02-25T13:02:34.167+0000] {processor.py:208} INFO - Processing /home/ubuntu/airflow-venv/lib/python3.12/site-packages/airflow/example_dags/example_trigger_controller_dag.py took 0.158 seconds
[2026-02-25T13:03:33.457+0000] {processor.py:186} INFO - Started process (PID=4031) to work on /home/ubuntu/airflow-venv/lib/python3.12/site-packages/airflow/example_dags/example_trigger_controller_dag.py
[2026-02-25T13:03:33.458+0000] {processor.py:914} INFO - Processing file /home/ubuntu/airflow-venv/lib/python3.12/site-packages/airflow/example_dags/example_trigger_controller_dag.py for tasks to queue
[2026-02-25T13:03:33.460+0000] {logging_mixin.py:190} INFO - [2026-02-25T13:03:33.460+0000] {dagbag.py:588} INFO - Filling up the DagBag from /home/ubuntu/airflow-venv/lib/python3.12/site-packages/airflow/example_dags/example_trigger_controller_dag.py
[2026-02-25T13:03:33.464+0000] {processor.py:925} INFO - DAG(s) 'example_trigger_controller_dag' retrieved from /home/ubuntu/airflow-venv/lib/python3.12/site-packages/airflow/example_dags/example_trigger_controller_dag.py
[2026-02-25T13:03:33.473+0000] {logging_mixin.py:190} INFO - [2026-02-25T13:03:33.473+0000] {dag.py:3239} INFO - Sync 1 DAGs
[2026-02-25T13:03:33.485+0000] {logging_mixin.py:190} INFO - [2026-02-25T13:03:33.484+0000] {dag.py:4180} INFO - Setting next_dagrun for example_trigger_controller_dag to 2021-01-01 00:00:00+00:00, run_after=2021-01-01 00:00:00+00:00
[2026-02-25T13:03:33.500+0000] {processor.py:208} INFO - Processing /home/ubuntu/airflow-venv/lib/python3.12/site-packages/airflow/example_dags/example_trigger_controller_dag.py took 0.047 seconds
[2026-02-25T13:04:23.564+0000] {processor.py:186} INFO - Started process (PID=4085) to work on /home/ubuntu/airflow-venv/lib/python3.12/site-packages/airflow/example_dags/example_trigger_controller_dag.py
[2026-02-25T13:04:23.566+0000] {processor.py:914} INFO - Processing file /home/ubuntu/airflow-venv/lib/python3.12/site-packages/airflow/example_dags/example_trigger_controller_dag.py for tasks to queue
[2026-02-25T13:04:23.567+0000] {logging_mixin.py:190} INFO - [2026-02-25T13:04:23.567+0000] {dagbag.py:588} INFO - Filling up the DagBag from /home/ubuntu/airflow-venv/lib/python3.12/site-packages/airflow/example_dags/example_trigger_controller_dag.py
[2026-02-25T13:04:23.571+0000] {processor.py:925} INFO - DAG(s) 'example_trigger_controller_dag' retrieved from /home/ubuntu/airflow-venv/lib/python3.12/site-packages/airflow/example_dags/example_trigger_controller_dag.py
[2026-02-25T13:04:23.580+0000] {logging_mixin.py:190} INFO - [2026-02-25T13:04:23.580+0000] {dag.py:3239} INFO - Sync 1 DAGs
[2026-02-25T13:04:23.591+0000] {logging_mixin.py:190} INFO - [2026-02-25T13:04:23.591+0000] {dag.py:4180} INFO - Setting next_dagrun for example_trigger_controller_dag to 2021-01-01 00:00:00+00:00, run_after=2021-01-01 00:00:00+00:00
[2026-02-25T13:04:23.607+0000] {processor.py:208} INFO - Processing /home/ubuntu/airflow-venv/lib/python3.12/site-packages/airflow/example_dags/example_trigger_controller_dag.py took 0.046 seconds
[2026-02-25T13:05:26.350+0000] {processor.py:186} INFO - Started process (PID=4142) to work on /home/ubuntu/airflow-venv/lib/python3.12/site-packages/airflow/example_dags/example_trigger_controller_dag.py
[2026-02-25T13:05:26.352+0000] {processor.py:914} INFO - Processing file /home/ubuntu/airflow-venv/lib/python3.12/site-packages/airflow/example_dags/example_trigger_controller_dag.py for tasks to queue
[2026-02-25T13:05:26.353+0000] {logging_mixin.py:190} INFO - [2026-02-25T13:05:26.353+0000] {dagbag.py:588} INFO - Filling up the DagBag from /home/ubuntu/airflow-venv/lib/python3.12/site-packages/airflow/example_dags/example_trigger_controller_dag.py
[2026-02-25T13:05:26.357+0000] {processor.py:925} INFO - DAG(s) 'example_trigger_controller_dag' retrieved from /home/ubuntu/airflow-venv/lib/python3.12/site-packages/airflow/example_dags/example_trigger_controller_dag.py
[2026-02-25T13:05:26.367+0000] {logging_mixin.py:190} INFO - [2026-02-25T13:05:26.367+0000] {dag.py:3239} INFO - Sync 1 DAGs
[2026-02-25T13:05:26.380+0000] {logging_mixin.py:190} INFO - [2026-02-25T13:05:26.380+0000] {dag.py:4180} INFO - Setting next_dagrun for example_trigger_controller_dag to 2021-01-01 00:00:00+00:00, run_after=2021-01-01 00:00:00+00:00
[2026-02-25T13:05:26.396+0000] {processor.py:208} INFO - Processing /home/ubuntu/airflow-venv/lib/python3.12/site-packages/airflow/example_dags/example_trigger_controller_dag.py took 0.049 seconds
[2026-02-25T13:09:09.881+0000] {processor.py:186} INFO - Started process (PID=2094) to work on /home/ubuntu/airflow-venv/lib/python3.12/site-packages/airflow/example_dags/example_trigger_controller_dag.py
[2026-02-25T13:09:09.883+0000] {processor.py:914} INFO - Processing file /home/ubuntu/airflow-venv/lib/python3.12/site-packages/airflow/example_dags/example_trigger_controller_dag.py for tasks to queue
[2026-02-25T13:09:09.884+0000] {logging_mixin.py:190} INFO - [2026-02-25T13:09:09.884+0000] {dagbag.py:588} INFO - Filling up the DagBag from /home/ubuntu/airflow-venv/lib/python3.12/site-packages/airflow/example_dags/example_trigger_controller_dag.py
[2026-02-25T13:09:09.889+0000] {processor.py:925} INFO - DAG(s) 'example_trigger_controller_dag' retrieved from /home/ubuntu/airflow-venv/lib/python3.12/site-packages/airflow/example_dags/example_trigger_controller_dag.py
[2026-02-25T13:09:09.900+0000] {logging_mixin.py:190} INFO - [2026-02-25T13:09:09.900+0000] {dag.py:3239} INFO - Sync 1 DAGs
[2026-02-25T13:09:09.913+0000] {logging_mixin.py:190} INFO - [2026-02-25T13:09:09.913+0000] {dag.py:4180} INFO - Setting next_dagrun for example_trigger_controller_dag to 2021-01-01 00:00:00+00:00, run_after=2021-01-01 00:00:00+00:00
[2026-02-25T13:09:09.929+0000] {processor.py:208} INFO - Processing /home/ubuntu/airflow-venv/lib/python3.12/site-packages/airflow/example_dags/example_trigger_controller_dag.py took 0.052 seconds
[2026-02-25T13:10:03.039+0000] {processor.py:186} INFO - Started process (PID=2172) to work on /home/ubuntu/airflow-venv/lib/python3.12/site-packages/airflow/example_dags/example_trigger_controller_dag.py
[2026-02-25T13:10:03.040+0000] {processor.py:914} INFO - Processing file /home/ubuntu/airflow-venv/lib/python3.12/site-packages/airflow/example_dags/example_trigger_controller_dag.py for tasks to queue
[2026-02-25T13:10:03.042+0000] {logging_mixin.py:190} INFO - [2026-02-25T13:10:03.041+0000] {dagbag.py:588} INFO - Filling up the DagBag from /home/ubuntu/airflow-venv/lib/python3.12/site-packages/airflow/example_dags/example_trigger_controller_dag.py
[2026-02-25T13:10:03.046+0000] {processor.py:925} INFO - DAG(s) 'example_trigger_controller_dag' retrieved from /home/ubuntu/airflow-venv/lib/python3.12/site-packages/airflow/example_dags/example_trigger_controller_dag.py
[2026-02-25T13:10:03.056+0000] {logging_mixin.py:190} INFO - [2026-02-25T13:10:03.056+0000] {dag.py:3239} INFO - Sync 1 DAGs
[2026-02-25T13:10:03.068+0000] {logging_mixin.py:190} INFO - [2026-02-25T13:10:03.068+0000] {dag.py:4180} INFO - Setting next_dagrun for example_trigger_controller_dag to 2021-01-01 00:00:00+00:00, run_after=2021-01-01 00:00:00+00:00
[2026-02-25T13:10:03.085+0000] {processor.py:208} INFO - Processing /home/ubuntu/airflow-venv/lib/python3.12/site-packages/airflow/example_dags/example_trigger_controller_dag.py took 0.050 seconds
[2026-02-25T13:10:52.621+0000] {processor.py:186} INFO - Started process (PID=2226) to work on /home/ubuntu/airflow-venv/lib/python3.12/site-packages/airflow/example_dags/example_trigger_controller_dag.py
[2026-02-25T13:10:52.622+0000] {processor.py:914} INFO - Processing file /home/ubuntu/airflow-venv/lib/python3.12/site-packages/airflow/example_dags/example_trigger_controller_dag.py for tasks to queue
[2026-02-25T13:10:52.624+0000] {logging_mixin.py:190} INFO - [2026-02-25T13:10:52.624+0000] {dagbag.py:588} INFO - Filling up the DagBag from /home/ubuntu/airflow-venv/lib/python3.12/site-packages/airflow/example_dags/example_trigger_controller_dag.py
[2026-02-25T13:10:52.628+0000] {processor.py:925} INFO - DAG(s) 'example_trigger_controller_dag' retrieved from /home/ubuntu/airflow-venv/lib/python3.12/site-packages/airflow/example_dags/example_trigger_controller_dag.py
[2026-02-25T13:10:52.639+0000] {logging_mixin.py:190} INFO - [2026-02-25T13:10:52.638+0000] {dag.py:3239} INFO - Sync 1 DAGs
[2026-02-25T13:10:52.651+0000] {logging_mixin.py:190} INFO - [2026-02-25T13:10:52.651+0000] {dag.py:4180} INFO - Setting next_dagrun for example_trigger_controller_dag to 2021-01-01 00:00:00+00:00, run_after=2021-01-01 00:00:00+00:00
[2026-02-25T13:10:52.669+0000] {processor.py:208} INFO - Processing /home/ubuntu/airflow-venv/lib/python3.12/site-packages/airflow/example_dags/example_trigger_controller_dag.py took 0.052 seconds
[2026-02-25T13:15:21.202+0000] {processor.py:186} INFO - Started process (PID=3048) to work on /home/ubuntu/airflow-venv/lib/python3.12/site-packages/airflow/example_dags/example_trigger_controller_dag.py
[2026-02-25T13:15:21.203+0000] {processor.py:914} INFO - Processing file /home/ubuntu/airflow-venv/lib/python3.12/site-packages/airflow/example_dags/example_trigger_controller_dag.py for tasks to queue
[2026-02-25T13:15:21.205+0000] {logging_mixin.py:190} INFO - [2026-02-25T13:15:21.205+0000] {dagbag.py:588} INFO - Filling up the DagBag from /home/ubuntu/airflow-venv/lib/python3.12/site-packages/airflow/example_dags/example_trigger_controller_dag.py
[2026-02-25T13:15:21.209+0000] {processor.py:925} INFO - DAG(s) 'example_trigger_controller_dag' retrieved from /home/ubuntu/airflow-venv/lib/python3.12/site-packages/airflow/example_dags/example_trigger_controller_dag.py
[2026-02-25T13:15:21.220+0000] {logging_mixin.py:190} INFO - [2026-02-25T13:15:21.220+0000] {dag.py:3239} INFO - Sync 1 DAGs
[2026-02-25T13:15:21.234+0000] {logging_mixin.py:190} INFO - [2026-02-25T13:15:21.234+0000] {dag.py:4180} INFO - Setting next_dagrun for example_trigger_controller_dag to 2021-01-01 00:00:00+00:00, run_after=2021-01-01 00:00:00+00:00
[2026-02-25T13:15:21.251+0000] {processor.py:208} INFO - Processing /home/ubuntu/airflow-venv/lib/python3.12/site-packages/airflow/example_dags/example_trigger_controller_dag.py took 0.052 seconds
[2026-02-25T13:16:17.211+0000] {processor.py:186} INFO - Started process (PID=3111) to work on /home/ubuntu/airflow-venv/lib/python3.12/site-packages/airflow/example_dags/example_trigger_controller_dag.py
[2026-02-25T13:16:17.213+0000] {processor.py:914} INFO - Processing file /home/ubuntu/airflow-venv/lib/python3.12/site-packages/airflow/example_dags/example_trigger_controller_dag.py for tasks to queue
[2026-02-25T13:16:17.215+0000] {logging_mixin.py:190} INFO - [2026-02-25T13:16:17.214+0000] {dagbag.py:588} INFO - Filling up the DagBag from /home/ubuntu/airflow-venv/lib/python3.12/site-packages/airflow/example_dags/example_trigger_controller_dag.py
[2026-02-25T13:16:17.219+0000] {processor.py:925} INFO - DAG(s) 'example_trigger_controller_dag' retrieved from /home/ubuntu/airflow-venv/lib/python3.12/site-packages/airflow/example_dags/example_trigger_controller_dag.py
[2026-02-25T13:16:17.229+0000] {logging_mixin.py:190} INFO - [2026-02-25T13:16:17.229+0000] {dag.py:3239} INFO - Sync 1 DAGs
[2026-02-25T13:16:17.243+0000] {logging_mixin.py:190} INFO - [2026-02-25T13:16:17.243+0000] {dag.py:4180} INFO - Setting next_dagrun for example_trigger_controller_dag to 2021-01-01 00:00:00+00:00, run_after=2021-01-01 00:00:00+00:00
[2026-02-25T13:16:17.260+0000] {processor.py:208} INFO - Processing /home/ubuntu/airflow-venv/lib/python3.12/site-packages/airflow/example_dags/example_trigger_controller_dag.py took 0.052 seconds
[2026-02-25T13:17:08.405+0000] {processor.py:186} INFO - Started process (PID=3171) to work on /home/ubuntu/airflow-venv/lib/python3.12/site-packages/airflow/example_dags/example_trigger_controller_dag.py
[2026-02-25T13:17:08.407+0000] {processor.py:914} INFO - Processing file /home/ubuntu/airflow-venv/lib/python3.12/site-packages/airflow/example_dags/example_trigger_controller_dag.py for tasks to queue
[2026-02-25T13:17:08.408+0000] {logging_mixin.py:190} INFO - [2026-02-25T13:17:08.408+0000] {dagbag.py:588} INFO - Filling up the DagBag from /home/ubuntu/airflow-venv/lib/python3.12/site-packages/airflow/example_dags/example_trigger_controller_dag.py
[2026-02-25T13:17:08.413+0000] {processor.py:925} INFO - DAG(s) 'example_trigger_controller_dag' retrieved from /home/ubuntu/airflow-venv/lib/python3.12/site-packages/airflow/example_dags/example_trigger_controller_dag.py
[2026-02-25T13:17:08.423+0000] {logging_mixin.py:190} INFO - [2026-02-25T13:17:08.422+0000] {dag.py:3239} INFO - Sync 1 DAGs
[2026-02-25T13:17:08.435+0000] {logging_mixin.py:190} INFO - [2026-02-25T13:17:08.435+0000] {dag.py:4180} INFO - Setting next_dagrun for example_trigger_controller_dag to 2021-01-01 00:00:00+00:00, run_after=2021-01-01 00:00:00+00:00
[2026-02-25T13:17:08.453+0000] {processor.py:208} INFO - Processing /home/ubuntu/airflow-venv/lib/python3.12/site-packages/airflow/example_dags/example_trigger_controller_dag.py took 0.051 seconds
[2026-02-25T13:17:58.479+0000] {processor.py:186} INFO - Started process (PID=3225) to work on /home/ubuntu/airflow-venv/lib/python3.12/site-packages/airflow/example_dags/example_trigger_controller_dag.py
[2026-02-25T13:17:58.480+0000] {processor.py:914} INFO - Processing file /home/ubuntu/airflow-venv/lib/python3.12/site-packages/airflow/example_dags/example_trigger_controller_dag.py for tasks to queue
[2026-02-25T13:17:58.482+0000] {logging_mixin.py:190} INFO - [2026-02-25T13:17:58.482+0000] {dagbag.py:588} INFO - Filling up the DagBag from /home/ubuntu/airflow-venv/lib/python3.12/site-packages/airflow/example_dags/example_trigger_controller_dag.py
[2026-02-25T13:17:58.486+0000] {processor.py:925} INFO - DAG(s) 'example_trigger_controller_dag' retrieved from /home/ubuntu/airflow-venv/lib/python3.12/site-packages/airflow/example_dags/example_trigger_controller_dag.py
[2026-02-25T13:17:58.497+0000] {logging_mixin.py:190} INFO - [2026-02-25T13:17:58.496+0000] {dag.py:3239} INFO - Sync 1 DAGs
[2026-02-25T13:17:58.510+0000] {logging_mixin.py:190} INFO - [2026-02-25T13:17:58.510+0000] {dag.py:4180} INFO - Setting next_dagrun for example_trigger_controller_dag to 2021-01-01 00:00:00+00:00, run_after=2021-01-01 00:00:00+00:00
[2026-02-25T13:17:58.526+0000] {processor.py:208} INFO - Processing /home/ubuntu/airflow-venv/lib/python3.12/site-packages/airflow/example_dags/example_trigger_controller_dag.py took 0.051 seconds
[2026-02-25T13:18:50.274+0000] {processor.py:186} INFO - Started process (PID=3279) to work on /home/ubuntu/airflow-venv/lib/python3.12/site-packages/airflow/example_dags/example_trigger_controller_dag.py
[2026-02-25T13:18:50.275+0000] {processor.py:914} INFO - Processing file /home/ubuntu/airflow-venv/lib/python3.12/site-packages/airflow/example_dags/example_trigger_controller_dag.py for tasks to queue
[2026-02-25T13:18:50.277+0000] {logging_mixin.py:190} INFO - [2026-02-25T13:18:50.277+0000] {dagbag.py:588} INFO - Filling up the DagBag from /home/ubuntu/airflow-venv/lib/python3.12/site-packages/airflow/example_dags/example_trigger_controller_dag.py
[2026-02-25T13:18:50.281+0000] {processor.py:925} INFO - DAG(s) 'example_trigger_controller_dag' retrieved from /home/ubuntu/airflow-venv/lib/python3.12/site-packages/airflow/example_dags/example_trigger_controller_dag.py
[2026-02-25T13:18:50.291+0000] {logging_mixin.py:190} INFO - [2026-02-25T13:18:50.291+0000] {dag.py:3239} INFO - Sync 1 DAGs
[2026-02-25T13:18:50.304+0000] {logging_mixin.py:190} INFO - [2026-02-25T13:18:50.304+0000] {dag.py:4180} INFO - Setting next_dagrun for example_trigger_controller_dag to 2021-01-01 00:00:00+00:00, run_after=2021-01-01 00:00:00+00:00
[2026-02-25T13:18:50.322+0000] {processor.py:208} INFO - Processing /home/ubuntu/airflow-venv/lib/python3.12/site-packages/airflow/example_dags/example_trigger_controller_dag.py took 0.051 seconds
[2026-02-25T13:19:41.037+0000] {processor.py:186} INFO - Started process (PID=3349) to work on /home/ubuntu/airflow-venv/lib/python3.12/site-packages/airflow/example_dags/example_trigger_controller_dag.py
[2026-02-25T13:19:41.038+0000] {processor.py:914} INFO - Processing file /home/ubuntu/airflow-venv/lib/python3.12/site-packages/airflow/example_dags/example_trigger_controller_dag.py for tasks to queue
[2026-02-25T13:19:41.040+0000] {logging_mixin.py:190} INFO - [2026-02-25T13:19:41.040+0000] {dagbag.py:588} INFO - Filling up the DagBag from /home/ubuntu/airflow-venv/lib/python3.12/site-packages/airflow/example_dags/example_trigger_controller_dag.py
[2026-02-25T13:19:41.044+0000] {processor.py:925} INFO - DAG(s) 'example_trigger_controller_dag' retrieved from /home/ubuntu/airflow-venv/lib/python3.12/site-packages/airflow/example_dags/example_trigger_controller_dag.py
[2026-02-25T13:19:41.054+0000] {logging_mixin.py:190} INFO - [2026-02-25T13:19:41.054+0000] {dag.py:3239} INFO - Sync 1 DAGs
[2026-02-25T13:19:41.067+0000] {logging_mixin.py:190} INFO - [2026-02-25T13:19:41.067+0000] {dag.py:4180} INFO - Setting next_dagrun for example_trigger_controller_dag to 2021-01-01 00:00:00+00:00, run_after=2021-01-01 00:00:00+00:00
[2026-02-25T13:19:41.084+0000] {processor.py:208} INFO - Processing /home/ubuntu/airflow-venv/lib/python3.12/site-packages/airflow/example_dags/example_trigger_controller_dag.py took 0.051 seconds
[2026-02-25T13:20:33.026+0000] {processor.py:186} INFO - Started process (PID=3405) to work on /home/ubuntu/airflow-venv/lib/python3.12/site-packages/airflow/example_dags/example_trigger_controller_dag.py
[2026-02-25T13:20:33.027+0000] {processor.py:914} INFO - Processing file /home/ubuntu/airflow-venv/lib/python3.12/site-packages/airflow/example_dags/example_trigger_controller_dag.py for tasks to queue
[2026-02-25T13:20:33.029+0000] {logging_mixin.py:190} INFO - [2026-02-25T13:20:33.028+0000] {dagbag.py:588} INFO - Filling up the DagBag from /home/ubuntu/airflow-venv/lib/python3.12/site-packages/airflow/example_dags/example_trigger_controller_dag.py
[2026-02-25T13:20:33.033+0000] {processor.py:925} INFO - DAG(s) 'example_trigger_controller_dag' retrieved from /home/ubuntu/airflow-venv/lib/python3.12/site-packages/airflow/example_dags/example_trigger_controller_dag.py
[2026-02-25T13:20:33.043+0000] {logging_mixin.py:190} INFO - [2026-02-25T13:20:33.043+0000] {dag.py:3239} INFO - Sync 1 DAGs
[2026-02-25T13:20:33.156+0000] {logging_mixin.py:190} INFO - [2026-02-25T13:20:33.156+0000] {dag.py:4180} INFO - Setting next_dagrun for example_trigger_controller_dag to 2021-01-01 00:00:00+00:00, run_after=2021-01-01 00:00:00+00:00
[2026-02-25T13:20:33.173+0000] {processor.py:208} INFO - Processing /home/ubuntu/airflow-venv/lib/python3.12/site-packages/airflow/example_dags/example_trigger_controller_dag.py took 0.151 seconds
[2026-02-25T13:21:29.795+0000] {processor.py:186} INFO - Started process (PID=3460) to work on /home/ubuntu/airflow-venv/lib/python3.12/site-packages/airflow/example_dags/example_trigger_controller_dag.py
[2026-02-25T13:21:29.796+0000] {processor.py:914} INFO - Processing file /home/ubuntu/airflow-venv/lib/python3.12/site-packages/airflow/example_dags/example_trigger_controller_dag.py for tasks to queue
[2026-02-25T13:21:29.798+0000] {logging_mixin.py:190} INFO - [2026-02-25T13:21:29.797+0000] {dagbag.py:588} INFO - Filling up the DagBag from /home/ubuntu/airflow-venv/lib/python3.12/site-packages/airflow/example_dags/example_trigger_controller_dag.py
[2026-02-25T13:21:29.802+0000] {processor.py:925} INFO - DAG(s) 'example_trigger_controller_dag' retrieved from /home/ubuntu/airflow-venv/lib/python3.12/site-packages/airflow/example_dags/example_trigger_controller_dag.py
[2026-02-25T13:21:29.812+0000] {logging_mixin.py:190} INFO - [2026-02-25T13:21:29.812+0000] {dag.py:3239} INFO - Sync 1 DAGs
[2026-02-25T13:21:29.825+0000] {logging_mixin.py:190} INFO - [2026-02-25T13:21:29.825+0000] {dag.py:4180} INFO - Setting next_dagrun for example_trigger_controller_dag to 2021-01-01 00:00:00+00:00, run_after=2021-01-01 00:00:00+00:00
[2026-02-25T13:21:29.843+0000] {processor.py:208} INFO - Processing /home/ubuntu/airflow-venv/lib/python3.12/site-packages/airflow/example_dags/example_trigger_controller_dag.py took 0.051 seconds
[2026-02-25T13:22:23.863+0000] {processor.py:186} INFO - Started process (PID=3517) to work on /home/ubuntu/airflow-venv/lib/python3.12/site-packages/airflow/example_dags/example_trigger_controller_dag.py
[2026-02-25T13:22:23.864+0000] {processor.py:914} INFO - Processing file /home/ubuntu/airflow-venv/lib/python3.12/site-packages/airflow/example_dags/example_trigger_controller_dag.py for tasks to queue
[2026-02-25T13:22:23.866+0000] {logging_mixin.py:190} INFO - [2026-02-25T13:22:23.866+0000] {dagbag.py:588} INFO - Filling up the DagBag from /home/ubuntu/airflow-venv/lib/python3.12/site-packages/airflow/example_dags/example_trigger_controller_dag.py
[2026-02-25T13:22:23.871+0000] {processor.py:925} INFO - DAG(s) 'example_trigger_controller_dag' retrieved from /home/ubuntu/airflow-venv/lib/python3.12/site-packages/airflow/example_dags/example_trigger_controller_dag.py
[2026-02-25T13:22:23.881+0000] {logging_mixin.py:190} INFO - [2026-02-25T13:22:23.881+0000] {dag.py:3239} INFO - Sync 1 DAGs
[2026-02-25T13:22:23.894+0000] {logging_mixin.py:190} INFO - [2026-02-25T13:22:23.894+0000] {dag.py:4180} INFO - Setting next_dagrun for example_trigger_controller_dag to 2021-01-01 00:00:00+00:00, run_after=2021-01-01 00:00:00+00:00
[2026-02-25T13:22:23.911+0000] {processor.py:208} INFO - Processing /home/ubuntu/airflow-venv/lib/python3.12/site-packages/airflow/example_dags/example_trigger_controller_dag.py took 0.052 seconds
[2026-02-25T13:23:15.049+0000] {processor.py:186} INFO - Started process (PID=3610) to work on /home/ubuntu/airflow-venv/lib/python3.12/site-packages/airflow/example_dags/example_trigger_controller_dag.py
[2026-02-25T13:23:15.050+0000] {processor.py:914} INFO - Processing file /home/ubuntu/airflow-venv/lib/python3.12/site-packages/airflow/example_dags/example_trigger_controller_dag.py for tasks to queue
[2026-02-25T13:23:15.052+0000] {logging_mixin.py:190} INFO - [2026-02-25T13:23:15.052+0000] {dagbag.py:588} INFO - Filling up the DagBag from /home/ubuntu/airflow-venv/lib/python3.12/site-packages/airflow/example_dags/example_trigger_controller_dag.py
[2026-02-25T13:23:15.057+0000] {processor.py:925} INFO - DAG(s) 'example_trigger_controller_dag' retrieved from /home/ubuntu/airflow-venv/lib/python3.12/site-packages/airflow/example_dags/example_trigger_controller_dag.py
[2026-02-25T13:23:15.067+0000] {logging_mixin.py:190} INFO - [2026-02-25T13:23:15.067+0000] {dag.py:3239} INFO - Sync 1 DAGs
[2026-02-25T13:23:15.080+0000] {logging_mixin.py:190} INFO - [2026-02-25T13:23:15.080+0000] {dag.py:4180} INFO - Setting next_dagrun for example_trigger_controller_dag to 2021-01-01 00:00:00+00:00, run_after=2021-01-01 00:00:00+00:00
[2026-02-25T13:23:15.098+0000] {processor.py:208} INFO - Processing /home/ubuntu/airflow-venv/lib/python3.12/site-packages/airflow/example_dags/example_trigger_controller_dag.py took 0.052 seconds
[2026-02-25T13:25:23.994+0000] {processor.py:186} INFO - Started process (PID=3674) to work on /home/ubuntu/airflow-venv/lib/python3.12/site-packages/airflow/example_dags/example_trigger_controller_dag.py
[2026-02-25T13:25:23.995+0000] {processor.py:914} INFO - Processing file /home/ubuntu/airflow-venv/lib/python3.12/site-packages/airflow/example_dags/example_trigger_controller_dag.py for tasks to queue
[2026-02-25T13:25:23.996+0000] {logging_mixin.py:190} INFO - [2026-02-25T13:25:23.996+0000] {dagbag.py:588} INFO - Filling up the DagBag from /home/ubuntu/airflow-venv/lib/python3.12/site-packages/airflow/example_dags/example_trigger_controller_dag.py
[2026-02-25T13:25:24.001+0000] {processor.py:925} INFO - DAG(s) 'example_trigger_controller_dag' retrieved from /home/ubuntu/airflow-venv/lib/python3.12/site-packages/airflow/example_dags/example_trigger_controller_dag.py
[2026-02-25T13:25:24.013+0000] {logging_mixin.py:190} INFO - [2026-02-25T13:25:24.013+0000] {dag.py:3239} INFO - Sync 1 DAGs
[2026-02-25T13:25:24.027+0000] {logging_mixin.py:190} INFO - [2026-02-25T13:25:24.027+0000] {dag.py:4180} INFO - Setting next_dagrun for example_trigger_controller_dag to 2021-01-01 00:00:00+00:00, run_after=2021-01-01 00:00:00+00:00
[2026-02-25T13:25:24.044+0000] {processor.py:208} INFO - Processing /home/ubuntu/airflow-venv/lib/python3.12/site-packages/airflow/example_dags/example_trigger_controller_dag.py took 0.054 seconds
[2026-02-25T13:35:40.958+0000] {processor.py:186} INFO - Started process (PID=2050) to work on /home/ubuntu/airflow-venv/lib/python3.12/site-packages/airflow/example_dags/example_trigger_controller_dag.py
[2026-02-25T13:35:40.961+0000] {processor.py:914} INFO - Processing file /home/ubuntu/airflow-venv/lib/python3.12/site-packages/airflow/example_dags/example_trigger_controller_dag.py for tasks to queue
[2026-02-25T13:35:40.962+0000] {logging_mixin.py:190} INFO - [2026-02-25T13:35:40.962+0000] {dagbag.py:588} INFO - Filling up the DagBag from /home/ubuntu/airflow-venv/lib/python3.12/site-packages/airflow/example_dags/example_trigger_controller_dag.py
[2026-02-25T13:35:40.966+0000] {processor.py:925} INFO - DAG(s) 'example_trigger_controller_dag' retrieved from /home/ubuntu/airflow-venv/lib/python3.12/site-packages/airflow/example_dags/example_trigger_controller_dag.py
[2026-02-25T13:35:40.976+0000] {logging_mixin.py:190} INFO - [2026-02-25T13:35:40.976+0000] {dag.py:3239} INFO - Sync 1 DAGs
[2026-02-25T13:35:40.988+0000] {logging_mixin.py:190} INFO - [2026-02-25T13:35:40.988+0000] {dag.py:4180} INFO - Setting next_dagrun for example_trigger_controller_dag to 2021-01-01 00:00:00+00:00, run_after=2021-01-01 00:00:00+00:00
[2026-02-25T13:35:41.003+0000] {processor.py:208} INFO - Processing /home/ubuntu/airflow-venv/lib/python3.12/site-packages/airflow/example_dags/example_trigger_controller_dag.py took 0.048 seconds
[2026-02-25T13:36:34.090+0000] {processor.py:186} INFO - Started process (PID=2127) to work on /home/ubuntu/airflow-venv/lib/python3.12/site-packages/airflow/example_dags/example_trigger_controller_dag.py
[2026-02-25T13:36:34.092+0000] {processor.py:914} INFO - Processing file /home/ubuntu/airflow-venv/lib/python3.12/site-packages/airflow/example_dags/example_trigger_controller_dag.py for tasks to queue
[2026-02-25T13:36:34.093+0000] {logging_mixin.py:190} INFO - [2026-02-25T13:36:34.093+0000] {dagbag.py:588} INFO - Filling up the DagBag from /home/ubuntu/airflow-venv/lib/python3.12/site-packages/airflow/example_dags/example_trigger_controller_dag.py
[2026-02-25T13:36:34.097+0000] {processor.py:925} INFO - DAG(s) 'example_trigger_controller_dag' retrieved from /home/ubuntu/airflow-venv/lib/python3.12/site-packages/airflow/example_dags/example_trigger_controller_dag.py
[2026-02-25T13:36:34.105+0000] {logging_mixin.py:190} INFO - [2026-02-25T13:36:34.105+0000] {dag.py:3239} INFO - Sync 1 DAGs
[2026-02-25T13:36:34.117+0000] {logging_mixin.py:190} INFO - [2026-02-25T13:36:34.116+0000] {dag.py:4180} INFO - Setting next_dagrun for example_trigger_controller_dag to 2021-01-01 00:00:00+00:00, run_after=2021-01-01 00:00:00+00:00
[2026-02-25T13:36:34.132+0000] {processor.py:208} INFO - Processing /home/ubuntu/airflow-venv/lib/python3.12/site-packages/airflow/example_dags/example_trigger_controller_dag.py took 0.045 seconds
[2026-02-25T13:37:23.650+0000] {processor.py:186} INFO - Started process (PID=2558) to work on /home/ubuntu/airflow-venv/lib/python3.12/site-packages/airflow/example_dags/example_trigger_controller_dag.py
[2026-02-25T13:37:23.651+0000] {processor.py:914} INFO - Processing file /home/ubuntu/airflow-venv/lib/python3.12/site-packages/airflow/example_dags/example_trigger_controller_dag.py for tasks to queue
[2026-02-25T13:37:23.652+0000] {logging_mixin.py:190} INFO - [2026-02-25T13:37:23.652+0000] {dagbag.py:588} INFO - Filling up the DagBag from /home/ubuntu/airflow-venv/lib/python3.12/site-packages/airflow/example_dags/example_trigger_controller_dag.py
[2026-02-25T13:37:23.656+0000] {processor.py:925} INFO - DAG(s) 'example_trigger_controller_dag' retrieved from /home/ubuntu/airflow-venv/lib/python3.12/site-packages/airflow/example_dags/example_trigger_controller_dag.py
[2026-02-25T13:37:23.665+0000] {logging_mixin.py:190} INFO - [2026-02-25T13:37:23.665+0000] {dag.py:3239} INFO - Sync 1 DAGs
[2026-02-25T13:37:23.676+0000] {logging_mixin.py:190} INFO - [2026-02-25T13:37:23.676+0000] {dag.py:4180} INFO - Setting next_dagrun for example_trigger_controller_dag to 2021-01-01 00:00:00+00:00, run_after=2021-01-01 00:00:00+00:00
[2026-02-25T13:37:23.693+0000] {processor.py:208} INFO - Processing /home/ubuntu/airflow-venv/lib/python3.12/site-packages/airflow/example_dags/example_trigger_controller_dag.py took 0.046 seconds
[2026-02-25T13:38:13.620+0000] {processor.py:186} INFO - Started process (PID=2614) to work on /home/ubuntu/airflow-venv/lib/python3.12/site-packages/airflow/example_dags/example_trigger_controller_dag.py
[2026-02-25T13:38:13.622+0000] {processor.py:914} INFO - Processing file /home/ubuntu/airflow-venv/lib/python3.12/site-packages/airflow/example_dags/example_trigger_controller_dag.py for tasks to queue
[2026-02-25T13:38:13.623+0000] {logging_mixin.py:190} INFO - [2026-02-25T13:38:13.623+0000] {dagbag.py:588} INFO - Filling up the DagBag from /home/ubuntu/airflow-venv/lib/python3.12/site-packages/airflow/example_dags/example_trigger_controller_dag.py
[2026-02-25T13:38:13.627+0000] {processor.py:925} INFO - DAG(s) 'example_trigger_controller_dag' retrieved from /home/ubuntu/airflow-venv/lib/python3.12/site-packages/airflow/example_dags/example_trigger_controller_dag.py
[2026-02-25T13:38:13.636+0000] {logging_mixin.py:190} INFO - [2026-02-25T13:38:13.636+0000] {dag.py:3239} INFO - Sync 1 DAGs
[2026-02-25T13:38:13.647+0000] {logging_mixin.py:190} INFO - [2026-02-25T13:38:13.647+0000] {dag.py:4180} INFO - Setting next_dagrun for example_trigger_controller_dag to 2021-01-01 00:00:00+00:00, run_after=2021-01-01 00:00:00+00:00
[2026-02-25T13:38:13.664+0000] {processor.py:208} INFO - Processing /home/ubuntu/airflow-venv/lib/python3.12/site-packages/airflow/example_dags/example_trigger_controller_dag.py took 0.047 seconds
[2026-02-25T13:39:06.374+0000] {processor.py:186} INFO - Started process (PID=2669) to work on /home/ubuntu/airflow-venv/lib/python3.12/site-packages/airflow/example_dags/example_trigger_controller_dag.py
[2026-02-25T13:39:06.375+0000] {processor.py:914} INFO - Processing file /home/ubuntu/airflow-venv/lib/python3.12/site-packages/airflow/example_dags/example_trigger_controller_dag.py for tasks to queue
[2026-02-25T13:39:06.377+0000] {logging_mixin.py:190} INFO - [2026-02-25T13:39:06.377+0000] {dagbag.py:588} INFO - Filling up the DagBag from /home/ubuntu/airflow-venv/lib/python3.12/site-packages/airflow/example_dags/example_trigger_controller_dag.py
[2026-02-25T13:39:06.381+0000] {processor.py:925} INFO - DAG(s) 'example_trigger_controller_dag' retrieved from /home/ubuntu/airflow-venv/lib/python3.12/site-packages/airflow/example_dags/example_trigger_controller_dag.py
[2026-02-25T13:39:06.390+0000] {logging_mixin.py:190} INFO - [2026-02-25T13:39:06.390+0000] {dag.py:3239} INFO - Sync 1 DAGs
[2026-02-25T13:39:06.401+0000] {logging_mixin.py:190} INFO - [2026-02-25T13:39:06.401+0000] {dag.py:4180} INFO - Setting next_dagrun for example_trigger_controller_dag to 2021-01-01 00:00:00+00:00, run_after=2021-01-01 00:00:00+00:00
[2026-02-25T13:39:06.417+0000] {processor.py:208} INFO - Processing /home/ubuntu/airflow-venv/lib/python3.12/site-packages/airflow/example_dags/example_trigger_controller_dag.py took 0.047 seconds
[2026-02-25T13:39:57.677+0000] {processor.py:186} INFO - Started process (PID=2732) to work on /home/ubuntu/airflow-venv/lib/python3.12/site-packages/airflow/example_dags/example_trigger_controller_dag.py
[2026-02-25T13:39:57.679+0000] {processor.py:914} INFO - Processing file /home/ubuntu/airflow-venv/lib/python3.12/site-packages/airflow/example_dags/example_trigger_controller_dag.py for tasks to queue
[2026-02-25T13:39:57.680+0000] {logging_mixin.py:190} INFO - [2026-02-25T13:39:57.680+0000] {dagbag.py:588} INFO - Filling up the DagBag from /home/ubuntu/airflow-venv/lib/python3.12/site-packages/airflow/example_dags/example_trigger_controller_dag.py
[2026-02-25T13:39:57.684+0000] {processor.py:925} INFO - DAG(s) 'example_trigger_controller_dag' retrieved from /home/ubuntu/airflow-venv/lib/python3.12/site-packages/airflow/example_dags/example_trigger_controller_dag.py
[2026-02-25T13:39:57.693+0000] {logging_mixin.py:190} INFO - [2026-02-25T13:39:57.693+0000] {dag.py:3239} INFO - Sync 1 DAGs
[2026-02-25T13:39:57.705+0000] {logging_mixin.py:190} INFO - [2026-02-25T13:39:57.705+0000] {dag.py:4180} INFO - Setting next_dagrun for example_trigger_controller_dag to 2021-01-01 00:00:00+00:00, run_after=2021-01-01 00:00:00+00:00
[2026-02-25T13:39:57.721+0000] {processor.py:208} INFO - Processing /home/ubuntu/airflow-venv/lib/python3.12/site-packages/airflow/example_dags/example_trigger_controller_dag.py took 0.047 seconds
[2026-02-25T13:40:45.773+0000] {processor.py:186} INFO - Started process (PID=2786) to work on /home/ubuntu/airflow-venv/lib/python3.12/site-packages/airflow/example_dags/example_trigger_controller_dag.py
[2026-02-25T13:40:45.774+0000] {processor.py:914} INFO - Processing file /home/ubuntu/airflow-venv/lib/python3.12/site-packages/airflow/example_dags/example_trigger_controller_dag.py for tasks to queue
[2026-02-25T13:40:45.775+0000] {logging_mixin.py:190} INFO - [2026-02-25T13:40:45.775+0000] {dagbag.py:588} INFO - Filling up the DagBag from /home/ubuntu/airflow-venv/lib/python3.12/site-packages/airflow/example_dags/example_trigger_controller_dag.py
[2026-02-25T13:40:45.779+0000] {processor.py:925} INFO - DAG(s) 'example_trigger_controller_dag' retrieved from /home/ubuntu/airflow-venv/lib/python3.12/site-packages/airflow/example_dags/example_trigger_controller_dag.py
[2026-02-25T13:40:45.788+0000] {logging_mixin.py:190} INFO - [2026-02-25T13:40:45.788+0000] {dag.py:3239} INFO - Sync 1 DAGs
[2026-02-25T13:40:45.799+0000] {logging_mixin.py:190} INFO - [2026-02-25T13:40:45.799+0000] {dag.py:4180} INFO - Setting next_dagrun for example_trigger_controller_dag to 2021-01-01 00:00:00+00:00, run_after=2021-01-01 00:00:00+00:00
[2026-02-25T13:40:45.814+0000] {processor.py:208} INFO - Processing /home/ubuntu/airflow-venv/lib/python3.12/site-packages/airflow/example_dags/example_trigger_controller_dag.py took 0.045 seconds
[2026-02-25T13:41:34.549+0000] {processor.py:186} INFO - Started process (PID=2838) to work on /home/ubuntu/airflow-venv/lib/python3.12/site-packages/airflow/example_dags/example_trigger_controller_dag.py
[2026-02-25T13:41:34.550+0000] {processor.py:914} INFO - Processing file /home/ubuntu/airflow-venv/lib/python3.12/site-packages/airflow/example_dags/example_trigger_controller_dag.py for tasks to queue
[2026-02-25T13:41:34.551+0000] {logging_mixin.py:190} INFO - [2026-02-25T13:41:34.551+0000] {dagbag.py:588} INFO - Filling up the DagBag from /home/ubuntu/airflow-venv/lib/python3.12/site-packages/airflow/example_dags/example_trigger_controller_dag.py
[2026-02-25T13:41:34.556+0000] {processor.py:925} INFO - DAG(s) 'example_trigger_controller_dag' retrieved from /home/ubuntu/airflow-venv/lib/python3.12/site-packages/airflow/example_dags/example_trigger_controller_dag.py
[2026-02-25T13:41:34.633+0000] {logging_mixin.py:190} INFO - [2026-02-25T13:41:34.633+0000] {dag.py:3239} INFO - Sync 1 DAGs
[2026-02-25T13:41:34.642+0000] {logging_mixin.py:190} INFO - [2026-02-25T13:41:34.642+0000] {dag.py:4180} INFO - Setting next_dagrun for example_trigger_controller_dag to 2021-01-01 00:00:00+00:00, run_after=2021-01-01 00:00:00+00:00
[2026-02-25T13:41:34.657+0000] {processor.py:208} INFO - Processing /home/ubuntu/airflow-venv/lib/python3.12/site-packages/airflow/example_dags/example_trigger_controller_dag.py took 0.111 seconds
[2026-02-25T13:42:29.014+0000] {processor.py:186} INFO - Started process (PID=2894) to work on /home/ubuntu/airflow-venv/lib/python3.12/site-packages/airflow/example_dags/example_trigger_controller_dag.py
[2026-02-25T13:42:29.015+0000] {processor.py:914} INFO - Processing file /home/ubuntu/airflow-venv/lib/python3.12/site-packages/airflow/example_dags/example_trigger_controller_dag.py for tasks to queue
[2026-02-25T13:42:29.017+0000] {logging_mixin.py:190} INFO - [2026-02-25T13:42:29.017+0000] {dagbag.py:588} INFO - Filling up the DagBag from /home/ubuntu/airflow-venv/lib/python3.12/site-packages/airflow/example_dags/example_trigger_controller_dag.py
[2026-02-25T13:42:29.021+0000] {processor.py:925} INFO - DAG(s) 'example_trigger_controller_dag' retrieved from /home/ubuntu/airflow-venv/lib/python3.12/site-packages/airflow/example_dags/example_trigger_controller_dag.py
[2026-02-25T13:42:29.030+0000] {logging_mixin.py:190} INFO - [2026-02-25T13:42:29.030+0000] {dag.py:3239} INFO - Sync 1 DAGs
[2026-02-25T13:42:29.042+0000] {logging_mixin.py:190} INFO - [2026-02-25T13:42:29.042+0000] {dag.py:4180} INFO - Setting next_dagrun for example_trigger_controller_dag to 2021-01-01 00:00:00+00:00, run_after=2021-01-01 00:00:00+00:00
[2026-02-25T13:42:29.058+0000] {processor.py:208} INFO - Processing /home/ubuntu/airflow-venv/lib/python3.12/site-packages/airflow/example_dags/example_trigger_controller_dag.py took 0.048 seconds
[2026-02-25T13:43:22.460+0000] {processor.py:186} INFO - Started process (PID=2949) to work on /home/ubuntu/airflow-venv/lib/python3.12/site-packages/airflow/example_dags/example_trigger_controller_dag.py
[2026-02-25T13:43:22.462+0000] {processor.py:914} INFO - Processing file /home/ubuntu/airflow-venv/lib/python3.12/site-packages/airflow/example_dags/example_trigger_controller_dag.py for tasks to queue
[2026-02-25T13:43:22.463+0000] {logging_mixin.py:190} INFO - [2026-02-25T13:43:22.463+0000] {dagbag.py:588} INFO - Filling up the DagBag from /home/ubuntu/airflow-venv/lib/python3.12/site-packages/airflow/example_dags/example_trigger_controller_dag.py
[2026-02-25T13:43:22.468+0000] {processor.py:925} INFO - DAG(s) 'example_trigger_controller_dag' retrieved from /home/ubuntu/airflow-venv/lib/python3.12/site-packages/airflow/example_dags/example_trigger_controller_dag.py
[2026-02-25T13:43:22.477+0000] {logging_mixin.py:190} INFO - [2026-02-25T13:43:22.476+0000] {dag.py:3239} INFO - Sync 1 DAGs
[2026-02-25T13:43:22.489+0000] {logging_mixin.py:190} INFO - [2026-02-25T13:43:22.488+0000] {dag.py:4180} INFO - Setting next_dagrun for example_trigger_controller_dag to 2021-01-01 00:00:00+00:00, run_after=2021-01-01 00:00:00+00:00
[2026-02-25T13:43:22.506+0000] {processor.py:208} INFO - Processing /home/ubuntu/airflow-venv/lib/python3.12/site-packages/airflow/example_dags/example_trigger_controller_dag.py took 0.049 seconds
[2026-02-25T13:44:12.997+0000] {processor.py:186} INFO - Started process (PID=3002) to work on /home/ubuntu/airflow-venv/lib/python3.12/site-packages/airflow/example_dags/example_trigger_controller_dag.py
[2026-02-25T13:44:12.998+0000] {processor.py:914} INFO - Processing file /home/ubuntu/airflow-venv/lib/python3.12/site-packages/airflow/example_dags/example_trigger_controller_dag.py for tasks to queue
[2026-02-25T13:44:13.000+0000] {logging_mixin.py:190} INFO - [2026-02-25T13:44:13.000+0000] {dagbag.py:588} INFO - Filling up the DagBag from /home/ubuntu/airflow-venv/lib/python3.12/site-packages/airflow/example_dags/example_trigger_controller_dag.py
[2026-02-25T13:44:13.004+0000] {processor.py:925} INFO - DAG(s) 'example_trigger_controller_dag' retrieved from /home/ubuntu/airflow-venv/lib/python3.12/site-packages/airflow/example_dags/example_trigger_controller_dag.py
[2026-02-25T13:44:13.013+0000] {logging_mixin.py:190} INFO - [2026-02-25T13:44:13.013+0000] {dag.py:3239} INFO - Sync 1 DAGs
[2026-02-25T13:44:13.025+0000] {logging_mixin.py:190} INFO - [2026-02-25T13:44:13.025+0000] {dag.py:4180} INFO - Setting next_dagrun for example_trigger_controller_dag to 2021-01-01 00:00:00+00:00, run_after=2021-01-01 00:00:00+00:00
[2026-02-25T13:44:13.042+0000] {processor.py:208} INFO - Processing /home/ubuntu/airflow-venv/lib/python3.12/site-packages/airflow/example_dags/example_trigger_controller_dag.py took 0.049 seconds
[2026-02-25T13:45:06.983+0000] {processor.py:186} INFO - Started process (PID=3062) to work on /home/ubuntu/airflow-venv/lib/python3.12/site-packages/airflow/example_dags/example_trigger_controller_dag.py
[2026-02-25T13:45:06.984+0000] {processor.py:914} INFO - Processing file /home/ubuntu/airflow-venv/lib/python3.12/site-packages/airflow/example_dags/example_trigger_controller_dag.py for tasks to queue
[2026-02-25T13:45:06.986+0000] {logging_mixin.py:190} INFO - [2026-02-25T13:45:06.985+0000] {dagbag.py:588} INFO - Filling up the DagBag from /home/ubuntu/airflow-venv/lib/python3.12/site-packages/airflow/example_dags/example_trigger_controller_dag.py
[2026-02-25T13:45:06.990+0000] {processor.py:925} INFO - DAG(s) 'example_trigger_controller_dag' retrieved from /home/ubuntu/airflow-venv/lib/python3.12/site-packages/airflow/example_dags/example_trigger_controller_dag.py
[2026-02-25T13:45:06.999+0000] {logging_mixin.py:190} INFO - [2026-02-25T13:45:06.999+0000] {dag.py:3239} INFO - Sync 1 DAGs
[2026-02-25T13:45:07.011+0000] {logging_mixin.py:190} INFO - [2026-02-25T13:45:07.010+0000] {dag.py:4180} INFO - Setting next_dagrun for example_trigger_controller_dag to 2021-01-01 00:00:00+00:00, run_after=2021-01-01 00:00:00+00:00
[2026-02-25T13:45:07.027+0000] {processor.py:208} INFO - Processing /home/ubuntu/airflow-venv/lib/python3.12/site-packages/airflow/example_dags/example_trigger_controller_dag.py took 0.048 seconds
[2026-02-25T13:45:56.395+0000] {processor.py:186} INFO - Started process (PID=3115) to work on /home/ubuntu/airflow-venv/lib/python3.12/site-packages/airflow/example_dags/example_trigger_controller_dag.py
[2026-02-25T13:45:56.397+0000] {processor.py:914} INFO - Processing file /home/ubuntu/airflow-venv/lib/python3.12/site-packages/airflow/example_dags/example_trigger_controller_dag.py for tasks to queue
[2026-02-25T13:45:56.398+0000] {logging_mixin.py:190} INFO - [2026-02-25T13:45:56.398+0000] {dagbag.py:588} INFO - Filling up the DagBag from /home/ubuntu/airflow-venv/lib/python3.12/site-packages/airflow/example_dags/example_trigger_controller_dag.py
[2026-02-25T13:45:56.402+0000] {processor.py:925} INFO - DAG(s) 'example_trigger_controller_dag' retrieved from /home/ubuntu/airflow-venv/lib/python3.12/site-packages/airflow/example_dags/example_trigger_controller_dag.py
[2026-02-25T13:45:56.412+0000] {logging_mixin.py:190} INFO - [2026-02-25T13:45:56.411+0000] {dag.py:3239} INFO - Sync 1 DAGs
[2026-02-25T13:45:56.423+0000] {logging_mixin.py:190} INFO - [2026-02-25T13:45:56.423+0000] {dag.py:4180} INFO - Setting next_dagrun for example_trigger_controller_dag to 2021-01-01 00:00:00+00:00, run_after=2021-01-01 00:00:00+00:00
[2026-02-25T13:45:56.440+0000] {processor.py:208} INFO - Processing /home/ubuntu/airflow-venv/lib/python3.12/site-packages/airflow/example_dags/example_trigger_controller_dag.py took 0.048 seconds
[2026-02-25T13:46:44.788+0000] {processor.py:186} INFO - Started process (PID=3168) to work on /home/ubuntu/airflow-venv/lib/python3.12/site-packages/airflow/example_dags/example_trigger_controller_dag.py
[2026-02-25T13:46:44.789+0000] {processor.py:914} INFO - Processing file /home/ubuntu/airflow-venv/lib/python3.12/site-packages/airflow/example_dags/example_trigger_controller_dag.py for tasks to queue
[2026-02-25T13:46:44.791+0000] {logging_mixin.py:190} INFO - [2026-02-25T13:46:44.791+0000] {dagbag.py:588} INFO - Filling up the DagBag from /home/ubuntu/airflow-venv/lib/python3.12/site-packages/airflow/example_dags/example_trigger_controller_dag.py
[2026-02-25T13:46:44.795+0000] {processor.py:925} INFO - DAG(s) 'example_trigger_controller_dag' retrieved from /home/ubuntu/airflow-venv/lib/python3.12/site-packages/airflow/example_dags/example_trigger_controller_dag.py
[2026-02-25T13:46:44.804+0000] {logging_mixin.py:190} INFO - [2026-02-25T13:46:44.804+0000] {dag.py:3239} INFO - Sync 1 DAGs
[2026-02-25T13:46:44.816+0000] {logging_mixin.py:190} INFO - [2026-02-25T13:46:44.815+0000] {dag.py:4180} INFO - Setting next_dagrun for example_trigger_controller_dag to 2021-01-01 00:00:00+00:00, run_after=2021-01-01 00:00:00+00:00
[2026-02-25T13:46:44.832+0000] {processor.py:208} INFO - Processing /home/ubuntu/airflow-venv/lib/python3.12/site-packages/airflow/example_dags/example_trigger_controller_dag.py took 0.048 seconds
[2026-02-25T13:47:32.166+0000] {processor.py:186} INFO - Started process (PID=3219) to work on /home/ubuntu/airflow-venv/lib/python3.12/site-packages/airflow/example_dags/example_trigger_controller_dag.py
[2026-02-25T13:47:32.168+0000] {processor.py:914} INFO - Processing file /home/ubuntu/airflow-venv/lib/python3.12/site-packages/airflow/example_dags/example_trigger_controller_dag.py for tasks to queue
[2026-02-25T13:47:32.169+0000] {logging_mixin.py:190} INFO - [2026-02-25T13:47:32.169+0000] {dagbag.py:588} INFO - Filling up the DagBag from /home/ubuntu/airflow-venv/lib/python3.12/site-packages/airflow/example_dags/example_trigger_controller_dag.py
[2026-02-25T13:47:32.174+0000] {processor.py:925} INFO - DAG(s) 'example_trigger_controller_dag' retrieved from /home/ubuntu/airflow-venv/lib/python3.12/site-packages/airflow/example_dags/example_trigger_controller_dag.py
[2026-02-25T13:47:32.183+0000] {logging_mixin.py:190} INFO - [2026-02-25T13:47:32.182+0000] {dag.py:3239} INFO - Sync 1 DAGs
[2026-02-25T13:47:32.195+0000] {logging_mixin.py:190} INFO - [2026-02-25T13:47:32.194+0000] {dag.py:4180} INFO - Setting next_dagrun for example_trigger_controller_dag to 2021-01-01 00:00:00+00:00, run_after=2021-01-01 00:00:00+00:00
[2026-02-25T13:47:32.211+0000] {processor.py:208} INFO - Processing /home/ubuntu/airflow-venv/lib/python3.12/site-packages/airflow/example_dags/example_trigger_controller_dag.py took 0.048 seconds
[2026-02-25T13:48:23.171+0000] {processor.py:186} INFO - Started process (PID=3270) to work on /home/ubuntu/airflow-venv/lib/python3.12/site-packages/airflow/example_dags/example_trigger_controller_dag.py
[2026-02-25T13:48:23.172+0000] {processor.py:914} INFO - Processing file /home/ubuntu/airflow-venv/lib/python3.12/site-packages/airflow/example_dags/example_trigger_controller_dag.py for tasks to queue
[2026-02-25T13:48:23.174+0000] {logging_mixin.py:190} INFO - [2026-02-25T13:48:23.174+0000] {dagbag.py:588} INFO - Filling up the DagBag from /home/ubuntu/airflow-venv/lib/python3.12/site-packages/airflow/example_dags/example_trigger_controller_dag.py
[2026-02-25T13:48:23.178+0000] {processor.py:925} INFO - DAG(s) 'example_trigger_controller_dag' retrieved from /home/ubuntu/airflow-venv/lib/python3.12/site-packages/airflow/example_dags/example_trigger_controller_dag.py
[2026-02-25T13:48:23.187+0000] {logging_mixin.py:190} INFO - [2026-02-25T13:48:23.187+0000] {dag.py:3239} INFO - Sync 1 DAGs
[2026-02-25T13:48:23.198+0000] {logging_mixin.py:190} INFO - [2026-02-25T13:48:23.198+0000] {dag.py:4180} INFO - Setting next_dagrun for example_trigger_controller_dag to 2021-01-01 00:00:00+00:00, run_after=2021-01-01 00:00:00+00:00
[2026-02-25T13:48:23.215+0000] {processor.py:208} INFO - Processing /home/ubuntu/airflow-venv/lib/python3.12/site-packages/airflow/example_dags/example_trigger_controller_dag.py took 0.047 seconds
[2026-02-25T13:49:17.633+0000] {processor.py:186} INFO - Started process (PID=3330) to work on /home/ubuntu/airflow-venv/lib/python3.12/site-packages/airflow/example_dags/example_trigger_controller_dag.py
[2026-02-25T13:49:17.635+0000] {processor.py:914} INFO - Processing file /home/ubuntu/airflow-venv/lib/python3.12/site-packages/airflow/example_dags/example_trigger_controller_dag.py for tasks to queue
[2026-02-25T13:49:17.636+0000] {logging_mixin.py:190} INFO - [2026-02-25T13:49:17.636+0000] {dagbag.py:588} INFO - Filling up the DagBag from /home/ubuntu/airflow-venv/lib/python3.12/site-packages/airflow/example_dags/example_trigger_controller_dag.py
[2026-02-25T13:49:17.641+0000] {processor.py:925} INFO - DAG(s) 'example_trigger_controller_dag' retrieved from /home/ubuntu/airflow-venv/lib/python3.12/site-packages/airflow/example_dags/example_trigger_controller_dag.py
[2026-02-25T13:49:17.650+0000] {logging_mixin.py:190} INFO - [2026-02-25T13:49:17.650+0000] {dag.py:3239} INFO - Sync 1 DAGs
[2026-02-25T13:49:17.661+0000] {logging_mixin.py:190} INFO - [2026-02-25T13:49:17.661+0000] {dag.py:4180} INFO - Setting next_dagrun for example_trigger_controller_dag to 2021-01-01 00:00:00+00:00, run_after=2021-01-01 00:00:00+00:00
[2026-02-25T13:49:17.678+0000] {processor.py:208} INFO - Processing /home/ubuntu/airflow-venv/lib/python3.12/site-packages/airflow/example_dags/example_trigger_controller_dag.py took 0.048 seconds
[2026-02-25T13:50:05.856+0000] {processor.py:186} INFO - Started process (PID=3386) to work on /home/ubuntu/airflow-venv/lib/python3.12/site-packages/airflow/example_dags/example_trigger_controller_dag.py
[2026-02-25T13:50:05.858+0000] {processor.py:914} INFO - Processing file /home/ubuntu/airflow-venv/lib/python3.12/site-packages/airflow/example_dags/example_trigger_controller_dag.py for tasks to queue
[2026-02-25T13:50:05.859+0000] {logging_mixin.py:190} INFO - [2026-02-25T13:50:05.859+0000] {dagbag.py:588} INFO - Filling up the DagBag from /home/ubuntu/airflow-venv/lib/python3.12/site-packages/airflow/example_dags/example_trigger_controller_dag.py
[2026-02-25T13:50:05.864+0000] {processor.py:925} INFO - DAG(s) 'example_trigger_controller_dag' retrieved from /home/ubuntu/airflow-venv/lib/python3.12/site-packages/airflow/example_dags/example_trigger_controller_dag.py
[2026-02-25T13:50:05.873+0000] {logging_mixin.py:190} INFO - [2026-02-25T13:50:05.873+0000] {dag.py:3239} INFO - Sync 1 DAGs
[2026-02-25T13:50:05.885+0000] {logging_mixin.py:190} INFO - [2026-02-25T13:50:05.884+0000] {dag.py:4180} INFO - Setting next_dagrun for example_trigger_controller_dag to 2021-01-01 00:00:00+00:00, run_after=2021-01-01 00:00:00+00:00
[2026-02-25T13:50:05.901+0000] {processor.py:208} INFO - Processing /home/ubuntu/airflow-venv/lib/python3.12/site-packages/airflow/example_dags/example_trigger_controller_dag.py took 0.048 seconds
[2026-02-25T13:50:56.058+0000] {processor.py:186} INFO - Started process (PID=3437) to work on /home/ubuntu/airflow-venv/lib/python3.12/site-packages/airflow/example_dags/example_trigger_controller_dag.py
[2026-02-25T13:50:56.059+0000] {processor.py:914} INFO - Processing file /home/ubuntu/airflow-venv/lib/python3.12/site-packages/airflow/example_dags/example_trigger_controller_dag.py for tasks to queue
[2026-02-25T13:50:56.061+0000] {logging_mixin.py:190} INFO - [2026-02-25T13:50:56.061+0000] {dagbag.py:588} INFO - Filling up the DagBag from /home/ubuntu/airflow-venv/lib/python3.12/site-packages/airflow/example_dags/example_trigger_controller_dag.py
[2026-02-25T13:50:56.066+0000] {processor.py:925} INFO - DAG(s) 'example_trigger_controller_dag' retrieved from /home/ubuntu/airflow-venv/lib/python3.12/site-packages/airflow/example_dags/example_trigger_controller_dag.py
[2026-02-25T13:50:56.075+0000] {logging_mixin.py:190} INFO - [2026-02-25T13:50:56.075+0000] {dag.py:3239} INFO - Sync 1 DAGs
[2026-02-25T13:50:56.087+0000] {logging_mixin.py:190} INFO - [2026-02-25T13:50:56.086+0000] {dag.py:4180} INFO - Setting next_dagrun for example_trigger_controller_dag to 2021-01-01 00:00:00+00:00, run_after=2021-01-01 00:00:00+00:00
[2026-02-25T13:50:56.103+0000] {processor.py:208} INFO - Processing /home/ubuntu/airflow-venv/lib/python3.12/site-packages/airflow/example_dags/example_trigger_controller_dag.py took 0.048 seconds
[2026-02-25T13:51:48.425+0000] {processor.py:186} INFO - Started process (PID=3492) to work on /home/ubuntu/airflow-venv/lib/python3.12/site-packages/airflow/example_dags/example_trigger_controller_dag.py
[2026-02-25T13:51:48.426+0000] {processor.py:914} INFO - Processing file /home/ubuntu/airflow-venv/lib/python3.12/site-packages/airflow/example_dags/example_trigger_controller_dag.py for tasks to queue
[2026-02-25T13:51:48.428+0000] {logging_mixin.py:190} INFO - [2026-02-25T13:51:48.427+0000] {dagbag.py:588} INFO - Filling up the DagBag from /home/ubuntu/airflow-venv/lib/python3.12/site-packages/airflow/example_dags/example_trigger_controller_dag.py
[2026-02-25T13:51:48.432+0000] {processor.py:925} INFO - DAG(s) 'example_trigger_controller_dag' retrieved from /home/ubuntu/airflow-venv/lib/python3.12/site-packages/airflow/example_dags/example_trigger_controller_dag.py
[2026-02-25T13:51:48.441+0000] {logging_mixin.py:190} INFO - [2026-02-25T13:51:48.441+0000] {dag.py:3239} INFO - Sync 1 DAGs
[2026-02-25T13:51:48.453+0000] {logging_mixin.py:190} INFO - [2026-02-25T13:51:48.453+0000] {dag.py:4180} INFO - Setting next_dagrun for example_trigger_controller_dag to 2021-01-01 00:00:00+00:00, run_after=2021-01-01 00:00:00+00:00
[2026-02-25T13:51:48.469+0000] {processor.py:208} INFO - Processing /home/ubuntu/airflow-venv/lib/python3.12/site-packages/airflow/example_dags/example_trigger_controller_dag.py took 0.048 seconds
[2026-02-25T13:52:37.971+0000] {processor.py:186} INFO - Started process (PID=3545) to work on /home/ubuntu/airflow-venv/lib/python3.12/site-packages/airflow/example_dags/example_trigger_controller_dag.py
[2026-02-25T13:52:37.972+0000] {processor.py:914} INFO - Processing file /home/ubuntu/airflow-venv/lib/python3.12/site-packages/airflow/example_dags/example_trigger_controller_dag.py for tasks to queue
[2026-02-25T13:52:37.974+0000] {logging_mixin.py:190} INFO - [2026-02-25T13:52:37.973+0000] {dagbag.py:588} INFO - Filling up the DagBag from /home/ubuntu/airflow-venv/lib/python3.12/site-packages/airflow/example_dags/example_trigger_controller_dag.py
[2026-02-25T13:52:37.978+0000] {processor.py:925} INFO - DAG(s) 'example_trigger_controller_dag' retrieved from /home/ubuntu/airflow-venv/lib/python3.12/site-packages/airflow/example_dags/example_trigger_controller_dag.py
[2026-02-25T13:52:37.987+0000] {logging_mixin.py:190} INFO - [2026-02-25T13:52:37.987+0000] {dag.py:3239} INFO - Sync 1 DAGs
[2026-02-25T13:52:37.998+0000] {logging_mixin.py:190} INFO - [2026-02-25T13:52:37.998+0000] {dag.py:4180} INFO - Setting next_dagrun for example_trigger_controller_dag to 2021-01-01 00:00:00+00:00, run_after=2021-01-01 00:00:00+00:00
[2026-02-25T13:52:38.014+0000] {processor.py:208} INFO - Processing /home/ubuntu/airflow-venv/lib/python3.12/site-packages/airflow/example_dags/example_trigger_controller_dag.py took 0.047 seconds
[2026-02-25T13:53:26.515+0000] {processor.py:186} INFO - Started process (PID=3600) to work on /home/ubuntu/airflow-venv/lib/python3.12/site-packages/airflow/example_dags/example_trigger_controller_dag.py
[2026-02-25T13:53:26.516+0000] {processor.py:914} INFO - Processing file /home/ubuntu/airflow-venv/lib/python3.12/site-packages/airflow/example_dags/example_trigger_controller_dag.py for tasks to queue
[2026-02-25T13:53:26.517+0000] {logging_mixin.py:190} INFO - [2026-02-25T13:53:26.517+0000] {dagbag.py:588} INFO - Filling up the DagBag from /home/ubuntu/airflow-venv/lib/python3.12/site-packages/airflow/example_dags/example_trigger_controller_dag.py
[2026-02-25T13:53:26.522+0000] {processor.py:925} INFO - DAG(s) 'example_trigger_controller_dag' retrieved from /home/ubuntu/airflow-venv/lib/python3.12/site-packages/airflow/example_dags/example_trigger_controller_dag.py
[2026-02-25T13:53:26.531+0000] {logging_mixin.py:190} INFO - [2026-02-25T13:53:26.531+0000] {dag.py:3239} INFO - Sync 1 DAGs
[2026-02-25T13:53:26.543+0000] {logging_mixin.py:190} INFO - [2026-02-25T13:53:26.543+0000] {dag.py:4180} INFO - Setting next_dagrun for example_trigger_controller_dag to 2021-01-01 00:00:00+00:00, run_after=2021-01-01 00:00:00+00:00
[2026-02-25T13:53:26.559+0000] {processor.py:208} INFO - Processing /home/ubuntu/airflow-venv/lib/python3.12/site-packages/airflow/example_dags/example_trigger_controller_dag.py took 0.048 seconds
[2026-02-25T13:54:17.294+0000] {processor.py:186} INFO - Started process (PID=3662) to work on /home/ubuntu/airflow-venv/lib/python3.12/site-packages/airflow/example_dags/example_trigger_controller_dag.py
[2026-02-25T13:54:17.295+0000] {processor.py:914} INFO - Processing file /home/ubuntu/airflow-venv/lib/python3.12/site-packages/airflow/example_dags/example_trigger_controller_dag.py for tasks to queue
[2026-02-25T13:54:17.297+0000] {logging_mixin.py:190} INFO - [2026-02-25T13:54:17.296+0000] {dagbag.py:588} INFO - Filling up the DagBag from /home/ubuntu/airflow-venv/lib/python3.12/site-packages/airflow/example_dags/example_trigger_controller_dag.py
[2026-02-25T13:54:17.301+0000] {processor.py:925} INFO - DAG(s) 'example_trigger_controller_dag' retrieved from /home/ubuntu/airflow-venv/lib/python3.12/site-packages/airflow/example_dags/example_trigger_controller_dag.py
[2026-02-25T13:54:17.310+0000] {logging_mixin.py:190} INFO - [2026-02-25T13:54:17.310+0000] {dag.py:3239} INFO - Sync 1 DAGs
[2026-02-25T13:54:17.321+0000] {logging_mixin.py:190} INFO - [2026-02-25T13:54:17.321+0000] {dag.py:4180} INFO - Setting next_dagrun for example_trigger_controller_dag to 2021-01-01 00:00:00+00:00, run_after=2021-01-01 00:00:00+00:00
[2026-02-25T13:54:17.337+0000] {processor.py:208} INFO - Processing /home/ubuntu/airflow-venv/lib/python3.12/site-packages/airflow/example_dags/example_trigger_controller_dag.py took 0.047 seconds
[2026-02-25T13:55:08.115+0000] {processor.py:186} INFO - Started process (PID=3718) to work on /home/ubuntu/airflow-venv/lib/python3.12/site-packages/airflow/example_dags/example_trigger_controller_dag.py
[2026-02-25T13:55:08.116+0000] {processor.py:914} INFO - Processing file /home/ubuntu/airflow-venv/lib/python3.12/site-packages/airflow/example_dags/example_trigger_controller_dag.py for tasks to queue
[2026-02-25T13:55:08.118+0000] {logging_mixin.py:190} INFO - [2026-02-25T13:55:08.117+0000] {dagbag.py:588} INFO - Filling up the DagBag from /home/ubuntu/airflow-venv/lib/python3.12/site-packages/airflow/example_dags/example_trigger_controller_dag.py
[2026-02-25T13:55:08.122+0000] {processor.py:925} INFO - DAG(s) 'example_trigger_controller_dag' retrieved from /home/ubuntu/airflow-venv/lib/python3.12/site-packages/airflow/example_dags/example_trigger_controller_dag.py
[2026-02-25T13:55:08.131+0000] {logging_mixin.py:190} INFO - [2026-02-25T13:55:08.131+0000] {dag.py:3239} INFO - Sync 1 DAGs
[2026-02-25T13:55:08.143+0000] {logging_mixin.py:190} INFO - [2026-02-25T13:55:08.142+0000] {dag.py:4180} INFO - Setting next_dagrun for example_trigger_controller_dag to 2021-01-01 00:00:00+00:00, run_after=2021-01-01 00:00:00+00:00
[2026-02-25T13:55:08.159+0000] {processor.py:208} INFO - Processing /home/ubuntu/airflow-venv/lib/python3.12/site-packages/airflow/example_dags/example_trigger_controller_dag.py took 0.048 seconds
[2026-02-25T14:08:34.646+0000] {processor.py:186} INFO - Started process (PID=2070) to work on /home/ubuntu/airflow-venv/lib/python3.12/site-packages/airflow/example_dags/example_trigger_controller_dag.py
[2026-02-25T14:08:34.648+0000] {processor.py:914} INFO - Processing file /home/ubuntu/airflow-venv/lib/python3.12/site-packages/airflow/example_dags/example_trigger_controller_dag.py for tasks to queue
[2026-02-25T14:08:34.650+0000] {logging_mixin.py:190} INFO - [2026-02-25T14:08:34.649+0000] {dagbag.py:588} INFO - Filling up the DagBag from /home/ubuntu/airflow-venv/lib/python3.12/site-packages/airflow/example_dags/example_trigger_controller_dag.py
[2026-02-25T14:08:34.654+0000] {processor.py:925} INFO - DAG(s) 'example_trigger_controller_dag' retrieved from /home/ubuntu/airflow-venv/lib/python3.12/site-packages/airflow/example_dags/example_trigger_controller_dag.py
[2026-02-25T14:08:34.664+0000] {logging_mixin.py:190} INFO - [2026-02-25T14:08:34.664+0000] {dag.py:3239} INFO - Sync 1 DAGs
[2026-02-25T14:08:34.677+0000] {logging_mixin.py:190} INFO - [2026-02-25T14:08:34.677+0000] {dag.py:4180} INFO - Setting next_dagrun for example_trigger_controller_dag to 2021-01-01 00:00:00+00:00, run_after=2021-01-01 00:00:00+00:00
[2026-02-25T14:08:34.695+0000] {processor.py:208} INFO - Processing /home/ubuntu/airflow-venv/lib/python3.12/site-packages/airflow/example_dags/example_trigger_controller_dag.py took 0.052 seconds
[2026-02-25T14:09:30.147+0000] {processor.py:186} INFO - Started process (PID=2135) to work on /home/ubuntu/airflow-venv/lib/python3.12/site-packages/airflow/example_dags/example_trigger_controller_dag.py
[2026-02-25T14:09:30.148+0000] {processor.py:914} INFO - Processing file /home/ubuntu/airflow-venv/lib/python3.12/site-packages/airflow/example_dags/example_trigger_controller_dag.py for tasks to queue
[2026-02-25T14:09:30.150+0000] {logging_mixin.py:190} INFO - [2026-02-25T14:09:30.150+0000] {dagbag.py:588} INFO - Filling up the DagBag from /home/ubuntu/airflow-venv/lib/python3.12/site-packages/airflow/example_dags/example_trigger_controller_dag.py
[2026-02-25T14:09:30.154+0000] {processor.py:925} INFO - DAG(s) 'example_trigger_controller_dag' retrieved from /home/ubuntu/airflow-venv/lib/python3.12/site-packages/airflow/example_dags/example_trigger_controller_dag.py
[2026-02-25T14:09:30.164+0000] {logging_mixin.py:190} INFO - [2026-02-25T14:09:30.164+0000] {dag.py:3239} INFO - Sync 1 DAGs
[2026-02-25T14:09:30.175+0000] {logging_mixin.py:190} INFO - [2026-02-25T14:09:30.175+0000] {dag.py:4180} INFO - Setting next_dagrun for example_trigger_controller_dag to 2021-01-01 00:00:00+00:00, run_after=2021-01-01 00:00:00+00:00
[2026-02-25T14:09:30.193+0000] {processor.py:208} INFO - Processing /home/ubuntu/airflow-venv/lib/python3.12/site-packages/airflow/example_dags/example_trigger_controller_dag.py took 0.049 seconds
[2026-02-25T14:10:20.426+0000] {processor.py:186} INFO - Started process (PID=2191) to work on /home/ubuntu/airflow-venv/lib/python3.12/site-packages/airflow/example_dags/example_trigger_controller_dag.py
[2026-02-25T14:10:20.427+0000] {processor.py:914} INFO - Processing file /home/ubuntu/airflow-venv/lib/python3.12/site-packages/airflow/example_dags/example_trigger_controller_dag.py for tasks to queue
[2026-02-25T14:10:20.429+0000] {logging_mixin.py:190} INFO - [2026-02-25T14:10:20.429+0000] {dagbag.py:588} INFO - Filling up the DagBag from /home/ubuntu/airflow-venv/lib/python3.12/site-packages/airflow/example_dags/example_trigger_controller_dag.py
[2026-02-25T14:10:20.433+0000] {processor.py:925} INFO - DAG(s) 'example_trigger_controller_dag' retrieved from /home/ubuntu/airflow-venv/lib/python3.12/site-packages/airflow/example_dags/example_trigger_controller_dag.py
[2026-02-25T14:10:20.443+0000] {logging_mixin.py:190} INFO - [2026-02-25T14:10:20.443+0000] {dag.py:3239} INFO - Sync 1 DAGs
[2026-02-25T14:10:20.455+0000] {logging_mixin.py:190} INFO - [2026-02-25T14:10:20.455+0000] {dag.py:4180} INFO - Setting next_dagrun for example_trigger_controller_dag to 2021-01-01 00:00:00+00:00, run_after=2021-01-01 00:00:00+00:00
[2026-02-25T14:10:20.473+0000] {processor.py:208} INFO - Processing /home/ubuntu/airflow-venv/lib/python3.12/site-packages/airflow/example_dags/example_trigger_controller_dag.py took 0.050 seconds
[2026-02-25T14:11:08.924+0000] {processor.py:186} INFO - Started process (PID=2241) to work on /home/ubuntu/airflow-venv/lib/python3.12/site-packages/airflow/example_dags/example_trigger_controller_dag.py
[2026-02-25T14:11:08.925+0000] {processor.py:914} INFO - Processing file /home/ubuntu/airflow-venv/lib/python3.12/site-packages/airflow/example_dags/example_trigger_controller_dag.py for tasks to queue
[2026-02-25T14:11:08.926+0000] {logging_mixin.py:190} INFO - [2026-02-25T14:11:08.926+0000] {dagbag.py:588} INFO - Filling up the DagBag from /home/ubuntu/airflow-venv/lib/python3.12/site-packages/airflow/example_dags/example_trigger_controller_dag.py
[2026-02-25T14:11:08.931+0000] {processor.py:925} INFO - DAG(s) 'example_trigger_controller_dag' retrieved from /home/ubuntu/airflow-venv/lib/python3.12/site-packages/airflow/example_dags/example_trigger_controller_dag.py
[2026-02-25T14:11:08.940+0000] {logging_mixin.py:190} INFO - [2026-02-25T14:11:08.940+0000] {dag.py:3239} INFO - Sync 1 DAGs
[2026-02-25T14:11:08.952+0000] {logging_mixin.py:190} INFO - [2026-02-25T14:11:08.952+0000] {dag.py:4180} INFO - Setting next_dagrun for example_trigger_controller_dag to 2021-01-01 00:00:00+00:00, run_after=2021-01-01 00:00:00+00:00
[2026-02-25T14:11:08.969+0000] {processor.py:208} INFO - Processing /home/ubuntu/airflow-venv/lib/python3.12/site-packages/airflow/example_dags/example_trigger_controller_dag.py took 0.049 seconds
[2026-02-25T14:11:59.095+0000] {processor.py:186} INFO - Started process (PID=2295) to work on /home/ubuntu/airflow-venv/lib/python3.12/site-packages/airflow/example_dags/example_trigger_controller_dag.py
[2026-02-25T14:11:59.096+0000] {processor.py:914} INFO - Processing file /home/ubuntu/airflow-venv/lib/python3.12/site-packages/airflow/example_dags/example_trigger_controller_dag.py for tasks to queue
[2026-02-25T14:11:59.098+0000] {logging_mixin.py:190} INFO - [2026-02-25T14:11:59.098+0000] {dagbag.py:588} INFO - Filling up the DagBag from /home/ubuntu/airflow-venv/lib/python3.12/site-packages/airflow/example_dags/example_trigger_controller_dag.py
[2026-02-25T14:11:59.102+0000] {processor.py:925} INFO - DAG(s) 'example_trigger_controller_dag' retrieved from /home/ubuntu/airflow-venv/lib/python3.12/site-packages/airflow/example_dags/example_trigger_controller_dag.py
[2026-02-25T14:11:59.111+0000] {logging_mixin.py:190} INFO - [2026-02-25T14:11:59.111+0000] {dag.py:3239} INFO - Sync 1 DAGs
[2026-02-25T14:11:59.123+0000] {logging_mixin.py:190} INFO - [2026-02-25T14:11:59.123+0000] {dag.py:4180} INFO - Setting next_dagrun for example_trigger_controller_dag to 2021-01-01 00:00:00+00:00, run_after=2021-01-01 00:00:00+00:00
[2026-02-25T14:11:59.140+0000] {processor.py:208} INFO - Processing /home/ubuntu/airflow-venv/lib/python3.12/site-packages/airflow/example_dags/example_trigger_controller_dag.py took 0.049 seconds
[2026-02-25T14:12:46.525+0000] {processor.py:186} INFO - Started process (PID=2354) to work on /home/ubuntu/airflow-venv/lib/python3.12/site-packages/airflow/example_dags/example_trigger_controller_dag.py
[2026-02-25T14:12:46.527+0000] {processor.py:914} INFO - Processing file /home/ubuntu/airflow-venv/lib/python3.12/site-packages/airflow/example_dags/example_trigger_controller_dag.py for tasks to queue
[2026-02-25T14:12:46.528+0000] {logging_mixin.py:190} INFO - [2026-02-25T14:12:46.528+0000] {dagbag.py:588} INFO - Filling up the DagBag from /home/ubuntu/airflow-venv/lib/python3.12/site-packages/airflow/example_dags/example_trigger_controller_dag.py
[2026-02-25T14:12:46.533+0000] {processor.py:925} INFO - DAG(s) 'example_trigger_controller_dag' retrieved from /home/ubuntu/airflow-venv/lib/python3.12/site-packages/airflow/example_dags/example_trigger_controller_dag.py
[2026-02-25T14:12:46.542+0000] {logging_mixin.py:190} INFO - [2026-02-25T14:12:46.542+0000] {dag.py:3239} INFO - Sync 1 DAGs
[2026-02-25T14:12:46.554+0000] {logging_mixin.py:190} INFO - [2026-02-25T14:12:46.554+0000] {dag.py:4180} INFO - Setting next_dagrun for example_trigger_controller_dag to 2021-01-01 00:00:00+00:00, run_after=2021-01-01 00:00:00+00:00
[2026-02-25T14:12:46.570+0000] {processor.py:208} INFO - Processing /home/ubuntu/airflow-venv/lib/python3.12/site-packages/airflow/example_dags/example_trigger_controller_dag.py took 0.048 seconds
[2026-02-25T14:13:35.670+0000] {processor.py:186} INFO - Started process (PID=2405) to work on /home/ubuntu/airflow-venv/lib/python3.12/site-packages/airflow/example_dags/example_trigger_controller_dag.py
[2026-02-25T14:13:35.672+0000] {processor.py:914} INFO - Processing file /home/ubuntu/airflow-venv/lib/python3.12/site-packages/airflow/example_dags/example_trigger_controller_dag.py for tasks to queue
[2026-02-25T14:13:35.673+0000] {logging_mixin.py:190} INFO - [2026-02-25T14:13:35.673+0000] {dagbag.py:588} INFO - Filling up the DagBag from /home/ubuntu/airflow-venv/lib/python3.12/site-packages/airflow/example_dags/example_trigger_controller_dag.py
[2026-02-25T14:13:35.677+0000] {processor.py:925} INFO - DAG(s) 'example_trigger_controller_dag' retrieved from /home/ubuntu/airflow-venv/lib/python3.12/site-packages/airflow/example_dags/example_trigger_controller_dag.py
[2026-02-25T14:13:35.686+0000] {logging_mixin.py:190} INFO - [2026-02-25T14:13:35.686+0000] {dag.py:3239} INFO - Sync 1 DAGs
[2026-02-25T14:13:35.698+0000] {logging_mixin.py:190} INFO - [2026-02-25T14:13:35.698+0000] {dag.py:4180} INFO - Setting next_dagrun for example_trigger_controller_dag to 2021-01-01 00:00:00+00:00, run_after=2021-01-01 00:00:00+00:00
[2026-02-25T14:13:35.795+0000] {processor.py:208} INFO - Processing /home/ubuntu/airflow-venv/lib/python3.12/site-packages/airflow/example_dags/example_trigger_controller_dag.py took 0.128 seconds
[2026-02-25T14:14:30.390+0000] {processor.py:186} INFO - Started process (PID=2459) to work on /home/ubuntu/airflow-venv/lib/python3.12/site-packages/airflow/example_dags/example_trigger_controller_dag.py
[2026-02-25T14:14:30.391+0000] {processor.py:914} INFO - Processing file /home/ubuntu/airflow-venv/lib/python3.12/site-packages/airflow/example_dags/example_trigger_controller_dag.py for tasks to queue
[2026-02-25T14:14:30.491+0000] {logging_mixin.py:190} INFO - [2026-02-25T14:14:30.490+0000] {dagbag.py:588} INFO - Filling up the DagBag from /home/ubuntu/airflow-venv/lib/python3.12/site-packages/airflow/example_dags/example_trigger_controller_dag.py
[2026-02-25T14:14:30.494+0000] {processor.py:925} INFO - DAG(s) 'example_trigger_controller_dag' retrieved from /home/ubuntu/airflow-venv/lib/python3.12/site-packages/airflow/example_dags/example_trigger_controller_dag.py
[2026-02-25T14:14:30.500+0000] {logging_mixin.py:190} INFO - [2026-02-25T14:14:30.500+0000] {dag.py:3239} INFO - Sync 1 DAGs
[2026-02-25T14:14:30.511+0000] {logging_mixin.py:190} INFO - [2026-02-25T14:14:30.511+0000] {dag.py:4180} INFO - Setting next_dagrun for example_trigger_controller_dag to 2021-01-01 00:00:00+00:00, run_after=2021-01-01 00:00:00+00:00
[2026-02-25T14:14:30.528+0000] {processor.py:208} INFO - Processing /home/ubuntu/airflow-venv/lib/python3.12/site-packages/airflow/example_dags/example_trigger_controller_dag.py took 0.141 seconds
[2026-02-25T14:15:24.048+0000] {processor.py:186} INFO - Started process (PID=2517) to work on /home/ubuntu/airflow-venv/lib/python3.12/site-packages/airflow/example_dags/example_trigger_controller_dag.py
[2026-02-25T14:15:24.050+0000] {processor.py:914} INFO - Processing file /home/ubuntu/airflow-venv/lib/python3.12/site-packages/airflow/example_dags/example_trigger_controller_dag.py for tasks to queue
[2026-02-25T14:15:24.052+0000] {logging_mixin.py:190} INFO - [2026-02-25T14:15:24.051+0000] {dagbag.py:588} INFO - Filling up the DagBag from /home/ubuntu/airflow-venv/lib/python3.12/site-packages/airflow/example_dags/example_trigger_controller_dag.py
[2026-02-25T14:15:24.056+0000] {processor.py:925} INFO - DAG(s) 'example_trigger_controller_dag' retrieved from /home/ubuntu/airflow-venv/lib/python3.12/site-packages/airflow/example_dags/example_trigger_controller_dag.py
[2026-02-25T14:15:24.066+0000] {logging_mixin.py:190} INFO - [2026-02-25T14:15:24.066+0000] {dag.py:3239} INFO - Sync 1 DAGs
[2026-02-25T14:15:24.079+0000] {logging_mixin.py:190} INFO - [2026-02-25T14:15:24.079+0000] {dag.py:4180} INFO - Setting next_dagrun for example_trigger_controller_dag to 2021-01-01 00:00:00+00:00, run_after=2021-01-01 00:00:00+00:00
[2026-02-25T14:15:24.096+0000] {processor.py:208} INFO - Processing /home/ubuntu/airflow-venv/lib/python3.12/site-packages/airflow/example_dags/example_trigger_controller_dag.py took 0.051 seconds
[2026-02-25T14:16:13.124+0000] {processor.py:186} INFO - Started process (PID=2570) to work on /home/ubuntu/airflow-venv/lib/python3.12/site-packages/airflow/example_dags/example_trigger_controller_dag.py
[2026-02-25T14:16:13.125+0000] {processor.py:914} INFO - Processing file /home/ubuntu/airflow-venv/lib/python3.12/site-packages/airflow/example_dags/example_trigger_controller_dag.py for tasks to queue
[2026-02-25T14:16:13.127+0000] {logging_mixin.py:190} INFO - [2026-02-25T14:16:13.127+0000] {dagbag.py:588} INFO - Filling up the DagBag from /home/ubuntu/airflow-venv/lib/python3.12/site-packages/airflow/example_dags/example_trigger_controller_dag.py
[2026-02-25T14:16:13.131+0000] {processor.py:925} INFO - DAG(s) 'example_trigger_controller_dag' retrieved from /home/ubuntu/airflow-venv/lib/python3.12/site-packages/airflow/example_dags/example_trigger_controller_dag.py
[2026-02-25T14:16:13.141+0000] {logging_mixin.py:190} INFO - [2026-02-25T14:16:13.141+0000] {dag.py:3239} INFO - Sync 1 DAGs
[2026-02-25T14:16:13.154+0000] {logging_mixin.py:190} INFO - [2026-02-25T14:16:13.154+0000] {dag.py:4180} INFO - Setting next_dagrun for example_trigger_controller_dag to 2021-01-01 00:00:00+00:00, run_after=2021-01-01 00:00:00+00:00
[2026-02-25T14:16:13.172+0000] {processor.py:208} INFO - Processing /home/ubuntu/airflow-venv/lib/python3.12/site-packages/airflow/example_dags/example_trigger_controller_dag.py took 0.052 seconds
[2026-02-25T14:17:01.216+0000] {processor.py:186} INFO - Started process (PID=2623) to work on /home/ubuntu/airflow-venv/lib/python3.12/site-packages/airflow/example_dags/example_trigger_controller_dag.py
[2026-02-25T14:17:01.218+0000] {processor.py:914} INFO - Processing file /home/ubuntu/airflow-venv/lib/python3.12/site-packages/airflow/example_dags/example_trigger_controller_dag.py for tasks to queue
[2026-02-25T14:17:01.219+0000] {logging_mixin.py:190} INFO - [2026-02-25T14:17:01.219+0000] {dagbag.py:588} INFO - Filling up the DagBag from /home/ubuntu/airflow-venv/lib/python3.12/site-packages/airflow/example_dags/example_trigger_controller_dag.py
[2026-02-25T14:17:01.224+0000] {processor.py:925} INFO - DAG(s) 'example_trigger_controller_dag' retrieved from /home/ubuntu/airflow-venv/lib/python3.12/site-packages/airflow/example_dags/example_trigger_controller_dag.py
[2026-02-25T14:17:01.234+0000] {logging_mixin.py:190} INFO - [2026-02-25T14:17:01.234+0000] {dag.py:3239} INFO - Sync 1 DAGs
[2026-02-25T14:17:01.247+0000] {logging_mixin.py:190} INFO - [2026-02-25T14:17:01.246+0000] {dag.py:4180} INFO - Setting next_dagrun for example_trigger_controller_dag to 2021-01-01 00:00:00+00:00, run_after=2021-01-01 00:00:00+00:00
[2026-02-25T14:17:01.264+0000] {processor.py:208} INFO - Processing /home/ubuntu/airflow-venv/lib/python3.12/site-packages/airflow/example_dags/example_trigger_controller_dag.py took 0.051 seconds
[2026-02-25T14:17:52.750+0000] {processor.py:186} INFO - Started process (PID=2679) to work on /home/ubuntu/airflow-venv/lib/python3.12/site-packages/airflow/example_dags/example_trigger_controller_dag.py
[2026-02-25T14:17:52.751+0000] {processor.py:914} INFO - Processing file /home/ubuntu/airflow-venv/lib/python3.12/site-packages/airflow/example_dags/example_trigger_controller_dag.py for tasks to queue
[2026-02-25T14:17:52.753+0000] {logging_mixin.py:190} INFO - [2026-02-25T14:17:52.752+0000] {dagbag.py:588} INFO - Filling up the DagBag from /home/ubuntu/airflow-venv/lib/python3.12/site-packages/airflow/example_dags/example_trigger_controller_dag.py
[2026-02-25T14:17:52.757+0000] {processor.py:925} INFO - DAG(s) 'example_trigger_controller_dag' retrieved from /home/ubuntu/airflow-venv/lib/python3.12/site-packages/airflow/example_dags/example_trigger_controller_dag.py
[2026-02-25T14:17:52.766+0000] {logging_mixin.py:190} INFO - [2026-02-25T14:17:52.766+0000] {dag.py:3239} INFO - Sync 1 DAGs
[2026-02-25T14:17:52.779+0000] {logging_mixin.py:190} INFO - [2026-02-25T14:17:52.778+0000] {dag.py:4180} INFO - Setting next_dagrun for example_trigger_controller_dag to 2021-01-01 00:00:00+00:00, run_after=2021-01-01 00:00:00+00:00
[2026-02-25T14:17:52.795+0000] {processor.py:208} INFO - Processing /home/ubuntu/airflow-venv/lib/python3.12/site-packages/airflow/example_dags/example_trigger_controller_dag.py took 0.049 seconds
[2026-02-25T14:18:41.165+0000] {processor.py:186} INFO - Started process (PID=2732) to work on /home/ubuntu/airflow-venv/lib/python3.12/site-packages/airflow/example_dags/example_trigger_controller_dag.py
[2026-02-25T14:18:41.166+0000] {processor.py:914} INFO - Processing file /home/ubuntu/airflow-venv/lib/python3.12/site-packages/airflow/example_dags/example_trigger_controller_dag.py for tasks to queue
[2026-02-25T14:18:41.168+0000] {logging_mixin.py:190} INFO - [2026-02-25T14:18:41.167+0000] {dagbag.py:588} INFO - Filling up the DagBag from /home/ubuntu/airflow-venv/lib/python3.12/site-packages/airflow/example_dags/example_trigger_controller_dag.py
[2026-02-25T14:18:41.172+0000] {processor.py:925} INFO - DAG(s) 'example_trigger_controller_dag' retrieved from /home/ubuntu/airflow-venv/lib/python3.12/site-packages/airflow/example_dags/example_trigger_controller_dag.py
[2026-02-25T14:18:41.181+0000] {logging_mixin.py:190} INFO - [2026-02-25T14:18:41.181+0000] {dag.py:3239} INFO - Sync 1 DAGs
[2026-02-25T14:18:41.194+0000] {logging_mixin.py:190} INFO - [2026-02-25T14:18:41.193+0000] {dag.py:4180} INFO - Setting next_dagrun for example_trigger_controller_dag to 2021-01-01 00:00:00+00:00, run_after=2021-01-01 00:00:00+00:00
[2026-02-25T14:18:41.210+0000] {processor.py:208} INFO - Processing /home/ubuntu/airflow-venv/lib/python3.12/site-packages/airflow/example_dags/example_trigger_controller_dag.py took 0.049 seconds
[2026-02-25T14:19:27.014+0000] {processor.py:186} INFO - Started process (PID=3147) to work on /home/ubuntu/airflow-venv/lib/python3.12/site-packages/airflow/example_dags/example_trigger_controller_dag.py
[2026-02-25T14:19:27.015+0000] {processor.py:914} INFO - Processing file /home/ubuntu/airflow-venv/lib/python3.12/site-packages/airflow/example_dags/example_trigger_controller_dag.py for tasks to queue
[2026-02-25T14:19:27.017+0000] {logging_mixin.py:190} INFO - [2026-02-25T14:19:27.016+0000] {dagbag.py:588} INFO - Filling up the DagBag from /home/ubuntu/airflow-venv/lib/python3.12/site-packages/airflow/example_dags/example_trigger_controller_dag.py
[2026-02-25T14:19:27.021+0000] {processor.py:925} INFO - DAG(s) 'example_trigger_controller_dag' retrieved from /home/ubuntu/airflow-venv/lib/python3.12/site-packages/airflow/example_dags/example_trigger_controller_dag.py
[2026-02-25T14:19:27.030+0000] {logging_mixin.py:190} INFO - [2026-02-25T14:19:27.030+0000] {dag.py:3239} INFO - Sync 1 DAGs
[2026-02-25T14:19:27.043+0000] {logging_mixin.py:190} INFO - [2026-02-25T14:19:27.042+0000] {dag.py:4180} INFO - Setting next_dagrun for example_trigger_controller_dag to 2021-01-01 00:00:00+00:00, run_after=2021-01-01 00:00:00+00:00
[2026-02-25T14:19:27.059+0000] {processor.py:208} INFO - Processing /home/ubuntu/airflow-venv/lib/python3.12/site-packages/airflow/example_dags/example_trigger_controller_dag.py took 0.049 seconds
[2026-02-25T14:20:15.524+0000] {processor.py:186} INFO - Started process (PID=3201) to work on /home/ubuntu/airflow-venv/lib/python3.12/site-packages/airflow/example_dags/example_trigger_controller_dag.py
[2026-02-25T14:20:15.525+0000] {processor.py:914} INFO - Processing file /home/ubuntu/airflow-venv/lib/python3.12/site-packages/airflow/example_dags/example_trigger_controller_dag.py for tasks to queue
[2026-02-25T14:20:15.526+0000] {logging_mixin.py:190} INFO - [2026-02-25T14:20:15.526+0000] {dagbag.py:588} INFO - Filling up the DagBag from /home/ubuntu/airflow-venv/lib/python3.12/site-packages/airflow/example_dags/example_trigger_controller_dag.py
[2026-02-25T14:20:15.531+0000] {processor.py:925} INFO - DAG(s) 'example_trigger_controller_dag' retrieved from /home/ubuntu/airflow-venv/lib/python3.12/site-packages/airflow/example_dags/example_trigger_controller_dag.py
[2026-02-25T14:20:15.541+0000] {logging_mixin.py:190} INFO - [2026-02-25T14:20:15.541+0000] {dag.py:3239} INFO - Sync 1 DAGs
[2026-02-25T14:20:15.553+0000] {logging_mixin.py:190} INFO - [2026-02-25T14:20:15.553+0000] {dag.py:4180} INFO - Setting next_dagrun for example_trigger_controller_dag to 2021-01-01 00:00:00+00:00, run_after=2021-01-01 00:00:00+00:00
[2026-02-25T14:20:15.570+0000] {processor.py:208} INFO - Processing /home/ubuntu/airflow-venv/lib/python3.12/site-packages/airflow/example_dags/example_trigger_controller_dag.py took 0.050 seconds
[2026-02-25T14:21:06.800+0000] {processor.py:186} INFO - Started process (PID=3255) to work on /home/ubuntu/airflow-venv/lib/python3.12/site-packages/airflow/example_dags/example_trigger_controller_dag.py
[2026-02-25T14:21:06.801+0000] {processor.py:914} INFO - Processing file /home/ubuntu/airflow-venv/lib/python3.12/site-packages/airflow/example_dags/example_trigger_controller_dag.py for tasks to queue
[2026-02-25T14:21:06.803+0000] {logging_mixin.py:190} INFO - [2026-02-25T14:21:06.803+0000] {dagbag.py:588} INFO - Filling up the DagBag from /home/ubuntu/airflow-venv/lib/python3.12/site-packages/airflow/example_dags/example_trigger_controller_dag.py
[2026-02-25T14:21:06.808+0000] {processor.py:925} INFO - DAG(s) 'example_trigger_controller_dag' retrieved from /home/ubuntu/airflow-venv/lib/python3.12/site-packages/airflow/example_dags/example_trigger_controller_dag.py
[2026-02-25T14:21:06.819+0000] {logging_mixin.py:190} INFO - [2026-02-25T14:21:06.818+0000] {dag.py:3239} INFO - Sync 1 DAGs
[2026-02-25T14:21:06.832+0000] {logging_mixin.py:190} INFO - [2026-02-25T14:21:06.832+0000] {dag.py:4180} INFO - Setting next_dagrun for example_trigger_controller_dag to 2021-01-01 00:00:00+00:00, run_after=2021-01-01 00:00:00+00:00
[2026-02-25T14:21:06.850+0000] {processor.py:208} INFO - Processing /home/ubuntu/airflow-venv/lib/python3.12/site-packages/airflow/example_dags/example_trigger_controller_dag.py took 0.053 seconds
[2026-02-25T14:21:57.117+0000] {processor.py:186} INFO - Started process (PID=3672) to work on /home/ubuntu/airflow-venv/lib/python3.12/site-packages/airflow/example_dags/example_trigger_controller_dag.py
[2026-02-25T14:21:57.118+0000] {processor.py:914} INFO - Processing file /home/ubuntu/airflow-venv/lib/python3.12/site-packages/airflow/example_dags/example_trigger_controller_dag.py for tasks to queue
[2026-02-25T14:21:57.119+0000] {logging_mixin.py:190} INFO - [2026-02-25T14:21:57.119+0000] {dagbag.py:588} INFO - Filling up the DagBag from /home/ubuntu/airflow-venv/lib/python3.12/site-packages/airflow/example_dags/example_trigger_controller_dag.py
[2026-02-25T14:21:57.124+0000] {processor.py:925} INFO - DAG(s) 'example_trigger_controller_dag' retrieved from /home/ubuntu/airflow-venv/lib/python3.12/site-packages/airflow/example_dags/example_trigger_controller_dag.py
[2026-02-25T14:21:57.134+0000] {logging_mixin.py:190} INFO - [2026-02-25T14:21:57.133+0000] {dag.py:3239} INFO - Sync 1 DAGs
[2026-02-25T14:21:57.146+0000] {logging_mixin.py:190} INFO - [2026-02-25T14:21:57.146+0000] {dag.py:4180} INFO - Setting next_dagrun for example_trigger_controller_dag to 2021-01-01 00:00:00+00:00, run_after=2021-01-01 00:00:00+00:00
[2026-02-25T14:21:57.164+0000] {processor.py:208} INFO - Processing /home/ubuntu/airflow-venv/lib/python3.12/site-packages/airflow/example_dags/example_trigger_controller_dag.py took 0.051 seconds
[2026-02-25T14:22:49.071+0000] {processor.py:186} INFO - Started process (PID=3731) to work on /home/ubuntu/airflow-venv/lib/python3.12/site-packages/airflow/example_dags/example_trigger_controller_dag.py
[2026-02-25T14:22:49.072+0000] {processor.py:914} INFO - Processing file /home/ubuntu/airflow-venv/lib/python3.12/site-packages/airflow/example_dags/example_trigger_controller_dag.py for tasks to queue
[2026-02-25T14:22:49.074+0000] {logging_mixin.py:190} INFO - [2026-02-25T14:22:49.074+0000] {dagbag.py:588} INFO - Filling up the DagBag from /home/ubuntu/airflow-venv/lib/python3.12/site-packages/airflow/example_dags/example_trigger_controller_dag.py
[2026-02-25T14:22:49.079+0000] {processor.py:925} INFO - DAG(s) 'example_trigger_controller_dag' retrieved from /home/ubuntu/airflow-venv/lib/python3.12/site-packages/airflow/example_dags/example_trigger_controller_dag.py
[2026-02-25T14:22:49.088+0000] {logging_mixin.py:190} INFO - [2026-02-25T14:22:49.088+0000] {dag.py:3239} INFO - Sync 1 DAGs
[2026-02-25T14:22:49.101+0000] {logging_mixin.py:190} INFO - [2026-02-25T14:22:49.101+0000] {dag.py:4180} INFO - Setting next_dagrun for example_trigger_controller_dag to 2021-01-01 00:00:00+00:00, run_after=2021-01-01 00:00:00+00:00
[2026-02-25T14:22:49.119+0000] {processor.py:208} INFO - Processing /home/ubuntu/airflow-venv/lib/python3.12/site-packages/airflow/example_dags/example_trigger_controller_dag.py took 0.051 seconds
[2026-02-25T14:23:39.858+0000] {processor.py:186} INFO - Started process (PID=3786) to work on /home/ubuntu/airflow-venv/lib/python3.12/site-packages/airflow/example_dags/example_trigger_controller_dag.py
[2026-02-25T14:23:39.860+0000] {processor.py:914} INFO - Processing file /home/ubuntu/airflow-venv/lib/python3.12/site-packages/airflow/example_dags/example_trigger_controller_dag.py for tasks to queue
[2026-02-25T14:23:39.861+0000] {logging_mixin.py:190} INFO - [2026-02-25T14:23:39.861+0000] {dagbag.py:588} INFO - Filling up the DagBag from /home/ubuntu/airflow-venv/lib/python3.12/site-packages/airflow/example_dags/example_trigger_controller_dag.py
[2026-02-25T14:23:39.866+0000] {processor.py:925} INFO - DAG(s) 'example_trigger_controller_dag' retrieved from /home/ubuntu/airflow-venv/lib/python3.12/site-packages/airflow/example_dags/example_trigger_controller_dag.py
[2026-02-25T14:23:39.875+0000] {logging_mixin.py:190} INFO - [2026-02-25T14:23:39.875+0000] {dag.py:3239} INFO - Sync 1 DAGs
[2026-02-25T14:23:39.888+0000] {logging_mixin.py:190} INFO - [2026-02-25T14:23:39.888+0000] {dag.py:4180} INFO - Setting next_dagrun for example_trigger_controller_dag to 2021-01-01 00:00:00+00:00, run_after=2021-01-01 00:00:00+00:00
[2026-02-25T14:23:39.904+0000] {processor.py:208} INFO - Processing /home/ubuntu/airflow-venv/lib/python3.12/site-packages/airflow/example_dags/example_trigger_controller_dag.py took 0.049 seconds
[2026-02-25T14:24:28.774+0000] {processor.py:186} INFO - Started process (PID=3835) to work on /home/ubuntu/airflow-venv/lib/python3.12/site-packages/airflow/example_dags/example_trigger_controller_dag.py
[2026-02-25T14:24:28.775+0000] {processor.py:914} INFO - Processing file /home/ubuntu/airflow-venv/lib/python3.12/site-packages/airflow/example_dags/example_trigger_controller_dag.py for tasks to queue
[2026-02-25T14:24:28.776+0000] {logging_mixin.py:190} INFO - [2026-02-25T14:24:28.776+0000] {dagbag.py:588} INFO - Filling up the DagBag from /home/ubuntu/airflow-venv/lib/python3.12/site-packages/airflow/example_dags/example_trigger_controller_dag.py
[2026-02-25T14:24:28.781+0000] {processor.py:925} INFO - DAG(s) 'example_trigger_controller_dag' retrieved from /home/ubuntu/airflow-venv/lib/python3.12/site-packages/airflow/example_dags/example_trigger_controller_dag.py
[2026-02-25T14:24:28.791+0000] {logging_mixin.py:190} INFO - [2026-02-25T14:24:28.791+0000] {dag.py:3239} INFO - Sync 1 DAGs
[2026-02-25T14:24:28.804+0000] {logging_mixin.py:190} INFO - [2026-02-25T14:24:28.804+0000] {dag.py:4180} INFO - Setting next_dagrun for example_trigger_controller_dag to 2021-01-01 00:00:00+00:00, run_after=2021-01-01 00:00:00+00:00
[2026-02-25T14:24:28.820+0000] {processor.py:208} INFO - Processing /home/ubuntu/airflow-venv/lib/python3.12/site-packages/airflow/example_dags/example_trigger_controller_dag.py took 0.050 seconds
[2026-02-25T14:25:17.462+0000] {processor.py:186} INFO - Started process (PID=3905) to work on /home/ubuntu/airflow-venv/lib/python3.12/site-packages/airflow/example_dags/example_trigger_controller_dag.py
[2026-02-25T14:25:17.463+0000] {processor.py:914} INFO - Processing file /home/ubuntu/airflow-venv/lib/python3.12/site-packages/airflow/example_dags/example_trigger_controller_dag.py for tasks to queue
[2026-02-25T14:25:17.465+0000] {logging_mixin.py:190} INFO - [2026-02-25T14:25:17.464+0000] {dagbag.py:588} INFO - Filling up the DagBag from /home/ubuntu/airflow-venv/lib/python3.12/site-packages/airflow/example_dags/example_trigger_controller_dag.py
[2026-02-25T14:25:17.469+0000] {processor.py:925} INFO - DAG(s) 'example_trigger_controller_dag' retrieved from /home/ubuntu/airflow-venv/lib/python3.12/site-packages/airflow/example_dags/example_trigger_controller_dag.py
[2026-02-25T14:25:17.479+0000] {logging_mixin.py:190} INFO - [2026-02-25T14:25:17.479+0000] {dag.py:3239} INFO - Sync 1 DAGs
[2026-02-25T14:25:17.492+0000] {logging_mixin.py:190} INFO - [2026-02-25T14:25:17.492+0000] {dag.py:4180} INFO - Setting next_dagrun for example_trigger_controller_dag to 2021-01-01 00:00:00+00:00, run_after=2021-01-01 00:00:00+00:00
[2026-02-25T14:25:17.510+0000] {processor.py:208} INFO - Processing /home/ubuntu/airflow-venv/lib/python3.12/site-packages/airflow/example_dags/example_trigger_controller_dag.py took 0.052 seconds
[2026-02-25T14:26:07.825+0000] {processor.py:186} INFO - Started process (PID=3957) to work on /home/ubuntu/airflow-venv/lib/python3.12/site-packages/airflow/example_dags/example_trigger_controller_dag.py
[2026-02-25T14:26:07.826+0000] {processor.py:914} INFO - Processing file /home/ubuntu/airflow-venv/lib/python3.12/site-packages/airflow/example_dags/example_trigger_controller_dag.py for tasks to queue
[2026-02-25T14:26:07.828+0000] {logging_mixin.py:190} INFO - [2026-02-25T14:26:07.828+0000] {dagbag.py:588} INFO - Filling up the DagBag from /home/ubuntu/airflow-venv/lib/python3.12/site-packages/airflow/example_dags/example_trigger_controller_dag.py
[2026-02-25T14:26:07.832+0000] {processor.py:925} INFO - DAG(s) 'example_trigger_controller_dag' retrieved from /home/ubuntu/airflow-venv/lib/python3.12/site-packages/airflow/example_dags/example_trigger_controller_dag.py
[2026-02-25T14:26:07.842+0000] {logging_mixin.py:190} INFO - [2026-02-25T14:26:07.842+0000] {dag.py:3239} INFO - Sync 1 DAGs
[2026-02-25T14:26:07.855+0000] {logging_mixin.py:190} INFO - [2026-02-25T14:26:07.854+0000] {dag.py:4180} INFO - Setting next_dagrun for example_trigger_controller_dag to 2021-01-01 00:00:00+00:00, run_after=2021-01-01 00:00:00+00:00
[2026-02-25T14:26:07.871+0000] {processor.py:208} INFO - Processing /home/ubuntu/airflow-venv/lib/python3.12/site-packages/airflow/example_dags/example_trigger_controller_dag.py took 0.050 seconds
[2026-02-25T14:26:55.377+0000] {processor.py:186} INFO - Started process (PID=4009) to work on /home/ubuntu/airflow-venv/lib/python3.12/site-packages/airflow/example_dags/example_trigger_controller_dag.py
[2026-02-25T14:26:55.378+0000] {processor.py:914} INFO - Processing file /home/ubuntu/airflow-venv/lib/python3.12/site-packages/airflow/example_dags/example_trigger_controller_dag.py for tasks to queue
[2026-02-25T14:26:55.380+0000] {logging_mixin.py:190} INFO - [2026-02-25T14:26:55.380+0000] {dagbag.py:588} INFO - Filling up the DagBag from /home/ubuntu/airflow-venv/lib/python3.12/site-packages/airflow/example_dags/example_trigger_controller_dag.py
[2026-02-25T14:26:55.384+0000] {processor.py:925} INFO - DAG(s) 'example_trigger_controller_dag' retrieved from /home/ubuntu/airflow-venv/lib/python3.12/site-packages/airflow/example_dags/example_trigger_controller_dag.py
[2026-02-25T14:26:55.394+0000] {logging_mixin.py:190} INFO - [2026-02-25T14:26:55.394+0000] {dag.py:3239} INFO - Sync 1 DAGs
[2026-02-25T14:26:55.406+0000] {logging_mixin.py:190} INFO - [2026-02-25T14:26:55.406+0000] {dag.py:4180} INFO - Setting next_dagrun for example_trigger_controller_dag to 2021-01-01 00:00:00+00:00, run_after=2021-01-01 00:00:00+00:00
[2026-02-25T14:26:55.423+0000] {processor.py:208} INFO - Processing /home/ubuntu/airflow-venv/lib/python3.12/site-packages/airflow/example_dags/example_trigger_controller_dag.py took 0.050 seconds
[2026-02-25T14:27:45.627+0000] {processor.py:186} INFO - Started process (PID=4062) to work on /home/ubuntu/airflow-venv/lib/python3.12/site-packages/airflow/example_dags/example_trigger_controller_dag.py
[2026-02-25T14:27:45.628+0000] {processor.py:914} INFO - Processing file /home/ubuntu/airflow-venv/lib/python3.12/site-packages/airflow/example_dags/example_trigger_controller_dag.py for tasks to queue
[2026-02-25T14:27:45.630+0000] {logging_mixin.py:190} INFO - [2026-02-25T14:27:45.629+0000] {dagbag.py:588} INFO - Filling up the DagBag from /home/ubuntu/airflow-venv/lib/python3.12/site-packages/airflow/example_dags/example_trigger_controller_dag.py
[2026-02-25T14:27:45.634+0000] {processor.py:925} INFO - DAG(s) 'example_trigger_controller_dag' retrieved from /home/ubuntu/airflow-venv/lib/python3.12/site-packages/airflow/example_dags/example_trigger_controller_dag.py
[2026-02-25T14:27:45.643+0000] {logging_mixin.py:190} INFO - [2026-02-25T14:27:45.643+0000] {dag.py:3239} INFO - Sync 1 DAGs
[2026-02-25T14:27:45.656+0000] {logging_mixin.py:190} INFO - [2026-02-25T14:27:45.656+0000] {dag.py:4180} INFO - Setting next_dagrun for example_trigger_controller_dag to 2021-01-01 00:00:00+00:00, run_after=2021-01-01 00:00:00+00:00
[2026-02-25T14:27:45.673+0000] {processor.py:208} INFO - Processing /home/ubuntu/airflow-venv/lib/python3.12/site-packages/airflow/example_dags/example_trigger_controller_dag.py took 0.050 seconds
[2026-02-25T14:28:35.844+0000] {processor.py:186} INFO - Started process (PID=4114) to work on /home/ubuntu/airflow-venv/lib/python3.12/site-packages/airflow/example_dags/example_trigger_controller_dag.py
[2026-02-25T14:28:35.845+0000] {processor.py:914} INFO - Processing file /home/ubuntu/airflow-venv/lib/python3.12/site-packages/airflow/example_dags/example_trigger_controller_dag.py for tasks to queue
[2026-02-25T14:28:35.846+0000] {logging_mixin.py:190} INFO - [2026-02-25T14:28:35.846+0000] {dagbag.py:588} INFO - Filling up the DagBag from /home/ubuntu/airflow-venv/lib/python3.12/site-packages/airflow/example_dags/example_trigger_controller_dag.py
[2026-02-25T14:28:35.851+0000] {processor.py:925} INFO - DAG(s) 'example_trigger_controller_dag' retrieved from /home/ubuntu/airflow-venv/lib/python3.12/site-packages/airflow/example_dags/example_trigger_controller_dag.py
[2026-02-25T14:28:35.860+0000] {logging_mixin.py:190} INFO - [2026-02-25T14:28:35.860+0000] {dag.py:3239} INFO - Sync 1 DAGs
[2026-02-25T14:28:35.872+0000] {logging_mixin.py:190} INFO - [2026-02-25T14:28:35.872+0000] {dag.py:4180} INFO - Setting next_dagrun for example_trigger_controller_dag to 2021-01-01 00:00:00+00:00, run_after=2021-01-01 00:00:00+00:00
[2026-02-25T14:28:35.889+0000] {processor.py:208} INFO - Processing /home/ubuntu/airflow-venv/lib/python3.12/site-packages/airflow/example_dags/example_trigger_controller_dag.py took 0.049 seconds
[2026-02-25T14:29:26.486+0000] {processor.py:186} INFO - Started process (PID=4167) to work on /home/ubuntu/airflow-venv/lib/python3.12/site-packages/airflow/example_dags/example_trigger_controller_dag.py
[2026-02-25T14:29:26.487+0000] {processor.py:914} INFO - Processing file /home/ubuntu/airflow-venv/lib/python3.12/site-packages/airflow/example_dags/example_trigger_controller_dag.py for tasks to queue
[2026-02-25T14:29:26.488+0000] {logging_mixin.py:190} INFO - [2026-02-25T14:29:26.488+0000] {dagbag.py:588} INFO - Filling up the DagBag from /home/ubuntu/airflow-venv/lib/python3.12/site-packages/airflow/example_dags/example_trigger_controller_dag.py
[2026-02-25T14:29:26.493+0000] {processor.py:925} INFO - DAG(s) 'example_trigger_controller_dag' retrieved from /home/ubuntu/airflow-venv/lib/python3.12/site-packages/airflow/example_dags/example_trigger_controller_dag.py
[2026-02-25T14:29:26.503+0000] {logging_mixin.py:190} INFO - [2026-02-25T14:29:26.503+0000] {dag.py:3239} INFO - Sync 1 DAGs
[2026-02-25T14:29:26.516+0000] {logging_mixin.py:190} INFO - [2026-02-25T14:29:26.516+0000] {dag.py:4180} INFO - Setting next_dagrun for example_trigger_controller_dag to 2021-01-01 00:00:00+00:00, run_after=2021-01-01 00:00:00+00:00
[2026-02-25T14:29:26.534+0000] {processor.py:208} INFO - Processing /home/ubuntu/airflow-venv/lib/python3.12/site-packages/airflow/example_dags/example_trigger_controller_dag.py took 0.052 seconds
[2026-02-25T14:30:15.625+0000] {processor.py:186} INFO - Started process (PID=4227) to work on /home/ubuntu/airflow-venv/lib/python3.12/site-packages/airflow/example_dags/example_trigger_controller_dag.py
[2026-02-25T14:30:15.626+0000] {processor.py:914} INFO - Processing file /home/ubuntu/airflow-venv/lib/python3.12/site-packages/airflow/example_dags/example_trigger_controller_dag.py for tasks to queue
[2026-02-25T14:30:15.627+0000] {logging_mixin.py:190} INFO - [2026-02-25T14:30:15.627+0000] {dagbag.py:588} INFO - Filling up the DagBag from /home/ubuntu/airflow-venv/lib/python3.12/site-packages/airflow/example_dags/example_trigger_controller_dag.py
[2026-02-25T14:30:15.632+0000] {processor.py:925} INFO - DAG(s) 'example_trigger_controller_dag' retrieved from /home/ubuntu/airflow-venv/lib/python3.12/site-packages/airflow/example_dags/example_trigger_controller_dag.py
[2026-02-25T14:30:15.641+0000] {logging_mixin.py:190} INFO - [2026-02-25T14:30:15.641+0000] {dag.py:3239} INFO - Sync 1 DAGs
[2026-02-25T14:30:15.654+0000] {logging_mixin.py:190} INFO - [2026-02-25T14:30:15.654+0000] {dag.py:4180} INFO - Setting next_dagrun for example_trigger_controller_dag to 2021-01-01 00:00:00+00:00, run_after=2021-01-01 00:00:00+00:00
[2026-02-25T14:30:15.672+0000] {processor.py:208} INFO - Processing /home/ubuntu/airflow-venv/lib/python3.12/site-packages/airflow/example_dags/example_trigger_controller_dag.py took 0.051 seconds
[2026-02-25T14:33:40.105+0000] {processor.py:186} INFO - Started process (PID=2047) to work on /home/ubuntu/airflow-venv/lib/python3.12/site-packages/airflow/example_dags/example_trigger_controller_dag.py
[2026-02-25T14:33:40.107+0000] {processor.py:914} INFO - Processing file /home/ubuntu/airflow-venv/lib/python3.12/site-packages/airflow/example_dags/example_trigger_controller_dag.py for tasks to queue
[2026-02-25T14:33:40.109+0000] {logging_mixin.py:190} INFO - [2026-02-25T14:33:40.108+0000] {dagbag.py:588} INFO - Filling up the DagBag from /home/ubuntu/airflow-venv/lib/python3.12/site-packages/airflow/example_dags/example_trigger_controller_dag.py
[2026-02-25T14:33:40.113+0000] {processor.py:925} INFO - DAG(s) 'example_trigger_controller_dag' retrieved from /home/ubuntu/airflow-venv/lib/python3.12/site-packages/airflow/example_dags/example_trigger_controller_dag.py
[2026-02-25T14:33:40.124+0000] {logging_mixin.py:190} INFO - [2026-02-25T14:33:40.124+0000] {dag.py:3239} INFO - Sync 1 DAGs
[2026-02-25T14:33:40.137+0000] {logging_mixin.py:190} INFO - [2026-02-25T14:33:40.137+0000] {dag.py:4180} INFO - Setting next_dagrun for example_trigger_controller_dag to 2021-01-01 00:00:00+00:00, run_after=2021-01-01 00:00:00+00:00
[2026-02-25T14:33:40.154+0000] {processor.py:208} INFO - Processing /home/ubuntu/airflow-venv/lib/python3.12/site-packages/airflow/example_dags/example_trigger_controller_dag.py took 0.053 seconds
[2026-02-25T14:34:33.255+0000] {processor.py:186} INFO - Started process (PID=2125) to work on /home/ubuntu/airflow-venv/lib/python3.12/site-packages/airflow/example_dags/example_trigger_controller_dag.py
[2026-02-25T14:34:33.256+0000] {processor.py:914} INFO - Processing file /home/ubuntu/airflow-venv/lib/python3.12/site-packages/airflow/example_dags/example_trigger_controller_dag.py for tasks to queue
[2026-02-25T14:34:33.258+0000] {logging_mixin.py:190} INFO - [2026-02-25T14:34:33.258+0000] {dagbag.py:588} INFO - Filling up the DagBag from /home/ubuntu/airflow-venv/lib/python3.12/site-packages/airflow/example_dags/example_trigger_controller_dag.py
[2026-02-25T14:34:33.262+0000] {processor.py:925} INFO - DAG(s) 'example_trigger_controller_dag' retrieved from /home/ubuntu/airflow-venv/lib/python3.12/site-packages/airflow/example_dags/example_trigger_controller_dag.py
[2026-02-25T14:34:33.271+0000] {logging_mixin.py:190} INFO - [2026-02-25T14:34:33.271+0000] {dag.py:3239} INFO - Sync 1 DAGs
[2026-02-25T14:34:33.283+0000] {logging_mixin.py:190} INFO - [2026-02-25T14:34:33.283+0000] {dag.py:4180} INFO - Setting next_dagrun for example_trigger_controller_dag to 2021-01-01 00:00:00+00:00, run_after=2021-01-01 00:00:00+00:00
[2026-02-25T14:34:33.300+0000] {processor.py:208} INFO - Processing /home/ubuntu/airflow-venv/lib/python3.12/site-packages/airflow/example_dags/example_trigger_controller_dag.py took 0.049 seconds
[2026-02-25T14:35:22.830+0000] {processor.py:186} INFO - Started process (PID=2180) to work on /home/ubuntu/airflow-venv/lib/python3.12/site-packages/airflow/example_dags/example_trigger_controller_dag.py
[2026-02-25T14:35:22.831+0000] {processor.py:914} INFO - Processing file /home/ubuntu/airflow-venv/lib/python3.12/site-packages/airflow/example_dags/example_trigger_controller_dag.py for tasks to queue
[2026-02-25T14:35:22.833+0000] {logging_mixin.py:190} INFO - [2026-02-25T14:35:22.833+0000] {dagbag.py:588} INFO - Filling up the DagBag from /home/ubuntu/airflow-venv/lib/python3.12/site-packages/airflow/example_dags/example_trigger_controller_dag.py
[2026-02-25T14:35:22.838+0000] {processor.py:925} INFO - DAG(s) 'example_trigger_controller_dag' retrieved from /home/ubuntu/airflow-venv/lib/python3.12/site-packages/airflow/example_dags/example_trigger_controller_dag.py
[2026-02-25T14:35:22.847+0000] {logging_mixin.py:190} INFO - [2026-02-25T14:35:22.847+0000] {dag.py:3239} INFO - Sync 1 DAGs
[2026-02-25T14:35:22.860+0000] {logging_mixin.py:190} INFO - [2026-02-25T14:35:22.860+0000] {dag.py:4180} INFO - Setting next_dagrun for example_trigger_controller_dag to 2021-01-01 00:00:00+00:00, run_after=2021-01-01 00:00:00+00:00
[2026-02-25T14:35:22.877+0000] {processor.py:208} INFO - Processing /home/ubuntu/airflow-venv/lib/python3.12/site-packages/airflow/example_dags/example_trigger_controller_dag.py took 0.050 seconds
[2026-02-25T14:36:09.642+0000] {processor.py:186} INFO - Started process (PID=2592) to work on /home/ubuntu/airflow-venv/lib/python3.12/site-packages/airflow/example_dags/example_trigger_controller_dag.py
[2026-02-25T14:36:09.643+0000] {processor.py:914} INFO - Processing file /home/ubuntu/airflow-venv/lib/python3.12/site-packages/airflow/example_dags/example_trigger_controller_dag.py for tasks to queue
[2026-02-25T14:36:09.645+0000] {logging_mixin.py:190} INFO - [2026-02-25T14:36:09.644+0000] {dagbag.py:588} INFO - Filling up the DagBag from /home/ubuntu/airflow-venv/lib/python3.12/site-packages/airflow/example_dags/example_trigger_controller_dag.py
[2026-02-25T14:36:09.649+0000] {processor.py:925} INFO - DAG(s) 'example_trigger_controller_dag' retrieved from /home/ubuntu/airflow-venv/lib/python3.12/site-packages/airflow/example_dags/example_trigger_controller_dag.py
[2026-02-25T14:36:09.658+0000] {logging_mixin.py:190} INFO - [2026-02-25T14:36:09.658+0000] {dag.py:3239} INFO - Sync 1 DAGs
[2026-02-25T14:36:09.670+0000] {logging_mixin.py:190} INFO - [2026-02-25T14:36:09.670+0000] {dag.py:4180} INFO - Setting next_dagrun for example_trigger_controller_dag to 2021-01-01 00:00:00+00:00, run_after=2021-01-01 00:00:00+00:00
[2026-02-25T14:36:09.686+0000] {processor.py:208} INFO - Processing /home/ubuntu/airflow-venv/lib/python3.12/site-packages/airflow/example_dags/example_trigger_controller_dag.py took 0.048 seconds
[2026-02-25T14:37:00.276+0000] {processor.py:186} INFO - Started process (PID=2664) to work on /home/ubuntu/airflow-venv/lib/python3.12/site-packages/airflow/example_dags/example_trigger_controller_dag.py
[2026-02-25T14:37:00.278+0000] {processor.py:914} INFO - Processing file /home/ubuntu/airflow-venv/lib/python3.12/site-packages/airflow/example_dags/example_trigger_controller_dag.py for tasks to queue
[2026-02-25T14:37:00.279+0000] {logging_mixin.py:190} INFO - [2026-02-25T14:37:00.279+0000] {dagbag.py:588} INFO - Filling up the DagBag from /home/ubuntu/airflow-venv/lib/python3.12/site-packages/airflow/example_dags/example_trigger_controller_dag.py
[2026-02-25T14:37:00.284+0000] {processor.py:925} INFO - DAG(s) 'example_trigger_controller_dag' retrieved from /home/ubuntu/airflow-venv/lib/python3.12/site-packages/airflow/example_dags/example_trigger_controller_dag.py
[2026-02-25T14:37:00.293+0000] {logging_mixin.py:190} INFO - [2026-02-25T14:37:00.293+0000] {dag.py:3239} INFO - Sync 1 DAGs
[2026-02-25T14:37:00.305+0000] {logging_mixin.py:190} INFO - [2026-02-25T14:37:00.305+0000] {dag.py:4180} INFO - Setting next_dagrun for example_trigger_controller_dag to 2021-01-01 00:00:00+00:00, run_after=2021-01-01 00:00:00+00:00
[2026-02-25T14:37:00.322+0000] {processor.py:208} INFO - Processing /home/ubuntu/airflow-venv/lib/python3.12/site-packages/airflow/example_dags/example_trigger_controller_dag.py took 0.049 seconds
[2026-02-25T14:37:49.804+0000] {processor.py:186} INFO - Started process (PID=2723) to work on /home/ubuntu/airflow-venv/lib/python3.12/site-packages/airflow/example_dags/example_trigger_controller_dag.py
[2026-02-25T14:37:49.805+0000] {processor.py:914} INFO - Processing file /home/ubuntu/airflow-venv/lib/python3.12/site-packages/airflow/example_dags/example_trigger_controller_dag.py for tasks to queue
[2026-02-25T14:37:49.806+0000] {logging_mixin.py:190} INFO - [2026-02-25T14:37:49.806+0000] {dagbag.py:588} INFO - Filling up the DagBag from /home/ubuntu/airflow-venv/lib/python3.12/site-packages/airflow/example_dags/example_trigger_controller_dag.py
[2026-02-25T14:37:49.811+0000] {processor.py:925} INFO - DAG(s) 'example_trigger_controller_dag' retrieved from /home/ubuntu/airflow-venv/lib/python3.12/site-packages/airflow/example_dags/example_trigger_controller_dag.py
[2026-02-25T14:37:49.820+0000] {logging_mixin.py:190} INFO - [2026-02-25T14:37:49.820+0000] {dag.py:3239} INFO - Sync 1 DAGs
[2026-02-25T14:37:49.833+0000] {logging_mixin.py:190} INFO - [2026-02-25T14:37:49.833+0000] {dag.py:4180} INFO - Setting next_dagrun for example_trigger_controller_dag to 2021-01-01 00:00:00+00:00, run_after=2021-01-01 00:00:00+00:00
[2026-02-25T14:37:49.849+0000] {processor.py:208} INFO - Processing /home/ubuntu/airflow-venv/lib/python3.12/site-packages/airflow/example_dags/example_trigger_controller_dag.py took 0.049 seconds
[2026-02-25T14:38:39.316+0000] {processor.py:186} INFO - Started process (PID=2775) to work on /home/ubuntu/airflow-venv/lib/python3.12/site-packages/airflow/example_dags/example_trigger_controller_dag.py
[2026-02-25T14:38:39.318+0000] {processor.py:914} INFO - Processing file /home/ubuntu/airflow-venv/lib/python3.12/site-packages/airflow/example_dags/example_trigger_controller_dag.py for tasks to queue
[2026-02-25T14:38:39.319+0000] {logging_mixin.py:190} INFO - [2026-02-25T14:38:39.319+0000] {dagbag.py:588} INFO - Filling up the DagBag from /home/ubuntu/airflow-venv/lib/python3.12/site-packages/airflow/example_dags/example_trigger_controller_dag.py
[2026-02-25T14:38:39.324+0000] {processor.py:925} INFO - DAG(s) 'example_trigger_controller_dag' retrieved from /home/ubuntu/airflow-venv/lib/python3.12/site-packages/airflow/example_dags/example_trigger_controller_dag.py
[2026-02-25T14:38:39.333+0000] {logging_mixin.py:190} INFO - [2026-02-25T14:38:39.333+0000] {dag.py:3239} INFO - Sync 1 DAGs
[2026-02-25T14:38:39.346+0000] {logging_mixin.py:190} INFO - [2026-02-25T14:38:39.346+0000] {dag.py:4180} INFO - Setting next_dagrun for example_trigger_controller_dag to 2021-01-01 00:00:00+00:00, run_after=2021-01-01 00:00:00+00:00
[2026-02-25T14:38:39.363+0000] {processor.py:208} INFO - Processing /home/ubuntu/airflow-venv/lib/python3.12/site-packages/airflow/example_dags/example_trigger_controller_dag.py took 0.050 seconds
[2026-02-25T14:39:30.071+0000] {processor.py:186} INFO - Started process (PID=2827) to work on /home/ubuntu/airflow-venv/lib/python3.12/site-packages/airflow/example_dags/example_trigger_controller_dag.py
[2026-02-25T14:39:30.073+0000] {processor.py:914} INFO - Processing file /home/ubuntu/airflow-venv/lib/python3.12/site-packages/airflow/example_dags/example_trigger_controller_dag.py for tasks to queue
[2026-02-25T14:39:30.074+0000] {logging_mixin.py:190} INFO - [2026-02-25T14:39:30.074+0000] {dagbag.py:588} INFO - Filling up the DagBag from /home/ubuntu/airflow-venv/lib/python3.12/site-packages/airflow/example_dags/example_trigger_controller_dag.py
[2026-02-25T14:39:30.079+0000] {processor.py:925} INFO - DAG(s) 'example_trigger_controller_dag' retrieved from /home/ubuntu/airflow-venv/lib/python3.12/site-packages/airflow/example_dags/example_trigger_controller_dag.py
[2026-02-25T14:39:30.088+0000] {logging_mixin.py:190} INFO - [2026-02-25T14:39:30.088+0000] {dag.py:3239} INFO - Sync 1 DAGs
[2026-02-25T14:39:30.185+0000] {logging_mixin.py:190} INFO - [2026-02-25T14:39:30.185+0000] {dag.py:4180} INFO - Setting next_dagrun for example_trigger_controller_dag to 2021-01-01 00:00:00+00:00, run_after=2021-01-01 00:00:00+00:00
[2026-02-25T14:39:30.202+0000] {processor.py:208} INFO - Processing /home/ubuntu/airflow-venv/lib/python3.12/site-packages/airflow/example_dags/example_trigger_controller_dag.py took 0.133 seconds
[2026-02-25T14:40:25.479+0000] {processor.py:186} INFO - Started process (PID=2884) to work on /home/ubuntu/airflow-venv/lib/python3.12/site-packages/airflow/example_dags/example_trigger_controller_dag.py
[2026-02-25T14:40:25.480+0000] {processor.py:914} INFO - Processing file /home/ubuntu/airflow-venv/lib/python3.12/site-packages/airflow/example_dags/example_trigger_controller_dag.py for tasks to queue
[2026-02-25T14:40:25.481+0000] {logging_mixin.py:190} INFO - [2026-02-25T14:40:25.481+0000] {dagbag.py:588} INFO - Filling up the DagBag from /home/ubuntu/airflow-venv/lib/python3.12/site-packages/airflow/example_dags/example_trigger_controller_dag.py
[2026-02-25T14:40:25.486+0000] {processor.py:925} INFO - DAG(s) 'example_trigger_controller_dag' retrieved from /home/ubuntu/airflow-venv/lib/python3.12/site-packages/airflow/example_dags/example_trigger_controller_dag.py
[2026-02-25T14:40:25.496+0000] {logging_mixin.py:190} INFO - [2026-02-25T14:40:25.496+0000] {dag.py:3239} INFO - Sync 1 DAGs
[2026-02-25T14:40:25.509+0000] {logging_mixin.py:190} INFO - [2026-02-25T14:40:25.509+0000] {dag.py:4180} INFO - Setting next_dagrun for example_trigger_controller_dag to 2021-01-01 00:00:00+00:00, run_after=2021-01-01 00:00:00+00:00
[2026-02-25T14:40:25.527+0000] {processor.py:208} INFO - Processing /home/ubuntu/airflow-venv/lib/python3.12/site-packages/airflow/example_dags/example_trigger_controller_dag.py took 0.052 seconds
[2026-02-25T14:41:18.521+0000] {processor.py:186} INFO - Started process (PID=2939) to work on /home/ubuntu/airflow-venv/lib/python3.12/site-packages/airflow/example_dags/example_trigger_controller_dag.py
[2026-02-25T14:41:18.522+0000] {processor.py:914} INFO - Processing file /home/ubuntu/airflow-venv/lib/python3.12/site-packages/airflow/example_dags/example_trigger_controller_dag.py for tasks to queue
[2026-02-25T14:41:18.524+0000] {logging_mixin.py:190} INFO - [2026-02-25T14:41:18.524+0000] {dagbag.py:588} INFO - Filling up the DagBag from /home/ubuntu/airflow-venv/lib/python3.12/site-packages/airflow/example_dags/example_trigger_controller_dag.py
[2026-02-25T14:41:18.528+0000] {processor.py:925} INFO - DAG(s) 'example_trigger_controller_dag' retrieved from /home/ubuntu/airflow-venv/lib/python3.12/site-packages/airflow/example_dags/example_trigger_controller_dag.py
[2026-02-25T14:41:18.538+0000] {logging_mixin.py:190} INFO - [2026-02-25T14:41:18.538+0000] {dag.py:3239} INFO - Sync 1 DAGs
[2026-02-25T14:41:18.550+0000] {logging_mixin.py:190} INFO - [2026-02-25T14:41:18.550+0000] {dag.py:4180} INFO - Setting next_dagrun for example_trigger_controller_dag to 2021-01-01 00:00:00+00:00, run_after=2021-01-01 00:00:00+00:00
[2026-02-25T14:41:18.575+0000] {processor.py:208} INFO - Processing /home/ubuntu/airflow-venv/lib/python3.12/site-packages/airflow/example_dags/example_trigger_controller_dag.py took 0.058 seconds
[2026-02-25T14:42:10.977+0000] {processor.py:186} INFO - Started process (PID=2994) to work on /home/ubuntu/airflow-venv/lib/python3.12/site-packages/airflow/example_dags/example_trigger_controller_dag.py
[2026-02-25T14:42:10.979+0000] {processor.py:914} INFO - Processing file /home/ubuntu/airflow-venv/lib/python3.12/site-packages/airflow/example_dags/example_trigger_controller_dag.py for tasks to queue
[2026-02-25T14:42:10.980+0000] {logging_mixin.py:190} INFO - [2026-02-25T14:42:10.980+0000] {dagbag.py:588} INFO - Filling up the DagBag from /home/ubuntu/airflow-venv/lib/python3.12/site-packages/airflow/example_dags/example_trigger_controller_dag.py
[2026-02-25T14:42:10.985+0000] {processor.py:925} INFO - DAG(s) 'example_trigger_controller_dag' retrieved from /home/ubuntu/airflow-venv/lib/python3.12/site-packages/airflow/example_dags/example_trigger_controller_dag.py
[2026-02-25T14:42:10.994+0000] {logging_mixin.py:190} INFO - [2026-02-25T14:42:10.994+0000] {dag.py:3239} INFO - Sync 1 DAGs
[2026-02-25T14:42:11.007+0000] {logging_mixin.py:190} INFO - [2026-02-25T14:42:11.007+0000] {dag.py:4180} INFO - Setting next_dagrun for example_trigger_controller_dag to 2021-01-01 00:00:00+00:00, run_after=2021-01-01 00:00:00+00:00
[2026-02-25T14:42:11.024+0000] {processor.py:208} INFO - Processing /home/ubuntu/airflow-venv/lib/python3.12/site-packages/airflow/example_dags/example_trigger_controller_dag.py took 0.050 seconds
[2026-02-25T14:43:04.047+0000] {processor.py:186} INFO - Started process (PID=3052) to work on /home/ubuntu/airflow-venv/lib/python3.12/site-packages/airflow/example_dags/example_trigger_controller_dag.py
[2026-02-25T14:43:04.048+0000] {processor.py:914} INFO - Processing file /home/ubuntu/airflow-venv/lib/python3.12/site-packages/airflow/example_dags/example_trigger_controller_dag.py for tasks to queue
[2026-02-25T14:43:04.050+0000] {logging_mixin.py:190} INFO - [2026-02-25T14:43:04.050+0000] {dagbag.py:588} INFO - Filling up the DagBag from /home/ubuntu/airflow-venv/lib/python3.12/site-packages/airflow/example_dags/example_trigger_controller_dag.py
[2026-02-25T14:43:04.054+0000] {processor.py:925} INFO - DAG(s) 'example_trigger_controller_dag' retrieved from /home/ubuntu/airflow-venv/lib/python3.12/site-packages/airflow/example_dags/example_trigger_controller_dag.py
[2026-02-25T14:43:04.064+0000] {logging_mixin.py:190} INFO - [2026-02-25T14:43:04.064+0000] {dag.py:3239} INFO - Sync 1 DAGs
[2026-02-25T14:43:04.076+0000] {logging_mixin.py:190} INFO - [2026-02-25T14:43:04.076+0000] {dag.py:4180} INFO - Setting next_dagrun for example_trigger_controller_dag to 2021-01-01 00:00:00+00:00, run_after=2021-01-01 00:00:00+00:00
[2026-02-25T14:43:04.094+0000] {processor.py:208} INFO - Processing /home/ubuntu/airflow-venv/lib/python3.12/site-packages/airflow/example_dags/example_trigger_controller_dag.py took 0.051 seconds
[2026-02-25T14:43:52.568+0000] {processor.py:186} INFO - Started process (PID=3107) to work on /home/ubuntu/airflow-venv/lib/python3.12/site-packages/airflow/example_dags/example_trigger_controller_dag.py
[2026-02-25T14:43:52.569+0000] {processor.py:914} INFO - Processing file /home/ubuntu/airflow-venv/lib/python3.12/site-packages/airflow/example_dags/example_trigger_controller_dag.py for tasks to queue
[2026-02-25T14:43:52.571+0000] {logging_mixin.py:190} INFO - [2026-02-25T14:43:52.571+0000] {dagbag.py:588} INFO - Filling up the DagBag from /home/ubuntu/airflow-venv/lib/python3.12/site-packages/airflow/example_dags/example_trigger_controller_dag.py
[2026-02-25T14:43:52.576+0000] {processor.py:925} INFO - DAG(s) 'example_trigger_controller_dag' retrieved from /home/ubuntu/airflow-venv/lib/python3.12/site-packages/airflow/example_dags/example_trigger_controller_dag.py
[2026-02-25T14:43:52.586+0000] {logging_mixin.py:190} INFO - [2026-02-25T14:43:52.585+0000] {dag.py:3239} INFO - Sync 1 DAGs
[2026-02-25T14:43:52.598+0000] {logging_mixin.py:190} INFO - [2026-02-25T14:43:52.598+0000] {dag.py:4180} INFO - Setting next_dagrun for example_trigger_controller_dag to 2021-01-01 00:00:00+00:00, run_after=2021-01-01 00:00:00+00:00
[2026-02-25T14:43:52.615+0000] {processor.py:208} INFO - Processing /home/ubuntu/airflow-venv/lib/python3.12/site-packages/airflow/example_dags/example_trigger_controller_dag.py took 0.051 seconds
[2026-02-25T14:44:41.054+0000] {processor.py:186} INFO - Started process (PID=3159) to work on /home/ubuntu/airflow-venv/lib/python3.12/site-packages/airflow/example_dags/example_trigger_controller_dag.py
[2026-02-25T14:44:41.055+0000] {processor.py:914} INFO - Processing file /home/ubuntu/airflow-venv/lib/python3.12/site-packages/airflow/example_dags/example_trigger_controller_dag.py for tasks to queue
[2026-02-25T14:44:41.057+0000] {logging_mixin.py:190} INFO - [2026-02-25T14:44:41.056+0000] {dagbag.py:588} INFO - Filling up the DagBag from /home/ubuntu/airflow-venv/lib/python3.12/site-packages/airflow/example_dags/example_trigger_controller_dag.py
[2026-02-25T14:44:41.061+0000] {processor.py:925} INFO - DAG(s) 'example_trigger_controller_dag' retrieved from /home/ubuntu/airflow-venv/lib/python3.12/site-packages/airflow/example_dags/example_trigger_controller_dag.py
[2026-02-25T14:44:41.070+0000] {logging_mixin.py:190} INFO - [2026-02-25T14:44:41.070+0000] {dag.py:3239} INFO - Sync 1 DAGs
[2026-02-25T14:44:41.083+0000] {logging_mixin.py:190} INFO - [2026-02-25T14:44:41.083+0000] {dag.py:4180} INFO - Setting next_dagrun for example_trigger_controller_dag to 2021-01-01 00:00:00+00:00, run_after=2021-01-01 00:00:00+00:00
[2026-02-25T14:44:41.099+0000] {processor.py:208} INFO - Processing /home/ubuntu/airflow-venv/lib/python3.12/site-packages/airflow/example_dags/example_trigger_controller_dag.py took 0.049 seconds
[2026-02-25T15:00:16.712+0000] {processor.py:186} INFO - Started process (PID=2116) to work on /home/ubuntu/airflow-venv/lib/python3.12/site-packages/airflow/example_dags/example_trigger_controller_dag.py
[2026-02-25T15:00:16.714+0000] {processor.py:914} INFO - Processing file /home/ubuntu/airflow-venv/lib/python3.12/site-packages/airflow/example_dags/example_trigger_controller_dag.py for tasks to queue
[2026-02-25T15:00:16.715+0000] {logging_mixin.py:190} INFO - [2026-02-25T15:00:16.715+0000] {dagbag.py:588} INFO - Filling up the DagBag from /home/ubuntu/airflow-venv/lib/python3.12/site-packages/airflow/example_dags/example_trigger_controller_dag.py
[2026-02-25T15:00:16.719+0000] {processor.py:925} INFO - DAG(s) 'example_trigger_controller_dag' retrieved from /home/ubuntu/airflow-venv/lib/python3.12/site-packages/airflow/example_dags/example_trigger_controller_dag.py
[2026-02-25T15:00:16.729+0000] {logging_mixin.py:190} INFO - [2026-02-25T15:00:16.729+0000] {dag.py:3239} INFO - Sync 1 DAGs
[2026-02-25T15:00:16.741+0000] {logging_mixin.py:190} INFO - [2026-02-25T15:00:16.741+0000] {dag.py:4180} INFO - Setting next_dagrun for example_trigger_controller_dag to 2021-01-01 00:00:00+00:00, run_after=2021-01-01 00:00:00+00:00
[2026-02-25T15:00:16.757+0000] {processor.py:208} INFO - Processing /home/ubuntu/airflow-venv/lib/python3.12/site-packages/airflow/example_dags/example_trigger_controller_dag.py took 0.048 seconds
[2026-02-25T15:01:09.618+0000] {processor.py:186} INFO - Started process (PID=2179) to work on /home/ubuntu/airflow-venv/lib/python3.12/site-packages/airflow/example_dags/example_trigger_controller_dag.py
[2026-02-25T15:01:09.619+0000] {processor.py:914} INFO - Processing file /home/ubuntu/airflow-venv/lib/python3.12/site-packages/airflow/example_dags/example_trigger_controller_dag.py for tasks to queue
[2026-02-25T15:01:09.621+0000] {logging_mixin.py:190} INFO - [2026-02-25T15:01:09.621+0000] {dagbag.py:588} INFO - Filling up the DagBag from /home/ubuntu/airflow-venv/lib/python3.12/site-packages/airflow/example_dags/example_trigger_controller_dag.py
[2026-02-25T15:01:09.625+0000] {processor.py:925} INFO - DAG(s) 'example_trigger_controller_dag' retrieved from /home/ubuntu/airflow-venv/lib/python3.12/site-packages/airflow/example_dags/example_trigger_controller_dag.py
[2026-02-25T15:01:09.634+0000] {logging_mixin.py:190} INFO - [2026-02-25T15:01:09.634+0000] {dag.py:3239} INFO - Sync 1 DAGs
[2026-02-25T15:01:09.645+0000] {logging_mixin.py:190} INFO - [2026-02-25T15:01:09.645+0000] {dag.py:4180} INFO - Setting next_dagrun for example_trigger_controller_dag to 2021-01-01 00:00:00+00:00, run_after=2021-01-01 00:00:00+00:00
[2026-02-25T15:01:09.662+0000] {processor.py:208} INFO - Processing /home/ubuntu/airflow-venv/lib/python3.12/site-packages/airflow/example_dags/example_trigger_controller_dag.py took 0.048 seconds
[2026-02-25T15:01:54.449+0000] {processor.py:186} INFO - Started process (PID=2229) to work on /home/ubuntu/airflow-venv/lib/python3.12/site-packages/airflow/example_dags/example_trigger_controller_dag.py
[2026-02-25T15:01:54.450+0000] {processor.py:914} INFO - Processing file /home/ubuntu/airflow-venv/lib/python3.12/site-packages/airflow/example_dags/example_trigger_controller_dag.py for tasks to queue
[2026-02-25T15:01:54.451+0000] {logging_mixin.py:190} INFO - [2026-02-25T15:01:54.451+0000] {dagbag.py:588} INFO - Filling up the DagBag from /home/ubuntu/airflow-venv/lib/python3.12/site-packages/airflow/example_dags/example_trigger_controller_dag.py
[2026-02-25T15:01:54.456+0000] {processor.py:925} INFO - DAG(s) 'example_trigger_controller_dag' retrieved from /home/ubuntu/airflow-venv/lib/python3.12/site-packages/airflow/example_dags/example_trigger_controller_dag.py
[2026-02-25T15:01:54.464+0000] {logging_mixin.py:190} INFO - [2026-02-25T15:01:54.464+0000] {dag.py:3239} INFO - Sync 1 DAGs
[2026-02-25T15:01:54.475+0000] {logging_mixin.py:190} INFO - [2026-02-25T15:01:54.475+0000] {dag.py:4180} INFO - Setting next_dagrun for example_trigger_controller_dag to 2021-01-01 00:00:00+00:00, run_after=2021-01-01 00:00:00+00:00
[2026-02-25T15:01:54.492+0000] {processor.py:208} INFO - Processing /home/ubuntu/airflow-venv/lib/python3.12/site-packages/airflow/example_dags/example_trigger_controller_dag.py took 0.047 seconds
[2026-02-25T15:02:43.668+0000] {processor.py:186} INFO - Started process (PID=2279) to work on /home/ubuntu/airflow-venv/lib/python3.12/site-packages/airflow/example_dags/example_trigger_controller_dag.py
[2026-02-25T15:02:43.670+0000] {processor.py:914} INFO - Processing file /home/ubuntu/airflow-venv/lib/python3.12/site-packages/airflow/example_dags/example_trigger_controller_dag.py for tasks to queue
[2026-02-25T15:02:43.671+0000] {logging_mixin.py:190} INFO - [2026-02-25T15:02:43.671+0000] {dagbag.py:588} INFO - Filling up the DagBag from /home/ubuntu/airflow-venv/lib/python3.12/site-packages/airflow/example_dags/example_trigger_controller_dag.py
[2026-02-25T15:02:43.675+0000] {processor.py:925} INFO - DAG(s) 'example_trigger_controller_dag' retrieved from /home/ubuntu/airflow-venv/lib/python3.12/site-packages/airflow/example_dags/example_trigger_controller_dag.py
[2026-02-25T15:02:43.684+0000] {logging_mixin.py:190} INFO - [2026-02-25T15:02:43.684+0000] {dag.py:3239} INFO - Sync 1 DAGs
[2026-02-25T15:02:43.695+0000] {logging_mixin.py:190} INFO - [2026-02-25T15:02:43.695+0000] {dag.py:4180} INFO - Setting next_dagrun for example_trigger_controller_dag to 2021-01-01 00:00:00+00:00, run_after=2021-01-01 00:00:00+00:00
[2026-02-25T15:02:43.712+0000] {processor.py:208} INFO - Processing /home/ubuntu/airflow-venv/lib/python3.12/site-packages/airflow/example_dags/example_trigger_controller_dag.py took 0.047 seconds
[2026-02-25T15:03:35.050+0000] {processor.py:186} INFO - Started process (PID=2335) to work on /home/ubuntu/airflow-venv/lib/python3.12/site-packages/airflow/example_dags/example_trigger_controller_dag.py
[2026-02-25T15:03:35.051+0000] {processor.py:914} INFO - Processing file /home/ubuntu/airflow-venv/lib/python3.12/site-packages/airflow/example_dags/example_trigger_controller_dag.py for tasks to queue
[2026-02-25T15:03:35.052+0000] {logging_mixin.py:190} INFO - [2026-02-25T15:03:35.052+0000] {dagbag.py:588} INFO - Filling up the DagBag from /home/ubuntu/airflow-venv/lib/python3.12/site-packages/airflow/example_dags/example_trigger_controller_dag.py
[2026-02-25T15:03:35.056+0000] {processor.py:925} INFO - DAG(s) 'example_trigger_controller_dag' retrieved from /home/ubuntu/airflow-venv/lib/python3.12/site-packages/airflow/example_dags/example_trigger_controller_dag.py
[2026-02-25T15:03:35.065+0000] {logging_mixin.py:190} INFO - [2026-02-25T15:03:35.065+0000] {dag.py:3239} INFO - Sync 1 DAGs
[2026-02-25T15:03:35.076+0000] {logging_mixin.py:190} INFO - [2026-02-25T15:03:35.076+0000] {dag.py:4180} INFO - Setting next_dagrun for example_trigger_controller_dag to 2021-01-01 00:00:00+00:00, run_after=2021-01-01 00:00:00+00:00
[2026-02-25T15:03:35.093+0000] {processor.py:208} INFO - Processing /home/ubuntu/airflow-venv/lib/python3.12/site-packages/airflow/example_dags/example_trigger_controller_dag.py took 0.047 seconds
[2026-02-25T15:04:25.221+0000] {processor.py:186} INFO - Started process (PID=2395) to work on /home/ubuntu/airflow-venv/lib/python3.12/site-packages/airflow/example_dags/example_trigger_controller_dag.py
[2026-02-25T15:04:25.222+0000] {processor.py:914} INFO - Processing file /home/ubuntu/airflow-venv/lib/python3.12/site-packages/airflow/example_dags/example_trigger_controller_dag.py for tasks to queue
[2026-02-25T15:04:25.224+0000] {logging_mixin.py:190} INFO - [2026-02-25T15:04:25.224+0000] {dagbag.py:588} INFO - Filling up the DagBag from /home/ubuntu/airflow-venv/lib/python3.12/site-packages/airflow/example_dags/example_trigger_controller_dag.py
[2026-02-25T15:04:25.228+0000] {processor.py:925} INFO - DAG(s) 'example_trigger_controller_dag' retrieved from /home/ubuntu/airflow-venv/lib/python3.12/site-packages/airflow/example_dags/example_trigger_controller_dag.py
[2026-02-25T15:04:25.237+0000] {logging_mixin.py:190} INFO - [2026-02-25T15:04:25.237+0000] {dag.py:3239} INFO - Sync 1 DAGs
[2026-02-25T15:04:25.248+0000] {logging_mixin.py:190} INFO - [2026-02-25T15:04:25.248+0000] {dag.py:4180} INFO - Setting next_dagrun for example_trigger_controller_dag to 2021-01-01 00:00:00+00:00, run_after=2021-01-01 00:00:00+00:00
[2026-02-25T15:04:25.264+0000] {processor.py:208} INFO - Processing /home/ubuntu/airflow-venv/lib/python3.12/site-packages/airflow/example_dags/example_trigger_controller_dag.py took 0.046 seconds
[2026-02-25T15:05:14.010+0000] {processor.py:186} INFO - Started process (PID=2454) to work on /home/ubuntu/airflow-venv/lib/python3.12/site-packages/airflow/example_dags/example_trigger_controller_dag.py
[2026-02-25T15:05:14.012+0000] {processor.py:914} INFO - Processing file /home/ubuntu/airflow-venv/lib/python3.12/site-packages/airflow/example_dags/example_trigger_controller_dag.py for tasks to queue
[2026-02-25T15:05:14.013+0000] {logging_mixin.py:190} INFO - [2026-02-25T15:05:14.013+0000] {dagbag.py:588} INFO - Filling up the DagBag from /home/ubuntu/airflow-venv/lib/python3.12/site-packages/airflow/example_dags/example_trigger_controller_dag.py
[2026-02-25T15:05:14.017+0000] {processor.py:925} INFO - DAG(s) 'example_trigger_controller_dag' retrieved from /home/ubuntu/airflow-venv/lib/python3.12/site-packages/airflow/example_dags/example_trigger_controller_dag.py
[2026-02-25T15:05:14.026+0000] {logging_mixin.py:190} INFO - [2026-02-25T15:05:14.026+0000] {dag.py:3239} INFO - Sync 1 DAGs
[2026-02-25T15:05:14.038+0000] {logging_mixin.py:190} INFO - [2026-02-25T15:05:14.037+0000] {dag.py:4180} INFO - Setting next_dagrun for example_trigger_controller_dag to 2021-01-01 00:00:00+00:00, run_after=2021-01-01 00:00:00+00:00
[2026-02-25T15:05:14.053+0000] {processor.py:208} INFO - Processing /home/ubuntu/airflow-venv/lib/python3.12/site-packages/airflow/example_dags/example_trigger_controller_dag.py took 0.046 seconds
[2026-02-25T15:06:08.058+0000] {processor.py:186} INFO - Started process (PID=2508) to work on /home/ubuntu/airflow-venv/lib/python3.12/site-packages/airflow/example_dags/example_trigger_controller_dag.py
[2026-02-25T15:06:08.059+0000] {processor.py:914} INFO - Processing file /home/ubuntu/airflow-venv/lib/python3.12/site-packages/airflow/example_dags/example_trigger_controller_dag.py for tasks to queue
[2026-02-25T15:06:08.061+0000] {logging_mixin.py:190} INFO - [2026-02-25T15:06:08.061+0000] {dagbag.py:588} INFO - Filling up the DagBag from /home/ubuntu/airflow-venv/lib/python3.12/site-packages/airflow/example_dags/example_trigger_controller_dag.py
[2026-02-25T15:06:08.065+0000] {processor.py:925} INFO - DAG(s) 'example_trigger_controller_dag' retrieved from /home/ubuntu/airflow-venv/lib/python3.12/site-packages/airflow/example_dags/example_trigger_controller_dag.py
[2026-02-25T15:06:08.141+0000] {logging_mixin.py:190} INFO - [2026-02-25T15:06:08.141+0000] {dag.py:3239} INFO - Sync 1 DAGs
[2026-02-25T15:06:08.151+0000] {logging_mixin.py:190} INFO - [2026-02-25T15:06:08.150+0000] {dag.py:4180} INFO - Setting next_dagrun for example_trigger_controller_dag to 2021-01-01 00:00:00+00:00, run_after=2021-01-01 00:00:00+00:00
[2026-02-25T15:06:08.166+0000] {processor.py:208} INFO - Processing /home/ubuntu/airflow-venv/lib/python3.12/site-packages/airflow/example_dags/example_trigger_controller_dag.py took 0.111 seconds
[2026-02-25T15:07:00.153+0000] {processor.py:186} INFO - Started process (PID=2564) to work on /home/ubuntu/airflow-venv/lib/python3.12/site-packages/airflow/example_dags/example_trigger_controller_dag.py
[2026-02-25T15:07:00.154+0000] {processor.py:914} INFO - Processing file /home/ubuntu/airflow-venv/lib/python3.12/site-packages/airflow/example_dags/example_trigger_controller_dag.py for tasks to queue
[2026-02-25T15:07:00.156+0000] {logging_mixin.py:190} INFO - [2026-02-25T15:07:00.156+0000] {dagbag.py:588} INFO - Filling up the DagBag from /home/ubuntu/airflow-venv/lib/python3.12/site-packages/airflow/example_dags/example_trigger_controller_dag.py
[2026-02-25T15:07:00.160+0000] {processor.py:925} INFO - DAG(s) 'example_trigger_controller_dag' retrieved from /home/ubuntu/airflow-venv/lib/python3.12/site-packages/airflow/example_dags/example_trigger_controller_dag.py
[2026-02-25T15:07:00.168+0000] {logging_mixin.py:190} INFO - [2026-02-25T15:07:00.168+0000] {dag.py:3239} INFO - Sync 1 DAGs
[2026-02-25T15:07:00.180+0000] {logging_mixin.py:190} INFO - [2026-02-25T15:07:00.180+0000] {dag.py:4180} INFO - Setting next_dagrun for example_trigger_controller_dag to 2021-01-01 00:00:00+00:00, run_after=2021-01-01 00:00:00+00:00
[2026-02-25T15:07:00.197+0000] {processor.py:208} INFO - Processing /home/ubuntu/airflow-venv/lib/python3.12/site-packages/airflow/example_dags/example_trigger_controller_dag.py took 0.047 seconds
[2026-02-25T15:07:50.636+0000] {processor.py:186} INFO - Started process (PID=2619) to work on /home/ubuntu/airflow-venv/lib/python3.12/site-packages/airflow/example_dags/example_trigger_controller_dag.py
[2026-02-25T15:07:50.637+0000] {processor.py:914} INFO - Processing file /home/ubuntu/airflow-venv/lib/python3.12/site-packages/airflow/example_dags/example_trigger_controller_dag.py for tasks to queue
[2026-02-25T15:07:50.639+0000] {logging_mixin.py:190} INFO - [2026-02-25T15:07:50.639+0000] {dagbag.py:588} INFO - Filling up the DagBag from /home/ubuntu/airflow-venv/lib/python3.12/site-packages/airflow/example_dags/example_trigger_controller_dag.py
[2026-02-25T15:07:50.643+0000] {processor.py:925} INFO - DAG(s) 'example_trigger_controller_dag' retrieved from /home/ubuntu/airflow-venv/lib/python3.12/site-packages/airflow/example_dags/example_trigger_controller_dag.py
[2026-02-25T15:07:50.652+0000] {logging_mixin.py:190} INFO - [2026-02-25T15:07:50.652+0000] {dag.py:3239} INFO - Sync 1 DAGs
[2026-02-25T15:07:50.664+0000] {logging_mixin.py:190} INFO - [2026-02-25T15:07:50.664+0000] {dag.py:4180} INFO - Setting next_dagrun for example_trigger_controller_dag to 2021-01-01 00:00:00+00:00, run_after=2021-01-01 00:00:00+00:00
[2026-02-25T15:07:50.680+0000] {processor.py:208} INFO - Processing /home/ubuntu/airflow-venv/lib/python3.12/site-packages/airflow/example_dags/example_trigger_controller_dag.py took 0.048 seconds
[2026-02-25T15:08:39.984+0000] {processor.py:186} INFO - Started process (PID=3037) to work on /home/ubuntu/airflow-venv/lib/python3.12/site-packages/airflow/example_dags/example_trigger_controller_dag.py
[2026-02-25T15:08:39.985+0000] {processor.py:914} INFO - Processing file /home/ubuntu/airflow-venv/lib/python3.12/site-packages/airflow/example_dags/example_trigger_controller_dag.py for tasks to queue
[2026-02-25T15:08:39.987+0000] {logging_mixin.py:190} INFO - [2026-02-25T15:08:39.987+0000] {dagbag.py:588} INFO - Filling up the DagBag from /home/ubuntu/airflow-venv/lib/python3.12/site-packages/airflow/example_dags/example_trigger_controller_dag.py
[2026-02-25T15:08:39.991+0000] {processor.py:925} INFO - DAG(s) 'example_trigger_controller_dag' retrieved from /home/ubuntu/airflow-venv/lib/python3.12/site-packages/airflow/example_dags/example_trigger_controller_dag.py
[2026-02-25T15:08:40.000+0000] {logging_mixin.py:190} INFO - [2026-02-25T15:08:40.000+0000] {dag.py:3239} INFO - Sync 1 DAGs
[2026-02-25T15:08:40.012+0000] {logging_mixin.py:190} INFO - [2026-02-25T15:08:40.012+0000] {dag.py:4180} INFO - Setting next_dagrun for example_trigger_controller_dag to 2021-01-01 00:00:00+00:00, run_after=2021-01-01 00:00:00+00:00
[2026-02-25T15:08:40.028+0000] {processor.py:208} INFO - Processing /home/ubuntu/airflow-venv/lib/python3.12/site-packages/airflow/example_dags/example_trigger_controller_dag.py took 0.048 seconds
[2026-02-25T15:09:28.486+0000] {processor.py:186} INFO - Started process (PID=3091) to work on /home/ubuntu/airflow-venv/lib/python3.12/site-packages/airflow/example_dags/example_trigger_controller_dag.py
[2026-02-25T15:09:28.488+0000] {processor.py:914} INFO - Processing file /home/ubuntu/airflow-venv/lib/python3.12/site-packages/airflow/example_dags/example_trigger_controller_dag.py for tasks to queue
[2026-02-25T15:09:28.489+0000] {logging_mixin.py:190} INFO - [2026-02-25T15:09:28.489+0000] {dagbag.py:588} INFO - Filling up the DagBag from /home/ubuntu/airflow-venv/lib/python3.12/site-packages/airflow/example_dags/example_trigger_controller_dag.py
[2026-02-25T15:09:28.494+0000] {processor.py:925} INFO - DAG(s) 'example_trigger_controller_dag' retrieved from /home/ubuntu/airflow-venv/lib/python3.12/site-packages/airflow/example_dags/example_trigger_controller_dag.py
[2026-02-25T15:09:28.503+0000] {logging_mixin.py:190} INFO - [2026-02-25T15:09:28.503+0000] {dag.py:3239} INFO - Sync 1 DAGs
[2026-02-25T15:09:28.515+0000] {logging_mixin.py:190} INFO - [2026-02-25T15:09:28.514+0000] {dag.py:4180} INFO - Setting next_dagrun for example_trigger_controller_dag to 2021-01-01 00:00:00+00:00, run_after=2021-01-01 00:00:00+00:00
[2026-02-25T15:09:28.532+0000] {processor.py:208} INFO - Processing /home/ubuntu/airflow-venv/lib/python3.12/site-packages/airflow/example_dags/example_trigger_controller_dag.py took 0.049 seconds
[2026-02-25T15:10:19.804+0000] {processor.py:186} INFO - Started process (PID=3148) to work on /home/ubuntu/airflow-venv/lib/python3.12/site-packages/airflow/example_dags/example_trigger_controller_dag.py
[2026-02-25T15:10:19.805+0000] {processor.py:914} INFO - Processing file /home/ubuntu/airflow-venv/lib/python3.12/site-packages/airflow/example_dags/example_trigger_controller_dag.py for tasks to queue
[2026-02-25T15:10:19.807+0000] {logging_mixin.py:190} INFO - [2026-02-25T15:10:19.807+0000] {dagbag.py:588} INFO - Filling up the DagBag from /home/ubuntu/airflow-venv/lib/python3.12/site-packages/airflow/example_dags/example_trigger_controller_dag.py
[2026-02-25T15:10:19.811+0000] {processor.py:925} INFO - DAG(s) 'example_trigger_controller_dag' retrieved from /home/ubuntu/airflow-venv/lib/python3.12/site-packages/airflow/example_dags/example_trigger_controller_dag.py
[2026-02-25T15:10:19.821+0000] {logging_mixin.py:190} INFO - [2026-02-25T15:10:19.820+0000] {dag.py:3239} INFO - Sync 1 DAGs
[2026-02-25T15:10:19.832+0000] {logging_mixin.py:190} INFO - [2026-02-25T15:10:19.832+0000] {dag.py:4180} INFO - Setting next_dagrun for example_trigger_controller_dag to 2021-01-01 00:00:00+00:00, run_after=2021-01-01 00:00:00+00:00
[2026-02-25T15:10:19.849+0000] {processor.py:208} INFO - Processing /home/ubuntu/airflow-venv/lib/python3.12/site-packages/airflow/example_dags/example_trigger_controller_dag.py took 0.049 seconds
[2026-02-25T15:11:10.064+0000] {processor.py:186} INFO - Started process (PID=3200) to work on /home/ubuntu/airflow-venv/lib/python3.12/site-packages/airflow/example_dags/example_trigger_controller_dag.py
[2026-02-25T15:11:10.066+0000] {processor.py:914} INFO - Processing file /home/ubuntu/airflow-venv/lib/python3.12/site-packages/airflow/example_dags/example_trigger_controller_dag.py for tasks to queue
[2026-02-25T15:11:10.068+0000] {logging_mixin.py:190} INFO - [2026-02-25T15:11:10.067+0000] {dagbag.py:588} INFO - Filling up the DagBag from /home/ubuntu/airflow-venv/lib/python3.12/site-packages/airflow/example_dags/example_trigger_controller_dag.py
[2026-02-25T15:11:10.072+0000] {processor.py:925} INFO - DAG(s) 'example_trigger_controller_dag' retrieved from /home/ubuntu/airflow-venv/lib/python3.12/site-packages/airflow/example_dags/example_trigger_controller_dag.py
[2026-02-25T15:11:10.081+0000] {logging_mixin.py:190} INFO - [2026-02-25T15:11:10.081+0000] {dag.py:3239} INFO - Sync 1 DAGs
[2026-02-25T15:11:10.094+0000] {logging_mixin.py:190} INFO - [2026-02-25T15:11:10.094+0000] {dag.py:4180} INFO - Setting next_dagrun for example_trigger_controller_dag to 2021-01-01 00:00:00+00:00, run_after=2021-01-01 00:00:00+00:00
[2026-02-25T15:11:10.112+0000] {processor.py:208} INFO - Processing /home/ubuntu/airflow-venv/lib/python3.12/site-packages/airflow/example_dags/example_trigger_controller_dag.py took 0.051 seconds
[2026-02-25T15:12:00.222+0000] {processor.py:186} INFO - Started process (PID=3251) to work on /home/ubuntu/airflow-venv/lib/python3.12/site-packages/airflow/example_dags/example_trigger_controller_dag.py
[2026-02-25T15:12:00.223+0000] {processor.py:914} INFO - Processing file /home/ubuntu/airflow-venv/lib/python3.12/site-packages/airflow/example_dags/example_trigger_controller_dag.py for tasks to queue
[2026-02-25T15:12:00.225+0000] {logging_mixin.py:190} INFO - [2026-02-25T15:12:00.225+0000] {dagbag.py:588} INFO - Filling up the DagBag from /home/ubuntu/airflow-venv/lib/python3.12/site-packages/airflow/example_dags/example_trigger_controller_dag.py
[2026-02-25T15:12:00.229+0000] {processor.py:925} INFO - DAG(s) 'example_trigger_controller_dag' retrieved from /home/ubuntu/airflow-venv/lib/python3.12/site-packages/airflow/example_dags/example_trigger_controller_dag.py
[2026-02-25T15:12:00.238+0000] {logging_mixin.py:190} INFO - [2026-02-25T15:12:00.238+0000] {dag.py:3239} INFO - Sync 1 DAGs
[2026-02-25T15:12:00.250+0000] {logging_mixin.py:190} INFO - [2026-02-25T15:12:00.250+0000] {dag.py:4180} INFO - Setting next_dagrun for example_trigger_controller_dag to 2021-01-01 00:00:00+00:00, run_after=2021-01-01 00:00:00+00:00
[2026-02-25T15:12:00.266+0000] {processor.py:208} INFO - Processing /home/ubuntu/airflow-venv/lib/python3.12/site-packages/airflow/example_dags/example_trigger_controller_dag.py took 0.047 seconds
[2026-02-25T15:12:52.689+0000] {processor.py:186} INFO - Started process (PID=3306) to work on /home/ubuntu/airflow-venv/lib/python3.12/site-packages/airflow/example_dags/example_trigger_controller_dag.py
[2026-02-25T15:12:52.691+0000] {processor.py:914} INFO - Processing file /home/ubuntu/airflow-venv/lib/python3.12/site-packages/airflow/example_dags/example_trigger_controller_dag.py for tasks to queue
[2026-02-25T15:12:52.693+0000] {logging_mixin.py:190} INFO - [2026-02-25T15:12:52.692+0000] {dagbag.py:588} INFO - Filling up the DagBag from /home/ubuntu/airflow-venv/lib/python3.12/site-packages/airflow/example_dags/example_trigger_controller_dag.py
[2026-02-25T15:12:52.697+0000] {processor.py:925} INFO - DAG(s) 'example_trigger_controller_dag' retrieved from /home/ubuntu/airflow-venv/lib/python3.12/site-packages/airflow/example_dags/example_trigger_controller_dag.py
[2026-02-25T15:12:52.707+0000] {logging_mixin.py:190} INFO - [2026-02-25T15:12:52.706+0000] {dag.py:3239} INFO - Sync 1 DAGs
[2026-02-25T15:12:52.718+0000] {logging_mixin.py:190} INFO - [2026-02-25T15:12:52.718+0000] {dag.py:4180} INFO - Setting next_dagrun for example_trigger_controller_dag to 2021-01-01 00:00:00+00:00, run_after=2021-01-01 00:00:00+00:00
[2026-02-25T15:12:52.735+0000] {processor.py:208} INFO - Processing /home/ubuntu/airflow-venv/lib/python3.12/site-packages/airflow/example_dags/example_trigger_controller_dag.py took 0.049 seconds
[2026-02-25T15:13:40.062+0000] {processor.py:186} INFO - Started process (PID=3357) to work on /home/ubuntu/airflow-venv/lib/python3.12/site-packages/airflow/example_dags/example_trigger_controller_dag.py
[2026-02-25T15:13:40.064+0000] {processor.py:914} INFO - Processing file /home/ubuntu/airflow-venv/lib/python3.12/site-packages/airflow/example_dags/example_trigger_controller_dag.py for tasks to queue
[2026-02-25T15:13:40.066+0000] {logging_mixin.py:190} INFO - [2026-02-25T15:13:40.065+0000] {dagbag.py:588} INFO - Filling up the DagBag from /home/ubuntu/airflow-venv/lib/python3.12/site-packages/airflow/example_dags/example_trigger_controller_dag.py
[2026-02-25T15:13:40.070+0000] {processor.py:925} INFO - DAG(s) 'example_trigger_controller_dag' retrieved from /home/ubuntu/airflow-venv/lib/python3.12/site-packages/airflow/example_dags/example_trigger_controller_dag.py
[2026-02-25T15:13:40.079+0000] {logging_mixin.py:190} INFO - [2026-02-25T15:13:40.079+0000] {dag.py:3239} INFO - Sync 1 DAGs
[2026-02-25T15:13:40.091+0000] {logging_mixin.py:190} INFO - [2026-02-25T15:13:40.091+0000] {dag.py:4180} INFO - Setting next_dagrun for example_trigger_controller_dag to 2021-01-01 00:00:00+00:00, run_after=2021-01-01 00:00:00+00:00
[2026-02-25T15:13:40.108+0000] {processor.py:208} INFO - Processing /home/ubuntu/airflow-venv/lib/python3.12/site-packages/airflow/example_dags/example_trigger_controller_dag.py took 0.049 seconds
[2026-02-25T15:14:27.995+0000] {processor.py:186} INFO - Started process (PID=3413) to work on /home/ubuntu/airflow-venv/lib/python3.12/site-packages/airflow/example_dags/example_trigger_controller_dag.py
[2026-02-25T15:14:27.997+0000] {processor.py:914} INFO - Processing file /home/ubuntu/airflow-venv/lib/python3.12/site-packages/airflow/example_dags/example_trigger_controller_dag.py for tasks to queue
[2026-02-25T15:14:27.999+0000] {logging_mixin.py:190} INFO - [2026-02-25T15:14:27.998+0000] {dagbag.py:588} INFO - Filling up the DagBag from /home/ubuntu/airflow-venv/lib/python3.12/site-packages/airflow/example_dags/example_trigger_controller_dag.py
[2026-02-25T15:14:28.003+0000] {processor.py:925} INFO - DAG(s) 'example_trigger_controller_dag' retrieved from /home/ubuntu/airflow-venv/lib/python3.12/site-packages/airflow/example_dags/example_trigger_controller_dag.py
[2026-02-25T15:14:28.012+0000] {logging_mixin.py:190} INFO - [2026-02-25T15:14:28.012+0000] {dag.py:3239} INFO - Sync 1 DAGs
[2026-02-25T15:14:28.023+0000] {logging_mixin.py:190} INFO - [2026-02-25T15:14:28.023+0000] {dag.py:4180} INFO - Setting next_dagrun for example_trigger_controller_dag to 2021-01-01 00:00:00+00:00, run_after=2021-01-01 00:00:00+00:00
[2026-02-25T15:14:28.039+0000] {processor.py:208} INFO - Processing /home/ubuntu/airflow-venv/lib/python3.12/site-packages/airflow/example_dags/example_trigger_controller_dag.py took 0.047 seconds
[2026-02-25T15:15:16.781+0000] {processor.py:186} INFO - Started process (PID=3466) to work on /home/ubuntu/airflow-venv/lib/python3.12/site-packages/airflow/example_dags/example_trigger_controller_dag.py
[2026-02-25T15:15:16.783+0000] {processor.py:914} INFO - Processing file /home/ubuntu/airflow-venv/lib/python3.12/site-packages/airflow/example_dags/example_trigger_controller_dag.py for tasks to queue
[2026-02-25T15:15:16.785+0000] {logging_mixin.py:190} INFO - [2026-02-25T15:15:16.784+0000] {dagbag.py:588} INFO - Filling up the DagBag from /home/ubuntu/airflow-venv/lib/python3.12/site-packages/airflow/example_dags/example_trigger_controller_dag.py
[2026-02-25T15:15:16.789+0000] {processor.py:925} INFO - DAG(s) 'example_trigger_controller_dag' retrieved from /home/ubuntu/airflow-venv/lib/python3.12/site-packages/airflow/example_dags/example_trigger_controller_dag.py
[2026-02-25T15:15:16.798+0000] {logging_mixin.py:190} INFO - [2026-02-25T15:15:16.798+0000] {dag.py:3239} INFO - Sync 1 DAGs
[2026-02-25T15:15:16.810+0000] {logging_mixin.py:190} INFO - [2026-02-25T15:15:16.810+0000] {dag.py:4180} INFO - Setting next_dagrun for example_trigger_controller_dag to 2021-01-01 00:00:00+00:00, run_after=2021-01-01 00:00:00+00:00
[2026-02-25T15:15:16.827+0000] {processor.py:208} INFO - Processing /home/ubuntu/airflow-venv/lib/python3.12/site-packages/airflow/example_dags/example_trigger_controller_dag.py took 0.049 seconds
[2026-02-25T15:16:05.468+0000] {processor.py:186} INFO - Started process (PID=3519) to work on /home/ubuntu/airflow-venv/lib/python3.12/site-packages/airflow/example_dags/example_trigger_controller_dag.py
[2026-02-25T15:16:05.470+0000] {processor.py:914} INFO - Processing file /home/ubuntu/airflow-venv/lib/python3.12/site-packages/airflow/example_dags/example_trigger_controller_dag.py for tasks to queue
[2026-02-25T15:16:05.471+0000] {logging_mixin.py:190} INFO - [2026-02-25T15:16:05.471+0000] {dagbag.py:588} INFO - Filling up the DagBag from /home/ubuntu/airflow-venv/lib/python3.12/site-packages/airflow/example_dags/example_trigger_controller_dag.py
[2026-02-25T15:16:05.475+0000] {processor.py:925} INFO - DAG(s) 'example_trigger_controller_dag' retrieved from /home/ubuntu/airflow-venv/lib/python3.12/site-packages/airflow/example_dags/example_trigger_controller_dag.py
[2026-02-25T15:16:05.484+0000] {logging_mixin.py:190} INFO - [2026-02-25T15:16:05.484+0000] {dag.py:3239} INFO - Sync 1 DAGs
[2026-02-25T15:16:05.496+0000] {logging_mixin.py:190} INFO - [2026-02-25T15:16:05.496+0000] {dag.py:4180} INFO - Setting next_dagrun for example_trigger_controller_dag to 2021-01-01 00:00:00+00:00, run_after=2021-01-01 00:00:00+00:00
[2026-02-25T15:16:05.512+0000] {processor.py:208} INFO - Processing /home/ubuntu/airflow-venv/lib/python3.12/site-packages/airflow/example_dags/example_trigger_controller_dag.py took 0.047 seconds
[2026-02-25T15:16:55.102+0000] {processor.py:186} INFO - Started process (PID=3570) to work on /home/ubuntu/airflow-venv/lib/python3.12/site-packages/airflow/example_dags/example_trigger_controller_dag.py
[2026-02-25T15:16:55.104+0000] {processor.py:914} INFO - Processing file /home/ubuntu/airflow-venv/lib/python3.12/site-packages/airflow/example_dags/example_trigger_controller_dag.py for tasks to queue
[2026-02-25T15:16:55.105+0000] {logging_mixin.py:190} INFO - [2026-02-25T15:16:55.105+0000] {dagbag.py:588} INFO - Filling up the DagBag from /home/ubuntu/airflow-venv/lib/python3.12/site-packages/airflow/example_dags/example_trigger_controller_dag.py
[2026-02-25T15:16:55.110+0000] {processor.py:925} INFO - DAG(s) 'example_trigger_controller_dag' retrieved from /home/ubuntu/airflow-venv/lib/python3.12/site-packages/airflow/example_dags/example_trigger_controller_dag.py
[2026-02-25T15:16:55.118+0000] {logging_mixin.py:190} INFO - [2026-02-25T15:16:55.118+0000] {dag.py:3239} INFO - Sync 1 DAGs
[2026-02-25T15:16:55.130+0000] {logging_mixin.py:190} INFO - [2026-02-25T15:16:55.130+0000] {dag.py:4180} INFO - Setting next_dagrun for example_trigger_controller_dag to 2021-01-01 00:00:00+00:00, run_after=2021-01-01 00:00:00+00:00
[2026-02-25T15:16:55.147+0000] {processor.py:208} INFO - Processing /home/ubuntu/airflow-venv/lib/python3.12/site-packages/airflow/example_dags/example_trigger_controller_dag.py took 0.048 seconds
[2026-02-25T15:17:44.229+0000] {processor.py:186} INFO - Started process (PID=3625) to work on /home/ubuntu/airflow-venv/lib/python3.12/site-packages/airflow/example_dags/example_trigger_controller_dag.py
[2026-02-25T15:17:44.231+0000] {processor.py:914} INFO - Processing file /home/ubuntu/airflow-venv/lib/python3.12/site-packages/airflow/example_dags/example_trigger_controller_dag.py for tasks to queue
[2026-02-25T15:17:44.232+0000] {logging_mixin.py:190} INFO - [2026-02-25T15:17:44.232+0000] {dagbag.py:588} INFO - Filling up the DagBag from /home/ubuntu/airflow-venv/lib/python3.12/site-packages/airflow/example_dags/example_trigger_controller_dag.py
[2026-02-25T15:17:44.236+0000] {processor.py:925} INFO - DAG(s) 'example_trigger_controller_dag' retrieved from /home/ubuntu/airflow-venv/lib/python3.12/site-packages/airflow/example_dags/example_trigger_controller_dag.py
[2026-02-25T15:17:44.245+0000] {logging_mixin.py:190} INFO - [2026-02-25T15:17:44.245+0000] {dag.py:3239} INFO - Sync 1 DAGs
[2026-02-25T15:17:44.257+0000] {logging_mixin.py:190} INFO - [2026-02-25T15:17:44.256+0000] {dag.py:4180} INFO - Setting next_dagrun for example_trigger_controller_dag to 2021-01-01 00:00:00+00:00, run_after=2021-01-01 00:00:00+00:00
[2026-02-25T15:17:44.273+0000] {processor.py:208} INFO - Processing /home/ubuntu/airflow-venv/lib/python3.12/site-packages/airflow/example_dags/example_trigger_controller_dag.py took 0.047 seconds
[2026-02-25T15:18:32.839+0000] {processor.py:186} INFO - Started process (PID=3677) to work on /home/ubuntu/airflow-venv/lib/python3.12/site-packages/airflow/example_dags/example_trigger_controller_dag.py
[2026-02-25T15:18:32.840+0000] {processor.py:914} INFO - Processing file /home/ubuntu/airflow-venv/lib/python3.12/site-packages/airflow/example_dags/example_trigger_controller_dag.py for tasks to queue
[2026-02-25T15:18:32.842+0000] {logging_mixin.py:190} INFO - [2026-02-25T15:18:32.842+0000] {dagbag.py:588} INFO - Filling up the DagBag from /home/ubuntu/airflow-venv/lib/python3.12/site-packages/airflow/example_dags/example_trigger_controller_dag.py
[2026-02-25T15:18:32.846+0000] {processor.py:925} INFO - DAG(s) 'example_trigger_controller_dag' retrieved from /home/ubuntu/airflow-venv/lib/python3.12/site-packages/airflow/example_dags/example_trigger_controller_dag.py
[2026-02-25T15:18:32.855+0000] {logging_mixin.py:190} INFO - [2026-02-25T15:18:32.855+0000] {dag.py:3239} INFO - Sync 1 DAGs
[2026-02-25T15:18:32.867+0000] {logging_mixin.py:190} INFO - [2026-02-25T15:18:32.867+0000] {dag.py:4180} INFO - Setting next_dagrun for example_trigger_controller_dag to 2021-01-01 00:00:00+00:00, run_after=2021-01-01 00:00:00+00:00
[2026-02-25T15:18:32.883+0000] {processor.py:208} INFO - Processing /home/ubuntu/airflow-venv/lib/python3.12/site-packages/airflow/example_dags/example_trigger_controller_dag.py took 0.048 seconds
[2026-02-25T15:19:17.653+0000] {processor.py:186} INFO - Started process (PID=3726) to work on /home/ubuntu/airflow-venv/lib/python3.12/site-packages/airflow/example_dags/example_trigger_controller_dag.py
[2026-02-25T15:19:17.654+0000] {processor.py:914} INFO - Processing file /home/ubuntu/airflow-venv/lib/python3.12/site-packages/airflow/example_dags/example_trigger_controller_dag.py for tasks to queue
[2026-02-25T15:19:17.656+0000] {logging_mixin.py:190} INFO - [2026-02-25T15:19:17.656+0000] {dagbag.py:588} INFO - Filling up the DagBag from /home/ubuntu/airflow-venv/lib/python3.12/site-packages/airflow/example_dags/example_trigger_controller_dag.py
[2026-02-25T15:19:17.660+0000] {processor.py:925} INFO - DAG(s) 'example_trigger_controller_dag' retrieved from /home/ubuntu/airflow-venv/lib/python3.12/site-packages/airflow/example_dags/example_trigger_controller_dag.py
[2026-02-25T15:19:17.669+0000] {logging_mixin.py:190} INFO - [2026-02-25T15:19:17.669+0000] {dag.py:3239} INFO - Sync 1 DAGs
[2026-02-25T15:19:17.681+0000] {logging_mixin.py:190} INFO - [2026-02-25T15:19:17.681+0000] {dag.py:4180} INFO - Setting next_dagrun for example_trigger_controller_dag to 2021-01-01 00:00:00+00:00, run_after=2021-01-01 00:00:00+00:00
[2026-02-25T15:19:17.699+0000] {processor.py:208} INFO - Processing /home/ubuntu/airflow-venv/lib/python3.12/site-packages/airflow/example_dags/example_trigger_controller_dag.py took 0.050 seconds
[2026-02-25T15:20:05.546+0000] {processor.py:186} INFO - Started process (PID=3778) to work on /home/ubuntu/airflow-venv/lib/python3.12/site-packages/airflow/example_dags/example_trigger_controller_dag.py
[2026-02-25T15:20:05.547+0000] {processor.py:914} INFO - Processing file /home/ubuntu/airflow-venv/lib/python3.12/site-packages/airflow/example_dags/example_trigger_controller_dag.py for tasks to queue
[2026-02-25T15:20:05.549+0000] {logging_mixin.py:190} INFO - [2026-02-25T15:20:05.549+0000] {dagbag.py:588} INFO - Filling up the DagBag from /home/ubuntu/airflow-venv/lib/python3.12/site-packages/airflow/example_dags/example_trigger_controller_dag.py
[2026-02-25T15:20:05.553+0000] {processor.py:925} INFO - DAG(s) 'example_trigger_controller_dag' retrieved from /home/ubuntu/airflow-venv/lib/python3.12/site-packages/airflow/example_dags/example_trigger_controller_dag.py
[2026-02-25T15:20:05.562+0000] {logging_mixin.py:190} INFO - [2026-02-25T15:20:05.562+0000] {dag.py:3239} INFO - Sync 1 DAGs
[2026-02-25T15:20:05.574+0000] {logging_mixin.py:190} INFO - [2026-02-25T15:20:05.573+0000] {dag.py:4180} INFO - Setting next_dagrun for example_trigger_controller_dag to 2021-01-01 00:00:00+00:00, run_after=2021-01-01 00:00:00+00:00
[2026-02-25T15:20:05.589+0000] {processor.py:208} INFO - Processing /home/ubuntu/airflow-venv/lib/python3.12/site-packages/airflow/example_dags/example_trigger_controller_dag.py took 0.047 seconds
[2026-02-25T15:20:56.200+0000] {processor.py:186} INFO - Started process (PID=3833) to work on /home/ubuntu/airflow-venv/lib/python3.12/site-packages/airflow/example_dags/example_trigger_controller_dag.py
[2026-02-25T15:20:56.201+0000] {processor.py:914} INFO - Processing file /home/ubuntu/airflow-venv/lib/python3.12/site-packages/airflow/example_dags/example_trigger_controller_dag.py for tasks to queue
[2026-02-25T15:20:56.203+0000] {logging_mixin.py:190} INFO - [2026-02-25T15:20:56.203+0000] {dagbag.py:588} INFO - Filling up the DagBag from /home/ubuntu/airflow-venv/lib/python3.12/site-packages/airflow/example_dags/example_trigger_controller_dag.py
[2026-02-25T15:20:56.208+0000] {processor.py:925} INFO - DAG(s) 'example_trigger_controller_dag' retrieved from /home/ubuntu/airflow-venv/lib/python3.12/site-packages/airflow/example_dags/example_trigger_controller_dag.py
[2026-02-25T15:20:56.217+0000] {logging_mixin.py:190} INFO - [2026-02-25T15:20:56.217+0000] {dag.py:3239} INFO - Sync 1 DAGs
[2026-02-25T15:20:56.229+0000] {logging_mixin.py:190} INFO - [2026-02-25T15:20:56.229+0000] {dag.py:4180} INFO - Setting next_dagrun for example_trigger_controller_dag to 2021-01-01 00:00:00+00:00, run_after=2021-01-01 00:00:00+00:00
[2026-02-25T15:20:56.246+0000] {processor.py:208} INFO - Processing /home/ubuntu/airflow-venv/lib/python3.12/site-packages/airflow/example_dags/example_trigger_controller_dag.py took 0.049 seconds
[2026-02-25T15:21:47.494+0000] {processor.py:186} INFO - Started process (PID=3885) to work on /home/ubuntu/airflow-venv/lib/python3.12/site-packages/airflow/example_dags/example_trigger_controller_dag.py
[2026-02-25T15:21:47.495+0000] {processor.py:914} INFO - Processing file /home/ubuntu/airflow-venv/lib/python3.12/site-packages/airflow/example_dags/example_trigger_controller_dag.py for tasks to queue
[2026-02-25T15:21:47.497+0000] {logging_mixin.py:190} INFO - [2026-02-25T15:21:47.497+0000] {dagbag.py:588} INFO - Filling up the DagBag from /home/ubuntu/airflow-venv/lib/python3.12/site-packages/airflow/example_dags/example_trigger_controller_dag.py
[2026-02-25T15:21:47.502+0000] {processor.py:925} INFO - DAG(s) 'example_trigger_controller_dag' retrieved from /home/ubuntu/airflow-venv/lib/python3.12/site-packages/airflow/example_dags/example_trigger_controller_dag.py
[2026-02-25T15:21:47.511+0000] {logging_mixin.py:190} INFO - [2026-02-25T15:21:47.511+0000] {dag.py:3239} INFO - Sync 1 DAGs
[2026-02-25T15:21:47.523+0000] {logging_mixin.py:190} INFO - [2026-02-25T15:21:47.523+0000] {dag.py:4180} INFO - Setting next_dagrun for example_trigger_controller_dag to 2021-01-01 00:00:00+00:00, run_after=2021-01-01 00:00:00+00:00
[2026-02-25T15:21:47.540+0000] {processor.py:208} INFO - Processing /home/ubuntu/airflow-venv/lib/python3.12/site-packages/airflow/example_dags/example_trigger_controller_dag.py took 0.050 seconds
[2026-02-25T15:22:35.363+0000] {processor.py:186} INFO - Started process (PID=3938) to work on /home/ubuntu/airflow-venv/lib/python3.12/site-packages/airflow/example_dags/example_trigger_controller_dag.py
[2026-02-25T15:22:35.364+0000] {processor.py:914} INFO - Processing file /home/ubuntu/airflow-venv/lib/python3.12/site-packages/airflow/example_dags/example_trigger_controller_dag.py for tasks to queue
[2026-02-25T15:22:35.366+0000] {logging_mixin.py:190} INFO - [2026-02-25T15:22:35.366+0000] {dagbag.py:588} INFO - Filling up the DagBag from /home/ubuntu/airflow-venv/lib/python3.12/site-packages/airflow/example_dags/example_trigger_controller_dag.py
[2026-02-25T15:22:35.371+0000] {processor.py:925} INFO - DAG(s) 'example_trigger_controller_dag' retrieved from /home/ubuntu/airflow-venv/lib/python3.12/site-packages/airflow/example_dags/example_trigger_controller_dag.py
[2026-02-25T15:22:35.379+0000] {logging_mixin.py:190} INFO - [2026-02-25T15:22:35.379+0000] {dag.py:3239} INFO - Sync 1 DAGs
[2026-02-25T15:22:35.391+0000] {logging_mixin.py:190} INFO - [2026-02-25T15:22:35.391+0000] {dag.py:4180} INFO - Setting next_dagrun for example_trigger_controller_dag to 2021-01-01 00:00:00+00:00, run_after=2021-01-01 00:00:00+00:00
[2026-02-25T15:22:35.408+0000] {processor.py:208} INFO - Processing /home/ubuntu/airflow-venv/lib/python3.12/site-packages/airflow/example_dags/example_trigger_controller_dag.py took 0.049 seconds
[2026-02-25T15:23:26.681+0000] {processor.py:186} INFO - Started process (PID=3989) to work on /home/ubuntu/airflow-venv/lib/python3.12/site-packages/airflow/example_dags/example_trigger_controller_dag.py
[2026-02-25T15:23:26.682+0000] {processor.py:914} INFO - Processing file /home/ubuntu/airflow-venv/lib/python3.12/site-packages/airflow/example_dags/example_trigger_controller_dag.py for tasks to queue
[2026-02-25T15:23:26.684+0000] {logging_mixin.py:190} INFO - [2026-02-25T15:23:26.684+0000] {dagbag.py:588} INFO - Filling up the DagBag from /home/ubuntu/airflow-venv/lib/python3.12/site-packages/airflow/example_dags/example_trigger_controller_dag.py
[2026-02-25T15:23:26.689+0000] {processor.py:925} INFO - DAG(s) 'example_trigger_controller_dag' retrieved from /home/ubuntu/airflow-venv/lib/python3.12/site-packages/airflow/example_dags/example_trigger_controller_dag.py
[2026-02-25T15:23:26.698+0000] {logging_mixin.py:190} INFO - [2026-02-25T15:23:26.698+0000] {dag.py:3239} INFO - Sync 1 DAGs
[2026-02-25T15:23:26.710+0000] {logging_mixin.py:190} INFO - [2026-02-25T15:23:26.709+0000] {dag.py:4180} INFO - Setting next_dagrun for example_trigger_controller_dag to 2021-01-01 00:00:00+00:00, run_after=2021-01-01 00:00:00+00:00
[2026-02-25T15:23:26.726+0000] {processor.py:208} INFO - Processing /home/ubuntu/airflow-venv/lib/python3.12/site-packages/airflow/example_dags/example_trigger_controller_dag.py took 0.048 seconds
[2026-02-25T15:44:16.736+0000] {processor.py:186} INFO - Started process (PID=2577) to work on /home/ubuntu/airflow-venv/lib/python3.12/site-packages/airflow/example_dags/example_trigger_controller_dag.py
[2026-02-25T15:44:16.738+0000] {processor.py:914} INFO - Processing file /home/ubuntu/airflow-venv/lib/python3.12/site-packages/airflow/example_dags/example_trigger_controller_dag.py for tasks to queue
[2026-02-25T15:44:16.739+0000] {logging_mixin.py:190} INFO - [2026-02-25T15:44:16.739+0000] {dagbag.py:588} INFO - Filling up the DagBag from /home/ubuntu/airflow-venv/lib/python3.12/site-packages/airflow/example_dags/example_trigger_controller_dag.py
[2026-02-25T15:44:16.743+0000] {processor.py:925} INFO - DAG(s) 'example_trigger_controller_dag' retrieved from /home/ubuntu/airflow-venv/lib/python3.12/site-packages/airflow/example_dags/example_trigger_controller_dag.py
[2026-02-25T15:44:16.754+0000] {logging_mixin.py:190} INFO - [2026-02-25T15:44:16.753+0000] {dag.py:3239} INFO - Sync 1 DAGs
[2026-02-25T15:44:16.766+0000] {logging_mixin.py:190} INFO - [2026-02-25T15:44:16.766+0000] {dag.py:4180} INFO - Setting next_dagrun for example_trigger_controller_dag to 2021-01-01 00:00:00+00:00, run_after=2021-01-01 00:00:00+00:00
[2026-02-25T15:44:16.782+0000] {processor.py:208} INFO - Processing /home/ubuntu/airflow-venv/lib/python3.12/site-packages/airflow/example_dags/example_trigger_controller_dag.py took 0.050 seconds
[2026-02-25T15:45:09.879+0000] {processor.py:186} INFO - Started process (PID=2652) to work on /home/ubuntu/airflow-venv/lib/python3.12/site-packages/airflow/example_dags/example_trigger_controller_dag.py
[2026-02-25T15:45:09.881+0000] {processor.py:914} INFO - Processing file /home/ubuntu/airflow-venv/lib/python3.12/site-packages/airflow/example_dags/example_trigger_controller_dag.py for tasks to queue
[2026-02-25T15:45:09.882+0000] {logging_mixin.py:190} INFO - [2026-02-25T15:45:09.882+0000] {dagbag.py:588} INFO - Filling up the DagBag from /home/ubuntu/airflow-venv/lib/python3.12/site-packages/airflow/example_dags/example_trigger_controller_dag.py
[2026-02-25T15:45:09.886+0000] {processor.py:925} INFO - DAG(s) 'example_trigger_controller_dag' retrieved from /home/ubuntu/airflow-venv/lib/python3.12/site-packages/airflow/example_dags/example_trigger_controller_dag.py
[2026-02-25T15:45:09.895+0000] {logging_mixin.py:190} INFO - [2026-02-25T15:45:09.895+0000] {dag.py:3239} INFO - Sync 1 DAGs
[2026-02-25T15:45:09.906+0000] {logging_mixin.py:190} INFO - [2026-02-25T15:45:09.906+0000] {dag.py:4180} INFO - Setting next_dagrun for example_trigger_controller_dag to 2021-01-01 00:00:00+00:00, run_after=2021-01-01 00:00:00+00:00
[2026-02-25T15:45:09.922+0000] {processor.py:208} INFO - Processing /home/ubuntu/airflow-venv/lib/python3.12/site-packages/airflow/example_dags/example_trigger_controller_dag.py took 0.047 seconds
[2026-02-25T15:45:59.428+0000] {processor.py:186} INFO - Started process (PID=2704) to work on /home/ubuntu/airflow-venv/lib/python3.12/site-packages/airflow/example_dags/example_trigger_controller_dag.py
[2026-02-25T15:45:59.430+0000] {processor.py:914} INFO - Processing file /home/ubuntu/airflow-venv/lib/python3.12/site-packages/airflow/example_dags/example_trigger_controller_dag.py for tasks to queue
[2026-02-25T15:45:59.431+0000] {logging_mixin.py:190} INFO - [2026-02-25T15:45:59.431+0000] {dagbag.py:588} INFO - Filling up the DagBag from /home/ubuntu/airflow-venv/lib/python3.12/site-packages/airflow/example_dags/example_trigger_controller_dag.py
[2026-02-25T15:45:59.435+0000] {processor.py:925} INFO - DAG(s) 'example_trigger_controller_dag' retrieved from /home/ubuntu/airflow-venv/lib/python3.12/site-packages/airflow/example_dags/example_trigger_controller_dag.py
[2026-02-25T15:45:59.444+0000] {logging_mixin.py:190} INFO - [2026-02-25T15:45:59.444+0000] {dag.py:3239} INFO - Sync 1 DAGs
[2026-02-25T15:45:59.455+0000] {logging_mixin.py:190} INFO - [2026-02-25T15:45:59.455+0000] {dag.py:4180} INFO - Setting next_dagrun for example_trigger_controller_dag to 2021-01-01 00:00:00+00:00, run_after=2021-01-01 00:00:00+00:00
[2026-02-25T15:45:59.471+0000] {processor.py:208} INFO - Processing /home/ubuntu/airflow-venv/lib/python3.12/site-packages/airflow/example_dags/example_trigger_controller_dag.py took 0.046 seconds
[2026-02-25T15:46:46.243+0000] {processor.py:186} INFO - Started process (PID=2753) to work on /home/ubuntu/airflow-venv/lib/python3.12/site-packages/airflow/example_dags/example_trigger_controller_dag.py
[2026-02-25T15:46:46.245+0000] {processor.py:914} INFO - Processing file /home/ubuntu/airflow-venv/lib/python3.12/site-packages/airflow/example_dags/example_trigger_controller_dag.py for tasks to queue
[2026-02-25T15:46:46.246+0000] {logging_mixin.py:190} INFO - [2026-02-25T15:46:46.246+0000] {dagbag.py:588} INFO - Filling up the DagBag from /home/ubuntu/airflow-venv/lib/python3.12/site-packages/airflow/example_dags/example_trigger_controller_dag.py
[2026-02-25T15:46:46.250+0000] {processor.py:925} INFO - DAG(s) 'example_trigger_controller_dag' retrieved from /home/ubuntu/airflow-venv/lib/python3.12/site-packages/airflow/example_dags/example_trigger_controller_dag.py
[2026-02-25T15:46:46.259+0000] {logging_mixin.py:190} INFO - [2026-02-25T15:46:46.259+0000] {dag.py:3239} INFO - Sync 1 DAGs
[2026-02-25T15:46:46.271+0000] {logging_mixin.py:190} INFO - [2026-02-25T15:46:46.270+0000] {dag.py:4180} INFO - Setting next_dagrun for example_trigger_controller_dag to 2021-01-01 00:00:00+00:00, run_after=2021-01-01 00:00:00+00:00
[2026-02-25T15:46:46.286+0000] {processor.py:208} INFO - Processing /home/ubuntu/airflow-venv/lib/python3.12/site-packages/airflow/example_dags/example_trigger_controller_dag.py took 0.046 seconds
[2026-02-25T15:47:36.865+0000] {processor.py:186} INFO - Started process (PID=2806) to work on /home/ubuntu/airflow-venv/lib/python3.12/site-packages/airflow/example_dags/example_trigger_controller_dag.py
[2026-02-25T15:47:36.866+0000] {processor.py:914} INFO - Processing file /home/ubuntu/airflow-venv/lib/python3.12/site-packages/airflow/example_dags/example_trigger_controller_dag.py for tasks to queue
[2026-02-25T15:47:36.868+0000] {logging_mixin.py:190} INFO - [2026-02-25T15:47:36.867+0000] {dagbag.py:588} INFO - Filling up the DagBag from /home/ubuntu/airflow-venv/lib/python3.12/site-packages/airflow/example_dags/example_trigger_controller_dag.py
[2026-02-25T15:47:36.872+0000] {processor.py:925} INFO - DAG(s) 'example_trigger_controller_dag' retrieved from /home/ubuntu/airflow-venv/lib/python3.12/site-packages/airflow/example_dags/example_trigger_controller_dag.py
[2026-02-25T15:47:36.881+0000] {logging_mixin.py:190} INFO - [2026-02-25T15:47:36.881+0000] {dag.py:3239} INFO - Sync 1 DAGs
[2026-02-25T15:47:36.892+0000] {logging_mixin.py:190} INFO - [2026-02-25T15:47:36.892+0000] {dag.py:4180} INFO - Setting next_dagrun for example_trigger_controller_dag to 2021-01-01 00:00:00+00:00, run_after=2021-01-01 00:00:00+00:00
[2026-02-25T15:47:36.909+0000] {processor.py:208} INFO - Processing /home/ubuntu/airflow-venv/lib/python3.12/site-packages/airflow/example_dags/example_trigger_controller_dag.py took 0.047 seconds
[2026-02-25T15:48:26.386+0000] {processor.py:186} INFO - Started process (PID=2859) to work on /home/ubuntu/airflow-venv/lib/python3.12/site-packages/airflow/example_dags/example_trigger_controller_dag.py
[2026-02-25T15:48:26.387+0000] {processor.py:914} INFO - Processing file /home/ubuntu/airflow-venv/lib/python3.12/site-packages/airflow/example_dags/example_trigger_controller_dag.py for tasks to queue
[2026-02-25T15:48:26.389+0000] {logging_mixin.py:190} INFO - [2026-02-25T15:48:26.388+0000] {dagbag.py:588} INFO - Filling up the DagBag from /home/ubuntu/airflow-venv/lib/python3.12/site-packages/airflow/example_dags/example_trigger_controller_dag.py
[2026-02-25T15:48:26.393+0000] {processor.py:925} INFO - DAG(s) 'example_trigger_controller_dag' retrieved from /home/ubuntu/airflow-venv/lib/python3.12/site-packages/airflow/example_dags/example_trigger_controller_dag.py
[2026-02-25T15:48:26.402+0000] {logging_mixin.py:190} INFO - [2026-02-25T15:48:26.401+0000] {dag.py:3239} INFO - Sync 1 DAGs
[2026-02-25T15:48:26.413+0000] {logging_mixin.py:190} INFO - [2026-02-25T15:48:26.413+0000] {dag.py:4180} INFO - Setting next_dagrun for example_trigger_controller_dag to 2021-01-01 00:00:00+00:00, run_after=2021-01-01 00:00:00+00:00
[2026-02-25T15:48:26.428+0000] {processor.py:208} INFO - Processing /home/ubuntu/airflow-venv/lib/python3.12/site-packages/airflow/example_dags/example_trigger_controller_dag.py took 0.046 seconds
[2026-02-25T15:49:15.885+0000] {processor.py:186} INFO - Started process (PID=2911) to work on /home/ubuntu/airflow-venv/lib/python3.12/site-packages/airflow/example_dags/example_trigger_controller_dag.py
[2026-02-25T15:49:15.886+0000] {processor.py:914} INFO - Processing file /home/ubuntu/airflow-venv/lib/python3.12/site-packages/airflow/example_dags/example_trigger_controller_dag.py for tasks to queue
[2026-02-25T15:49:15.888+0000] {logging_mixin.py:190} INFO - [2026-02-25T15:49:15.887+0000] {dagbag.py:588} INFO - Filling up the DagBag from /home/ubuntu/airflow-venv/lib/python3.12/site-packages/airflow/example_dags/example_trigger_controller_dag.py
[2026-02-25T15:49:15.892+0000] {processor.py:925} INFO - DAG(s) 'example_trigger_controller_dag' retrieved from /home/ubuntu/airflow-venv/lib/python3.12/site-packages/airflow/example_dags/example_trigger_controller_dag.py
[2026-02-25T15:49:15.901+0000] {logging_mixin.py:190} INFO - [2026-02-25T15:49:15.900+0000] {dag.py:3239} INFO - Sync 1 DAGs
[2026-02-25T15:49:15.912+0000] {logging_mixin.py:190} INFO - [2026-02-25T15:49:15.912+0000] {dag.py:4180} INFO - Setting next_dagrun for example_trigger_controller_dag to 2021-01-01 00:00:00+00:00, run_after=2021-01-01 00:00:00+00:00
[2026-02-25T15:49:15.928+0000] {processor.py:208} INFO - Processing /home/ubuntu/airflow-venv/lib/python3.12/site-packages/airflow/example_dags/example_trigger_controller_dag.py took 0.047 seconds
[2026-02-25T15:50:06.617+0000] {processor.py:186} INFO - Started process (PID=2968) to work on /home/ubuntu/airflow-venv/lib/python3.12/site-packages/airflow/example_dags/example_trigger_controller_dag.py
[2026-02-25T15:50:06.618+0000] {processor.py:914} INFO - Processing file /home/ubuntu/airflow-venv/lib/python3.12/site-packages/airflow/example_dags/example_trigger_controller_dag.py for tasks to queue
[2026-02-25T15:50:06.620+0000] {logging_mixin.py:190} INFO - [2026-02-25T15:50:06.620+0000] {dagbag.py:588} INFO - Filling up the DagBag from /home/ubuntu/airflow-venv/lib/python3.12/site-packages/airflow/example_dags/example_trigger_controller_dag.py
[2026-02-25T15:50:06.624+0000] {processor.py:925} INFO - DAG(s) 'example_trigger_controller_dag' retrieved from /home/ubuntu/airflow-venv/lib/python3.12/site-packages/airflow/example_dags/example_trigger_controller_dag.py
[2026-02-25T15:50:06.633+0000] {logging_mixin.py:190} INFO - [2026-02-25T15:50:06.633+0000] {dag.py:3239} INFO - Sync 1 DAGs
[2026-02-25T15:50:06.711+0000] {logging_mixin.py:190} INFO - [2026-02-25T15:50:06.711+0000] {dag.py:4180} INFO - Setting next_dagrun for example_trigger_controller_dag to 2021-01-01 00:00:00+00:00, run_after=2021-01-01 00:00:00+00:00
[2026-02-25T15:50:06.725+0000] {processor.py:208} INFO - Processing /home/ubuntu/airflow-venv/lib/python3.12/site-packages/airflow/example_dags/example_trigger_controller_dag.py took 0.112 seconds
[2026-02-25T15:51:00.970+0000] {processor.py:186} INFO - Started process (PID=3022) to work on /home/ubuntu/airflow-venv/lib/python3.12/site-packages/airflow/example_dags/example_trigger_controller_dag.py
[2026-02-25T15:51:00.971+0000] {processor.py:914} INFO - Processing file /home/ubuntu/airflow-venv/lib/python3.12/site-packages/airflow/example_dags/example_trigger_controller_dag.py for tasks to queue
[2026-02-25T15:51:00.972+0000] {logging_mixin.py:190} INFO - [2026-02-25T15:51:00.972+0000] {dagbag.py:588} INFO - Filling up the DagBag from /home/ubuntu/airflow-venv/lib/python3.12/site-packages/airflow/example_dags/example_trigger_controller_dag.py
[2026-02-25T15:51:00.977+0000] {processor.py:925} INFO - DAG(s) 'example_trigger_controller_dag' retrieved from /home/ubuntu/airflow-venv/lib/python3.12/site-packages/airflow/example_dags/example_trigger_controller_dag.py
[2026-02-25T15:51:00.986+0000] {logging_mixin.py:190} INFO - [2026-02-25T15:51:00.986+0000] {dag.py:3239} INFO - Sync 1 DAGs
[2026-02-25T15:51:00.998+0000] {logging_mixin.py:190} INFO - [2026-02-25T15:51:00.998+0000] {dag.py:4180} INFO - Setting next_dagrun for example_trigger_controller_dag to 2021-01-01 00:00:00+00:00, run_after=2021-01-01 00:00:00+00:00
[2026-02-25T15:51:01.015+0000] {processor.py:208} INFO - Processing /home/ubuntu/airflow-venv/lib/python3.12/site-packages/airflow/example_dags/example_trigger_controller_dag.py took 0.049 seconds
[2026-02-25T15:51:53.203+0000] {processor.py:186} INFO - Started process (PID=3077) to work on /home/ubuntu/airflow-venv/lib/python3.12/site-packages/airflow/example_dags/example_trigger_controller_dag.py
[2026-02-25T15:51:53.205+0000] {processor.py:914} INFO - Processing file /home/ubuntu/airflow-venv/lib/python3.12/site-packages/airflow/example_dags/example_trigger_controller_dag.py for tasks to queue
[2026-02-25T15:51:53.206+0000] {logging_mixin.py:190} INFO - [2026-02-25T15:51:53.206+0000] {dagbag.py:588} INFO - Filling up the DagBag from /home/ubuntu/airflow-venv/lib/python3.12/site-packages/airflow/example_dags/example_trigger_controller_dag.py
[2026-02-25T15:51:53.211+0000] {processor.py:925} INFO - DAG(s) 'example_trigger_controller_dag' retrieved from /home/ubuntu/airflow-venv/lib/python3.12/site-packages/airflow/example_dags/example_trigger_controller_dag.py
[2026-02-25T15:51:53.220+0000] {logging_mixin.py:190} INFO - [2026-02-25T15:51:53.220+0000] {dag.py:3239} INFO - Sync 1 DAGs
[2026-02-25T15:51:53.232+0000] {logging_mixin.py:190} INFO - [2026-02-25T15:51:53.232+0000] {dag.py:4180} INFO - Setting next_dagrun for example_trigger_controller_dag to 2021-01-01 00:00:00+00:00, run_after=2021-01-01 00:00:00+00:00
[2026-02-25T15:51:53.248+0000] {processor.py:208} INFO - Processing /home/ubuntu/airflow-venv/lib/python3.12/site-packages/airflow/example_dags/example_trigger_controller_dag.py took 0.048 seconds
[2026-02-25T15:52:42.566+0000] {processor.py:186} INFO - Started process (PID=3132) to work on /home/ubuntu/airflow-venv/lib/python3.12/site-packages/airflow/example_dags/example_trigger_controller_dag.py
[2026-02-25T15:52:42.567+0000] {processor.py:914} INFO - Processing file /home/ubuntu/airflow-venv/lib/python3.12/site-packages/airflow/example_dags/example_trigger_controller_dag.py for tasks to queue
[2026-02-25T15:52:42.569+0000] {logging_mixin.py:190} INFO - [2026-02-25T15:52:42.569+0000] {dagbag.py:588} INFO - Filling up the DagBag from /home/ubuntu/airflow-venv/lib/python3.12/site-packages/airflow/example_dags/example_trigger_controller_dag.py
[2026-02-25T15:52:42.573+0000] {processor.py:925} INFO - DAG(s) 'example_trigger_controller_dag' retrieved from /home/ubuntu/airflow-venv/lib/python3.12/site-packages/airflow/example_dags/example_trigger_controller_dag.py
[2026-02-25T15:52:42.582+0000] {logging_mixin.py:190} INFO - [2026-02-25T15:52:42.582+0000] {dag.py:3239} INFO - Sync 1 DAGs
[2026-02-25T15:52:42.594+0000] {logging_mixin.py:190} INFO - [2026-02-25T15:52:42.594+0000] {dag.py:4180} INFO - Setting next_dagrun for example_trigger_controller_dag to 2021-01-01 00:00:00+00:00, run_after=2021-01-01 00:00:00+00:00
[2026-02-25T15:52:42.610+0000] {processor.py:208} INFO - Processing /home/ubuntu/airflow-venv/lib/python3.12/site-packages/airflow/example_dags/example_trigger_controller_dag.py took 0.048 seconds
[2026-02-25T15:53:31.614+0000] {processor.py:186} INFO - Started process (PID=3182) to work on /home/ubuntu/airflow-venv/lib/python3.12/site-packages/airflow/example_dags/example_trigger_controller_dag.py
[2026-02-25T15:53:31.616+0000] {processor.py:914} INFO - Processing file /home/ubuntu/airflow-venv/lib/python3.12/site-packages/airflow/example_dags/example_trigger_controller_dag.py for tasks to queue
[2026-02-25T15:53:31.617+0000] {logging_mixin.py:190} INFO - [2026-02-25T15:53:31.617+0000] {dagbag.py:588} INFO - Filling up the DagBag from /home/ubuntu/airflow-venv/lib/python3.12/site-packages/airflow/example_dags/example_trigger_controller_dag.py
[2026-02-25T15:53:31.622+0000] {processor.py:925} INFO - DAG(s) 'example_trigger_controller_dag' retrieved from /home/ubuntu/airflow-venv/lib/python3.12/site-packages/airflow/example_dags/example_trigger_controller_dag.py
[2026-02-25T15:53:31.631+0000] {logging_mixin.py:190} INFO - [2026-02-25T15:53:31.630+0000] {dag.py:3239} INFO - Sync 1 DAGs
[2026-02-25T15:53:31.642+0000] {logging_mixin.py:190} INFO - [2026-02-25T15:53:31.642+0000] {dag.py:4180} INFO - Setting next_dagrun for example_trigger_controller_dag to 2021-01-01 00:00:00+00:00, run_after=2021-01-01 00:00:00+00:00
[2026-02-25T15:53:31.659+0000] {processor.py:208} INFO - Processing /home/ubuntu/airflow-venv/lib/python3.12/site-packages/airflow/example_dags/example_trigger_controller_dag.py took 0.048 seconds
[2026-02-25T15:54:21.112+0000] {processor.py:186} INFO - Started process (PID=3250) to work on /home/ubuntu/airflow-venv/lib/python3.12/site-packages/airflow/example_dags/example_trigger_controller_dag.py
[2026-02-25T15:54:21.113+0000] {processor.py:914} INFO - Processing file /home/ubuntu/airflow-venv/lib/python3.12/site-packages/airflow/example_dags/example_trigger_controller_dag.py for tasks to queue
[2026-02-25T15:54:21.115+0000] {logging_mixin.py:190} INFO - [2026-02-25T15:54:21.115+0000] {dagbag.py:588} INFO - Filling up the DagBag from /home/ubuntu/airflow-venv/lib/python3.12/site-packages/airflow/example_dags/example_trigger_controller_dag.py
[2026-02-25T15:54:21.119+0000] {processor.py:925} INFO - DAG(s) 'example_trigger_controller_dag' retrieved from /home/ubuntu/airflow-venv/lib/python3.12/site-packages/airflow/example_dags/example_trigger_controller_dag.py
[2026-02-25T15:54:21.129+0000] {logging_mixin.py:190} INFO - [2026-02-25T15:54:21.129+0000] {dag.py:3239} INFO - Sync 1 DAGs
[2026-02-25T15:54:21.140+0000] {logging_mixin.py:190} INFO - [2026-02-25T15:54:21.140+0000] {dag.py:4180} INFO - Setting next_dagrun for example_trigger_controller_dag to 2021-01-01 00:00:00+00:00, run_after=2021-01-01 00:00:00+00:00
[2026-02-25T15:54:21.156+0000] {processor.py:208} INFO - Processing /home/ubuntu/airflow-venv/lib/python3.12/site-packages/airflow/example_dags/example_trigger_controller_dag.py took 0.048 seconds
[2026-02-25T15:55:08.591+0000] {processor.py:186} INFO - Started process (PID=3305) to work on /home/ubuntu/airflow-venv/lib/python3.12/site-packages/airflow/example_dags/example_trigger_controller_dag.py
[2026-02-25T15:55:08.592+0000] {processor.py:914} INFO - Processing file /home/ubuntu/airflow-venv/lib/python3.12/site-packages/airflow/example_dags/example_trigger_controller_dag.py for tasks to queue
[2026-02-25T15:55:08.594+0000] {logging_mixin.py:190} INFO - [2026-02-25T15:55:08.594+0000] {dagbag.py:588} INFO - Filling up the DagBag from /home/ubuntu/airflow-venv/lib/python3.12/site-packages/airflow/example_dags/example_trigger_controller_dag.py
[2026-02-25T15:55:08.598+0000] {processor.py:925} INFO - DAG(s) 'example_trigger_controller_dag' retrieved from /home/ubuntu/airflow-venv/lib/python3.12/site-packages/airflow/example_dags/example_trigger_controller_dag.py
[2026-02-25T15:55:08.607+0000] {logging_mixin.py:190} INFO - [2026-02-25T15:55:08.607+0000] {dag.py:3239} INFO - Sync 1 DAGs
[2026-02-25T15:55:08.619+0000] {logging_mixin.py:190} INFO - [2026-02-25T15:55:08.619+0000] {dag.py:4180} INFO - Setting next_dagrun for example_trigger_controller_dag to 2021-01-01 00:00:00+00:00, run_after=2021-01-01 00:00:00+00:00
[2026-02-25T15:55:08.635+0000] {processor.py:208} INFO - Processing /home/ubuntu/airflow-venv/lib/python3.12/site-packages/airflow/example_dags/example_trigger_controller_dag.py took 0.048 seconds
[2026-02-25T15:55:58.839+0000] {processor.py:186} INFO - Started process (PID=3365) to work on /home/ubuntu/airflow-venv/lib/python3.12/site-packages/airflow/example_dags/example_trigger_controller_dag.py
[2026-02-25T15:55:58.840+0000] {processor.py:914} INFO - Processing file /home/ubuntu/airflow-venv/lib/python3.12/site-packages/airflow/example_dags/example_trigger_controller_dag.py for tasks to queue
[2026-02-25T15:55:58.842+0000] {logging_mixin.py:190} INFO - [2026-02-25T15:55:58.842+0000] {dagbag.py:588} INFO - Filling up the DagBag from /home/ubuntu/airflow-venv/lib/python3.12/site-packages/airflow/example_dags/example_trigger_controller_dag.py
[2026-02-25T15:55:58.846+0000] {processor.py:925} INFO - DAG(s) 'example_trigger_controller_dag' retrieved from /home/ubuntu/airflow-venv/lib/python3.12/site-packages/airflow/example_dags/example_trigger_controller_dag.py
[2026-02-25T15:55:58.855+0000] {logging_mixin.py:190} INFO - [2026-02-25T15:55:58.855+0000] {dag.py:3239} INFO - Sync 1 DAGs
[2026-02-25T15:55:58.866+0000] {logging_mixin.py:190} INFO - [2026-02-25T15:55:58.866+0000] {dag.py:4180} INFO - Setting next_dagrun for example_trigger_controller_dag to 2021-01-01 00:00:00+00:00, run_after=2021-01-01 00:00:00+00:00
[2026-02-25T15:55:58.882+0000] {processor.py:208} INFO - Processing /home/ubuntu/airflow-venv/lib/python3.12/site-packages/airflow/example_dags/example_trigger_controller_dag.py took 0.047 seconds
[2026-02-25T15:56:51.430+0000] {processor.py:186} INFO - Started process (PID=3423) to work on /home/ubuntu/airflow-venv/lib/python3.12/site-packages/airflow/example_dags/example_trigger_controller_dag.py
[2026-02-25T15:56:51.431+0000] {processor.py:914} INFO - Processing file /home/ubuntu/airflow-venv/lib/python3.12/site-packages/airflow/example_dags/example_trigger_controller_dag.py for tasks to queue
[2026-02-25T15:56:51.433+0000] {logging_mixin.py:190} INFO - [2026-02-25T15:56:51.433+0000] {dagbag.py:588} INFO - Filling up the DagBag from /home/ubuntu/airflow-venv/lib/python3.12/site-packages/airflow/example_dags/example_trigger_controller_dag.py
[2026-02-25T15:56:51.437+0000] {processor.py:925} INFO - DAG(s) 'example_trigger_controller_dag' retrieved from /home/ubuntu/airflow-venv/lib/python3.12/site-packages/airflow/example_dags/example_trigger_controller_dag.py
[2026-02-25T15:56:51.446+0000] {logging_mixin.py:190} INFO - [2026-02-25T15:56:51.446+0000] {dag.py:3239} INFO - Sync 1 DAGs
[2026-02-25T15:56:51.458+0000] {logging_mixin.py:190} INFO - [2026-02-25T15:56:51.457+0000] {dag.py:4180} INFO - Setting next_dagrun for example_trigger_controller_dag to 2021-01-01 00:00:00+00:00, run_after=2021-01-01 00:00:00+00:00
[2026-02-25T15:56:51.474+0000] {processor.py:208} INFO - Processing /home/ubuntu/airflow-venv/lib/python3.12/site-packages/airflow/example_dags/example_trigger_controller_dag.py took 0.047 seconds
[2026-02-25T15:57:41.610+0000] {processor.py:186} INFO - Started process (PID=3478) to work on /home/ubuntu/airflow-venv/lib/python3.12/site-packages/airflow/example_dags/example_trigger_controller_dag.py
[2026-02-25T15:57:41.612+0000] {processor.py:914} INFO - Processing file /home/ubuntu/airflow-venv/lib/python3.12/site-packages/airflow/example_dags/example_trigger_controller_dag.py for tasks to queue
[2026-02-25T15:57:41.613+0000] {logging_mixin.py:190} INFO - [2026-02-25T15:57:41.613+0000] {dagbag.py:588} INFO - Filling up the DagBag from /home/ubuntu/airflow-venv/lib/python3.12/site-packages/airflow/example_dags/example_trigger_controller_dag.py
[2026-02-25T15:57:41.618+0000] {processor.py:925} INFO - DAG(s) 'example_trigger_controller_dag' retrieved from /home/ubuntu/airflow-venv/lib/python3.12/site-packages/airflow/example_dags/example_trigger_controller_dag.py
[2026-02-25T15:57:41.627+0000] {logging_mixin.py:190} INFO - [2026-02-25T15:57:41.626+0000] {dag.py:3239} INFO - Sync 1 DAGs
[2026-02-25T15:57:41.639+0000] {logging_mixin.py:190} INFO - [2026-02-25T15:57:41.638+0000] {dag.py:4180} INFO - Setting next_dagrun for example_trigger_controller_dag to 2021-01-01 00:00:00+00:00, run_after=2021-01-01 00:00:00+00:00
[2026-02-25T15:57:41.655+0000] {processor.py:208} INFO - Processing /home/ubuntu/airflow-venv/lib/python3.12/site-packages/airflow/example_dags/example_trigger_controller_dag.py took 0.048 seconds
[2026-02-25T15:58:30.514+0000] {processor.py:186} INFO - Started process (PID=3529) to work on /home/ubuntu/airflow-venv/lib/python3.12/site-packages/airflow/example_dags/example_trigger_controller_dag.py
[2026-02-25T15:58:30.516+0000] {processor.py:914} INFO - Processing file /home/ubuntu/airflow-venv/lib/python3.12/site-packages/airflow/example_dags/example_trigger_controller_dag.py for tasks to queue
[2026-02-25T15:58:30.518+0000] {logging_mixin.py:190} INFO - [2026-02-25T15:58:30.517+0000] {dagbag.py:588} INFO - Filling up the DagBag from /home/ubuntu/airflow-venv/lib/python3.12/site-packages/airflow/example_dags/example_trigger_controller_dag.py
[2026-02-25T15:58:30.522+0000] {processor.py:925} INFO - DAG(s) 'example_trigger_controller_dag' retrieved from /home/ubuntu/airflow-venv/lib/python3.12/site-packages/airflow/example_dags/example_trigger_controller_dag.py
[2026-02-25T15:58:30.531+0000] {logging_mixin.py:190} INFO - [2026-02-25T15:58:30.531+0000] {dag.py:3239} INFO - Sync 1 DAGs
[2026-02-25T15:58:30.543+0000] {logging_mixin.py:190} INFO - [2026-02-25T15:58:30.543+0000] {dag.py:4180} INFO - Setting next_dagrun for example_trigger_controller_dag to 2021-01-01 00:00:00+00:00, run_after=2021-01-01 00:00:00+00:00
[2026-02-25T15:58:30.559+0000] {processor.py:208} INFO - Processing /home/ubuntu/airflow-venv/lib/python3.12/site-packages/airflow/example_dags/example_trigger_controller_dag.py took 0.048 seconds
[2026-02-25T15:59:20.162+0000] {processor.py:186} INFO - Started process (PID=3585) to work on /home/ubuntu/airflow-venv/lib/python3.12/site-packages/airflow/example_dags/example_trigger_controller_dag.py
[2026-02-25T15:59:20.164+0000] {processor.py:914} INFO - Processing file /home/ubuntu/airflow-venv/lib/python3.12/site-packages/airflow/example_dags/example_trigger_controller_dag.py for tasks to queue
[2026-02-25T15:59:20.165+0000] {logging_mixin.py:190} INFO - [2026-02-25T15:59:20.165+0000] {dagbag.py:588} INFO - Filling up the DagBag from /home/ubuntu/airflow-venv/lib/python3.12/site-packages/airflow/example_dags/example_trigger_controller_dag.py
[2026-02-25T15:59:20.170+0000] {processor.py:925} INFO - DAG(s) 'example_trigger_controller_dag' retrieved from /home/ubuntu/airflow-venv/lib/python3.12/site-packages/airflow/example_dags/example_trigger_controller_dag.py
[2026-02-25T15:59:20.179+0000] {logging_mixin.py:190} INFO - [2026-02-25T15:59:20.178+0000] {dag.py:3239} INFO - Sync 1 DAGs
[2026-02-25T15:59:20.190+0000] {logging_mixin.py:190} INFO - [2026-02-25T15:59:20.190+0000] {dag.py:4180} INFO - Setting next_dagrun for example_trigger_controller_dag to 2021-01-01 00:00:00+00:00, run_after=2021-01-01 00:00:00+00:00
[2026-02-25T15:59:20.206+0000] {processor.py:208} INFO - Processing /home/ubuntu/airflow-venv/lib/python3.12/site-packages/airflow/example_dags/example_trigger_controller_dag.py took 0.047 seconds
[2026-02-25T16:00:06.510+0000] {processor.py:186} INFO - Started process (PID=3639) to work on /home/ubuntu/airflow-venv/lib/python3.12/site-packages/airflow/example_dags/example_trigger_controller_dag.py
[2026-02-25T16:00:06.512+0000] {processor.py:914} INFO - Processing file /home/ubuntu/airflow-venv/lib/python3.12/site-packages/airflow/example_dags/example_trigger_controller_dag.py for tasks to queue
[2026-02-25T16:00:06.513+0000] {logging_mixin.py:190} INFO - [2026-02-25T16:00:06.513+0000] {dagbag.py:588} INFO - Filling up the DagBag from /home/ubuntu/airflow-venv/lib/python3.12/site-packages/airflow/example_dags/example_trigger_controller_dag.py
[2026-02-25T16:00:06.517+0000] {processor.py:925} INFO - DAG(s) 'example_trigger_controller_dag' retrieved from /home/ubuntu/airflow-venv/lib/python3.12/site-packages/airflow/example_dags/example_trigger_controller_dag.py
[2026-02-25T16:00:06.526+0000] {logging_mixin.py:190} INFO - [2026-02-25T16:00:06.526+0000] {dag.py:3239} INFO - Sync 1 DAGs
[2026-02-25T16:00:06.538+0000] {logging_mixin.py:190} INFO - [2026-02-25T16:00:06.537+0000] {dag.py:4180} INFO - Setting next_dagrun for example_trigger_controller_dag to 2021-01-01 00:00:00+00:00, run_after=2021-01-01 00:00:00+00:00
[2026-02-25T16:00:06.554+0000] {processor.py:208} INFO - Processing /home/ubuntu/airflow-venv/lib/python3.12/site-packages/airflow/example_dags/example_trigger_controller_dag.py took 0.048 seconds
[2026-02-25T16:00:55.412+0000] {processor.py:186} INFO - Started process (PID=3689) to work on /home/ubuntu/airflow-venv/lib/python3.12/site-packages/airflow/example_dags/example_trigger_controller_dag.py
[2026-02-25T16:00:55.414+0000] {processor.py:914} INFO - Processing file /home/ubuntu/airflow-venv/lib/python3.12/site-packages/airflow/example_dags/example_trigger_controller_dag.py for tasks to queue
[2026-02-25T16:00:55.415+0000] {logging_mixin.py:190} INFO - [2026-02-25T16:00:55.415+0000] {dagbag.py:588} INFO - Filling up the DagBag from /home/ubuntu/airflow-venv/lib/python3.12/site-packages/airflow/example_dags/example_trigger_controller_dag.py
[2026-02-25T16:00:55.420+0000] {processor.py:925} INFO - DAG(s) 'example_trigger_controller_dag' retrieved from /home/ubuntu/airflow-venv/lib/python3.12/site-packages/airflow/example_dags/example_trigger_controller_dag.py
[2026-02-25T16:00:55.429+0000] {logging_mixin.py:190} INFO - [2026-02-25T16:00:55.429+0000] {dag.py:3239} INFO - Sync 1 DAGs
[2026-02-25T16:00:55.441+0000] {logging_mixin.py:190} INFO - [2026-02-25T16:00:55.441+0000] {dag.py:4180} INFO - Setting next_dagrun for example_trigger_controller_dag to 2021-01-01 00:00:00+00:00, run_after=2021-01-01 00:00:00+00:00
[2026-02-25T16:00:55.458+0000] {processor.py:208} INFO - Processing /home/ubuntu/airflow-venv/lib/python3.12/site-packages/airflow/example_dags/example_trigger_controller_dag.py took 0.049 seconds
[2026-02-25T16:01:45.351+0000] {processor.py:186} INFO - Started process (PID=3742) to work on /home/ubuntu/airflow-venv/lib/python3.12/site-packages/airflow/example_dags/example_trigger_controller_dag.py
[2026-02-25T16:01:45.352+0000] {processor.py:914} INFO - Processing file /home/ubuntu/airflow-venv/lib/python3.12/site-packages/airflow/example_dags/example_trigger_controller_dag.py for tasks to queue
[2026-02-25T16:01:45.354+0000] {logging_mixin.py:190} INFO - [2026-02-25T16:01:45.353+0000] {dagbag.py:588} INFO - Filling up the DagBag from /home/ubuntu/airflow-venv/lib/python3.12/site-packages/airflow/example_dags/example_trigger_controller_dag.py
[2026-02-25T16:01:45.358+0000] {processor.py:925} INFO - DAG(s) 'example_trigger_controller_dag' retrieved from /home/ubuntu/airflow-venv/lib/python3.12/site-packages/airflow/example_dags/example_trigger_controller_dag.py
[2026-02-25T16:01:45.367+0000] {logging_mixin.py:190} INFO - [2026-02-25T16:01:45.367+0000] {dag.py:3239} INFO - Sync 1 DAGs
[2026-02-25T16:01:45.379+0000] {logging_mixin.py:190} INFO - [2026-02-25T16:01:45.379+0000] {dag.py:4180} INFO - Setting next_dagrun for example_trigger_controller_dag to 2021-01-01 00:00:00+00:00, run_after=2021-01-01 00:00:00+00:00
[2026-02-25T16:01:45.396+0000] {processor.py:208} INFO - Processing /home/ubuntu/airflow-venv/lib/python3.12/site-packages/airflow/example_dags/example_trigger_controller_dag.py took 0.049 seconds
[2026-02-25T17:24:27.561+0000] {processor.py:186} INFO - Started process (PID=2573) to work on /home/ubuntu/airflow-venv/lib/python3.12/site-packages/airflow/example_dags/example_trigger_controller_dag.py
[2026-02-25T17:24:27.563+0000] {processor.py:914} INFO - Processing file /home/ubuntu/airflow-venv/lib/python3.12/site-packages/airflow/example_dags/example_trigger_controller_dag.py for tasks to queue
[2026-02-25T17:24:27.565+0000] {logging_mixin.py:190} INFO - [2026-02-25T17:24:27.565+0000] {dagbag.py:588} INFO - Filling up the DagBag from /home/ubuntu/airflow-venv/lib/python3.12/site-packages/airflow/example_dags/example_trigger_controller_dag.py
[2026-02-25T17:24:27.569+0000] {processor.py:925} INFO - DAG(s) 'example_trigger_controller_dag' retrieved from /home/ubuntu/airflow-venv/lib/python3.12/site-packages/airflow/example_dags/example_trigger_controller_dag.py
[2026-02-25T17:24:27.578+0000] {logging_mixin.py:190} INFO - [2026-02-25T17:24:27.578+0000] {dag.py:3239} INFO - Sync 1 DAGs
[2026-02-25T17:24:27.590+0000] {logging_mixin.py:190} INFO - [2026-02-25T17:24:27.590+0000] {dag.py:4180} INFO - Setting next_dagrun for example_trigger_controller_dag to 2021-01-01 00:00:00+00:00, run_after=2021-01-01 00:00:00+00:00
[2026-02-25T17:24:27.605+0000] {processor.py:208} INFO - Processing /home/ubuntu/airflow-venv/lib/python3.12/site-packages/airflow/example_dags/example_trigger_controller_dag.py took 0.046 seconds
[2026-02-25T17:25:19.095+0000] {processor.py:186} INFO - Started process (PID=2634) to work on /home/ubuntu/airflow-venv/lib/python3.12/site-packages/airflow/example_dags/example_trigger_controller_dag.py
[2026-02-25T17:25:19.096+0000] {processor.py:914} INFO - Processing file /home/ubuntu/airflow-venv/lib/python3.12/site-packages/airflow/example_dags/example_trigger_controller_dag.py for tasks to queue
[2026-02-25T17:25:19.098+0000] {logging_mixin.py:190} INFO - [2026-02-25T17:25:19.097+0000] {dagbag.py:588} INFO - Filling up the DagBag from /home/ubuntu/airflow-venv/lib/python3.12/site-packages/airflow/example_dags/example_trigger_controller_dag.py
[2026-02-25T17:25:19.102+0000] {processor.py:925} INFO - DAG(s) 'example_trigger_controller_dag' retrieved from /home/ubuntu/airflow-venv/lib/python3.12/site-packages/airflow/example_dags/example_trigger_controller_dag.py
[2026-02-25T17:25:19.111+0000] {logging_mixin.py:190} INFO - [2026-02-25T17:25:19.111+0000] {dag.py:3239} INFO - Sync 1 DAGs
[2026-02-25T17:25:19.122+0000] {logging_mixin.py:190} INFO - [2026-02-25T17:25:19.122+0000] {dag.py:4180} INFO - Setting next_dagrun for example_trigger_controller_dag to 2021-01-01 00:00:00+00:00, run_after=2021-01-01 00:00:00+00:00
[2026-02-25T17:25:19.138+0000] {processor.py:208} INFO - Processing /home/ubuntu/airflow-venv/lib/python3.12/site-packages/airflow/example_dags/example_trigger_controller_dag.py took 0.047 seconds
[2026-02-25T17:26:07.542+0000] {processor.py:186} INFO - Started process (PID=2685) to work on /home/ubuntu/airflow-venv/lib/python3.12/site-packages/airflow/example_dags/example_trigger_controller_dag.py
[2026-02-25T17:26:07.543+0000] {processor.py:914} INFO - Processing file /home/ubuntu/airflow-venv/lib/python3.12/site-packages/airflow/example_dags/example_trigger_controller_dag.py for tasks to queue
[2026-02-25T17:26:07.545+0000] {logging_mixin.py:190} INFO - [2026-02-25T17:26:07.545+0000] {dagbag.py:588} INFO - Filling up the DagBag from /home/ubuntu/airflow-venv/lib/python3.12/site-packages/airflow/example_dags/example_trigger_controller_dag.py
[2026-02-25T17:26:07.549+0000] {processor.py:925} INFO - DAG(s) 'example_trigger_controller_dag' retrieved from /home/ubuntu/airflow-venv/lib/python3.12/site-packages/airflow/example_dags/example_trigger_controller_dag.py
[2026-02-25T17:26:07.558+0000] {logging_mixin.py:190} INFO - [2026-02-25T17:26:07.558+0000] {dag.py:3239} INFO - Sync 1 DAGs
[2026-02-25T17:26:07.569+0000] {logging_mixin.py:190} INFO - [2026-02-25T17:26:07.569+0000] {dag.py:4180} INFO - Setting next_dagrun for example_trigger_controller_dag to 2021-01-01 00:00:00+00:00, run_after=2021-01-01 00:00:00+00:00
[2026-02-25T17:26:07.585+0000] {processor.py:208} INFO - Processing /home/ubuntu/airflow-venv/lib/python3.12/site-packages/airflow/example_dags/example_trigger_controller_dag.py took 0.046 seconds
[2026-02-25T17:26:55.611+0000] {processor.py:186} INFO - Started process (PID=2735) to work on /home/ubuntu/airflow-venv/lib/python3.12/site-packages/airflow/example_dags/example_trigger_controller_dag.py
[2026-02-25T17:26:55.612+0000] {processor.py:914} INFO - Processing file /home/ubuntu/airflow-venv/lib/python3.12/site-packages/airflow/example_dags/example_trigger_controller_dag.py for tasks to queue
[2026-02-25T17:26:55.614+0000] {logging_mixin.py:190} INFO - [2026-02-25T17:26:55.614+0000] {dagbag.py:588} INFO - Filling up the DagBag from /home/ubuntu/airflow-venv/lib/python3.12/site-packages/airflow/example_dags/example_trigger_controller_dag.py
[2026-02-25T17:26:55.618+0000] {processor.py:925} INFO - DAG(s) 'example_trigger_controller_dag' retrieved from /home/ubuntu/airflow-venv/lib/python3.12/site-packages/airflow/example_dags/example_trigger_controller_dag.py
[2026-02-25T17:26:55.628+0000] {logging_mixin.py:190} INFO - [2026-02-25T17:26:55.628+0000] {dag.py:3239} INFO - Sync 1 DAGs
[2026-02-25T17:26:55.640+0000] {logging_mixin.py:190} INFO - [2026-02-25T17:26:55.640+0000] {dag.py:4180} INFO - Setting next_dagrun for example_trigger_controller_dag to 2021-01-01 00:00:00+00:00, run_after=2021-01-01 00:00:00+00:00
[2026-02-25T17:26:55.656+0000] {processor.py:208} INFO - Processing /home/ubuntu/airflow-venv/lib/python3.12/site-packages/airflow/example_dags/example_trigger_controller_dag.py took 0.048 seconds
[2026-02-25T17:27:46.274+0000] {processor.py:186} INFO - Started process (PID=2789) to work on /home/ubuntu/airflow-venv/lib/python3.12/site-packages/airflow/example_dags/example_trigger_controller_dag.py
[2026-02-25T17:27:46.276+0000] {processor.py:914} INFO - Processing file /home/ubuntu/airflow-venv/lib/python3.12/site-packages/airflow/example_dags/example_trigger_controller_dag.py for tasks to queue
[2026-02-25T17:27:46.277+0000] {logging_mixin.py:190} INFO - [2026-02-25T17:27:46.277+0000] {dagbag.py:588} INFO - Filling up the DagBag from /home/ubuntu/airflow-venv/lib/python3.12/site-packages/airflow/example_dags/example_trigger_controller_dag.py
[2026-02-25T17:27:46.282+0000] {processor.py:925} INFO - DAG(s) 'example_trigger_controller_dag' retrieved from /home/ubuntu/airflow-venv/lib/python3.12/site-packages/airflow/example_dags/example_trigger_controller_dag.py
[2026-02-25T17:27:46.291+0000] {logging_mixin.py:190} INFO - [2026-02-25T17:27:46.291+0000] {dag.py:3239} INFO - Sync 1 DAGs
[2026-02-25T17:27:46.303+0000] {logging_mixin.py:190} INFO - [2026-02-25T17:27:46.303+0000] {dag.py:4180} INFO - Setting next_dagrun for example_trigger_controller_dag to 2021-01-01 00:00:00+00:00, run_after=2021-01-01 00:00:00+00:00
[2026-02-25T17:27:46.320+0000] {processor.py:208} INFO - Processing /home/ubuntu/airflow-venv/lib/python3.12/site-packages/airflow/example_dags/example_trigger_controller_dag.py took 0.049 seconds
[2026-02-25T17:28:39.159+0000] {processor.py:186} INFO - Started process (PID=2851) to work on /home/ubuntu/airflow-venv/lib/python3.12/site-packages/airflow/example_dags/example_trigger_controller_dag.py
[2026-02-25T17:28:39.160+0000] {processor.py:914} INFO - Processing file /home/ubuntu/airflow-venv/lib/python3.12/site-packages/airflow/example_dags/example_trigger_controller_dag.py for tasks to queue
[2026-02-25T17:28:39.162+0000] {logging_mixin.py:190} INFO - [2026-02-25T17:28:39.161+0000] {dagbag.py:588} INFO - Filling up the DagBag from /home/ubuntu/airflow-venv/lib/python3.12/site-packages/airflow/example_dags/example_trigger_controller_dag.py
[2026-02-25T17:28:39.166+0000] {processor.py:925} INFO - DAG(s) 'example_trigger_controller_dag' retrieved from /home/ubuntu/airflow-venv/lib/python3.12/site-packages/airflow/example_dags/example_trigger_controller_dag.py
[2026-02-25T17:28:39.175+0000] {logging_mixin.py:190} INFO - [2026-02-25T17:28:39.175+0000] {dag.py:3239} INFO - Sync 1 DAGs
[2026-02-25T17:28:39.187+0000] {logging_mixin.py:190} INFO - [2026-02-25T17:28:39.186+0000] {dag.py:4180} INFO - Setting next_dagrun for example_trigger_controller_dag to 2021-01-01 00:00:00+00:00, run_after=2021-01-01 00:00:00+00:00
[2026-02-25T17:28:39.202+0000] {processor.py:208} INFO - Processing /home/ubuntu/airflow-venv/lib/python3.12/site-packages/airflow/example_dags/example_trigger_controller_dag.py took 0.047 seconds
[2026-02-25T17:29:29.987+0000] {processor.py:186} INFO - Started process (PID=2908) to work on /home/ubuntu/airflow-venv/lib/python3.12/site-packages/airflow/example_dags/example_trigger_controller_dag.py
[2026-02-25T17:29:29.988+0000] {processor.py:914} INFO - Processing file /home/ubuntu/airflow-venv/lib/python3.12/site-packages/airflow/example_dags/example_trigger_controller_dag.py for tasks to queue
[2026-02-25T17:29:29.989+0000] {logging_mixin.py:190} INFO - [2026-02-25T17:29:29.989+0000] {dagbag.py:588} INFO - Filling up the DagBag from /home/ubuntu/airflow-venv/lib/python3.12/site-packages/airflow/example_dags/example_trigger_controller_dag.py
[2026-02-25T17:29:29.993+0000] {processor.py:925} INFO - DAG(s) 'example_trigger_controller_dag' retrieved from /home/ubuntu/airflow-venv/lib/python3.12/site-packages/airflow/example_dags/example_trigger_controller_dag.py
[2026-02-25T17:29:30.002+0000] {logging_mixin.py:190} INFO - [2026-02-25T17:29:30.002+0000] {dag.py:3239} INFO - Sync 1 DAGs
[2026-02-25T17:29:30.013+0000] {logging_mixin.py:190} INFO - [2026-02-25T17:29:30.013+0000] {dag.py:4180} INFO - Setting next_dagrun for example_trigger_controller_dag to 2021-01-01 00:00:00+00:00, run_after=2021-01-01 00:00:00+00:00
[2026-02-25T17:29:30.030+0000] {processor.py:208} INFO - Processing /home/ubuntu/airflow-venv/lib/python3.12/site-packages/airflow/example_dags/example_trigger_controller_dag.py took 0.047 seconds
[2026-02-25T17:30:21.922+0000] {processor.py:186} INFO - Started process (PID=2969) to work on /home/ubuntu/airflow-venv/lib/python3.12/site-packages/airflow/example_dags/example_trigger_controller_dag.py
[2026-02-25T17:30:21.924+0000] {processor.py:914} INFO - Processing file /home/ubuntu/airflow-venv/lib/python3.12/site-packages/airflow/example_dags/example_trigger_controller_dag.py for tasks to queue
[2026-02-25T17:30:21.925+0000] {logging_mixin.py:190} INFO - [2026-02-25T17:30:21.925+0000] {dagbag.py:588} INFO - Filling up the DagBag from /home/ubuntu/airflow-venv/lib/python3.12/site-packages/airflow/example_dags/example_trigger_controller_dag.py
[2026-02-25T17:30:21.930+0000] {processor.py:925} INFO - DAG(s) 'example_trigger_controller_dag' retrieved from /home/ubuntu/airflow-venv/lib/python3.12/site-packages/airflow/example_dags/example_trigger_controller_dag.py
[2026-02-25T17:30:22.017+0000] {logging_mixin.py:190} INFO - [2026-02-25T17:30:22.017+0000] {dag.py:3239} INFO - Sync 1 DAGs
[2026-02-25T17:30:22.027+0000] {logging_mixin.py:190} INFO - [2026-02-25T17:30:22.026+0000] {dag.py:4180} INFO - Setting next_dagrun for example_trigger_controller_dag to 2021-01-01 00:00:00+00:00, run_after=2021-01-01 00:00:00+00:00
[2026-02-25T17:30:22.042+0000] {processor.py:208} INFO - Processing /home/ubuntu/airflow-venv/lib/python3.12/site-packages/airflow/example_dags/example_trigger_controller_dag.py took 0.123 seconds
[2026-02-25T17:31:24.905+0000] {processor.py:186} INFO - Started process (PID=3040) to work on /home/ubuntu/airflow-venv/lib/python3.12/site-packages/airflow/example_dags/example_trigger_controller_dag.py
[2026-02-25T17:31:24.906+0000] {processor.py:914} INFO - Processing file /home/ubuntu/airflow-venv/lib/python3.12/site-packages/airflow/example_dags/example_trigger_controller_dag.py for tasks to queue
[2026-02-25T17:31:24.907+0000] {logging_mixin.py:190} INFO - [2026-02-25T17:31:24.907+0000] {dagbag.py:588} INFO - Filling up the DagBag from /home/ubuntu/airflow-venv/lib/python3.12/site-packages/airflow/example_dags/example_trigger_controller_dag.py
[2026-02-25T17:31:24.912+0000] {processor.py:925} INFO - DAG(s) 'example_trigger_controller_dag' retrieved from /home/ubuntu/airflow-venv/lib/python3.12/site-packages/airflow/example_dags/example_trigger_controller_dag.py
[2026-02-25T17:31:24.920+0000] {logging_mixin.py:190} INFO - [2026-02-25T17:31:24.920+0000] {dag.py:3239} INFO - Sync 1 DAGs
[2026-02-25T17:31:24.932+0000] {logging_mixin.py:190} INFO - [2026-02-25T17:31:24.932+0000] {dag.py:4180} INFO - Setting next_dagrun for example_trigger_controller_dag to 2021-01-01 00:00:00+00:00, run_after=2021-01-01 00:00:00+00:00
[2026-02-25T17:31:24.947+0000] {processor.py:208} INFO - Processing /home/ubuntu/airflow-venv/lib/python3.12/site-packages/airflow/example_dags/example_trigger_controller_dag.py took 0.046 seconds
[2026-02-25T17:32:16.653+0000] {processor.py:186} INFO - Started process (PID=3095) to work on /home/ubuntu/airflow-venv/lib/python3.12/site-packages/airflow/example_dags/example_trigger_controller_dag.py
[2026-02-25T17:32:16.655+0000] {processor.py:914} INFO - Processing file /home/ubuntu/airflow-venv/lib/python3.12/site-packages/airflow/example_dags/example_trigger_controller_dag.py for tasks to queue
[2026-02-25T17:32:16.656+0000] {logging_mixin.py:190} INFO - [2026-02-25T17:32:16.656+0000] {dagbag.py:588} INFO - Filling up the DagBag from /home/ubuntu/airflow-venv/lib/python3.12/site-packages/airflow/example_dags/example_trigger_controller_dag.py
[2026-02-25T17:32:16.661+0000] {processor.py:925} INFO - DAG(s) 'example_trigger_controller_dag' retrieved from /home/ubuntu/airflow-venv/lib/python3.12/site-packages/airflow/example_dags/example_trigger_controller_dag.py
[2026-02-25T17:32:16.670+0000] {logging_mixin.py:190} INFO - [2026-02-25T17:32:16.670+0000] {dag.py:3239} INFO - Sync 1 DAGs
[2026-02-25T17:32:16.681+0000] {logging_mixin.py:190} INFO - [2026-02-25T17:32:16.681+0000] {dag.py:4180} INFO - Setting next_dagrun for example_trigger_controller_dag to 2021-01-01 00:00:00+00:00, run_after=2021-01-01 00:00:00+00:00
[2026-02-25T17:32:16.698+0000] {processor.py:208} INFO - Processing /home/ubuntu/airflow-venv/lib/python3.12/site-packages/airflow/example_dags/example_trigger_controller_dag.py took 0.048 seconds
[2026-02-25T17:33:05.335+0000] {processor.py:186} INFO - Started process (PID=3148) to work on /home/ubuntu/airflow-venv/lib/python3.12/site-packages/airflow/example_dags/example_trigger_controller_dag.py
[2026-02-25T17:33:05.336+0000] {processor.py:914} INFO - Processing file /home/ubuntu/airflow-venv/lib/python3.12/site-packages/airflow/example_dags/example_trigger_controller_dag.py for tasks to queue
[2026-02-25T17:33:05.338+0000] {logging_mixin.py:190} INFO - [2026-02-25T17:33:05.338+0000] {dagbag.py:588} INFO - Filling up the DagBag from /home/ubuntu/airflow-venv/lib/python3.12/site-packages/airflow/example_dags/example_trigger_controller_dag.py
[2026-02-25T17:33:05.342+0000] {processor.py:925} INFO - DAG(s) 'example_trigger_controller_dag' retrieved from /home/ubuntu/airflow-venv/lib/python3.12/site-packages/airflow/example_dags/example_trigger_controller_dag.py
[2026-02-25T17:33:05.351+0000] {logging_mixin.py:190} INFO - [2026-02-25T17:33:05.351+0000] {dag.py:3239} INFO - Sync 1 DAGs
[2026-02-25T17:33:05.364+0000] {logging_mixin.py:190} INFO - [2026-02-25T17:33:05.364+0000] {dag.py:4180} INFO - Setting next_dagrun for example_trigger_controller_dag to 2021-01-01 00:00:00+00:00, run_after=2021-01-01 00:00:00+00:00
[2026-02-25T17:33:05.381+0000] {processor.py:208} INFO - Processing /home/ubuntu/airflow-venv/lib/python3.12/site-packages/airflow/example_dags/example_trigger_controller_dag.py took 0.049 seconds
[2026-02-25T17:33:56.590+0000] {processor.py:186} INFO - Started process (PID=3202) to work on /home/ubuntu/airflow-venv/lib/python3.12/site-packages/airflow/example_dags/example_trigger_controller_dag.py
[2026-02-25T17:33:56.592+0000] {processor.py:914} INFO - Processing file /home/ubuntu/airflow-venv/lib/python3.12/site-packages/airflow/example_dags/example_trigger_controller_dag.py for tasks to queue
[2026-02-25T17:33:56.594+0000] {logging_mixin.py:190} INFO - [2026-02-25T17:33:56.593+0000] {dagbag.py:588} INFO - Filling up the DagBag from /home/ubuntu/airflow-venv/lib/python3.12/site-packages/airflow/example_dags/example_trigger_controller_dag.py
[2026-02-25T17:33:56.598+0000] {processor.py:925} INFO - DAG(s) 'example_trigger_controller_dag' retrieved from /home/ubuntu/airflow-venv/lib/python3.12/site-packages/airflow/example_dags/example_trigger_controller_dag.py
[2026-02-25T17:33:56.608+0000] {logging_mixin.py:190} INFO - [2026-02-25T17:33:56.608+0000] {dag.py:3239} INFO - Sync 1 DAGs
[2026-02-25T17:33:56.620+0000] {logging_mixin.py:190} INFO - [2026-02-25T17:33:56.620+0000] {dag.py:4180} INFO - Setting next_dagrun for example_trigger_controller_dag to 2021-01-01 00:00:00+00:00, run_after=2021-01-01 00:00:00+00:00
[2026-02-25T17:33:56.638+0000] {processor.py:208} INFO - Processing /home/ubuntu/airflow-venv/lib/python3.12/site-packages/airflow/example_dags/example_trigger_controller_dag.py took 0.051 seconds
[2026-02-25T17:34:43.854+0000] {processor.py:186} INFO - Started process (PID=3255) to work on /home/ubuntu/airflow-venv/lib/python3.12/site-packages/airflow/example_dags/example_trigger_controller_dag.py
[2026-02-25T17:34:43.855+0000] {processor.py:914} INFO - Processing file /home/ubuntu/airflow-venv/lib/python3.12/site-packages/airflow/example_dags/example_trigger_controller_dag.py for tasks to queue
[2026-02-25T17:34:43.857+0000] {logging_mixin.py:190} INFO - [2026-02-25T17:34:43.857+0000] {dagbag.py:588} INFO - Filling up the DagBag from /home/ubuntu/airflow-venv/lib/python3.12/site-packages/airflow/example_dags/example_trigger_controller_dag.py
[2026-02-25T17:34:43.862+0000] {processor.py:925} INFO - DAG(s) 'example_trigger_controller_dag' retrieved from /home/ubuntu/airflow-venv/lib/python3.12/site-packages/airflow/example_dags/example_trigger_controller_dag.py
[2026-02-25T17:34:43.872+0000] {logging_mixin.py:190} INFO - [2026-02-25T17:34:43.872+0000] {dag.py:3239} INFO - Sync 1 DAGs
[2026-02-25T17:34:43.884+0000] {logging_mixin.py:190} INFO - [2026-02-25T17:34:43.884+0000] {dag.py:4180} INFO - Setting next_dagrun for example_trigger_controller_dag to 2021-01-01 00:00:00+00:00, run_after=2021-01-01 00:00:00+00:00
[2026-02-25T17:34:43.901+0000] {processor.py:208} INFO - Processing /home/ubuntu/airflow-venv/lib/python3.12/site-packages/airflow/example_dags/example_trigger_controller_dag.py took 0.050 seconds
