[2026-02-25T04:54:00.061+0000] {processor.py:186} INFO - Started process (PID=2301) to work on /home/ubuntu/airflow-venv/lib/python3.12/site-packages/airflow/example_dags/example_subdag_operator.py
[2026-02-25T04:54:00.061+0000] {processor.py:914} INFO - Processing file /home/ubuntu/airflow-venv/lib/python3.12/site-packages/airflow/example_dags/example_subdag_operator.py for tasks to queue
[2026-02-25T04:54:00.063+0000] {logging_mixin.py:190} INFO - [2026-02-25T04:54:00.063+0000] {dagbag.py:588} INFO - Filling up the DagBag from /home/ubuntu/airflow-venv/lib/python3.12/site-packages/airflow/example_dags/example_subdag_operator.py
[2026-02-25T04:54:00.078+0000] {processor.py:925} INFO - DAG(s) 'example_subdag_operator.section-1', 'example_subdag_operator.section-2', 'example_subdag_operator' retrieved from /home/ubuntu/airflow-venv/lib/python3.12/site-packages/airflow/example_dags/example_subdag_operator.py
[2026-02-25T04:54:00.087+0000] {logging_mixin.py:190} INFO - [2026-02-25T04:54:00.087+0000] {dag.py:3239} INFO - Sync 3 DAGs
[2026-02-25T04:54:00.101+0000] {logging_mixin.py:190} INFO - [2026-02-25T04:54:00.100+0000] {dag.py:4180} INFO - Setting next_dagrun for example_subdag_operator to 2022-01-01 00:00:00+00:00, run_after=2022-01-01 00:00:00+00:00
[2026-02-25T04:54:00.103+0000] {logging_mixin.py:190} INFO - [2026-02-25T04:54:00.102+0000] {dag.py:4180} INFO - Setting next_dagrun for example_subdag_operator.section-1 to None, run_after=None
[2026-02-25T04:54:00.103+0000] {logging_mixin.py:190} INFO - [2026-02-25T04:54:00.103+0000] {dag.py:4180} INFO - Setting next_dagrun for example_subdag_operator.section-2 to None, run_after=None
[2026-02-25T04:54:00.106+0000] {logging_mixin.py:190} INFO - [2026-02-25T04:54:00.106+0000] {dag.py:3239} INFO - Sync 2 DAGs
[2026-02-25T04:54:00.109+0000] {logging_mixin.py:190} INFO - [2026-02-25T04:54:00.108+0000] {dag.py:4180} INFO - Setting next_dagrun for example_subdag_operator.section-1 to None, run_after=None
[2026-02-25T04:54:00.109+0000] {logging_mixin.py:190} INFO - [2026-02-25T04:54:00.109+0000] {dag.py:4180} INFO - Setting next_dagrun for example_subdag_operator.section-2 to None, run_after=None
[2026-02-25T04:54:00.121+0000] {processor.py:208} INFO - Processing /home/ubuntu/airflow-venv/lib/python3.12/site-packages/airflow/example_dags/example_subdag_operator.py took 0.063 seconds
[2026-02-25T04:54:55.462+0000] {processor.py:186} INFO - Started process (PID=2603) to work on /home/ubuntu/airflow-venv/lib/python3.12/site-packages/airflow/example_dags/example_subdag_operator.py
[2026-02-25T04:54:55.463+0000] {processor.py:914} INFO - Processing file /home/ubuntu/airflow-venv/lib/python3.12/site-packages/airflow/example_dags/example_subdag_operator.py for tasks to queue
[2026-02-25T04:54:55.464+0000] {logging_mixin.py:190} INFO - [2026-02-25T04:54:55.464+0000] {dagbag.py:588} INFO - Filling up the DagBag from /home/ubuntu/airflow-venv/lib/python3.12/site-packages/airflow/example_dags/example_subdag_operator.py
[2026-02-25T04:54:55.478+0000] {processor.py:925} INFO - DAG(s) 'example_subdag_operator.section-1', 'example_subdag_operator.section-2', 'example_subdag_operator' retrieved from /home/ubuntu/airflow-venv/lib/python3.12/site-packages/airflow/example_dags/example_subdag_operator.py
[2026-02-25T04:54:55.486+0000] {logging_mixin.py:190} INFO - [2026-02-25T04:54:55.486+0000] {dag.py:3239} INFO - Sync 3 DAGs
[2026-02-25T04:54:55.498+0000] {logging_mixin.py:190} INFO - [2026-02-25T04:54:55.498+0000] {dag.py:4180} INFO - Setting next_dagrun for example_subdag_operator to 2022-01-01 00:00:00+00:00, run_after=2022-01-01 00:00:00+00:00
[2026-02-25T04:54:55.500+0000] {logging_mixin.py:190} INFO - [2026-02-25T04:54:55.500+0000] {dag.py:4180} INFO - Setting next_dagrun for example_subdag_operator.section-1 to None, run_after=None
[2026-02-25T04:54:55.500+0000] {logging_mixin.py:190} INFO - [2026-02-25T04:54:55.500+0000] {dag.py:4180} INFO - Setting next_dagrun for example_subdag_operator.section-2 to None, run_after=None
[2026-02-25T04:54:55.505+0000] {logging_mixin.py:190} INFO - [2026-02-25T04:54:55.504+0000] {dag.py:3239} INFO - Sync 2 DAGs
[2026-02-25T04:54:55.507+0000] {logging_mixin.py:190} INFO - [2026-02-25T04:54:55.507+0000] {dag.py:4180} INFO - Setting next_dagrun for example_subdag_operator.section-1 to None, run_after=None
[2026-02-25T04:54:55.507+0000] {logging_mixin.py:190} INFO - [2026-02-25T04:54:55.507+0000] {dag.py:4180} INFO - Setting next_dagrun for example_subdag_operator.section-2 to None, run_after=None
[2026-02-25T04:54:55.519+0000] {processor.py:208} INFO - Processing /home/ubuntu/airflow-venv/lib/python3.12/site-packages/airflow/example_dags/example_subdag_operator.py took 0.060 seconds
[2026-02-25T04:55:45.716+0000] {processor.py:186} INFO - Started process (PID=2667) to work on /home/ubuntu/airflow-venv/lib/python3.12/site-packages/airflow/example_dags/example_subdag_operator.py
[2026-02-25T04:55:45.718+0000] {processor.py:914} INFO - Processing file /home/ubuntu/airflow-venv/lib/python3.12/site-packages/airflow/example_dags/example_subdag_operator.py for tasks to queue
[2026-02-25T04:55:45.719+0000] {logging_mixin.py:190} INFO - [2026-02-25T04:55:45.719+0000] {dagbag.py:588} INFO - Filling up the DagBag from /home/ubuntu/airflow-venv/lib/python3.12/site-packages/airflow/example_dags/example_subdag_operator.py
[2026-02-25T04:55:45.732+0000] {processor.py:925} INFO - DAG(s) 'example_subdag_operator.section-1', 'example_subdag_operator.section-2', 'example_subdag_operator' retrieved from /home/ubuntu/airflow-venv/lib/python3.12/site-packages/airflow/example_dags/example_subdag_operator.py
[2026-02-25T04:55:45.741+0000] {logging_mixin.py:190} INFO - [2026-02-25T04:55:45.740+0000] {dag.py:3239} INFO - Sync 3 DAGs
[2026-02-25T04:55:45.752+0000] {logging_mixin.py:190} INFO - [2026-02-25T04:55:45.752+0000] {dag.py:4180} INFO - Setting next_dagrun for example_subdag_operator to 2022-01-01 00:00:00+00:00, run_after=2022-01-01 00:00:00+00:00
[2026-02-25T04:55:45.754+0000] {logging_mixin.py:190} INFO - [2026-02-25T04:55:45.754+0000] {dag.py:4180} INFO - Setting next_dagrun for example_subdag_operator.section-1 to None, run_after=None
[2026-02-25T04:55:45.754+0000] {logging_mixin.py:190} INFO - [2026-02-25T04:55:45.754+0000] {dag.py:4180} INFO - Setting next_dagrun for example_subdag_operator.section-2 to None, run_after=None
[2026-02-25T04:55:45.758+0000] {logging_mixin.py:190} INFO - [2026-02-25T04:55:45.758+0000] {dag.py:3239} INFO - Sync 2 DAGs
[2026-02-25T04:55:45.760+0000] {logging_mixin.py:190} INFO - [2026-02-25T04:55:45.760+0000] {dag.py:4180} INFO - Setting next_dagrun for example_subdag_operator.section-1 to None, run_after=None
[2026-02-25T04:55:45.760+0000] {logging_mixin.py:190} INFO - [2026-02-25T04:55:45.760+0000] {dag.py:4180} INFO - Setting next_dagrun for example_subdag_operator.section-2 to None, run_after=None
[2026-02-25T04:55:45.772+0000] {processor.py:208} INFO - Processing /home/ubuntu/airflow-venv/lib/python3.12/site-packages/airflow/example_dags/example_subdag_operator.py took 0.060 seconds
[2026-02-25T04:56:35.465+0000] {processor.py:186} INFO - Started process (PID=2725) to work on /home/ubuntu/airflow-venv/lib/python3.12/site-packages/airflow/example_dags/example_subdag_operator.py
[2026-02-25T04:56:35.466+0000] {processor.py:914} INFO - Processing file /home/ubuntu/airflow-venv/lib/python3.12/site-packages/airflow/example_dags/example_subdag_operator.py for tasks to queue
[2026-02-25T04:56:35.468+0000] {logging_mixin.py:190} INFO - [2026-02-25T04:56:35.468+0000] {dagbag.py:588} INFO - Filling up the DagBag from /home/ubuntu/airflow-venv/lib/python3.12/site-packages/airflow/example_dags/example_subdag_operator.py
[2026-02-25T04:56:35.482+0000] {processor.py:925} INFO - DAG(s) 'example_subdag_operator.section-1', 'example_subdag_operator.section-2', 'example_subdag_operator' retrieved from /home/ubuntu/airflow-venv/lib/python3.12/site-packages/airflow/example_dags/example_subdag_operator.py
[2026-02-25T04:56:35.490+0000] {logging_mixin.py:190} INFO - [2026-02-25T04:56:35.490+0000] {dag.py:3239} INFO - Sync 3 DAGs
[2026-02-25T04:56:35.502+0000] {logging_mixin.py:190} INFO - [2026-02-25T04:56:35.502+0000] {dag.py:4180} INFO - Setting next_dagrun for example_subdag_operator to 2022-01-01 00:00:00+00:00, run_after=2022-01-01 00:00:00+00:00
[2026-02-25T04:56:35.504+0000] {logging_mixin.py:190} INFO - [2026-02-25T04:56:35.504+0000] {dag.py:4180} INFO - Setting next_dagrun for example_subdag_operator.section-1 to None, run_after=None
[2026-02-25T04:56:35.504+0000] {logging_mixin.py:190} INFO - [2026-02-25T04:56:35.504+0000] {dag.py:4180} INFO - Setting next_dagrun for example_subdag_operator.section-2 to None, run_after=None
[2026-02-25T04:56:35.508+0000] {logging_mixin.py:190} INFO - [2026-02-25T04:56:35.508+0000] {dag.py:3239} INFO - Sync 2 DAGs
[2026-02-25T04:56:35.510+0000] {logging_mixin.py:190} INFO - [2026-02-25T04:56:35.510+0000] {dag.py:4180} INFO - Setting next_dagrun for example_subdag_operator.section-1 to None, run_after=None
[2026-02-25T04:56:35.510+0000] {logging_mixin.py:190} INFO - [2026-02-25T04:56:35.510+0000] {dag.py:4180} INFO - Setting next_dagrun for example_subdag_operator.section-2 to None, run_after=None
[2026-02-25T04:56:35.522+0000] {processor.py:208} INFO - Processing /home/ubuntu/airflow-venv/lib/python3.12/site-packages/airflow/example_dags/example_subdag_operator.py took 0.060 seconds
[2026-02-25T04:57:30.409+0000] {processor.py:186} INFO - Started process (PID=3149) to work on /home/ubuntu/airflow-venv/lib/python3.12/site-packages/airflow/example_dags/example_subdag_operator.py
[2026-02-25T04:57:30.410+0000] {processor.py:914} INFO - Processing file /home/ubuntu/airflow-venv/lib/python3.12/site-packages/airflow/example_dags/example_subdag_operator.py for tasks to queue
[2026-02-25T04:57:30.411+0000] {logging_mixin.py:190} INFO - [2026-02-25T04:57:30.411+0000] {dagbag.py:588} INFO - Filling up the DagBag from /home/ubuntu/airflow-venv/lib/python3.12/site-packages/airflow/example_dags/example_subdag_operator.py
[2026-02-25T04:57:30.425+0000] {processor.py:925} INFO - DAG(s) 'example_subdag_operator.section-1', 'example_subdag_operator.section-2', 'example_subdag_operator' retrieved from /home/ubuntu/airflow-venv/lib/python3.12/site-packages/airflow/example_dags/example_subdag_operator.py
[2026-02-25T04:57:30.433+0000] {logging_mixin.py:190} INFO - [2026-02-25T04:57:30.433+0000] {dag.py:3239} INFO - Sync 3 DAGs
[2026-02-25T04:57:30.445+0000] {logging_mixin.py:190} INFO - [2026-02-25T04:57:30.445+0000] {dag.py:4180} INFO - Setting next_dagrun for example_subdag_operator to 2022-01-01 00:00:00+00:00, run_after=2022-01-01 00:00:00+00:00
[2026-02-25T04:57:30.446+0000] {logging_mixin.py:190} INFO - [2026-02-25T04:57:30.446+0000] {dag.py:4180} INFO - Setting next_dagrun for example_subdag_operator.section-1 to None, run_after=None
[2026-02-25T04:57:30.447+0000] {logging_mixin.py:190} INFO - [2026-02-25T04:57:30.447+0000] {dag.py:4180} INFO - Setting next_dagrun for example_subdag_operator.section-2 to None, run_after=None
[2026-02-25T04:57:30.450+0000] {logging_mixin.py:190} INFO - [2026-02-25T04:57:30.450+0000] {dag.py:3239} INFO - Sync 2 DAGs
[2026-02-25T04:57:30.453+0000] {logging_mixin.py:190} INFO - [2026-02-25T04:57:30.452+0000] {dag.py:4180} INFO - Setting next_dagrun for example_subdag_operator.section-1 to None, run_after=None
[2026-02-25T04:57:30.453+0000] {logging_mixin.py:190} INFO - [2026-02-25T04:57:30.453+0000] {dag.py:4180} INFO - Setting next_dagrun for example_subdag_operator.section-2 to None, run_after=None
[2026-02-25T04:57:30.464+0000] {processor.py:208} INFO - Processing /home/ubuntu/airflow-venv/lib/python3.12/site-packages/airflow/example_dags/example_subdag_operator.py took 0.059 seconds
[2026-02-25T04:58:22.081+0000] {processor.py:186} INFO - Started process (PID=3204) to work on /home/ubuntu/airflow-venv/lib/python3.12/site-packages/airflow/example_dags/example_subdag_operator.py
[2026-02-25T04:58:22.082+0000] {processor.py:914} INFO - Processing file /home/ubuntu/airflow-venv/lib/python3.12/site-packages/airflow/example_dags/example_subdag_operator.py for tasks to queue
[2026-02-25T04:58:22.083+0000] {logging_mixin.py:190} INFO - [2026-02-25T04:58:22.083+0000] {dagbag.py:588} INFO - Filling up the DagBag from /home/ubuntu/airflow-venv/lib/python3.12/site-packages/airflow/example_dags/example_subdag_operator.py
[2026-02-25T04:58:22.097+0000] {processor.py:925} INFO - DAG(s) 'example_subdag_operator.section-1', 'example_subdag_operator.section-2', 'example_subdag_operator' retrieved from /home/ubuntu/airflow-venv/lib/python3.12/site-packages/airflow/example_dags/example_subdag_operator.py
[2026-02-25T04:58:22.106+0000] {logging_mixin.py:190} INFO - [2026-02-25T04:58:22.106+0000] {dag.py:3239} INFO - Sync 3 DAGs
[2026-02-25T04:58:22.117+0000] {logging_mixin.py:190} INFO - [2026-02-25T04:58:22.117+0000] {dag.py:4180} INFO - Setting next_dagrun for example_subdag_operator to 2022-01-01 00:00:00+00:00, run_after=2022-01-01 00:00:00+00:00
[2026-02-25T04:58:22.119+0000] {logging_mixin.py:190} INFO - [2026-02-25T04:58:22.119+0000] {dag.py:4180} INFO - Setting next_dagrun for example_subdag_operator.section-1 to None, run_after=None
[2026-02-25T04:58:22.120+0000] {logging_mixin.py:190} INFO - [2026-02-25T04:58:22.119+0000] {dag.py:4180} INFO - Setting next_dagrun for example_subdag_operator.section-2 to None, run_after=None
[2026-02-25T04:58:22.123+0000] {logging_mixin.py:190} INFO - [2026-02-25T04:58:22.123+0000] {dag.py:3239} INFO - Sync 2 DAGs
[2026-02-25T04:58:22.125+0000] {logging_mixin.py:190} INFO - [2026-02-25T04:58:22.125+0000] {dag.py:4180} INFO - Setting next_dagrun for example_subdag_operator.section-1 to None, run_after=None
[2026-02-25T04:58:22.125+0000] {logging_mixin.py:190} INFO - [2026-02-25T04:58:22.125+0000] {dag.py:4180} INFO - Setting next_dagrun for example_subdag_operator.section-2 to None, run_after=None
[2026-02-25T04:58:22.137+0000] {processor.py:208} INFO - Processing /home/ubuntu/airflow-venv/lib/python3.12/site-packages/airflow/example_dags/example_subdag_operator.py took 0.060 seconds
[2026-02-25T04:59:11.193+0000] {processor.py:186} INFO - Started process (PID=3261) to work on /home/ubuntu/airflow-venv/lib/python3.12/site-packages/airflow/example_dags/example_subdag_operator.py
[2026-02-25T04:59:11.194+0000] {processor.py:914} INFO - Processing file /home/ubuntu/airflow-venv/lib/python3.12/site-packages/airflow/example_dags/example_subdag_operator.py for tasks to queue
[2026-02-25T04:59:11.196+0000] {logging_mixin.py:190} INFO - [2026-02-25T04:59:11.195+0000] {dagbag.py:588} INFO - Filling up the DagBag from /home/ubuntu/airflow-venv/lib/python3.12/site-packages/airflow/example_dags/example_subdag_operator.py
[2026-02-25T04:59:11.210+0000] {processor.py:925} INFO - DAG(s) 'example_subdag_operator.section-1', 'example_subdag_operator.section-2', 'example_subdag_operator' retrieved from /home/ubuntu/airflow-venv/lib/python3.12/site-packages/airflow/example_dags/example_subdag_operator.py
[2026-02-25T04:59:11.218+0000] {logging_mixin.py:190} INFO - [2026-02-25T04:59:11.218+0000] {dag.py:3239} INFO - Sync 3 DAGs
[2026-02-25T04:59:11.229+0000] {logging_mixin.py:190} INFO - [2026-02-25T04:59:11.229+0000] {dag.py:4180} INFO - Setting next_dagrun for example_subdag_operator to 2022-01-01 00:00:00+00:00, run_after=2022-01-01 00:00:00+00:00
[2026-02-25T04:59:11.231+0000] {logging_mixin.py:190} INFO - [2026-02-25T04:59:11.231+0000] {dag.py:4180} INFO - Setting next_dagrun for example_subdag_operator.section-1 to None, run_after=None
[2026-02-25T04:59:11.233+0000] {logging_mixin.py:190} INFO - [2026-02-25T04:59:11.232+0000] {dag.py:4180} INFO - Setting next_dagrun for example_subdag_operator.section-2 to None, run_after=None
[2026-02-25T04:59:11.236+0000] {logging_mixin.py:190} INFO - [2026-02-25T04:59:11.236+0000] {dag.py:3239} INFO - Sync 2 DAGs
[2026-02-25T04:59:11.308+0000] {logging_mixin.py:190} INFO - [2026-02-25T04:59:11.307+0000] {dag.py:4180} INFO - Setting next_dagrun for example_subdag_operator.section-1 to None, run_after=None
[2026-02-25T04:59:11.308+0000] {logging_mixin.py:190} INFO - [2026-02-25T04:59:11.308+0000] {dag.py:4180} INFO - Setting next_dagrun for example_subdag_operator.section-2 to None, run_after=None
[2026-02-25T04:59:11.320+0000] {processor.py:208} INFO - Processing /home/ubuntu/airflow-venv/lib/python3.12/site-packages/airflow/example_dags/example_subdag_operator.py took 0.130 seconds
[2026-02-25T05:00:05.555+0000] {processor.py:186} INFO - Started process (PID=3316) to work on /home/ubuntu/airflow-venv/lib/python3.12/site-packages/airflow/example_dags/example_subdag_operator.py
[2026-02-25T05:00:05.556+0000] {processor.py:914} INFO - Processing file /home/ubuntu/airflow-venv/lib/python3.12/site-packages/airflow/example_dags/example_subdag_operator.py for tasks to queue
[2026-02-25T05:00:05.557+0000] {logging_mixin.py:190} INFO - [2026-02-25T05:00:05.557+0000] {dagbag.py:588} INFO - Filling up the DagBag from /home/ubuntu/airflow-venv/lib/python3.12/site-packages/airflow/example_dags/example_subdag_operator.py
[2026-02-25T05:00:05.571+0000] {processor.py:925} INFO - DAG(s) 'example_subdag_operator.section-1', 'example_subdag_operator.section-2', 'example_subdag_operator' retrieved from /home/ubuntu/airflow-venv/lib/python3.12/site-packages/airflow/example_dags/example_subdag_operator.py
[2026-02-25T05:00:05.658+0000] {logging_mixin.py:190} INFO - [2026-02-25T05:00:05.657+0000] {dag.py:3239} INFO - Sync 3 DAGs
[2026-02-25T05:00:05.667+0000] {logging_mixin.py:190} INFO - [2026-02-25T05:00:05.667+0000] {dag.py:4180} INFO - Setting next_dagrun for example_subdag_operator to 2022-01-01 00:00:00+00:00, run_after=2022-01-01 00:00:00+00:00
[2026-02-25T05:00:05.669+0000] {logging_mixin.py:190} INFO - [2026-02-25T05:00:05.669+0000] {dag.py:4180} INFO - Setting next_dagrun for example_subdag_operator.section-1 to None, run_after=None
[2026-02-25T05:00:05.670+0000] {logging_mixin.py:190} INFO - [2026-02-25T05:00:05.670+0000] {dag.py:4180} INFO - Setting next_dagrun for example_subdag_operator.section-2 to None, run_after=None
[2026-02-25T05:00:05.673+0000] {logging_mixin.py:190} INFO - [2026-02-25T05:00:05.673+0000] {dag.py:3239} INFO - Sync 2 DAGs
[2026-02-25T05:00:05.675+0000] {logging_mixin.py:190} INFO - [2026-02-25T05:00:05.675+0000] {dag.py:4180} INFO - Setting next_dagrun for example_subdag_operator.section-1 to None, run_after=None
[2026-02-25T05:00:05.675+0000] {logging_mixin.py:190} INFO - [2026-02-25T05:00:05.675+0000] {dag.py:4180} INFO - Setting next_dagrun for example_subdag_operator.section-2 to None, run_after=None
[2026-02-25T05:00:05.687+0000] {processor.py:208} INFO - Processing /home/ubuntu/airflow-venv/lib/python3.12/site-packages/airflow/example_dags/example_subdag_operator.py took 0.136 seconds
[2026-02-25T05:00:57.886+0000] {processor.py:186} INFO - Started process (PID=3373) to work on /home/ubuntu/airflow-venv/lib/python3.12/site-packages/airflow/example_dags/example_subdag_operator.py
[2026-02-25T05:00:57.887+0000] {processor.py:914} INFO - Processing file /home/ubuntu/airflow-venv/lib/python3.12/site-packages/airflow/example_dags/example_subdag_operator.py for tasks to queue
[2026-02-25T05:00:57.889+0000] {logging_mixin.py:190} INFO - [2026-02-25T05:00:57.888+0000] {dagbag.py:588} INFO - Filling up the DagBag from /home/ubuntu/airflow-venv/lib/python3.12/site-packages/airflow/example_dags/example_subdag_operator.py
[2026-02-25T05:00:57.903+0000] {processor.py:925} INFO - DAG(s) 'example_subdag_operator.section-1', 'example_subdag_operator.section-2', 'example_subdag_operator' retrieved from /home/ubuntu/airflow-venv/lib/python3.12/site-packages/airflow/example_dags/example_subdag_operator.py
[2026-02-25T05:00:57.912+0000] {logging_mixin.py:190} INFO - [2026-02-25T05:00:57.912+0000] {dag.py:3239} INFO - Sync 3 DAGs
[2026-02-25T05:00:57.925+0000] {logging_mixin.py:190} INFO - [2026-02-25T05:00:57.925+0000] {dag.py:4180} INFO - Setting next_dagrun for example_subdag_operator to 2022-01-01 00:00:00+00:00, run_after=2022-01-01 00:00:00+00:00
[2026-02-25T05:00:57.927+0000] {logging_mixin.py:190} INFO - [2026-02-25T05:00:57.927+0000] {dag.py:4180} INFO - Setting next_dagrun for example_subdag_operator.section-1 to None, run_after=None
[2026-02-25T05:00:57.928+0000] {logging_mixin.py:190} INFO - [2026-02-25T05:00:57.927+0000] {dag.py:4180} INFO - Setting next_dagrun for example_subdag_operator.section-2 to None, run_after=None
[2026-02-25T05:00:57.931+0000] {logging_mixin.py:190} INFO - [2026-02-25T05:00:57.931+0000] {dag.py:3239} INFO - Sync 2 DAGs
[2026-02-25T05:00:57.933+0000] {logging_mixin.py:190} INFO - [2026-02-25T05:00:57.933+0000] {dag.py:4180} INFO - Setting next_dagrun for example_subdag_operator.section-1 to None, run_after=None
[2026-02-25T05:00:57.934+0000] {logging_mixin.py:190} INFO - [2026-02-25T05:00:57.933+0000] {dag.py:4180} INFO - Setting next_dagrun for example_subdag_operator.section-2 to None, run_after=None
[2026-02-25T05:00:57.945+0000] {processor.py:208} INFO - Processing /home/ubuntu/airflow-venv/lib/python3.12/site-packages/airflow/example_dags/example_subdag_operator.py took 0.063 seconds
[2026-02-25T05:01:47.922+0000] {processor.py:186} INFO - Started process (PID=3429) to work on /home/ubuntu/airflow-venv/lib/python3.12/site-packages/airflow/example_dags/example_subdag_operator.py
[2026-02-25T05:01:47.923+0000] {processor.py:914} INFO - Processing file /home/ubuntu/airflow-venv/lib/python3.12/site-packages/airflow/example_dags/example_subdag_operator.py for tasks to queue
[2026-02-25T05:01:47.925+0000] {logging_mixin.py:190} INFO - [2026-02-25T05:01:47.924+0000] {dagbag.py:588} INFO - Filling up the DagBag from /home/ubuntu/airflow-venv/lib/python3.12/site-packages/airflow/example_dags/example_subdag_operator.py
[2026-02-25T05:01:47.939+0000] {processor.py:925} INFO - DAG(s) 'example_subdag_operator.section-1', 'example_subdag_operator.section-2', 'example_subdag_operator' retrieved from /home/ubuntu/airflow-venv/lib/python3.12/site-packages/airflow/example_dags/example_subdag_operator.py
[2026-02-25T05:01:47.948+0000] {logging_mixin.py:190} INFO - [2026-02-25T05:01:47.948+0000] {dag.py:3239} INFO - Sync 3 DAGs
[2026-02-25T05:01:47.960+0000] {logging_mixin.py:190} INFO - [2026-02-25T05:01:47.960+0000] {dag.py:4180} INFO - Setting next_dagrun for example_subdag_operator to 2022-01-01 00:00:00+00:00, run_after=2022-01-01 00:00:00+00:00
[2026-02-25T05:01:47.963+0000] {logging_mixin.py:190} INFO - [2026-02-25T05:01:47.962+0000] {dag.py:4180} INFO - Setting next_dagrun for example_subdag_operator.section-1 to None, run_after=None
[2026-02-25T05:01:47.963+0000] {logging_mixin.py:190} INFO - [2026-02-25T05:01:47.963+0000] {dag.py:4180} INFO - Setting next_dagrun for example_subdag_operator.section-2 to None, run_after=None
[2026-02-25T05:01:47.966+0000] {logging_mixin.py:190} INFO - [2026-02-25T05:01:47.966+0000] {dag.py:3239} INFO - Sync 2 DAGs
[2026-02-25T05:01:47.969+0000] {logging_mixin.py:190} INFO - [2026-02-25T05:01:47.969+0000] {dag.py:4180} INFO - Setting next_dagrun for example_subdag_operator.section-1 to None, run_after=None
[2026-02-25T05:01:47.969+0000] {logging_mixin.py:190} INFO - [2026-02-25T05:01:47.969+0000] {dag.py:4180} INFO - Setting next_dagrun for example_subdag_operator.section-2 to None, run_after=None
[2026-02-25T05:01:47.981+0000] {processor.py:208} INFO - Processing /home/ubuntu/airflow-venv/lib/python3.12/site-packages/airflow/example_dags/example_subdag_operator.py took 0.063 seconds
[2026-02-25T05:02:37.279+0000] {processor.py:186} INFO - Started process (PID=3480) to work on /home/ubuntu/airflow-venv/lib/python3.12/site-packages/airflow/example_dags/example_subdag_operator.py
[2026-02-25T05:02:37.280+0000] {processor.py:914} INFO - Processing file /home/ubuntu/airflow-venv/lib/python3.12/site-packages/airflow/example_dags/example_subdag_operator.py for tasks to queue
[2026-02-25T05:02:37.281+0000] {logging_mixin.py:190} INFO - [2026-02-25T05:02:37.281+0000] {dagbag.py:588} INFO - Filling up the DagBag from /home/ubuntu/airflow-venv/lib/python3.12/site-packages/airflow/example_dags/example_subdag_operator.py
[2026-02-25T05:02:37.295+0000] {processor.py:925} INFO - DAG(s) 'example_subdag_operator.section-1', 'example_subdag_operator.section-2', 'example_subdag_operator' retrieved from /home/ubuntu/airflow-venv/lib/python3.12/site-packages/airflow/example_dags/example_subdag_operator.py
[2026-02-25T05:02:37.304+0000] {logging_mixin.py:190} INFO - [2026-02-25T05:02:37.304+0000] {dag.py:3239} INFO - Sync 3 DAGs
[2026-02-25T05:02:37.316+0000] {logging_mixin.py:190} INFO - [2026-02-25T05:02:37.316+0000] {dag.py:4180} INFO - Setting next_dagrun for example_subdag_operator to 2022-01-01 00:00:00+00:00, run_after=2022-01-01 00:00:00+00:00
[2026-02-25T05:02:37.318+0000] {logging_mixin.py:190} INFO - [2026-02-25T05:02:37.318+0000] {dag.py:4180} INFO - Setting next_dagrun for example_subdag_operator.section-1 to None, run_after=None
[2026-02-25T05:02:37.319+0000] {logging_mixin.py:190} INFO - [2026-02-25T05:02:37.319+0000] {dag.py:4180} INFO - Setting next_dagrun for example_subdag_operator.section-2 to None, run_after=None
[2026-02-25T05:02:37.322+0000] {logging_mixin.py:190} INFO - [2026-02-25T05:02:37.322+0000] {dag.py:3239} INFO - Sync 2 DAGs
[2026-02-25T05:02:37.324+0000] {logging_mixin.py:190} INFO - [2026-02-25T05:02:37.324+0000] {dag.py:4180} INFO - Setting next_dagrun for example_subdag_operator.section-1 to None, run_after=None
[2026-02-25T05:02:37.325+0000] {logging_mixin.py:190} INFO - [2026-02-25T05:02:37.324+0000] {dag.py:4180} INFO - Setting next_dagrun for example_subdag_operator.section-2 to None, run_after=None
[2026-02-25T05:02:37.336+0000] {processor.py:208} INFO - Processing /home/ubuntu/airflow-venv/lib/python3.12/site-packages/airflow/example_dags/example_subdag_operator.py took 0.061 seconds
[2026-02-25T05:03:28.008+0000] {processor.py:186} INFO - Started process (PID=3534) to work on /home/ubuntu/airflow-venv/lib/python3.12/site-packages/airflow/example_dags/example_subdag_operator.py
[2026-02-25T05:03:28.009+0000] {processor.py:914} INFO - Processing file /home/ubuntu/airflow-venv/lib/python3.12/site-packages/airflow/example_dags/example_subdag_operator.py for tasks to queue
[2026-02-25T05:03:28.011+0000] {logging_mixin.py:190} INFO - [2026-02-25T05:03:28.010+0000] {dagbag.py:588} INFO - Filling up the DagBag from /home/ubuntu/airflow-venv/lib/python3.12/site-packages/airflow/example_dags/example_subdag_operator.py
[2026-02-25T05:03:28.025+0000] {processor.py:925} INFO - DAG(s) 'example_subdag_operator.section-1', 'example_subdag_operator.section-2', 'example_subdag_operator' retrieved from /home/ubuntu/airflow-venv/lib/python3.12/site-packages/airflow/example_dags/example_subdag_operator.py
[2026-02-25T05:03:28.034+0000] {logging_mixin.py:190} INFO - [2026-02-25T05:03:28.034+0000] {dag.py:3239} INFO - Sync 3 DAGs
[2026-02-25T05:03:28.046+0000] {logging_mixin.py:190} INFO - [2026-02-25T05:03:28.046+0000] {dag.py:4180} INFO - Setting next_dagrun for example_subdag_operator to 2022-01-01 00:00:00+00:00, run_after=2022-01-01 00:00:00+00:00
[2026-02-25T05:03:28.048+0000] {logging_mixin.py:190} INFO - [2026-02-25T05:03:28.048+0000] {dag.py:4180} INFO - Setting next_dagrun for example_subdag_operator.section-1 to None, run_after=None
[2026-02-25T05:03:28.049+0000] {logging_mixin.py:190} INFO - [2026-02-25T05:03:28.049+0000] {dag.py:4180} INFO - Setting next_dagrun for example_subdag_operator.section-2 to None, run_after=None
[2026-02-25T05:03:28.052+0000] {logging_mixin.py:190} INFO - [2026-02-25T05:03:28.052+0000] {dag.py:3239} INFO - Sync 2 DAGs
[2026-02-25T05:03:28.054+0000] {logging_mixin.py:190} INFO - [2026-02-25T05:03:28.054+0000] {dag.py:4180} INFO - Setting next_dagrun for example_subdag_operator.section-1 to None, run_after=None
[2026-02-25T05:03:28.055+0000] {logging_mixin.py:190} INFO - [2026-02-25T05:03:28.055+0000] {dag.py:4180} INFO - Setting next_dagrun for example_subdag_operator.section-2 to None, run_after=None
[2026-02-25T05:03:28.067+0000] {processor.py:208} INFO - Processing /home/ubuntu/airflow-venv/lib/python3.12/site-packages/airflow/example_dags/example_subdag_operator.py took 0.063 seconds
[2026-02-25T05:04:15.935+0000] {processor.py:186} INFO - Started process (PID=3585) to work on /home/ubuntu/airflow-venv/lib/python3.12/site-packages/airflow/example_dags/example_subdag_operator.py
[2026-02-25T05:04:15.936+0000] {processor.py:914} INFO - Processing file /home/ubuntu/airflow-venv/lib/python3.12/site-packages/airflow/example_dags/example_subdag_operator.py for tasks to queue
[2026-02-25T05:04:15.937+0000] {logging_mixin.py:190} INFO - [2026-02-25T05:04:15.937+0000] {dagbag.py:588} INFO - Filling up the DagBag from /home/ubuntu/airflow-venv/lib/python3.12/site-packages/airflow/example_dags/example_subdag_operator.py
[2026-02-25T05:04:15.951+0000] {processor.py:925} INFO - DAG(s) 'example_subdag_operator.section-1', 'example_subdag_operator.section-2', 'example_subdag_operator' retrieved from /home/ubuntu/airflow-venv/lib/python3.12/site-packages/airflow/example_dags/example_subdag_operator.py
[2026-02-25T05:04:15.960+0000] {logging_mixin.py:190} INFO - [2026-02-25T05:04:15.960+0000] {dag.py:3239} INFO - Sync 3 DAGs
[2026-02-25T05:04:15.972+0000] {logging_mixin.py:190} INFO - [2026-02-25T05:04:15.972+0000] {dag.py:4180} INFO - Setting next_dagrun for example_subdag_operator to 2022-01-01 00:00:00+00:00, run_after=2022-01-01 00:00:00+00:00
[2026-02-25T05:04:15.974+0000] {logging_mixin.py:190} INFO - [2026-02-25T05:04:15.973+0000] {dag.py:4180} INFO - Setting next_dagrun for example_subdag_operator.section-1 to None, run_after=None
[2026-02-25T05:04:15.974+0000] {logging_mixin.py:190} INFO - [2026-02-25T05:04:15.974+0000] {dag.py:4180} INFO - Setting next_dagrun for example_subdag_operator.section-2 to None, run_after=None
[2026-02-25T05:04:15.978+0000] {logging_mixin.py:190} INFO - [2026-02-25T05:04:15.977+0000] {dag.py:3239} INFO - Sync 2 DAGs
[2026-02-25T05:04:15.980+0000] {logging_mixin.py:190} INFO - [2026-02-25T05:04:15.980+0000] {dag.py:4180} INFO - Setting next_dagrun for example_subdag_operator.section-1 to None, run_after=None
[2026-02-25T05:04:15.980+0000] {logging_mixin.py:190} INFO - [2026-02-25T05:04:15.980+0000] {dag.py:4180} INFO - Setting next_dagrun for example_subdag_operator.section-2 to None, run_after=None
[2026-02-25T05:04:15.992+0000] {processor.py:208} INFO - Processing /home/ubuntu/airflow-venv/lib/python3.12/site-packages/airflow/example_dags/example_subdag_operator.py took 0.061 seconds
[2026-02-25T05:05:04.590+0000] {processor.py:186} INFO - Started process (PID=3641) to work on /home/ubuntu/airflow-venv/lib/python3.12/site-packages/airflow/example_dags/example_subdag_operator.py
[2026-02-25T05:05:04.592+0000] {processor.py:914} INFO - Processing file /home/ubuntu/airflow-venv/lib/python3.12/site-packages/airflow/example_dags/example_subdag_operator.py for tasks to queue
[2026-02-25T05:05:04.593+0000] {logging_mixin.py:190} INFO - [2026-02-25T05:05:04.593+0000] {dagbag.py:588} INFO - Filling up the DagBag from /home/ubuntu/airflow-venv/lib/python3.12/site-packages/airflow/example_dags/example_subdag_operator.py
[2026-02-25T05:05:04.607+0000] {processor.py:925} INFO - DAG(s) 'example_subdag_operator.section-1', 'example_subdag_operator.section-2', 'example_subdag_operator' retrieved from /home/ubuntu/airflow-venv/lib/python3.12/site-packages/airflow/example_dags/example_subdag_operator.py
[2026-02-25T05:05:04.615+0000] {logging_mixin.py:190} INFO - [2026-02-25T05:05:04.615+0000] {dag.py:3239} INFO - Sync 3 DAGs
[2026-02-25T05:05:04.627+0000] {logging_mixin.py:190} INFO - [2026-02-25T05:05:04.627+0000] {dag.py:4180} INFO - Setting next_dagrun for example_subdag_operator to 2022-01-01 00:00:00+00:00, run_after=2022-01-01 00:00:00+00:00
[2026-02-25T05:05:04.629+0000] {logging_mixin.py:190} INFO - [2026-02-25T05:05:04.629+0000] {dag.py:4180} INFO - Setting next_dagrun for example_subdag_operator.section-1 to None, run_after=None
[2026-02-25T05:05:04.630+0000] {logging_mixin.py:190} INFO - [2026-02-25T05:05:04.630+0000] {dag.py:4180} INFO - Setting next_dagrun for example_subdag_operator.section-2 to None, run_after=None
[2026-02-25T05:05:04.633+0000] {logging_mixin.py:190} INFO - [2026-02-25T05:05:04.633+0000] {dag.py:3239} INFO - Sync 2 DAGs
[2026-02-25T05:05:04.636+0000] {logging_mixin.py:190} INFO - [2026-02-25T05:05:04.635+0000] {dag.py:4180} INFO - Setting next_dagrun for example_subdag_operator.section-1 to None, run_after=None
[2026-02-25T05:05:04.636+0000] {logging_mixin.py:190} INFO - [2026-02-25T05:05:04.636+0000] {dag.py:4180} INFO - Setting next_dagrun for example_subdag_operator.section-2 to None, run_after=None
[2026-02-25T05:05:04.647+0000] {processor.py:208} INFO - Processing /home/ubuntu/airflow-venv/lib/python3.12/site-packages/airflow/example_dags/example_subdag_operator.py took 0.061 seconds
[2026-02-25T05:05:51.542+0000] {processor.py:186} INFO - Started process (PID=3690) to work on /home/ubuntu/airflow-venv/lib/python3.12/site-packages/airflow/example_dags/example_subdag_operator.py
[2026-02-25T05:05:51.543+0000] {processor.py:914} INFO - Processing file /home/ubuntu/airflow-venv/lib/python3.12/site-packages/airflow/example_dags/example_subdag_operator.py for tasks to queue
[2026-02-25T05:05:51.544+0000] {logging_mixin.py:190} INFO - [2026-02-25T05:05:51.544+0000] {dagbag.py:588} INFO - Filling up the DagBag from /home/ubuntu/airflow-venv/lib/python3.12/site-packages/airflow/example_dags/example_subdag_operator.py
[2026-02-25T05:05:51.559+0000] {processor.py:925} INFO - DAG(s) 'example_subdag_operator.section-1', 'example_subdag_operator.section-2', 'example_subdag_operator' retrieved from /home/ubuntu/airflow-venv/lib/python3.12/site-packages/airflow/example_dags/example_subdag_operator.py
[2026-02-25T05:05:51.567+0000] {logging_mixin.py:190} INFO - [2026-02-25T05:05:51.567+0000] {dag.py:3239} INFO - Sync 3 DAGs
[2026-02-25T05:05:51.579+0000] {logging_mixin.py:190} INFO - [2026-02-25T05:05:51.579+0000] {dag.py:4180} INFO - Setting next_dagrun for example_subdag_operator to 2022-01-01 00:00:00+00:00, run_after=2022-01-01 00:00:00+00:00
[2026-02-25T05:05:51.581+0000] {logging_mixin.py:190} INFO - [2026-02-25T05:05:51.581+0000] {dag.py:4180} INFO - Setting next_dagrun for example_subdag_operator.section-1 to None, run_after=None
[2026-02-25T05:05:51.582+0000] {logging_mixin.py:190} INFO - [2026-02-25T05:05:51.581+0000] {dag.py:4180} INFO - Setting next_dagrun for example_subdag_operator.section-2 to None, run_after=None
[2026-02-25T05:05:51.585+0000] {logging_mixin.py:190} INFO - [2026-02-25T05:05:51.585+0000] {dag.py:3239} INFO - Sync 2 DAGs
[2026-02-25T05:05:51.588+0000] {logging_mixin.py:190} INFO - [2026-02-25T05:05:51.588+0000] {dag.py:4180} INFO - Setting next_dagrun for example_subdag_operator.section-1 to None, run_after=None
[2026-02-25T05:05:51.588+0000] {logging_mixin.py:190} INFO - [2026-02-25T05:05:51.588+0000] {dag.py:4180} INFO - Setting next_dagrun for example_subdag_operator.section-2 to None, run_after=None
[2026-02-25T05:05:51.601+0000] {processor.py:208} INFO - Processing /home/ubuntu/airflow-venv/lib/python3.12/site-packages/airflow/example_dags/example_subdag_operator.py took 0.062 seconds
[2026-02-25T05:06:44.058+0000] {processor.py:186} INFO - Started process (PID=3749) to work on /home/ubuntu/airflow-venv/lib/python3.12/site-packages/airflow/example_dags/example_subdag_operator.py
[2026-02-25T05:06:44.060+0000] {processor.py:914} INFO - Processing file /home/ubuntu/airflow-venv/lib/python3.12/site-packages/airflow/example_dags/example_subdag_operator.py for tasks to queue
[2026-02-25T05:06:44.061+0000] {logging_mixin.py:190} INFO - [2026-02-25T05:06:44.061+0000] {dagbag.py:588} INFO - Filling up the DagBag from /home/ubuntu/airflow-venv/lib/python3.12/site-packages/airflow/example_dags/example_subdag_operator.py
[2026-02-25T05:06:44.075+0000] {processor.py:925} INFO - DAG(s) 'example_subdag_operator.section-1', 'example_subdag_operator.section-2', 'example_subdag_operator' retrieved from /home/ubuntu/airflow-venv/lib/python3.12/site-packages/airflow/example_dags/example_subdag_operator.py
[2026-02-25T05:06:44.084+0000] {logging_mixin.py:190} INFO - [2026-02-25T05:06:44.084+0000] {dag.py:3239} INFO - Sync 3 DAGs
[2026-02-25T05:06:44.095+0000] {logging_mixin.py:190} INFO - [2026-02-25T05:06:44.095+0000] {dag.py:4180} INFO - Setting next_dagrun for example_subdag_operator to 2022-01-01 00:00:00+00:00, run_after=2022-01-01 00:00:00+00:00
[2026-02-25T05:06:44.097+0000] {logging_mixin.py:190} INFO - [2026-02-25T05:06:44.097+0000] {dag.py:4180} INFO - Setting next_dagrun for example_subdag_operator.section-1 to None, run_after=None
[2026-02-25T05:06:44.098+0000] {logging_mixin.py:190} INFO - [2026-02-25T05:06:44.098+0000] {dag.py:4180} INFO - Setting next_dagrun for example_subdag_operator.section-2 to None, run_after=None
[2026-02-25T05:06:44.101+0000] {logging_mixin.py:190} INFO - [2026-02-25T05:06:44.101+0000] {dag.py:3239} INFO - Sync 2 DAGs
[2026-02-25T05:06:44.103+0000] {logging_mixin.py:190} INFO - [2026-02-25T05:06:44.103+0000] {dag.py:4180} INFO - Setting next_dagrun for example_subdag_operator.section-1 to None, run_after=None
[2026-02-25T05:06:44.103+0000] {logging_mixin.py:190} INFO - [2026-02-25T05:06:44.103+0000] {dag.py:4180} INFO - Setting next_dagrun for example_subdag_operator.section-2 to None, run_after=None
[2026-02-25T05:06:44.115+0000] {processor.py:208} INFO - Processing /home/ubuntu/airflow-venv/lib/python3.12/site-packages/airflow/example_dags/example_subdag_operator.py took 0.060 seconds
[2026-02-25T05:07:32.852+0000] {processor.py:186} INFO - Started process (PID=3799) to work on /home/ubuntu/airflow-venv/lib/python3.12/site-packages/airflow/example_dags/example_subdag_operator.py
[2026-02-25T05:07:32.853+0000] {processor.py:914} INFO - Processing file /home/ubuntu/airflow-venv/lib/python3.12/site-packages/airflow/example_dags/example_subdag_operator.py for tasks to queue
[2026-02-25T05:07:32.854+0000] {logging_mixin.py:190} INFO - [2026-02-25T05:07:32.854+0000] {dagbag.py:588} INFO - Filling up the DagBag from /home/ubuntu/airflow-venv/lib/python3.12/site-packages/airflow/example_dags/example_subdag_operator.py
[2026-02-25T05:07:32.868+0000] {processor.py:925} INFO - DAG(s) 'example_subdag_operator.section-1', 'example_subdag_operator.section-2', 'example_subdag_operator' retrieved from /home/ubuntu/airflow-venv/lib/python3.12/site-packages/airflow/example_dags/example_subdag_operator.py
[2026-02-25T05:07:32.877+0000] {logging_mixin.py:190} INFO - [2026-02-25T05:07:32.877+0000] {dag.py:3239} INFO - Sync 3 DAGs
[2026-02-25T05:07:32.890+0000] {logging_mixin.py:190} INFO - [2026-02-25T05:07:32.890+0000] {dag.py:4180} INFO - Setting next_dagrun for example_subdag_operator to 2022-01-01 00:00:00+00:00, run_after=2022-01-01 00:00:00+00:00
[2026-02-25T05:07:32.892+0000] {logging_mixin.py:190} INFO - [2026-02-25T05:07:32.891+0000] {dag.py:4180} INFO - Setting next_dagrun for example_subdag_operator.section-1 to None, run_after=None
[2026-02-25T05:07:32.892+0000] {logging_mixin.py:190} INFO - [2026-02-25T05:07:32.892+0000] {dag.py:4180} INFO - Setting next_dagrun for example_subdag_operator.section-2 to None, run_after=None
[2026-02-25T05:07:32.896+0000] {logging_mixin.py:190} INFO - [2026-02-25T05:07:32.896+0000] {dag.py:3239} INFO - Sync 2 DAGs
[2026-02-25T05:07:32.899+0000] {logging_mixin.py:190} INFO - [2026-02-25T05:07:32.899+0000] {dag.py:4180} INFO - Setting next_dagrun for example_subdag_operator.section-1 to None, run_after=None
[2026-02-25T05:07:32.899+0000] {logging_mixin.py:190} INFO - [2026-02-25T05:07:32.899+0000] {dag.py:4180} INFO - Setting next_dagrun for example_subdag_operator.section-2 to None, run_after=None
[2026-02-25T05:07:32.912+0000] {processor.py:208} INFO - Processing /home/ubuntu/airflow-venv/lib/python3.12/site-packages/airflow/example_dags/example_subdag_operator.py took 0.064 seconds
[2026-02-25T05:08:21.297+0000] {processor.py:186} INFO - Started process (PID=3851) to work on /home/ubuntu/airflow-venv/lib/python3.12/site-packages/airflow/example_dags/example_subdag_operator.py
[2026-02-25T05:08:21.298+0000] {processor.py:914} INFO - Processing file /home/ubuntu/airflow-venv/lib/python3.12/site-packages/airflow/example_dags/example_subdag_operator.py for tasks to queue
[2026-02-25T05:08:21.299+0000] {logging_mixin.py:190} INFO - [2026-02-25T05:08:21.299+0000] {dagbag.py:588} INFO - Filling up the DagBag from /home/ubuntu/airflow-venv/lib/python3.12/site-packages/airflow/example_dags/example_subdag_operator.py
[2026-02-25T05:08:21.314+0000] {processor.py:925} INFO - DAG(s) 'example_subdag_operator.section-1', 'example_subdag_operator.section-2', 'example_subdag_operator' retrieved from /home/ubuntu/airflow-venv/lib/python3.12/site-packages/airflow/example_dags/example_subdag_operator.py
[2026-02-25T05:08:21.323+0000] {logging_mixin.py:190} INFO - [2026-02-25T05:08:21.322+0000] {dag.py:3239} INFO - Sync 3 DAGs
[2026-02-25T05:08:21.334+0000] {logging_mixin.py:190} INFO - [2026-02-25T05:08:21.334+0000] {dag.py:4180} INFO - Setting next_dagrun for example_subdag_operator to 2022-01-01 00:00:00+00:00, run_after=2022-01-01 00:00:00+00:00
[2026-02-25T05:08:21.336+0000] {logging_mixin.py:190} INFO - [2026-02-25T05:08:21.336+0000] {dag.py:4180} INFO - Setting next_dagrun for example_subdag_operator.section-1 to None, run_after=None
[2026-02-25T05:08:21.337+0000] {logging_mixin.py:190} INFO - [2026-02-25T05:08:21.337+0000] {dag.py:4180} INFO - Setting next_dagrun for example_subdag_operator.section-2 to None, run_after=None
[2026-02-25T05:08:21.340+0000] {logging_mixin.py:190} INFO - [2026-02-25T05:08:21.340+0000] {dag.py:3239} INFO - Sync 2 DAGs
[2026-02-25T05:08:21.343+0000] {logging_mixin.py:190} INFO - [2026-02-25T05:08:21.342+0000] {dag.py:4180} INFO - Setting next_dagrun for example_subdag_operator.section-1 to None, run_after=None
[2026-02-25T05:08:21.343+0000] {logging_mixin.py:190} INFO - [2026-02-25T05:08:21.343+0000] {dag.py:4180} INFO - Setting next_dagrun for example_subdag_operator.section-2 to None, run_after=None
[2026-02-25T05:08:21.355+0000] {processor.py:208} INFO - Processing /home/ubuntu/airflow-venv/lib/python3.12/site-packages/airflow/example_dags/example_subdag_operator.py took 0.061 seconds
[2026-02-25T05:09:10.880+0000] {processor.py:186} INFO - Started process (PID=3902) to work on /home/ubuntu/airflow-venv/lib/python3.12/site-packages/airflow/example_dags/example_subdag_operator.py
[2026-02-25T05:09:10.881+0000] {processor.py:914} INFO - Processing file /home/ubuntu/airflow-venv/lib/python3.12/site-packages/airflow/example_dags/example_subdag_operator.py for tasks to queue
[2026-02-25T05:09:10.882+0000] {logging_mixin.py:190} INFO - [2026-02-25T05:09:10.882+0000] {dagbag.py:588} INFO - Filling up the DagBag from /home/ubuntu/airflow-venv/lib/python3.12/site-packages/airflow/example_dags/example_subdag_operator.py
[2026-02-25T05:09:10.897+0000] {processor.py:925} INFO - DAG(s) 'example_subdag_operator.section-1', 'example_subdag_operator.section-2', 'example_subdag_operator' retrieved from /home/ubuntu/airflow-venv/lib/python3.12/site-packages/airflow/example_dags/example_subdag_operator.py
[2026-02-25T05:09:10.906+0000] {logging_mixin.py:190} INFO - [2026-02-25T05:09:10.905+0000] {dag.py:3239} INFO - Sync 3 DAGs
[2026-02-25T05:09:10.918+0000] {logging_mixin.py:190} INFO - [2026-02-25T05:09:10.918+0000] {dag.py:4180} INFO - Setting next_dagrun for example_subdag_operator to 2022-01-01 00:00:00+00:00, run_after=2022-01-01 00:00:00+00:00
[2026-02-25T05:09:10.920+0000] {logging_mixin.py:190} INFO - [2026-02-25T05:09:10.919+0000] {dag.py:4180} INFO - Setting next_dagrun for example_subdag_operator.section-1 to None, run_after=None
[2026-02-25T05:09:10.921+0000] {logging_mixin.py:190} INFO - [2026-02-25T05:09:10.921+0000] {dag.py:4180} INFO - Setting next_dagrun for example_subdag_operator.section-2 to None, run_after=None
[2026-02-25T05:09:10.925+0000] {logging_mixin.py:190} INFO - [2026-02-25T05:09:10.924+0000] {dag.py:3239} INFO - Sync 2 DAGs
[2026-02-25T05:09:10.927+0000] {logging_mixin.py:190} INFO - [2026-02-25T05:09:10.927+0000] {dag.py:4180} INFO - Setting next_dagrun for example_subdag_operator.section-1 to None, run_after=None
[2026-02-25T05:09:10.927+0000] {logging_mixin.py:190} INFO - [2026-02-25T05:09:10.927+0000] {dag.py:4180} INFO - Setting next_dagrun for example_subdag_operator.section-2 to None, run_after=None
[2026-02-25T05:09:10.940+0000] {processor.py:208} INFO - Processing /home/ubuntu/airflow-venv/lib/python3.12/site-packages/airflow/example_dags/example_subdag_operator.py took 0.064 seconds
[2026-02-25T05:09:58.747+0000] {processor.py:186} INFO - Started process (PID=3954) to work on /home/ubuntu/airflow-venv/lib/python3.12/site-packages/airflow/example_dags/example_subdag_operator.py
[2026-02-25T05:09:58.749+0000] {processor.py:914} INFO - Processing file /home/ubuntu/airflow-venv/lib/python3.12/site-packages/airflow/example_dags/example_subdag_operator.py for tasks to queue
[2026-02-25T05:09:58.750+0000] {logging_mixin.py:190} INFO - [2026-02-25T05:09:58.750+0000] {dagbag.py:588} INFO - Filling up the DagBag from /home/ubuntu/airflow-venv/lib/python3.12/site-packages/airflow/example_dags/example_subdag_operator.py
[2026-02-25T05:09:58.765+0000] {processor.py:925} INFO - DAG(s) 'example_subdag_operator.section-1', 'example_subdag_operator.section-2', 'example_subdag_operator' retrieved from /home/ubuntu/airflow-venv/lib/python3.12/site-packages/airflow/example_dags/example_subdag_operator.py
[2026-02-25T05:09:58.774+0000] {logging_mixin.py:190} INFO - [2026-02-25T05:09:58.774+0000] {dag.py:3239} INFO - Sync 3 DAGs
[2026-02-25T05:09:58.786+0000] {logging_mixin.py:190} INFO - [2026-02-25T05:09:58.786+0000] {dag.py:4180} INFO - Setting next_dagrun for example_subdag_operator to 2022-01-01 00:00:00+00:00, run_after=2022-01-01 00:00:00+00:00
[2026-02-25T05:09:58.788+0000] {logging_mixin.py:190} INFO - [2026-02-25T05:09:58.788+0000] {dag.py:4180} INFO - Setting next_dagrun for example_subdag_operator.section-1 to None, run_after=None
[2026-02-25T05:09:58.788+0000] {logging_mixin.py:190} INFO - [2026-02-25T05:09:58.788+0000] {dag.py:4180} INFO - Setting next_dagrun for example_subdag_operator.section-2 to None, run_after=None
[2026-02-25T05:09:58.792+0000] {logging_mixin.py:190} INFO - [2026-02-25T05:09:58.792+0000] {dag.py:3239} INFO - Sync 2 DAGs
[2026-02-25T05:09:58.794+0000] {logging_mixin.py:190} INFO - [2026-02-25T05:09:58.794+0000] {dag.py:4180} INFO - Setting next_dagrun for example_subdag_operator.section-1 to None, run_after=None
[2026-02-25T05:09:58.794+0000] {logging_mixin.py:190} INFO - [2026-02-25T05:09:58.794+0000] {dag.py:4180} INFO - Setting next_dagrun for example_subdag_operator.section-2 to None, run_after=None
[2026-02-25T05:09:58.806+0000] {processor.py:208} INFO - Processing /home/ubuntu/airflow-venv/lib/python3.12/site-packages/airflow/example_dags/example_subdag_operator.py took 0.063 seconds
[2026-02-25T05:10:50.057+0000] {processor.py:186} INFO - Started process (PID=4011) to work on /home/ubuntu/airflow-venv/lib/python3.12/site-packages/airflow/example_dags/example_subdag_operator.py
[2026-02-25T05:10:50.059+0000] {processor.py:914} INFO - Processing file /home/ubuntu/airflow-venv/lib/python3.12/site-packages/airflow/example_dags/example_subdag_operator.py for tasks to queue
[2026-02-25T05:10:50.060+0000] {logging_mixin.py:190} INFO - [2026-02-25T05:10:50.060+0000] {dagbag.py:588} INFO - Filling up the DagBag from /home/ubuntu/airflow-venv/lib/python3.12/site-packages/airflow/example_dags/example_subdag_operator.py
[2026-02-25T05:10:50.074+0000] {processor.py:925} INFO - DAG(s) 'example_subdag_operator.section-1', 'example_subdag_operator.section-2', 'example_subdag_operator' retrieved from /home/ubuntu/airflow-venv/lib/python3.12/site-packages/airflow/example_dags/example_subdag_operator.py
[2026-02-25T05:10:50.083+0000] {logging_mixin.py:190} INFO - [2026-02-25T05:10:50.083+0000] {dag.py:3239} INFO - Sync 3 DAGs
[2026-02-25T05:10:50.095+0000] {logging_mixin.py:190} INFO - [2026-02-25T05:10:50.095+0000] {dag.py:4180} INFO - Setting next_dagrun for example_subdag_operator to 2022-01-01 00:00:00+00:00, run_after=2022-01-01 00:00:00+00:00
[2026-02-25T05:10:50.097+0000] {logging_mixin.py:190} INFO - [2026-02-25T05:10:50.097+0000] {dag.py:4180} INFO - Setting next_dagrun for example_subdag_operator.section-1 to None, run_after=None
[2026-02-25T05:10:50.098+0000] {logging_mixin.py:190} INFO - [2026-02-25T05:10:50.098+0000] {dag.py:4180} INFO - Setting next_dagrun for example_subdag_operator.section-2 to None, run_after=None
[2026-02-25T05:10:50.101+0000] {logging_mixin.py:190} INFO - [2026-02-25T05:10:50.101+0000] {dag.py:3239} INFO - Sync 2 DAGs
[2026-02-25T05:10:50.103+0000] {logging_mixin.py:190} INFO - [2026-02-25T05:10:50.103+0000] {dag.py:4180} INFO - Setting next_dagrun for example_subdag_operator.section-1 to None, run_after=None
[2026-02-25T05:10:50.104+0000] {logging_mixin.py:190} INFO - [2026-02-25T05:10:50.104+0000] {dag.py:4180} INFO - Setting next_dagrun for example_subdag_operator.section-2 to None, run_after=None
[2026-02-25T05:10:50.115+0000] {processor.py:208} INFO - Processing /home/ubuntu/airflow-venv/lib/python3.12/site-packages/airflow/example_dags/example_subdag_operator.py took 0.061 seconds
[2026-02-25T05:11:41.106+0000] {processor.py:186} INFO - Started process (PID=4065) to work on /home/ubuntu/airflow-venv/lib/python3.12/site-packages/airflow/example_dags/example_subdag_operator.py
[2026-02-25T05:11:41.108+0000] {processor.py:914} INFO - Processing file /home/ubuntu/airflow-venv/lib/python3.12/site-packages/airflow/example_dags/example_subdag_operator.py for tasks to queue
[2026-02-25T05:11:41.109+0000] {logging_mixin.py:190} INFO - [2026-02-25T05:11:41.109+0000] {dagbag.py:588} INFO - Filling up the DagBag from /home/ubuntu/airflow-venv/lib/python3.12/site-packages/airflow/example_dags/example_subdag_operator.py
[2026-02-25T05:11:41.123+0000] {processor.py:925} INFO - DAG(s) 'example_subdag_operator.section-1', 'example_subdag_operator.section-2', 'example_subdag_operator' retrieved from /home/ubuntu/airflow-venv/lib/python3.12/site-packages/airflow/example_dags/example_subdag_operator.py
[2026-02-25T05:11:41.132+0000] {logging_mixin.py:190} INFO - [2026-02-25T05:11:41.132+0000] {dag.py:3239} INFO - Sync 3 DAGs
[2026-02-25T05:11:41.144+0000] {logging_mixin.py:190} INFO - [2026-02-25T05:11:41.143+0000] {dag.py:4180} INFO - Setting next_dagrun for example_subdag_operator to 2022-01-01 00:00:00+00:00, run_after=2022-01-01 00:00:00+00:00
[2026-02-25T05:11:41.145+0000] {logging_mixin.py:190} INFO - [2026-02-25T05:11:41.145+0000] {dag.py:4180} INFO - Setting next_dagrun for example_subdag_operator.section-1 to None, run_after=None
[2026-02-25T05:11:41.146+0000] {logging_mixin.py:190} INFO - [2026-02-25T05:11:41.146+0000] {dag.py:4180} INFO - Setting next_dagrun for example_subdag_operator.section-2 to None, run_after=None
[2026-02-25T05:11:41.149+0000] {logging_mixin.py:190} INFO - [2026-02-25T05:11:41.149+0000] {dag.py:3239} INFO - Sync 2 DAGs
[2026-02-25T05:11:41.152+0000] {logging_mixin.py:190} INFO - [2026-02-25T05:11:41.152+0000] {dag.py:4180} INFO - Setting next_dagrun for example_subdag_operator.section-1 to None, run_after=None
[2026-02-25T05:11:41.152+0000] {logging_mixin.py:190} INFO - [2026-02-25T05:11:41.152+0000] {dag.py:4180} INFO - Setting next_dagrun for example_subdag_operator.section-2 to None, run_after=None
[2026-02-25T05:11:41.164+0000] {processor.py:208} INFO - Processing /home/ubuntu/airflow-venv/lib/python3.12/site-packages/airflow/example_dags/example_subdag_operator.py took 0.061 seconds
[2026-02-25T05:12:30.968+0000] {processor.py:186} INFO - Started process (PID=4116) to work on /home/ubuntu/airflow-venv/lib/python3.12/site-packages/airflow/example_dags/example_subdag_operator.py
[2026-02-25T05:12:30.969+0000] {processor.py:914} INFO - Processing file /home/ubuntu/airflow-venv/lib/python3.12/site-packages/airflow/example_dags/example_subdag_operator.py for tasks to queue
[2026-02-25T05:12:30.970+0000] {logging_mixin.py:190} INFO - [2026-02-25T05:12:30.970+0000] {dagbag.py:588} INFO - Filling up the DagBag from /home/ubuntu/airflow-venv/lib/python3.12/site-packages/airflow/example_dags/example_subdag_operator.py
[2026-02-25T05:12:30.984+0000] {processor.py:925} INFO - DAG(s) 'example_subdag_operator.section-1', 'example_subdag_operator.section-2', 'example_subdag_operator' retrieved from /home/ubuntu/airflow-venv/lib/python3.12/site-packages/airflow/example_dags/example_subdag_operator.py
[2026-02-25T05:12:30.993+0000] {logging_mixin.py:190} INFO - [2026-02-25T05:12:30.992+0000] {dag.py:3239} INFO - Sync 3 DAGs
[2026-02-25T05:12:31.005+0000] {logging_mixin.py:190} INFO - [2026-02-25T05:12:31.005+0000] {dag.py:4180} INFO - Setting next_dagrun for example_subdag_operator to 2022-01-01 00:00:00+00:00, run_after=2022-01-01 00:00:00+00:00
[2026-02-25T05:12:31.007+0000] {logging_mixin.py:190} INFO - [2026-02-25T05:12:31.007+0000] {dag.py:4180} INFO - Setting next_dagrun for example_subdag_operator.section-1 to None, run_after=None
[2026-02-25T05:12:31.007+0000] {logging_mixin.py:190} INFO - [2026-02-25T05:12:31.007+0000] {dag.py:4180} INFO - Setting next_dagrun for example_subdag_operator.section-2 to None, run_after=None
[2026-02-25T05:12:31.011+0000] {logging_mixin.py:190} INFO - [2026-02-25T05:12:31.011+0000] {dag.py:3239} INFO - Sync 2 DAGs
[2026-02-25T05:12:31.013+0000] {logging_mixin.py:190} INFO - [2026-02-25T05:12:31.013+0000] {dag.py:4180} INFO - Setting next_dagrun for example_subdag_operator.section-1 to None, run_after=None
[2026-02-25T05:12:31.013+0000] {logging_mixin.py:190} INFO - [2026-02-25T05:12:31.013+0000] {dag.py:4180} INFO - Setting next_dagrun for example_subdag_operator.section-2 to None, run_after=None
[2026-02-25T05:12:31.025+0000] {processor.py:208} INFO - Processing /home/ubuntu/airflow-venv/lib/python3.12/site-packages/airflow/example_dags/example_subdag_operator.py took 0.061 seconds
[2026-02-25T05:13:20.050+0000] {processor.py:186} INFO - Started process (PID=4169) to work on /home/ubuntu/airflow-venv/lib/python3.12/site-packages/airflow/example_dags/example_subdag_operator.py
[2026-02-25T05:13:20.052+0000] {processor.py:914} INFO - Processing file /home/ubuntu/airflow-venv/lib/python3.12/site-packages/airflow/example_dags/example_subdag_operator.py for tasks to queue
[2026-02-25T05:13:20.053+0000] {logging_mixin.py:190} INFO - [2026-02-25T05:13:20.053+0000] {dagbag.py:588} INFO - Filling up the DagBag from /home/ubuntu/airflow-venv/lib/python3.12/site-packages/airflow/example_dags/example_subdag_operator.py
[2026-02-25T05:13:20.067+0000] {processor.py:925} INFO - DAG(s) 'example_subdag_operator.section-1', 'example_subdag_operator.section-2', 'example_subdag_operator' retrieved from /home/ubuntu/airflow-venv/lib/python3.12/site-packages/airflow/example_dags/example_subdag_operator.py
[2026-02-25T05:13:20.076+0000] {logging_mixin.py:190} INFO - [2026-02-25T05:13:20.076+0000] {dag.py:3239} INFO - Sync 3 DAGs
[2026-02-25T05:13:20.088+0000] {logging_mixin.py:190} INFO - [2026-02-25T05:13:20.088+0000] {dag.py:4180} INFO - Setting next_dagrun for example_subdag_operator to 2022-01-01 00:00:00+00:00, run_after=2022-01-01 00:00:00+00:00
[2026-02-25T05:13:20.090+0000] {logging_mixin.py:190} INFO - [2026-02-25T05:13:20.090+0000] {dag.py:4180} INFO - Setting next_dagrun for example_subdag_operator.section-1 to None, run_after=None
[2026-02-25T05:13:20.091+0000] {logging_mixin.py:190} INFO - [2026-02-25T05:13:20.091+0000] {dag.py:4180} INFO - Setting next_dagrun for example_subdag_operator.section-2 to None, run_after=None
[2026-02-25T05:13:20.094+0000] {logging_mixin.py:190} INFO - [2026-02-25T05:13:20.094+0000] {dag.py:3239} INFO - Sync 2 DAGs
[2026-02-25T05:13:20.097+0000] {logging_mixin.py:190} INFO - [2026-02-25T05:13:20.097+0000] {dag.py:4180} INFO - Setting next_dagrun for example_subdag_operator.section-1 to None, run_after=None
[2026-02-25T05:13:20.097+0000] {logging_mixin.py:190} INFO - [2026-02-25T05:13:20.097+0000] {dag.py:4180} INFO - Setting next_dagrun for example_subdag_operator.section-2 to None, run_after=None
[2026-02-25T05:13:20.110+0000] {processor.py:208} INFO - Processing /home/ubuntu/airflow-venv/lib/python3.12/site-packages/airflow/example_dags/example_subdag_operator.py took 0.063 seconds
[2026-02-25T05:14:11.369+0000] {processor.py:186} INFO - Started process (PID=4222) to work on /home/ubuntu/airflow-venv/lib/python3.12/site-packages/airflow/example_dags/example_subdag_operator.py
[2026-02-25T05:14:11.370+0000] {processor.py:914} INFO - Processing file /home/ubuntu/airflow-venv/lib/python3.12/site-packages/airflow/example_dags/example_subdag_operator.py for tasks to queue
[2026-02-25T05:14:11.371+0000] {logging_mixin.py:190} INFO - [2026-02-25T05:14:11.371+0000] {dagbag.py:588} INFO - Filling up the DagBag from /home/ubuntu/airflow-venv/lib/python3.12/site-packages/airflow/example_dags/example_subdag_operator.py
[2026-02-25T05:14:11.385+0000] {processor.py:925} INFO - DAG(s) 'example_subdag_operator.section-1', 'example_subdag_operator.section-2', 'example_subdag_operator' retrieved from /home/ubuntu/airflow-venv/lib/python3.12/site-packages/airflow/example_dags/example_subdag_operator.py
[2026-02-25T05:14:11.394+0000] {logging_mixin.py:190} INFO - [2026-02-25T05:14:11.394+0000] {dag.py:3239} INFO - Sync 3 DAGs
[2026-02-25T05:14:11.406+0000] {logging_mixin.py:190} INFO - [2026-02-25T05:14:11.406+0000] {dag.py:4180} INFO - Setting next_dagrun for example_subdag_operator to 2022-01-01 00:00:00+00:00, run_after=2022-01-01 00:00:00+00:00
[2026-02-25T05:14:11.408+0000] {logging_mixin.py:190} INFO - [2026-02-25T05:14:11.408+0000] {dag.py:4180} INFO - Setting next_dagrun for example_subdag_operator.section-1 to None, run_after=None
[2026-02-25T05:14:11.408+0000] {logging_mixin.py:190} INFO - [2026-02-25T05:14:11.408+0000] {dag.py:4180} INFO - Setting next_dagrun for example_subdag_operator.section-2 to None, run_after=None
[2026-02-25T05:14:11.412+0000] {logging_mixin.py:190} INFO - [2026-02-25T05:14:11.412+0000] {dag.py:3239} INFO - Sync 2 DAGs
[2026-02-25T05:14:11.414+0000] {logging_mixin.py:190} INFO - [2026-02-25T05:14:11.414+0000] {dag.py:4180} INFO - Setting next_dagrun for example_subdag_operator.section-1 to None, run_after=None
[2026-02-25T05:14:11.414+0000] {logging_mixin.py:190} INFO - [2026-02-25T05:14:11.414+0000] {dag.py:4180} INFO - Setting next_dagrun for example_subdag_operator.section-2 to None, run_after=None
[2026-02-25T05:14:11.426+0000] {processor.py:208} INFO - Processing /home/ubuntu/airflow-venv/lib/python3.12/site-packages/airflow/example_dags/example_subdag_operator.py took 0.061 seconds
[2026-02-25T05:14:58.475+0000] {processor.py:186} INFO - Started process (PID=4271) to work on /home/ubuntu/airflow-venv/lib/python3.12/site-packages/airflow/example_dags/example_subdag_operator.py
[2026-02-25T05:14:58.476+0000] {processor.py:914} INFO - Processing file /home/ubuntu/airflow-venv/lib/python3.12/site-packages/airflow/example_dags/example_subdag_operator.py for tasks to queue
[2026-02-25T05:14:58.478+0000] {logging_mixin.py:190} INFO - [2026-02-25T05:14:58.477+0000] {dagbag.py:588} INFO - Filling up the DagBag from /home/ubuntu/airflow-venv/lib/python3.12/site-packages/airflow/example_dags/example_subdag_operator.py
[2026-02-25T05:14:58.492+0000] {processor.py:925} INFO - DAG(s) 'example_subdag_operator.section-1', 'example_subdag_operator.section-2', 'example_subdag_operator' retrieved from /home/ubuntu/airflow-venv/lib/python3.12/site-packages/airflow/example_dags/example_subdag_operator.py
[2026-02-25T05:14:58.500+0000] {logging_mixin.py:190} INFO - [2026-02-25T05:14:58.500+0000] {dag.py:3239} INFO - Sync 3 DAGs
[2026-02-25T05:14:58.512+0000] {logging_mixin.py:190} INFO - [2026-02-25T05:14:58.512+0000] {dag.py:4180} INFO - Setting next_dagrun for example_subdag_operator to 2022-01-01 00:00:00+00:00, run_after=2022-01-01 00:00:00+00:00
[2026-02-25T05:14:58.514+0000] {logging_mixin.py:190} INFO - [2026-02-25T05:14:58.514+0000] {dag.py:4180} INFO - Setting next_dagrun for example_subdag_operator.section-1 to None, run_after=None
[2026-02-25T05:14:58.515+0000] {logging_mixin.py:190} INFO - [2026-02-25T05:14:58.515+0000] {dag.py:4180} INFO - Setting next_dagrun for example_subdag_operator.section-2 to None, run_after=None
[2026-02-25T05:14:58.519+0000] {logging_mixin.py:190} INFO - [2026-02-25T05:14:58.519+0000] {dag.py:3239} INFO - Sync 2 DAGs
[2026-02-25T05:14:58.521+0000] {logging_mixin.py:190} INFO - [2026-02-25T05:14:58.521+0000] {dag.py:4180} INFO - Setting next_dagrun for example_subdag_operator.section-1 to None, run_after=None
[2026-02-25T05:14:58.522+0000] {logging_mixin.py:190} INFO - [2026-02-25T05:14:58.522+0000] {dag.py:4180} INFO - Setting next_dagrun for example_subdag_operator.section-2 to None, run_after=None
[2026-02-25T05:14:58.534+0000] {processor.py:208} INFO - Processing /home/ubuntu/airflow-venv/lib/python3.12/site-packages/airflow/example_dags/example_subdag_operator.py took 0.062 seconds
[2026-02-25T05:15:49.128+0000] {processor.py:186} INFO - Started process (PID=4329) to work on /home/ubuntu/airflow-venv/lib/python3.12/site-packages/airflow/example_dags/example_subdag_operator.py
[2026-02-25T05:15:49.130+0000] {processor.py:914} INFO - Processing file /home/ubuntu/airflow-venv/lib/python3.12/site-packages/airflow/example_dags/example_subdag_operator.py for tasks to queue
[2026-02-25T05:15:49.131+0000] {logging_mixin.py:190} INFO - [2026-02-25T05:15:49.131+0000] {dagbag.py:588} INFO - Filling up the DagBag from /home/ubuntu/airflow-venv/lib/python3.12/site-packages/airflow/example_dags/example_subdag_operator.py
[2026-02-25T05:15:49.145+0000] {processor.py:925} INFO - DAG(s) 'example_subdag_operator.section-1', 'example_subdag_operator.section-2', 'example_subdag_operator' retrieved from /home/ubuntu/airflow-venv/lib/python3.12/site-packages/airflow/example_dags/example_subdag_operator.py
[2026-02-25T05:15:49.153+0000] {logging_mixin.py:190} INFO - [2026-02-25T05:15:49.153+0000] {dag.py:3239} INFO - Sync 3 DAGs
[2026-02-25T05:15:49.165+0000] {logging_mixin.py:190} INFO - [2026-02-25T05:15:49.165+0000] {dag.py:4180} INFO - Setting next_dagrun for example_subdag_operator to 2022-01-01 00:00:00+00:00, run_after=2022-01-01 00:00:00+00:00
[2026-02-25T05:15:49.167+0000] {logging_mixin.py:190} INFO - [2026-02-25T05:15:49.166+0000] {dag.py:4180} INFO - Setting next_dagrun for example_subdag_operator.section-1 to None, run_after=None
[2026-02-25T05:15:49.167+0000] {logging_mixin.py:190} INFO - [2026-02-25T05:15:49.167+0000] {dag.py:4180} INFO - Setting next_dagrun for example_subdag_operator.section-2 to None, run_after=None
[2026-02-25T05:15:49.170+0000] {logging_mixin.py:190} INFO - [2026-02-25T05:15:49.170+0000] {dag.py:3239} INFO - Sync 2 DAGs
[2026-02-25T05:15:49.173+0000] {logging_mixin.py:190} INFO - [2026-02-25T05:15:49.173+0000] {dag.py:4180} INFO - Setting next_dagrun for example_subdag_operator.section-1 to None, run_after=None
[2026-02-25T05:15:49.173+0000] {logging_mixin.py:190} INFO - [2026-02-25T05:15:49.173+0000] {dag.py:4180} INFO - Setting next_dagrun for example_subdag_operator.section-2 to None, run_after=None
[2026-02-25T05:15:49.185+0000] {processor.py:208} INFO - Processing /home/ubuntu/airflow-venv/lib/python3.12/site-packages/airflow/example_dags/example_subdag_operator.py took 0.060 seconds
[2026-02-25T05:16:39.168+0000] {processor.py:186} INFO - Started process (PID=4380) to work on /home/ubuntu/airflow-venv/lib/python3.12/site-packages/airflow/example_dags/example_subdag_operator.py
[2026-02-25T05:16:39.169+0000] {processor.py:914} INFO - Processing file /home/ubuntu/airflow-venv/lib/python3.12/site-packages/airflow/example_dags/example_subdag_operator.py for tasks to queue
[2026-02-25T05:16:39.171+0000] {logging_mixin.py:190} INFO - [2026-02-25T05:16:39.170+0000] {dagbag.py:588} INFO - Filling up the DagBag from /home/ubuntu/airflow-venv/lib/python3.12/site-packages/airflow/example_dags/example_subdag_operator.py
[2026-02-25T05:16:39.184+0000] {processor.py:925} INFO - DAG(s) 'example_subdag_operator.section-1', 'example_subdag_operator.section-2', 'example_subdag_operator' retrieved from /home/ubuntu/airflow-venv/lib/python3.12/site-packages/airflow/example_dags/example_subdag_operator.py
[2026-02-25T05:16:39.193+0000] {logging_mixin.py:190} INFO - [2026-02-25T05:16:39.193+0000] {dag.py:3239} INFO - Sync 3 DAGs
[2026-02-25T05:16:39.205+0000] {logging_mixin.py:190} INFO - [2026-02-25T05:16:39.205+0000] {dag.py:4180} INFO - Setting next_dagrun for example_subdag_operator to 2022-01-01 00:00:00+00:00, run_after=2022-01-01 00:00:00+00:00
[2026-02-25T05:16:39.207+0000] {logging_mixin.py:190} INFO - [2026-02-25T05:16:39.207+0000] {dag.py:4180} INFO - Setting next_dagrun for example_subdag_operator.section-1 to None, run_after=None
[2026-02-25T05:16:39.208+0000] {logging_mixin.py:190} INFO - [2026-02-25T05:16:39.207+0000] {dag.py:4180} INFO - Setting next_dagrun for example_subdag_operator.section-2 to None, run_after=None
[2026-02-25T05:16:39.211+0000] {logging_mixin.py:190} INFO - [2026-02-25T05:16:39.211+0000] {dag.py:3239} INFO - Sync 2 DAGs
[2026-02-25T05:16:39.213+0000] {logging_mixin.py:190} INFO - [2026-02-25T05:16:39.213+0000] {dag.py:4180} INFO - Setting next_dagrun for example_subdag_operator.section-1 to None, run_after=None
[2026-02-25T05:16:39.213+0000] {logging_mixin.py:190} INFO - [2026-02-25T05:16:39.213+0000] {dag.py:4180} INFO - Setting next_dagrun for example_subdag_operator.section-2 to None, run_after=None
[2026-02-25T05:16:39.225+0000] {processor.py:208} INFO - Processing /home/ubuntu/airflow-venv/lib/python3.12/site-packages/airflow/example_dags/example_subdag_operator.py took 0.060 seconds
[2026-02-25T05:17:30.351+0000] {processor.py:186} INFO - Started process (PID=4438) to work on /home/ubuntu/airflow-venv/lib/python3.12/site-packages/airflow/example_dags/example_subdag_operator.py
[2026-02-25T05:17:30.352+0000] {processor.py:914} INFO - Processing file /home/ubuntu/airflow-venv/lib/python3.12/site-packages/airflow/example_dags/example_subdag_operator.py for tasks to queue
[2026-02-25T05:17:30.354+0000] {logging_mixin.py:190} INFO - [2026-02-25T05:17:30.353+0000] {dagbag.py:588} INFO - Filling up the DagBag from /home/ubuntu/airflow-venv/lib/python3.12/site-packages/airflow/example_dags/example_subdag_operator.py
[2026-02-25T05:17:30.368+0000] {processor.py:925} INFO - DAG(s) 'example_subdag_operator.section-1', 'example_subdag_operator.section-2', 'example_subdag_operator' retrieved from /home/ubuntu/airflow-venv/lib/python3.12/site-packages/airflow/example_dags/example_subdag_operator.py
[2026-02-25T05:17:30.377+0000] {logging_mixin.py:190} INFO - [2026-02-25T05:17:30.376+0000] {dag.py:3239} INFO - Sync 3 DAGs
[2026-02-25T05:17:30.388+0000] {logging_mixin.py:190} INFO - [2026-02-25T05:17:30.388+0000] {dag.py:4180} INFO - Setting next_dagrun for example_subdag_operator to 2022-01-01 00:00:00+00:00, run_after=2022-01-01 00:00:00+00:00
[2026-02-25T05:17:30.390+0000] {logging_mixin.py:190} INFO - [2026-02-25T05:17:30.390+0000] {dag.py:4180} INFO - Setting next_dagrun for example_subdag_operator.section-1 to None, run_after=None
[2026-02-25T05:17:30.391+0000] {logging_mixin.py:190} INFO - [2026-02-25T05:17:30.391+0000] {dag.py:4180} INFO - Setting next_dagrun for example_subdag_operator.section-2 to None, run_after=None
[2026-02-25T05:17:30.394+0000] {logging_mixin.py:190} INFO - [2026-02-25T05:17:30.394+0000] {dag.py:3239} INFO - Sync 2 DAGs
[2026-02-25T05:17:30.396+0000] {logging_mixin.py:190} INFO - [2026-02-25T05:17:30.396+0000] {dag.py:4180} INFO - Setting next_dagrun for example_subdag_operator.section-1 to None, run_after=None
[2026-02-25T05:17:30.396+0000] {logging_mixin.py:190} INFO - [2026-02-25T05:17:30.396+0000] {dag.py:4180} INFO - Setting next_dagrun for example_subdag_operator.section-2 to None, run_after=None
[2026-02-25T05:17:30.408+0000] {processor.py:208} INFO - Processing /home/ubuntu/airflow-venv/lib/python3.12/site-packages/airflow/example_dags/example_subdag_operator.py took 0.061 seconds
[2026-02-25T05:18:17.879+0000] {processor.py:186} INFO - Started process (PID=4489) to work on /home/ubuntu/airflow-venv/lib/python3.12/site-packages/airflow/example_dags/example_subdag_operator.py
[2026-02-25T05:18:17.881+0000] {processor.py:914} INFO - Processing file /home/ubuntu/airflow-venv/lib/python3.12/site-packages/airflow/example_dags/example_subdag_operator.py for tasks to queue
[2026-02-25T05:18:17.882+0000] {logging_mixin.py:190} INFO - [2026-02-25T05:18:17.882+0000] {dagbag.py:588} INFO - Filling up the DagBag from /home/ubuntu/airflow-venv/lib/python3.12/site-packages/airflow/example_dags/example_subdag_operator.py
[2026-02-25T05:18:17.897+0000] {processor.py:925} INFO - DAG(s) 'example_subdag_operator.section-1', 'example_subdag_operator.section-2', 'example_subdag_operator' retrieved from /home/ubuntu/airflow-venv/lib/python3.12/site-packages/airflow/example_dags/example_subdag_operator.py
[2026-02-25T05:18:17.906+0000] {logging_mixin.py:190} INFO - [2026-02-25T05:18:17.906+0000] {dag.py:3239} INFO - Sync 3 DAGs
[2026-02-25T05:18:17.919+0000] {logging_mixin.py:190} INFO - [2026-02-25T05:18:17.919+0000] {dag.py:4180} INFO - Setting next_dagrun for example_subdag_operator to 2022-01-01 00:00:00+00:00, run_after=2022-01-01 00:00:00+00:00
[2026-02-25T05:18:17.921+0000] {logging_mixin.py:190} INFO - [2026-02-25T05:18:17.921+0000] {dag.py:4180} INFO - Setting next_dagrun for example_subdag_operator.section-1 to None, run_after=None
[2026-02-25T05:18:17.922+0000] {logging_mixin.py:190} INFO - [2026-02-25T05:18:17.922+0000] {dag.py:4180} INFO - Setting next_dagrun for example_subdag_operator.section-2 to None, run_after=None
[2026-02-25T05:18:17.925+0000] {logging_mixin.py:190} INFO - [2026-02-25T05:18:17.925+0000] {dag.py:3239} INFO - Sync 2 DAGs
[2026-02-25T05:18:17.928+0000] {logging_mixin.py:190} INFO - [2026-02-25T05:18:17.928+0000] {dag.py:4180} INFO - Setting next_dagrun for example_subdag_operator.section-1 to None, run_after=None
[2026-02-25T05:18:17.928+0000] {logging_mixin.py:190} INFO - [2026-02-25T05:18:17.928+0000] {dag.py:4180} INFO - Setting next_dagrun for example_subdag_operator.section-2 to None, run_after=None
[2026-02-25T05:18:17.941+0000] {processor.py:208} INFO - Processing /home/ubuntu/airflow-venv/lib/python3.12/site-packages/airflow/example_dags/example_subdag_operator.py took 0.066 seconds
[2026-02-25T05:19:08.062+0000] {processor.py:186} INFO - Started process (PID=4542) to work on /home/ubuntu/airflow-venv/lib/python3.12/site-packages/airflow/example_dags/example_subdag_operator.py
[2026-02-25T05:19:08.064+0000] {processor.py:914} INFO - Processing file /home/ubuntu/airflow-venv/lib/python3.12/site-packages/airflow/example_dags/example_subdag_operator.py for tasks to queue
[2026-02-25T05:19:08.065+0000] {logging_mixin.py:190} INFO - [2026-02-25T05:19:08.065+0000] {dagbag.py:588} INFO - Filling up the DagBag from /home/ubuntu/airflow-venv/lib/python3.12/site-packages/airflow/example_dags/example_subdag_operator.py
[2026-02-25T05:19:08.079+0000] {processor.py:925} INFO - DAG(s) 'example_subdag_operator.section-1', 'example_subdag_operator.section-2', 'example_subdag_operator' retrieved from /home/ubuntu/airflow-venv/lib/python3.12/site-packages/airflow/example_dags/example_subdag_operator.py
[2026-02-25T05:19:08.088+0000] {logging_mixin.py:190} INFO - [2026-02-25T05:19:08.087+0000] {dag.py:3239} INFO - Sync 3 DAGs
[2026-02-25T05:19:08.099+0000] {logging_mixin.py:190} INFO - [2026-02-25T05:19:08.099+0000] {dag.py:4180} INFO - Setting next_dagrun for example_subdag_operator to 2022-01-01 00:00:00+00:00, run_after=2022-01-01 00:00:00+00:00
[2026-02-25T05:19:08.101+0000] {logging_mixin.py:190} INFO - [2026-02-25T05:19:08.101+0000] {dag.py:4180} INFO - Setting next_dagrun for example_subdag_operator.section-1 to None, run_after=None
[2026-02-25T05:19:08.102+0000] {logging_mixin.py:190} INFO - [2026-02-25T05:19:08.102+0000] {dag.py:4180} INFO - Setting next_dagrun for example_subdag_operator.section-2 to None, run_after=None
[2026-02-25T05:19:08.105+0000] {logging_mixin.py:190} INFO - [2026-02-25T05:19:08.105+0000] {dag.py:3239} INFO - Sync 2 DAGs
[2026-02-25T05:19:08.108+0000] {logging_mixin.py:190} INFO - [2026-02-25T05:19:08.108+0000] {dag.py:4180} INFO - Setting next_dagrun for example_subdag_operator.section-1 to None, run_after=None
[2026-02-25T05:19:08.108+0000] {logging_mixin.py:190} INFO - [2026-02-25T05:19:08.108+0000] {dag.py:4180} INFO - Setting next_dagrun for example_subdag_operator.section-2 to None, run_after=None
[2026-02-25T05:19:08.119+0000] {processor.py:208} INFO - Processing /home/ubuntu/airflow-venv/lib/python3.12/site-packages/airflow/example_dags/example_subdag_operator.py took 0.060 seconds
[2026-02-25T08:22:39.512+0000] {processor.py:186} INFO - Started process (PID=2628) to work on /home/ubuntu/airflow-venv/lib/python3.12/site-packages/airflow/example_dags/example_subdag_operator.py
[2026-02-25T08:22:39.514+0000] {processor.py:914} INFO - Processing file /home/ubuntu/airflow-venv/lib/python3.12/site-packages/airflow/example_dags/example_subdag_operator.py for tasks to queue
[2026-02-25T08:22:39.515+0000] {logging_mixin.py:190} INFO - [2026-02-25T08:22:39.515+0000] {dagbag.py:588} INFO - Filling up the DagBag from /home/ubuntu/airflow-venv/lib/python3.12/site-packages/airflow/example_dags/example_subdag_operator.py
[2026-02-25T08:22:39.530+0000] {processor.py:925} INFO - DAG(s) 'example_subdag_operator.section-1', 'example_subdag_operator.section-2', 'example_subdag_operator' retrieved from /home/ubuntu/airflow-venv/lib/python3.12/site-packages/airflow/example_dags/example_subdag_operator.py
[2026-02-25T08:22:39.540+0000] {logging_mixin.py:190} INFO - [2026-02-25T08:22:39.540+0000] {dag.py:3239} INFO - Sync 3 DAGs
[2026-02-25T08:22:39.553+0000] {logging_mixin.py:190} INFO - [2026-02-25T08:22:39.553+0000] {dag.py:4180} INFO - Setting next_dagrun for example_subdag_operator to 2022-01-01 00:00:00+00:00, run_after=2022-01-01 00:00:00+00:00
[2026-02-25T08:22:39.555+0000] {logging_mixin.py:190} INFO - [2026-02-25T08:22:39.555+0000] {dag.py:4180} INFO - Setting next_dagrun for example_subdag_operator.section-1 to None, run_after=None
[2026-02-25T08:22:39.556+0000] {logging_mixin.py:190} INFO - [2026-02-25T08:22:39.555+0000] {dag.py:4180} INFO - Setting next_dagrun for example_subdag_operator.section-2 to None, run_after=None
[2026-02-25T08:22:39.559+0000] {logging_mixin.py:190} INFO - [2026-02-25T08:22:39.559+0000] {dag.py:3239} INFO - Sync 2 DAGs
[2026-02-25T08:22:39.561+0000] {logging_mixin.py:190} INFO - [2026-02-25T08:22:39.561+0000] {dag.py:4180} INFO - Setting next_dagrun for example_subdag_operator.section-1 to None, run_after=None
[2026-02-25T08:22:39.561+0000] {logging_mixin.py:190} INFO - [2026-02-25T08:22:39.561+0000] {dag.py:4180} INFO - Setting next_dagrun for example_subdag_operator.section-2 to None, run_after=None
[2026-02-25T08:22:39.569+0000] {processor.py:208} INFO - Processing /home/ubuntu/airflow-venv/lib/python3.12/site-packages/airflow/example_dags/example_subdag_operator.py took 0.061 seconds
[2026-02-25T08:23:33.749+0000] {processor.py:186} INFO - Started process (PID=2699) to work on /home/ubuntu/airflow-venv/lib/python3.12/site-packages/airflow/example_dags/example_subdag_operator.py
[2026-02-25T08:23:33.751+0000] {processor.py:914} INFO - Processing file /home/ubuntu/airflow-venv/lib/python3.12/site-packages/airflow/example_dags/example_subdag_operator.py for tasks to queue
[2026-02-25T08:23:33.753+0000] {logging_mixin.py:190} INFO - [2026-02-25T08:23:33.752+0000] {dagbag.py:588} INFO - Filling up the DagBag from /home/ubuntu/airflow-venv/lib/python3.12/site-packages/airflow/example_dags/example_subdag_operator.py
[2026-02-25T08:23:33.771+0000] {processor.py:925} INFO - DAG(s) 'example_subdag_operator.section-1', 'example_subdag_operator.section-2', 'example_subdag_operator' retrieved from /home/ubuntu/airflow-venv/lib/python3.12/site-packages/airflow/example_dags/example_subdag_operator.py
[2026-02-25T08:23:33.784+0000] {logging_mixin.py:190} INFO - [2026-02-25T08:23:33.784+0000] {dag.py:3239} INFO - Sync 3 DAGs
[2026-02-25T08:23:33.801+0000] {logging_mixin.py:190} INFO - [2026-02-25T08:23:33.800+0000] {dag.py:4180} INFO - Setting next_dagrun for example_subdag_operator to 2022-01-01 00:00:00+00:00, run_after=2022-01-01 00:00:00+00:00
[2026-02-25T08:23:33.803+0000] {logging_mixin.py:190} INFO - [2026-02-25T08:23:33.803+0000] {dag.py:4180} INFO - Setting next_dagrun for example_subdag_operator.section-1 to None, run_after=None
[2026-02-25T08:23:33.804+0000] {logging_mixin.py:190} INFO - [2026-02-25T08:23:33.804+0000] {dag.py:4180} INFO - Setting next_dagrun for example_subdag_operator.section-2 to None, run_after=None
[2026-02-25T08:23:33.810+0000] {logging_mixin.py:190} INFO - [2026-02-25T08:23:33.810+0000] {dag.py:3239} INFO - Sync 2 DAGs
[2026-02-25T08:23:33.813+0000] {logging_mixin.py:190} INFO - [2026-02-25T08:23:33.813+0000] {dag.py:4180} INFO - Setting next_dagrun for example_subdag_operator.section-1 to None, run_after=None
[2026-02-25T08:23:33.813+0000] {logging_mixin.py:190} INFO - [2026-02-25T08:23:33.813+0000] {dag.py:4180} INFO - Setting next_dagrun for example_subdag_operator.section-2 to None, run_after=None
[2026-02-25T08:23:33.824+0000] {processor.py:208} INFO - Processing /home/ubuntu/airflow-venv/lib/python3.12/site-packages/airflow/example_dags/example_subdag_operator.py took 0.080 seconds
[2026-02-25T08:24:22.109+0000] {processor.py:186} INFO - Started process (PID=2756) to work on /home/ubuntu/airflow-venv/lib/python3.12/site-packages/airflow/example_dags/example_subdag_operator.py
[2026-02-25T08:24:22.110+0000] {processor.py:914} INFO - Processing file /home/ubuntu/airflow-venv/lib/python3.12/site-packages/airflow/example_dags/example_subdag_operator.py for tasks to queue
[2026-02-25T08:24:22.112+0000] {logging_mixin.py:190} INFO - [2026-02-25T08:24:22.111+0000] {dagbag.py:588} INFO - Filling up the DagBag from /home/ubuntu/airflow-venv/lib/python3.12/site-packages/airflow/example_dags/example_subdag_operator.py
[2026-02-25T08:24:22.125+0000] {processor.py:925} INFO - DAG(s) 'example_subdag_operator.section-1', 'example_subdag_operator.section-2', 'example_subdag_operator' retrieved from /home/ubuntu/airflow-venv/lib/python3.12/site-packages/airflow/example_dags/example_subdag_operator.py
[2026-02-25T08:24:22.133+0000] {logging_mixin.py:190} INFO - [2026-02-25T08:24:22.133+0000] {dag.py:3239} INFO - Sync 3 DAGs
[2026-02-25T08:24:22.145+0000] {logging_mixin.py:190} INFO - [2026-02-25T08:24:22.144+0000] {dag.py:4180} INFO - Setting next_dagrun for example_subdag_operator to 2022-01-01 00:00:00+00:00, run_after=2022-01-01 00:00:00+00:00
[2026-02-25T08:24:22.146+0000] {logging_mixin.py:190} INFO - [2026-02-25T08:24:22.146+0000] {dag.py:4180} INFO - Setting next_dagrun for example_subdag_operator.section-1 to None, run_after=None
[2026-02-25T08:24:22.147+0000] {logging_mixin.py:190} INFO - [2026-02-25T08:24:22.147+0000] {dag.py:4180} INFO - Setting next_dagrun for example_subdag_operator.section-2 to None, run_after=None
[2026-02-25T08:24:22.150+0000] {logging_mixin.py:190} INFO - [2026-02-25T08:24:22.150+0000] {dag.py:3239} INFO - Sync 2 DAGs
[2026-02-25T08:24:22.152+0000] {logging_mixin.py:190} INFO - [2026-02-25T08:24:22.152+0000] {dag.py:4180} INFO - Setting next_dagrun for example_subdag_operator.section-1 to None, run_after=None
[2026-02-25T08:24:22.153+0000] {logging_mixin.py:190} INFO - [2026-02-25T08:24:22.153+0000] {dag.py:4180} INFO - Setting next_dagrun for example_subdag_operator.section-2 to None, run_after=None
[2026-02-25T08:24:22.164+0000] {processor.py:208} INFO - Processing /home/ubuntu/airflow-venv/lib/python3.12/site-packages/airflow/example_dags/example_subdag_operator.py took 0.058 seconds
[2026-02-25T08:25:17.566+0000] {processor.py:186} INFO - Started process (PID=2818) to work on /home/ubuntu/airflow-venv/lib/python3.12/site-packages/airflow/example_dags/example_subdag_operator.py
[2026-02-25T08:25:17.568+0000] {processor.py:914} INFO - Processing file /home/ubuntu/airflow-venv/lib/python3.12/site-packages/airflow/example_dags/example_subdag_operator.py for tasks to queue
[2026-02-25T08:25:17.569+0000] {logging_mixin.py:190} INFO - [2026-02-25T08:25:17.569+0000] {dagbag.py:588} INFO - Filling up the DagBag from /home/ubuntu/airflow-venv/lib/python3.12/site-packages/airflow/example_dags/example_subdag_operator.py
[2026-02-25T08:25:17.582+0000] {processor.py:925} INFO - DAG(s) 'example_subdag_operator.section-1', 'example_subdag_operator.section-2', 'example_subdag_operator' retrieved from /home/ubuntu/airflow-venv/lib/python3.12/site-packages/airflow/example_dags/example_subdag_operator.py
[2026-02-25T08:25:17.591+0000] {logging_mixin.py:190} INFO - [2026-02-25T08:25:17.590+0000] {dag.py:3239} INFO - Sync 3 DAGs
[2026-02-25T08:25:17.602+0000] {logging_mixin.py:190} INFO - [2026-02-25T08:25:17.602+0000] {dag.py:4180} INFO - Setting next_dagrun for example_subdag_operator to 2022-01-01 00:00:00+00:00, run_after=2022-01-01 00:00:00+00:00
[2026-02-25T08:25:17.604+0000] {logging_mixin.py:190} INFO - [2026-02-25T08:25:17.604+0000] {dag.py:4180} INFO - Setting next_dagrun for example_subdag_operator.section-1 to None, run_after=None
[2026-02-25T08:25:17.605+0000] {logging_mixin.py:190} INFO - [2026-02-25T08:25:17.605+0000] {dag.py:4180} INFO - Setting next_dagrun for example_subdag_operator.section-2 to None, run_after=None
[2026-02-25T08:25:17.608+0000] {logging_mixin.py:190} INFO - [2026-02-25T08:25:17.608+0000] {dag.py:3239} INFO - Sync 2 DAGs
[2026-02-25T08:25:17.610+0000] {logging_mixin.py:190} INFO - [2026-02-25T08:25:17.610+0000] {dag.py:4180} INFO - Setting next_dagrun for example_subdag_operator.section-1 to None, run_after=None
[2026-02-25T08:25:17.610+0000] {logging_mixin.py:190} INFO - [2026-02-25T08:25:17.610+0000] {dag.py:4180} INFO - Setting next_dagrun for example_subdag_operator.section-2 to None, run_after=None
[2026-02-25T08:25:17.622+0000] {processor.py:208} INFO - Processing /home/ubuntu/airflow-venv/lib/python3.12/site-packages/airflow/example_dags/example_subdag_operator.py took 0.059 seconds
[2026-02-25T08:26:06.911+0000] {processor.py:186} INFO - Started process (PID=2870) to work on /home/ubuntu/airflow-venv/lib/python3.12/site-packages/airflow/example_dags/example_subdag_operator.py
[2026-02-25T08:26:06.913+0000] {processor.py:914} INFO - Processing file /home/ubuntu/airflow-venv/lib/python3.12/site-packages/airflow/example_dags/example_subdag_operator.py for tasks to queue
[2026-02-25T08:26:06.914+0000] {logging_mixin.py:190} INFO - [2026-02-25T08:26:06.914+0000] {dagbag.py:588} INFO - Filling up the DagBag from /home/ubuntu/airflow-venv/lib/python3.12/site-packages/airflow/example_dags/example_subdag_operator.py
[2026-02-25T08:26:06.928+0000] {processor.py:925} INFO - DAG(s) 'example_subdag_operator.section-1', 'example_subdag_operator.section-2', 'example_subdag_operator' retrieved from /home/ubuntu/airflow-venv/lib/python3.12/site-packages/airflow/example_dags/example_subdag_operator.py
[2026-02-25T08:26:06.936+0000] {logging_mixin.py:190} INFO - [2026-02-25T08:26:06.936+0000] {dag.py:3239} INFO - Sync 3 DAGs
[2026-02-25T08:26:06.947+0000] {logging_mixin.py:190} INFO - [2026-02-25T08:26:06.947+0000] {dag.py:4180} INFO - Setting next_dagrun for example_subdag_operator to 2022-01-01 00:00:00+00:00, run_after=2022-01-01 00:00:00+00:00
[2026-02-25T08:26:06.949+0000] {logging_mixin.py:190} INFO - [2026-02-25T08:26:06.949+0000] {dag.py:4180} INFO - Setting next_dagrun for example_subdag_operator.section-1 to None, run_after=None
[2026-02-25T08:26:06.950+0000] {logging_mixin.py:190} INFO - [2026-02-25T08:26:06.950+0000] {dag.py:4180} INFO - Setting next_dagrun for example_subdag_operator.section-2 to None, run_after=None
[2026-02-25T08:26:06.953+0000] {logging_mixin.py:190} INFO - [2026-02-25T08:26:06.953+0000] {dag.py:3239} INFO - Sync 2 DAGs
[2026-02-25T08:26:06.955+0000] {logging_mixin.py:190} INFO - [2026-02-25T08:26:06.955+0000] {dag.py:4180} INFO - Setting next_dagrun for example_subdag_operator.section-1 to None, run_after=None
[2026-02-25T08:26:06.955+0000] {logging_mixin.py:190} INFO - [2026-02-25T08:26:06.955+0000] {dag.py:4180} INFO - Setting next_dagrun for example_subdag_operator.section-2 to None, run_after=None
[2026-02-25T08:26:06.967+0000] {processor.py:208} INFO - Processing /home/ubuntu/airflow-venv/lib/python3.12/site-packages/airflow/example_dags/example_subdag_operator.py took 0.059 seconds
[2026-02-25T08:26:58.595+0000] {processor.py:186} INFO - Started process (PID=2924) to work on /home/ubuntu/airflow-venv/lib/python3.12/site-packages/airflow/example_dags/example_subdag_operator.py
[2026-02-25T08:26:58.596+0000] {processor.py:914} INFO - Processing file /home/ubuntu/airflow-venv/lib/python3.12/site-packages/airflow/example_dags/example_subdag_operator.py for tasks to queue
[2026-02-25T08:26:58.597+0000] {logging_mixin.py:190} INFO - [2026-02-25T08:26:58.597+0000] {dagbag.py:588} INFO - Filling up the DagBag from /home/ubuntu/airflow-venv/lib/python3.12/site-packages/airflow/example_dags/example_subdag_operator.py
[2026-02-25T08:26:58.611+0000] {processor.py:925} INFO - DAG(s) 'example_subdag_operator.section-1', 'example_subdag_operator.section-2', 'example_subdag_operator' retrieved from /home/ubuntu/airflow-venv/lib/python3.12/site-packages/airflow/example_dags/example_subdag_operator.py
[2026-02-25T08:26:58.619+0000] {logging_mixin.py:190} INFO - [2026-02-25T08:26:58.619+0000] {dag.py:3239} INFO - Sync 3 DAGs
[2026-02-25T08:26:58.631+0000] {logging_mixin.py:190} INFO - [2026-02-25T08:26:58.630+0000] {dag.py:4180} INFO - Setting next_dagrun for example_subdag_operator to 2022-01-01 00:00:00+00:00, run_after=2022-01-01 00:00:00+00:00
[2026-02-25T08:26:58.632+0000] {logging_mixin.py:190} INFO - [2026-02-25T08:26:58.632+0000] {dag.py:4180} INFO - Setting next_dagrun for example_subdag_operator.section-1 to None, run_after=None
[2026-02-25T08:26:58.633+0000] {logging_mixin.py:190} INFO - [2026-02-25T08:26:58.633+0000] {dag.py:4180} INFO - Setting next_dagrun for example_subdag_operator.section-2 to None, run_after=None
[2026-02-25T08:26:58.636+0000] {logging_mixin.py:190} INFO - [2026-02-25T08:26:58.636+0000] {dag.py:3239} INFO - Sync 2 DAGs
[2026-02-25T08:26:58.639+0000] {logging_mixin.py:190} INFO - [2026-02-25T08:26:58.638+0000] {dag.py:4180} INFO - Setting next_dagrun for example_subdag_operator.section-1 to None, run_after=None
[2026-02-25T08:26:58.639+0000] {logging_mixin.py:190} INFO - [2026-02-25T08:26:58.639+0000] {dag.py:4180} INFO - Setting next_dagrun for example_subdag_operator.section-2 to None, run_after=None
[2026-02-25T08:26:58.650+0000] {processor.py:208} INFO - Processing /home/ubuntu/airflow-venv/lib/python3.12/site-packages/airflow/example_dags/example_subdag_operator.py took 0.059 seconds
[2026-02-25T08:27:49.247+0000] {processor.py:186} INFO - Started process (PID=2977) to work on /home/ubuntu/airflow-venv/lib/python3.12/site-packages/airflow/example_dags/example_subdag_operator.py
[2026-02-25T08:27:49.248+0000] {processor.py:914} INFO - Processing file /home/ubuntu/airflow-venv/lib/python3.12/site-packages/airflow/example_dags/example_subdag_operator.py for tasks to queue
[2026-02-25T08:27:49.250+0000] {logging_mixin.py:190} INFO - [2026-02-25T08:27:49.249+0000] {dagbag.py:588} INFO - Filling up the DagBag from /home/ubuntu/airflow-venv/lib/python3.12/site-packages/airflow/example_dags/example_subdag_operator.py
[2026-02-25T08:27:49.264+0000] {processor.py:925} INFO - DAG(s) 'example_subdag_operator.section-1', 'example_subdag_operator.section-2', 'example_subdag_operator' retrieved from /home/ubuntu/airflow-venv/lib/python3.12/site-packages/airflow/example_dags/example_subdag_operator.py
[2026-02-25T08:27:49.273+0000] {logging_mixin.py:190} INFO - [2026-02-25T08:27:49.273+0000] {dag.py:3239} INFO - Sync 3 DAGs
[2026-02-25T08:27:49.284+0000] {logging_mixin.py:190} INFO - [2026-02-25T08:27:49.284+0000] {dag.py:4180} INFO - Setting next_dagrun for example_subdag_operator to 2022-01-01 00:00:00+00:00, run_after=2022-01-01 00:00:00+00:00
[2026-02-25T08:27:49.286+0000] {logging_mixin.py:190} INFO - [2026-02-25T08:27:49.286+0000] {dag.py:4180} INFO - Setting next_dagrun for example_subdag_operator.section-1 to None, run_after=None
[2026-02-25T08:27:49.287+0000] {logging_mixin.py:190} INFO - [2026-02-25T08:27:49.287+0000] {dag.py:4180} INFO - Setting next_dagrun for example_subdag_operator.section-2 to None, run_after=None
[2026-02-25T08:27:49.291+0000] {logging_mixin.py:190} INFO - [2026-02-25T08:27:49.291+0000] {dag.py:3239} INFO - Sync 2 DAGs
[2026-02-25T08:27:49.368+0000] {logging_mixin.py:190} INFO - [2026-02-25T08:27:49.368+0000] {dag.py:4180} INFO - Setting next_dagrun for example_subdag_operator.section-1 to None, run_after=None
[2026-02-25T08:27:49.369+0000] {logging_mixin.py:190} INFO - [2026-02-25T08:27:49.369+0000] {dag.py:4180} INFO - Setting next_dagrun for example_subdag_operator.section-2 to None, run_after=None
[2026-02-25T08:27:49.381+0000] {processor.py:208} INFO - Processing /home/ubuntu/airflow-venv/lib/python3.12/site-packages/airflow/example_dags/example_subdag_operator.py took 0.138 seconds
[2026-02-25T08:28:40.059+0000] {processor.py:186} INFO - Started process (PID=3032) to work on /home/ubuntu/airflow-venv/lib/python3.12/site-packages/airflow/example_dags/example_subdag_operator.py
[2026-02-25T08:28:40.060+0000] {processor.py:914} INFO - Processing file /home/ubuntu/airflow-venv/lib/python3.12/site-packages/airflow/example_dags/example_subdag_operator.py for tasks to queue
[2026-02-25T08:28:40.061+0000] {logging_mixin.py:190} INFO - [2026-02-25T08:28:40.061+0000] {dagbag.py:588} INFO - Filling up the DagBag from /home/ubuntu/airflow-venv/lib/python3.12/site-packages/airflow/example_dags/example_subdag_operator.py
[2026-02-25T08:28:40.074+0000] {processor.py:925} INFO - DAG(s) 'example_subdag_operator.section-1', 'example_subdag_operator.section-2', 'example_subdag_operator' retrieved from /home/ubuntu/airflow-venv/lib/python3.12/site-packages/airflow/example_dags/example_subdag_operator.py
[2026-02-25T08:28:40.150+0000] {logging_mixin.py:190} INFO - [2026-02-25T08:28:40.150+0000] {dag.py:3239} INFO - Sync 3 DAGs
[2026-02-25T08:28:40.160+0000] {logging_mixin.py:190} INFO - [2026-02-25T08:28:40.160+0000] {dag.py:4180} INFO - Setting next_dagrun for example_subdag_operator to 2022-01-01 00:00:00+00:00, run_after=2022-01-01 00:00:00+00:00
[2026-02-25T08:28:40.162+0000] {logging_mixin.py:190} INFO - [2026-02-25T08:28:40.162+0000] {dag.py:4180} INFO - Setting next_dagrun for example_subdag_operator.section-1 to None, run_after=None
[2026-02-25T08:28:40.162+0000] {logging_mixin.py:190} INFO - [2026-02-25T08:28:40.162+0000] {dag.py:4180} INFO - Setting next_dagrun for example_subdag_operator.section-2 to None, run_after=None
[2026-02-25T08:28:40.165+0000] {logging_mixin.py:190} INFO - [2026-02-25T08:28:40.165+0000] {dag.py:3239} INFO - Sync 2 DAGs
[2026-02-25T08:28:40.167+0000] {logging_mixin.py:190} INFO - [2026-02-25T08:28:40.167+0000] {dag.py:4180} INFO - Setting next_dagrun for example_subdag_operator.section-1 to None, run_after=None
[2026-02-25T08:28:40.167+0000] {logging_mixin.py:190} INFO - [2026-02-25T08:28:40.167+0000] {dag.py:4180} INFO - Setting next_dagrun for example_subdag_operator.section-2 to None, run_after=None
[2026-02-25T08:28:40.179+0000] {processor.py:208} INFO - Processing /home/ubuntu/airflow-venv/lib/python3.12/site-packages/airflow/example_dags/example_subdag_operator.py took 0.123 seconds
[2026-02-25T08:29:33.529+0000] {processor.py:186} INFO - Started process (PID=3086) to work on /home/ubuntu/airflow-venv/lib/python3.12/site-packages/airflow/example_dags/example_subdag_operator.py
[2026-02-25T08:29:33.530+0000] {processor.py:914} INFO - Processing file /home/ubuntu/airflow-venv/lib/python3.12/site-packages/airflow/example_dags/example_subdag_operator.py for tasks to queue
[2026-02-25T08:29:33.531+0000] {logging_mixin.py:190} INFO - [2026-02-25T08:29:33.531+0000] {dagbag.py:588} INFO - Filling up the DagBag from /home/ubuntu/airflow-venv/lib/python3.12/site-packages/airflow/example_dags/example_subdag_operator.py
[2026-02-25T08:29:33.545+0000] {processor.py:925} INFO - DAG(s) 'example_subdag_operator.section-1', 'example_subdag_operator.section-2', 'example_subdag_operator' retrieved from /home/ubuntu/airflow-venv/lib/python3.12/site-packages/airflow/example_dags/example_subdag_operator.py
[2026-02-25T08:29:33.554+0000] {logging_mixin.py:190} INFO - [2026-02-25T08:29:33.554+0000] {dag.py:3239} INFO - Sync 3 DAGs
[2026-02-25T08:29:33.566+0000] {logging_mixin.py:190} INFO - [2026-02-25T08:29:33.565+0000] {dag.py:4180} INFO - Setting next_dagrun for example_subdag_operator to 2022-01-01 00:00:00+00:00, run_after=2022-01-01 00:00:00+00:00
[2026-02-25T08:29:33.567+0000] {logging_mixin.py:190} INFO - [2026-02-25T08:29:33.567+0000] {dag.py:4180} INFO - Setting next_dagrun for example_subdag_operator.section-1 to None, run_after=None
[2026-02-25T08:29:33.568+0000] {logging_mixin.py:190} INFO - [2026-02-25T08:29:33.568+0000] {dag.py:4180} INFO - Setting next_dagrun for example_subdag_operator.section-2 to None, run_after=None
[2026-02-25T08:29:33.571+0000] {logging_mixin.py:190} INFO - [2026-02-25T08:29:33.571+0000] {dag.py:3239} INFO - Sync 2 DAGs
[2026-02-25T08:29:33.573+0000] {logging_mixin.py:190} INFO - [2026-02-25T08:29:33.573+0000] {dag.py:4180} INFO - Setting next_dagrun for example_subdag_operator.section-1 to None, run_after=None
[2026-02-25T08:29:33.574+0000] {logging_mixin.py:190} INFO - [2026-02-25T08:29:33.574+0000] {dag.py:4180} INFO - Setting next_dagrun for example_subdag_operator.section-2 to None, run_after=None
[2026-02-25T08:29:33.586+0000] {processor.py:208} INFO - Processing /home/ubuntu/airflow-venv/lib/python3.12/site-packages/airflow/example_dags/example_subdag_operator.py took 0.060 seconds
[2026-02-25T08:30:25.125+0000] {processor.py:186} INFO - Started process (PID=3141) to work on /home/ubuntu/airflow-venv/lib/python3.12/site-packages/airflow/example_dags/example_subdag_operator.py
[2026-02-25T08:30:25.126+0000] {processor.py:914} INFO - Processing file /home/ubuntu/airflow-venv/lib/python3.12/site-packages/airflow/example_dags/example_subdag_operator.py for tasks to queue
[2026-02-25T08:30:25.127+0000] {logging_mixin.py:190} INFO - [2026-02-25T08:30:25.127+0000] {dagbag.py:588} INFO - Filling up the DagBag from /home/ubuntu/airflow-venv/lib/python3.12/site-packages/airflow/example_dags/example_subdag_operator.py
[2026-02-25T08:30:25.141+0000] {processor.py:925} INFO - DAG(s) 'example_subdag_operator.section-1', 'example_subdag_operator.section-2', 'example_subdag_operator' retrieved from /home/ubuntu/airflow-venv/lib/python3.12/site-packages/airflow/example_dags/example_subdag_operator.py
[2026-02-25T08:30:25.149+0000] {logging_mixin.py:190} INFO - [2026-02-25T08:30:25.149+0000] {dag.py:3239} INFO - Sync 3 DAGs
[2026-02-25T08:30:25.161+0000] {logging_mixin.py:190} INFO - [2026-02-25T08:30:25.161+0000] {dag.py:4180} INFO - Setting next_dagrun for example_subdag_operator to 2022-01-01 00:00:00+00:00, run_after=2022-01-01 00:00:00+00:00
[2026-02-25T08:30:25.163+0000] {logging_mixin.py:190} INFO - [2026-02-25T08:30:25.163+0000] {dag.py:4180} INFO - Setting next_dagrun for example_subdag_operator.section-1 to None, run_after=None
[2026-02-25T08:30:25.164+0000] {logging_mixin.py:190} INFO - [2026-02-25T08:30:25.164+0000] {dag.py:4180} INFO - Setting next_dagrun for example_subdag_operator.section-2 to None, run_after=None
[2026-02-25T08:30:25.167+0000] {logging_mixin.py:190} INFO - [2026-02-25T08:30:25.167+0000] {dag.py:3239} INFO - Sync 2 DAGs
[2026-02-25T08:30:25.169+0000] {logging_mixin.py:190} INFO - [2026-02-25T08:30:25.169+0000] {dag.py:4180} INFO - Setting next_dagrun for example_subdag_operator.section-1 to None, run_after=None
[2026-02-25T08:30:25.169+0000] {logging_mixin.py:190} INFO - [2026-02-25T08:30:25.169+0000] {dag.py:4180} INFO - Setting next_dagrun for example_subdag_operator.section-2 to None, run_after=None
[2026-02-25T08:30:25.180+0000] {processor.py:208} INFO - Processing /home/ubuntu/airflow-venv/lib/python3.12/site-packages/airflow/example_dags/example_subdag_operator.py took 0.059 seconds
[2026-02-25T08:31:11.714+0000] {processor.py:186} INFO - Started process (PID=3192) to work on /home/ubuntu/airflow-venv/lib/python3.12/site-packages/airflow/example_dags/example_subdag_operator.py
[2026-02-25T08:31:11.715+0000] {processor.py:914} INFO - Processing file /home/ubuntu/airflow-venv/lib/python3.12/site-packages/airflow/example_dags/example_subdag_operator.py for tasks to queue
[2026-02-25T08:31:11.716+0000] {logging_mixin.py:190} INFO - [2026-02-25T08:31:11.716+0000] {dagbag.py:588} INFO - Filling up the DagBag from /home/ubuntu/airflow-venv/lib/python3.12/site-packages/airflow/example_dags/example_subdag_operator.py
[2026-02-25T08:31:11.730+0000] {processor.py:925} INFO - DAG(s) 'example_subdag_operator.section-1', 'example_subdag_operator.section-2', 'example_subdag_operator' retrieved from /home/ubuntu/airflow-venv/lib/python3.12/site-packages/airflow/example_dags/example_subdag_operator.py
[2026-02-25T08:31:11.738+0000] {logging_mixin.py:190} INFO - [2026-02-25T08:31:11.738+0000] {dag.py:3239} INFO - Sync 3 DAGs
[2026-02-25T08:31:11.750+0000] {logging_mixin.py:190} INFO - [2026-02-25T08:31:11.750+0000] {dag.py:4180} INFO - Setting next_dagrun for example_subdag_operator to 2022-01-01 00:00:00+00:00, run_after=2022-01-01 00:00:00+00:00
[2026-02-25T08:31:11.752+0000] {logging_mixin.py:190} INFO - [2026-02-25T08:31:11.752+0000] {dag.py:4180} INFO - Setting next_dagrun for example_subdag_operator.section-1 to None, run_after=None
[2026-02-25T08:31:11.752+0000] {logging_mixin.py:190} INFO - [2026-02-25T08:31:11.752+0000] {dag.py:4180} INFO - Setting next_dagrun for example_subdag_operator.section-2 to None, run_after=None
[2026-02-25T08:31:11.756+0000] {logging_mixin.py:190} INFO - [2026-02-25T08:31:11.755+0000] {dag.py:3239} INFO - Sync 2 DAGs
[2026-02-25T08:31:11.758+0000] {logging_mixin.py:190} INFO - [2026-02-25T08:31:11.758+0000] {dag.py:4180} INFO - Setting next_dagrun for example_subdag_operator.section-1 to None, run_after=None
[2026-02-25T08:31:11.758+0000] {logging_mixin.py:190} INFO - [2026-02-25T08:31:11.758+0000] {dag.py:4180} INFO - Setting next_dagrun for example_subdag_operator.section-2 to None, run_after=None
[2026-02-25T08:31:11.770+0000] {processor.py:208} INFO - Processing /home/ubuntu/airflow-venv/lib/python3.12/site-packages/airflow/example_dags/example_subdag_operator.py took 0.059 seconds
[2026-02-25T09:42:49.009+0000] {processor.py:186} INFO - Started process (PID=2154) to work on /home/ubuntu/airflow-venv/lib/python3.12/site-packages/airflow/example_dags/example_subdag_operator.py
[2026-02-25T09:42:49.010+0000] {processor.py:914} INFO - Processing file /home/ubuntu/airflow-venv/lib/python3.12/site-packages/airflow/example_dags/example_subdag_operator.py for tasks to queue
[2026-02-25T09:42:49.012+0000] {logging_mixin.py:190} INFO - [2026-02-25T09:42:49.012+0000] {dagbag.py:588} INFO - Filling up the DagBag from /home/ubuntu/airflow-venv/lib/python3.12/site-packages/airflow/example_dags/example_subdag_operator.py
[2026-02-25T09:42:49.027+0000] {processor.py:925} INFO - DAG(s) 'example_subdag_operator.section-1', 'example_subdag_operator.section-2', 'example_subdag_operator' retrieved from /home/ubuntu/airflow-venv/lib/python3.12/site-packages/airflow/example_dags/example_subdag_operator.py
[2026-02-25T09:42:49.036+0000] {logging_mixin.py:190} INFO - [2026-02-25T09:42:49.036+0000] {dag.py:3239} INFO - Sync 3 DAGs
[2026-02-25T09:42:49.049+0000] {logging_mixin.py:190} INFO - [2026-02-25T09:42:49.049+0000] {dag.py:4180} INFO - Setting next_dagrun for example_subdag_operator to 2022-01-01 00:00:00+00:00, run_after=2022-01-01 00:00:00+00:00
[2026-02-25T09:42:49.051+0000] {logging_mixin.py:190} INFO - [2026-02-25T09:42:49.051+0000] {dag.py:4180} INFO - Setting next_dagrun for example_subdag_operator.section-1 to None, run_after=None
[2026-02-25T09:42:49.051+0000] {logging_mixin.py:190} INFO - [2026-02-25T09:42:49.051+0000] {dag.py:4180} INFO - Setting next_dagrun for example_subdag_operator.section-2 to None, run_after=None
[2026-02-25T09:42:49.054+0000] {logging_mixin.py:190} INFO - [2026-02-25T09:42:49.054+0000] {dag.py:3239} INFO - Sync 2 DAGs
[2026-02-25T09:42:49.057+0000] {logging_mixin.py:190} INFO - [2026-02-25T09:42:49.057+0000] {dag.py:4180} INFO - Setting next_dagrun for example_subdag_operator.section-1 to None, run_after=None
[2026-02-25T09:42:49.057+0000] {logging_mixin.py:190} INFO - [2026-02-25T09:42:49.057+0000] {dag.py:4180} INFO - Setting next_dagrun for example_subdag_operator.section-2 to None, run_after=None
[2026-02-25T09:42:49.068+0000] {processor.py:208} INFO - Processing /home/ubuntu/airflow-venv/lib/python3.12/site-packages/airflow/example_dags/example_subdag_operator.py took 0.063 seconds
[2026-02-25T09:43:43.286+0000] {processor.py:186} INFO - Started process (PID=2653) to work on /home/ubuntu/airflow-venv/lib/python3.12/site-packages/airflow/example_dags/example_subdag_operator.py
[2026-02-25T09:43:43.288+0000] {processor.py:914} INFO - Processing file /home/ubuntu/airflow-venv/lib/python3.12/site-packages/airflow/example_dags/example_subdag_operator.py for tasks to queue
[2026-02-25T09:43:43.289+0000] {logging_mixin.py:190} INFO - [2026-02-25T09:43:43.289+0000] {dagbag.py:588} INFO - Filling up the DagBag from /home/ubuntu/airflow-venv/lib/python3.12/site-packages/airflow/example_dags/example_subdag_operator.py
[2026-02-25T09:43:43.302+0000] {processor.py:925} INFO - DAG(s) 'example_subdag_operator.section-1', 'example_subdag_operator.section-2', 'example_subdag_operator' retrieved from /home/ubuntu/airflow-venv/lib/python3.12/site-packages/airflow/example_dags/example_subdag_operator.py
[2026-02-25T09:43:43.311+0000] {logging_mixin.py:190} INFO - [2026-02-25T09:43:43.310+0000] {dag.py:3239} INFO - Sync 3 DAGs
[2026-02-25T09:43:43.322+0000] {logging_mixin.py:190} INFO - [2026-02-25T09:43:43.322+0000] {dag.py:4180} INFO - Setting next_dagrun for example_subdag_operator to 2022-01-01 00:00:00+00:00, run_after=2022-01-01 00:00:00+00:00
[2026-02-25T09:43:43.324+0000] {logging_mixin.py:190} INFO - [2026-02-25T09:43:43.324+0000] {dag.py:4180} INFO - Setting next_dagrun for example_subdag_operator.section-1 to None, run_after=None
[2026-02-25T09:43:43.324+0000] {logging_mixin.py:190} INFO - [2026-02-25T09:43:43.324+0000] {dag.py:4180} INFO - Setting next_dagrun for example_subdag_operator.section-2 to None, run_after=None
[2026-02-25T09:43:43.329+0000] {logging_mixin.py:190} INFO - [2026-02-25T09:43:43.328+0000] {dag.py:3239} INFO - Sync 2 DAGs
[2026-02-25T09:43:43.331+0000] {logging_mixin.py:190} INFO - [2026-02-25T09:43:43.331+0000] {dag.py:4180} INFO - Setting next_dagrun for example_subdag_operator.section-1 to None, run_after=None
[2026-02-25T09:43:43.331+0000] {logging_mixin.py:190} INFO - [2026-02-25T09:43:43.331+0000] {dag.py:4180} INFO - Setting next_dagrun for example_subdag_operator.section-2 to None, run_after=None
[2026-02-25T09:43:43.343+0000] {processor.py:208} INFO - Processing /home/ubuntu/airflow-venv/lib/python3.12/site-packages/airflow/example_dags/example_subdag_operator.py took 0.060 seconds
[2026-02-25T09:44:31.603+0000] {processor.py:186} INFO - Started process (PID=2709) to work on /home/ubuntu/airflow-venv/lib/python3.12/site-packages/airflow/example_dags/example_subdag_operator.py
[2026-02-25T09:44:31.604+0000] {processor.py:914} INFO - Processing file /home/ubuntu/airflow-venv/lib/python3.12/site-packages/airflow/example_dags/example_subdag_operator.py for tasks to queue
[2026-02-25T09:44:31.605+0000] {logging_mixin.py:190} INFO - [2026-02-25T09:44:31.605+0000] {dagbag.py:588} INFO - Filling up the DagBag from /home/ubuntu/airflow-venv/lib/python3.12/site-packages/airflow/example_dags/example_subdag_operator.py
[2026-02-25T09:44:31.618+0000] {processor.py:925} INFO - DAG(s) 'example_subdag_operator.section-1', 'example_subdag_operator.section-2', 'example_subdag_operator' retrieved from /home/ubuntu/airflow-venv/lib/python3.12/site-packages/airflow/example_dags/example_subdag_operator.py
[2026-02-25T09:44:31.627+0000] {logging_mixin.py:190} INFO - [2026-02-25T09:44:31.626+0000] {dag.py:3239} INFO - Sync 3 DAGs
[2026-02-25T09:44:31.638+0000] {logging_mixin.py:190} INFO - [2026-02-25T09:44:31.638+0000] {dag.py:4180} INFO - Setting next_dagrun for example_subdag_operator to 2022-01-01 00:00:00+00:00, run_after=2022-01-01 00:00:00+00:00
[2026-02-25T09:44:31.640+0000] {logging_mixin.py:190} INFO - [2026-02-25T09:44:31.639+0000] {dag.py:4180} INFO - Setting next_dagrun for example_subdag_operator.section-1 to None, run_after=None
[2026-02-25T09:44:31.640+0000] {logging_mixin.py:190} INFO - [2026-02-25T09:44:31.640+0000] {dag.py:4180} INFO - Setting next_dagrun for example_subdag_operator.section-2 to None, run_after=None
[2026-02-25T09:44:31.643+0000] {logging_mixin.py:190} INFO - [2026-02-25T09:44:31.643+0000] {dag.py:3239} INFO - Sync 2 DAGs
[2026-02-25T09:44:31.645+0000] {logging_mixin.py:190} INFO - [2026-02-25T09:44:31.645+0000] {dag.py:4180} INFO - Setting next_dagrun for example_subdag_operator.section-1 to None, run_after=None
[2026-02-25T09:44:31.646+0000] {logging_mixin.py:190} INFO - [2026-02-25T09:44:31.646+0000] {dag.py:4180} INFO - Setting next_dagrun for example_subdag_operator.section-2 to None, run_after=None
[2026-02-25T09:44:31.657+0000] {processor.py:208} INFO - Processing /home/ubuntu/airflow-venv/lib/python3.12/site-packages/airflow/example_dags/example_subdag_operator.py took 0.058 seconds
[2026-02-25T09:45:27.063+0000] {processor.py:186} INFO - Started process (PID=2770) to work on /home/ubuntu/airflow-venv/lib/python3.12/site-packages/airflow/example_dags/example_subdag_operator.py
[2026-02-25T09:45:27.064+0000] {processor.py:914} INFO - Processing file /home/ubuntu/airflow-venv/lib/python3.12/site-packages/airflow/example_dags/example_subdag_operator.py for tasks to queue
[2026-02-25T09:45:27.066+0000] {logging_mixin.py:190} INFO - [2026-02-25T09:45:27.065+0000] {dagbag.py:588} INFO - Filling up the DagBag from /home/ubuntu/airflow-venv/lib/python3.12/site-packages/airflow/example_dags/example_subdag_operator.py
[2026-02-25T09:45:27.079+0000] {processor.py:925} INFO - DAG(s) 'example_subdag_operator.section-1', 'example_subdag_operator.section-2', 'example_subdag_operator' retrieved from /home/ubuntu/airflow-venv/lib/python3.12/site-packages/airflow/example_dags/example_subdag_operator.py
[2026-02-25T09:45:27.088+0000] {logging_mixin.py:190} INFO - [2026-02-25T09:45:27.087+0000] {dag.py:3239} INFO - Sync 3 DAGs
[2026-02-25T09:45:27.099+0000] {logging_mixin.py:190} INFO - [2026-02-25T09:45:27.099+0000] {dag.py:4180} INFO - Setting next_dagrun for example_subdag_operator to 2022-01-01 00:00:00+00:00, run_after=2022-01-01 00:00:00+00:00
[2026-02-25T09:45:27.101+0000] {logging_mixin.py:190} INFO - [2026-02-25T09:45:27.101+0000] {dag.py:4180} INFO - Setting next_dagrun for example_subdag_operator.section-1 to None, run_after=None
[2026-02-25T09:45:27.101+0000] {logging_mixin.py:190} INFO - [2026-02-25T09:45:27.101+0000] {dag.py:4180} INFO - Setting next_dagrun for example_subdag_operator.section-2 to None, run_after=None
[2026-02-25T09:45:27.105+0000] {logging_mixin.py:190} INFO - [2026-02-25T09:45:27.105+0000] {dag.py:3239} INFO - Sync 2 DAGs
[2026-02-25T09:45:27.107+0000] {logging_mixin.py:190} INFO - [2026-02-25T09:45:27.107+0000] {dag.py:4180} INFO - Setting next_dagrun for example_subdag_operator.section-1 to None, run_after=None
[2026-02-25T09:45:27.107+0000] {logging_mixin.py:190} INFO - [2026-02-25T09:45:27.107+0000] {dag.py:4180} INFO - Setting next_dagrun for example_subdag_operator.section-2 to None, run_after=None
[2026-02-25T09:45:27.119+0000] {processor.py:208} INFO - Processing /home/ubuntu/airflow-venv/lib/python3.12/site-packages/airflow/example_dags/example_subdag_operator.py took 0.059 seconds
[2026-02-25T09:46:18.163+0000] {processor.py:186} INFO - Started process (PID=2823) to work on /home/ubuntu/airflow-venv/lib/python3.12/site-packages/airflow/example_dags/example_subdag_operator.py
[2026-02-25T09:46:18.164+0000] {processor.py:914} INFO - Processing file /home/ubuntu/airflow-venv/lib/python3.12/site-packages/airflow/example_dags/example_subdag_operator.py for tasks to queue
[2026-02-25T09:46:18.166+0000] {logging_mixin.py:190} INFO - [2026-02-25T09:46:18.165+0000] {dagbag.py:588} INFO - Filling up the DagBag from /home/ubuntu/airflow-venv/lib/python3.12/site-packages/airflow/example_dags/example_subdag_operator.py
[2026-02-25T09:46:18.179+0000] {processor.py:925} INFO - DAG(s) 'example_subdag_operator.section-1', 'example_subdag_operator.section-2', 'example_subdag_operator' retrieved from /home/ubuntu/airflow-venv/lib/python3.12/site-packages/airflow/example_dags/example_subdag_operator.py
[2026-02-25T09:46:18.187+0000] {logging_mixin.py:190} INFO - [2026-02-25T09:46:18.187+0000] {dag.py:3239} INFO - Sync 3 DAGs
[2026-02-25T09:46:18.199+0000] {logging_mixin.py:190} INFO - [2026-02-25T09:46:18.199+0000] {dag.py:4180} INFO - Setting next_dagrun for example_subdag_operator to 2022-01-01 00:00:00+00:00, run_after=2022-01-01 00:00:00+00:00
[2026-02-25T09:46:18.201+0000] {logging_mixin.py:190} INFO - [2026-02-25T09:46:18.200+0000] {dag.py:4180} INFO - Setting next_dagrun for example_subdag_operator.section-1 to None, run_after=None
[2026-02-25T09:46:18.201+0000] {logging_mixin.py:190} INFO - [2026-02-25T09:46:18.201+0000] {dag.py:4180} INFO - Setting next_dagrun for example_subdag_operator.section-2 to None, run_after=None
[2026-02-25T09:46:18.204+0000] {logging_mixin.py:190} INFO - [2026-02-25T09:46:18.204+0000] {dag.py:3239} INFO - Sync 2 DAGs
[2026-02-25T09:46:18.207+0000] {logging_mixin.py:190} INFO - [2026-02-25T09:46:18.206+0000] {dag.py:4180} INFO - Setting next_dagrun for example_subdag_operator.section-1 to None, run_after=None
[2026-02-25T09:46:18.207+0000] {logging_mixin.py:190} INFO - [2026-02-25T09:46:18.207+0000] {dag.py:4180} INFO - Setting next_dagrun for example_subdag_operator.section-2 to None, run_after=None
[2026-02-25T09:46:18.219+0000] {processor.py:208} INFO - Processing /home/ubuntu/airflow-venv/lib/python3.12/site-packages/airflow/example_dags/example_subdag_operator.py took 0.059 seconds
[2026-02-25T09:47:08.621+0000] {processor.py:186} INFO - Started process (PID=2882) to work on /home/ubuntu/airflow-venv/lib/python3.12/site-packages/airflow/example_dags/example_subdag_operator.py
[2026-02-25T09:47:08.622+0000] {processor.py:914} INFO - Processing file /home/ubuntu/airflow-venv/lib/python3.12/site-packages/airflow/example_dags/example_subdag_operator.py for tasks to queue
[2026-02-25T09:47:08.623+0000] {logging_mixin.py:190} INFO - [2026-02-25T09:47:08.623+0000] {dagbag.py:588} INFO - Filling up the DagBag from /home/ubuntu/airflow-venv/lib/python3.12/site-packages/airflow/example_dags/example_subdag_operator.py
[2026-02-25T09:47:08.636+0000] {processor.py:925} INFO - DAG(s) 'example_subdag_operator.section-1', 'example_subdag_operator.section-2', 'example_subdag_operator' retrieved from /home/ubuntu/airflow-venv/lib/python3.12/site-packages/airflow/example_dags/example_subdag_operator.py
[2026-02-25T09:47:08.644+0000] {logging_mixin.py:190} INFO - [2026-02-25T09:47:08.644+0000] {dag.py:3239} INFO - Sync 3 DAGs
[2026-02-25T09:47:08.656+0000] {logging_mixin.py:190} INFO - [2026-02-25T09:47:08.656+0000] {dag.py:4180} INFO - Setting next_dagrun for example_subdag_operator to 2022-01-01 00:00:00+00:00, run_after=2022-01-01 00:00:00+00:00
[2026-02-25T09:47:08.658+0000] {logging_mixin.py:190} INFO - [2026-02-25T09:47:08.658+0000] {dag.py:4180} INFO - Setting next_dagrun for example_subdag_operator.section-1 to None, run_after=None
[2026-02-25T09:47:08.659+0000] {logging_mixin.py:190} INFO - [2026-02-25T09:47:08.658+0000] {dag.py:4180} INFO - Setting next_dagrun for example_subdag_operator.section-2 to None, run_after=None
[2026-02-25T09:47:08.662+0000] {logging_mixin.py:190} INFO - [2026-02-25T09:47:08.662+0000] {dag.py:3239} INFO - Sync 2 DAGs
[2026-02-25T09:47:08.664+0000] {logging_mixin.py:190} INFO - [2026-02-25T09:47:08.664+0000] {dag.py:4180} INFO - Setting next_dagrun for example_subdag_operator.section-1 to None, run_after=None
[2026-02-25T09:47:08.664+0000] {logging_mixin.py:190} INFO - [2026-02-25T09:47:08.664+0000] {dag.py:4180} INFO - Setting next_dagrun for example_subdag_operator.section-2 to None, run_after=None
[2026-02-25T09:47:08.675+0000] {processor.py:208} INFO - Processing /home/ubuntu/airflow-venv/lib/python3.12/site-packages/airflow/example_dags/example_subdag_operator.py took 0.058 seconds
[2026-02-25T09:47:57.675+0000] {processor.py:186} INFO - Started process (PID=2938) to work on /home/ubuntu/airflow-venv/lib/python3.12/site-packages/airflow/example_dags/example_subdag_operator.py
[2026-02-25T09:47:57.676+0000] {processor.py:914} INFO - Processing file /home/ubuntu/airflow-venv/lib/python3.12/site-packages/airflow/example_dags/example_subdag_operator.py for tasks to queue
[2026-02-25T09:47:57.677+0000] {logging_mixin.py:190} INFO - [2026-02-25T09:47:57.677+0000] {dagbag.py:588} INFO - Filling up the DagBag from /home/ubuntu/airflow-venv/lib/python3.12/site-packages/airflow/example_dags/example_subdag_operator.py
[2026-02-25T09:47:57.691+0000] {processor.py:925} INFO - DAG(s) 'example_subdag_operator.section-1', 'example_subdag_operator.section-2', 'example_subdag_operator' retrieved from /home/ubuntu/airflow-venv/lib/python3.12/site-packages/airflow/example_dags/example_subdag_operator.py
[2026-02-25T09:47:57.700+0000] {logging_mixin.py:190} INFO - [2026-02-25T09:47:57.699+0000] {dag.py:3239} INFO - Sync 3 DAGs
[2026-02-25T09:47:57.711+0000] {logging_mixin.py:190} INFO - [2026-02-25T09:47:57.711+0000] {dag.py:4180} INFO - Setting next_dagrun for example_subdag_operator to 2022-01-01 00:00:00+00:00, run_after=2022-01-01 00:00:00+00:00
[2026-02-25T09:47:57.713+0000] {logging_mixin.py:190} INFO - [2026-02-25T09:47:57.713+0000] {dag.py:4180} INFO - Setting next_dagrun for example_subdag_operator.section-1 to None, run_after=None
[2026-02-25T09:47:57.713+0000] {logging_mixin.py:190} INFO - [2026-02-25T09:47:57.713+0000] {dag.py:4180} INFO - Setting next_dagrun for example_subdag_operator.section-2 to None, run_after=None
[2026-02-25T09:47:57.717+0000] {logging_mixin.py:190} INFO - [2026-02-25T09:47:57.717+0000] {dag.py:3239} INFO - Sync 2 DAGs
[2026-02-25T09:47:57.719+0000] {logging_mixin.py:190} INFO - [2026-02-25T09:47:57.719+0000] {dag.py:4180} INFO - Setting next_dagrun for example_subdag_operator.section-1 to None, run_after=None
[2026-02-25T09:47:57.719+0000] {logging_mixin.py:190} INFO - [2026-02-25T09:47:57.719+0000] {dag.py:4180} INFO - Setting next_dagrun for example_subdag_operator.section-2 to None, run_after=None
[2026-02-25T09:47:57.731+0000] {processor.py:208} INFO - Processing /home/ubuntu/airflow-venv/lib/python3.12/site-packages/airflow/example_dags/example_subdag_operator.py took 0.060 seconds
[2026-02-25T09:48:49.608+0000] {processor.py:186} INFO - Started process (PID=2991) to work on /home/ubuntu/airflow-venv/lib/python3.12/site-packages/airflow/example_dags/example_subdag_operator.py
[2026-02-25T09:48:49.609+0000] {processor.py:914} INFO - Processing file /home/ubuntu/airflow-venv/lib/python3.12/site-packages/airflow/example_dags/example_subdag_operator.py for tasks to queue
[2026-02-25T09:48:49.611+0000] {logging_mixin.py:190} INFO - [2026-02-25T09:48:49.610+0000] {dagbag.py:588} INFO - Filling up the DagBag from /home/ubuntu/airflow-venv/lib/python3.12/site-packages/airflow/example_dags/example_subdag_operator.py
[2026-02-25T09:48:49.624+0000] {processor.py:925} INFO - DAG(s) 'example_subdag_operator.section-1', 'example_subdag_operator.section-2', 'example_subdag_operator' retrieved from /home/ubuntu/airflow-venv/lib/python3.12/site-packages/airflow/example_dags/example_subdag_operator.py
[2026-02-25T09:48:49.632+0000] {logging_mixin.py:190} INFO - [2026-02-25T09:48:49.632+0000] {dag.py:3239} INFO - Sync 3 DAGs
[2026-02-25T09:48:49.708+0000] {logging_mixin.py:190} INFO - [2026-02-25T09:48:49.708+0000] {dag.py:4180} INFO - Setting next_dagrun for example_subdag_operator to 2022-01-01 00:00:00+00:00, run_after=2022-01-01 00:00:00+00:00
[2026-02-25T09:48:49.709+0000] {logging_mixin.py:190} INFO - [2026-02-25T09:48:49.709+0000] {dag.py:4180} INFO - Setting next_dagrun for example_subdag_operator.section-1 to None, run_after=None
[2026-02-25T09:48:49.710+0000] {logging_mixin.py:190} INFO - [2026-02-25T09:48:49.710+0000] {dag.py:4180} INFO - Setting next_dagrun for example_subdag_operator.section-2 to None, run_after=None
[2026-02-25T09:48:49.713+0000] {logging_mixin.py:190} INFO - [2026-02-25T09:48:49.713+0000] {dag.py:3239} INFO - Sync 2 DAGs
[2026-02-25T09:48:49.715+0000] {logging_mixin.py:190} INFO - [2026-02-25T09:48:49.715+0000] {dag.py:4180} INFO - Setting next_dagrun for example_subdag_operator.section-1 to None, run_after=None
[2026-02-25T09:48:49.715+0000] {logging_mixin.py:190} INFO - [2026-02-25T09:48:49.715+0000] {dag.py:4180} INFO - Setting next_dagrun for example_subdag_operator.section-2 to None, run_after=None
[2026-02-25T09:48:49.726+0000] {processor.py:208} INFO - Processing /home/ubuntu/airflow-venv/lib/python3.12/site-packages/airflow/example_dags/example_subdag_operator.py took 0.121 seconds
[2026-02-25T09:49:44.899+0000] {processor.py:186} INFO - Started process (PID=3045) to work on /home/ubuntu/airflow-venv/lib/python3.12/site-packages/airflow/example_dags/example_subdag_operator.py
[2026-02-25T09:49:44.900+0000] {processor.py:914} INFO - Processing file /home/ubuntu/airflow-venv/lib/python3.12/site-packages/airflow/example_dags/example_subdag_operator.py for tasks to queue
[2026-02-25T09:49:44.901+0000] {logging_mixin.py:190} INFO - [2026-02-25T09:49:44.901+0000] {dagbag.py:588} INFO - Filling up the DagBag from /home/ubuntu/airflow-venv/lib/python3.12/site-packages/airflow/example_dags/example_subdag_operator.py
[2026-02-25T09:49:44.915+0000] {processor.py:925} INFO - DAG(s) 'example_subdag_operator.section-1', 'example_subdag_operator.section-2', 'example_subdag_operator' retrieved from /home/ubuntu/airflow-venv/lib/python3.12/site-packages/airflow/example_dags/example_subdag_operator.py
[2026-02-25T09:49:44.924+0000] {logging_mixin.py:190} INFO - [2026-02-25T09:49:44.923+0000] {dag.py:3239} INFO - Sync 3 DAGs
[2026-02-25T09:49:44.936+0000] {logging_mixin.py:190} INFO - [2026-02-25T09:49:44.935+0000] {dag.py:4180} INFO - Setting next_dagrun for example_subdag_operator to 2022-01-01 00:00:00+00:00, run_after=2022-01-01 00:00:00+00:00
[2026-02-25T09:49:44.938+0000] {logging_mixin.py:190} INFO - [2026-02-25T09:49:44.937+0000] {dag.py:4180} INFO - Setting next_dagrun for example_subdag_operator.section-1 to None, run_after=None
[2026-02-25T09:49:44.938+0000] {logging_mixin.py:190} INFO - [2026-02-25T09:49:44.938+0000] {dag.py:4180} INFO - Setting next_dagrun for example_subdag_operator.section-2 to None, run_after=None
[2026-02-25T09:49:44.941+0000] {logging_mixin.py:190} INFO - [2026-02-25T09:49:44.941+0000] {dag.py:3239} INFO - Sync 2 DAGs
[2026-02-25T09:49:44.944+0000] {logging_mixin.py:190} INFO - [2026-02-25T09:49:44.943+0000] {dag.py:4180} INFO - Setting next_dagrun for example_subdag_operator.section-1 to None, run_after=None
[2026-02-25T09:49:44.944+0000] {logging_mixin.py:190} INFO - [2026-02-25T09:49:44.944+0000] {dag.py:4180} INFO - Setting next_dagrun for example_subdag_operator.section-2 to None, run_after=None
[2026-02-25T09:49:44.956+0000] {processor.py:208} INFO - Processing /home/ubuntu/airflow-venv/lib/python3.12/site-packages/airflow/example_dags/example_subdag_operator.py took 0.061 seconds
[2026-02-25T09:50:35.052+0000] {processor.py:186} INFO - Started process (PID=3102) to work on /home/ubuntu/airflow-venv/lib/python3.12/site-packages/airflow/example_dags/example_subdag_operator.py
[2026-02-25T09:50:35.053+0000] {processor.py:914} INFO - Processing file /home/ubuntu/airflow-venv/lib/python3.12/site-packages/airflow/example_dags/example_subdag_operator.py for tasks to queue
[2026-02-25T09:50:35.055+0000] {logging_mixin.py:190} INFO - [2026-02-25T09:50:35.054+0000] {dagbag.py:588} INFO - Filling up the DagBag from /home/ubuntu/airflow-venv/lib/python3.12/site-packages/airflow/example_dags/example_subdag_operator.py
[2026-02-25T09:50:35.069+0000] {processor.py:925} INFO - DAG(s) 'example_subdag_operator.section-1', 'example_subdag_operator.section-2', 'example_subdag_operator' retrieved from /home/ubuntu/airflow-venv/lib/python3.12/site-packages/airflow/example_dags/example_subdag_operator.py
[2026-02-25T09:50:35.077+0000] {logging_mixin.py:190} INFO - [2026-02-25T09:50:35.077+0000] {dag.py:3239} INFO - Sync 3 DAGs
[2026-02-25T09:50:35.089+0000] {logging_mixin.py:190} INFO - [2026-02-25T09:50:35.089+0000] {dag.py:4180} INFO - Setting next_dagrun for example_subdag_operator to 2022-01-01 00:00:00+00:00, run_after=2022-01-01 00:00:00+00:00
[2026-02-25T09:50:35.091+0000] {logging_mixin.py:190} INFO - [2026-02-25T09:50:35.091+0000] {dag.py:4180} INFO - Setting next_dagrun for example_subdag_operator.section-1 to None, run_after=None
[2026-02-25T09:50:35.091+0000] {logging_mixin.py:190} INFO - [2026-02-25T09:50:35.091+0000] {dag.py:4180} INFO - Setting next_dagrun for example_subdag_operator.section-2 to None, run_after=None
[2026-02-25T09:50:35.095+0000] {logging_mixin.py:190} INFO - [2026-02-25T09:50:35.095+0000] {dag.py:3239} INFO - Sync 2 DAGs
[2026-02-25T09:50:35.097+0000] {logging_mixin.py:190} INFO - [2026-02-25T09:50:35.097+0000] {dag.py:4180} INFO - Setting next_dagrun for example_subdag_operator.section-1 to None, run_after=None
[2026-02-25T09:50:35.097+0000] {logging_mixin.py:190} INFO - [2026-02-25T09:50:35.097+0000] {dag.py:4180} INFO - Setting next_dagrun for example_subdag_operator.section-2 to None, run_after=None
[2026-02-25T09:50:35.109+0000] {processor.py:208} INFO - Processing /home/ubuntu/airflow-venv/lib/python3.12/site-packages/airflow/example_dags/example_subdag_operator.py took 0.060 seconds
[2026-02-25T09:51:21.299+0000] {processor.py:186} INFO - Started process (PID=3150) to work on /home/ubuntu/airflow-venv/lib/python3.12/site-packages/airflow/example_dags/example_subdag_operator.py
[2026-02-25T09:51:21.300+0000] {processor.py:914} INFO - Processing file /home/ubuntu/airflow-venv/lib/python3.12/site-packages/airflow/example_dags/example_subdag_operator.py for tasks to queue
[2026-02-25T09:51:21.301+0000] {logging_mixin.py:190} INFO - [2026-02-25T09:51:21.301+0000] {dagbag.py:588} INFO - Filling up the DagBag from /home/ubuntu/airflow-venv/lib/python3.12/site-packages/airflow/example_dags/example_subdag_operator.py
[2026-02-25T09:51:21.315+0000] {processor.py:925} INFO - DAG(s) 'example_subdag_operator.section-1', 'example_subdag_operator.section-2', 'example_subdag_operator' retrieved from /home/ubuntu/airflow-venv/lib/python3.12/site-packages/airflow/example_dags/example_subdag_operator.py
[2026-02-25T09:51:21.324+0000] {logging_mixin.py:190} INFO - [2026-02-25T09:51:21.324+0000] {dag.py:3239} INFO - Sync 3 DAGs
[2026-02-25T09:51:21.336+0000] {logging_mixin.py:190} INFO - [2026-02-25T09:51:21.335+0000] {dag.py:4180} INFO - Setting next_dagrun for example_subdag_operator to 2022-01-01 00:00:00+00:00, run_after=2022-01-01 00:00:00+00:00
[2026-02-25T09:51:21.337+0000] {logging_mixin.py:190} INFO - [2026-02-25T09:51:21.337+0000] {dag.py:4180} INFO - Setting next_dagrun for example_subdag_operator.section-1 to None, run_after=None
[2026-02-25T09:51:21.338+0000] {logging_mixin.py:190} INFO - [2026-02-25T09:51:21.338+0000] {dag.py:4180} INFO - Setting next_dagrun for example_subdag_operator.section-2 to None, run_after=None
[2026-02-25T09:51:21.341+0000] {logging_mixin.py:190} INFO - [2026-02-25T09:51:21.341+0000] {dag.py:3239} INFO - Sync 2 DAGs
[2026-02-25T09:51:21.344+0000] {logging_mixin.py:190} INFO - [2026-02-25T09:51:21.343+0000] {dag.py:4180} INFO - Setting next_dagrun for example_subdag_operator.section-1 to None, run_after=None
[2026-02-25T09:51:21.344+0000] {logging_mixin.py:190} INFO - [2026-02-25T09:51:21.344+0000] {dag.py:4180} INFO - Setting next_dagrun for example_subdag_operator.section-2 to None, run_after=None
[2026-02-25T09:51:21.355+0000] {processor.py:208} INFO - Processing /home/ubuntu/airflow-venv/lib/python3.12/site-packages/airflow/example_dags/example_subdag_operator.py took 0.060 seconds
[2026-02-25T09:52:10.651+0000] {processor.py:186} INFO - Started process (PID=3204) to work on /home/ubuntu/airflow-venv/lib/python3.12/site-packages/airflow/example_dags/example_subdag_operator.py
[2026-02-25T09:52:10.652+0000] {processor.py:914} INFO - Processing file /home/ubuntu/airflow-venv/lib/python3.12/site-packages/airflow/example_dags/example_subdag_operator.py for tasks to queue
[2026-02-25T09:52:10.653+0000] {logging_mixin.py:190} INFO - [2026-02-25T09:52:10.653+0000] {dagbag.py:588} INFO - Filling up the DagBag from /home/ubuntu/airflow-venv/lib/python3.12/site-packages/airflow/example_dags/example_subdag_operator.py
[2026-02-25T09:52:10.667+0000] {processor.py:925} INFO - DAG(s) 'example_subdag_operator.section-1', 'example_subdag_operator.section-2', 'example_subdag_operator' retrieved from /home/ubuntu/airflow-venv/lib/python3.12/site-packages/airflow/example_dags/example_subdag_operator.py
[2026-02-25T09:52:10.676+0000] {logging_mixin.py:190} INFO - [2026-02-25T09:52:10.676+0000] {dag.py:3239} INFO - Sync 3 DAGs
[2026-02-25T09:52:10.688+0000] {logging_mixin.py:190} INFO - [2026-02-25T09:52:10.687+0000] {dag.py:4180} INFO - Setting next_dagrun for example_subdag_operator to 2022-01-01 00:00:00+00:00, run_after=2022-01-01 00:00:00+00:00
[2026-02-25T09:52:10.690+0000] {logging_mixin.py:190} INFO - [2026-02-25T09:52:10.690+0000] {dag.py:4180} INFO - Setting next_dagrun for example_subdag_operator.section-1 to None, run_after=None
[2026-02-25T09:52:10.691+0000] {logging_mixin.py:190} INFO - [2026-02-25T09:52:10.691+0000] {dag.py:4180} INFO - Setting next_dagrun for example_subdag_operator.section-2 to None, run_after=None
[2026-02-25T09:52:10.694+0000] {logging_mixin.py:190} INFO - [2026-02-25T09:52:10.694+0000] {dag.py:3239} INFO - Sync 2 DAGs
[2026-02-25T09:52:10.697+0000] {logging_mixin.py:190} INFO - [2026-02-25T09:52:10.696+0000] {dag.py:4180} INFO - Setting next_dagrun for example_subdag_operator.section-1 to None, run_after=None
[2026-02-25T09:52:10.697+0000] {logging_mixin.py:190} INFO - [2026-02-25T09:52:10.697+0000] {dag.py:4180} INFO - Setting next_dagrun for example_subdag_operator.section-2 to None, run_after=None
[2026-02-25T09:52:10.708+0000] {processor.py:208} INFO - Processing /home/ubuntu/airflow-venv/lib/python3.12/site-packages/airflow/example_dags/example_subdag_operator.py took 0.061 seconds
[2026-02-25T09:53:00.072+0000] {processor.py:186} INFO - Started process (PID=3260) to work on /home/ubuntu/airflow-venv/lib/python3.12/site-packages/airflow/example_dags/example_subdag_operator.py
[2026-02-25T09:53:00.073+0000] {processor.py:914} INFO - Processing file /home/ubuntu/airflow-venv/lib/python3.12/site-packages/airflow/example_dags/example_subdag_operator.py for tasks to queue
[2026-02-25T09:53:00.074+0000] {logging_mixin.py:190} INFO - [2026-02-25T09:53:00.074+0000] {dagbag.py:588} INFO - Filling up the DagBag from /home/ubuntu/airflow-venv/lib/python3.12/site-packages/airflow/example_dags/example_subdag_operator.py
[2026-02-25T09:53:00.089+0000] {processor.py:925} INFO - DAG(s) 'example_subdag_operator.section-1', 'example_subdag_operator.section-2', 'example_subdag_operator' retrieved from /home/ubuntu/airflow-venv/lib/python3.12/site-packages/airflow/example_dags/example_subdag_operator.py
[2026-02-25T09:53:00.097+0000] {logging_mixin.py:190} INFO - [2026-02-25T09:53:00.097+0000] {dag.py:3239} INFO - Sync 3 DAGs
[2026-02-25T09:53:00.109+0000] {logging_mixin.py:190} INFO - [2026-02-25T09:53:00.109+0000] {dag.py:4180} INFO - Setting next_dagrun for example_subdag_operator to 2022-01-01 00:00:00+00:00, run_after=2022-01-01 00:00:00+00:00
[2026-02-25T09:53:00.111+0000] {logging_mixin.py:190} INFO - [2026-02-25T09:53:00.111+0000] {dag.py:4180} INFO - Setting next_dagrun for example_subdag_operator.section-1 to None, run_after=None
[2026-02-25T09:53:00.112+0000] {logging_mixin.py:190} INFO - [2026-02-25T09:53:00.112+0000] {dag.py:4180} INFO - Setting next_dagrun for example_subdag_operator.section-2 to None, run_after=None
[2026-02-25T09:53:00.115+0000] {logging_mixin.py:190} INFO - [2026-02-25T09:53:00.115+0000] {dag.py:3239} INFO - Sync 2 DAGs
[2026-02-25T09:53:00.117+0000] {logging_mixin.py:190} INFO - [2026-02-25T09:53:00.117+0000] {dag.py:4180} INFO - Setting next_dagrun for example_subdag_operator.section-1 to None, run_after=None
[2026-02-25T09:53:00.117+0000] {logging_mixin.py:190} INFO - [2026-02-25T09:53:00.117+0000] {dag.py:4180} INFO - Setting next_dagrun for example_subdag_operator.section-2 to None, run_after=None
[2026-02-25T09:53:00.129+0000] {processor.py:208} INFO - Processing /home/ubuntu/airflow-venv/lib/python3.12/site-packages/airflow/example_dags/example_subdag_operator.py took 0.061 seconds
[2026-02-25T09:53:49.569+0000] {processor.py:186} INFO - Started process (PID=3312) to work on /home/ubuntu/airflow-venv/lib/python3.12/site-packages/airflow/example_dags/example_subdag_operator.py
[2026-02-25T09:53:49.570+0000] {processor.py:914} INFO - Processing file /home/ubuntu/airflow-venv/lib/python3.12/site-packages/airflow/example_dags/example_subdag_operator.py for tasks to queue
[2026-02-25T09:53:49.572+0000] {logging_mixin.py:190} INFO - [2026-02-25T09:53:49.571+0000] {dagbag.py:588} INFO - Filling up the DagBag from /home/ubuntu/airflow-venv/lib/python3.12/site-packages/airflow/example_dags/example_subdag_operator.py
[2026-02-25T09:53:49.585+0000] {processor.py:925} INFO - DAG(s) 'example_subdag_operator.section-1', 'example_subdag_operator.section-2', 'example_subdag_operator' retrieved from /home/ubuntu/airflow-venv/lib/python3.12/site-packages/airflow/example_dags/example_subdag_operator.py
[2026-02-25T09:53:49.594+0000] {logging_mixin.py:190} INFO - [2026-02-25T09:53:49.594+0000] {dag.py:3239} INFO - Sync 3 DAGs
[2026-02-25T09:53:49.605+0000] {logging_mixin.py:190} INFO - [2026-02-25T09:53:49.605+0000] {dag.py:4180} INFO - Setting next_dagrun for example_subdag_operator to 2022-01-01 00:00:00+00:00, run_after=2022-01-01 00:00:00+00:00
[2026-02-25T09:53:49.607+0000] {logging_mixin.py:190} INFO - [2026-02-25T09:53:49.607+0000] {dag.py:4180} INFO - Setting next_dagrun for example_subdag_operator.section-1 to None, run_after=None
[2026-02-25T09:53:49.608+0000] {logging_mixin.py:190} INFO - [2026-02-25T09:53:49.608+0000] {dag.py:4180} INFO - Setting next_dagrun for example_subdag_operator.section-2 to None, run_after=None
[2026-02-25T09:53:49.611+0000] {logging_mixin.py:190} INFO - [2026-02-25T09:53:49.611+0000] {dag.py:3239} INFO - Sync 2 DAGs
[2026-02-25T09:53:49.613+0000] {logging_mixin.py:190} INFO - [2026-02-25T09:53:49.613+0000] {dag.py:4180} INFO - Setting next_dagrun for example_subdag_operator.section-1 to None, run_after=None
[2026-02-25T09:53:49.613+0000] {logging_mixin.py:190} INFO - [2026-02-25T09:53:49.613+0000] {dag.py:4180} INFO - Setting next_dagrun for example_subdag_operator.section-2 to None, run_after=None
[2026-02-25T09:53:49.625+0000] {processor.py:208} INFO - Processing /home/ubuntu/airflow-venv/lib/python3.12/site-packages/airflow/example_dags/example_subdag_operator.py took 0.059 seconds
[2026-02-25T09:54:39.762+0000] {processor.py:186} INFO - Started process (PID=3363) to work on /home/ubuntu/airflow-venv/lib/python3.12/site-packages/airflow/example_dags/example_subdag_operator.py
[2026-02-25T09:54:39.764+0000] {processor.py:914} INFO - Processing file /home/ubuntu/airflow-venv/lib/python3.12/site-packages/airflow/example_dags/example_subdag_operator.py for tasks to queue
[2026-02-25T09:54:39.765+0000] {logging_mixin.py:190} INFO - [2026-02-25T09:54:39.765+0000] {dagbag.py:588} INFO - Filling up the DagBag from /home/ubuntu/airflow-venv/lib/python3.12/site-packages/airflow/example_dags/example_subdag_operator.py
[2026-02-25T09:54:39.779+0000] {processor.py:925} INFO - DAG(s) 'example_subdag_operator.section-1', 'example_subdag_operator.section-2', 'example_subdag_operator' retrieved from /home/ubuntu/airflow-venv/lib/python3.12/site-packages/airflow/example_dags/example_subdag_operator.py
[2026-02-25T09:54:39.787+0000] {logging_mixin.py:190} INFO - [2026-02-25T09:54:39.787+0000] {dag.py:3239} INFO - Sync 3 DAGs
[2026-02-25T09:54:39.799+0000] {logging_mixin.py:190} INFO - [2026-02-25T09:54:39.799+0000] {dag.py:4180} INFO - Setting next_dagrun for example_subdag_operator to 2022-01-01 00:00:00+00:00, run_after=2022-01-01 00:00:00+00:00
[2026-02-25T09:54:39.801+0000] {logging_mixin.py:190} INFO - [2026-02-25T09:54:39.801+0000] {dag.py:4180} INFO - Setting next_dagrun for example_subdag_operator.section-1 to None, run_after=None
[2026-02-25T09:54:39.801+0000] {logging_mixin.py:190} INFO - [2026-02-25T09:54:39.801+0000] {dag.py:4180} INFO - Setting next_dagrun for example_subdag_operator.section-2 to None, run_after=None
[2026-02-25T09:54:39.804+0000] {logging_mixin.py:190} INFO - [2026-02-25T09:54:39.804+0000] {dag.py:3239} INFO - Sync 2 DAGs
[2026-02-25T09:54:39.807+0000] {logging_mixin.py:190} INFO - [2026-02-25T09:54:39.807+0000] {dag.py:4180} INFO - Setting next_dagrun for example_subdag_operator.section-1 to None, run_after=None
[2026-02-25T09:54:39.807+0000] {logging_mixin.py:190} INFO - [2026-02-25T09:54:39.807+0000] {dag.py:4180} INFO - Setting next_dagrun for example_subdag_operator.section-2 to None, run_after=None
[2026-02-25T09:54:39.819+0000] {processor.py:208} INFO - Processing /home/ubuntu/airflow-venv/lib/python3.12/site-packages/airflow/example_dags/example_subdag_operator.py took 0.060 seconds
[2026-02-25T09:55:27.745+0000] {processor.py:186} INFO - Started process (PID=3418) to work on /home/ubuntu/airflow-venv/lib/python3.12/site-packages/airflow/example_dags/example_subdag_operator.py
[2026-02-25T09:55:27.746+0000] {processor.py:914} INFO - Processing file /home/ubuntu/airflow-venv/lib/python3.12/site-packages/airflow/example_dags/example_subdag_operator.py for tasks to queue
[2026-02-25T09:55:27.748+0000] {logging_mixin.py:190} INFO - [2026-02-25T09:55:27.747+0000] {dagbag.py:588} INFO - Filling up the DagBag from /home/ubuntu/airflow-venv/lib/python3.12/site-packages/airflow/example_dags/example_subdag_operator.py
[2026-02-25T09:55:27.761+0000] {processor.py:925} INFO - DAG(s) 'example_subdag_operator.section-1', 'example_subdag_operator.section-2', 'example_subdag_operator' retrieved from /home/ubuntu/airflow-venv/lib/python3.12/site-packages/airflow/example_dags/example_subdag_operator.py
[2026-02-25T09:55:27.770+0000] {logging_mixin.py:190} INFO - [2026-02-25T09:55:27.770+0000] {dag.py:3239} INFO - Sync 3 DAGs
[2026-02-25T09:55:27.782+0000] {logging_mixin.py:190} INFO - [2026-02-25T09:55:27.782+0000] {dag.py:4180} INFO - Setting next_dagrun for example_subdag_operator to 2022-01-01 00:00:00+00:00, run_after=2022-01-01 00:00:00+00:00
[2026-02-25T09:55:27.784+0000] {logging_mixin.py:190} INFO - [2026-02-25T09:55:27.783+0000] {dag.py:4180} INFO - Setting next_dagrun for example_subdag_operator.section-1 to None, run_after=None
[2026-02-25T09:55:27.784+0000] {logging_mixin.py:190} INFO - [2026-02-25T09:55:27.784+0000] {dag.py:4180} INFO - Setting next_dagrun for example_subdag_operator.section-2 to None, run_after=None
[2026-02-25T09:55:27.788+0000] {logging_mixin.py:190} INFO - [2026-02-25T09:55:27.787+0000] {dag.py:3239} INFO - Sync 2 DAGs
[2026-02-25T09:55:27.790+0000] {logging_mixin.py:190} INFO - [2026-02-25T09:55:27.790+0000] {dag.py:4180} INFO - Setting next_dagrun for example_subdag_operator.section-1 to None, run_after=None
[2026-02-25T09:55:27.790+0000] {logging_mixin.py:190} INFO - [2026-02-25T09:55:27.790+0000] {dag.py:4180} INFO - Setting next_dagrun for example_subdag_operator.section-2 to None, run_after=None
[2026-02-25T09:55:27.802+0000] {processor.py:208} INFO - Processing /home/ubuntu/airflow-venv/lib/python3.12/site-packages/airflow/example_dags/example_subdag_operator.py took 0.060 seconds
[2026-02-25T09:56:17.390+0000] {processor.py:186} INFO - Started process (PID=3471) to work on /home/ubuntu/airflow-venv/lib/python3.12/site-packages/airflow/example_dags/example_subdag_operator.py
[2026-02-25T09:56:17.391+0000] {processor.py:914} INFO - Processing file /home/ubuntu/airflow-venv/lib/python3.12/site-packages/airflow/example_dags/example_subdag_operator.py for tasks to queue
[2026-02-25T09:56:17.392+0000] {logging_mixin.py:190} INFO - [2026-02-25T09:56:17.392+0000] {dagbag.py:588} INFO - Filling up the DagBag from /home/ubuntu/airflow-venv/lib/python3.12/site-packages/airflow/example_dags/example_subdag_operator.py
[2026-02-25T09:56:17.406+0000] {processor.py:925} INFO - DAG(s) 'example_subdag_operator.section-1', 'example_subdag_operator.section-2', 'example_subdag_operator' retrieved from /home/ubuntu/airflow-venv/lib/python3.12/site-packages/airflow/example_dags/example_subdag_operator.py
[2026-02-25T09:56:17.414+0000] {logging_mixin.py:190} INFO - [2026-02-25T09:56:17.414+0000] {dag.py:3239} INFO - Sync 3 DAGs
[2026-02-25T09:56:17.426+0000] {logging_mixin.py:190} INFO - [2026-02-25T09:56:17.426+0000] {dag.py:4180} INFO - Setting next_dagrun for example_subdag_operator to 2022-01-01 00:00:00+00:00, run_after=2022-01-01 00:00:00+00:00
[2026-02-25T09:56:17.428+0000] {logging_mixin.py:190} INFO - [2026-02-25T09:56:17.428+0000] {dag.py:4180} INFO - Setting next_dagrun for example_subdag_operator.section-1 to None, run_after=None
[2026-02-25T09:56:17.429+0000] {logging_mixin.py:190} INFO - [2026-02-25T09:56:17.429+0000] {dag.py:4180} INFO - Setting next_dagrun for example_subdag_operator.section-2 to None, run_after=None
[2026-02-25T09:56:17.433+0000] {logging_mixin.py:190} INFO - [2026-02-25T09:56:17.433+0000] {dag.py:3239} INFO - Sync 2 DAGs
[2026-02-25T09:56:17.435+0000] {logging_mixin.py:190} INFO - [2026-02-25T09:56:17.435+0000] {dag.py:4180} INFO - Setting next_dagrun for example_subdag_operator.section-1 to None, run_after=None
[2026-02-25T09:56:17.435+0000] {logging_mixin.py:190} INFO - [2026-02-25T09:56:17.435+0000] {dag.py:4180} INFO - Setting next_dagrun for example_subdag_operator.section-2 to None, run_after=None
[2026-02-25T09:56:17.447+0000] {processor.py:208} INFO - Processing /home/ubuntu/airflow-venv/lib/python3.12/site-packages/airflow/example_dags/example_subdag_operator.py took 0.061 seconds
[2026-02-25T09:57:07.584+0000] {processor.py:186} INFO - Started process (PID=3965) to work on /home/ubuntu/airflow-venv/lib/python3.12/site-packages/airflow/example_dags/example_subdag_operator.py
[2026-02-25T09:57:07.585+0000] {processor.py:914} INFO - Processing file /home/ubuntu/airflow-venv/lib/python3.12/site-packages/airflow/example_dags/example_subdag_operator.py for tasks to queue
[2026-02-25T09:57:07.586+0000] {logging_mixin.py:190} INFO - [2026-02-25T09:57:07.586+0000] {dagbag.py:588} INFO - Filling up the DagBag from /home/ubuntu/airflow-venv/lib/python3.12/site-packages/airflow/example_dags/example_subdag_operator.py
[2026-02-25T09:57:07.600+0000] {processor.py:925} INFO - DAG(s) 'example_subdag_operator.section-1', 'example_subdag_operator.section-2', 'example_subdag_operator' retrieved from /home/ubuntu/airflow-venv/lib/python3.12/site-packages/airflow/example_dags/example_subdag_operator.py
[2026-02-25T09:57:07.609+0000] {logging_mixin.py:190} INFO - [2026-02-25T09:57:07.609+0000] {dag.py:3239} INFO - Sync 3 DAGs
[2026-02-25T09:57:07.620+0000] {logging_mixin.py:190} INFO - [2026-02-25T09:57:07.620+0000] {dag.py:4180} INFO - Setting next_dagrun for example_subdag_operator to 2022-01-01 00:00:00+00:00, run_after=2022-01-01 00:00:00+00:00
[2026-02-25T09:57:07.622+0000] {logging_mixin.py:190} INFO - [2026-02-25T09:57:07.622+0000] {dag.py:4180} INFO - Setting next_dagrun for example_subdag_operator.section-1 to None, run_after=None
[2026-02-25T09:57:07.623+0000] {logging_mixin.py:190} INFO - [2026-02-25T09:57:07.623+0000] {dag.py:4180} INFO - Setting next_dagrun for example_subdag_operator.section-2 to None, run_after=None
[2026-02-25T09:57:07.626+0000] {logging_mixin.py:190} INFO - [2026-02-25T09:57:07.626+0000] {dag.py:3239} INFO - Sync 2 DAGs
[2026-02-25T09:57:07.629+0000] {logging_mixin.py:190} INFO - [2026-02-25T09:57:07.628+0000] {dag.py:4180} INFO - Setting next_dagrun for example_subdag_operator.section-1 to None, run_after=None
[2026-02-25T09:57:07.629+0000] {logging_mixin.py:190} INFO - [2026-02-25T09:57:07.629+0000] {dag.py:4180} INFO - Setting next_dagrun for example_subdag_operator.section-2 to None, run_after=None
[2026-02-25T09:57:07.637+0000] {processor.py:208} INFO - Processing /home/ubuntu/airflow-venv/lib/python3.12/site-packages/airflow/example_dags/example_subdag_operator.py took 0.057 seconds
[2026-02-25T09:57:57.781+0000] {processor.py:186} INFO - Started process (PID=4019) to work on /home/ubuntu/airflow-venv/lib/python3.12/site-packages/airflow/example_dags/example_subdag_operator.py
[2026-02-25T09:57:57.782+0000] {processor.py:914} INFO - Processing file /home/ubuntu/airflow-venv/lib/python3.12/site-packages/airflow/example_dags/example_subdag_operator.py for tasks to queue
[2026-02-25T09:57:57.783+0000] {logging_mixin.py:190} INFO - [2026-02-25T09:57:57.783+0000] {dagbag.py:588} INFO - Filling up the DagBag from /home/ubuntu/airflow-venv/lib/python3.12/site-packages/airflow/example_dags/example_subdag_operator.py
[2026-02-25T09:57:57.797+0000] {processor.py:925} INFO - DAG(s) 'example_subdag_operator.section-1', 'example_subdag_operator.section-2', 'example_subdag_operator' retrieved from /home/ubuntu/airflow-venv/lib/python3.12/site-packages/airflow/example_dags/example_subdag_operator.py
[2026-02-25T09:57:57.806+0000] {logging_mixin.py:190} INFO - [2026-02-25T09:57:57.806+0000] {dag.py:3239} INFO - Sync 3 DAGs
[2026-02-25T09:57:57.818+0000] {logging_mixin.py:190} INFO - [2026-02-25T09:57:57.818+0000] {dag.py:4180} INFO - Setting next_dagrun for example_subdag_operator to 2022-01-01 00:00:00+00:00, run_after=2022-01-01 00:00:00+00:00
[2026-02-25T09:57:57.820+0000] {logging_mixin.py:190} INFO - [2026-02-25T09:57:57.820+0000] {dag.py:4180} INFO - Setting next_dagrun for example_subdag_operator.section-1 to None, run_after=None
[2026-02-25T09:57:57.821+0000] {logging_mixin.py:190} INFO - [2026-02-25T09:57:57.821+0000] {dag.py:4180} INFO - Setting next_dagrun for example_subdag_operator.section-2 to None, run_after=None
[2026-02-25T09:57:57.824+0000] {logging_mixin.py:190} INFO - [2026-02-25T09:57:57.824+0000] {dag.py:3239} INFO - Sync 2 DAGs
[2026-02-25T09:57:57.826+0000] {logging_mixin.py:190} INFO - [2026-02-25T09:57:57.826+0000] {dag.py:4180} INFO - Setting next_dagrun for example_subdag_operator.section-1 to None, run_after=None
[2026-02-25T09:57:57.826+0000] {logging_mixin.py:190} INFO - [2026-02-25T09:57:57.826+0000] {dag.py:4180} INFO - Setting next_dagrun for example_subdag_operator.section-2 to None, run_after=None
[2026-02-25T09:57:57.836+0000] {processor.py:208} INFO - Processing /home/ubuntu/airflow-venv/lib/python3.12/site-packages/airflow/example_dags/example_subdag_operator.py took 0.059 seconds
[2026-02-25T09:58:50.156+0000] {processor.py:186} INFO - Started process (PID=4073) to work on /home/ubuntu/airflow-venv/lib/python3.12/site-packages/airflow/example_dags/example_subdag_operator.py
[2026-02-25T09:58:50.157+0000] {processor.py:914} INFO - Processing file /home/ubuntu/airflow-venv/lib/python3.12/site-packages/airflow/example_dags/example_subdag_operator.py for tasks to queue
[2026-02-25T09:58:50.158+0000] {logging_mixin.py:190} INFO - [2026-02-25T09:58:50.158+0000] {dagbag.py:588} INFO - Filling up the DagBag from /home/ubuntu/airflow-venv/lib/python3.12/site-packages/airflow/example_dags/example_subdag_operator.py
[2026-02-25T09:58:50.172+0000] {processor.py:925} INFO - DAG(s) 'example_subdag_operator.section-1', 'example_subdag_operator.section-2', 'example_subdag_operator' retrieved from /home/ubuntu/airflow-venv/lib/python3.12/site-packages/airflow/example_dags/example_subdag_operator.py
[2026-02-25T09:58:50.180+0000] {logging_mixin.py:190} INFO - [2026-02-25T09:58:50.180+0000] {dag.py:3239} INFO - Sync 3 DAGs
[2026-02-25T09:58:50.191+0000] {logging_mixin.py:190} INFO - [2026-02-25T09:58:50.191+0000] {dag.py:4180} INFO - Setting next_dagrun for example_subdag_operator to 2022-01-01 00:00:00+00:00, run_after=2022-01-01 00:00:00+00:00
[2026-02-25T09:58:50.193+0000] {logging_mixin.py:190} INFO - [2026-02-25T09:58:50.193+0000] {dag.py:4180} INFO - Setting next_dagrun for example_subdag_operator.section-1 to None, run_after=None
[2026-02-25T09:58:50.194+0000] {logging_mixin.py:190} INFO - [2026-02-25T09:58:50.194+0000] {dag.py:4180} INFO - Setting next_dagrun for example_subdag_operator.section-2 to None, run_after=None
[2026-02-25T09:58:50.197+0000] {logging_mixin.py:190} INFO - [2026-02-25T09:58:50.197+0000] {dag.py:3239} INFO - Sync 2 DAGs
[2026-02-25T09:58:50.199+0000] {logging_mixin.py:190} INFO - [2026-02-25T09:58:50.199+0000] {dag.py:4180} INFO - Setting next_dagrun for example_subdag_operator.section-1 to None, run_after=None
[2026-02-25T09:58:50.199+0000] {logging_mixin.py:190} INFO - [2026-02-25T09:58:50.199+0000] {dag.py:4180} INFO - Setting next_dagrun for example_subdag_operator.section-2 to None, run_after=None
[2026-02-25T09:58:50.208+0000] {processor.py:208} INFO - Processing /home/ubuntu/airflow-venv/lib/python3.12/site-packages/airflow/example_dags/example_subdag_operator.py took 0.055 seconds
[2026-02-25T09:59:36.245+0000] {processor.py:186} INFO - Started process (PID=4123) to work on /home/ubuntu/airflow-venv/lib/python3.12/site-packages/airflow/example_dags/example_subdag_operator.py
[2026-02-25T09:59:36.246+0000] {processor.py:914} INFO - Processing file /home/ubuntu/airflow-venv/lib/python3.12/site-packages/airflow/example_dags/example_subdag_operator.py for tasks to queue
[2026-02-25T09:59:36.247+0000] {logging_mixin.py:190} INFO - [2026-02-25T09:59:36.247+0000] {dagbag.py:588} INFO - Filling up the DagBag from /home/ubuntu/airflow-venv/lib/python3.12/site-packages/airflow/example_dags/example_subdag_operator.py
[2026-02-25T09:59:36.261+0000] {processor.py:925} INFO - DAG(s) 'example_subdag_operator.section-1', 'example_subdag_operator.section-2', 'example_subdag_operator' retrieved from /home/ubuntu/airflow-venv/lib/python3.12/site-packages/airflow/example_dags/example_subdag_operator.py
[2026-02-25T09:59:36.270+0000] {logging_mixin.py:190} INFO - [2026-02-25T09:59:36.270+0000] {dag.py:3239} INFO - Sync 3 DAGs
[2026-02-25T09:59:36.282+0000] {logging_mixin.py:190} INFO - [2026-02-25T09:59:36.282+0000] {dag.py:4180} INFO - Setting next_dagrun for example_subdag_operator to 2022-01-01 00:00:00+00:00, run_after=2022-01-01 00:00:00+00:00
[2026-02-25T09:59:36.284+0000] {logging_mixin.py:190} INFO - [2026-02-25T09:59:36.284+0000] {dag.py:4180} INFO - Setting next_dagrun for example_subdag_operator.section-1 to None, run_after=None
[2026-02-25T09:59:36.284+0000] {logging_mixin.py:190} INFO - [2026-02-25T09:59:36.284+0000] {dag.py:4180} INFO - Setting next_dagrun for example_subdag_operator.section-2 to None, run_after=None
[2026-02-25T09:59:36.288+0000] {logging_mixin.py:190} INFO - [2026-02-25T09:59:36.288+0000] {dag.py:3239} INFO - Sync 2 DAGs
[2026-02-25T09:59:36.290+0000] {logging_mixin.py:190} INFO - [2026-02-25T09:59:36.290+0000] {dag.py:4180} INFO - Setting next_dagrun for example_subdag_operator.section-1 to None, run_after=None
[2026-02-25T09:59:36.290+0000] {logging_mixin.py:190} INFO - [2026-02-25T09:59:36.290+0000] {dag.py:4180} INFO - Setting next_dagrun for example_subdag_operator.section-2 to None, run_after=None
[2026-02-25T09:59:36.299+0000] {processor.py:208} INFO - Processing /home/ubuntu/airflow-venv/lib/python3.12/site-packages/airflow/example_dags/example_subdag_operator.py took 0.058 seconds
[2026-02-25T10:00:26.430+0000] {processor.py:186} INFO - Started process (PID=4177) to work on /home/ubuntu/airflow-venv/lib/python3.12/site-packages/airflow/example_dags/example_subdag_operator.py
[2026-02-25T10:00:26.432+0000] {processor.py:914} INFO - Processing file /home/ubuntu/airflow-venv/lib/python3.12/site-packages/airflow/example_dags/example_subdag_operator.py for tasks to queue
[2026-02-25T10:00:26.433+0000] {logging_mixin.py:190} INFO - [2026-02-25T10:00:26.433+0000] {dagbag.py:588} INFO - Filling up the DagBag from /home/ubuntu/airflow-venv/lib/python3.12/site-packages/airflow/example_dags/example_subdag_operator.py
[2026-02-25T10:00:26.446+0000] {processor.py:925} INFO - DAG(s) 'example_subdag_operator.section-1', 'example_subdag_operator.section-2', 'example_subdag_operator' retrieved from /home/ubuntu/airflow-venv/lib/python3.12/site-packages/airflow/example_dags/example_subdag_operator.py
[2026-02-25T10:00:26.455+0000] {logging_mixin.py:190} INFO - [2026-02-25T10:00:26.455+0000] {dag.py:3239} INFO - Sync 3 DAGs
[2026-02-25T10:00:26.466+0000] {logging_mixin.py:190} INFO - [2026-02-25T10:00:26.466+0000] {dag.py:4180} INFO - Setting next_dagrun for example_subdag_operator to 2022-01-01 00:00:00+00:00, run_after=2022-01-01 00:00:00+00:00
[2026-02-25T10:00:26.468+0000] {logging_mixin.py:190} INFO - [2026-02-25T10:00:26.468+0000] {dag.py:4180} INFO - Setting next_dagrun for example_subdag_operator.section-1 to None, run_after=None
[2026-02-25T10:00:26.469+0000] {logging_mixin.py:190} INFO - [2026-02-25T10:00:26.468+0000] {dag.py:4180} INFO - Setting next_dagrun for example_subdag_operator.section-2 to None, run_after=None
[2026-02-25T10:00:26.472+0000] {logging_mixin.py:190} INFO - [2026-02-25T10:00:26.472+0000] {dag.py:3239} INFO - Sync 2 DAGs
[2026-02-25T10:00:26.474+0000] {logging_mixin.py:190} INFO - [2026-02-25T10:00:26.474+0000] {dag.py:4180} INFO - Setting next_dagrun for example_subdag_operator.section-1 to None, run_after=None
[2026-02-25T10:00:26.474+0000] {logging_mixin.py:190} INFO - [2026-02-25T10:00:26.474+0000] {dag.py:4180} INFO - Setting next_dagrun for example_subdag_operator.section-2 to None, run_after=None
[2026-02-25T10:00:26.482+0000] {processor.py:208} INFO - Processing /home/ubuntu/airflow-venv/lib/python3.12/site-packages/airflow/example_dags/example_subdag_operator.py took 0.056 seconds
[2026-02-25T10:01:17.806+0000] {processor.py:186} INFO - Started process (PID=4232) to work on /home/ubuntu/airflow-venv/lib/python3.12/site-packages/airflow/example_dags/example_subdag_operator.py
[2026-02-25T10:01:17.808+0000] {processor.py:914} INFO - Processing file /home/ubuntu/airflow-venv/lib/python3.12/site-packages/airflow/example_dags/example_subdag_operator.py for tasks to queue
[2026-02-25T10:01:17.809+0000] {logging_mixin.py:190} INFO - [2026-02-25T10:01:17.809+0000] {dagbag.py:588} INFO - Filling up the DagBag from /home/ubuntu/airflow-venv/lib/python3.12/site-packages/airflow/example_dags/example_subdag_operator.py
[2026-02-25T10:01:17.823+0000] {processor.py:925} INFO - DAG(s) 'example_subdag_operator.section-1', 'example_subdag_operator.section-2', 'example_subdag_operator' retrieved from /home/ubuntu/airflow-venv/lib/python3.12/site-packages/airflow/example_dags/example_subdag_operator.py
[2026-02-25T10:01:17.832+0000] {logging_mixin.py:190} INFO - [2026-02-25T10:01:17.832+0000] {dag.py:3239} INFO - Sync 3 DAGs
[2026-02-25T10:01:17.844+0000] {logging_mixin.py:190} INFO - [2026-02-25T10:01:17.844+0000] {dag.py:4180} INFO - Setting next_dagrun for example_subdag_operator to 2022-01-01 00:00:00+00:00, run_after=2022-01-01 00:00:00+00:00
[2026-02-25T10:01:17.846+0000] {logging_mixin.py:190} INFO - [2026-02-25T10:01:17.846+0000] {dag.py:4180} INFO - Setting next_dagrun for example_subdag_operator.section-1 to None, run_after=None
[2026-02-25T10:01:17.846+0000] {logging_mixin.py:190} INFO - [2026-02-25T10:01:17.846+0000] {dag.py:4180} INFO - Setting next_dagrun for example_subdag_operator.section-2 to None, run_after=None
[2026-02-25T10:01:17.850+0000] {logging_mixin.py:190} INFO - [2026-02-25T10:01:17.850+0000] {dag.py:3239} INFO - Sync 2 DAGs
[2026-02-25T10:01:17.852+0000] {logging_mixin.py:190} INFO - [2026-02-25T10:01:17.852+0000] {dag.py:4180} INFO - Setting next_dagrun for example_subdag_operator.section-1 to None, run_after=None
[2026-02-25T10:01:17.852+0000] {logging_mixin.py:190} INFO - [2026-02-25T10:01:17.852+0000] {dag.py:4180} INFO - Setting next_dagrun for example_subdag_operator.section-2 to None, run_after=None
[2026-02-25T10:01:17.864+0000] {processor.py:208} INFO - Processing /home/ubuntu/airflow-venv/lib/python3.12/site-packages/airflow/example_dags/example_subdag_operator.py took 0.061 seconds
[2026-02-25T10:02:09.194+0000] {processor.py:186} INFO - Started process (PID=4290) to work on /home/ubuntu/airflow-venv/lib/python3.12/site-packages/airflow/example_dags/example_subdag_operator.py
[2026-02-25T10:02:09.195+0000] {processor.py:914} INFO - Processing file /home/ubuntu/airflow-venv/lib/python3.12/site-packages/airflow/example_dags/example_subdag_operator.py for tasks to queue
[2026-02-25T10:02:09.197+0000] {logging_mixin.py:190} INFO - [2026-02-25T10:02:09.196+0000] {dagbag.py:588} INFO - Filling up the DagBag from /home/ubuntu/airflow-venv/lib/python3.12/site-packages/airflow/example_dags/example_subdag_operator.py
[2026-02-25T10:02:09.211+0000] {processor.py:925} INFO - DAG(s) 'example_subdag_operator.section-1', 'example_subdag_operator.section-2', 'example_subdag_operator' retrieved from /home/ubuntu/airflow-venv/lib/python3.12/site-packages/airflow/example_dags/example_subdag_operator.py
[2026-02-25T10:02:09.219+0000] {logging_mixin.py:190} INFO - [2026-02-25T10:02:09.219+0000] {dag.py:3239} INFO - Sync 3 DAGs
[2026-02-25T10:02:09.231+0000] {logging_mixin.py:190} INFO - [2026-02-25T10:02:09.231+0000] {dag.py:4180} INFO - Setting next_dagrun for example_subdag_operator to 2022-01-01 00:00:00+00:00, run_after=2022-01-01 00:00:00+00:00
[2026-02-25T10:02:09.233+0000] {logging_mixin.py:190} INFO - [2026-02-25T10:02:09.233+0000] {dag.py:4180} INFO - Setting next_dagrun for example_subdag_operator.section-1 to None, run_after=None
[2026-02-25T10:02:09.234+0000] {logging_mixin.py:190} INFO - [2026-02-25T10:02:09.234+0000] {dag.py:4180} INFO - Setting next_dagrun for example_subdag_operator.section-2 to None, run_after=None
[2026-02-25T10:02:09.237+0000] {logging_mixin.py:190} INFO - [2026-02-25T10:02:09.237+0000] {dag.py:3239} INFO - Sync 2 DAGs
[2026-02-25T10:02:09.240+0000] {logging_mixin.py:190} INFO - [2026-02-25T10:02:09.240+0000] {dag.py:4180} INFO - Setting next_dagrun for example_subdag_operator.section-1 to None, run_after=None
[2026-02-25T10:02:09.240+0000] {logging_mixin.py:190} INFO - [2026-02-25T10:02:09.240+0000] {dag.py:4180} INFO - Setting next_dagrun for example_subdag_operator.section-2 to None, run_after=None
[2026-02-25T10:02:09.252+0000] {processor.py:208} INFO - Processing /home/ubuntu/airflow-venv/lib/python3.12/site-packages/airflow/example_dags/example_subdag_operator.py took 0.062 seconds
[2026-02-25T10:02:58.879+0000] {processor.py:186} INFO - Started process (PID=4342) to work on /home/ubuntu/airflow-venv/lib/python3.12/site-packages/airflow/example_dags/example_subdag_operator.py
[2026-02-25T10:02:58.880+0000] {processor.py:914} INFO - Processing file /home/ubuntu/airflow-venv/lib/python3.12/site-packages/airflow/example_dags/example_subdag_operator.py for tasks to queue
[2026-02-25T10:02:58.881+0000] {logging_mixin.py:190} INFO - [2026-02-25T10:02:58.881+0000] {dagbag.py:588} INFO - Filling up the DagBag from /home/ubuntu/airflow-venv/lib/python3.12/site-packages/airflow/example_dags/example_subdag_operator.py
[2026-02-25T10:02:58.896+0000] {processor.py:925} INFO - DAG(s) 'example_subdag_operator.section-1', 'example_subdag_operator.section-2', 'example_subdag_operator' retrieved from /home/ubuntu/airflow-venv/lib/python3.12/site-packages/airflow/example_dags/example_subdag_operator.py
[2026-02-25T10:02:58.905+0000] {logging_mixin.py:190} INFO - [2026-02-25T10:02:58.905+0000] {dag.py:3239} INFO - Sync 3 DAGs
[2026-02-25T10:02:58.917+0000] {logging_mixin.py:190} INFO - [2026-02-25T10:02:58.917+0000] {dag.py:4180} INFO - Setting next_dagrun for example_subdag_operator to 2022-01-01 00:00:00+00:00, run_after=2022-01-01 00:00:00+00:00
[2026-02-25T10:02:58.919+0000] {logging_mixin.py:190} INFO - [2026-02-25T10:02:58.919+0000] {dag.py:4180} INFO - Setting next_dagrun for example_subdag_operator.section-1 to None, run_after=None
[2026-02-25T10:02:58.919+0000] {logging_mixin.py:190} INFO - [2026-02-25T10:02:58.919+0000] {dag.py:4180} INFO - Setting next_dagrun for example_subdag_operator.section-2 to None, run_after=None
[2026-02-25T10:02:58.923+0000] {logging_mixin.py:190} INFO - [2026-02-25T10:02:58.923+0000] {dag.py:3239} INFO - Sync 2 DAGs
[2026-02-25T10:02:58.925+0000] {logging_mixin.py:190} INFO - [2026-02-25T10:02:58.925+0000] {dag.py:4180} INFO - Setting next_dagrun for example_subdag_operator.section-1 to None, run_after=None
[2026-02-25T10:02:58.925+0000] {logging_mixin.py:190} INFO - [2026-02-25T10:02:58.925+0000] {dag.py:4180} INFO - Setting next_dagrun for example_subdag_operator.section-2 to None, run_after=None
[2026-02-25T10:02:58.937+0000] {processor.py:208} INFO - Processing /home/ubuntu/airflow-venv/lib/python3.12/site-packages/airflow/example_dags/example_subdag_operator.py took 0.062 seconds
[2026-02-25T10:05:33.685+0000] {processor.py:186} INFO - Started process (PID=2284) to work on /home/ubuntu/airflow-venv/lib/python3.12/site-packages/airflow/example_dags/example_subdag_operator.py
[2026-02-25T10:05:33.687+0000] {processor.py:914} INFO - Processing file /home/ubuntu/airflow-venv/lib/python3.12/site-packages/airflow/example_dags/example_subdag_operator.py for tasks to queue
[2026-02-25T10:05:33.689+0000] {logging_mixin.py:190} INFO - [2026-02-25T10:05:33.688+0000] {dagbag.py:588} INFO - Filling up the DagBag from /home/ubuntu/airflow-venv/lib/python3.12/site-packages/airflow/example_dags/example_subdag_operator.py
[2026-02-25T10:05:33.703+0000] {processor.py:925} INFO - DAG(s) 'example_subdag_operator.section-1', 'example_subdag_operator.section-2', 'example_subdag_operator' retrieved from /home/ubuntu/airflow-venv/lib/python3.12/site-packages/airflow/example_dags/example_subdag_operator.py
[2026-02-25T10:05:33.713+0000] {logging_mixin.py:190} INFO - [2026-02-25T10:05:33.713+0000] {dag.py:3239} INFO - Sync 3 DAGs
[2026-02-25T10:05:33.726+0000] {logging_mixin.py:190} INFO - [2026-02-25T10:05:33.726+0000] {dag.py:4180} INFO - Setting next_dagrun for example_subdag_operator to 2022-01-01 00:00:00+00:00, run_after=2022-01-01 00:00:00+00:00
[2026-02-25T10:05:33.728+0000] {logging_mixin.py:190} INFO - [2026-02-25T10:05:33.728+0000] {dag.py:4180} INFO - Setting next_dagrun for example_subdag_operator.section-1 to None, run_after=None
[2026-02-25T10:05:33.728+0000] {logging_mixin.py:190} INFO - [2026-02-25T10:05:33.728+0000] {dag.py:4180} INFO - Setting next_dagrun for example_subdag_operator.section-2 to None, run_after=None
[2026-02-25T10:05:33.731+0000] {logging_mixin.py:190} INFO - [2026-02-25T10:05:33.731+0000] {dag.py:3239} INFO - Sync 2 DAGs
[2026-02-25T10:05:33.734+0000] {logging_mixin.py:190} INFO - [2026-02-25T10:05:33.733+0000] {dag.py:4180} INFO - Setting next_dagrun for example_subdag_operator.section-1 to None, run_after=None
[2026-02-25T10:05:33.734+0000] {logging_mixin.py:190} INFO - [2026-02-25T10:05:33.734+0000] {dag.py:4180} INFO - Setting next_dagrun for example_subdag_operator.section-2 to None, run_after=None
[2026-02-25T10:05:33.745+0000] {processor.py:208} INFO - Processing /home/ubuntu/airflow-venv/lib/python3.12/site-packages/airflow/example_dags/example_subdag_operator.py took 0.063 seconds
[2026-02-25T10:06:27.951+0000] {processor.py:186} INFO - Started process (PID=2784) to work on /home/ubuntu/airflow-venv/lib/python3.12/site-packages/airflow/example_dags/example_subdag_operator.py
[2026-02-25T10:06:27.952+0000] {processor.py:914} INFO - Processing file /home/ubuntu/airflow-venv/lib/python3.12/site-packages/airflow/example_dags/example_subdag_operator.py for tasks to queue
[2026-02-25T10:06:27.953+0000] {logging_mixin.py:190} INFO - [2026-02-25T10:06:27.953+0000] {dagbag.py:588} INFO - Filling up the DagBag from /home/ubuntu/airflow-venv/lib/python3.12/site-packages/airflow/example_dags/example_subdag_operator.py
[2026-02-25T10:06:27.967+0000] {processor.py:925} INFO - DAG(s) 'example_subdag_operator.section-1', 'example_subdag_operator.section-2', 'example_subdag_operator' retrieved from /home/ubuntu/airflow-venv/lib/python3.12/site-packages/airflow/example_dags/example_subdag_operator.py
[2026-02-25T10:06:27.975+0000] {logging_mixin.py:190} INFO - [2026-02-25T10:06:27.975+0000] {dag.py:3239} INFO - Sync 3 DAGs
[2026-02-25T10:06:27.986+0000] {logging_mixin.py:190} INFO - [2026-02-25T10:06:27.986+0000] {dag.py:4180} INFO - Setting next_dagrun for example_subdag_operator to 2022-01-01 00:00:00+00:00, run_after=2022-01-01 00:00:00+00:00
[2026-02-25T10:06:27.988+0000] {logging_mixin.py:190} INFO - [2026-02-25T10:06:27.988+0000] {dag.py:4180} INFO - Setting next_dagrun for example_subdag_operator.section-1 to None, run_after=None
[2026-02-25T10:06:27.988+0000] {logging_mixin.py:190} INFO - [2026-02-25T10:06:27.988+0000] {dag.py:4180} INFO - Setting next_dagrun for example_subdag_operator.section-2 to None, run_after=None
[2026-02-25T10:06:27.992+0000] {logging_mixin.py:190} INFO - [2026-02-25T10:06:27.992+0000] {dag.py:3239} INFO - Sync 2 DAGs
[2026-02-25T10:06:27.995+0000] {logging_mixin.py:190} INFO - [2026-02-25T10:06:27.994+0000] {dag.py:4180} INFO - Setting next_dagrun for example_subdag_operator.section-1 to None, run_after=None
[2026-02-25T10:06:27.995+0000] {logging_mixin.py:190} INFO - [2026-02-25T10:06:27.995+0000] {dag.py:4180} INFO - Setting next_dagrun for example_subdag_operator.section-2 to None, run_after=None
[2026-02-25T10:06:28.006+0000] {processor.py:208} INFO - Processing /home/ubuntu/airflow-venv/lib/python3.12/site-packages/airflow/example_dags/example_subdag_operator.py took 0.059 seconds
[2026-02-25T10:07:16.272+0000] {processor.py:186} INFO - Started process (PID=2839) to work on /home/ubuntu/airflow-venv/lib/python3.12/site-packages/airflow/example_dags/example_subdag_operator.py
[2026-02-25T10:07:16.273+0000] {processor.py:914} INFO - Processing file /home/ubuntu/airflow-venv/lib/python3.12/site-packages/airflow/example_dags/example_subdag_operator.py for tasks to queue
[2026-02-25T10:07:16.275+0000] {logging_mixin.py:190} INFO - [2026-02-25T10:07:16.274+0000] {dagbag.py:588} INFO - Filling up the DagBag from /home/ubuntu/airflow-venv/lib/python3.12/site-packages/airflow/example_dags/example_subdag_operator.py
[2026-02-25T10:07:16.288+0000] {processor.py:925} INFO - DAG(s) 'example_subdag_operator.section-1', 'example_subdag_operator.section-2', 'example_subdag_operator' retrieved from /home/ubuntu/airflow-venv/lib/python3.12/site-packages/airflow/example_dags/example_subdag_operator.py
[2026-02-25T10:07:16.296+0000] {logging_mixin.py:190} INFO - [2026-02-25T10:07:16.296+0000] {dag.py:3239} INFO - Sync 3 DAGs
[2026-02-25T10:07:16.307+0000] {logging_mixin.py:190} INFO - [2026-02-25T10:07:16.307+0000] {dag.py:4180} INFO - Setting next_dagrun for example_subdag_operator to 2022-01-01 00:00:00+00:00, run_after=2022-01-01 00:00:00+00:00
[2026-02-25T10:07:16.309+0000] {logging_mixin.py:190} INFO - [2026-02-25T10:07:16.309+0000] {dag.py:4180} INFO - Setting next_dagrun for example_subdag_operator.section-1 to None, run_after=None
[2026-02-25T10:07:16.309+0000] {logging_mixin.py:190} INFO - [2026-02-25T10:07:16.309+0000] {dag.py:4180} INFO - Setting next_dagrun for example_subdag_operator.section-2 to None, run_after=None
[2026-02-25T10:07:16.313+0000] {logging_mixin.py:190} INFO - [2026-02-25T10:07:16.313+0000] {dag.py:3239} INFO - Sync 2 DAGs
[2026-02-25T10:07:16.315+0000] {logging_mixin.py:190} INFO - [2026-02-25T10:07:16.315+0000] {dag.py:4180} INFO - Setting next_dagrun for example_subdag_operator.section-1 to None, run_after=None
[2026-02-25T10:07:16.315+0000] {logging_mixin.py:190} INFO - [2026-02-25T10:07:16.315+0000] {dag.py:4180} INFO - Setting next_dagrun for example_subdag_operator.section-2 to None, run_after=None
[2026-02-25T10:07:16.326+0000] {processor.py:208} INFO - Processing /home/ubuntu/airflow-venv/lib/python3.12/site-packages/airflow/example_dags/example_subdag_operator.py took 0.058 seconds
[2026-02-25T10:08:11.737+0000] {processor.py:186} INFO - Started process (PID=2897) to work on /home/ubuntu/airflow-venv/lib/python3.12/site-packages/airflow/example_dags/example_subdag_operator.py
[2026-02-25T10:08:11.739+0000] {processor.py:914} INFO - Processing file /home/ubuntu/airflow-venv/lib/python3.12/site-packages/airflow/example_dags/example_subdag_operator.py for tasks to queue
[2026-02-25T10:08:11.740+0000] {logging_mixin.py:190} INFO - [2026-02-25T10:08:11.740+0000] {dagbag.py:588} INFO - Filling up the DagBag from /home/ubuntu/airflow-venv/lib/python3.12/site-packages/airflow/example_dags/example_subdag_operator.py
[2026-02-25T10:08:11.753+0000] {processor.py:925} INFO - DAG(s) 'example_subdag_operator.section-1', 'example_subdag_operator.section-2', 'example_subdag_operator' retrieved from /home/ubuntu/airflow-venv/lib/python3.12/site-packages/airflow/example_dags/example_subdag_operator.py
[2026-02-25T10:08:11.762+0000] {logging_mixin.py:190} INFO - [2026-02-25T10:08:11.761+0000] {dag.py:3239} INFO - Sync 3 DAGs
[2026-02-25T10:08:11.773+0000] {logging_mixin.py:190} INFO - [2026-02-25T10:08:11.773+0000] {dag.py:4180} INFO - Setting next_dagrun for example_subdag_operator to 2022-01-01 00:00:00+00:00, run_after=2022-01-01 00:00:00+00:00
[2026-02-25T10:08:11.775+0000] {logging_mixin.py:190} INFO - [2026-02-25T10:08:11.775+0000] {dag.py:4180} INFO - Setting next_dagrun for example_subdag_operator.section-1 to None, run_after=None
[2026-02-25T10:08:11.776+0000] {logging_mixin.py:190} INFO - [2026-02-25T10:08:11.775+0000] {dag.py:4180} INFO - Setting next_dagrun for example_subdag_operator.section-2 to None, run_after=None
[2026-02-25T10:08:11.779+0000] {logging_mixin.py:190} INFO - [2026-02-25T10:08:11.779+0000] {dag.py:3239} INFO - Sync 2 DAGs
[2026-02-25T10:08:11.781+0000] {logging_mixin.py:190} INFO - [2026-02-25T10:08:11.781+0000] {dag.py:4180} INFO - Setting next_dagrun for example_subdag_operator.section-1 to None, run_after=None
[2026-02-25T10:08:11.781+0000] {logging_mixin.py:190} INFO - [2026-02-25T10:08:11.781+0000] {dag.py:4180} INFO - Setting next_dagrun for example_subdag_operator.section-2 to None, run_after=None
[2026-02-25T10:08:11.793+0000] {processor.py:208} INFO - Processing /home/ubuntu/airflow-venv/lib/python3.12/site-packages/airflow/example_dags/example_subdag_operator.py took 0.059 seconds
[2026-02-25T10:09:02.836+0000] {processor.py:186} INFO - Started process (PID=2950) to work on /home/ubuntu/airflow-venv/lib/python3.12/site-packages/airflow/example_dags/example_subdag_operator.py
[2026-02-25T10:09:02.837+0000] {processor.py:914} INFO - Processing file /home/ubuntu/airflow-venv/lib/python3.12/site-packages/airflow/example_dags/example_subdag_operator.py for tasks to queue
[2026-02-25T10:09:02.839+0000] {logging_mixin.py:190} INFO - [2026-02-25T10:09:02.838+0000] {dagbag.py:588} INFO - Filling up the DagBag from /home/ubuntu/airflow-venv/lib/python3.12/site-packages/airflow/example_dags/example_subdag_operator.py
[2026-02-25T10:09:02.852+0000] {processor.py:925} INFO - DAG(s) 'example_subdag_operator.section-1', 'example_subdag_operator.section-2', 'example_subdag_operator' retrieved from /home/ubuntu/airflow-venv/lib/python3.12/site-packages/airflow/example_dags/example_subdag_operator.py
[2026-02-25T10:09:02.860+0000] {logging_mixin.py:190} INFO - [2026-02-25T10:09:02.860+0000] {dag.py:3239} INFO - Sync 3 DAGs
[2026-02-25T10:09:02.871+0000] {logging_mixin.py:190} INFO - [2026-02-25T10:09:02.871+0000] {dag.py:4180} INFO - Setting next_dagrun for example_subdag_operator to 2022-01-01 00:00:00+00:00, run_after=2022-01-01 00:00:00+00:00
[2026-02-25T10:09:02.873+0000] {logging_mixin.py:190} INFO - [2026-02-25T10:09:02.873+0000] {dag.py:4180} INFO - Setting next_dagrun for example_subdag_operator.section-1 to None, run_after=None
[2026-02-25T10:09:02.874+0000] {logging_mixin.py:190} INFO - [2026-02-25T10:09:02.874+0000] {dag.py:4180} INFO - Setting next_dagrun for example_subdag_operator.section-2 to None, run_after=None
[2026-02-25T10:09:02.877+0000] {logging_mixin.py:190} INFO - [2026-02-25T10:09:02.877+0000] {dag.py:3239} INFO - Sync 2 DAGs
[2026-02-25T10:09:02.879+0000] {logging_mixin.py:190} INFO - [2026-02-25T10:09:02.879+0000] {dag.py:4180} INFO - Setting next_dagrun for example_subdag_operator.section-1 to None, run_after=None
[2026-02-25T10:09:02.879+0000] {logging_mixin.py:190} INFO - [2026-02-25T10:09:02.879+0000] {dag.py:4180} INFO - Setting next_dagrun for example_subdag_operator.section-2 to None, run_after=None
[2026-02-25T10:09:02.891+0000] {processor.py:208} INFO - Processing /home/ubuntu/airflow-venv/lib/python3.12/site-packages/airflow/example_dags/example_subdag_operator.py took 0.058 seconds
[2026-02-25T10:09:53.293+0000] {processor.py:186} INFO - Started process (PID=3009) to work on /home/ubuntu/airflow-venv/lib/python3.12/site-packages/airflow/example_dags/example_subdag_operator.py
[2026-02-25T10:09:53.294+0000] {processor.py:914} INFO - Processing file /home/ubuntu/airflow-venv/lib/python3.12/site-packages/airflow/example_dags/example_subdag_operator.py for tasks to queue
[2026-02-25T10:09:53.296+0000] {logging_mixin.py:190} INFO - [2026-02-25T10:09:53.295+0000] {dagbag.py:588} INFO - Filling up the DagBag from /home/ubuntu/airflow-venv/lib/python3.12/site-packages/airflow/example_dags/example_subdag_operator.py
[2026-02-25T10:09:53.309+0000] {processor.py:925} INFO - DAG(s) 'example_subdag_operator.section-1', 'example_subdag_operator.section-2', 'example_subdag_operator' retrieved from /home/ubuntu/airflow-venv/lib/python3.12/site-packages/airflow/example_dags/example_subdag_operator.py
[2026-02-25T10:09:53.317+0000] {logging_mixin.py:190} INFO - [2026-02-25T10:09:53.317+0000] {dag.py:3239} INFO - Sync 3 DAGs
[2026-02-25T10:09:53.329+0000] {logging_mixin.py:190} INFO - [2026-02-25T10:09:53.329+0000] {dag.py:4180} INFO - Setting next_dagrun for example_subdag_operator to 2022-01-01 00:00:00+00:00, run_after=2022-01-01 00:00:00+00:00
[2026-02-25T10:09:53.331+0000] {logging_mixin.py:190} INFO - [2026-02-25T10:09:53.331+0000] {dag.py:4180} INFO - Setting next_dagrun for example_subdag_operator.section-1 to None, run_after=None
[2026-02-25T10:09:53.331+0000] {logging_mixin.py:190} INFO - [2026-02-25T10:09:53.331+0000] {dag.py:4180} INFO - Setting next_dagrun for example_subdag_operator.section-2 to None, run_after=None
[2026-02-25T10:09:53.335+0000] {logging_mixin.py:190} INFO - [2026-02-25T10:09:53.335+0000] {dag.py:3239} INFO - Sync 2 DAGs
[2026-02-25T10:09:53.337+0000] {logging_mixin.py:190} INFO - [2026-02-25T10:09:53.337+0000] {dag.py:4180} INFO - Setting next_dagrun for example_subdag_operator.section-1 to None, run_after=None
[2026-02-25T10:09:53.337+0000] {logging_mixin.py:190} INFO - [2026-02-25T10:09:53.337+0000] {dag.py:4180} INFO - Setting next_dagrun for example_subdag_operator.section-2 to None, run_after=None
[2026-02-25T10:09:53.348+0000] {processor.py:208} INFO - Processing /home/ubuntu/airflow-venv/lib/python3.12/site-packages/airflow/example_dags/example_subdag_operator.py took 0.059 seconds
[2026-02-25T10:10:42.348+0000] {processor.py:186} INFO - Started process (PID=3066) to work on /home/ubuntu/airflow-venv/lib/python3.12/site-packages/airflow/example_dags/example_subdag_operator.py
[2026-02-25T10:10:42.350+0000] {processor.py:914} INFO - Processing file /home/ubuntu/airflow-venv/lib/python3.12/site-packages/airflow/example_dags/example_subdag_operator.py for tasks to queue
[2026-02-25T10:10:42.351+0000] {logging_mixin.py:190} INFO - [2026-02-25T10:10:42.351+0000] {dagbag.py:588} INFO - Filling up the DagBag from /home/ubuntu/airflow-venv/lib/python3.12/site-packages/airflow/example_dags/example_subdag_operator.py
[2026-02-25T10:10:42.364+0000] {processor.py:925} INFO - DAG(s) 'example_subdag_operator.section-1', 'example_subdag_operator.section-2', 'example_subdag_operator' retrieved from /home/ubuntu/airflow-venv/lib/python3.12/site-packages/airflow/example_dags/example_subdag_operator.py
[2026-02-25T10:10:42.373+0000] {logging_mixin.py:190} INFO - [2026-02-25T10:10:42.372+0000] {dag.py:3239} INFO - Sync 3 DAGs
[2026-02-25T10:10:42.384+0000] {logging_mixin.py:190} INFO - [2026-02-25T10:10:42.383+0000] {dag.py:4180} INFO - Setting next_dagrun for example_subdag_operator to 2022-01-01 00:00:00+00:00, run_after=2022-01-01 00:00:00+00:00
[2026-02-25T10:10:42.385+0000] {logging_mixin.py:190} INFO - [2026-02-25T10:10:42.385+0000] {dag.py:4180} INFO - Setting next_dagrun for example_subdag_operator.section-1 to None, run_after=None
[2026-02-25T10:10:42.386+0000] {logging_mixin.py:190} INFO - [2026-02-25T10:10:42.386+0000] {dag.py:4180} INFO - Setting next_dagrun for example_subdag_operator.section-2 to None, run_after=None
[2026-02-25T10:10:42.389+0000] {logging_mixin.py:190} INFO - [2026-02-25T10:10:42.389+0000] {dag.py:3239} INFO - Sync 2 DAGs
[2026-02-25T10:10:42.391+0000] {logging_mixin.py:190} INFO - [2026-02-25T10:10:42.391+0000] {dag.py:4180} INFO - Setting next_dagrun for example_subdag_operator.section-1 to None, run_after=None
[2026-02-25T10:10:42.391+0000] {logging_mixin.py:190} INFO - [2026-02-25T10:10:42.391+0000] {dag.py:4180} INFO - Setting next_dagrun for example_subdag_operator.section-2 to None, run_after=None
[2026-02-25T10:10:42.404+0000] {processor.py:208} INFO - Processing /home/ubuntu/airflow-venv/lib/python3.12/site-packages/airflow/example_dags/example_subdag_operator.py took 0.059 seconds
[2026-02-25T10:11:34.282+0000] {processor.py:186} INFO - Started process (PID=3120) to work on /home/ubuntu/airflow-venv/lib/python3.12/site-packages/airflow/example_dags/example_subdag_operator.py
[2026-02-25T10:11:34.283+0000] {processor.py:914} INFO - Processing file /home/ubuntu/airflow-venv/lib/python3.12/site-packages/airflow/example_dags/example_subdag_operator.py for tasks to queue
[2026-02-25T10:11:34.285+0000] {logging_mixin.py:190} INFO - [2026-02-25T10:11:34.284+0000] {dagbag.py:588} INFO - Filling up the DagBag from /home/ubuntu/airflow-venv/lib/python3.12/site-packages/airflow/example_dags/example_subdag_operator.py
[2026-02-25T10:11:34.298+0000] {processor.py:925} INFO - DAG(s) 'example_subdag_operator.section-1', 'example_subdag_operator.section-2', 'example_subdag_operator' retrieved from /home/ubuntu/airflow-venv/lib/python3.12/site-packages/airflow/example_dags/example_subdag_operator.py
[2026-02-25T10:11:34.306+0000] {logging_mixin.py:190} INFO - [2026-02-25T10:11:34.306+0000] {dag.py:3239} INFO - Sync 3 DAGs
[2026-02-25T10:11:34.385+0000] {logging_mixin.py:190} INFO - [2026-02-25T10:11:34.385+0000] {dag.py:4180} INFO - Setting next_dagrun for example_subdag_operator to 2022-01-01 00:00:00+00:00, run_after=2022-01-01 00:00:00+00:00
[2026-02-25T10:11:34.387+0000] {logging_mixin.py:190} INFO - [2026-02-25T10:11:34.387+0000] {dag.py:4180} INFO - Setting next_dagrun for example_subdag_operator.section-1 to None, run_after=None
[2026-02-25T10:11:34.387+0000] {logging_mixin.py:190} INFO - [2026-02-25T10:11:34.387+0000] {dag.py:4180} INFO - Setting next_dagrun for example_subdag_operator.section-2 to None, run_after=None
[2026-02-25T10:11:34.390+0000] {logging_mixin.py:190} INFO - [2026-02-25T10:11:34.390+0000] {dag.py:3239} INFO - Sync 2 DAGs
[2026-02-25T10:11:34.392+0000] {logging_mixin.py:190} INFO - [2026-02-25T10:11:34.392+0000] {dag.py:4180} INFO - Setting next_dagrun for example_subdag_operator.section-1 to None, run_after=None
[2026-02-25T10:11:34.393+0000] {logging_mixin.py:190} INFO - [2026-02-25T10:11:34.393+0000] {dag.py:4180} INFO - Setting next_dagrun for example_subdag_operator.section-2 to None, run_after=None
[2026-02-25T10:11:34.404+0000] {processor.py:208} INFO - Processing /home/ubuntu/airflow-venv/lib/python3.12/site-packages/airflow/example_dags/example_subdag_operator.py took 0.125 seconds
[2026-02-25T10:12:27.831+0000] {processor.py:186} INFO - Started process (PID=3173) to work on /home/ubuntu/airflow-venv/lib/python3.12/site-packages/airflow/example_dags/example_subdag_operator.py
[2026-02-25T10:12:27.833+0000] {processor.py:914} INFO - Processing file /home/ubuntu/airflow-venv/lib/python3.12/site-packages/airflow/example_dags/example_subdag_operator.py for tasks to queue
[2026-02-25T10:12:27.834+0000] {logging_mixin.py:190} INFO - [2026-02-25T10:12:27.834+0000] {dagbag.py:588} INFO - Filling up the DagBag from /home/ubuntu/airflow-venv/lib/python3.12/site-packages/airflow/example_dags/example_subdag_operator.py
[2026-02-25T10:12:27.848+0000] {processor.py:925} INFO - DAG(s) 'example_subdag_operator.section-1', 'example_subdag_operator.section-2', 'example_subdag_operator' retrieved from /home/ubuntu/airflow-venv/lib/python3.12/site-packages/airflow/example_dags/example_subdag_operator.py
[2026-02-25T10:12:27.856+0000] {logging_mixin.py:190} INFO - [2026-02-25T10:12:27.856+0000] {dag.py:3239} INFO - Sync 3 DAGs
[2026-02-25T10:12:27.868+0000] {logging_mixin.py:190} INFO - [2026-02-25T10:12:27.868+0000] {dag.py:4180} INFO - Setting next_dagrun for example_subdag_operator to 2022-01-01 00:00:00+00:00, run_after=2022-01-01 00:00:00+00:00
[2026-02-25T10:12:27.870+0000] {logging_mixin.py:190} INFO - [2026-02-25T10:12:27.870+0000] {dag.py:4180} INFO - Setting next_dagrun for example_subdag_operator.section-1 to None, run_after=None
[2026-02-25T10:12:27.871+0000] {logging_mixin.py:190} INFO - [2026-02-25T10:12:27.871+0000] {dag.py:4180} INFO - Setting next_dagrun for example_subdag_operator.section-2 to None, run_after=None
[2026-02-25T10:12:27.874+0000] {logging_mixin.py:190} INFO - [2026-02-25T10:12:27.874+0000] {dag.py:3239} INFO - Sync 2 DAGs
[2026-02-25T10:12:27.877+0000] {logging_mixin.py:190} INFO - [2026-02-25T10:12:27.876+0000] {dag.py:4180} INFO - Setting next_dagrun for example_subdag_operator.section-1 to None, run_after=None
[2026-02-25T10:12:27.877+0000] {logging_mixin.py:190} INFO - [2026-02-25T10:12:27.877+0000] {dag.py:4180} INFO - Setting next_dagrun for example_subdag_operator.section-2 to None, run_after=None
[2026-02-25T10:12:27.888+0000] {processor.py:208} INFO - Processing /home/ubuntu/airflow-venv/lib/python3.12/site-packages/airflow/example_dags/example_subdag_operator.py took 0.060 seconds
[2026-02-25T10:13:18.298+0000] {processor.py:186} INFO - Started process (PID=3227) to work on /home/ubuntu/airflow-venv/lib/python3.12/site-packages/airflow/example_dags/example_subdag_operator.py
[2026-02-25T10:13:18.299+0000] {processor.py:914} INFO - Processing file /home/ubuntu/airflow-venv/lib/python3.12/site-packages/airflow/example_dags/example_subdag_operator.py for tasks to queue
[2026-02-25T10:13:18.301+0000] {logging_mixin.py:190} INFO - [2026-02-25T10:13:18.300+0000] {dagbag.py:588} INFO - Filling up the DagBag from /home/ubuntu/airflow-venv/lib/python3.12/site-packages/airflow/example_dags/example_subdag_operator.py
[2026-02-25T10:13:18.315+0000] {processor.py:925} INFO - DAG(s) 'example_subdag_operator.section-1', 'example_subdag_operator.section-2', 'example_subdag_operator' retrieved from /home/ubuntu/airflow-venv/lib/python3.12/site-packages/airflow/example_dags/example_subdag_operator.py
[2026-02-25T10:13:18.323+0000] {logging_mixin.py:190} INFO - [2026-02-25T10:13:18.323+0000] {dag.py:3239} INFO - Sync 3 DAGs
[2026-02-25T10:13:18.335+0000] {logging_mixin.py:190} INFO - [2026-02-25T10:13:18.334+0000] {dag.py:4180} INFO - Setting next_dagrun for example_subdag_operator to 2022-01-01 00:00:00+00:00, run_after=2022-01-01 00:00:00+00:00
[2026-02-25T10:13:18.336+0000] {logging_mixin.py:190} INFO - [2026-02-25T10:13:18.336+0000] {dag.py:4180} INFO - Setting next_dagrun for example_subdag_operator.section-1 to None, run_after=None
[2026-02-25T10:13:18.337+0000] {logging_mixin.py:190} INFO - [2026-02-25T10:13:18.337+0000] {dag.py:4180} INFO - Setting next_dagrun for example_subdag_operator.section-2 to None, run_after=None
[2026-02-25T10:13:18.340+0000] {logging_mixin.py:190} INFO - [2026-02-25T10:13:18.340+0000] {dag.py:3239} INFO - Sync 2 DAGs
[2026-02-25T10:13:18.342+0000] {logging_mixin.py:190} INFO - [2026-02-25T10:13:18.342+0000] {dag.py:4180} INFO - Setting next_dagrun for example_subdag_operator.section-1 to None, run_after=None
[2026-02-25T10:13:18.343+0000] {logging_mixin.py:190} INFO - [2026-02-25T10:13:18.343+0000] {dag.py:4180} INFO - Setting next_dagrun for example_subdag_operator.section-2 to None, run_after=None
[2026-02-25T10:13:18.354+0000] {processor.py:208} INFO - Processing /home/ubuntu/airflow-venv/lib/python3.12/site-packages/airflow/example_dags/example_subdag_operator.py took 0.060 seconds
[2026-02-25T10:14:06.004+0000] {processor.py:186} INFO - Started process (PID=3278) to work on /home/ubuntu/airflow-venv/lib/python3.12/site-packages/airflow/example_dags/example_subdag_operator.py
[2026-02-25T10:14:06.005+0000] {processor.py:914} INFO - Processing file /home/ubuntu/airflow-venv/lib/python3.12/site-packages/airflow/example_dags/example_subdag_operator.py for tasks to queue
[2026-02-25T10:14:06.007+0000] {logging_mixin.py:190} INFO - [2026-02-25T10:14:06.006+0000] {dagbag.py:588} INFO - Filling up the DagBag from /home/ubuntu/airflow-venv/lib/python3.12/site-packages/airflow/example_dags/example_subdag_operator.py
[2026-02-25T10:14:06.021+0000] {processor.py:925} INFO - DAG(s) 'example_subdag_operator.section-1', 'example_subdag_operator.section-2', 'example_subdag_operator' retrieved from /home/ubuntu/airflow-venv/lib/python3.12/site-packages/airflow/example_dags/example_subdag_operator.py
[2026-02-25T10:14:06.029+0000] {logging_mixin.py:190} INFO - [2026-02-25T10:14:06.029+0000] {dag.py:3239} INFO - Sync 3 DAGs
[2026-02-25T10:14:06.041+0000] {logging_mixin.py:190} INFO - [2026-02-25T10:14:06.041+0000] {dag.py:4180} INFO - Setting next_dagrun for example_subdag_operator to 2022-01-01 00:00:00+00:00, run_after=2022-01-01 00:00:00+00:00
[2026-02-25T10:14:06.043+0000] {logging_mixin.py:190} INFO - [2026-02-25T10:14:06.043+0000] {dag.py:4180} INFO - Setting next_dagrun for example_subdag_operator.section-1 to None, run_after=None
[2026-02-25T10:14:06.044+0000] {logging_mixin.py:190} INFO - [2026-02-25T10:14:06.044+0000] {dag.py:4180} INFO - Setting next_dagrun for example_subdag_operator.section-2 to None, run_after=None
[2026-02-25T10:14:06.047+0000] {logging_mixin.py:190} INFO - [2026-02-25T10:14:06.047+0000] {dag.py:3239} INFO - Sync 2 DAGs
[2026-02-25T10:14:06.049+0000] {logging_mixin.py:190} INFO - [2026-02-25T10:14:06.049+0000] {dag.py:4180} INFO - Setting next_dagrun for example_subdag_operator.section-1 to None, run_after=None
[2026-02-25T10:14:06.050+0000] {logging_mixin.py:190} INFO - [2026-02-25T10:14:06.050+0000] {dag.py:4180} INFO - Setting next_dagrun for example_subdag_operator.section-2 to None, run_after=None
[2026-02-25T10:14:06.061+0000] {processor.py:208} INFO - Processing /home/ubuntu/airflow-venv/lib/python3.12/site-packages/airflow/example_dags/example_subdag_operator.py took 0.060 seconds
[2026-02-25T10:14:55.364+0000] {processor.py:186} INFO - Started process (PID=3334) to work on /home/ubuntu/airflow-venv/lib/python3.12/site-packages/airflow/example_dags/example_subdag_operator.py
[2026-02-25T10:14:55.365+0000] {processor.py:914} INFO - Processing file /home/ubuntu/airflow-venv/lib/python3.12/site-packages/airflow/example_dags/example_subdag_operator.py for tasks to queue
[2026-02-25T10:14:55.366+0000] {logging_mixin.py:190} INFO - [2026-02-25T10:14:55.366+0000] {dagbag.py:588} INFO - Filling up the DagBag from /home/ubuntu/airflow-venv/lib/python3.12/site-packages/airflow/example_dags/example_subdag_operator.py
[2026-02-25T10:14:55.380+0000] {processor.py:925} INFO - DAG(s) 'example_subdag_operator.section-1', 'example_subdag_operator.section-2', 'example_subdag_operator' retrieved from /home/ubuntu/airflow-venv/lib/python3.12/site-packages/airflow/example_dags/example_subdag_operator.py
[2026-02-25T10:14:55.389+0000] {logging_mixin.py:190} INFO - [2026-02-25T10:14:55.388+0000] {dag.py:3239} INFO - Sync 3 DAGs
[2026-02-25T10:14:55.400+0000] {logging_mixin.py:190} INFO - [2026-02-25T10:14:55.400+0000] {dag.py:4180} INFO - Setting next_dagrun for example_subdag_operator to 2022-01-01 00:00:00+00:00, run_after=2022-01-01 00:00:00+00:00
[2026-02-25T10:14:55.402+0000] {logging_mixin.py:190} INFO - [2026-02-25T10:14:55.402+0000] {dag.py:4180} INFO - Setting next_dagrun for example_subdag_operator.section-1 to None, run_after=None
[2026-02-25T10:14:55.402+0000] {logging_mixin.py:190} INFO - [2026-02-25T10:14:55.402+0000] {dag.py:4180} INFO - Setting next_dagrun for example_subdag_operator.section-2 to None, run_after=None
[2026-02-25T10:14:55.406+0000] {logging_mixin.py:190} INFO - [2026-02-25T10:14:55.406+0000] {dag.py:3239} INFO - Sync 2 DAGs
[2026-02-25T10:14:55.409+0000] {logging_mixin.py:190} INFO - [2026-02-25T10:14:55.409+0000] {dag.py:4180} INFO - Setting next_dagrun for example_subdag_operator.section-1 to None, run_after=None
[2026-02-25T10:14:55.409+0000] {logging_mixin.py:190} INFO - [2026-02-25T10:14:55.409+0000] {dag.py:4180} INFO - Setting next_dagrun for example_subdag_operator.section-2 to None, run_after=None
[2026-02-25T10:14:55.421+0000] {processor.py:208} INFO - Processing /home/ubuntu/airflow-venv/lib/python3.12/site-packages/airflow/example_dags/example_subdag_operator.py took 0.061 seconds
[2026-02-25T10:15:44.776+0000] {processor.py:186} INFO - Started process (PID=3391) to work on /home/ubuntu/airflow-venv/lib/python3.12/site-packages/airflow/example_dags/example_subdag_operator.py
[2026-02-25T10:15:44.777+0000] {processor.py:914} INFO - Processing file /home/ubuntu/airflow-venv/lib/python3.12/site-packages/airflow/example_dags/example_subdag_operator.py for tasks to queue
[2026-02-25T10:15:44.779+0000] {logging_mixin.py:190} INFO - [2026-02-25T10:15:44.778+0000] {dagbag.py:588} INFO - Filling up the DagBag from /home/ubuntu/airflow-venv/lib/python3.12/site-packages/airflow/example_dags/example_subdag_operator.py
[2026-02-25T10:15:44.792+0000] {processor.py:925} INFO - DAG(s) 'example_subdag_operator.section-1', 'example_subdag_operator.section-2', 'example_subdag_operator' retrieved from /home/ubuntu/airflow-venv/lib/python3.12/site-packages/airflow/example_dags/example_subdag_operator.py
[2026-02-25T10:15:44.801+0000] {logging_mixin.py:190} INFO - [2026-02-25T10:15:44.801+0000] {dag.py:3239} INFO - Sync 3 DAGs
[2026-02-25T10:15:44.812+0000] {logging_mixin.py:190} INFO - [2026-02-25T10:15:44.812+0000] {dag.py:4180} INFO - Setting next_dagrun for example_subdag_operator to 2022-01-01 00:00:00+00:00, run_after=2022-01-01 00:00:00+00:00
[2026-02-25T10:15:44.814+0000] {logging_mixin.py:190} INFO - [2026-02-25T10:15:44.814+0000] {dag.py:4180} INFO - Setting next_dagrun for example_subdag_operator.section-1 to None, run_after=None
[2026-02-25T10:15:44.815+0000] {logging_mixin.py:190} INFO - [2026-02-25T10:15:44.815+0000] {dag.py:4180} INFO - Setting next_dagrun for example_subdag_operator.section-2 to None, run_after=None
[2026-02-25T10:15:44.818+0000] {logging_mixin.py:190} INFO - [2026-02-25T10:15:44.818+0000] {dag.py:3239} INFO - Sync 2 DAGs
[2026-02-25T10:15:44.820+0000] {logging_mixin.py:190} INFO - [2026-02-25T10:15:44.820+0000] {dag.py:4180} INFO - Setting next_dagrun for example_subdag_operator.section-1 to None, run_after=None
[2026-02-25T10:15:44.820+0000] {logging_mixin.py:190} INFO - [2026-02-25T10:15:44.820+0000] {dag.py:4180} INFO - Setting next_dagrun for example_subdag_operator.section-2 to None, run_after=None
[2026-02-25T10:15:44.832+0000] {processor.py:208} INFO - Processing /home/ubuntu/airflow-venv/lib/python3.12/site-packages/airflow/example_dags/example_subdag_operator.py took 0.059 seconds
[2026-02-25T10:16:34.260+0000] {processor.py:186} INFO - Started process (PID=3448) to work on /home/ubuntu/airflow-venv/lib/python3.12/site-packages/airflow/example_dags/example_subdag_operator.py
[2026-02-25T10:16:34.261+0000] {processor.py:914} INFO - Processing file /home/ubuntu/airflow-venv/lib/python3.12/site-packages/airflow/example_dags/example_subdag_operator.py for tasks to queue
[2026-02-25T10:16:34.263+0000] {logging_mixin.py:190} INFO - [2026-02-25T10:16:34.262+0000] {dagbag.py:588} INFO - Filling up the DagBag from /home/ubuntu/airflow-venv/lib/python3.12/site-packages/airflow/example_dags/example_subdag_operator.py
[2026-02-25T10:16:34.276+0000] {processor.py:925} INFO - DAG(s) 'example_subdag_operator.section-1', 'example_subdag_operator.section-2', 'example_subdag_operator' retrieved from /home/ubuntu/airflow-venv/lib/python3.12/site-packages/airflow/example_dags/example_subdag_operator.py
[2026-02-25T10:16:34.285+0000] {logging_mixin.py:190} INFO - [2026-02-25T10:16:34.284+0000] {dag.py:3239} INFO - Sync 3 DAGs
[2026-02-25T10:16:34.296+0000] {logging_mixin.py:190} INFO - [2026-02-25T10:16:34.296+0000] {dag.py:4180} INFO - Setting next_dagrun for example_subdag_operator to 2022-01-01 00:00:00+00:00, run_after=2022-01-01 00:00:00+00:00
[2026-02-25T10:16:34.298+0000] {logging_mixin.py:190} INFO - [2026-02-25T10:16:34.298+0000] {dag.py:4180} INFO - Setting next_dagrun for example_subdag_operator.section-1 to None, run_after=None
[2026-02-25T10:16:34.299+0000] {logging_mixin.py:190} INFO - [2026-02-25T10:16:34.299+0000] {dag.py:4180} INFO - Setting next_dagrun for example_subdag_operator.section-2 to None, run_after=None
[2026-02-25T10:16:34.302+0000] {logging_mixin.py:190} INFO - [2026-02-25T10:16:34.302+0000] {dag.py:3239} INFO - Sync 2 DAGs
[2026-02-25T10:16:34.304+0000] {logging_mixin.py:190} INFO - [2026-02-25T10:16:34.304+0000] {dag.py:4180} INFO - Setting next_dagrun for example_subdag_operator.section-1 to None, run_after=None
[2026-02-25T10:16:34.304+0000] {logging_mixin.py:190} INFO - [2026-02-25T10:16:34.304+0000] {dag.py:4180} INFO - Setting next_dagrun for example_subdag_operator.section-2 to None, run_after=None
[2026-02-25T10:16:34.316+0000] {processor.py:208} INFO - Processing /home/ubuntu/airflow-venv/lib/python3.12/site-packages/airflow/example_dags/example_subdag_operator.py took 0.059 seconds
[2026-02-25T10:17:27.170+0000] {processor.py:186} INFO - Started process (PID=3505) to work on /home/ubuntu/airflow-venv/lib/python3.12/site-packages/airflow/example_dags/example_subdag_operator.py
[2026-02-25T10:17:27.171+0000] {processor.py:914} INFO - Processing file /home/ubuntu/airflow-venv/lib/python3.12/site-packages/airflow/example_dags/example_subdag_operator.py for tasks to queue
[2026-02-25T10:17:27.172+0000] {logging_mixin.py:190} INFO - [2026-02-25T10:17:27.172+0000] {dagbag.py:588} INFO - Filling up the DagBag from /home/ubuntu/airflow-venv/lib/python3.12/site-packages/airflow/example_dags/example_subdag_operator.py
[2026-02-25T10:17:27.186+0000] {processor.py:925} INFO - DAG(s) 'example_subdag_operator.section-1', 'example_subdag_operator.section-2', 'example_subdag_operator' retrieved from /home/ubuntu/airflow-venv/lib/python3.12/site-packages/airflow/example_dags/example_subdag_operator.py
[2026-02-25T10:17:27.195+0000] {logging_mixin.py:190} INFO - [2026-02-25T10:17:27.195+0000] {dag.py:3239} INFO - Sync 3 DAGs
[2026-02-25T10:17:27.206+0000] {logging_mixin.py:190} INFO - [2026-02-25T10:17:27.206+0000] {dag.py:4180} INFO - Setting next_dagrun for example_subdag_operator to 2022-01-01 00:00:00+00:00, run_after=2022-01-01 00:00:00+00:00
[2026-02-25T10:17:27.208+0000] {logging_mixin.py:190} INFO - [2026-02-25T10:17:27.208+0000] {dag.py:4180} INFO - Setting next_dagrun for example_subdag_operator.section-1 to None, run_after=None
[2026-02-25T10:17:27.209+0000] {logging_mixin.py:190} INFO - [2026-02-25T10:17:27.209+0000] {dag.py:4180} INFO - Setting next_dagrun for example_subdag_operator.section-2 to None, run_after=None
[2026-02-25T10:17:27.212+0000] {logging_mixin.py:190} INFO - [2026-02-25T10:17:27.212+0000] {dag.py:3239} INFO - Sync 2 DAGs
[2026-02-25T10:17:27.214+0000] {logging_mixin.py:190} INFO - [2026-02-25T10:17:27.214+0000] {dag.py:4180} INFO - Setting next_dagrun for example_subdag_operator.section-1 to None, run_after=None
[2026-02-25T10:17:27.214+0000] {logging_mixin.py:190} INFO - [2026-02-25T10:17:27.214+0000] {dag.py:4180} INFO - Setting next_dagrun for example_subdag_operator.section-2 to None, run_after=None
[2026-02-25T10:17:27.226+0000] {processor.py:208} INFO - Processing /home/ubuntu/airflow-venv/lib/python3.12/site-packages/airflow/example_dags/example_subdag_operator.py took 0.060 seconds
[2026-02-25T10:18:16.673+0000] {processor.py:186} INFO - Started process (PID=3557) to work on /home/ubuntu/airflow-venv/lib/python3.12/site-packages/airflow/example_dags/example_subdag_operator.py
[2026-02-25T10:18:16.674+0000] {processor.py:914} INFO - Processing file /home/ubuntu/airflow-venv/lib/python3.12/site-packages/airflow/example_dags/example_subdag_operator.py for tasks to queue
[2026-02-25T10:18:16.676+0000] {logging_mixin.py:190} INFO - [2026-02-25T10:18:16.675+0000] {dagbag.py:588} INFO - Filling up the DagBag from /home/ubuntu/airflow-venv/lib/python3.12/site-packages/airflow/example_dags/example_subdag_operator.py
[2026-02-25T10:18:16.690+0000] {processor.py:925} INFO - DAG(s) 'example_subdag_operator.section-1', 'example_subdag_operator.section-2', 'example_subdag_operator' retrieved from /home/ubuntu/airflow-venv/lib/python3.12/site-packages/airflow/example_dags/example_subdag_operator.py
[2026-02-25T10:18:16.698+0000] {logging_mixin.py:190} INFO - [2026-02-25T10:18:16.698+0000] {dag.py:3239} INFO - Sync 3 DAGs
[2026-02-25T10:18:16.710+0000] {logging_mixin.py:190} INFO - [2026-02-25T10:18:16.710+0000] {dag.py:4180} INFO - Setting next_dagrun for example_subdag_operator to 2022-01-01 00:00:00+00:00, run_after=2022-01-01 00:00:00+00:00
[2026-02-25T10:18:16.712+0000] {logging_mixin.py:190} INFO - [2026-02-25T10:18:16.712+0000] {dag.py:4180} INFO - Setting next_dagrun for example_subdag_operator.section-1 to None, run_after=None
[2026-02-25T10:18:16.713+0000] {logging_mixin.py:190} INFO - [2026-02-25T10:18:16.713+0000] {dag.py:4180} INFO - Setting next_dagrun for example_subdag_operator.section-2 to None, run_after=None
[2026-02-25T10:18:16.716+0000] {logging_mixin.py:190} INFO - [2026-02-25T10:18:16.716+0000] {dag.py:3239} INFO - Sync 2 DAGs
[2026-02-25T10:18:16.718+0000] {logging_mixin.py:190} INFO - [2026-02-25T10:18:16.718+0000] {dag.py:4180} INFO - Setting next_dagrun for example_subdag_operator.section-1 to None, run_after=None
[2026-02-25T10:18:16.718+0000] {logging_mixin.py:190} INFO - [2026-02-25T10:18:16.718+0000] {dag.py:4180} INFO - Setting next_dagrun for example_subdag_operator.section-2 to None, run_after=None
[2026-02-25T10:18:16.730+0000] {processor.py:208} INFO - Processing /home/ubuntu/airflow-venv/lib/python3.12/site-packages/airflow/example_dags/example_subdag_operator.py took 0.060 seconds
[2026-02-25T10:19:08.198+0000] {processor.py:186} INFO - Started process (PID=3610) to work on /home/ubuntu/airflow-venv/lib/python3.12/site-packages/airflow/example_dags/example_subdag_operator.py
[2026-02-25T10:19:08.200+0000] {processor.py:914} INFO - Processing file /home/ubuntu/airflow-venv/lib/python3.12/site-packages/airflow/example_dags/example_subdag_operator.py for tasks to queue
[2026-02-25T10:19:08.201+0000] {logging_mixin.py:190} INFO - [2026-02-25T10:19:08.201+0000] {dagbag.py:588} INFO - Filling up the DagBag from /home/ubuntu/airflow-venv/lib/python3.12/site-packages/airflow/example_dags/example_subdag_operator.py
[2026-02-25T10:19:08.215+0000] {processor.py:925} INFO - DAG(s) 'example_subdag_operator.section-1', 'example_subdag_operator.section-2', 'example_subdag_operator' retrieved from /home/ubuntu/airflow-venv/lib/python3.12/site-packages/airflow/example_dags/example_subdag_operator.py
[2026-02-25T10:19:08.223+0000] {logging_mixin.py:190} INFO - [2026-02-25T10:19:08.223+0000] {dag.py:3239} INFO - Sync 3 DAGs
[2026-02-25T10:19:08.234+0000] {logging_mixin.py:190} INFO - [2026-02-25T10:19:08.234+0000] {dag.py:4180} INFO - Setting next_dagrun for example_subdag_operator to 2022-01-01 00:00:00+00:00, run_after=2022-01-01 00:00:00+00:00
[2026-02-25T10:19:08.236+0000] {logging_mixin.py:190} INFO - [2026-02-25T10:19:08.236+0000] {dag.py:4180} INFO - Setting next_dagrun for example_subdag_operator.section-1 to None, run_after=None
[2026-02-25T10:19:08.237+0000] {logging_mixin.py:190} INFO - [2026-02-25T10:19:08.237+0000] {dag.py:4180} INFO - Setting next_dagrun for example_subdag_operator.section-2 to None, run_after=None
[2026-02-25T10:19:08.240+0000] {logging_mixin.py:190} INFO - [2026-02-25T10:19:08.240+0000] {dag.py:3239} INFO - Sync 2 DAGs
[2026-02-25T10:19:08.242+0000] {logging_mixin.py:190} INFO - [2026-02-25T10:19:08.242+0000] {dag.py:4180} INFO - Setting next_dagrun for example_subdag_operator.section-1 to None, run_after=None
[2026-02-25T10:19:08.242+0000] {logging_mixin.py:190} INFO - [2026-02-25T10:19:08.242+0000] {dag.py:4180} INFO - Setting next_dagrun for example_subdag_operator.section-2 to None, run_after=None
[2026-02-25T10:19:08.254+0000] {processor.py:208} INFO - Processing /home/ubuntu/airflow-venv/lib/python3.12/site-packages/airflow/example_dags/example_subdag_operator.py took 0.059 seconds
[2026-02-25T10:19:59.089+0000] {processor.py:186} INFO - Started process (PID=3666) to work on /home/ubuntu/airflow-venv/lib/python3.12/site-packages/airflow/example_dags/example_subdag_operator.py
[2026-02-25T10:19:59.090+0000] {processor.py:914} INFO - Processing file /home/ubuntu/airflow-venv/lib/python3.12/site-packages/airflow/example_dags/example_subdag_operator.py for tasks to queue
[2026-02-25T10:19:59.091+0000] {logging_mixin.py:190} INFO - [2026-02-25T10:19:59.091+0000] {dagbag.py:588} INFO - Filling up the DagBag from /home/ubuntu/airflow-venv/lib/python3.12/site-packages/airflow/example_dags/example_subdag_operator.py
[2026-02-25T10:19:59.106+0000] {processor.py:925} INFO - DAG(s) 'example_subdag_operator.section-1', 'example_subdag_operator.section-2', 'example_subdag_operator' retrieved from /home/ubuntu/airflow-venv/lib/python3.12/site-packages/airflow/example_dags/example_subdag_operator.py
[2026-02-25T10:19:59.114+0000] {logging_mixin.py:190} INFO - [2026-02-25T10:19:59.114+0000] {dag.py:3239} INFO - Sync 3 DAGs
[2026-02-25T10:19:59.126+0000] {logging_mixin.py:190} INFO - [2026-02-25T10:19:59.126+0000] {dag.py:4180} INFO - Setting next_dagrun for example_subdag_operator to 2022-01-01 00:00:00+00:00, run_after=2022-01-01 00:00:00+00:00
[2026-02-25T10:19:59.128+0000] {logging_mixin.py:190} INFO - [2026-02-25T10:19:59.128+0000] {dag.py:4180} INFO - Setting next_dagrun for example_subdag_operator.section-1 to None, run_after=None
[2026-02-25T10:19:59.129+0000] {logging_mixin.py:190} INFO - [2026-02-25T10:19:59.129+0000] {dag.py:4180} INFO - Setting next_dagrun for example_subdag_operator.section-2 to None, run_after=None
[2026-02-25T10:19:59.132+0000] {logging_mixin.py:190} INFO - [2026-02-25T10:19:59.132+0000] {dag.py:3239} INFO - Sync 2 DAGs
[2026-02-25T10:19:59.135+0000] {logging_mixin.py:190} INFO - [2026-02-25T10:19:59.134+0000] {dag.py:4180} INFO - Setting next_dagrun for example_subdag_operator.section-1 to None, run_after=None
[2026-02-25T10:19:59.135+0000] {logging_mixin.py:190} INFO - [2026-02-25T10:19:59.135+0000] {dag.py:4180} INFO - Setting next_dagrun for example_subdag_operator.section-2 to None, run_after=None
[2026-02-25T10:19:59.147+0000] {processor.py:208} INFO - Processing /home/ubuntu/airflow-venv/lib/python3.12/site-packages/airflow/example_dags/example_subdag_operator.py took 0.062 seconds
[2026-02-25T10:20:47.379+0000] {processor.py:186} INFO - Started process (PID=3723) to work on /home/ubuntu/airflow-venv/lib/python3.12/site-packages/airflow/example_dags/example_subdag_operator.py
[2026-02-25T10:20:47.380+0000] {processor.py:914} INFO - Processing file /home/ubuntu/airflow-venv/lib/python3.12/site-packages/airflow/example_dags/example_subdag_operator.py for tasks to queue
[2026-02-25T10:20:47.382+0000] {logging_mixin.py:190} INFO - [2026-02-25T10:20:47.381+0000] {dagbag.py:588} INFO - Filling up the DagBag from /home/ubuntu/airflow-venv/lib/python3.12/site-packages/airflow/example_dags/example_subdag_operator.py
[2026-02-25T10:20:47.395+0000] {processor.py:925} INFO - DAG(s) 'example_subdag_operator.section-1', 'example_subdag_operator.section-2', 'example_subdag_operator' retrieved from /home/ubuntu/airflow-venv/lib/python3.12/site-packages/airflow/example_dags/example_subdag_operator.py
[2026-02-25T10:20:47.404+0000] {logging_mixin.py:190} INFO - [2026-02-25T10:20:47.404+0000] {dag.py:3239} INFO - Sync 3 DAGs
[2026-02-25T10:20:47.416+0000] {logging_mixin.py:190} INFO - [2026-02-25T10:20:47.416+0000] {dag.py:4180} INFO - Setting next_dagrun for example_subdag_operator to 2022-01-01 00:00:00+00:00, run_after=2022-01-01 00:00:00+00:00
[2026-02-25T10:20:47.418+0000] {logging_mixin.py:190} INFO - [2026-02-25T10:20:47.418+0000] {dag.py:4180} INFO - Setting next_dagrun for example_subdag_operator.section-1 to None, run_after=None
[2026-02-25T10:20:47.419+0000] {logging_mixin.py:190} INFO - [2026-02-25T10:20:47.419+0000] {dag.py:4180} INFO - Setting next_dagrun for example_subdag_operator.section-2 to None, run_after=None
[2026-02-25T10:20:47.422+0000] {logging_mixin.py:190} INFO - [2026-02-25T10:20:47.422+0000] {dag.py:3239} INFO - Sync 2 DAGs
[2026-02-25T10:20:47.424+0000] {logging_mixin.py:190} INFO - [2026-02-25T10:20:47.424+0000] {dag.py:4180} INFO - Setting next_dagrun for example_subdag_operator.section-1 to None, run_after=None
[2026-02-25T10:20:47.425+0000] {logging_mixin.py:190} INFO - [2026-02-25T10:20:47.425+0000] {dag.py:4180} INFO - Setting next_dagrun for example_subdag_operator.section-2 to None, run_after=None
[2026-02-25T10:20:47.437+0000] {processor.py:208} INFO - Processing /home/ubuntu/airflow-venv/lib/python3.12/site-packages/airflow/example_dags/example_subdag_operator.py took 0.061 seconds
[2026-02-25T10:21:35.879+0000] {processor.py:186} INFO - Started process (PID=3774) to work on /home/ubuntu/airflow-venv/lib/python3.12/site-packages/airflow/example_dags/example_subdag_operator.py
[2026-02-25T10:21:35.880+0000] {processor.py:914} INFO - Processing file /home/ubuntu/airflow-venv/lib/python3.12/site-packages/airflow/example_dags/example_subdag_operator.py for tasks to queue
[2026-02-25T10:21:35.882+0000] {logging_mixin.py:190} INFO - [2026-02-25T10:21:35.881+0000] {dagbag.py:588} INFO - Filling up the DagBag from /home/ubuntu/airflow-venv/lib/python3.12/site-packages/airflow/example_dags/example_subdag_operator.py
[2026-02-25T10:21:35.895+0000] {processor.py:925} INFO - DAG(s) 'example_subdag_operator.section-1', 'example_subdag_operator.section-2', 'example_subdag_operator' retrieved from /home/ubuntu/airflow-venv/lib/python3.12/site-packages/airflow/example_dags/example_subdag_operator.py
[2026-02-25T10:21:35.904+0000] {logging_mixin.py:190} INFO - [2026-02-25T10:21:35.904+0000] {dag.py:3239} INFO - Sync 3 DAGs
[2026-02-25T10:21:35.915+0000] {logging_mixin.py:190} INFO - [2026-02-25T10:21:35.915+0000] {dag.py:4180} INFO - Setting next_dagrun for example_subdag_operator to 2022-01-01 00:00:00+00:00, run_after=2022-01-01 00:00:00+00:00
[2026-02-25T10:21:35.918+0000] {logging_mixin.py:190} INFO - [2026-02-25T10:21:35.917+0000] {dag.py:4180} INFO - Setting next_dagrun for example_subdag_operator.section-1 to None, run_after=None
[2026-02-25T10:21:35.918+0000] {logging_mixin.py:190} INFO - [2026-02-25T10:21:35.918+0000] {dag.py:4180} INFO - Setting next_dagrun for example_subdag_operator.section-2 to None, run_after=None
[2026-02-25T10:21:35.923+0000] {logging_mixin.py:190} INFO - [2026-02-25T10:21:35.923+0000] {dag.py:3239} INFO - Sync 2 DAGs
[2026-02-25T10:21:35.926+0000] {logging_mixin.py:190} INFO - [2026-02-25T10:21:35.926+0000] {dag.py:4180} INFO - Setting next_dagrun for example_subdag_operator.section-1 to None, run_after=None
[2026-02-25T10:21:35.926+0000] {logging_mixin.py:190} INFO - [2026-02-25T10:21:35.926+0000] {dag.py:4180} INFO - Setting next_dagrun for example_subdag_operator.section-2 to None, run_after=None
[2026-02-25T10:21:35.949+0000] {processor.py:208} INFO - Processing /home/ubuntu/airflow-venv/lib/python3.12/site-packages/airflow/example_dags/example_subdag_operator.py took 0.073 seconds
[2026-02-25T10:22:26.064+0000] {processor.py:186} INFO - Started process (PID=3833) to work on /home/ubuntu/airflow-venv/lib/python3.12/site-packages/airflow/example_dags/example_subdag_operator.py
[2026-02-25T10:22:26.065+0000] {processor.py:914} INFO - Processing file /home/ubuntu/airflow-venv/lib/python3.12/site-packages/airflow/example_dags/example_subdag_operator.py for tasks to queue
[2026-02-25T10:22:26.066+0000] {logging_mixin.py:190} INFO - [2026-02-25T10:22:26.066+0000] {dagbag.py:588} INFO - Filling up the DagBag from /home/ubuntu/airflow-venv/lib/python3.12/site-packages/airflow/example_dags/example_subdag_operator.py
[2026-02-25T10:22:26.080+0000] {processor.py:925} INFO - DAG(s) 'example_subdag_operator.section-1', 'example_subdag_operator.section-2', 'example_subdag_operator' retrieved from /home/ubuntu/airflow-venv/lib/python3.12/site-packages/airflow/example_dags/example_subdag_operator.py
[2026-02-25T10:22:26.089+0000] {logging_mixin.py:190} INFO - [2026-02-25T10:22:26.089+0000] {dag.py:3239} INFO - Sync 3 DAGs
[2026-02-25T10:22:26.101+0000] {logging_mixin.py:190} INFO - [2026-02-25T10:22:26.101+0000] {dag.py:4180} INFO - Setting next_dagrun for example_subdag_operator to 2022-01-01 00:00:00+00:00, run_after=2022-01-01 00:00:00+00:00
[2026-02-25T10:22:26.103+0000] {logging_mixin.py:190} INFO - [2026-02-25T10:22:26.102+0000] {dag.py:4180} INFO - Setting next_dagrun for example_subdag_operator.section-1 to None, run_after=None
[2026-02-25T10:22:26.103+0000] {logging_mixin.py:190} INFO - [2026-02-25T10:22:26.103+0000] {dag.py:4180} INFO - Setting next_dagrun for example_subdag_operator.section-2 to None, run_after=None
[2026-02-25T10:22:26.107+0000] {logging_mixin.py:190} INFO - [2026-02-25T10:22:26.107+0000] {dag.py:3239} INFO - Sync 2 DAGs
[2026-02-25T10:22:26.109+0000] {logging_mixin.py:190} INFO - [2026-02-25T10:22:26.109+0000] {dag.py:4180} INFO - Setting next_dagrun for example_subdag_operator.section-1 to None, run_after=None
[2026-02-25T10:22:26.109+0000] {logging_mixin.py:190} INFO - [2026-02-25T10:22:26.109+0000] {dag.py:4180} INFO - Setting next_dagrun for example_subdag_operator.section-2 to None, run_after=None
[2026-02-25T10:22:26.120+0000] {processor.py:208} INFO - Processing /home/ubuntu/airflow-venv/lib/python3.12/site-packages/airflow/example_dags/example_subdag_operator.py took 0.060 seconds
[2026-02-25T10:23:17.308+0000] {processor.py:186} INFO - Started process (PID=3885) to work on /home/ubuntu/airflow-venv/lib/python3.12/site-packages/airflow/example_dags/example_subdag_operator.py
[2026-02-25T10:23:17.309+0000] {processor.py:914} INFO - Processing file /home/ubuntu/airflow-venv/lib/python3.12/site-packages/airflow/example_dags/example_subdag_operator.py for tasks to queue
[2026-02-25T10:23:17.310+0000] {logging_mixin.py:190} INFO - [2026-02-25T10:23:17.310+0000] {dagbag.py:588} INFO - Filling up the DagBag from /home/ubuntu/airflow-venv/lib/python3.12/site-packages/airflow/example_dags/example_subdag_operator.py
[2026-02-25T10:23:17.324+0000] {processor.py:925} INFO - DAG(s) 'example_subdag_operator.section-1', 'example_subdag_operator.section-2', 'example_subdag_operator' retrieved from /home/ubuntu/airflow-venv/lib/python3.12/site-packages/airflow/example_dags/example_subdag_operator.py
[2026-02-25T10:23:17.333+0000] {logging_mixin.py:190} INFO - [2026-02-25T10:23:17.332+0000] {dag.py:3239} INFO - Sync 3 DAGs
[2026-02-25T10:23:17.344+0000] {logging_mixin.py:190} INFO - [2026-02-25T10:23:17.344+0000] {dag.py:4180} INFO - Setting next_dagrun for example_subdag_operator to 2022-01-01 00:00:00+00:00, run_after=2022-01-01 00:00:00+00:00
[2026-02-25T10:23:17.346+0000] {logging_mixin.py:190} INFO - [2026-02-25T10:23:17.346+0000] {dag.py:4180} INFO - Setting next_dagrun for example_subdag_operator.section-1 to None, run_after=None
[2026-02-25T10:23:17.347+0000] {logging_mixin.py:190} INFO - [2026-02-25T10:23:17.346+0000] {dag.py:4180} INFO - Setting next_dagrun for example_subdag_operator.section-2 to None, run_after=None
[2026-02-25T10:23:17.350+0000] {logging_mixin.py:190} INFO - [2026-02-25T10:23:17.350+0000] {dag.py:3239} INFO - Sync 2 DAGs
[2026-02-25T10:23:17.352+0000] {logging_mixin.py:190} INFO - [2026-02-25T10:23:17.352+0000] {dag.py:4180} INFO - Setting next_dagrun for example_subdag_operator.section-1 to None, run_after=None
[2026-02-25T10:23:17.352+0000] {logging_mixin.py:190} INFO - [2026-02-25T10:23:17.352+0000] {dag.py:4180} INFO - Setting next_dagrun for example_subdag_operator.section-2 to None, run_after=None
[2026-02-25T10:23:17.364+0000] {processor.py:208} INFO - Processing /home/ubuntu/airflow-venv/lib/python3.12/site-packages/airflow/example_dags/example_subdag_operator.py took 0.060 seconds
[2026-02-25T10:24:09.918+0000] {processor.py:186} INFO - Started process (PID=3939) to work on /home/ubuntu/airflow-venv/lib/python3.12/site-packages/airflow/example_dags/example_subdag_operator.py
[2026-02-25T10:24:09.919+0000] {processor.py:914} INFO - Processing file /home/ubuntu/airflow-venv/lib/python3.12/site-packages/airflow/example_dags/example_subdag_operator.py for tasks to queue
[2026-02-25T10:24:09.921+0000] {logging_mixin.py:190} INFO - [2026-02-25T10:24:09.920+0000] {dagbag.py:588} INFO - Filling up the DagBag from /home/ubuntu/airflow-venv/lib/python3.12/site-packages/airflow/example_dags/example_subdag_operator.py
[2026-02-25T10:24:09.935+0000] {processor.py:925} INFO - DAG(s) 'example_subdag_operator.section-1', 'example_subdag_operator.section-2', 'example_subdag_operator' retrieved from /home/ubuntu/airflow-venv/lib/python3.12/site-packages/airflow/example_dags/example_subdag_operator.py
[2026-02-25T10:24:09.943+0000] {logging_mixin.py:190} INFO - [2026-02-25T10:24:09.943+0000] {dag.py:3239} INFO - Sync 3 DAGs
[2026-02-25T10:24:09.955+0000] {logging_mixin.py:190} INFO - [2026-02-25T10:24:09.954+0000] {dag.py:4180} INFO - Setting next_dagrun for example_subdag_operator to 2022-01-01 00:00:00+00:00, run_after=2022-01-01 00:00:00+00:00
[2026-02-25T10:24:09.957+0000] {logging_mixin.py:190} INFO - [2026-02-25T10:24:09.956+0000] {dag.py:4180} INFO - Setting next_dagrun for example_subdag_operator.section-1 to None, run_after=None
[2026-02-25T10:24:09.957+0000] {logging_mixin.py:190} INFO - [2026-02-25T10:24:09.957+0000] {dag.py:4180} INFO - Setting next_dagrun for example_subdag_operator.section-2 to None, run_after=None
[2026-02-25T10:24:09.960+0000] {logging_mixin.py:190} INFO - [2026-02-25T10:24:09.960+0000] {dag.py:3239} INFO - Sync 2 DAGs
[2026-02-25T10:24:09.962+0000] {logging_mixin.py:190} INFO - [2026-02-25T10:24:09.962+0000] {dag.py:4180} INFO - Setting next_dagrun for example_subdag_operator.section-1 to None, run_after=None
[2026-02-25T10:24:09.963+0000] {logging_mixin.py:190} INFO - [2026-02-25T10:24:09.963+0000] {dag.py:4180} INFO - Setting next_dagrun for example_subdag_operator.section-2 to None, run_after=None
[2026-02-25T10:24:09.974+0000] {processor.py:208} INFO - Processing /home/ubuntu/airflow-venv/lib/python3.12/site-packages/airflow/example_dags/example_subdag_operator.py took 0.059 seconds
[2026-02-25T10:25:00.110+0000] {processor.py:186} INFO - Started process (PID=3994) to work on /home/ubuntu/airflow-venv/lib/python3.12/site-packages/airflow/example_dags/example_subdag_operator.py
[2026-02-25T10:25:00.111+0000] {processor.py:914} INFO - Processing file /home/ubuntu/airflow-venv/lib/python3.12/site-packages/airflow/example_dags/example_subdag_operator.py for tasks to queue
[2026-02-25T10:25:00.113+0000] {logging_mixin.py:190} INFO - [2026-02-25T10:25:00.112+0000] {dagbag.py:588} INFO - Filling up the DagBag from /home/ubuntu/airflow-venv/lib/python3.12/site-packages/airflow/example_dags/example_subdag_operator.py
[2026-02-25T10:25:00.127+0000] {processor.py:925} INFO - DAG(s) 'example_subdag_operator.section-1', 'example_subdag_operator.section-2', 'example_subdag_operator' retrieved from /home/ubuntu/airflow-venv/lib/python3.12/site-packages/airflow/example_dags/example_subdag_operator.py
[2026-02-25T10:25:00.136+0000] {logging_mixin.py:190} INFO - [2026-02-25T10:25:00.135+0000] {dag.py:3239} INFO - Sync 3 DAGs
[2026-02-25T10:25:00.147+0000] {logging_mixin.py:190} INFO - [2026-02-25T10:25:00.147+0000] {dag.py:4180} INFO - Setting next_dagrun for example_subdag_operator to 2022-01-01 00:00:00+00:00, run_after=2022-01-01 00:00:00+00:00
[2026-02-25T10:25:00.149+0000] {logging_mixin.py:190} INFO - [2026-02-25T10:25:00.149+0000] {dag.py:4180} INFO - Setting next_dagrun for example_subdag_operator.section-1 to None, run_after=None
[2026-02-25T10:25:00.149+0000] {logging_mixin.py:190} INFO - [2026-02-25T10:25:00.149+0000] {dag.py:4180} INFO - Setting next_dagrun for example_subdag_operator.section-2 to None, run_after=None
[2026-02-25T10:25:00.154+0000] {logging_mixin.py:190} INFO - [2026-02-25T10:25:00.153+0000] {dag.py:3239} INFO - Sync 2 DAGs
[2026-02-25T10:25:00.156+0000] {logging_mixin.py:190} INFO - [2026-02-25T10:25:00.156+0000] {dag.py:4180} INFO - Setting next_dagrun for example_subdag_operator.section-1 to None, run_after=None
[2026-02-25T10:25:00.156+0000] {logging_mixin.py:190} INFO - [2026-02-25T10:25:00.156+0000] {dag.py:4180} INFO - Setting next_dagrun for example_subdag_operator.section-2 to None, run_after=None
[2026-02-25T10:25:00.167+0000] {processor.py:208} INFO - Processing /home/ubuntu/airflow-venv/lib/python3.12/site-packages/airflow/example_dags/example_subdag_operator.py took 0.061 seconds
[2026-02-25T10:25:51.894+0000] {processor.py:186} INFO - Started process (PID=4051) to work on /home/ubuntu/airflow-venv/lib/python3.12/site-packages/airflow/example_dags/example_subdag_operator.py
[2026-02-25T10:25:51.895+0000] {processor.py:914} INFO - Processing file /home/ubuntu/airflow-venv/lib/python3.12/site-packages/airflow/example_dags/example_subdag_operator.py for tasks to queue
[2026-02-25T10:25:51.897+0000] {logging_mixin.py:190} INFO - [2026-02-25T10:25:51.896+0000] {dagbag.py:588} INFO - Filling up the DagBag from /home/ubuntu/airflow-venv/lib/python3.12/site-packages/airflow/example_dags/example_subdag_operator.py
[2026-02-25T10:25:51.910+0000] {processor.py:925} INFO - DAG(s) 'example_subdag_operator.section-1', 'example_subdag_operator.section-2', 'example_subdag_operator' retrieved from /home/ubuntu/airflow-venv/lib/python3.12/site-packages/airflow/example_dags/example_subdag_operator.py
[2026-02-25T10:25:51.918+0000] {logging_mixin.py:190} INFO - [2026-02-25T10:25:51.918+0000] {dag.py:3239} INFO - Sync 3 DAGs
[2026-02-25T10:25:51.930+0000] {logging_mixin.py:190} INFO - [2026-02-25T10:25:51.930+0000] {dag.py:4180} INFO - Setting next_dagrun for example_subdag_operator to 2022-01-01 00:00:00+00:00, run_after=2022-01-01 00:00:00+00:00
[2026-02-25T10:25:51.932+0000] {logging_mixin.py:190} INFO - [2026-02-25T10:25:51.932+0000] {dag.py:4180} INFO - Setting next_dagrun for example_subdag_operator.section-1 to None, run_after=None
[2026-02-25T10:25:51.932+0000] {logging_mixin.py:190} INFO - [2026-02-25T10:25:51.932+0000] {dag.py:4180} INFO - Setting next_dagrun for example_subdag_operator.section-2 to None, run_after=None
[2026-02-25T10:25:51.936+0000] {logging_mixin.py:190} INFO - [2026-02-25T10:25:51.936+0000] {dag.py:3239} INFO - Sync 2 DAGs
[2026-02-25T10:25:51.938+0000] {logging_mixin.py:190} INFO - [2026-02-25T10:25:51.938+0000] {dag.py:4180} INFO - Setting next_dagrun for example_subdag_operator.section-1 to None, run_after=None
[2026-02-25T10:25:51.938+0000] {logging_mixin.py:190} INFO - [2026-02-25T10:25:51.938+0000] {dag.py:4180} INFO - Setting next_dagrun for example_subdag_operator.section-2 to None, run_after=None
[2026-02-25T10:25:51.950+0000] {processor.py:208} INFO - Processing /home/ubuntu/airflow-venv/lib/python3.12/site-packages/airflow/example_dags/example_subdag_operator.py took 0.059 seconds
[2026-02-25T10:26:41.963+0000] {processor.py:186} INFO - Started process (PID=4107) to work on /home/ubuntu/airflow-venv/lib/python3.12/site-packages/airflow/example_dags/example_subdag_operator.py
[2026-02-25T10:26:41.964+0000] {processor.py:914} INFO - Processing file /home/ubuntu/airflow-venv/lib/python3.12/site-packages/airflow/example_dags/example_subdag_operator.py for tasks to queue
[2026-02-25T10:26:41.965+0000] {logging_mixin.py:190} INFO - [2026-02-25T10:26:41.965+0000] {dagbag.py:588} INFO - Filling up the DagBag from /home/ubuntu/airflow-venv/lib/python3.12/site-packages/airflow/example_dags/example_subdag_operator.py
[2026-02-25T10:26:41.979+0000] {processor.py:925} INFO - DAG(s) 'example_subdag_operator.section-1', 'example_subdag_operator.section-2', 'example_subdag_operator' retrieved from /home/ubuntu/airflow-venv/lib/python3.12/site-packages/airflow/example_dags/example_subdag_operator.py
[2026-02-25T10:26:41.987+0000] {logging_mixin.py:190} INFO - [2026-02-25T10:26:41.987+0000] {dag.py:3239} INFO - Sync 3 DAGs
[2026-02-25T10:26:41.999+0000] {logging_mixin.py:190} INFO - [2026-02-25T10:26:41.998+0000] {dag.py:4180} INFO - Setting next_dagrun for example_subdag_operator to 2022-01-01 00:00:00+00:00, run_after=2022-01-01 00:00:00+00:00
[2026-02-25T10:26:42.000+0000] {logging_mixin.py:190} INFO - [2026-02-25T10:26:42.000+0000] {dag.py:4180} INFO - Setting next_dagrun for example_subdag_operator.section-1 to None, run_after=None
[2026-02-25T10:26:42.001+0000] {logging_mixin.py:190} INFO - [2026-02-25T10:26:42.001+0000] {dag.py:4180} INFO - Setting next_dagrun for example_subdag_operator.section-2 to None, run_after=None
[2026-02-25T10:26:42.004+0000] {logging_mixin.py:190} INFO - [2026-02-25T10:26:42.004+0000] {dag.py:3239} INFO - Sync 2 DAGs
[2026-02-25T10:26:42.007+0000] {logging_mixin.py:190} INFO - [2026-02-25T10:26:42.006+0000] {dag.py:4180} INFO - Setting next_dagrun for example_subdag_operator.section-1 to None, run_after=None
[2026-02-25T10:26:42.007+0000] {logging_mixin.py:190} INFO - [2026-02-25T10:26:42.007+0000] {dag.py:4180} INFO - Setting next_dagrun for example_subdag_operator.section-2 to None, run_after=None
[2026-02-25T10:26:42.019+0000] {processor.py:208} INFO - Processing /home/ubuntu/airflow-venv/lib/python3.12/site-packages/airflow/example_dags/example_subdag_operator.py took 0.060 seconds
[2026-02-25T10:27:33.173+0000] {processor.py:186} INFO - Started process (PID=4170) to work on /home/ubuntu/airflow-venv/lib/python3.12/site-packages/airflow/example_dags/example_subdag_operator.py
[2026-02-25T10:27:33.175+0000] {processor.py:914} INFO - Processing file /home/ubuntu/airflow-venv/lib/python3.12/site-packages/airflow/example_dags/example_subdag_operator.py for tasks to queue
[2026-02-25T10:27:33.176+0000] {logging_mixin.py:190} INFO - [2026-02-25T10:27:33.176+0000] {dagbag.py:588} INFO - Filling up the DagBag from /home/ubuntu/airflow-venv/lib/python3.12/site-packages/airflow/example_dags/example_subdag_operator.py
[2026-02-25T10:27:33.190+0000] {processor.py:925} INFO - DAG(s) 'example_subdag_operator.section-1', 'example_subdag_operator.section-2', 'example_subdag_operator' retrieved from /home/ubuntu/airflow-venv/lib/python3.12/site-packages/airflow/example_dags/example_subdag_operator.py
[2026-02-25T10:27:33.199+0000] {logging_mixin.py:190} INFO - [2026-02-25T10:27:33.199+0000] {dag.py:3239} INFO - Sync 3 DAGs
[2026-02-25T10:27:33.211+0000] {logging_mixin.py:190} INFO - [2026-02-25T10:27:33.210+0000] {dag.py:4180} INFO - Setting next_dagrun for example_subdag_operator to 2022-01-01 00:00:00+00:00, run_after=2022-01-01 00:00:00+00:00
[2026-02-25T10:27:33.212+0000] {logging_mixin.py:190} INFO - [2026-02-25T10:27:33.212+0000] {dag.py:4180} INFO - Setting next_dagrun for example_subdag_operator.section-1 to None, run_after=None
[2026-02-25T10:27:33.213+0000] {logging_mixin.py:190} INFO - [2026-02-25T10:27:33.213+0000] {dag.py:4180} INFO - Setting next_dagrun for example_subdag_operator.section-2 to None, run_after=None
[2026-02-25T10:27:33.217+0000] {logging_mixin.py:190} INFO - [2026-02-25T10:27:33.217+0000] {dag.py:3239} INFO - Sync 2 DAGs
[2026-02-25T10:27:33.219+0000] {logging_mixin.py:190} INFO - [2026-02-25T10:27:33.219+0000] {dag.py:4180} INFO - Setting next_dagrun for example_subdag_operator.section-1 to None, run_after=None
[2026-02-25T10:27:33.219+0000] {logging_mixin.py:190} INFO - [2026-02-25T10:27:33.219+0000] {dag.py:4180} INFO - Setting next_dagrun for example_subdag_operator.section-2 to None, run_after=None
[2026-02-25T10:27:33.231+0000] {processor.py:208} INFO - Processing /home/ubuntu/airflow-venv/lib/python3.12/site-packages/airflow/example_dags/example_subdag_operator.py took 0.061 seconds
[2026-02-25T10:28:23.811+0000] {processor.py:186} INFO - Started process (PID=4228) to work on /home/ubuntu/airflow-venv/lib/python3.12/site-packages/airflow/example_dags/example_subdag_operator.py
[2026-02-25T10:28:23.813+0000] {processor.py:914} INFO - Processing file /home/ubuntu/airflow-venv/lib/python3.12/site-packages/airflow/example_dags/example_subdag_operator.py for tasks to queue
[2026-02-25T10:28:23.814+0000] {logging_mixin.py:190} INFO - [2026-02-25T10:28:23.814+0000] {dagbag.py:588} INFO - Filling up the DagBag from /home/ubuntu/airflow-venv/lib/python3.12/site-packages/airflow/example_dags/example_subdag_operator.py
[2026-02-25T10:28:23.827+0000] {processor.py:925} INFO - DAG(s) 'example_subdag_operator.section-1', 'example_subdag_operator.section-2', 'example_subdag_operator' retrieved from /home/ubuntu/airflow-venv/lib/python3.12/site-packages/airflow/example_dags/example_subdag_operator.py
[2026-02-25T10:28:23.836+0000] {logging_mixin.py:190} INFO - [2026-02-25T10:28:23.836+0000] {dag.py:3239} INFO - Sync 3 DAGs
[2026-02-25T10:28:23.847+0000] {logging_mixin.py:190} INFO - [2026-02-25T10:28:23.847+0000] {dag.py:4180} INFO - Setting next_dagrun for example_subdag_operator to 2022-01-01 00:00:00+00:00, run_after=2022-01-01 00:00:00+00:00
[2026-02-25T10:28:23.849+0000] {logging_mixin.py:190} INFO - [2026-02-25T10:28:23.849+0000] {dag.py:4180} INFO - Setting next_dagrun for example_subdag_operator.section-1 to None, run_after=None
[2026-02-25T10:28:23.850+0000] {logging_mixin.py:190} INFO - [2026-02-25T10:28:23.849+0000] {dag.py:4180} INFO - Setting next_dagrun for example_subdag_operator.section-2 to None, run_after=None
[2026-02-25T10:28:23.853+0000] {logging_mixin.py:190} INFO - [2026-02-25T10:28:23.853+0000] {dag.py:3239} INFO - Sync 2 DAGs
[2026-02-25T10:28:23.855+0000] {logging_mixin.py:190} INFO - [2026-02-25T10:28:23.855+0000] {dag.py:4180} INFO - Setting next_dagrun for example_subdag_operator.section-1 to None, run_after=None
[2026-02-25T10:28:23.855+0000] {logging_mixin.py:190} INFO - [2026-02-25T10:28:23.855+0000] {dag.py:4180} INFO - Setting next_dagrun for example_subdag_operator.section-2 to None, run_after=None
[2026-02-25T10:28:23.866+0000] {processor.py:208} INFO - Processing /home/ubuntu/airflow-venv/lib/python3.12/site-packages/airflow/example_dags/example_subdag_operator.py took 0.058 seconds
[2026-02-25T10:29:13.237+0000] {processor.py:186} INFO - Started process (PID=4278) to work on /home/ubuntu/airflow-venv/lib/python3.12/site-packages/airflow/example_dags/example_subdag_operator.py
[2026-02-25T10:29:13.238+0000] {processor.py:914} INFO - Processing file /home/ubuntu/airflow-venv/lib/python3.12/site-packages/airflow/example_dags/example_subdag_operator.py for tasks to queue
[2026-02-25T10:29:13.239+0000] {logging_mixin.py:190} INFO - [2026-02-25T10:29:13.239+0000] {dagbag.py:588} INFO - Filling up the DagBag from /home/ubuntu/airflow-venv/lib/python3.12/site-packages/airflow/example_dags/example_subdag_operator.py
[2026-02-25T10:29:13.255+0000] {processor.py:925} INFO - DAG(s) 'example_subdag_operator.section-1', 'example_subdag_operator.section-2', 'example_subdag_operator' retrieved from /home/ubuntu/airflow-venv/lib/python3.12/site-packages/airflow/example_dags/example_subdag_operator.py
[2026-02-25T10:29:13.264+0000] {logging_mixin.py:190} INFO - [2026-02-25T10:29:13.264+0000] {dag.py:3239} INFO - Sync 3 DAGs
[2026-02-25T10:29:13.277+0000] {logging_mixin.py:190} INFO - [2026-02-25T10:29:13.276+0000] {dag.py:4180} INFO - Setting next_dagrun for example_subdag_operator to 2022-01-01 00:00:00+00:00, run_after=2022-01-01 00:00:00+00:00
[2026-02-25T10:29:13.278+0000] {logging_mixin.py:190} INFO - [2026-02-25T10:29:13.278+0000] {dag.py:4180} INFO - Setting next_dagrun for example_subdag_operator.section-1 to None, run_after=None
[2026-02-25T10:29:13.279+0000] {logging_mixin.py:190} INFO - [2026-02-25T10:29:13.279+0000] {dag.py:4180} INFO - Setting next_dagrun for example_subdag_operator.section-2 to None, run_after=None
[2026-02-25T10:29:13.283+0000] {logging_mixin.py:190} INFO - [2026-02-25T10:29:13.282+0000] {dag.py:3239} INFO - Sync 2 DAGs
[2026-02-25T10:29:13.285+0000] {logging_mixin.py:190} INFO - [2026-02-25T10:29:13.285+0000] {dag.py:4180} INFO - Setting next_dagrun for example_subdag_operator.section-1 to None, run_after=None
[2026-02-25T10:29:13.285+0000] {logging_mixin.py:190} INFO - [2026-02-25T10:29:13.285+0000] {dag.py:4180} INFO - Setting next_dagrun for example_subdag_operator.section-2 to None, run_after=None
[2026-02-25T10:29:13.297+0000] {processor.py:208} INFO - Processing /home/ubuntu/airflow-venv/lib/python3.12/site-packages/airflow/example_dags/example_subdag_operator.py took 0.064 seconds
[2026-02-25T10:30:01.742+0000] {processor.py:186} INFO - Started process (PID=4331) to work on /home/ubuntu/airflow-venv/lib/python3.12/site-packages/airflow/example_dags/example_subdag_operator.py
[2026-02-25T10:30:01.743+0000] {processor.py:914} INFO - Processing file /home/ubuntu/airflow-venv/lib/python3.12/site-packages/airflow/example_dags/example_subdag_operator.py for tasks to queue
[2026-02-25T10:30:01.744+0000] {logging_mixin.py:190} INFO - [2026-02-25T10:30:01.744+0000] {dagbag.py:588} INFO - Filling up the DagBag from /home/ubuntu/airflow-venv/lib/python3.12/site-packages/airflow/example_dags/example_subdag_operator.py
[2026-02-25T10:30:01.758+0000] {processor.py:925} INFO - DAG(s) 'example_subdag_operator.section-1', 'example_subdag_operator.section-2', 'example_subdag_operator' retrieved from /home/ubuntu/airflow-venv/lib/python3.12/site-packages/airflow/example_dags/example_subdag_operator.py
[2026-02-25T10:30:01.767+0000] {logging_mixin.py:190} INFO - [2026-02-25T10:30:01.766+0000] {dag.py:3239} INFO - Sync 3 DAGs
[2026-02-25T10:30:01.778+0000] {logging_mixin.py:190} INFO - [2026-02-25T10:30:01.778+0000] {dag.py:4180} INFO - Setting next_dagrun for example_subdag_operator to 2022-01-01 00:00:00+00:00, run_after=2022-01-01 00:00:00+00:00
[2026-02-25T10:30:01.780+0000] {logging_mixin.py:190} INFO - [2026-02-25T10:30:01.780+0000] {dag.py:4180} INFO - Setting next_dagrun for example_subdag_operator.section-1 to None, run_after=None
[2026-02-25T10:30:01.781+0000] {logging_mixin.py:190} INFO - [2026-02-25T10:30:01.780+0000] {dag.py:4180} INFO - Setting next_dagrun for example_subdag_operator.section-2 to None, run_after=None
[2026-02-25T10:30:01.784+0000] {logging_mixin.py:190} INFO - [2026-02-25T10:30:01.784+0000] {dag.py:3239} INFO - Sync 2 DAGs
[2026-02-25T10:30:01.786+0000] {logging_mixin.py:190} INFO - [2026-02-25T10:30:01.786+0000] {dag.py:4180} INFO - Setting next_dagrun for example_subdag_operator.section-1 to None, run_after=None
[2026-02-25T10:30:01.786+0000] {logging_mixin.py:190} INFO - [2026-02-25T10:30:01.786+0000] {dag.py:4180} INFO - Setting next_dagrun for example_subdag_operator.section-2 to None, run_after=None
[2026-02-25T10:30:01.798+0000] {processor.py:208} INFO - Processing /home/ubuntu/airflow-venv/lib/python3.12/site-packages/airflow/example_dags/example_subdag_operator.py took 0.060 seconds
[2026-02-25T10:30:51.317+0000] {processor.py:186} INFO - Started process (PID=4386) to work on /home/ubuntu/airflow-venv/lib/python3.12/site-packages/airflow/example_dags/example_subdag_operator.py
[2026-02-25T10:30:51.318+0000] {processor.py:914} INFO - Processing file /home/ubuntu/airflow-venv/lib/python3.12/site-packages/airflow/example_dags/example_subdag_operator.py for tasks to queue
[2026-02-25T10:30:51.319+0000] {logging_mixin.py:190} INFO - [2026-02-25T10:30:51.319+0000] {dagbag.py:588} INFO - Filling up the DagBag from /home/ubuntu/airflow-venv/lib/python3.12/site-packages/airflow/example_dags/example_subdag_operator.py
[2026-02-25T10:30:51.333+0000] {processor.py:925} INFO - DAG(s) 'example_subdag_operator.section-1', 'example_subdag_operator.section-2', 'example_subdag_operator' retrieved from /home/ubuntu/airflow-venv/lib/python3.12/site-packages/airflow/example_dags/example_subdag_operator.py
[2026-02-25T10:30:51.341+0000] {logging_mixin.py:190} INFO - [2026-02-25T10:30:51.341+0000] {dag.py:3239} INFO - Sync 3 DAGs
[2026-02-25T10:30:51.353+0000] {logging_mixin.py:190} INFO - [2026-02-25T10:30:51.352+0000] {dag.py:4180} INFO - Setting next_dagrun for example_subdag_operator to 2022-01-01 00:00:00+00:00, run_after=2022-01-01 00:00:00+00:00
[2026-02-25T10:30:51.354+0000] {logging_mixin.py:190} INFO - [2026-02-25T10:30:51.354+0000] {dag.py:4180} INFO - Setting next_dagrun for example_subdag_operator.section-1 to None, run_after=None
[2026-02-25T10:30:51.355+0000] {logging_mixin.py:190} INFO - [2026-02-25T10:30:51.355+0000] {dag.py:4180} INFO - Setting next_dagrun for example_subdag_operator.section-2 to None, run_after=None
[2026-02-25T10:30:51.358+0000] {logging_mixin.py:190} INFO - [2026-02-25T10:30:51.358+0000] {dag.py:3239} INFO - Sync 2 DAGs
[2026-02-25T10:30:51.360+0000] {logging_mixin.py:190} INFO - [2026-02-25T10:30:51.360+0000] {dag.py:4180} INFO - Setting next_dagrun for example_subdag_operator.section-1 to None, run_after=None
[2026-02-25T10:30:51.361+0000] {logging_mixin.py:190} INFO - [2026-02-25T10:30:51.361+0000] {dag.py:4180} INFO - Setting next_dagrun for example_subdag_operator.section-2 to None, run_after=None
[2026-02-25T10:30:51.372+0000] {processor.py:208} INFO - Processing /home/ubuntu/airflow-venv/lib/python3.12/site-packages/airflow/example_dags/example_subdag_operator.py took 0.059 seconds
[2026-02-25T10:31:39.173+0000] {processor.py:186} INFO - Started process (PID=4437) to work on /home/ubuntu/airflow-venv/lib/python3.12/site-packages/airflow/example_dags/example_subdag_operator.py
[2026-02-25T10:31:39.174+0000] {processor.py:914} INFO - Processing file /home/ubuntu/airflow-venv/lib/python3.12/site-packages/airflow/example_dags/example_subdag_operator.py for tasks to queue
[2026-02-25T10:31:39.175+0000] {logging_mixin.py:190} INFO - [2026-02-25T10:31:39.175+0000] {dagbag.py:588} INFO - Filling up the DagBag from /home/ubuntu/airflow-venv/lib/python3.12/site-packages/airflow/example_dags/example_subdag_operator.py
[2026-02-25T10:31:39.189+0000] {processor.py:925} INFO - DAG(s) 'example_subdag_operator.section-1', 'example_subdag_operator.section-2', 'example_subdag_operator' retrieved from /home/ubuntu/airflow-venv/lib/python3.12/site-packages/airflow/example_dags/example_subdag_operator.py
[2026-02-25T10:31:39.198+0000] {logging_mixin.py:190} INFO - [2026-02-25T10:31:39.197+0000] {dag.py:3239} INFO - Sync 3 DAGs
[2026-02-25T10:31:39.210+0000] {logging_mixin.py:190} INFO - [2026-02-25T10:31:39.210+0000] {dag.py:4180} INFO - Setting next_dagrun for example_subdag_operator to 2022-01-01 00:00:00+00:00, run_after=2022-01-01 00:00:00+00:00
[2026-02-25T10:31:39.212+0000] {logging_mixin.py:190} INFO - [2026-02-25T10:31:39.212+0000] {dag.py:4180} INFO - Setting next_dagrun for example_subdag_operator.section-1 to None, run_after=None
[2026-02-25T10:31:39.212+0000] {logging_mixin.py:190} INFO - [2026-02-25T10:31:39.212+0000] {dag.py:4180} INFO - Setting next_dagrun for example_subdag_operator.section-2 to None, run_after=None
[2026-02-25T10:31:39.216+0000] {logging_mixin.py:190} INFO - [2026-02-25T10:31:39.216+0000] {dag.py:3239} INFO - Sync 2 DAGs
[2026-02-25T10:31:39.218+0000] {logging_mixin.py:190} INFO - [2026-02-25T10:31:39.218+0000] {dag.py:4180} INFO - Setting next_dagrun for example_subdag_operator.section-1 to None, run_after=None
[2026-02-25T10:31:39.218+0000] {logging_mixin.py:190} INFO - [2026-02-25T10:31:39.218+0000] {dag.py:4180} INFO - Setting next_dagrun for example_subdag_operator.section-2 to None, run_after=None
[2026-02-25T10:31:39.230+0000] {processor.py:208} INFO - Processing /home/ubuntu/airflow-venv/lib/python3.12/site-packages/airflow/example_dags/example_subdag_operator.py took 0.061 seconds
[2026-02-25T10:32:30.492+0000] {processor.py:186} INFO - Started process (PID=4490) to work on /home/ubuntu/airflow-venv/lib/python3.12/site-packages/airflow/example_dags/example_subdag_operator.py
[2026-02-25T10:32:30.493+0000] {processor.py:914} INFO - Processing file /home/ubuntu/airflow-venv/lib/python3.12/site-packages/airflow/example_dags/example_subdag_operator.py for tasks to queue
[2026-02-25T10:32:30.495+0000] {logging_mixin.py:190} INFO - [2026-02-25T10:32:30.494+0000] {dagbag.py:588} INFO - Filling up the DagBag from /home/ubuntu/airflow-venv/lib/python3.12/site-packages/airflow/example_dags/example_subdag_operator.py
[2026-02-25T10:32:30.508+0000] {processor.py:925} INFO - DAG(s) 'example_subdag_operator.section-1', 'example_subdag_operator.section-2', 'example_subdag_operator' retrieved from /home/ubuntu/airflow-venv/lib/python3.12/site-packages/airflow/example_dags/example_subdag_operator.py
[2026-02-25T10:32:30.516+0000] {logging_mixin.py:190} INFO - [2026-02-25T10:32:30.516+0000] {dag.py:3239} INFO - Sync 3 DAGs
[2026-02-25T10:32:30.528+0000] {logging_mixin.py:190} INFO - [2026-02-25T10:32:30.528+0000] {dag.py:4180} INFO - Setting next_dagrun for example_subdag_operator to 2022-01-01 00:00:00+00:00, run_after=2022-01-01 00:00:00+00:00
[2026-02-25T10:32:30.529+0000] {logging_mixin.py:190} INFO - [2026-02-25T10:32:30.529+0000] {dag.py:4180} INFO - Setting next_dagrun for example_subdag_operator.section-1 to None, run_after=None
[2026-02-25T10:32:30.530+0000] {logging_mixin.py:190} INFO - [2026-02-25T10:32:30.530+0000] {dag.py:4180} INFO - Setting next_dagrun for example_subdag_operator.section-2 to None, run_after=None
[2026-02-25T10:32:30.533+0000] {logging_mixin.py:190} INFO - [2026-02-25T10:32:30.533+0000] {dag.py:3239} INFO - Sync 2 DAGs
[2026-02-25T10:32:30.535+0000] {logging_mixin.py:190} INFO - [2026-02-25T10:32:30.535+0000] {dag.py:4180} INFO - Setting next_dagrun for example_subdag_operator.section-1 to None, run_after=None
[2026-02-25T10:32:30.535+0000] {logging_mixin.py:190} INFO - [2026-02-25T10:32:30.535+0000] {dag.py:4180} INFO - Setting next_dagrun for example_subdag_operator.section-2 to None, run_after=None
[2026-02-25T10:32:30.547+0000] {processor.py:208} INFO - Processing /home/ubuntu/airflow-venv/lib/python3.12/site-packages/airflow/example_dags/example_subdag_operator.py took 0.059 seconds
[2026-02-25T10:46:33.688+0000] {processor.py:186} INFO - Started process (PID=5791) to work on /home/ubuntu/airflow-venv/lib/python3.12/site-packages/airflow/example_dags/example_subdag_operator.py
[2026-02-25T10:46:33.689+0000] {processor.py:914} INFO - Processing file /home/ubuntu/airflow-venv/lib/python3.12/site-packages/airflow/example_dags/example_subdag_operator.py for tasks to queue
[2026-02-25T10:46:33.691+0000] {logging_mixin.py:190} INFO - [2026-02-25T10:46:33.691+0000] {dagbag.py:588} INFO - Filling up the DagBag from /home/ubuntu/airflow-venv/lib/python3.12/site-packages/airflow/example_dags/example_subdag_operator.py
[2026-02-25T10:46:33.705+0000] {processor.py:925} INFO - DAG(s) 'example_subdag_operator.section-1', 'example_subdag_operator.section-2', 'example_subdag_operator' retrieved from /home/ubuntu/airflow-venv/lib/python3.12/site-packages/airflow/example_dags/example_subdag_operator.py
[2026-02-25T10:46:33.714+0000] {logging_mixin.py:190} INFO - [2026-02-25T10:46:33.714+0000] {dag.py:3239} INFO - Sync 3 DAGs
[2026-02-25T10:46:33.726+0000] {logging_mixin.py:190} INFO - [2026-02-25T10:46:33.726+0000] {dag.py:4180} INFO - Setting next_dagrun for example_subdag_operator to 2022-01-01 00:00:00+00:00, run_after=2022-01-01 00:00:00+00:00
[2026-02-25T10:46:33.728+0000] {logging_mixin.py:190} INFO - [2026-02-25T10:46:33.728+0000] {dag.py:4180} INFO - Setting next_dagrun for example_subdag_operator.section-1 to None, run_after=None
[2026-02-25T10:46:33.729+0000] {logging_mixin.py:190} INFO - [2026-02-25T10:46:33.729+0000] {dag.py:4180} INFO - Setting next_dagrun for example_subdag_operator.section-2 to None, run_after=None
[2026-02-25T10:46:33.732+0000] {logging_mixin.py:190} INFO - [2026-02-25T10:46:33.732+0000] {dag.py:3239} INFO - Sync 2 DAGs
[2026-02-25T10:46:33.734+0000] {logging_mixin.py:190} INFO - [2026-02-25T10:46:33.734+0000] {dag.py:4180} INFO - Setting next_dagrun for example_subdag_operator.section-1 to None, run_after=None
[2026-02-25T10:46:33.735+0000] {logging_mixin.py:190} INFO - [2026-02-25T10:46:33.735+0000] {dag.py:4180} INFO - Setting next_dagrun for example_subdag_operator.section-2 to None, run_after=None
[2026-02-25T10:46:33.747+0000] {processor.py:208} INFO - Processing /home/ubuntu/airflow-venv/lib/python3.12/site-packages/airflow/example_dags/example_subdag_operator.py took 0.062 seconds
[2026-02-25T10:47:29.258+0000] {processor.py:186} INFO - Started process (PID=5863) to work on /home/ubuntu/airflow-venv/lib/python3.12/site-packages/airflow/example_dags/example_subdag_operator.py
[2026-02-25T10:47:29.259+0000] {processor.py:914} INFO - Processing file /home/ubuntu/airflow-venv/lib/python3.12/site-packages/airflow/example_dags/example_subdag_operator.py for tasks to queue
[2026-02-25T10:47:29.260+0000] {logging_mixin.py:190} INFO - [2026-02-25T10:47:29.260+0000] {dagbag.py:588} INFO - Filling up the DagBag from /home/ubuntu/airflow-venv/lib/python3.12/site-packages/airflow/example_dags/example_subdag_operator.py
[2026-02-25T10:47:29.274+0000] {processor.py:925} INFO - DAG(s) 'example_subdag_operator.section-1', 'example_subdag_operator.section-2', 'example_subdag_operator' retrieved from /home/ubuntu/airflow-venv/lib/python3.12/site-packages/airflow/example_dags/example_subdag_operator.py
[2026-02-25T10:47:29.283+0000] {logging_mixin.py:190} INFO - [2026-02-25T10:47:29.282+0000] {dag.py:3239} INFO - Sync 3 DAGs
[2026-02-25T10:47:29.294+0000] {logging_mixin.py:190} INFO - [2026-02-25T10:47:29.294+0000] {dag.py:4180} INFO - Setting next_dagrun for example_subdag_operator to 2022-01-01 00:00:00+00:00, run_after=2022-01-01 00:00:00+00:00
[2026-02-25T10:47:29.296+0000] {logging_mixin.py:190} INFO - [2026-02-25T10:47:29.296+0000] {dag.py:4180} INFO - Setting next_dagrun for example_subdag_operator.section-1 to None, run_after=None
[2026-02-25T10:47:29.297+0000] {logging_mixin.py:190} INFO - [2026-02-25T10:47:29.297+0000] {dag.py:4180} INFO - Setting next_dagrun for example_subdag_operator.section-2 to None, run_after=None
[2026-02-25T10:47:29.300+0000] {logging_mixin.py:190} INFO - [2026-02-25T10:47:29.300+0000] {dag.py:3239} INFO - Sync 2 DAGs
[2026-02-25T10:47:29.302+0000] {logging_mixin.py:190} INFO - [2026-02-25T10:47:29.302+0000] {dag.py:4180} INFO - Setting next_dagrun for example_subdag_operator.section-1 to None, run_after=None
[2026-02-25T10:47:29.303+0000] {logging_mixin.py:190} INFO - [2026-02-25T10:47:29.302+0000] {dag.py:4180} INFO - Setting next_dagrun for example_subdag_operator.section-2 to None, run_after=None
[2026-02-25T10:47:29.314+0000] {processor.py:208} INFO - Processing /home/ubuntu/airflow-venv/lib/python3.12/site-packages/airflow/example_dags/example_subdag_operator.py took 0.060 seconds
[2026-02-25T10:48:18.910+0000] {processor.py:186} INFO - Started process (PID=6284) to work on /home/ubuntu/airflow-venv/lib/python3.12/site-packages/airflow/example_dags/example_subdag_operator.py
[2026-02-25T10:48:18.911+0000] {processor.py:914} INFO - Processing file /home/ubuntu/airflow-venv/lib/python3.12/site-packages/airflow/example_dags/example_subdag_operator.py for tasks to queue
[2026-02-25T10:48:18.912+0000] {logging_mixin.py:190} INFO - [2026-02-25T10:48:18.912+0000] {dagbag.py:588} INFO - Filling up the DagBag from /home/ubuntu/airflow-venv/lib/python3.12/site-packages/airflow/example_dags/example_subdag_operator.py
[2026-02-25T10:48:18.927+0000] {processor.py:925} INFO - DAG(s) 'example_subdag_operator.section-1', 'example_subdag_operator.section-2', 'example_subdag_operator' retrieved from /home/ubuntu/airflow-venv/lib/python3.12/site-packages/airflow/example_dags/example_subdag_operator.py
[2026-02-25T10:48:18.935+0000] {logging_mixin.py:190} INFO - [2026-02-25T10:48:18.935+0000] {dag.py:3239} INFO - Sync 3 DAGs
[2026-02-25T10:48:18.946+0000] {logging_mixin.py:190} INFO - [2026-02-25T10:48:18.946+0000] {dag.py:4180} INFO - Setting next_dagrun for example_subdag_operator to 2022-01-01 00:00:00+00:00, run_after=2022-01-01 00:00:00+00:00
[2026-02-25T10:48:18.948+0000] {logging_mixin.py:190} INFO - [2026-02-25T10:48:18.948+0000] {dag.py:4180} INFO - Setting next_dagrun for example_subdag_operator.section-1 to None, run_after=None
[2026-02-25T10:48:18.948+0000] {logging_mixin.py:190} INFO - [2026-02-25T10:48:18.948+0000] {dag.py:4180} INFO - Setting next_dagrun for example_subdag_operator.section-2 to None, run_after=None
[2026-02-25T10:48:18.952+0000] {logging_mixin.py:190} INFO - [2026-02-25T10:48:18.952+0000] {dag.py:3239} INFO - Sync 2 DAGs
[2026-02-25T10:48:18.954+0000] {logging_mixin.py:190} INFO - [2026-02-25T10:48:18.954+0000] {dag.py:4180} INFO - Setting next_dagrun for example_subdag_operator.section-1 to None, run_after=None
[2026-02-25T10:48:18.954+0000] {logging_mixin.py:190} INFO - [2026-02-25T10:48:18.954+0000] {dag.py:4180} INFO - Setting next_dagrun for example_subdag_operator.section-2 to None, run_after=None
[2026-02-25T10:48:18.966+0000] {processor.py:208} INFO - Processing /home/ubuntu/airflow-venv/lib/python3.12/site-packages/airflow/example_dags/example_subdag_operator.py took 0.059 seconds
[2026-02-25T10:49:09.097+0000] {processor.py:186} INFO - Started process (PID=6336) to work on /home/ubuntu/airflow-venv/lib/python3.12/site-packages/airflow/example_dags/example_subdag_operator.py
[2026-02-25T10:49:09.098+0000] {processor.py:914} INFO - Processing file /home/ubuntu/airflow-venv/lib/python3.12/site-packages/airflow/example_dags/example_subdag_operator.py for tasks to queue
[2026-02-25T10:49:09.099+0000] {logging_mixin.py:190} INFO - [2026-02-25T10:49:09.099+0000] {dagbag.py:588} INFO - Filling up the DagBag from /home/ubuntu/airflow-venv/lib/python3.12/site-packages/airflow/example_dags/example_subdag_operator.py
[2026-02-25T10:49:09.113+0000] {processor.py:925} INFO - DAG(s) 'example_subdag_operator.section-1', 'example_subdag_operator.section-2', 'example_subdag_operator' retrieved from /home/ubuntu/airflow-venv/lib/python3.12/site-packages/airflow/example_dags/example_subdag_operator.py
[2026-02-25T10:49:09.121+0000] {logging_mixin.py:190} INFO - [2026-02-25T10:49:09.121+0000] {dag.py:3239} INFO - Sync 3 DAGs
[2026-02-25T10:49:09.133+0000] {logging_mixin.py:190} INFO - [2026-02-25T10:49:09.133+0000] {dag.py:4180} INFO - Setting next_dagrun for example_subdag_operator to 2022-01-01 00:00:00+00:00, run_after=2022-01-01 00:00:00+00:00
[2026-02-25T10:49:09.135+0000] {logging_mixin.py:190} INFO - [2026-02-25T10:49:09.135+0000] {dag.py:4180} INFO - Setting next_dagrun for example_subdag_operator.section-1 to None, run_after=None
[2026-02-25T10:49:09.135+0000] {logging_mixin.py:190} INFO - [2026-02-25T10:49:09.135+0000] {dag.py:4180} INFO - Setting next_dagrun for example_subdag_operator.section-2 to None, run_after=None
[2026-02-25T10:49:09.139+0000] {logging_mixin.py:190} INFO - [2026-02-25T10:49:09.139+0000] {dag.py:3239} INFO - Sync 2 DAGs
[2026-02-25T10:49:09.141+0000] {logging_mixin.py:190} INFO - [2026-02-25T10:49:09.141+0000] {dag.py:4180} INFO - Setting next_dagrun for example_subdag_operator.section-1 to None, run_after=None
[2026-02-25T10:49:09.141+0000] {logging_mixin.py:190} INFO - [2026-02-25T10:49:09.141+0000] {dag.py:4180} INFO - Setting next_dagrun for example_subdag_operator.section-2 to None, run_after=None
[2026-02-25T10:49:09.153+0000] {processor.py:208} INFO - Processing /home/ubuntu/airflow-venv/lib/python3.12/site-packages/airflow/example_dags/example_subdag_operator.py took 0.060 seconds
[2026-02-25T10:49:59.355+0000] {processor.py:186} INFO - Started process (PID=6395) to work on /home/ubuntu/airflow-venv/lib/python3.12/site-packages/airflow/example_dags/example_subdag_operator.py
[2026-02-25T10:49:59.356+0000] {processor.py:914} INFO - Processing file /home/ubuntu/airflow-venv/lib/python3.12/site-packages/airflow/example_dags/example_subdag_operator.py for tasks to queue
[2026-02-25T10:49:59.358+0000] {logging_mixin.py:190} INFO - [2026-02-25T10:49:59.358+0000] {dagbag.py:588} INFO - Filling up the DagBag from /home/ubuntu/airflow-venv/lib/python3.12/site-packages/airflow/example_dags/example_subdag_operator.py
[2026-02-25T10:49:59.371+0000] {processor.py:925} INFO - DAG(s) 'example_subdag_operator.section-1', 'example_subdag_operator.section-2', 'example_subdag_operator' retrieved from /home/ubuntu/airflow-venv/lib/python3.12/site-packages/airflow/example_dags/example_subdag_operator.py
[2026-02-25T10:49:59.379+0000] {logging_mixin.py:190} INFO - [2026-02-25T10:49:59.379+0000] {dag.py:3239} INFO - Sync 3 DAGs
[2026-02-25T10:49:59.391+0000] {logging_mixin.py:190} INFO - [2026-02-25T10:49:59.391+0000] {dag.py:4180} INFO - Setting next_dagrun for example_subdag_operator to 2022-01-01 00:00:00+00:00, run_after=2022-01-01 00:00:00+00:00
[2026-02-25T10:49:59.393+0000] {logging_mixin.py:190} INFO - [2026-02-25T10:49:59.392+0000] {dag.py:4180} INFO - Setting next_dagrun for example_subdag_operator.section-1 to None, run_after=None
[2026-02-25T10:49:59.393+0000] {logging_mixin.py:190} INFO - [2026-02-25T10:49:59.393+0000] {dag.py:4180} INFO - Setting next_dagrun for example_subdag_operator.section-2 to None, run_after=None
[2026-02-25T10:49:59.397+0000] {logging_mixin.py:190} INFO - [2026-02-25T10:49:59.396+0000] {dag.py:3239} INFO - Sync 2 DAGs
[2026-02-25T10:49:59.399+0000] {logging_mixin.py:190} INFO - [2026-02-25T10:49:59.398+0000] {dag.py:4180} INFO - Setting next_dagrun for example_subdag_operator.section-1 to None, run_after=None
[2026-02-25T10:49:59.399+0000] {logging_mixin.py:190} INFO - [2026-02-25T10:49:59.399+0000] {dag.py:4180} INFO - Setting next_dagrun for example_subdag_operator.section-2 to None, run_after=None
[2026-02-25T10:49:59.411+0000] {processor.py:208} INFO - Processing /home/ubuntu/airflow-venv/lib/python3.12/site-packages/airflow/example_dags/example_subdag_operator.py took 0.059 seconds
[2026-02-25T10:50:51.976+0000] {processor.py:186} INFO - Started process (PID=6455) to work on /home/ubuntu/airflow-venv/lib/python3.12/site-packages/airflow/example_dags/example_subdag_operator.py
[2026-02-25T10:50:51.977+0000] {processor.py:914} INFO - Processing file /home/ubuntu/airflow-venv/lib/python3.12/site-packages/airflow/example_dags/example_subdag_operator.py for tasks to queue
[2026-02-25T10:50:51.978+0000] {logging_mixin.py:190} INFO - [2026-02-25T10:50:51.978+0000] {dagbag.py:588} INFO - Filling up the DagBag from /home/ubuntu/airflow-venv/lib/python3.12/site-packages/airflow/example_dags/example_subdag_operator.py
[2026-02-25T10:50:51.993+0000] {processor.py:925} INFO - DAG(s) 'example_subdag_operator.section-1', 'example_subdag_operator.section-2', 'example_subdag_operator' retrieved from /home/ubuntu/airflow-venv/lib/python3.12/site-packages/airflow/example_dags/example_subdag_operator.py
[2026-02-25T10:50:52.001+0000] {logging_mixin.py:190} INFO - [2026-02-25T10:50:52.001+0000] {dag.py:3239} INFO - Sync 3 DAGs
[2026-02-25T10:50:52.012+0000] {logging_mixin.py:190} INFO - [2026-02-25T10:50:52.012+0000] {dag.py:4180} INFO - Setting next_dagrun for example_subdag_operator to 2022-01-01 00:00:00+00:00, run_after=2022-01-01 00:00:00+00:00
[2026-02-25T10:50:52.014+0000] {logging_mixin.py:190} INFO - [2026-02-25T10:50:52.014+0000] {dag.py:4180} INFO - Setting next_dagrun for example_subdag_operator.section-1 to None, run_after=None
[2026-02-25T10:50:52.015+0000] {logging_mixin.py:190} INFO - [2026-02-25T10:50:52.015+0000] {dag.py:4180} INFO - Setting next_dagrun for example_subdag_operator.section-2 to None, run_after=None
[2026-02-25T10:50:52.018+0000] {logging_mixin.py:190} INFO - [2026-02-25T10:50:52.018+0000] {dag.py:3239} INFO - Sync 2 DAGs
[2026-02-25T10:50:52.020+0000] {logging_mixin.py:190} INFO - [2026-02-25T10:50:52.020+0000] {dag.py:4180} INFO - Setting next_dagrun for example_subdag_operator.section-1 to None, run_after=None
[2026-02-25T10:50:52.021+0000] {logging_mixin.py:190} INFO - [2026-02-25T10:50:52.020+0000] {dag.py:4180} INFO - Setting next_dagrun for example_subdag_operator.section-2 to None, run_after=None
[2026-02-25T10:50:52.032+0000] {processor.py:208} INFO - Processing /home/ubuntu/airflow-venv/lib/python3.12/site-packages/airflow/example_dags/example_subdag_operator.py took 0.060 seconds
[2026-02-25T10:51:42.439+0000] {processor.py:186} INFO - Started process (PID=6527) to work on /home/ubuntu/airflow-venv/lib/python3.12/site-packages/airflow/example_dags/example_subdag_operator.py
[2026-02-25T10:51:42.440+0000] {processor.py:914} INFO - Processing file /home/ubuntu/airflow-venv/lib/python3.12/site-packages/airflow/example_dags/example_subdag_operator.py for tasks to queue
[2026-02-25T10:51:42.441+0000] {logging_mixin.py:190} INFO - [2026-02-25T10:51:42.441+0000] {dagbag.py:588} INFO - Filling up the DagBag from /home/ubuntu/airflow-venv/lib/python3.12/site-packages/airflow/example_dags/example_subdag_operator.py
[2026-02-25T10:51:42.455+0000] {processor.py:925} INFO - DAG(s) 'example_subdag_operator.section-1', 'example_subdag_operator.section-2', 'example_subdag_operator' retrieved from /home/ubuntu/airflow-venv/lib/python3.12/site-packages/airflow/example_dags/example_subdag_operator.py
[2026-02-25T10:51:42.464+0000] {logging_mixin.py:190} INFO - [2026-02-25T10:51:42.464+0000] {dag.py:3239} INFO - Sync 3 DAGs
[2026-02-25T10:51:42.476+0000] {logging_mixin.py:190} INFO - [2026-02-25T10:51:42.475+0000] {dag.py:4180} INFO - Setting next_dagrun for example_subdag_operator to 2022-01-01 00:00:00+00:00, run_after=2022-01-01 00:00:00+00:00
[2026-02-25T10:51:42.477+0000] {logging_mixin.py:190} INFO - [2026-02-25T10:51:42.477+0000] {dag.py:4180} INFO - Setting next_dagrun for example_subdag_operator.section-1 to None, run_after=None
[2026-02-25T10:51:42.478+0000] {logging_mixin.py:190} INFO - [2026-02-25T10:51:42.478+0000] {dag.py:4180} INFO - Setting next_dagrun for example_subdag_operator.section-2 to None, run_after=None
[2026-02-25T10:51:42.553+0000] {logging_mixin.py:190} INFO - [2026-02-25T10:51:42.553+0000] {dag.py:3239} INFO - Sync 2 DAGs
[2026-02-25T10:51:42.556+0000] {logging_mixin.py:190} INFO - [2026-02-25T10:51:42.556+0000] {dag.py:4180} INFO - Setting next_dagrun for example_subdag_operator.section-1 to None, run_after=None
[2026-02-25T10:51:42.556+0000] {logging_mixin.py:190} INFO - [2026-02-25T10:51:42.556+0000] {dag.py:4180} INFO - Setting next_dagrun for example_subdag_operator.section-2 to None, run_after=None
[2026-02-25T10:51:42.568+0000] {processor.py:208} INFO - Processing /home/ubuntu/airflow-venv/lib/python3.12/site-packages/airflow/example_dags/example_subdag_operator.py took 0.132 seconds
[2026-02-25T10:57:39.836+0000] {processor.py:186} INFO - Started process (PID=6990) to work on /home/ubuntu/airflow-venv/lib/python3.12/site-packages/airflow/example_dags/example_subdag_operator.py
[2026-02-25T10:57:39.837+0000] {processor.py:914} INFO - Processing file /home/ubuntu/airflow-venv/lib/python3.12/site-packages/airflow/example_dags/example_subdag_operator.py for tasks to queue
[2026-02-25T10:57:39.839+0000] {logging_mixin.py:190} INFO - [2026-02-25T10:57:39.839+0000] {dagbag.py:588} INFO - Filling up the DagBag from /home/ubuntu/airflow-venv/lib/python3.12/site-packages/airflow/example_dags/example_subdag_operator.py
[2026-02-25T10:57:39.853+0000] {processor.py:925} INFO - DAG(s) 'example_subdag_operator.section-1', 'example_subdag_operator.section-2', 'example_subdag_operator' retrieved from /home/ubuntu/airflow-venv/lib/python3.12/site-packages/airflow/example_dags/example_subdag_operator.py
[2026-02-25T10:57:39.862+0000] {logging_mixin.py:190} INFO - [2026-02-25T10:57:39.862+0000] {dag.py:3239} INFO - Sync 3 DAGs
[2026-02-25T10:57:39.875+0000] {logging_mixin.py:190} INFO - [2026-02-25T10:57:39.875+0000] {dag.py:4180} INFO - Setting next_dagrun for example_subdag_operator to 2022-01-01 00:00:00+00:00, run_after=2022-01-01 00:00:00+00:00
[2026-02-25T10:57:39.877+0000] {logging_mixin.py:190} INFO - [2026-02-25T10:57:39.877+0000] {dag.py:4180} INFO - Setting next_dagrun for example_subdag_operator.section-1 to None, run_after=None
[2026-02-25T10:57:39.877+0000] {logging_mixin.py:190} INFO - [2026-02-25T10:57:39.877+0000] {dag.py:4180} INFO - Setting next_dagrun for example_subdag_operator.section-2 to None, run_after=None
[2026-02-25T10:57:39.881+0000] {logging_mixin.py:190} INFO - [2026-02-25T10:57:39.880+0000] {dag.py:3239} INFO - Sync 2 DAGs
[2026-02-25T10:57:39.883+0000] {logging_mixin.py:190} INFO - [2026-02-25T10:57:39.883+0000] {dag.py:4180} INFO - Setting next_dagrun for example_subdag_operator.section-1 to None, run_after=None
[2026-02-25T10:57:39.883+0000] {logging_mixin.py:190} INFO - [2026-02-25T10:57:39.883+0000] {dag.py:4180} INFO - Setting next_dagrun for example_subdag_operator.section-2 to None, run_after=None
[2026-02-25T10:57:39.895+0000] {processor.py:208} INFO - Processing /home/ubuntu/airflow-venv/lib/python3.12/site-packages/airflow/example_dags/example_subdag_operator.py took 0.062 seconds
[2026-02-25T10:58:34.106+0000] {processor.py:186} INFO - Started process (PID=7418) to work on /home/ubuntu/airflow-venv/lib/python3.12/site-packages/airflow/example_dags/example_subdag_operator.py
[2026-02-25T10:58:34.107+0000] {processor.py:914} INFO - Processing file /home/ubuntu/airflow-venv/lib/python3.12/site-packages/airflow/example_dags/example_subdag_operator.py for tasks to queue
[2026-02-25T10:58:34.109+0000] {logging_mixin.py:190} INFO - [2026-02-25T10:58:34.108+0000] {dagbag.py:588} INFO - Filling up the DagBag from /home/ubuntu/airflow-venv/lib/python3.12/site-packages/airflow/example_dags/example_subdag_operator.py
[2026-02-25T10:58:34.123+0000] {processor.py:925} INFO - DAG(s) 'example_subdag_operator.section-1', 'example_subdag_operator.section-2', 'example_subdag_operator' retrieved from /home/ubuntu/airflow-venv/lib/python3.12/site-packages/airflow/example_dags/example_subdag_operator.py
[2026-02-25T10:58:34.131+0000] {logging_mixin.py:190} INFO - [2026-02-25T10:58:34.131+0000] {dag.py:3239} INFO - Sync 3 DAGs
[2026-02-25T10:58:34.142+0000] {logging_mixin.py:190} INFO - [2026-02-25T10:58:34.142+0000] {dag.py:4180} INFO - Setting next_dagrun for example_subdag_operator to 2022-01-01 00:00:00+00:00, run_after=2022-01-01 00:00:00+00:00
[2026-02-25T10:58:34.144+0000] {logging_mixin.py:190} INFO - [2026-02-25T10:58:34.144+0000] {dag.py:4180} INFO - Setting next_dagrun for example_subdag_operator.section-1 to None, run_after=None
[2026-02-25T10:58:34.145+0000] {logging_mixin.py:190} INFO - [2026-02-25T10:58:34.145+0000] {dag.py:4180} INFO - Setting next_dagrun for example_subdag_operator.section-2 to None, run_after=None
[2026-02-25T10:58:34.149+0000] {logging_mixin.py:190} INFO - [2026-02-25T10:58:34.149+0000] {dag.py:3239} INFO - Sync 2 DAGs
[2026-02-25T10:58:34.151+0000] {logging_mixin.py:190} INFO - [2026-02-25T10:58:34.151+0000] {dag.py:4180} INFO - Setting next_dagrun for example_subdag_operator.section-1 to None, run_after=None
[2026-02-25T10:58:34.151+0000] {logging_mixin.py:190} INFO - [2026-02-25T10:58:34.151+0000] {dag.py:4180} INFO - Setting next_dagrun for example_subdag_operator.section-2 to None, run_after=None
[2026-02-25T10:58:34.163+0000] {processor.py:208} INFO - Processing /home/ubuntu/airflow-venv/lib/python3.12/site-packages/airflow/example_dags/example_subdag_operator.py took 0.060 seconds
[2026-02-25T10:59:23.112+0000] {processor.py:186} INFO - Started process (PID=7476) to work on /home/ubuntu/airflow-venv/lib/python3.12/site-packages/airflow/example_dags/example_subdag_operator.py
[2026-02-25T10:59:23.114+0000] {processor.py:914} INFO - Processing file /home/ubuntu/airflow-venv/lib/python3.12/site-packages/airflow/example_dags/example_subdag_operator.py for tasks to queue
[2026-02-25T10:59:23.115+0000] {logging_mixin.py:190} INFO - [2026-02-25T10:59:23.115+0000] {dagbag.py:588} INFO - Filling up the DagBag from /home/ubuntu/airflow-venv/lib/python3.12/site-packages/airflow/example_dags/example_subdag_operator.py
[2026-02-25T10:59:23.129+0000] {processor.py:925} INFO - DAG(s) 'example_subdag_operator.section-1', 'example_subdag_operator.section-2', 'example_subdag_operator' retrieved from /home/ubuntu/airflow-venv/lib/python3.12/site-packages/airflow/example_dags/example_subdag_operator.py
[2026-02-25T10:59:23.137+0000] {logging_mixin.py:190} INFO - [2026-02-25T10:59:23.137+0000] {dag.py:3239} INFO - Sync 3 DAGs
[2026-02-25T10:59:23.149+0000] {logging_mixin.py:190} INFO - [2026-02-25T10:59:23.149+0000] {dag.py:4180} INFO - Setting next_dagrun for example_subdag_operator to 2022-01-01 00:00:00+00:00, run_after=2022-01-01 00:00:00+00:00
[2026-02-25T10:59:23.151+0000] {logging_mixin.py:190} INFO - [2026-02-25T10:59:23.151+0000] {dag.py:4180} INFO - Setting next_dagrun for example_subdag_operator.section-1 to None, run_after=None
[2026-02-25T10:59:23.151+0000] {logging_mixin.py:190} INFO - [2026-02-25T10:59:23.151+0000] {dag.py:4180} INFO - Setting next_dagrun for example_subdag_operator.section-2 to None, run_after=None
[2026-02-25T10:59:23.155+0000] {logging_mixin.py:190} INFO - [2026-02-25T10:59:23.154+0000] {dag.py:3239} INFO - Sync 2 DAGs
[2026-02-25T10:59:23.157+0000] {logging_mixin.py:190} INFO - [2026-02-25T10:59:23.157+0000] {dag.py:4180} INFO - Setting next_dagrun for example_subdag_operator.section-1 to None, run_after=None
[2026-02-25T10:59:23.157+0000] {logging_mixin.py:190} INFO - [2026-02-25T10:59:23.157+0000] {dag.py:4180} INFO - Setting next_dagrun for example_subdag_operator.section-2 to None, run_after=None
[2026-02-25T10:59:23.169+0000] {processor.py:208} INFO - Processing /home/ubuntu/airflow-venv/lib/python3.12/site-packages/airflow/example_dags/example_subdag_operator.py took 0.060 seconds
[2026-02-25T11:00:13.894+0000] {processor.py:186} INFO - Started process (PID=7893) to work on /home/ubuntu/airflow-venv/lib/python3.12/site-packages/airflow/example_dags/example_subdag_operator.py
[2026-02-25T11:00:13.895+0000] {processor.py:914} INFO - Processing file /home/ubuntu/airflow-venv/lib/python3.12/site-packages/airflow/example_dags/example_subdag_operator.py for tasks to queue
[2026-02-25T11:00:13.897+0000] {logging_mixin.py:190} INFO - [2026-02-25T11:00:13.897+0000] {dagbag.py:588} INFO - Filling up the DagBag from /home/ubuntu/airflow-venv/lib/python3.12/site-packages/airflow/example_dags/example_subdag_operator.py
[2026-02-25T11:00:13.910+0000] {processor.py:925} INFO - DAG(s) 'example_subdag_operator.section-1', 'example_subdag_operator.section-2', 'example_subdag_operator' retrieved from /home/ubuntu/airflow-venv/lib/python3.12/site-packages/airflow/example_dags/example_subdag_operator.py
[2026-02-25T11:00:13.918+0000] {logging_mixin.py:190} INFO - [2026-02-25T11:00:13.918+0000] {dag.py:3239} INFO - Sync 3 DAGs
[2026-02-25T11:00:13.929+0000] {logging_mixin.py:190} INFO - [2026-02-25T11:00:13.929+0000] {dag.py:4180} INFO - Setting next_dagrun for example_subdag_operator to 2022-01-01 00:00:00+00:00, run_after=2022-01-01 00:00:00+00:00
[2026-02-25T11:00:13.932+0000] {logging_mixin.py:190} INFO - [2026-02-25T11:00:13.932+0000] {dag.py:4180} INFO - Setting next_dagrun for example_subdag_operator.section-1 to None, run_after=None
[2026-02-25T11:00:13.932+0000] {logging_mixin.py:190} INFO - [2026-02-25T11:00:13.932+0000] {dag.py:4180} INFO - Setting next_dagrun for example_subdag_operator.section-2 to None, run_after=None
[2026-02-25T11:00:13.936+0000] {logging_mixin.py:190} INFO - [2026-02-25T11:00:13.935+0000] {dag.py:3239} INFO - Sync 2 DAGs
[2026-02-25T11:00:13.938+0000] {logging_mixin.py:190} INFO - [2026-02-25T11:00:13.938+0000] {dag.py:4180} INFO - Setting next_dagrun for example_subdag_operator.section-1 to None, run_after=None
[2026-02-25T11:00:13.938+0000] {logging_mixin.py:190} INFO - [2026-02-25T11:00:13.938+0000] {dag.py:4180} INFO - Setting next_dagrun for example_subdag_operator.section-2 to None, run_after=None
[2026-02-25T11:00:13.949+0000] {processor.py:208} INFO - Processing /home/ubuntu/airflow-venv/lib/python3.12/site-packages/airflow/example_dags/example_subdag_operator.py took 0.059 seconds
[2026-02-25T11:00:37.910+0000] {processor.py:186} INFO - Started process (PID=7955) to work on /home/ubuntu/airflow-venv/lib/python3.12/site-packages/airflow/example_dags/example_subdag_operator.py
[2026-02-25T11:00:37.911+0000] {processor.py:914} INFO - Processing file /home/ubuntu/airflow-venv/lib/python3.12/site-packages/airflow/example_dags/example_subdag_operator.py for tasks to queue
[2026-02-25T11:00:37.912+0000] {logging_mixin.py:190} INFO - [2026-02-25T11:00:37.912+0000] {dagbag.py:588} INFO - Filling up the DagBag from /home/ubuntu/airflow-venv/lib/python3.12/site-packages/airflow/example_dags/example_subdag_operator.py
[2026-02-25T11:00:37.927+0000] {processor.py:925} INFO - DAG(s) 'example_subdag_operator.section-1', 'example_subdag_operator.section-2', 'example_subdag_operator' retrieved from /home/ubuntu/airflow-venv/lib/python3.12/site-packages/airflow/example_dags/example_subdag_operator.py
[2026-02-25T11:00:37.937+0000] {logging_mixin.py:190} INFO - [2026-02-25T11:00:37.937+0000] {dag.py:3239} INFO - Sync 3 DAGs
[2026-02-25T11:00:37.950+0000] {logging_mixin.py:190} INFO - [2026-02-25T11:00:37.950+0000] {dag.py:4180} INFO - Setting next_dagrun for example_subdag_operator to 2022-01-01 00:00:00+00:00, run_after=2022-01-01 00:00:00+00:00
[2026-02-25T11:00:37.952+0000] {logging_mixin.py:190} INFO - [2026-02-25T11:00:37.952+0000] {dag.py:4180} INFO - Setting next_dagrun for example_subdag_operator.section-1 to None, run_after=None
[2026-02-25T11:00:37.953+0000] {logging_mixin.py:190} INFO - [2026-02-25T11:00:37.953+0000] {dag.py:4180} INFO - Setting next_dagrun for example_subdag_operator.section-2 to None, run_after=None
[2026-02-25T11:00:37.956+0000] {logging_mixin.py:190} INFO - [2026-02-25T11:00:37.956+0000] {dag.py:3239} INFO - Sync 2 DAGs
[2026-02-25T11:00:37.958+0000] {logging_mixin.py:190} INFO - [2026-02-25T11:00:37.958+0000] {dag.py:4180} INFO - Setting next_dagrun for example_subdag_operator.section-1 to None, run_after=None
[2026-02-25T11:00:37.958+0000] {logging_mixin.py:190} INFO - [2026-02-25T11:00:37.958+0000] {dag.py:4180} INFO - Setting next_dagrun for example_subdag_operator.section-2 to None, run_after=None
[2026-02-25T11:00:37.971+0000] {processor.py:208} INFO - Processing /home/ubuntu/airflow-venv/lib/python3.12/site-packages/airflow/example_dags/example_subdag_operator.py took 0.064 seconds
[2026-02-25T11:05:27.443+0000] {processor.py:186} INFO - Started process (PID=8059) to work on /home/ubuntu/airflow-venv/lib/python3.12/site-packages/airflow/example_dags/example_subdag_operator.py
[2026-02-25T11:05:27.444+0000] {processor.py:914} INFO - Processing file /home/ubuntu/airflow-venv/lib/python3.12/site-packages/airflow/example_dags/example_subdag_operator.py for tasks to queue
[2026-02-25T11:05:27.446+0000] {logging_mixin.py:190} INFO - [2026-02-25T11:05:27.446+0000] {dagbag.py:588} INFO - Filling up the DagBag from /home/ubuntu/airflow-venv/lib/python3.12/site-packages/airflow/example_dags/example_subdag_operator.py
[2026-02-25T11:05:27.459+0000] {processor.py:925} INFO - DAG(s) 'example_subdag_operator.section-1', 'example_subdag_operator.section-2', 'example_subdag_operator' retrieved from /home/ubuntu/airflow-venv/lib/python3.12/site-packages/airflow/example_dags/example_subdag_operator.py
[2026-02-25T11:05:27.469+0000] {logging_mixin.py:190} INFO - [2026-02-25T11:05:27.468+0000] {dag.py:3239} INFO - Sync 3 DAGs
[2026-02-25T11:05:27.481+0000] {logging_mixin.py:190} INFO - [2026-02-25T11:05:27.480+0000] {dag.py:4180} INFO - Setting next_dagrun for example_subdag_operator to 2022-01-01 00:00:00+00:00, run_after=2022-01-01 00:00:00+00:00
[2026-02-25T11:05:27.483+0000] {logging_mixin.py:190} INFO - [2026-02-25T11:05:27.482+0000] {dag.py:4180} INFO - Setting next_dagrun for example_subdag_operator.section-1 to None, run_after=None
[2026-02-25T11:05:27.483+0000] {logging_mixin.py:190} INFO - [2026-02-25T11:05:27.483+0000] {dag.py:4180} INFO - Setting next_dagrun for example_subdag_operator.section-2 to None, run_after=None
[2026-02-25T11:05:27.486+0000] {logging_mixin.py:190} INFO - [2026-02-25T11:05:27.486+0000] {dag.py:3239} INFO - Sync 2 DAGs
[2026-02-25T11:05:27.488+0000] {logging_mixin.py:190} INFO - [2026-02-25T11:05:27.488+0000] {dag.py:4180} INFO - Setting next_dagrun for example_subdag_operator.section-1 to None, run_after=None
[2026-02-25T11:05:27.489+0000] {logging_mixin.py:190} INFO - [2026-02-25T11:05:27.489+0000] {dag.py:4180} INFO - Setting next_dagrun for example_subdag_operator.section-2 to None, run_after=None
[2026-02-25T11:05:27.501+0000] {processor.py:208} INFO - Processing /home/ubuntu/airflow-venv/lib/python3.12/site-packages/airflow/example_dags/example_subdag_operator.py took 0.061 seconds
[2026-02-25T11:06:01.173+0000] {processor.py:186} INFO - Started process (PID=8121) to work on /home/ubuntu/airflow-venv/lib/python3.12/site-packages/airflow/example_dags/example_subdag_operator.py
[2026-02-25T11:06:01.173+0000] {processor.py:914} INFO - Processing file /home/ubuntu/airflow-venv/lib/python3.12/site-packages/airflow/example_dags/example_subdag_operator.py for tasks to queue
[2026-02-25T11:06:01.175+0000] {logging_mixin.py:190} INFO - [2026-02-25T11:06:01.175+0000] {dagbag.py:588} INFO - Filling up the DagBag from /home/ubuntu/airflow-venv/lib/python3.12/site-packages/airflow/example_dags/example_subdag_operator.py
[2026-02-25T11:06:01.194+0000] {processor.py:925} INFO - DAG(s) 'example_subdag_operator.section-1', 'example_subdag_operator.section-2', 'example_subdag_operator' retrieved from /home/ubuntu/airflow-venv/lib/python3.12/site-packages/airflow/example_dags/example_subdag_operator.py
[2026-02-25T11:06:01.206+0000] {logging_mixin.py:190} INFO - [2026-02-25T11:06:01.205+0000] {dag.py:3239} INFO - Sync 3 DAGs
[2026-02-25T11:06:01.221+0000] {logging_mixin.py:190} INFO - [2026-02-25T11:06:01.221+0000] {dag.py:4180} INFO - Setting next_dagrun for example_subdag_operator to 2022-01-01 00:00:00+00:00, run_after=2022-01-01 00:00:00+00:00
[2026-02-25T11:06:01.223+0000] {logging_mixin.py:190} INFO - [2026-02-25T11:06:01.222+0000] {dag.py:4180} INFO - Setting next_dagrun for example_subdag_operator.section-1 to None, run_after=None
[2026-02-25T11:06:01.223+0000] {logging_mixin.py:190} INFO - [2026-02-25T11:06:01.223+0000] {dag.py:4180} INFO - Setting next_dagrun for example_subdag_operator.section-2 to None, run_after=None
[2026-02-25T11:06:01.226+0000] {logging_mixin.py:190} INFO - [2026-02-25T11:06:01.226+0000] {dag.py:3239} INFO - Sync 2 DAGs
[2026-02-25T11:06:01.229+0000] {logging_mixin.py:190} INFO - [2026-02-25T11:06:01.228+0000] {dag.py:4180} INFO - Setting next_dagrun for example_subdag_operator.section-1 to None, run_after=None
[2026-02-25T11:06:01.229+0000] {logging_mixin.py:190} INFO - [2026-02-25T11:06:01.229+0000] {dag.py:4180} INFO - Setting next_dagrun for example_subdag_operator.section-2 to None, run_after=None
[2026-02-25T11:06:01.241+0000] {processor.py:208} INFO - Processing /home/ubuntu/airflow-venv/lib/python3.12/site-packages/airflow/example_dags/example_subdag_operator.py took 0.073 seconds
[2026-02-25T11:06:21.696+0000] {processor.py:186} INFO - Started process (PID=8165) to work on /home/ubuntu/airflow-venv/lib/python3.12/site-packages/airflow/example_dags/example_subdag_operator.py
[2026-02-25T11:06:21.698+0000] {processor.py:914} INFO - Processing file /home/ubuntu/airflow-venv/lib/python3.12/site-packages/airflow/example_dags/example_subdag_operator.py for tasks to queue
[2026-02-25T11:06:21.699+0000] {logging_mixin.py:190} INFO - [2026-02-25T11:06:21.699+0000] {dagbag.py:588} INFO - Filling up the DagBag from /home/ubuntu/airflow-venv/lib/python3.12/site-packages/airflow/example_dags/example_subdag_operator.py
[2026-02-25T11:06:21.714+0000] {processor.py:925} INFO - DAG(s) 'example_subdag_operator.section-1', 'example_subdag_operator.section-2', 'example_subdag_operator' retrieved from /home/ubuntu/airflow-venv/lib/python3.12/site-packages/airflow/example_dags/example_subdag_operator.py
[2026-02-25T11:06:21.726+0000] {logging_mixin.py:190} INFO - [2026-02-25T11:06:21.725+0000] {dag.py:3239} INFO - Sync 3 DAGs
[2026-02-25T11:06:21.742+0000] {logging_mixin.py:190} INFO - [2026-02-25T11:06:21.742+0000] {dag.py:4180} INFO - Setting next_dagrun for example_subdag_operator to 2022-01-01 00:00:00+00:00, run_after=2022-01-01 00:00:00+00:00
[2026-02-25T11:06:21.745+0000] {logging_mixin.py:190} INFO - [2026-02-25T11:06:21.745+0000] {dag.py:4180} INFO - Setting next_dagrun for example_subdag_operator.section-1 to None, run_after=None
[2026-02-25T11:06:21.746+0000] {logging_mixin.py:190} INFO - [2026-02-25T11:06:21.746+0000] {dag.py:4180} INFO - Setting next_dagrun for example_subdag_operator.section-2 to None, run_after=None
[2026-02-25T11:06:21.752+0000] {logging_mixin.py:190} INFO - [2026-02-25T11:06:21.752+0000] {dag.py:3239} INFO - Sync 2 DAGs
[2026-02-25T11:06:21.755+0000] {logging_mixin.py:190} INFO - [2026-02-25T11:06:21.755+0000] {dag.py:4180} INFO - Setting next_dagrun for example_subdag_operator.section-1 to None, run_after=None
[2026-02-25T11:06:21.755+0000] {logging_mixin.py:190} INFO - [2026-02-25T11:06:21.755+0000] {dag.py:4180} INFO - Setting next_dagrun for example_subdag_operator.section-2 to None, run_after=None
[2026-02-25T11:06:21.769+0000] {processor.py:208} INFO - Processing /home/ubuntu/airflow-venv/lib/python3.12/site-packages/airflow/example_dags/example_subdag_operator.py took 0.076 seconds
[2026-02-25T11:06:55.420+0000] {processor.py:186} INFO - Started process (PID=8236) to work on /home/ubuntu/airflow-venv/lib/python3.12/site-packages/airflow/example_dags/example_subdag_operator.py
[2026-02-25T11:06:55.421+0000] {processor.py:914} INFO - Processing file /home/ubuntu/airflow-venv/lib/python3.12/site-packages/airflow/example_dags/example_subdag_operator.py for tasks to queue
[2026-02-25T11:06:55.422+0000] {logging_mixin.py:190} INFO - [2026-02-25T11:06:55.422+0000] {dagbag.py:588} INFO - Filling up the DagBag from /home/ubuntu/airflow-venv/lib/python3.12/site-packages/airflow/example_dags/example_subdag_operator.py
[2026-02-25T11:06:55.436+0000] {processor.py:925} INFO - DAG(s) 'example_subdag_operator.section-1', 'example_subdag_operator.section-2', 'example_subdag_operator' retrieved from /home/ubuntu/airflow-venv/lib/python3.12/site-packages/airflow/example_dags/example_subdag_operator.py
[2026-02-25T11:06:55.444+0000] {logging_mixin.py:190} INFO - [2026-02-25T11:06:55.444+0000] {dag.py:3239} INFO - Sync 3 DAGs
[2026-02-25T11:06:55.456+0000] {logging_mixin.py:190} INFO - [2026-02-25T11:06:55.455+0000] {dag.py:4180} INFO - Setting next_dagrun for example_subdag_operator to 2022-01-01 00:00:00+00:00, run_after=2022-01-01 00:00:00+00:00
[2026-02-25T11:06:55.457+0000] {logging_mixin.py:190} INFO - [2026-02-25T11:06:55.457+0000] {dag.py:4180} INFO - Setting next_dagrun for example_subdag_operator.section-1 to None, run_after=None
[2026-02-25T11:06:55.458+0000] {logging_mixin.py:190} INFO - [2026-02-25T11:06:55.458+0000] {dag.py:4180} INFO - Setting next_dagrun for example_subdag_operator.section-2 to None, run_after=None
[2026-02-25T11:06:55.462+0000] {logging_mixin.py:190} INFO - [2026-02-25T11:06:55.462+0000] {dag.py:3239} INFO - Sync 2 DAGs
[2026-02-25T11:06:55.464+0000] {logging_mixin.py:190} INFO - [2026-02-25T11:06:55.464+0000] {dag.py:4180} INFO - Setting next_dagrun for example_subdag_operator.section-1 to None, run_after=None
[2026-02-25T11:06:55.464+0000] {logging_mixin.py:190} INFO - [2026-02-25T11:06:55.464+0000] {dag.py:4180} INFO - Setting next_dagrun for example_subdag_operator.section-2 to None, run_after=None
[2026-02-25T11:06:55.476+0000] {processor.py:208} INFO - Processing /home/ubuntu/airflow-venv/lib/python3.12/site-packages/airflow/example_dags/example_subdag_operator.py took 0.059 seconds
[2026-02-25T11:07:10.029+0000] {processor.py:186} INFO - Started process (PID=8267) to work on /home/ubuntu/airflow-venv/lib/python3.12/site-packages/airflow/example_dags/example_subdag_operator.py
[2026-02-25T11:07:10.030+0000] {processor.py:914} INFO - Processing file /home/ubuntu/airflow-venv/lib/python3.12/site-packages/airflow/example_dags/example_subdag_operator.py for tasks to queue
[2026-02-25T11:07:10.031+0000] {logging_mixin.py:190} INFO - [2026-02-25T11:07:10.031+0000] {dagbag.py:588} INFO - Filling up the DagBag from /home/ubuntu/airflow-venv/lib/python3.12/site-packages/airflow/example_dags/example_subdag_operator.py
[2026-02-25T11:07:10.045+0000] {processor.py:925} INFO - DAG(s) 'example_subdag_operator.section-1', 'example_subdag_operator.section-2', 'example_subdag_operator' retrieved from /home/ubuntu/airflow-venv/lib/python3.12/site-packages/airflow/example_dags/example_subdag_operator.py
[2026-02-25T11:07:10.053+0000] {logging_mixin.py:190} INFO - [2026-02-25T11:07:10.053+0000] {dag.py:3239} INFO - Sync 3 DAGs
[2026-02-25T11:07:10.064+0000] {logging_mixin.py:190} INFO - [2026-02-25T11:07:10.064+0000] {dag.py:4180} INFO - Setting next_dagrun for example_subdag_operator to 2022-01-01 00:00:00+00:00, run_after=2022-01-01 00:00:00+00:00
[2026-02-25T11:07:10.066+0000] {logging_mixin.py:190} INFO - [2026-02-25T11:07:10.066+0000] {dag.py:4180} INFO - Setting next_dagrun for example_subdag_operator.section-1 to None, run_after=None
[2026-02-25T11:07:10.066+0000] {logging_mixin.py:190} INFO - [2026-02-25T11:07:10.066+0000] {dag.py:4180} INFO - Setting next_dagrun for example_subdag_operator.section-2 to None, run_after=None
[2026-02-25T11:07:10.070+0000] {logging_mixin.py:190} INFO - [2026-02-25T11:07:10.070+0000] {dag.py:3239} INFO - Sync 2 DAGs
[2026-02-25T11:07:10.072+0000] {logging_mixin.py:190} INFO - [2026-02-25T11:07:10.072+0000] {dag.py:4180} INFO - Setting next_dagrun for example_subdag_operator.section-1 to None, run_after=None
[2026-02-25T11:07:10.072+0000] {logging_mixin.py:190} INFO - [2026-02-25T11:07:10.072+0000] {dag.py:4180} INFO - Setting next_dagrun for example_subdag_operator.section-2 to None, run_after=None
[2026-02-25T11:07:10.084+0000] {processor.py:208} INFO - Processing /home/ubuntu/airflow-venv/lib/python3.12/site-packages/airflow/example_dags/example_subdag_operator.py took 0.058 seconds
[2026-02-25T11:07:43.755+0000] {processor.py:186} INFO - Started process (PID=8339) to work on /home/ubuntu/airflow-venv/lib/python3.12/site-packages/airflow/example_dags/example_subdag_operator.py
[2026-02-25T11:07:43.756+0000] {processor.py:914} INFO - Processing file /home/ubuntu/airflow-venv/lib/python3.12/site-packages/airflow/example_dags/example_subdag_operator.py for tasks to queue
[2026-02-25T11:07:43.757+0000] {logging_mixin.py:190} INFO - [2026-02-25T11:07:43.757+0000] {dagbag.py:588} INFO - Filling up the DagBag from /home/ubuntu/airflow-venv/lib/python3.12/site-packages/airflow/example_dags/example_subdag_operator.py
[2026-02-25T11:07:43.773+0000] {processor.py:925} INFO - DAG(s) 'example_subdag_operator.section-1', 'example_subdag_operator.section-2', 'example_subdag_operator' retrieved from /home/ubuntu/airflow-venv/lib/python3.12/site-packages/airflow/example_dags/example_subdag_operator.py
[2026-02-25T11:07:43.781+0000] {logging_mixin.py:190} INFO - [2026-02-25T11:07:43.781+0000] {dag.py:3239} INFO - Sync 3 DAGs
[2026-02-25T11:07:43.794+0000] {logging_mixin.py:190} INFO - [2026-02-25T11:07:43.793+0000] {dag.py:4180} INFO - Setting next_dagrun for example_subdag_operator to 2022-01-01 00:00:00+00:00, run_after=2022-01-01 00:00:00+00:00
[2026-02-25T11:07:43.796+0000] {logging_mixin.py:190} INFO - [2026-02-25T11:07:43.795+0000] {dag.py:4180} INFO - Setting next_dagrun for example_subdag_operator.section-1 to None, run_after=None
[2026-02-25T11:07:43.796+0000] {logging_mixin.py:190} INFO - [2026-02-25T11:07:43.796+0000] {dag.py:4180} INFO - Setting next_dagrun for example_subdag_operator.section-2 to None, run_after=None
[2026-02-25T11:07:43.800+0000] {logging_mixin.py:190} INFO - [2026-02-25T11:07:43.800+0000] {dag.py:3239} INFO - Sync 2 DAGs
[2026-02-25T11:07:43.802+0000] {logging_mixin.py:190} INFO - [2026-02-25T11:07:43.802+0000] {dag.py:4180} INFO - Setting next_dagrun for example_subdag_operator.section-1 to None, run_after=None
[2026-02-25T11:07:43.802+0000] {logging_mixin.py:190} INFO - [2026-02-25T11:07:43.802+0000] {dag.py:4180} INFO - Setting next_dagrun for example_subdag_operator.section-2 to None, run_after=None
[2026-02-25T11:07:43.814+0000] {processor.py:208} INFO - Processing /home/ubuntu/airflow-venv/lib/python3.12/site-packages/airflow/example_dags/example_subdag_operator.py took 0.063 seconds
[2026-02-25T11:08:05.525+0000] {processor.py:186} INFO - Started process (PID=8389) to work on /home/ubuntu/airflow-venv/lib/python3.12/site-packages/airflow/example_dags/example_subdag_operator.py
[2026-02-25T11:08:05.526+0000] {processor.py:914} INFO - Processing file /home/ubuntu/airflow-venv/lib/python3.12/site-packages/airflow/example_dags/example_subdag_operator.py for tasks to queue
[2026-02-25T11:08:05.527+0000] {logging_mixin.py:190} INFO - [2026-02-25T11:08:05.527+0000] {dagbag.py:588} INFO - Filling up the DagBag from /home/ubuntu/airflow-venv/lib/python3.12/site-packages/airflow/example_dags/example_subdag_operator.py
[2026-02-25T11:08:05.540+0000] {processor.py:925} INFO - DAG(s) 'example_subdag_operator.section-1', 'example_subdag_operator.section-2', 'example_subdag_operator' retrieved from /home/ubuntu/airflow-venv/lib/python3.12/site-packages/airflow/example_dags/example_subdag_operator.py
[2026-02-25T11:08:05.549+0000] {logging_mixin.py:190} INFO - [2026-02-25T11:08:05.549+0000] {dag.py:3239} INFO - Sync 3 DAGs
[2026-02-25T11:08:05.560+0000] {logging_mixin.py:190} INFO - [2026-02-25T11:08:05.560+0000] {dag.py:4180} INFO - Setting next_dagrun for example_subdag_operator to 2022-01-01 00:00:00+00:00, run_after=2022-01-01 00:00:00+00:00
[2026-02-25T11:08:05.562+0000] {logging_mixin.py:190} INFO - [2026-02-25T11:08:05.562+0000] {dag.py:4180} INFO - Setting next_dagrun for example_subdag_operator.section-1 to None, run_after=None
[2026-02-25T11:08:05.563+0000] {logging_mixin.py:190} INFO - [2026-02-25T11:08:05.563+0000] {dag.py:4180} INFO - Setting next_dagrun for example_subdag_operator.section-2 to None, run_after=None
[2026-02-25T11:08:05.566+0000] {logging_mixin.py:190} INFO - [2026-02-25T11:08:05.566+0000] {dag.py:3239} INFO - Sync 2 DAGs
[2026-02-25T11:08:05.568+0000] {logging_mixin.py:190} INFO - [2026-02-25T11:08:05.568+0000] {dag.py:4180} INFO - Setting next_dagrun for example_subdag_operator.section-1 to None, run_after=None
[2026-02-25T11:08:05.568+0000] {logging_mixin.py:190} INFO - [2026-02-25T11:08:05.568+0000] {dag.py:4180} INFO - Setting next_dagrun for example_subdag_operator.section-2 to None, run_after=None
[2026-02-25T11:08:05.581+0000] {processor.py:208} INFO - Processing /home/ubuntu/airflow-venv/lib/python3.12/site-packages/airflow/example_dags/example_subdag_operator.py took 0.059 seconds
[2026-02-25T11:08:39.251+0000] {processor.py:186} INFO - Started process (PID=8476) to work on /home/ubuntu/airflow-venv/lib/python3.12/site-packages/airflow/example_dags/example_subdag_operator.py
[2026-02-25T11:08:39.252+0000] {processor.py:914} INFO - Processing file /home/ubuntu/airflow-venv/lib/python3.12/site-packages/airflow/example_dags/example_subdag_operator.py for tasks to queue
[2026-02-25T11:08:39.254+0000] {logging_mixin.py:190} INFO - [2026-02-25T11:08:39.253+0000] {dagbag.py:588} INFO - Filling up the DagBag from /home/ubuntu/airflow-venv/lib/python3.12/site-packages/airflow/example_dags/example_subdag_operator.py
[2026-02-25T11:08:39.268+0000] {processor.py:925} INFO - DAG(s) 'example_subdag_operator.section-1', 'example_subdag_operator.section-2', 'example_subdag_operator' retrieved from /home/ubuntu/airflow-venv/lib/python3.12/site-packages/airflow/example_dags/example_subdag_operator.py
[2026-02-25T11:08:39.276+0000] {logging_mixin.py:190} INFO - [2026-02-25T11:08:39.276+0000] {dag.py:3239} INFO - Sync 3 DAGs
[2026-02-25T11:08:39.287+0000] {logging_mixin.py:190} INFO - [2026-02-25T11:08:39.287+0000] {dag.py:4180} INFO - Setting next_dagrun for example_subdag_operator to 2022-01-01 00:00:00+00:00, run_after=2022-01-01 00:00:00+00:00
[2026-02-25T11:08:39.289+0000] {logging_mixin.py:190} INFO - [2026-02-25T11:08:39.289+0000] {dag.py:4180} INFO - Setting next_dagrun for example_subdag_operator.section-1 to None, run_after=None
[2026-02-25T11:08:39.290+0000] {logging_mixin.py:190} INFO - [2026-02-25T11:08:39.290+0000] {dag.py:4180} INFO - Setting next_dagrun for example_subdag_operator.section-2 to None, run_after=None
[2026-02-25T11:08:39.293+0000] {logging_mixin.py:190} INFO - [2026-02-25T11:08:39.293+0000] {dag.py:3239} INFO - Sync 2 DAGs
[2026-02-25T11:08:39.295+0000] {logging_mixin.py:190} INFO - [2026-02-25T11:08:39.295+0000] {dag.py:4180} INFO - Setting next_dagrun for example_subdag_operator.section-1 to None, run_after=None
[2026-02-25T11:08:39.295+0000] {logging_mixin.py:190} INFO - [2026-02-25T11:08:39.295+0000] {dag.py:4180} INFO - Setting next_dagrun for example_subdag_operator.section-2 to None, run_after=None
[2026-02-25T11:08:39.307+0000] {processor.py:208} INFO - Processing /home/ubuntu/airflow-venv/lib/python3.12/site-packages/airflow/example_dags/example_subdag_operator.py took 0.059 seconds
[2026-02-25T11:08:56.567+0000] {processor.py:186} INFO - Started process (PID=8513) to work on /home/ubuntu/airflow-venv/lib/python3.12/site-packages/airflow/example_dags/example_subdag_operator.py
[2026-02-25T11:08:56.567+0000] {processor.py:914} INFO - Processing file /home/ubuntu/airflow-venv/lib/python3.12/site-packages/airflow/example_dags/example_subdag_operator.py for tasks to queue
[2026-02-25T11:08:56.569+0000] {logging_mixin.py:190} INFO - [2026-02-25T11:08:56.568+0000] {dagbag.py:588} INFO - Filling up the DagBag from /home/ubuntu/airflow-venv/lib/python3.12/site-packages/airflow/example_dags/example_subdag_operator.py
[2026-02-25T11:08:56.583+0000] {processor.py:925} INFO - DAG(s) 'example_subdag_operator.section-1', 'example_subdag_operator.section-2', 'example_subdag_operator' retrieved from /home/ubuntu/airflow-venv/lib/python3.12/site-packages/airflow/example_dags/example_subdag_operator.py
[2026-02-25T11:08:56.591+0000] {logging_mixin.py:190} INFO - [2026-02-25T11:08:56.591+0000] {dag.py:3239} INFO - Sync 3 DAGs
[2026-02-25T11:08:56.603+0000] {logging_mixin.py:190} INFO - [2026-02-25T11:08:56.603+0000] {dag.py:4180} INFO - Setting next_dagrun for example_subdag_operator to 2022-01-01 00:00:00+00:00, run_after=2022-01-01 00:00:00+00:00
[2026-02-25T11:08:56.605+0000] {logging_mixin.py:190} INFO - [2026-02-25T11:08:56.605+0000] {dag.py:4180} INFO - Setting next_dagrun for example_subdag_operator.section-1 to None, run_after=None
[2026-02-25T11:08:56.605+0000] {logging_mixin.py:190} INFO - [2026-02-25T11:08:56.605+0000] {dag.py:4180} INFO - Setting next_dagrun for example_subdag_operator.section-2 to None, run_after=None
[2026-02-25T11:08:56.609+0000] {logging_mixin.py:190} INFO - [2026-02-25T11:08:56.609+0000] {dag.py:3239} INFO - Sync 2 DAGs
[2026-02-25T11:08:56.611+0000] {logging_mixin.py:190} INFO - [2026-02-25T11:08:56.611+0000] {dag.py:4180} INFO - Setting next_dagrun for example_subdag_operator.section-1 to None, run_after=None
[2026-02-25T11:08:56.611+0000] {logging_mixin.py:190} INFO - [2026-02-25T11:08:56.611+0000] {dag.py:4180} INFO - Setting next_dagrun for example_subdag_operator.section-2 to None, run_after=None
[2026-02-25T11:08:56.623+0000] {processor.py:208} INFO - Processing /home/ubuntu/airflow-venv/lib/python3.12/site-packages/airflow/example_dags/example_subdag_operator.py took 0.060 seconds
[2026-02-25T11:09:28.602+0000] {processor.py:186} INFO - Started process (PID=8579) to work on /home/ubuntu/airflow-venv/lib/python3.12/site-packages/airflow/example_dags/example_subdag_operator.py
[2026-02-25T11:09:28.603+0000] {processor.py:914} INFO - Processing file /home/ubuntu/airflow-venv/lib/python3.12/site-packages/airflow/example_dags/example_subdag_operator.py for tasks to queue
[2026-02-25T11:09:28.604+0000] {logging_mixin.py:190} INFO - [2026-02-25T11:09:28.604+0000] {dagbag.py:588} INFO - Filling up the DagBag from /home/ubuntu/airflow-venv/lib/python3.12/site-packages/airflow/example_dags/example_subdag_operator.py
[2026-02-25T11:09:28.618+0000] {processor.py:925} INFO - DAG(s) 'example_subdag_operator.section-1', 'example_subdag_operator.section-2', 'example_subdag_operator' retrieved from /home/ubuntu/airflow-venv/lib/python3.12/site-packages/airflow/example_dags/example_subdag_operator.py
[2026-02-25T11:09:28.627+0000] {logging_mixin.py:190} INFO - [2026-02-25T11:09:28.626+0000] {dag.py:3239} INFO - Sync 3 DAGs
[2026-02-25T11:09:28.639+0000] {logging_mixin.py:190} INFO - [2026-02-25T11:09:28.639+0000] {dag.py:4180} INFO - Setting next_dagrun for example_subdag_operator to 2022-01-01 00:00:00+00:00, run_after=2022-01-01 00:00:00+00:00
[2026-02-25T11:09:28.641+0000] {logging_mixin.py:190} INFO - [2026-02-25T11:09:28.641+0000] {dag.py:4180} INFO - Setting next_dagrun for example_subdag_operator.section-1 to None, run_after=None
[2026-02-25T11:09:28.642+0000] {logging_mixin.py:190} INFO - [2026-02-25T11:09:28.642+0000] {dag.py:4180} INFO - Setting next_dagrun for example_subdag_operator.section-2 to None, run_after=None
[2026-02-25T11:09:28.647+0000] {logging_mixin.py:190} INFO - [2026-02-25T11:09:28.647+0000] {dag.py:3239} INFO - Sync 2 DAGs
[2026-02-25T11:09:28.650+0000] {logging_mixin.py:190} INFO - [2026-02-25T11:09:28.650+0000] {dag.py:4180} INFO - Setting next_dagrun for example_subdag_operator.section-1 to None, run_after=None
[2026-02-25T11:09:28.650+0000] {logging_mixin.py:190} INFO - [2026-02-25T11:09:28.650+0000] {dag.py:4180} INFO - Setting next_dagrun for example_subdag_operator.section-2 to None, run_after=None
[2026-02-25T11:09:28.670+0000] {processor.py:208} INFO - Processing /home/ubuntu/airflow-venv/lib/python3.12/site-packages/airflow/example_dags/example_subdag_operator.py took 0.072 seconds
[2026-02-25T11:09:49.321+0000] {processor.py:186} INFO - Started process (PID=8623) to work on /home/ubuntu/airflow-venv/lib/python3.12/site-packages/airflow/example_dags/example_subdag_operator.py
[2026-02-25T11:09:49.322+0000] {processor.py:914} INFO - Processing file /home/ubuntu/airflow-venv/lib/python3.12/site-packages/airflow/example_dags/example_subdag_operator.py for tasks to queue
[2026-02-25T11:09:49.323+0000] {logging_mixin.py:190} INFO - [2026-02-25T11:09:49.323+0000] {dagbag.py:588} INFO - Filling up the DagBag from /home/ubuntu/airflow-venv/lib/python3.12/site-packages/airflow/example_dags/example_subdag_operator.py
[2026-02-25T11:09:49.338+0000] {processor.py:925} INFO - DAG(s) 'example_subdag_operator.section-1', 'example_subdag_operator.section-2', 'example_subdag_operator' retrieved from /home/ubuntu/airflow-venv/lib/python3.12/site-packages/airflow/example_dags/example_subdag_operator.py
[2026-02-25T11:09:49.346+0000] {logging_mixin.py:190} INFO - [2026-02-25T11:09:49.346+0000] {dag.py:3239} INFO - Sync 3 DAGs
[2026-02-25T11:09:49.358+0000] {logging_mixin.py:190} INFO - [2026-02-25T11:09:49.358+0000] {dag.py:4180} INFO - Setting next_dagrun for example_subdag_operator to 2022-01-01 00:00:00+00:00, run_after=2022-01-01 00:00:00+00:00
[2026-02-25T11:09:49.360+0000] {logging_mixin.py:190} INFO - [2026-02-25T11:09:49.360+0000] {dag.py:4180} INFO - Setting next_dagrun for example_subdag_operator.section-1 to None, run_after=None
[2026-02-25T11:09:49.360+0000] {logging_mixin.py:190} INFO - [2026-02-25T11:09:49.360+0000] {dag.py:4180} INFO - Setting next_dagrun for example_subdag_operator.section-2 to None, run_after=None
[2026-02-25T11:09:49.364+0000] {logging_mixin.py:190} INFO - [2026-02-25T11:09:49.364+0000] {dag.py:3239} INFO - Sync 2 DAGs
[2026-02-25T11:09:49.366+0000] {logging_mixin.py:190} INFO - [2026-02-25T11:09:49.366+0000] {dag.py:4180} INFO - Setting next_dagrun for example_subdag_operator.section-1 to None, run_after=None
[2026-02-25T11:09:49.366+0000] {logging_mixin.py:190} INFO - [2026-02-25T11:09:49.366+0000] {dag.py:4180} INFO - Setting next_dagrun for example_subdag_operator.section-2 to None, run_after=None
[2026-02-25T11:09:49.378+0000] {processor.py:208} INFO - Processing /home/ubuntu/airflow-venv/lib/python3.12/site-packages/airflow/example_dags/example_subdag_operator.py took 0.060 seconds
[2026-02-25T11:10:20.484+0000] {processor.py:186} INFO - Started process (PID=8690) to work on /home/ubuntu/airflow-venv/lib/python3.12/site-packages/airflow/example_dags/example_subdag_operator.py
[2026-02-25T11:10:20.485+0000] {processor.py:914} INFO - Processing file /home/ubuntu/airflow-venv/lib/python3.12/site-packages/airflow/example_dags/example_subdag_operator.py for tasks to queue
[2026-02-25T11:10:20.487+0000] {logging_mixin.py:190} INFO - [2026-02-25T11:10:20.486+0000] {dagbag.py:588} INFO - Filling up the DagBag from /home/ubuntu/airflow-venv/lib/python3.12/site-packages/airflow/example_dags/example_subdag_operator.py
[2026-02-25T11:10:20.501+0000] {processor.py:925} INFO - DAG(s) 'example_subdag_operator.section-1', 'example_subdag_operator.section-2', 'example_subdag_operator' retrieved from /home/ubuntu/airflow-venv/lib/python3.12/site-packages/airflow/example_dags/example_subdag_operator.py
[2026-02-25T11:10:20.510+0000] {logging_mixin.py:190} INFO - [2026-02-25T11:10:20.510+0000] {dag.py:3239} INFO - Sync 3 DAGs
[2026-02-25T11:10:20.522+0000] {logging_mixin.py:190} INFO - [2026-02-25T11:10:20.522+0000] {dag.py:4180} INFO - Setting next_dagrun for example_subdag_operator to 2022-01-01 00:00:00+00:00, run_after=2022-01-01 00:00:00+00:00
[2026-02-25T11:10:20.524+0000] {logging_mixin.py:190} INFO - [2026-02-25T11:10:20.524+0000] {dag.py:4180} INFO - Setting next_dagrun for example_subdag_operator.section-1 to None, run_after=None
[2026-02-25T11:10:20.524+0000] {logging_mixin.py:190} INFO - [2026-02-25T11:10:20.524+0000] {dag.py:4180} INFO - Setting next_dagrun for example_subdag_operator.section-2 to None, run_after=None
[2026-02-25T11:10:20.528+0000] {logging_mixin.py:190} INFO - [2026-02-25T11:10:20.528+0000] {dag.py:3239} INFO - Sync 2 DAGs
[2026-02-25T11:10:20.530+0000] {logging_mixin.py:190} INFO - [2026-02-25T11:10:20.530+0000] {dag.py:4180} INFO - Setting next_dagrun for example_subdag_operator.section-1 to None, run_after=None
[2026-02-25T11:10:20.530+0000] {logging_mixin.py:190} INFO - [2026-02-25T11:10:20.530+0000] {dag.py:4180} INFO - Setting next_dagrun for example_subdag_operator.section-2 to None, run_after=None
[2026-02-25T11:10:20.542+0000] {processor.py:208} INFO - Processing /home/ubuntu/airflow-venv/lib/python3.12/site-packages/airflow/example_dags/example_subdag_operator.py took 0.061 seconds
[2026-02-25T11:10:36.114+0000] {processor.py:186} INFO - Started process (PID=8723) to work on /home/ubuntu/airflow-venv/lib/python3.12/site-packages/airflow/example_dags/example_subdag_operator.py
[2026-02-25T11:10:36.115+0000] {processor.py:914} INFO - Processing file /home/ubuntu/airflow-venv/lib/python3.12/site-packages/airflow/example_dags/example_subdag_operator.py for tasks to queue
[2026-02-25T11:10:36.116+0000] {logging_mixin.py:190} INFO - [2026-02-25T11:10:36.116+0000] {dagbag.py:588} INFO - Filling up the DagBag from /home/ubuntu/airflow-venv/lib/python3.12/site-packages/airflow/example_dags/example_subdag_operator.py
[2026-02-25T11:10:36.131+0000] {processor.py:925} INFO - DAG(s) 'example_subdag_operator.section-1', 'example_subdag_operator.section-2', 'example_subdag_operator' retrieved from /home/ubuntu/airflow-venv/lib/python3.12/site-packages/airflow/example_dags/example_subdag_operator.py
[2026-02-25T11:10:36.139+0000] {logging_mixin.py:190} INFO - [2026-02-25T11:10:36.139+0000] {dag.py:3239} INFO - Sync 3 DAGs
[2026-02-25T11:10:36.151+0000] {logging_mixin.py:190} INFO - [2026-02-25T11:10:36.150+0000] {dag.py:4180} INFO - Setting next_dagrun for example_subdag_operator to 2022-01-01 00:00:00+00:00, run_after=2022-01-01 00:00:00+00:00
[2026-02-25T11:10:36.152+0000] {logging_mixin.py:190} INFO - [2026-02-25T11:10:36.152+0000] {dag.py:4180} INFO - Setting next_dagrun for example_subdag_operator.section-1 to None, run_after=None
[2026-02-25T11:10:36.153+0000] {logging_mixin.py:190} INFO - [2026-02-25T11:10:36.153+0000] {dag.py:4180} INFO - Setting next_dagrun for example_subdag_operator.section-2 to None, run_after=None
[2026-02-25T11:10:36.156+0000] {logging_mixin.py:190} INFO - [2026-02-25T11:10:36.156+0000] {dag.py:3239} INFO - Sync 2 DAGs
[2026-02-25T11:10:36.159+0000] {logging_mixin.py:190} INFO - [2026-02-25T11:10:36.158+0000] {dag.py:4180} INFO - Setting next_dagrun for example_subdag_operator.section-1 to None, run_after=None
[2026-02-25T11:10:36.159+0000] {logging_mixin.py:190} INFO - [2026-02-25T11:10:36.159+0000] {dag.py:4180} INFO - Setting next_dagrun for example_subdag_operator.section-2 to None, run_after=None
[2026-02-25T11:10:36.171+0000] {processor.py:208} INFO - Processing /home/ubuntu/airflow-venv/lib/python3.12/site-packages/airflow/example_dags/example_subdag_operator.py took 0.060 seconds
[2026-02-25T11:11:11.090+0000] {processor.py:186} INFO - Started process (PID=8795) to work on /home/ubuntu/airflow-venv/lib/python3.12/site-packages/airflow/example_dags/example_subdag_operator.py
[2026-02-25T11:11:11.091+0000] {processor.py:914} INFO - Processing file /home/ubuntu/airflow-venv/lib/python3.12/site-packages/airflow/example_dags/example_subdag_operator.py for tasks to queue
[2026-02-25T11:11:11.092+0000] {logging_mixin.py:190} INFO - [2026-02-25T11:11:11.092+0000] {dagbag.py:588} INFO - Filling up the DagBag from /home/ubuntu/airflow-venv/lib/python3.12/site-packages/airflow/example_dags/example_subdag_operator.py
[2026-02-25T11:11:11.107+0000] {processor.py:925} INFO - DAG(s) 'example_subdag_operator.section-1', 'example_subdag_operator.section-2', 'example_subdag_operator' retrieved from /home/ubuntu/airflow-venv/lib/python3.12/site-packages/airflow/example_dags/example_subdag_operator.py
[2026-02-25T11:11:11.115+0000] {logging_mixin.py:190} INFO - [2026-02-25T11:11:11.115+0000] {dag.py:3239} INFO - Sync 3 DAGs
[2026-02-25T11:11:11.127+0000] {logging_mixin.py:190} INFO - [2026-02-25T11:11:11.126+0000] {dag.py:4180} INFO - Setting next_dagrun for example_subdag_operator to 2022-01-01 00:00:00+00:00, run_after=2022-01-01 00:00:00+00:00
[2026-02-25T11:11:11.128+0000] {logging_mixin.py:190} INFO - [2026-02-25T11:11:11.128+0000] {dag.py:4180} INFO - Setting next_dagrun for example_subdag_operator.section-1 to None, run_after=None
[2026-02-25T11:11:11.129+0000] {logging_mixin.py:190} INFO - [2026-02-25T11:11:11.129+0000] {dag.py:4180} INFO - Setting next_dagrun for example_subdag_operator.section-2 to None, run_after=None
[2026-02-25T11:11:11.133+0000] {logging_mixin.py:190} INFO - [2026-02-25T11:11:11.133+0000] {dag.py:3239} INFO - Sync 2 DAGs
[2026-02-25T11:11:11.210+0000] {logging_mixin.py:190} INFO - [2026-02-25T11:11:11.210+0000] {dag.py:4180} INFO - Setting next_dagrun for example_subdag_operator.section-1 to None, run_after=None
[2026-02-25T11:11:11.210+0000] {logging_mixin.py:190} INFO - [2026-02-25T11:11:11.210+0000] {dag.py:4180} INFO - Setting next_dagrun for example_subdag_operator.section-2 to None, run_after=None
[2026-02-25T11:11:11.222+0000] {processor.py:208} INFO - Processing /home/ubuntu/airflow-venv/lib/python3.12/site-packages/airflow/example_dags/example_subdag_operator.py took 0.136 seconds
[2026-02-25T11:11:28.939+0000] {processor.py:186} INFO - Started process (PID=8831) to work on /home/ubuntu/airflow-venv/lib/python3.12/site-packages/airflow/example_dags/example_subdag_operator.py
[2026-02-25T11:11:28.940+0000] {processor.py:914} INFO - Processing file /home/ubuntu/airflow-venv/lib/python3.12/site-packages/airflow/example_dags/example_subdag_operator.py for tasks to queue
[2026-02-25T11:11:28.941+0000] {logging_mixin.py:190} INFO - [2026-02-25T11:11:28.941+0000] {dagbag.py:588} INFO - Filling up the DagBag from /home/ubuntu/airflow-venv/lib/python3.12/site-packages/airflow/example_dags/example_subdag_operator.py
[2026-02-25T11:11:28.955+0000] {processor.py:925} INFO - DAG(s) 'example_subdag_operator.section-1', 'example_subdag_operator.section-2', 'example_subdag_operator' retrieved from /home/ubuntu/airflow-venv/lib/python3.12/site-packages/airflow/example_dags/example_subdag_operator.py
[2026-02-25T11:11:28.964+0000] {logging_mixin.py:190} INFO - [2026-02-25T11:11:28.964+0000] {dag.py:3239} INFO - Sync 3 DAGs
[2026-02-25T11:11:29.053+0000] {logging_mixin.py:190} INFO - [2026-02-25T11:11:29.052+0000] {dag.py:4180} INFO - Setting next_dagrun for example_subdag_operator to 2022-01-01 00:00:00+00:00, run_after=2022-01-01 00:00:00+00:00
[2026-02-25T11:11:29.054+0000] {logging_mixin.py:190} INFO - [2026-02-25T11:11:29.054+0000] {dag.py:4180} INFO - Setting next_dagrun for example_subdag_operator.section-1 to None, run_after=None
[2026-02-25T11:11:29.055+0000] {logging_mixin.py:190} INFO - [2026-02-25T11:11:29.055+0000] {dag.py:4180} INFO - Setting next_dagrun for example_subdag_operator.section-2 to None, run_after=None
[2026-02-25T11:11:29.058+0000] {logging_mixin.py:190} INFO - [2026-02-25T11:11:29.058+0000] {dag.py:3239} INFO - Sync 2 DAGs
[2026-02-25T11:11:29.060+0000] {logging_mixin.py:190} INFO - [2026-02-25T11:11:29.060+0000] {dag.py:4180} INFO - Setting next_dagrun for example_subdag_operator.section-1 to None, run_after=None
[2026-02-25T11:11:29.060+0000] {logging_mixin.py:190} INFO - [2026-02-25T11:11:29.060+0000] {dag.py:4180} INFO - Setting next_dagrun for example_subdag_operator.section-2 to None, run_after=None
[2026-02-25T11:11:29.072+0000] {processor.py:208} INFO - Processing /home/ubuntu/airflow-venv/lib/python3.12/site-packages/airflow/example_dags/example_subdag_operator.py took 0.137 seconds
[2026-02-25T11:12:05.241+0000] {processor.py:186} INFO - Started process (PID=8911) to work on /home/ubuntu/airflow-venv/lib/python3.12/site-packages/airflow/example_dags/example_subdag_operator.py
[2026-02-25T11:12:05.242+0000] {processor.py:914} INFO - Processing file /home/ubuntu/airflow-venv/lib/python3.12/site-packages/airflow/example_dags/example_subdag_operator.py for tasks to queue
[2026-02-25T11:12:05.244+0000] {logging_mixin.py:190} INFO - [2026-02-25T11:12:05.244+0000] {dagbag.py:588} INFO - Filling up the DagBag from /home/ubuntu/airflow-venv/lib/python3.12/site-packages/airflow/example_dags/example_subdag_operator.py
[2026-02-25T11:12:05.259+0000] {processor.py:925} INFO - DAG(s) 'example_subdag_operator.section-1', 'example_subdag_operator.section-2', 'example_subdag_operator' retrieved from /home/ubuntu/airflow-venv/lib/python3.12/site-packages/airflow/example_dags/example_subdag_operator.py
[2026-02-25T11:12:05.348+0000] {logging_mixin.py:190} INFO - [2026-02-25T11:12:05.348+0000] {dag.py:3239} INFO - Sync 3 DAGs
[2026-02-25T11:12:05.362+0000] {logging_mixin.py:190} INFO - [2026-02-25T11:12:05.362+0000] {dag.py:4180} INFO - Setting next_dagrun for example_subdag_operator to 2022-01-01 00:00:00+00:00, run_after=2022-01-01 00:00:00+00:00
[2026-02-25T11:12:05.365+0000] {logging_mixin.py:190} INFO - [2026-02-25T11:12:05.365+0000] {dag.py:4180} INFO - Setting next_dagrun for example_subdag_operator.section-1 to None, run_after=None
[2026-02-25T11:12:05.366+0000] {logging_mixin.py:190} INFO - [2026-02-25T11:12:05.366+0000] {dag.py:4180} INFO - Setting next_dagrun for example_subdag_operator.section-2 to None, run_after=None
[2026-02-25T11:12:05.370+0000] {logging_mixin.py:190} INFO - [2026-02-25T11:12:05.370+0000] {dag.py:3239} INFO - Sync 2 DAGs
[2026-02-25T11:12:05.373+0000] {logging_mixin.py:190} INFO - [2026-02-25T11:12:05.373+0000] {dag.py:4180} INFO - Setting next_dagrun for example_subdag_operator.section-1 to None, run_after=None
[2026-02-25T11:12:05.373+0000] {logging_mixin.py:190} INFO - [2026-02-25T11:12:05.373+0000] {dag.py:4180} INFO - Setting next_dagrun for example_subdag_operator.section-2 to None, run_after=None
[2026-02-25T11:12:05.385+0000] {processor.py:208} INFO - Processing /home/ubuntu/airflow-venv/lib/python3.12/site-packages/airflow/example_dags/example_subdag_operator.py took 0.147 seconds
[2026-02-25T11:12:20.491+0000] {processor.py:186} INFO - Started process (PID=8943) to work on /home/ubuntu/airflow-venv/lib/python3.12/site-packages/airflow/example_dags/example_subdag_operator.py
[2026-02-25T11:12:20.491+0000] {processor.py:914} INFO - Processing file /home/ubuntu/airflow-venv/lib/python3.12/site-packages/airflow/example_dags/example_subdag_operator.py for tasks to queue
[2026-02-25T11:12:20.493+0000] {logging_mixin.py:190} INFO - [2026-02-25T11:12:20.492+0000] {dagbag.py:588} INFO - Filling up the DagBag from /home/ubuntu/airflow-venv/lib/python3.12/site-packages/airflow/example_dags/example_subdag_operator.py
[2026-02-25T11:12:20.508+0000] {processor.py:925} INFO - DAG(s) 'example_subdag_operator.section-1', 'example_subdag_operator.section-2', 'example_subdag_operator' retrieved from /home/ubuntu/airflow-venv/lib/python3.12/site-packages/airflow/example_dags/example_subdag_operator.py
[2026-02-25T11:12:20.517+0000] {logging_mixin.py:190} INFO - [2026-02-25T11:12:20.517+0000] {dag.py:3239} INFO - Sync 3 DAGs
[2026-02-25T11:12:20.530+0000] {logging_mixin.py:190} INFO - [2026-02-25T11:12:20.530+0000] {dag.py:4180} INFO - Setting next_dagrun for example_subdag_operator to 2022-01-01 00:00:00+00:00, run_after=2022-01-01 00:00:00+00:00
[2026-02-25T11:12:20.532+0000] {logging_mixin.py:190} INFO - [2026-02-25T11:12:20.532+0000] {dag.py:4180} INFO - Setting next_dagrun for example_subdag_operator.section-1 to None, run_after=None
[2026-02-25T11:12:20.533+0000] {logging_mixin.py:190} INFO - [2026-02-25T11:12:20.533+0000] {dag.py:4180} INFO - Setting next_dagrun for example_subdag_operator.section-2 to None, run_after=None
[2026-02-25T11:12:20.536+0000] {logging_mixin.py:190} INFO - [2026-02-25T11:12:20.536+0000] {dag.py:3239} INFO - Sync 2 DAGs
[2026-02-25T11:12:20.538+0000] {logging_mixin.py:190} INFO - [2026-02-25T11:12:20.538+0000] {dag.py:4180} INFO - Setting next_dagrun for example_subdag_operator.section-1 to None, run_after=None
[2026-02-25T11:12:20.539+0000] {logging_mixin.py:190} INFO - [2026-02-25T11:12:20.538+0000] {dag.py:4180} INFO - Setting next_dagrun for example_subdag_operator.section-2 to None, run_after=None
[2026-02-25T11:12:20.550+0000] {processor.py:208} INFO - Processing /home/ubuntu/airflow-venv/lib/python3.12/site-packages/airflow/example_dags/example_subdag_operator.py took 0.063 seconds
[2026-02-25T11:13:00.715+0000] {processor.py:186} INFO - Started process (PID=9023) to work on /home/ubuntu/airflow-venv/lib/python3.12/site-packages/airflow/example_dags/example_subdag_operator.py
[2026-02-25T11:13:00.716+0000] {processor.py:914} INFO - Processing file /home/ubuntu/airflow-venv/lib/python3.12/site-packages/airflow/example_dags/example_subdag_operator.py for tasks to queue
[2026-02-25T11:13:00.718+0000] {logging_mixin.py:190} INFO - [2026-02-25T11:13:00.717+0000] {dagbag.py:588} INFO - Filling up the DagBag from /home/ubuntu/airflow-venv/lib/python3.12/site-packages/airflow/example_dags/example_subdag_operator.py
[2026-02-25T11:13:00.732+0000] {processor.py:925} INFO - DAG(s) 'example_subdag_operator.section-1', 'example_subdag_operator.section-2', 'example_subdag_operator' retrieved from /home/ubuntu/airflow-venv/lib/python3.12/site-packages/airflow/example_dags/example_subdag_operator.py
[2026-02-25T11:13:00.741+0000] {logging_mixin.py:190} INFO - [2026-02-25T11:13:00.741+0000] {dag.py:3239} INFO - Sync 3 DAGs
[2026-02-25T11:13:00.754+0000] {logging_mixin.py:190} INFO - [2026-02-25T11:13:00.754+0000] {dag.py:4180} INFO - Setting next_dagrun for example_subdag_operator to 2022-01-01 00:00:00+00:00, run_after=2022-01-01 00:00:00+00:00
[2026-02-25T11:13:00.756+0000] {logging_mixin.py:190} INFO - [2026-02-25T11:13:00.756+0000] {dag.py:4180} INFO - Setting next_dagrun for example_subdag_operator.section-1 to None, run_after=None
[2026-02-25T11:13:00.757+0000] {logging_mixin.py:190} INFO - [2026-02-25T11:13:00.757+0000] {dag.py:4180} INFO - Setting next_dagrun for example_subdag_operator.section-2 to None, run_after=None
[2026-02-25T11:13:00.761+0000] {logging_mixin.py:190} INFO - [2026-02-25T11:13:00.760+0000] {dag.py:3239} INFO - Sync 2 DAGs
[2026-02-25T11:13:00.763+0000] {logging_mixin.py:190} INFO - [2026-02-25T11:13:00.763+0000] {dag.py:4180} INFO - Setting next_dagrun for example_subdag_operator.section-1 to None, run_after=None
[2026-02-25T11:13:00.763+0000] {logging_mixin.py:190} INFO - [2026-02-25T11:13:00.763+0000] {dag.py:4180} INFO - Setting next_dagrun for example_subdag_operator.section-2 to None, run_after=None
[2026-02-25T11:13:00.775+0000] {processor.py:208} INFO - Processing /home/ubuntu/airflow-venv/lib/python3.12/site-packages/airflow/example_dags/example_subdag_operator.py took 0.064 seconds
[2026-02-25T11:13:11.664+0000] {processor.py:186} INFO - Started process (PID=9046) to work on /home/ubuntu/airflow-venv/lib/python3.12/site-packages/airflow/example_dags/example_subdag_operator.py
[2026-02-25T11:13:11.664+0000] {processor.py:914} INFO - Processing file /home/ubuntu/airflow-venv/lib/python3.12/site-packages/airflow/example_dags/example_subdag_operator.py for tasks to queue
[2026-02-25T11:13:11.666+0000] {logging_mixin.py:190} INFO - [2026-02-25T11:13:11.666+0000] {dagbag.py:588} INFO - Filling up the DagBag from /home/ubuntu/airflow-venv/lib/python3.12/site-packages/airflow/example_dags/example_subdag_operator.py
[2026-02-25T11:13:11.680+0000] {processor.py:925} INFO - DAG(s) 'example_subdag_operator.section-1', 'example_subdag_operator.section-2', 'example_subdag_operator' retrieved from /home/ubuntu/airflow-venv/lib/python3.12/site-packages/airflow/example_dags/example_subdag_operator.py
[2026-02-25T11:13:11.689+0000] {logging_mixin.py:190} INFO - [2026-02-25T11:13:11.689+0000] {dag.py:3239} INFO - Sync 3 DAGs
[2026-02-25T11:13:11.701+0000] {logging_mixin.py:190} INFO - [2026-02-25T11:13:11.701+0000] {dag.py:4180} INFO - Setting next_dagrun for example_subdag_operator to 2022-01-01 00:00:00+00:00, run_after=2022-01-01 00:00:00+00:00
[2026-02-25T11:13:11.703+0000] {logging_mixin.py:190} INFO - [2026-02-25T11:13:11.703+0000] {dag.py:4180} INFO - Setting next_dagrun for example_subdag_operator.section-1 to None, run_after=None
[2026-02-25T11:13:11.704+0000] {logging_mixin.py:190} INFO - [2026-02-25T11:13:11.703+0000] {dag.py:4180} INFO - Setting next_dagrun for example_subdag_operator.section-2 to None, run_after=None
[2026-02-25T11:13:11.707+0000] {logging_mixin.py:190} INFO - [2026-02-25T11:13:11.707+0000] {dag.py:3239} INFO - Sync 2 DAGs
[2026-02-25T11:13:11.709+0000] {logging_mixin.py:190} INFO - [2026-02-25T11:13:11.709+0000] {dag.py:4180} INFO - Setting next_dagrun for example_subdag_operator.section-1 to None, run_after=None
[2026-02-25T11:13:11.709+0000] {logging_mixin.py:190} INFO - [2026-02-25T11:13:11.709+0000] {dag.py:4180} INFO - Setting next_dagrun for example_subdag_operator.section-2 to None, run_after=None
[2026-02-25T11:13:11.721+0000] {processor.py:208} INFO - Processing /home/ubuntu/airflow-venv/lib/python3.12/site-packages/airflow/example_dags/example_subdag_operator.py took 0.061 seconds
[2026-02-25T11:13:53.223+0000] {processor.py:186} INFO - Started process (PID=9132) to work on /home/ubuntu/airflow-venv/lib/python3.12/site-packages/airflow/example_dags/example_subdag_operator.py
[2026-02-25T11:13:53.224+0000] {processor.py:914} INFO - Processing file /home/ubuntu/airflow-venv/lib/python3.12/site-packages/airflow/example_dags/example_subdag_operator.py for tasks to queue
[2026-02-25T11:13:53.226+0000] {logging_mixin.py:190} INFO - [2026-02-25T11:13:53.225+0000] {dagbag.py:588} INFO - Filling up the DagBag from /home/ubuntu/airflow-venv/lib/python3.12/site-packages/airflow/example_dags/example_subdag_operator.py
[2026-02-25T11:13:53.241+0000] {processor.py:925} INFO - DAG(s) 'example_subdag_operator.section-1', 'example_subdag_operator.section-2', 'example_subdag_operator' retrieved from /home/ubuntu/airflow-venv/lib/python3.12/site-packages/airflow/example_dags/example_subdag_operator.py
[2026-02-25T11:13:53.249+0000] {logging_mixin.py:190} INFO - [2026-02-25T11:13:53.249+0000] {dag.py:3239} INFO - Sync 3 DAGs
[2026-02-25T11:13:53.262+0000] {logging_mixin.py:190} INFO - [2026-02-25T11:13:53.262+0000] {dag.py:4180} INFO - Setting next_dagrun for example_subdag_operator to 2022-01-01 00:00:00+00:00, run_after=2022-01-01 00:00:00+00:00
[2026-02-25T11:13:53.264+0000] {logging_mixin.py:190} INFO - [2026-02-25T11:13:53.264+0000] {dag.py:4180} INFO - Setting next_dagrun for example_subdag_operator.section-1 to None, run_after=None
[2026-02-25T11:13:53.264+0000] {logging_mixin.py:190} INFO - [2026-02-25T11:13:53.264+0000] {dag.py:4180} INFO - Setting next_dagrun for example_subdag_operator.section-2 to None, run_after=None
[2026-02-25T11:13:53.268+0000] {logging_mixin.py:190} INFO - [2026-02-25T11:13:53.267+0000] {dag.py:3239} INFO - Sync 2 DAGs
[2026-02-25T11:13:53.270+0000] {logging_mixin.py:190} INFO - [2026-02-25T11:13:53.270+0000] {dag.py:4180} INFO - Setting next_dagrun for example_subdag_operator.section-1 to None, run_after=None
[2026-02-25T11:13:53.270+0000] {logging_mixin.py:190} INFO - [2026-02-25T11:13:53.270+0000] {dag.py:4180} INFO - Setting next_dagrun for example_subdag_operator.section-2 to None, run_after=None
[2026-02-25T11:13:53.282+0000] {processor.py:208} INFO - Processing /home/ubuntu/airflow-venv/lib/python3.12/site-packages/airflow/example_dags/example_subdag_operator.py took 0.062 seconds
[2026-02-25T11:14:03.151+0000] {processor.py:186} INFO - Started process (PID=9153) to work on /home/ubuntu/airflow-venv/lib/python3.12/site-packages/airflow/example_dags/example_subdag_operator.py
[2026-02-25T11:14:03.152+0000] {processor.py:914} INFO - Processing file /home/ubuntu/airflow-venv/lib/python3.12/site-packages/airflow/example_dags/example_subdag_operator.py for tasks to queue
[2026-02-25T11:14:03.153+0000] {logging_mixin.py:190} INFO - [2026-02-25T11:14:03.153+0000] {dagbag.py:588} INFO - Filling up the DagBag from /home/ubuntu/airflow-venv/lib/python3.12/site-packages/airflow/example_dags/example_subdag_operator.py
[2026-02-25T11:14:03.168+0000] {processor.py:925} INFO - DAG(s) 'example_subdag_operator.section-1', 'example_subdag_operator.section-2', 'example_subdag_operator' retrieved from /home/ubuntu/airflow-venv/lib/python3.12/site-packages/airflow/example_dags/example_subdag_operator.py
[2026-02-25T11:14:03.177+0000] {logging_mixin.py:190} INFO - [2026-02-25T11:14:03.176+0000] {dag.py:3239} INFO - Sync 3 DAGs
[2026-02-25T11:14:03.189+0000] {logging_mixin.py:190} INFO - [2026-02-25T11:14:03.189+0000] {dag.py:4180} INFO - Setting next_dagrun for example_subdag_operator to 2022-01-01 00:00:00+00:00, run_after=2022-01-01 00:00:00+00:00
[2026-02-25T11:14:03.191+0000] {logging_mixin.py:190} INFO - [2026-02-25T11:14:03.190+0000] {dag.py:4180} INFO - Setting next_dagrun for example_subdag_operator.section-1 to None, run_after=None
[2026-02-25T11:14:03.191+0000] {logging_mixin.py:190} INFO - [2026-02-25T11:14:03.191+0000] {dag.py:4180} INFO - Setting next_dagrun for example_subdag_operator.section-2 to None, run_after=None
[2026-02-25T11:14:03.195+0000] {logging_mixin.py:190} INFO - [2026-02-25T11:14:03.194+0000] {dag.py:3239} INFO - Sync 2 DAGs
[2026-02-25T11:14:03.197+0000] {logging_mixin.py:190} INFO - [2026-02-25T11:14:03.197+0000] {dag.py:4180} INFO - Setting next_dagrun for example_subdag_operator.section-1 to None, run_after=None
[2026-02-25T11:14:03.197+0000] {logging_mixin.py:190} INFO - [2026-02-25T11:14:03.197+0000] {dag.py:4180} INFO - Setting next_dagrun for example_subdag_operator.section-2 to None, run_after=None
[2026-02-25T11:14:03.209+0000] {processor.py:208} INFO - Processing /home/ubuntu/airflow-venv/lib/python3.12/site-packages/airflow/example_dags/example_subdag_operator.py took 0.061 seconds
[2026-02-25T11:14:48.334+0000] {processor.py:186} INFO - Started process (PID=9247) to work on /home/ubuntu/airflow-venv/lib/python3.12/site-packages/airflow/example_dags/example_subdag_operator.py
[2026-02-25T11:14:48.335+0000] {processor.py:914} INFO - Processing file /home/ubuntu/airflow-venv/lib/python3.12/site-packages/airflow/example_dags/example_subdag_operator.py for tasks to queue
[2026-02-25T11:14:48.336+0000] {logging_mixin.py:190} INFO - [2026-02-25T11:14:48.336+0000] {dagbag.py:588} INFO - Filling up the DagBag from /home/ubuntu/airflow-venv/lib/python3.12/site-packages/airflow/example_dags/example_subdag_operator.py
[2026-02-25T11:14:48.352+0000] {processor.py:925} INFO - DAG(s) 'example_subdag_operator.section-1', 'example_subdag_operator.section-2', 'example_subdag_operator' retrieved from /home/ubuntu/airflow-venv/lib/python3.12/site-packages/airflow/example_dags/example_subdag_operator.py
[2026-02-25T11:14:48.361+0000] {logging_mixin.py:190} INFO - [2026-02-25T11:14:48.361+0000] {dag.py:3239} INFO - Sync 3 DAGs
[2026-02-25T11:14:48.374+0000] {logging_mixin.py:190} INFO - [2026-02-25T11:14:48.374+0000] {dag.py:4180} INFO - Setting next_dagrun for example_subdag_operator to 2022-01-01 00:00:00+00:00, run_after=2022-01-01 00:00:00+00:00
[2026-02-25T11:14:48.376+0000] {logging_mixin.py:190} INFO - [2026-02-25T11:14:48.376+0000] {dag.py:4180} INFO - Setting next_dagrun for example_subdag_operator.section-1 to None, run_after=None
[2026-02-25T11:14:48.376+0000] {logging_mixin.py:190} INFO - [2026-02-25T11:14:48.376+0000] {dag.py:4180} INFO - Setting next_dagrun for example_subdag_operator.section-2 to None, run_after=None
[2026-02-25T11:14:48.380+0000] {logging_mixin.py:190} INFO - [2026-02-25T11:14:48.380+0000] {dag.py:3239} INFO - Sync 2 DAGs
[2026-02-25T11:14:48.382+0000] {logging_mixin.py:190} INFO - [2026-02-25T11:14:48.382+0000] {dag.py:4180} INFO - Setting next_dagrun for example_subdag_operator.section-1 to None, run_after=None
[2026-02-25T11:14:48.382+0000] {logging_mixin.py:190} INFO - [2026-02-25T11:14:48.382+0000] {dag.py:4180} INFO - Setting next_dagrun for example_subdag_operator.section-2 to None, run_after=None
[2026-02-25T11:14:48.394+0000] {processor.py:208} INFO - Processing /home/ubuntu/airflow-venv/lib/python3.12/site-packages/airflow/example_dags/example_subdag_operator.py took 0.064 seconds
[2026-02-25T11:14:51.069+0000] {processor.py:186} INFO - Started process (PID=9254) to work on /home/ubuntu/airflow-venv/lib/python3.12/site-packages/airflow/example_dags/example_subdag_operator.py
[2026-02-25T11:14:51.070+0000] {processor.py:914} INFO - Processing file /home/ubuntu/airflow-venv/lib/python3.12/site-packages/airflow/example_dags/example_subdag_operator.py for tasks to queue
[2026-02-25T11:14:51.071+0000] {logging_mixin.py:190} INFO - [2026-02-25T11:14:51.071+0000] {dagbag.py:588} INFO - Filling up the DagBag from /home/ubuntu/airflow-venv/lib/python3.12/site-packages/airflow/example_dags/example_subdag_operator.py
[2026-02-25T11:14:51.086+0000] {processor.py:925} INFO - DAG(s) 'example_subdag_operator.section-1', 'example_subdag_operator.section-2', 'example_subdag_operator' retrieved from /home/ubuntu/airflow-venv/lib/python3.12/site-packages/airflow/example_dags/example_subdag_operator.py
[2026-02-25T11:14:51.094+0000] {logging_mixin.py:190} INFO - [2026-02-25T11:14:51.094+0000] {dag.py:3239} INFO - Sync 3 DAGs
[2026-02-25T11:14:51.107+0000] {logging_mixin.py:190} INFO - [2026-02-25T11:14:51.107+0000] {dag.py:4180} INFO - Setting next_dagrun for example_subdag_operator to 2022-01-01 00:00:00+00:00, run_after=2022-01-01 00:00:00+00:00
[2026-02-25T11:14:51.109+0000] {logging_mixin.py:190} INFO - [2026-02-25T11:14:51.109+0000] {dag.py:4180} INFO - Setting next_dagrun for example_subdag_operator.section-1 to None, run_after=None
[2026-02-25T11:14:51.109+0000] {logging_mixin.py:190} INFO - [2026-02-25T11:14:51.109+0000] {dag.py:4180} INFO - Setting next_dagrun for example_subdag_operator.section-2 to None, run_after=None
[2026-02-25T11:14:51.113+0000] {logging_mixin.py:190} INFO - [2026-02-25T11:14:51.113+0000] {dag.py:3239} INFO - Sync 2 DAGs
[2026-02-25T11:14:51.116+0000] {logging_mixin.py:190} INFO - [2026-02-25T11:14:51.116+0000] {dag.py:4180} INFO - Setting next_dagrun for example_subdag_operator.section-1 to None, run_after=None
[2026-02-25T11:14:51.116+0000] {logging_mixin.py:190} INFO - [2026-02-25T11:14:51.116+0000] {dag.py:4180} INFO - Setting next_dagrun for example_subdag_operator.section-2 to None, run_after=None
[2026-02-25T11:14:51.128+0000] {processor.py:208} INFO - Processing /home/ubuntu/airflow-venv/lib/python3.12/site-packages/airflow/example_dags/example_subdag_operator.py took 0.063 seconds
[2026-02-25T11:15:39.006+0000] {processor.py:186} INFO - Started process (PID=9355) to work on /home/ubuntu/airflow-venv/lib/python3.12/site-packages/airflow/example_dags/example_subdag_operator.py
[2026-02-25T11:15:39.008+0000] {processor.py:914} INFO - Processing file /home/ubuntu/airflow-venv/lib/python3.12/site-packages/airflow/example_dags/example_subdag_operator.py for tasks to queue
[2026-02-25T11:15:39.009+0000] {logging_mixin.py:190} INFO - [2026-02-25T11:15:39.009+0000] {dagbag.py:588} INFO - Filling up the DagBag from /home/ubuntu/airflow-venv/lib/python3.12/site-packages/airflow/example_dags/example_subdag_operator.py
[2026-02-25T11:15:39.024+0000] {processor.py:925} INFO - DAG(s) 'example_subdag_operator.section-1', 'example_subdag_operator.section-2', 'example_subdag_operator' retrieved from /home/ubuntu/airflow-venv/lib/python3.12/site-packages/airflow/example_dags/example_subdag_operator.py
[2026-02-25T11:15:39.033+0000] {logging_mixin.py:190} INFO - [2026-02-25T11:15:39.033+0000] {dag.py:3239} INFO - Sync 3 DAGs
[2026-02-25T11:15:39.045+0000] {logging_mixin.py:190} INFO - [2026-02-25T11:15:39.045+0000] {dag.py:4180} INFO - Setting next_dagrun for example_subdag_operator to 2022-01-01 00:00:00+00:00, run_after=2022-01-01 00:00:00+00:00
[2026-02-25T11:15:39.047+0000] {logging_mixin.py:190} INFO - [2026-02-25T11:15:39.047+0000] {dag.py:4180} INFO - Setting next_dagrun for example_subdag_operator.section-1 to None, run_after=None
[2026-02-25T11:15:39.048+0000] {logging_mixin.py:190} INFO - [2026-02-25T11:15:39.048+0000] {dag.py:4180} INFO - Setting next_dagrun for example_subdag_operator.section-2 to None, run_after=None
[2026-02-25T11:15:39.051+0000] {logging_mixin.py:190} INFO - [2026-02-25T11:15:39.051+0000] {dag.py:3239} INFO - Sync 2 DAGs
[2026-02-25T11:15:39.054+0000] {logging_mixin.py:190} INFO - [2026-02-25T11:15:39.054+0000] {dag.py:4180} INFO - Setting next_dagrun for example_subdag_operator.section-1 to None, run_after=None
[2026-02-25T11:15:39.054+0000] {logging_mixin.py:190} INFO - [2026-02-25T11:15:39.054+0000] {dag.py:4180} INFO - Setting next_dagrun for example_subdag_operator.section-2 to None, run_after=None
[2026-02-25T11:15:39.066+0000] {processor.py:208} INFO - Processing /home/ubuntu/airflow-venv/lib/python3.12/site-packages/airflow/example_dags/example_subdag_operator.py took 0.064 seconds
[2026-02-25T11:15:39.472+0000] {processor.py:186} INFO - Started process (PID=9356) to work on /home/ubuntu/airflow-venv/lib/python3.12/site-packages/airflow/example_dags/example_subdag_operator.py
[2026-02-25T11:15:39.472+0000] {processor.py:914} INFO - Processing file /home/ubuntu/airflow-venv/lib/python3.12/site-packages/airflow/example_dags/example_subdag_operator.py for tasks to queue
[2026-02-25T11:15:39.473+0000] {logging_mixin.py:190} INFO - [2026-02-25T11:15:39.473+0000] {dagbag.py:588} INFO - Filling up the DagBag from /home/ubuntu/airflow-venv/lib/python3.12/site-packages/airflow/example_dags/example_subdag_operator.py
[2026-02-25T11:15:39.488+0000] {processor.py:925} INFO - DAG(s) 'example_subdag_operator.section-1', 'example_subdag_operator.section-2', 'example_subdag_operator' retrieved from /home/ubuntu/airflow-venv/lib/python3.12/site-packages/airflow/example_dags/example_subdag_operator.py
[2026-02-25T11:15:39.497+0000] {logging_mixin.py:190} INFO - [2026-02-25T11:15:39.497+0000] {dag.py:3239} INFO - Sync 3 DAGs
[2026-02-25T11:15:39.509+0000] {logging_mixin.py:190} INFO - [2026-02-25T11:15:39.509+0000] {dag.py:4180} INFO - Setting next_dagrun for example_subdag_operator to 2022-01-01 00:00:00+00:00, run_after=2022-01-01 00:00:00+00:00
[2026-02-25T11:15:39.511+0000] {logging_mixin.py:190} INFO - [2026-02-25T11:15:39.511+0000] {dag.py:4180} INFO - Setting next_dagrun for example_subdag_operator.section-1 to None, run_after=None
[2026-02-25T11:15:39.512+0000] {logging_mixin.py:190} INFO - [2026-02-25T11:15:39.512+0000] {dag.py:4180} INFO - Setting next_dagrun for example_subdag_operator.section-2 to None, run_after=None
[2026-02-25T11:15:39.516+0000] {logging_mixin.py:190} INFO - [2026-02-25T11:15:39.516+0000] {dag.py:3239} INFO - Sync 2 DAGs
[2026-02-25T11:15:39.518+0000] {logging_mixin.py:190} INFO - [2026-02-25T11:15:39.518+0000] {dag.py:4180} INFO - Setting next_dagrun for example_subdag_operator.section-1 to None, run_after=None
[2026-02-25T11:15:39.518+0000] {logging_mixin.py:190} INFO - [2026-02-25T11:15:39.518+0000] {dag.py:4180} INFO - Setting next_dagrun for example_subdag_operator.section-2 to None, run_after=None
[2026-02-25T11:15:39.530+0000] {processor.py:208} INFO - Processing /home/ubuntu/airflow-venv/lib/python3.12/site-packages/airflow/example_dags/example_subdag_operator.py took 0.062 seconds
[2026-02-25T11:16:25.172+0000] {processor.py:186} INFO - Started process (PID=9454) to work on /home/ubuntu/airflow-venv/lib/python3.12/site-packages/airflow/example_dags/example_subdag_operator.py
[2026-02-25T11:16:25.174+0000] {processor.py:914} INFO - Processing file /home/ubuntu/airflow-venv/lib/python3.12/site-packages/airflow/example_dags/example_subdag_operator.py for tasks to queue
[2026-02-25T11:16:25.175+0000] {logging_mixin.py:190} INFO - [2026-02-25T11:16:25.175+0000] {dagbag.py:588} INFO - Filling up the DagBag from /home/ubuntu/airflow-venv/lib/python3.12/site-packages/airflow/example_dags/example_subdag_operator.py
[2026-02-25T11:16:25.190+0000] {processor.py:925} INFO - DAG(s) 'example_subdag_operator.section-1', 'example_subdag_operator.section-2', 'example_subdag_operator' retrieved from /home/ubuntu/airflow-venv/lib/python3.12/site-packages/airflow/example_dags/example_subdag_operator.py
[2026-02-25T11:16:25.199+0000] {logging_mixin.py:190} INFO - [2026-02-25T11:16:25.199+0000] {dag.py:3239} INFO - Sync 3 DAGs
[2026-02-25T11:16:25.211+0000] {logging_mixin.py:190} INFO - [2026-02-25T11:16:25.211+0000] {dag.py:4180} INFO - Setting next_dagrun for example_subdag_operator to 2022-01-01 00:00:00+00:00, run_after=2022-01-01 00:00:00+00:00
[2026-02-25T11:16:25.213+0000] {logging_mixin.py:190} INFO - [2026-02-25T11:16:25.213+0000] {dag.py:4180} INFO - Setting next_dagrun for example_subdag_operator.section-1 to None, run_after=None
[2026-02-25T11:16:25.213+0000] {logging_mixin.py:190} INFO - [2026-02-25T11:16:25.213+0000] {dag.py:4180} INFO - Setting next_dagrun for example_subdag_operator.section-2 to None, run_after=None
[2026-02-25T11:16:25.217+0000] {logging_mixin.py:190} INFO - [2026-02-25T11:16:25.217+0000] {dag.py:3239} INFO - Sync 2 DAGs
[2026-02-25T11:16:25.219+0000] {logging_mixin.py:190} INFO - [2026-02-25T11:16:25.219+0000] {dag.py:4180} INFO - Setting next_dagrun for example_subdag_operator.section-1 to None, run_after=None
[2026-02-25T11:16:25.219+0000] {logging_mixin.py:190} INFO - [2026-02-25T11:16:25.219+0000] {dag.py:4180} INFO - Setting next_dagrun for example_subdag_operator.section-2 to None, run_after=None
[2026-02-25T11:16:25.231+0000] {processor.py:208} INFO - Processing /home/ubuntu/airflow-venv/lib/python3.12/site-packages/airflow/example_dags/example_subdag_operator.py took 0.063 seconds
[2026-02-25T11:16:29.665+0000] {processor.py:186} INFO - Started process (PID=9463) to work on /home/ubuntu/airflow-venv/lib/python3.12/site-packages/airflow/example_dags/example_subdag_operator.py
[2026-02-25T11:16:29.665+0000] {processor.py:914} INFO - Processing file /home/ubuntu/airflow-venv/lib/python3.12/site-packages/airflow/example_dags/example_subdag_operator.py for tasks to queue
[2026-02-25T11:16:29.667+0000] {logging_mixin.py:190} INFO - [2026-02-25T11:16:29.666+0000] {dagbag.py:588} INFO - Filling up the DagBag from /home/ubuntu/airflow-venv/lib/python3.12/site-packages/airflow/example_dags/example_subdag_operator.py
[2026-02-25T11:16:29.682+0000] {processor.py:925} INFO - DAG(s) 'example_subdag_operator.section-1', 'example_subdag_operator.section-2', 'example_subdag_operator' retrieved from /home/ubuntu/airflow-venv/lib/python3.12/site-packages/airflow/example_dags/example_subdag_operator.py
[2026-02-25T11:16:29.691+0000] {logging_mixin.py:190} INFO - [2026-02-25T11:16:29.691+0000] {dag.py:3239} INFO - Sync 3 DAGs
[2026-02-25T11:16:29.703+0000] {logging_mixin.py:190} INFO - [2026-02-25T11:16:29.703+0000] {dag.py:4180} INFO - Setting next_dagrun for example_subdag_operator to 2022-01-01 00:00:00+00:00, run_after=2022-01-01 00:00:00+00:00
[2026-02-25T11:16:29.705+0000] {logging_mixin.py:190} INFO - [2026-02-25T11:16:29.705+0000] {dag.py:4180} INFO - Setting next_dagrun for example_subdag_operator.section-1 to None, run_after=None
[2026-02-25T11:16:29.706+0000] {logging_mixin.py:190} INFO - [2026-02-25T11:16:29.706+0000] {dag.py:4180} INFO - Setting next_dagrun for example_subdag_operator.section-2 to None, run_after=None
[2026-02-25T11:16:29.710+0000] {logging_mixin.py:190} INFO - [2026-02-25T11:16:29.710+0000] {dag.py:3239} INFO - Sync 2 DAGs
[2026-02-25T11:16:29.712+0000] {logging_mixin.py:190} INFO - [2026-02-25T11:16:29.712+0000] {dag.py:4180} INFO - Setting next_dagrun for example_subdag_operator.section-1 to None, run_after=None
[2026-02-25T11:16:29.713+0000] {logging_mixin.py:190} INFO - [2026-02-25T11:16:29.713+0000] {dag.py:4180} INFO - Setting next_dagrun for example_subdag_operator.section-2 to None, run_after=None
[2026-02-25T11:16:29.725+0000] {processor.py:208} INFO - Processing /home/ubuntu/airflow-venv/lib/python3.12/site-packages/airflow/example_dags/example_subdag_operator.py took 0.064 seconds
[2026-02-25T11:17:16.960+0000] {processor.py:186} INFO - Started process (PID=9569) to work on /home/ubuntu/airflow-venv/lib/python3.12/site-packages/airflow/example_dags/example_subdag_operator.py
[2026-02-25T11:17:16.962+0000] {processor.py:914} INFO - Processing file /home/ubuntu/airflow-venv/lib/python3.12/site-packages/airflow/example_dags/example_subdag_operator.py for tasks to queue
[2026-02-25T11:17:16.964+0000] {logging_mixin.py:190} INFO - [2026-02-25T11:17:16.964+0000] {dagbag.py:588} INFO - Filling up the DagBag from /home/ubuntu/airflow-venv/lib/python3.12/site-packages/airflow/example_dags/example_subdag_operator.py
[2026-02-25T11:17:16.989+0000] {processor.py:925} INFO - DAG(s) 'example_subdag_operator.section-1', 'example_subdag_operator.section-2', 'example_subdag_operator' retrieved from /home/ubuntu/airflow-venv/lib/python3.12/site-packages/airflow/example_dags/example_subdag_operator.py
[2026-02-25T11:17:16.998+0000] {logging_mixin.py:190} INFO - [2026-02-25T11:17:16.998+0000] {dag.py:3239} INFO - Sync 3 DAGs
[2026-02-25T11:17:17.011+0000] {logging_mixin.py:190} INFO - [2026-02-25T11:17:17.011+0000] {dag.py:4180} INFO - Setting next_dagrun for example_subdag_operator to 2022-01-01 00:00:00+00:00, run_after=2022-01-01 00:00:00+00:00
[2026-02-25T11:17:17.013+0000] {logging_mixin.py:190} INFO - [2026-02-25T11:17:17.013+0000] {dag.py:4180} INFO - Setting next_dagrun for example_subdag_operator.section-1 to None, run_after=None
[2026-02-25T11:17:17.013+0000] {logging_mixin.py:190} INFO - [2026-02-25T11:17:17.013+0000] {dag.py:4180} INFO - Setting next_dagrun for example_subdag_operator.section-2 to None, run_after=None
[2026-02-25T11:17:17.017+0000] {logging_mixin.py:190} INFO - [2026-02-25T11:17:17.017+0000] {dag.py:3239} INFO - Sync 2 DAGs
[2026-02-25T11:17:17.019+0000] {logging_mixin.py:190} INFO - [2026-02-25T11:17:17.019+0000] {dag.py:4180} INFO - Setting next_dagrun for example_subdag_operator.section-1 to None, run_after=None
[2026-02-25T11:17:17.019+0000] {logging_mixin.py:190} INFO - [2026-02-25T11:17:17.019+0000] {dag.py:4180} INFO - Setting next_dagrun for example_subdag_operator.section-2 to None, run_after=None
[2026-02-25T11:17:17.031+0000] {processor.py:208} INFO - Processing /home/ubuntu/airflow-venv/lib/python3.12/site-packages/airflow/example_dags/example_subdag_operator.py took 0.079 seconds
[2026-02-25T11:17:18.061+0000] {processor.py:186} INFO - Started process (PID=9571) to work on /home/ubuntu/airflow-venv/lib/python3.12/site-packages/airflow/example_dags/example_subdag_operator.py
[2026-02-25T11:17:18.062+0000] {processor.py:914} INFO - Processing file /home/ubuntu/airflow-venv/lib/python3.12/site-packages/airflow/example_dags/example_subdag_operator.py for tasks to queue
[2026-02-25T11:17:18.063+0000] {logging_mixin.py:190} INFO - [2026-02-25T11:17:18.063+0000] {dagbag.py:588} INFO - Filling up the DagBag from /home/ubuntu/airflow-venv/lib/python3.12/site-packages/airflow/example_dags/example_subdag_operator.py
[2026-02-25T11:17:18.078+0000] {processor.py:925} INFO - DAG(s) 'example_subdag_operator.section-1', 'example_subdag_operator.section-2', 'example_subdag_operator' retrieved from /home/ubuntu/airflow-venv/lib/python3.12/site-packages/airflow/example_dags/example_subdag_operator.py
[2026-02-25T11:17:18.087+0000] {logging_mixin.py:190} INFO - [2026-02-25T11:17:18.087+0000] {dag.py:3239} INFO - Sync 3 DAGs
[2026-02-25T11:17:18.099+0000] {logging_mixin.py:190} INFO - [2026-02-25T11:17:18.099+0000] {dag.py:4180} INFO - Setting next_dagrun for example_subdag_operator to 2022-01-01 00:00:00+00:00, run_after=2022-01-01 00:00:00+00:00
[2026-02-25T11:17:18.101+0000] {logging_mixin.py:190} INFO - [2026-02-25T11:17:18.101+0000] {dag.py:4180} INFO - Setting next_dagrun for example_subdag_operator.section-1 to None, run_after=None
[2026-02-25T11:17:18.102+0000] {logging_mixin.py:190} INFO - [2026-02-25T11:17:18.102+0000] {dag.py:4180} INFO - Setting next_dagrun for example_subdag_operator.section-2 to None, run_after=None
[2026-02-25T11:17:18.106+0000] {logging_mixin.py:190} INFO - [2026-02-25T11:17:18.105+0000] {dag.py:3239} INFO - Sync 2 DAGs
[2026-02-25T11:17:18.108+0000] {logging_mixin.py:190} INFO - [2026-02-25T11:17:18.108+0000] {dag.py:4180} INFO - Setting next_dagrun for example_subdag_operator.section-1 to None, run_after=None
[2026-02-25T11:17:18.108+0000] {logging_mixin.py:190} INFO - [2026-02-25T11:17:18.108+0000] {dag.py:4180} INFO - Setting next_dagrun for example_subdag_operator.section-2 to None, run_after=None
[2026-02-25T11:17:18.120+0000] {processor.py:208} INFO - Processing /home/ubuntu/airflow-venv/lib/python3.12/site-packages/airflow/example_dags/example_subdag_operator.py took 0.063 seconds
[2026-02-25T11:18:04.933+0000] {processor.py:186} INFO - Started process (PID=9668) to work on /home/ubuntu/airflow-venv/lib/python3.12/site-packages/airflow/example_dags/example_subdag_operator.py
[2026-02-25T11:18:04.934+0000] {processor.py:914} INFO - Processing file /home/ubuntu/airflow-venv/lib/python3.12/site-packages/airflow/example_dags/example_subdag_operator.py for tasks to queue
[2026-02-25T11:18:04.935+0000] {logging_mixin.py:190} INFO - [2026-02-25T11:18:04.935+0000] {dagbag.py:588} INFO - Filling up the DagBag from /home/ubuntu/airflow-venv/lib/python3.12/site-packages/airflow/example_dags/example_subdag_operator.py
[2026-02-25T11:18:04.950+0000] {processor.py:925} INFO - DAG(s) 'example_subdag_operator.section-1', 'example_subdag_operator.section-2', 'example_subdag_operator' retrieved from /home/ubuntu/airflow-venv/lib/python3.12/site-packages/airflow/example_dags/example_subdag_operator.py
[2026-02-25T11:18:04.959+0000] {logging_mixin.py:190} INFO - [2026-02-25T11:18:04.959+0000] {dag.py:3239} INFO - Sync 3 DAGs
[2026-02-25T11:18:04.972+0000] {logging_mixin.py:190} INFO - [2026-02-25T11:18:04.972+0000] {dag.py:4180} INFO - Setting next_dagrun for example_subdag_operator to 2022-01-01 00:00:00+00:00, run_after=2022-01-01 00:00:00+00:00
[2026-02-25T11:18:04.974+0000] {logging_mixin.py:190} INFO - [2026-02-25T11:18:04.974+0000] {dag.py:4180} INFO - Setting next_dagrun for example_subdag_operator.section-1 to None, run_after=None
[2026-02-25T11:18:04.974+0000] {logging_mixin.py:190} INFO - [2026-02-25T11:18:04.974+0000] {dag.py:4180} INFO - Setting next_dagrun for example_subdag_operator.section-2 to None, run_after=None
[2026-02-25T11:18:04.978+0000] {logging_mixin.py:190} INFO - [2026-02-25T11:18:04.978+0000] {dag.py:3239} INFO - Sync 2 DAGs
[2026-02-25T11:18:04.980+0000] {logging_mixin.py:190} INFO - [2026-02-25T11:18:04.980+0000] {dag.py:4180} INFO - Setting next_dagrun for example_subdag_operator.section-1 to None, run_after=None
[2026-02-25T11:18:04.980+0000] {logging_mixin.py:190} INFO - [2026-02-25T11:18:04.980+0000] {dag.py:4180} INFO - Setting next_dagrun for example_subdag_operator.section-2 to None, run_after=None
[2026-02-25T11:18:04.993+0000] {processor.py:208} INFO - Processing /home/ubuntu/airflow-venv/lib/python3.12/site-packages/airflow/example_dags/example_subdag_operator.py took 0.064 seconds
[2026-02-25T11:18:10.786+0000] {processor.py:186} INFO - Started process (PID=9679) to work on /home/ubuntu/airflow-venv/lib/python3.12/site-packages/airflow/example_dags/example_subdag_operator.py
[2026-02-25T11:18:10.787+0000] {processor.py:914} INFO - Processing file /home/ubuntu/airflow-venv/lib/python3.12/site-packages/airflow/example_dags/example_subdag_operator.py for tasks to queue
[2026-02-25T11:18:10.788+0000] {logging_mixin.py:190} INFO - [2026-02-25T11:18:10.788+0000] {dagbag.py:588} INFO - Filling up the DagBag from /home/ubuntu/airflow-venv/lib/python3.12/site-packages/airflow/example_dags/example_subdag_operator.py
[2026-02-25T11:18:10.803+0000] {processor.py:925} INFO - DAG(s) 'example_subdag_operator.section-1', 'example_subdag_operator.section-2', 'example_subdag_operator' retrieved from /home/ubuntu/airflow-venv/lib/python3.12/site-packages/airflow/example_dags/example_subdag_operator.py
[2026-02-25T11:18:10.812+0000] {logging_mixin.py:190} INFO - [2026-02-25T11:18:10.812+0000] {dag.py:3239} INFO - Sync 3 DAGs
[2026-02-25T11:18:10.825+0000] {logging_mixin.py:190} INFO - [2026-02-25T11:18:10.825+0000] {dag.py:4180} INFO - Setting next_dagrun for example_subdag_operator to 2022-01-01 00:00:00+00:00, run_after=2022-01-01 00:00:00+00:00
[2026-02-25T11:18:10.827+0000] {logging_mixin.py:190} INFO - [2026-02-25T11:18:10.827+0000] {dag.py:4180} INFO - Setting next_dagrun for example_subdag_operator.section-1 to None, run_after=None
[2026-02-25T11:18:10.828+0000] {logging_mixin.py:190} INFO - [2026-02-25T11:18:10.827+0000] {dag.py:4180} INFO - Setting next_dagrun for example_subdag_operator.section-2 to None, run_after=None
[2026-02-25T11:18:10.831+0000] {logging_mixin.py:190} INFO - [2026-02-25T11:18:10.831+0000] {dag.py:3239} INFO - Sync 2 DAGs
[2026-02-25T11:18:10.833+0000] {logging_mixin.py:190} INFO - [2026-02-25T11:18:10.833+0000] {dag.py:4180} INFO - Setting next_dagrun for example_subdag_operator.section-1 to None, run_after=None
[2026-02-25T11:18:10.833+0000] {logging_mixin.py:190} INFO - [2026-02-25T11:18:10.833+0000] {dag.py:4180} INFO - Setting next_dagrun for example_subdag_operator.section-2 to None, run_after=None
[2026-02-25T11:18:10.845+0000] {processor.py:208} INFO - Processing /home/ubuntu/airflow-venv/lib/python3.12/site-packages/airflow/example_dags/example_subdag_operator.py took 0.063 seconds
[2026-02-25T11:18:59.544+0000] {processor.py:186} INFO - Started process (PID=9779) to work on /home/ubuntu/airflow-venv/lib/python3.12/site-packages/airflow/example_dags/example_subdag_operator.py
[2026-02-25T11:18:59.545+0000] {processor.py:914} INFO - Processing file /home/ubuntu/airflow-venv/lib/python3.12/site-packages/airflow/example_dags/example_subdag_operator.py for tasks to queue
[2026-02-25T11:18:59.546+0000] {logging_mixin.py:190} INFO - [2026-02-25T11:18:59.546+0000] {dagbag.py:588} INFO - Filling up the DagBag from /home/ubuntu/airflow-venv/lib/python3.12/site-packages/airflow/example_dags/example_subdag_operator.py
[2026-02-25T11:18:59.562+0000] {processor.py:925} INFO - DAG(s) 'example_subdag_operator.section-1', 'example_subdag_operator.section-2', 'example_subdag_operator' retrieved from /home/ubuntu/airflow-venv/lib/python3.12/site-packages/airflow/example_dags/example_subdag_operator.py
[2026-02-25T11:18:59.571+0000] {logging_mixin.py:190} INFO - [2026-02-25T11:18:59.571+0000] {dag.py:3239} INFO - Sync 3 DAGs
[2026-02-25T11:18:59.584+0000] {logging_mixin.py:190} INFO - [2026-02-25T11:18:59.583+0000] {dag.py:4180} INFO - Setting next_dagrun for example_subdag_operator to 2022-01-01 00:00:00+00:00, run_after=2022-01-01 00:00:00+00:00
[2026-02-25T11:18:59.585+0000] {logging_mixin.py:190} INFO - [2026-02-25T11:18:59.585+0000] {dag.py:4180} INFO - Setting next_dagrun for example_subdag_operator.section-1 to None, run_after=None
[2026-02-25T11:18:59.586+0000] {logging_mixin.py:190} INFO - [2026-02-25T11:18:59.586+0000] {dag.py:4180} INFO - Setting next_dagrun for example_subdag_operator.section-2 to None, run_after=None
[2026-02-25T11:18:59.590+0000] {logging_mixin.py:190} INFO - [2026-02-25T11:18:59.590+0000] {dag.py:3239} INFO - Sync 2 DAGs
[2026-02-25T11:18:59.592+0000] {logging_mixin.py:190} INFO - [2026-02-25T11:18:59.592+0000] {dag.py:4180} INFO - Setting next_dagrun for example_subdag_operator.section-1 to None, run_after=None
[2026-02-25T11:18:59.592+0000] {logging_mixin.py:190} INFO - [2026-02-25T11:18:59.592+0000] {dag.py:4180} INFO - Setting next_dagrun for example_subdag_operator.section-2 to None, run_after=None
[2026-02-25T11:18:59.605+0000] {processor.py:208} INFO - Processing /home/ubuntu/airflow-venv/lib/python3.12/site-packages/airflow/example_dags/example_subdag_operator.py took 0.066 seconds
[2026-02-25T11:18:59.853+0000] {processor.py:186} INFO - Started process (PID=9780) to work on /home/ubuntu/airflow-venv/lib/python3.12/site-packages/airflow/example_dags/example_subdag_operator.py
[2026-02-25T11:18:59.853+0000] {processor.py:914} INFO - Processing file /home/ubuntu/airflow-venv/lib/python3.12/site-packages/airflow/example_dags/example_subdag_operator.py for tasks to queue
[2026-02-25T11:18:59.855+0000] {logging_mixin.py:190} INFO - [2026-02-25T11:18:59.854+0000] {dagbag.py:588} INFO - Filling up the DagBag from /home/ubuntu/airflow-venv/lib/python3.12/site-packages/airflow/example_dags/example_subdag_operator.py
[2026-02-25T11:18:59.870+0000] {processor.py:925} INFO - DAG(s) 'example_subdag_operator.section-1', 'example_subdag_operator.section-2', 'example_subdag_operator' retrieved from /home/ubuntu/airflow-venv/lib/python3.12/site-packages/airflow/example_dags/example_subdag_operator.py
[2026-02-25T11:18:59.879+0000] {logging_mixin.py:190} INFO - [2026-02-25T11:18:59.878+0000] {dag.py:3239} INFO - Sync 3 DAGs
[2026-02-25T11:18:59.891+0000] {logging_mixin.py:190} INFO - [2026-02-25T11:18:59.891+0000] {dag.py:4180} INFO - Setting next_dagrun for example_subdag_operator to 2022-01-01 00:00:00+00:00, run_after=2022-01-01 00:00:00+00:00
[2026-02-25T11:18:59.893+0000] {logging_mixin.py:190} INFO - [2026-02-25T11:18:59.893+0000] {dag.py:4180} INFO - Setting next_dagrun for example_subdag_operator.section-1 to None, run_after=None
[2026-02-25T11:18:59.894+0000] {logging_mixin.py:190} INFO - [2026-02-25T11:18:59.894+0000] {dag.py:4180} INFO - Setting next_dagrun for example_subdag_operator.section-2 to None, run_after=None
[2026-02-25T11:18:59.897+0000] {logging_mixin.py:190} INFO - [2026-02-25T11:18:59.897+0000] {dag.py:3239} INFO - Sync 2 DAGs
[2026-02-25T11:18:59.900+0000] {logging_mixin.py:190} INFO - [2026-02-25T11:18:59.900+0000] {dag.py:4180} INFO - Setting next_dagrun for example_subdag_operator.section-1 to None, run_after=None
[2026-02-25T11:18:59.900+0000] {logging_mixin.py:190} INFO - [2026-02-25T11:18:59.900+0000] {dag.py:4180} INFO - Setting next_dagrun for example_subdag_operator.section-2 to None, run_after=None
[2026-02-25T11:18:59.912+0000] {processor.py:208} INFO - Processing /home/ubuntu/airflow-venv/lib/python3.12/site-packages/airflow/example_dags/example_subdag_operator.py took 0.063 seconds
[2026-02-25T11:19:46.296+0000] {processor.py:186} INFO - Started process (PID=9881) to work on /home/ubuntu/airflow-venv/lib/python3.12/site-packages/airflow/example_dags/example_subdag_operator.py
[2026-02-25T11:19:46.297+0000] {processor.py:914} INFO - Processing file /home/ubuntu/airflow-venv/lib/python3.12/site-packages/airflow/example_dags/example_subdag_operator.py for tasks to queue
[2026-02-25T11:19:46.299+0000] {logging_mixin.py:190} INFO - [2026-02-25T11:19:46.299+0000] {dagbag.py:588} INFO - Filling up the DagBag from /home/ubuntu/airflow-venv/lib/python3.12/site-packages/airflow/example_dags/example_subdag_operator.py
[2026-02-25T11:19:46.314+0000] {processor.py:925} INFO - DAG(s) 'example_subdag_operator.section-1', 'example_subdag_operator.section-2', 'example_subdag_operator' retrieved from /home/ubuntu/airflow-venv/lib/python3.12/site-packages/airflow/example_dags/example_subdag_operator.py
[2026-02-25T11:19:46.323+0000] {logging_mixin.py:190} INFO - [2026-02-25T11:19:46.323+0000] {dag.py:3239} INFO - Sync 3 DAGs
[2026-02-25T11:19:46.335+0000] {logging_mixin.py:190} INFO - [2026-02-25T11:19:46.335+0000] {dag.py:4180} INFO - Setting next_dagrun for example_subdag_operator to 2022-01-01 00:00:00+00:00, run_after=2022-01-01 00:00:00+00:00
[2026-02-25T11:19:46.337+0000] {logging_mixin.py:190} INFO - [2026-02-25T11:19:46.337+0000] {dag.py:4180} INFO - Setting next_dagrun for example_subdag_operator.section-1 to None, run_after=None
[2026-02-25T11:19:46.338+0000] {logging_mixin.py:190} INFO - [2026-02-25T11:19:46.338+0000] {dag.py:4180} INFO - Setting next_dagrun for example_subdag_operator.section-2 to None, run_after=None
[2026-02-25T11:19:46.341+0000] {logging_mixin.py:190} INFO - [2026-02-25T11:19:46.341+0000] {dag.py:3239} INFO - Sync 2 DAGs
[2026-02-25T11:19:46.343+0000] {logging_mixin.py:190} INFO - [2026-02-25T11:19:46.343+0000] {dag.py:4180} INFO - Setting next_dagrun for example_subdag_operator.section-1 to None, run_after=None
[2026-02-25T11:19:46.344+0000] {logging_mixin.py:190} INFO - [2026-02-25T11:19:46.343+0000] {dag.py:4180} INFO - Setting next_dagrun for example_subdag_operator.section-2 to None, run_after=None
[2026-02-25T11:19:46.355+0000] {processor.py:208} INFO - Processing /home/ubuntu/airflow-venv/lib/python3.12/site-packages/airflow/example_dags/example_subdag_operator.py took 0.063 seconds
[2026-02-25T11:19:46.951+0000] {processor.py:186} INFO - Started process (PID=9882) to work on /home/ubuntu/airflow-venv/lib/python3.12/site-packages/airflow/example_dags/example_subdag_operator.py
[2026-02-25T11:19:46.952+0000] {processor.py:914} INFO - Processing file /home/ubuntu/airflow-venv/lib/python3.12/site-packages/airflow/example_dags/example_subdag_operator.py for tasks to queue
[2026-02-25T11:19:46.953+0000] {logging_mixin.py:190} INFO - [2026-02-25T11:19:46.953+0000] {dagbag.py:588} INFO - Filling up the DagBag from /home/ubuntu/airflow-venv/lib/python3.12/site-packages/airflow/example_dags/example_subdag_operator.py
[2026-02-25T11:19:46.969+0000] {processor.py:925} INFO - DAG(s) 'example_subdag_operator.section-1', 'example_subdag_operator.section-2', 'example_subdag_operator' retrieved from /home/ubuntu/airflow-venv/lib/python3.12/site-packages/airflow/example_dags/example_subdag_operator.py
[2026-02-25T11:19:46.978+0000] {logging_mixin.py:190} INFO - [2026-02-25T11:19:46.978+0000] {dag.py:3239} INFO - Sync 3 DAGs
[2026-02-25T11:19:46.991+0000] {logging_mixin.py:190} INFO - [2026-02-25T11:19:46.991+0000] {dag.py:4180} INFO - Setting next_dagrun for example_subdag_operator to 2022-01-01 00:00:00+00:00, run_after=2022-01-01 00:00:00+00:00
[2026-02-25T11:19:46.993+0000] {logging_mixin.py:190} INFO - [2026-02-25T11:19:46.993+0000] {dag.py:4180} INFO - Setting next_dagrun for example_subdag_operator.section-1 to None, run_after=None
[2026-02-25T11:19:46.994+0000] {logging_mixin.py:190} INFO - [2026-02-25T11:19:46.994+0000] {dag.py:4180} INFO - Setting next_dagrun for example_subdag_operator.section-2 to None, run_after=None
[2026-02-25T11:19:46.997+0000] {logging_mixin.py:190} INFO - [2026-02-25T11:19:46.997+0000] {dag.py:3239} INFO - Sync 2 DAGs
[2026-02-25T11:19:47.000+0000] {logging_mixin.py:190} INFO - [2026-02-25T11:19:46.999+0000] {dag.py:4180} INFO - Setting next_dagrun for example_subdag_operator.section-1 to None, run_after=None
[2026-02-25T11:19:47.000+0000] {logging_mixin.py:190} INFO - [2026-02-25T11:19:47.000+0000] {dag.py:4180} INFO - Setting next_dagrun for example_subdag_operator.section-2 to None, run_after=None
[2026-02-25T11:19:47.011+0000] {processor.py:208} INFO - Processing /home/ubuntu/airflow-venv/lib/python3.12/site-packages/airflow/example_dags/example_subdag_operator.py took 0.064 seconds
[2026-02-25T11:20:36.226+0000] {processor.py:186} INFO - Started process (PID=9988) to work on /home/ubuntu/airflow-venv/lib/python3.12/site-packages/airflow/example_dags/example_subdag_operator.py
[2026-02-25T11:20:36.227+0000] {processor.py:914} INFO - Processing file /home/ubuntu/airflow-venv/lib/python3.12/site-packages/airflow/example_dags/example_subdag_operator.py for tasks to queue
[2026-02-25T11:20:36.229+0000] {logging_mixin.py:190} INFO - [2026-02-25T11:20:36.229+0000] {dagbag.py:588} INFO - Filling up the DagBag from /home/ubuntu/airflow-venv/lib/python3.12/site-packages/airflow/example_dags/example_subdag_operator.py
[2026-02-25T11:20:36.244+0000] {processor.py:925} INFO - DAG(s) 'example_subdag_operator.section-1', 'example_subdag_operator.section-2', 'example_subdag_operator' retrieved from /home/ubuntu/airflow-venv/lib/python3.12/site-packages/airflow/example_dags/example_subdag_operator.py
[2026-02-25T11:20:36.253+0000] {logging_mixin.py:190} INFO - [2026-02-25T11:20:36.253+0000] {dag.py:3239} INFO - Sync 3 DAGs
[2026-02-25T11:20:36.266+0000] {logging_mixin.py:190} INFO - [2026-02-25T11:20:36.266+0000] {dag.py:4180} INFO - Setting next_dagrun for example_subdag_operator to 2022-01-01 00:00:00+00:00, run_after=2022-01-01 00:00:00+00:00
[2026-02-25T11:20:36.268+0000] {logging_mixin.py:190} INFO - [2026-02-25T11:20:36.268+0000] {dag.py:4180} INFO - Setting next_dagrun for example_subdag_operator.section-1 to None, run_after=None
[2026-02-25T11:20:36.268+0000] {logging_mixin.py:190} INFO - [2026-02-25T11:20:36.268+0000] {dag.py:4180} INFO - Setting next_dagrun for example_subdag_operator.section-2 to None, run_after=None
[2026-02-25T11:20:36.272+0000] {logging_mixin.py:190} INFO - [2026-02-25T11:20:36.272+0000] {dag.py:3239} INFO - Sync 2 DAGs
[2026-02-25T11:20:36.274+0000] {logging_mixin.py:190} INFO - [2026-02-25T11:20:36.274+0000] {dag.py:4180} INFO - Setting next_dagrun for example_subdag_operator.section-1 to None, run_after=None
[2026-02-25T11:20:36.274+0000] {logging_mixin.py:190} INFO - [2026-02-25T11:20:36.274+0000] {dag.py:4180} INFO - Setting next_dagrun for example_subdag_operator.section-2 to None, run_after=None
[2026-02-25T11:20:36.287+0000] {processor.py:208} INFO - Processing /home/ubuntu/airflow-venv/lib/python3.12/site-packages/airflow/example_dags/example_subdag_operator.py took 0.065 seconds
[2026-02-25T11:20:38.593+0000] {processor.py:186} INFO - Started process (PID=9993) to work on /home/ubuntu/airflow-venv/lib/python3.12/site-packages/airflow/example_dags/example_subdag_operator.py
[2026-02-25T11:20:38.593+0000] {processor.py:914} INFO - Processing file /home/ubuntu/airflow-venv/lib/python3.12/site-packages/airflow/example_dags/example_subdag_operator.py for tasks to queue
[2026-02-25T11:20:38.595+0000] {logging_mixin.py:190} INFO - [2026-02-25T11:20:38.594+0000] {dagbag.py:588} INFO - Filling up the DagBag from /home/ubuntu/airflow-venv/lib/python3.12/site-packages/airflow/example_dags/example_subdag_operator.py
[2026-02-25T11:20:38.610+0000] {processor.py:925} INFO - DAG(s) 'example_subdag_operator.section-1', 'example_subdag_operator.section-2', 'example_subdag_operator' retrieved from /home/ubuntu/airflow-venv/lib/python3.12/site-packages/airflow/example_dags/example_subdag_operator.py
[2026-02-25T11:20:38.619+0000] {logging_mixin.py:190} INFO - [2026-02-25T11:20:38.619+0000] {dag.py:3239} INFO - Sync 3 DAGs
[2026-02-25T11:20:38.632+0000] {logging_mixin.py:190} INFO - [2026-02-25T11:20:38.632+0000] {dag.py:4180} INFO - Setting next_dagrun for example_subdag_operator to 2022-01-01 00:00:00+00:00, run_after=2022-01-01 00:00:00+00:00
[2026-02-25T11:20:38.634+0000] {logging_mixin.py:190} INFO - [2026-02-25T11:20:38.634+0000] {dag.py:4180} INFO - Setting next_dagrun for example_subdag_operator.section-1 to None, run_after=None
[2026-02-25T11:20:38.635+0000] {logging_mixin.py:190} INFO - [2026-02-25T11:20:38.634+0000] {dag.py:4180} INFO - Setting next_dagrun for example_subdag_operator.section-2 to None, run_after=None
[2026-02-25T11:20:38.638+0000] {logging_mixin.py:190} INFO - [2026-02-25T11:20:38.638+0000] {dag.py:3239} INFO - Sync 2 DAGs
[2026-02-25T11:20:38.641+0000] {logging_mixin.py:190} INFO - [2026-02-25T11:20:38.640+0000] {dag.py:4180} INFO - Setting next_dagrun for example_subdag_operator.section-1 to None, run_after=None
[2026-02-25T11:20:38.641+0000] {logging_mixin.py:190} INFO - [2026-02-25T11:20:38.641+0000] {dag.py:4180} INFO - Setting next_dagrun for example_subdag_operator.section-2 to None, run_after=None
[2026-02-25T11:20:38.654+0000] {processor.py:208} INFO - Processing /home/ubuntu/airflow-venv/lib/python3.12/site-packages/airflow/example_dags/example_subdag_operator.py took 0.065 seconds
[2026-02-25T11:21:26.570+0000] {processor.py:186} INFO - Started process (PID=10092) to work on /home/ubuntu/airflow-venv/lib/python3.12/site-packages/airflow/example_dags/example_subdag_operator.py
[2026-02-25T11:21:26.571+0000] {processor.py:914} INFO - Processing file /home/ubuntu/airflow-venv/lib/python3.12/site-packages/airflow/example_dags/example_subdag_operator.py for tasks to queue
[2026-02-25T11:21:26.572+0000] {logging_mixin.py:190} INFO - [2026-02-25T11:21:26.572+0000] {dagbag.py:588} INFO - Filling up the DagBag from /home/ubuntu/airflow-venv/lib/python3.12/site-packages/airflow/example_dags/example_subdag_operator.py
[2026-02-25T11:21:26.587+0000] {processor.py:925} INFO - DAG(s) 'example_subdag_operator.section-1', 'example_subdag_operator.section-2', 'example_subdag_operator' retrieved from /home/ubuntu/airflow-venv/lib/python3.12/site-packages/airflow/example_dags/example_subdag_operator.py
[2026-02-25T11:21:26.596+0000] {logging_mixin.py:190} INFO - [2026-02-25T11:21:26.596+0000] {dag.py:3239} INFO - Sync 3 DAGs
[2026-02-25T11:21:26.609+0000] {logging_mixin.py:190} INFO - [2026-02-25T11:21:26.608+0000] {dag.py:4180} INFO - Setting next_dagrun for example_subdag_operator to 2022-01-01 00:00:00+00:00, run_after=2022-01-01 00:00:00+00:00
[2026-02-25T11:21:26.610+0000] {logging_mixin.py:190} INFO - [2026-02-25T11:21:26.610+0000] {dag.py:4180} INFO - Setting next_dagrun for example_subdag_operator.section-1 to None, run_after=None
[2026-02-25T11:21:26.611+0000] {logging_mixin.py:190} INFO - [2026-02-25T11:21:26.611+0000] {dag.py:4180} INFO - Setting next_dagrun for example_subdag_operator.section-2 to None, run_after=None
[2026-02-25T11:21:26.615+0000] {logging_mixin.py:190} INFO - [2026-02-25T11:21:26.614+0000] {dag.py:3239} INFO - Sync 2 DAGs
[2026-02-25T11:21:26.617+0000] {logging_mixin.py:190} INFO - [2026-02-25T11:21:26.617+0000] {dag.py:4180} INFO - Setting next_dagrun for example_subdag_operator.section-1 to None, run_after=None
[2026-02-25T11:21:26.617+0000] {logging_mixin.py:190} INFO - [2026-02-25T11:21:26.617+0000] {dag.py:4180} INFO - Setting next_dagrun for example_subdag_operator.section-2 to None, run_after=None
[2026-02-25T11:21:26.629+0000] {processor.py:208} INFO - Processing /home/ubuntu/airflow-venv/lib/python3.12/site-packages/airflow/example_dags/example_subdag_operator.py took 0.063 seconds
[2026-02-25T11:21:27.816+0000] {processor.py:186} INFO - Started process (PID=10095) to work on /home/ubuntu/airflow-venv/lib/python3.12/site-packages/airflow/example_dags/example_subdag_operator.py
[2026-02-25T11:21:27.817+0000] {processor.py:914} INFO - Processing file /home/ubuntu/airflow-venv/lib/python3.12/site-packages/airflow/example_dags/example_subdag_operator.py for tasks to queue
[2026-02-25T11:21:27.818+0000] {logging_mixin.py:190} INFO - [2026-02-25T11:21:27.818+0000] {dagbag.py:588} INFO - Filling up the DagBag from /home/ubuntu/airflow-venv/lib/python3.12/site-packages/airflow/example_dags/example_subdag_operator.py
[2026-02-25T11:21:27.833+0000] {processor.py:925} INFO - DAG(s) 'example_subdag_operator.section-1', 'example_subdag_operator.section-2', 'example_subdag_operator' retrieved from /home/ubuntu/airflow-venv/lib/python3.12/site-packages/airflow/example_dags/example_subdag_operator.py
[2026-02-25T11:21:27.842+0000] {logging_mixin.py:190} INFO - [2026-02-25T11:21:27.842+0000] {dag.py:3239} INFO - Sync 3 DAGs
[2026-02-25T11:21:27.854+0000] {logging_mixin.py:190} INFO - [2026-02-25T11:21:27.854+0000] {dag.py:4180} INFO - Setting next_dagrun for example_subdag_operator to 2022-01-01 00:00:00+00:00, run_after=2022-01-01 00:00:00+00:00
[2026-02-25T11:21:27.856+0000] {logging_mixin.py:190} INFO - [2026-02-25T11:21:27.856+0000] {dag.py:4180} INFO - Setting next_dagrun for example_subdag_operator.section-1 to None, run_after=None
[2026-02-25T11:21:27.857+0000] {logging_mixin.py:190} INFO - [2026-02-25T11:21:27.857+0000] {dag.py:4180} INFO - Setting next_dagrun for example_subdag_operator.section-2 to None, run_after=None
[2026-02-25T11:21:27.860+0000] {logging_mixin.py:190} INFO - [2026-02-25T11:21:27.860+0000] {dag.py:3239} INFO - Sync 2 DAGs
[2026-02-25T11:21:27.862+0000] {logging_mixin.py:190} INFO - [2026-02-25T11:21:27.862+0000] {dag.py:4180} INFO - Setting next_dagrun for example_subdag_operator.section-1 to None, run_after=None
[2026-02-25T11:21:27.863+0000] {logging_mixin.py:190} INFO - [2026-02-25T11:21:27.863+0000] {dag.py:4180} INFO - Setting next_dagrun for example_subdag_operator.section-2 to None, run_after=None
[2026-02-25T11:21:27.875+0000] {processor.py:208} INFO - Processing /home/ubuntu/airflow-venv/lib/python3.12/site-packages/airflow/example_dags/example_subdag_operator.py took 0.062 seconds
[2026-02-25T11:22:16.193+0000] {processor.py:186} INFO - Started process (PID=10196) to work on /home/ubuntu/airflow-venv/lib/python3.12/site-packages/airflow/example_dags/example_subdag_operator.py
[2026-02-25T11:22:16.195+0000] {processor.py:914} INFO - Processing file /home/ubuntu/airflow-venv/lib/python3.12/site-packages/airflow/example_dags/example_subdag_operator.py for tasks to queue
[2026-02-25T11:22:16.196+0000] {logging_mixin.py:190} INFO - [2026-02-25T11:22:16.196+0000] {dagbag.py:588} INFO - Filling up the DagBag from /home/ubuntu/airflow-venv/lib/python3.12/site-packages/airflow/example_dags/example_subdag_operator.py
[2026-02-25T11:22:16.213+0000] {processor.py:925} INFO - DAG(s) 'example_subdag_operator.section-1', 'example_subdag_operator.section-2', 'example_subdag_operator' retrieved from /home/ubuntu/airflow-venv/lib/python3.12/site-packages/airflow/example_dags/example_subdag_operator.py
[2026-02-25T11:22:16.222+0000] {logging_mixin.py:190} INFO - [2026-02-25T11:22:16.222+0000] {dag.py:3239} INFO - Sync 3 DAGs
[2026-02-25T11:22:16.236+0000] {logging_mixin.py:190} INFO - [2026-02-25T11:22:16.235+0000] {dag.py:4180} INFO - Setting next_dagrun for example_subdag_operator to 2022-01-01 00:00:00+00:00, run_after=2022-01-01 00:00:00+00:00
[2026-02-25T11:22:16.246+0000] {logging_mixin.py:190} INFO - [2026-02-25T11:22:16.246+0000] {dag.py:4180} INFO - Setting next_dagrun for example_subdag_operator.section-1 to None, run_after=None
[2026-02-25T11:22:16.247+0000] {logging_mixin.py:190} INFO - [2026-02-25T11:22:16.247+0000] {dag.py:4180} INFO - Setting next_dagrun for example_subdag_operator.section-2 to None, run_after=None
[2026-02-25T11:22:16.251+0000] {logging_mixin.py:190} INFO - [2026-02-25T11:22:16.250+0000] {dag.py:3239} INFO - Sync 2 DAGs
[2026-02-25T11:22:16.254+0000] {logging_mixin.py:190} INFO - [2026-02-25T11:22:16.254+0000] {dag.py:4180} INFO - Setting next_dagrun for example_subdag_operator.section-1 to None, run_after=None
[2026-02-25T11:22:16.254+0000] {logging_mixin.py:190} INFO - [2026-02-25T11:22:16.254+0000] {dag.py:4180} INFO - Setting next_dagrun for example_subdag_operator.section-2 to None, run_after=None
[2026-02-25T11:22:16.267+0000] {processor.py:208} INFO - Processing /home/ubuntu/airflow-venv/lib/python3.12/site-packages/airflow/example_dags/example_subdag_operator.py took 0.078 seconds
[2026-02-25T11:22:19.590+0000] {processor.py:186} INFO - Started process (PID=10204) to work on /home/ubuntu/airflow-venv/lib/python3.12/site-packages/airflow/example_dags/example_subdag_operator.py
[2026-02-25T11:22:19.590+0000] {processor.py:914} INFO - Processing file /home/ubuntu/airflow-venv/lib/python3.12/site-packages/airflow/example_dags/example_subdag_operator.py for tasks to queue
[2026-02-25T11:22:19.592+0000] {logging_mixin.py:190} INFO - [2026-02-25T11:22:19.591+0000] {dagbag.py:588} INFO - Filling up the DagBag from /home/ubuntu/airflow-venv/lib/python3.12/site-packages/airflow/example_dags/example_subdag_operator.py
[2026-02-25T11:22:19.607+0000] {processor.py:925} INFO - DAG(s) 'example_subdag_operator.section-1', 'example_subdag_operator.section-2', 'example_subdag_operator' retrieved from /home/ubuntu/airflow-venv/lib/python3.12/site-packages/airflow/example_dags/example_subdag_operator.py
[2026-02-25T11:22:19.617+0000] {logging_mixin.py:190} INFO - [2026-02-25T11:22:19.617+0000] {dag.py:3239} INFO - Sync 3 DAGs
[2026-02-25T11:22:19.629+0000] {logging_mixin.py:190} INFO - [2026-02-25T11:22:19.629+0000] {dag.py:4180} INFO - Setting next_dagrun for example_subdag_operator to 2022-01-01 00:00:00+00:00, run_after=2022-01-01 00:00:00+00:00
[2026-02-25T11:22:19.631+0000] {logging_mixin.py:190} INFO - [2026-02-25T11:22:19.631+0000] {dag.py:4180} INFO - Setting next_dagrun for example_subdag_operator.section-1 to None, run_after=None
[2026-02-25T11:22:19.632+0000] {logging_mixin.py:190} INFO - [2026-02-25T11:22:19.632+0000] {dag.py:4180} INFO - Setting next_dagrun for example_subdag_operator.section-2 to None, run_after=None
[2026-02-25T11:22:19.636+0000] {logging_mixin.py:190} INFO - [2026-02-25T11:22:19.636+0000] {dag.py:3239} INFO - Sync 2 DAGs
[2026-02-25T11:22:19.638+0000] {logging_mixin.py:190} INFO - [2026-02-25T11:22:19.638+0000] {dag.py:4180} INFO - Setting next_dagrun for example_subdag_operator.section-1 to None, run_after=None
[2026-02-25T11:22:19.638+0000] {logging_mixin.py:190} INFO - [2026-02-25T11:22:19.638+0000] {dag.py:4180} INFO - Setting next_dagrun for example_subdag_operator.section-2 to None, run_after=None
[2026-02-25T11:22:19.650+0000] {processor.py:208} INFO - Processing /home/ubuntu/airflow-venv/lib/python3.12/site-packages/airflow/example_dags/example_subdag_operator.py took 0.065 seconds
[2026-02-25T11:23:06.450+0000] {processor.py:186} INFO - Started process (PID=10301) to work on /home/ubuntu/airflow-venv/lib/python3.12/site-packages/airflow/example_dags/example_subdag_operator.py
[2026-02-25T11:23:06.451+0000] {processor.py:914} INFO - Processing file /home/ubuntu/airflow-venv/lib/python3.12/site-packages/airflow/example_dags/example_subdag_operator.py for tasks to queue
[2026-02-25T11:23:06.452+0000] {logging_mixin.py:190} INFO - [2026-02-25T11:23:06.452+0000] {dagbag.py:588} INFO - Filling up the DagBag from /home/ubuntu/airflow-venv/lib/python3.12/site-packages/airflow/example_dags/example_subdag_operator.py
[2026-02-25T11:23:06.469+0000] {processor.py:925} INFO - DAG(s) 'example_subdag_operator.section-1', 'example_subdag_operator.section-2', 'example_subdag_operator' retrieved from /home/ubuntu/airflow-venv/lib/python3.12/site-packages/airflow/example_dags/example_subdag_operator.py
[2026-02-25T11:23:06.478+0000] {logging_mixin.py:190} INFO - [2026-02-25T11:23:06.478+0000] {dag.py:3239} INFO - Sync 3 DAGs
[2026-02-25T11:23:06.492+0000] {logging_mixin.py:190} INFO - [2026-02-25T11:23:06.492+0000] {dag.py:4180} INFO - Setting next_dagrun for example_subdag_operator to 2022-01-01 00:00:00+00:00, run_after=2022-01-01 00:00:00+00:00
[2026-02-25T11:23:06.494+0000] {logging_mixin.py:190} INFO - [2026-02-25T11:23:06.494+0000] {dag.py:4180} INFO - Setting next_dagrun for example_subdag_operator.section-1 to None, run_after=None
[2026-02-25T11:23:06.495+0000] {logging_mixin.py:190} INFO - [2026-02-25T11:23:06.495+0000] {dag.py:4180} INFO - Setting next_dagrun for example_subdag_operator.section-2 to None, run_after=None
[2026-02-25T11:23:06.499+0000] {logging_mixin.py:190} INFO - [2026-02-25T11:23:06.499+0000] {dag.py:3239} INFO - Sync 2 DAGs
[2026-02-25T11:23:06.502+0000] {logging_mixin.py:190} INFO - [2026-02-25T11:23:06.501+0000] {dag.py:4180} INFO - Setting next_dagrun for example_subdag_operator.section-1 to None, run_after=None
[2026-02-25T11:23:06.502+0000] {logging_mixin.py:190} INFO - [2026-02-25T11:23:06.502+0000] {dag.py:4180} INFO - Setting next_dagrun for example_subdag_operator.section-2 to None, run_after=None
[2026-02-25T11:23:06.524+0000] {processor.py:208} INFO - Processing /home/ubuntu/airflow-venv/lib/python3.12/site-packages/airflow/example_dags/example_subdag_operator.py took 0.078 seconds
[2026-02-25T11:23:11.534+0000] {processor.py:186} INFO - Started process (PID=10312) to work on /home/ubuntu/airflow-venv/lib/python3.12/site-packages/airflow/example_dags/example_subdag_operator.py
[2026-02-25T11:23:11.535+0000] {processor.py:914} INFO - Processing file /home/ubuntu/airflow-venv/lib/python3.12/site-packages/airflow/example_dags/example_subdag_operator.py for tasks to queue
[2026-02-25T11:23:11.537+0000] {logging_mixin.py:190} INFO - [2026-02-25T11:23:11.536+0000] {dagbag.py:588} INFO - Filling up the DagBag from /home/ubuntu/airflow-venv/lib/python3.12/site-packages/airflow/example_dags/example_subdag_operator.py
[2026-02-25T11:23:11.552+0000] {processor.py:925} INFO - DAG(s) 'example_subdag_operator.section-1', 'example_subdag_operator.section-2', 'example_subdag_operator' retrieved from /home/ubuntu/airflow-venv/lib/python3.12/site-packages/airflow/example_dags/example_subdag_operator.py
[2026-02-25T11:23:11.561+0000] {logging_mixin.py:190} INFO - [2026-02-25T11:23:11.561+0000] {dag.py:3239} INFO - Sync 3 DAGs
[2026-02-25T11:23:11.574+0000] {logging_mixin.py:190} INFO - [2026-02-25T11:23:11.574+0000] {dag.py:4180} INFO - Setting next_dagrun for example_subdag_operator to 2022-01-01 00:00:00+00:00, run_after=2022-01-01 00:00:00+00:00
[2026-02-25T11:23:11.576+0000] {logging_mixin.py:190} INFO - [2026-02-25T11:23:11.576+0000] {dag.py:4180} INFO - Setting next_dagrun for example_subdag_operator.section-1 to None, run_after=None
[2026-02-25T11:23:11.577+0000] {logging_mixin.py:190} INFO - [2026-02-25T11:23:11.577+0000] {dag.py:4180} INFO - Setting next_dagrun for example_subdag_operator.section-2 to None, run_after=None
[2026-02-25T11:23:11.580+0000] {logging_mixin.py:190} INFO - [2026-02-25T11:23:11.580+0000] {dag.py:3239} INFO - Sync 2 DAGs
[2026-02-25T11:23:11.582+0000] {logging_mixin.py:190} INFO - [2026-02-25T11:23:11.582+0000] {dag.py:4180} INFO - Setting next_dagrun for example_subdag_operator.section-1 to None, run_after=None
[2026-02-25T11:23:11.583+0000] {logging_mixin.py:190} INFO - [2026-02-25T11:23:11.583+0000] {dag.py:4180} INFO - Setting next_dagrun for example_subdag_operator.section-2 to None, run_after=None
[2026-02-25T11:23:11.595+0000] {processor.py:208} INFO - Processing /home/ubuntu/airflow-venv/lib/python3.12/site-packages/airflow/example_dags/example_subdag_operator.py took 0.065 seconds
[2026-02-25T11:23:55.083+0000] {processor.py:186} INFO - Started process (PID=10405) to work on /home/ubuntu/airflow-venv/lib/python3.12/site-packages/airflow/example_dags/example_subdag_operator.py
[2026-02-25T11:23:55.084+0000] {processor.py:914} INFO - Processing file /home/ubuntu/airflow-venv/lib/python3.12/site-packages/airflow/example_dags/example_subdag_operator.py for tasks to queue
[2026-02-25T11:23:55.085+0000] {logging_mixin.py:190} INFO - [2026-02-25T11:23:55.085+0000] {dagbag.py:588} INFO - Filling up the DagBag from /home/ubuntu/airflow-venv/lib/python3.12/site-packages/airflow/example_dags/example_subdag_operator.py
[2026-02-25T11:23:55.101+0000] {processor.py:925} INFO - DAG(s) 'example_subdag_operator.section-1', 'example_subdag_operator.section-2', 'example_subdag_operator' retrieved from /home/ubuntu/airflow-venv/lib/python3.12/site-packages/airflow/example_dags/example_subdag_operator.py
[2026-02-25T11:23:55.110+0000] {logging_mixin.py:190} INFO - [2026-02-25T11:23:55.109+0000] {dag.py:3239} INFO - Sync 3 DAGs
[2026-02-25T11:23:55.123+0000] {logging_mixin.py:190} INFO - [2026-02-25T11:23:55.123+0000] {dag.py:4180} INFO - Setting next_dagrun for example_subdag_operator to 2022-01-01 00:00:00+00:00, run_after=2022-01-01 00:00:00+00:00
[2026-02-25T11:23:55.125+0000] {logging_mixin.py:190} INFO - [2026-02-25T11:23:55.125+0000] {dag.py:4180} INFO - Setting next_dagrun for example_subdag_operator.section-1 to None, run_after=None
[2026-02-25T11:23:55.125+0000] {logging_mixin.py:190} INFO - [2026-02-25T11:23:55.125+0000] {dag.py:4180} INFO - Setting next_dagrun for example_subdag_operator.section-2 to None, run_after=None
[2026-02-25T11:23:55.129+0000] {logging_mixin.py:190} INFO - [2026-02-25T11:23:55.129+0000] {dag.py:3239} INFO - Sync 2 DAGs
[2026-02-25T11:23:55.131+0000] {logging_mixin.py:190} INFO - [2026-02-25T11:23:55.131+0000] {dag.py:4180} INFO - Setting next_dagrun for example_subdag_operator.section-1 to None, run_after=None
[2026-02-25T11:23:55.131+0000] {logging_mixin.py:190} INFO - [2026-02-25T11:23:55.131+0000] {dag.py:4180} INFO - Setting next_dagrun for example_subdag_operator.section-2 to None, run_after=None
[2026-02-25T11:23:55.143+0000] {processor.py:208} INFO - Processing /home/ubuntu/airflow-venv/lib/python3.12/site-packages/airflow/example_dags/example_subdag_operator.py took 0.064 seconds
[2026-02-25T11:23:58.950+0000] {processor.py:186} INFO - Started process (PID=10414) to work on /home/ubuntu/airflow-venv/lib/python3.12/site-packages/airflow/example_dags/example_subdag_operator.py
[2026-02-25T11:23:58.950+0000] {processor.py:914} INFO - Processing file /home/ubuntu/airflow-venv/lib/python3.12/site-packages/airflow/example_dags/example_subdag_operator.py for tasks to queue
[2026-02-25T11:23:58.952+0000] {logging_mixin.py:190} INFO - [2026-02-25T11:23:58.951+0000] {dagbag.py:588} INFO - Filling up the DagBag from /home/ubuntu/airflow-venv/lib/python3.12/site-packages/airflow/example_dags/example_subdag_operator.py
[2026-02-25T11:23:58.976+0000] {processor.py:925} INFO - DAG(s) 'example_subdag_operator.section-1', 'example_subdag_operator.section-2', 'example_subdag_operator' retrieved from /home/ubuntu/airflow-venv/lib/python3.12/site-packages/airflow/example_dags/example_subdag_operator.py
[2026-02-25T11:23:58.984+0000] {logging_mixin.py:190} INFO - [2026-02-25T11:23:58.984+0000] {dag.py:3239} INFO - Sync 3 DAGs
[2026-02-25T11:23:58.997+0000] {logging_mixin.py:190} INFO - [2026-02-25T11:23:58.996+0000] {dag.py:4180} INFO - Setting next_dagrun for example_subdag_operator to 2022-01-01 00:00:00+00:00, run_after=2022-01-01 00:00:00+00:00
[2026-02-25T11:23:58.998+0000] {logging_mixin.py:190} INFO - [2026-02-25T11:23:58.998+0000] {dag.py:4180} INFO - Setting next_dagrun for example_subdag_operator.section-1 to None, run_after=None
[2026-02-25T11:23:58.999+0000] {logging_mixin.py:190} INFO - [2026-02-25T11:23:58.999+0000] {dag.py:4180} INFO - Setting next_dagrun for example_subdag_operator.section-2 to None, run_after=None
[2026-02-25T11:23:59.003+0000] {logging_mixin.py:190} INFO - [2026-02-25T11:23:59.002+0000] {dag.py:3239} INFO - Sync 2 DAGs
[2026-02-25T11:23:59.005+0000] {logging_mixin.py:190} INFO - [2026-02-25T11:23:59.005+0000] {dag.py:4180} INFO - Setting next_dagrun for example_subdag_operator.section-1 to None, run_after=None
[2026-02-25T11:23:59.005+0000] {logging_mixin.py:190} INFO - [2026-02-25T11:23:59.005+0000] {dag.py:4180} INFO - Setting next_dagrun for example_subdag_operator.section-2 to None, run_after=None
[2026-02-25T11:23:59.017+0000] {processor.py:208} INFO - Processing /home/ubuntu/airflow-venv/lib/python3.12/site-packages/airflow/example_dags/example_subdag_operator.py took 0.071 seconds
[2026-02-25T11:24:48.012+0000] {processor.py:186} INFO - Started process (PID=10513) to work on /home/ubuntu/airflow-venv/lib/python3.12/site-packages/airflow/example_dags/example_subdag_operator.py
[2026-02-25T11:24:48.014+0000] {processor.py:914} INFO - Processing file /home/ubuntu/airflow-venv/lib/python3.12/site-packages/airflow/example_dags/example_subdag_operator.py for tasks to queue
[2026-02-25T11:24:48.015+0000] {logging_mixin.py:190} INFO - [2026-02-25T11:24:48.015+0000] {dagbag.py:588} INFO - Filling up the DagBag from /home/ubuntu/airflow-venv/lib/python3.12/site-packages/airflow/example_dags/example_subdag_operator.py
[2026-02-25T11:24:48.031+0000] {processor.py:925} INFO - DAG(s) 'example_subdag_operator.section-1', 'example_subdag_operator.section-2', 'example_subdag_operator' retrieved from /home/ubuntu/airflow-venv/lib/python3.12/site-packages/airflow/example_dags/example_subdag_operator.py
[2026-02-25T11:24:48.040+0000] {logging_mixin.py:190} INFO - [2026-02-25T11:24:48.039+0000] {dag.py:3239} INFO - Sync 3 DAGs
[2026-02-25T11:24:48.052+0000] {logging_mixin.py:190} INFO - [2026-02-25T11:24:48.052+0000] {dag.py:4180} INFO - Setting next_dagrun for example_subdag_operator to 2022-01-01 00:00:00+00:00, run_after=2022-01-01 00:00:00+00:00
[2026-02-25T11:24:48.054+0000] {logging_mixin.py:190} INFO - [2026-02-25T11:24:48.054+0000] {dag.py:4180} INFO - Setting next_dagrun for example_subdag_operator.section-1 to None, run_after=None
[2026-02-25T11:24:48.055+0000] {logging_mixin.py:190} INFO - [2026-02-25T11:24:48.055+0000] {dag.py:4180} INFO - Setting next_dagrun for example_subdag_operator.section-2 to None, run_after=None
[2026-02-25T11:24:48.059+0000] {logging_mixin.py:190} INFO - [2026-02-25T11:24:48.058+0000] {dag.py:3239} INFO - Sync 2 DAGs
[2026-02-25T11:24:48.061+0000] {logging_mixin.py:190} INFO - [2026-02-25T11:24:48.061+0000] {dag.py:4180} INFO - Setting next_dagrun for example_subdag_operator.section-1 to None, run_after=None
[2026-02-25T11:24:48.061+0000] {logging_mixin.py:190} INFO - [2026-02-25T11:24:48.061+0000] {dag.py:4180} INFO - Setting next_dagrun for example_subdag_operator.section-2 to None, run_after=None
[2026-02-25T11:24:48.073+0000] {processor.py:208} INFO - Processing /home/ubuntu/airflow-venv/lib/python3.12/site-packages/airflow/example_dags/example_subdag_operator.py took 0.065 seconds
[2026-02-25T11:24:49.215+0000] {processor.py:186} INFO - Started process (PID=10516) to work on /home/ubuntu/airflow-venv/lib/python3.12/site-packages/airflow/example_dags/example_subdag_operator.py
[2026-02-25T11:24:49.216+0000] {processor.py:914} INFO - Processing file /home/ubuntu/airflow-venv/lib/python3.12/site-packages/airflow/example_dags/example_subdag_operator.py for tasks to queue
[2026-02-25T11:24:49.217+0000] {logging_mixin.py:190} INFO - [2026-02-25T11:24:49.217+0000] {dagbag.py:588} INFO - Filling up the DagBag from /home/ubuntu/airflow-venv/lib/python3.12/site-packages/airflow/example_dags/example_subdag_operator.py
[2026-02-25T11:24:49.232+0000] {processor.py:925} INFO - DAG(s) 'example_subdag_operator.section-1', 'example_subdag_operator.section-2', 'example_subdag_operator' retrieved from /home/ubuntu/airflow-venv/lib/python3.12/site-packages/airflow/example_dags/example_subdag_operator.py
[2026-02-25T11:24:49.241+0000] {logging_mixin.py:190} INFO - [2026-02-25T11:24:49.241+0000] {dag.py:3239} INFO - Sync 3 DAGs
[2026-02-25T11:24:49.254+0000] {logging_mixin.py:190} INFO - [2026-02-25T11:24:49.254+0000] {dag.py:4180} INFO - Setting next_dagrun for example_subdag_operator to 2022-01-01 00:00:00+00:00, run_after=2022-01-01 00:00:00+00:00
[2026-02-25T11:24:49.256+0000] {logging_mixin.py:190} INFO - [2026-02-25T11:24:49.256+0000] {dag.py:4180} INFO - Setting next_dagrun for example_subdag_operator.section-1 to None, run_after=None
[2026-02-25T11:24:49.257+0000] {logging_mixin.py:190} INFO - [2026-02-25T11:24:49.257+0000] {dag.py:4180} INFO - Setting next_dagrun for example_subdag_operator.section-2 to None, run_after=None
[2026-02-25T11:24:49.261+0000] {logging_mixin.py:190} INFO - [2026-02-25T11:24:49.261+0000] {dag.py:3239} INFO - Sync 2 DAGs
[2026-02-25T11:24:49.263+0000] {logging_mixin.py:190} INFO - [2026-02-25T11:24:49.263+0000] {dag.py:4180} INFO - Setting next_dagrun for example_subdag_operator.section-1 to None, run_after=None
[2026-02-25T11:24:49.263+0000] {logging_mixin.py:190} INFO - [2026-02-25T11:24:49.263+0000] {dag.py:4180} INFO - Setting next_dagrun for example_subdag_operator.section-2 to None, run_after=None
[2026-02-25T11:24:49.276+0000] {processor.py:208} INFO - Processing /home/ubuntu/airflow-venv/lib/python3.12/site-packages/airflow/example_dags/example_subdag_operator.py took 0.065 seconds
[2026-02-25T11:25:35.104+0000] {processor.py:186} INFO - Started process (PID=10616) to work on /home/ubuntu/airflow-venv/lib/python3.12/site-packages/airflow/example_dags/example_subdag_operator.py
[2026-02-25T11:25:35.105+0000] {processor.py:914} INFO - Processing file /home/ubuntu/airflow-venv/lib/python3.12/site-packages/airflow/example_dags/example_subdag_operator.py for tasks to queue
[2026-02-25T11:25:35.107+0000] {logging_mixin.py:190} INFO - [2026-02-25T11:25:35.107+0000] {dagbag.py:588} INFO - Filling up the DagBag from /home/ubuntu/airflow-venv/lib/python3.12/site-packages/airflow/example_dags/example_subdag_operator.py
[2026-02-25T11:25:35.122+0000] {processor.py:925} INFO - DAG(s) 'example_subdag_operator.section-1', 'example_subdag_operator.section-2', 'example_subdag_operator' retrieved from /home/ubuntu/airflow-venv/lib/python3.12/site-packages/airflow/example_dags/example_subdag_operator.py
[2026-02-25T11:25:35.131+0000] {logging_mixin.py:190} INFO - [2026-02-25T11:25:35.131+0000] {dag.py:3239} INFO - Sync 3 DAGs
[2026-02-25T11:25:35.144+0000] {logging_mixin.py:190} INFO - [2026-02-25T11:25:35.144+0000] {dag.py:4180} INFO - Setting next_dagrun for example_subdag_operator to 2022-01-01 00:00:00+00:00, run_after=2022-01-01 00:00:00+00:00
[2026-02-25T11:25:35.146+0000] {logging_mixin.py:190} INFO - [2026-02-25T11:25:35.146+0000] {dag.py:4180} INFO - Setting next_dagrun for example_subdag_operator.section-1 to None, run_after=None
[2026-02-25T11:25:35.147+0000] {logging_mixin.py:190} INFO - [2026-02-25T11:25:35.146+0000] {dag.py:4180} INFO - Setting next_dagrun for example_subdag_operator.section-2 to None, run_after=None
[2026-02-25T11:25:35.150+0000] {logging_mixin.py:190} INFO - [2026-02-25T11:25:35.150+0000] {dag.py:3239} INFO - Sync 2 DAGs
[2026-02-25T11:25:35.152+0000] {logging_mixin.py:190} INFO - [2026-02-25T11:25:35.152+0000] {dag.py:4180} INFO - Setting next_dagrun for example_subdag_operator.section-1 to None, run_after=None
[2026-02-25T11:25:35.152+0000] {logging_mixin.py:190} INFO - [2026-02-25T11:25:35.152+0000] {dag.py:4180} INFO - Setting next_dagrun for example_subdag_operator.section-2 to None, run_after=None
[2026-02-25T11:25:35.165+0000] {processor.py:208} INFO - Processing /home/ubuntu/airflow-venv/lib/python3.12/site-packages/airflow/example_dags/example_subdag_operator.py took 0.065 seconds
[2026-02-25T11:25:42.837+0000] {processor.py:186} INFO - Started process (PID=10632) to work on /home/ubuntu/airflow-venv/lib/python3.12/site-packages/airflow/example_dags/example_subdag_operator.py
[2026-02-25T11:25:42.838+0000] {processor.py:914} INFO - Processing file /home/ubuntu/airflow-venv/lib/python3.12/site-packages/airflow/example_dags/example_subdag_operator.py for tasks to queue
[2026-02-25T11:25:42.840+0000] {logging_mixin.py:190} INFO - [2026-02-25T11:25:42.839+0000] {dagbag.py:588} INFO - Filling up the DagBag from /home/ubuntu/airflow-venv/lib/python3.12/site-packages/airflow/example_dags/example_subdag_operator.py
[2026-02-25T11:25:42.859+0000] {processor.py:925} INFO - DAG(s) 'example_subdag_operator.section-1', 'example_subdag_operator.section-2', 'example_subdag_operator' retrieved from /home/ubuntu/airflow-venv/lib/python3.12/site-packages/airflow/example_dags/example_subdag_operator.py
[2026-02-25T11:25:42.870+0000] {logging_mixin.py:190} INFO - [2026-02-25T11:25:42.869+0000] {dag.py:3239} INFO - Sync 3 DAGs
[2026-02-25T11:25:42.882+0000] {logging_mixin.py:190} INFO - [2026-02-25T11:25:42.882+0000] {dag.py:4180} INFO - Setting next_dagrun for example_subdag_operator to 2022-01-01 00:00:00+00:00, run_after=2022-01-01 00:00:00+00:00
[2026-02-25T11:25:42.884+0000] {logging_mixin.py:190} INFO - [2026-02-25T11:25:42.884+0000] {dag.py:4180} INFO - Setting next_dagrun for example_subdag_operator.section-1 to None, run_after=None
[2026-02-25T11:25:42.885+0000] {logging_mixin.py:190} INFO - [2026-02-25T11:25:42.884+0000] {dag.py:4180} INFO - Setting next_dagrun for example_subdag_operator.section-2 to None, run_after=None
[2026-02-25T11:25:42.888+0000] {logging_mixin.py:190} INFO - [2026-02-25T11:25:42.888+0000] {dag.py:3239} INFO - Sync 2 DAGs
[2026-02-25T11:25:42.890+0000] {logging_mixin.py:190} INFO - [2026-02-25T11:25:42.890+0000] {dag.py:4180} INFO - Setting next_dagrun for example_subdag_operator.section-1 to None, run_after=None
[2026-02-25T11:25:42.890+0000] {logging_mixin.py:190} INFO - [2026-02-25T11:25:42.890+0000] {dag.py:4180} INFO - Setting next_dagrun for example_subdag_operator.section-2 to None, run_after=None
[2026-02-25T11:25:42.903+0000] {processor.py:208} INFO - Processing /home/ubuntu/airflow-venv/lib/python3.12/site-packages/airflow/example_dags/example_subdag_operator.py took 0.071 seconds
[2026-02-25T11:26:25.604+0000] {processor.py:186} INFO - Started process (PID=10721) to work on /home/ubuntu/airflow-venv/lib/python3.12/site-packages/airflow/example_dags/example_subdag_operator.py
[2026-02-25T11:26:25.606+0000] {processor.py:914} INFO - Processing file /home/ubuntu/airflow-venv/lib/python3.12/site-packages/airflow/example_dags/example_subdag_operator.py for tasks to queue
[2026-02-25T11:26:25.607+0000] {logging_mixin.py:190} INFO - [2026-02-25T11:26:25.607+0000] {dagbag.py:588} INFO - Filling up the DagBag from /home/ubuntu/airflow-venv/lib/python3.12/site-packages/airflow/example_dags/example_subdag_operator.py
[2026-02-25T11:26:25.623+0000] {processor.py:925} INFO - DAG(s) 'example_subdag_operator.section-1', 'example_subdag_operator.section-2', 'example_subdag_operator' retrieved from /home/ubuntu/airflow-venv/lib/python3.12/site-packages/airflow/example_dags/example_subdag_operator.py
[2026-02-25T11:26:25.632+0000] {logging_mixin.py:190} INFO - [2026-02-25T11:26:25.632+0000] {dag.py:3239} INFO - Sync 3 DAGs
[2026-02-25T11:26:25.645+0000] {logging_mixin.py:190} INFO - [2026-02-25T11:26:25.644+0000] {dag.py:4180} INFO - Setting next_dagrun for example_subdag_operator to 2022-01-01 00:00:00+00:00, run_after=2022-01-01 00:00:00+00:00
[2026-02-25T11:26:25.647+0000] {logging_mixin.py:190} INFO - [2026-02-25T11:26:25.646+0000] {dag.py:4180} INFO - Setting next_dagrun for example_subdag_operator.section-1 to None, run_after=None
[2026-02-25T11:26:25.647+0000] {logging_mixin.py:190} INFO - [2026-02-25T11:26:25.647+0000] {dag.py:4180} INFO - Setting next_dagrun for example_subdag_operator.section-2 to None, run_after=None
[2026-02-25T11:26:25.651+0000] {logging_mixin.py:190} INFO - [2026-02-25T11:26:25.651+0000] {dag.py:3239} INFO - Sync 2 DAGs
[2026-02-25T11:26:25.653+0000] {logging_mixin.py:190} INFO - [2026-02-25T11:26:25.653+0000] {dag.py:4180} INFO - Setting next_dagrun for example_subdag_operator.section-1 to None, run_after=None
[2026-02-25T11:26:25.654+0000] {logging_mixin.py:190} INFO - [2026-02-25T11:26:25.654+0000] {dag.py:4180} INFO - Setting next_dagrun for example_subdag_operator.section-2 to None, run_after=None
[2026-02-25T11:26:25.668+0000] {processor.py:208} INFO - Processing /home/ubuntu/airflow-venv/lib/python3.12/site-packages/airflow/example_dags/example_subdag_operator.py took 0.067 seconds
[2026-02-25T11:26:31.897+0000] {processor.py:186} INFO - Started process (PID=10736) to work on /home/ubuntu/airflow-venv/lib/python3.12/site-packages/airflow/example_dags/example_subdag_operator.py
[2026-02-25T11:26:31.898+0000] {processor.py:914} INFO - Processing file /home/ubuntu/airflow-venv/lib/python3.12/site-packages/airflow/example_dags/example_subdag_operator.py for tasks to queue
[2026-02-25T11:26:31.899+0000] {logging_mixin.py:190} INFO - [2026-02-25T11:26:31.899+0000] {dagbag.py:588} INFO - Filling up the DagBag from /home/ubuntu/airflow-venv/lib/python3.12/site-packages/airflow/example_dags/example_subdag_operator.py
[2026-02-25T11:26:31.923+0000] {processor.py:925} INFO - DAG(s) 'example_subdag_operator.section-1', 'example_subdag_operator.section-2', 'example_subdag_operator' retrieved from /home/ubuntu/airflow-venv/lib/python3.12/site-packages/airflow/example_dags/example_subdag_operator.py
[2026-02-25T11:26:31.933+0000] {logging_mixin.py:190} INFO - [2026-02-25T11:26:31.932+0000] {dag.py:3239} INFO - Sync 3 DAGs
[2026-02-25T11:26:31.945+0000] {logging_mixin.py:190} INFO - [2026-02-25T11:26:31.945+0000] {dag.py:4180} INFO - Setting next_dagrun for example_subdag_operator to 2022-01-01 00:00:00+00:00, run_after=2022-01-01 00:00:00+00:00
[2026-02-25T11:26:31.947+0000] {logging_mixin.py:190} INFO - [2026-02-25T11:26:31.947+0000] {dag.py:4180} INFO - Setting next_dagrun for example_subdag_operator.section-1 to None, run_after=None
[2026-02-25T11:26:31.948+0000] {logging_mixin.py:190} INFO - [2026-02-25T11:26:31.948+0000] {dag.py:4180} INFO - Setting next_dagrun for example_subdag_operator.section-2 to None, run_after=None
[2026-02-25T11:26:31.951+0000] {logging_mixin.py:190} INFO - [2026-02-25T11:26:31.951+0000] {dag.py:3239} INFO - Sync 2 DAGs
[2026-02-25T11:26:31.954+0000] {logging_mixin.py:190} INFO - [2026-02-25T11:26:31.953+0000] {dag.py:4180} INFO - Setting next_dagrun for example_subdag_operator.section-1 to None, run_after=None
[2026-02-25T11:26:31.954+0000] {logging_mixin.py:190} INFO - [2026-02-25T11:26:31.954+0000] {dag.py:4180} INFO - Setting next_dagrun for example_subdag_operator.section-2 to None, run_after=None
[2026-02-25T11:26:31.966+0000] {processor.py:208} INFO - Processing /home/ubuntu/airflow-venv/lib/python3.12/site-packages/airflow/example_dags/example_subdag_operator.py took 0.073 seconds
[2026-02-25T11:27:15.852+0000] {processor.py:186} INFO - Started process (PID=10825) to work on /home/ubuntu/airflow-venv/lib/python3.12/site-packages/airflow/example_dags/example_subdag_operator.py
[2026-02-25T11:27:15.853+0000] {processor.py:914} INFO - Processing file /home/ubuntu/airflow-venv/lib/python3.12/site-packages/airflow/example_dags/example_subdag_operator.py for tasks to queue
[2026-02-25T11:27:15.854+0000] {logging_mixin.py:190} INFO - [2026-02-25T11:27:15.854+0000] {dagbag.py:588} INFO - Filling up the DagBag from /home/ubuntu/airflow-venv/lib/python3.12/site-packages/airflow/example_dags/example_subdag_operator.py
[2026-02-25T11:27:15.870+0000] {processor.py:925} INFO - DAG(s) 'example_subdag_operator.section-1', 'example_subdag_operator.section-2', 'example_subdag_operator' retrieved from /home/ubuntu/airflow-venv/lib/python3.12/site-packages/airflow/example_dags/example_subdag_operator.py
[2026-02-25T11:27:15.879+0000] {logging_mixin.py:190} INFO - [2026-02-25T11:27:15.879+0000] {dag.py:3239} INFO - Sync 3 DAGs
[2026-02-25T11:27:15.891+0000] {logging_mixin.py:190} INFO - [2026-02-25T11:27:15.891+0000] {dag.py:4180} INFO - Setting next_dagrun for example_subdag_operator to 2022-01-01 00:00:00+00:00, run_after=2022-01-01 00:00:00+00:00
[2026-02-25T11:27:15.893+0000] {logging_mixin.py:190} INFO - [2026-02-25T11:27:15.893+0000] {dag.py:4180} INFO - Setting next_dagrun for example_subdag_operator.section-1 to None, run_after=None
[2026-02-25T11:27:15.894+0000] {logging_mixin.py:190} INFO - [2026-02-25T11:27:15.894+0000] {dag.py:4180} INFO - Setting next_dagrun for example_subdag_operator.section-2 to None, run_after=None
[2026-02-25T11:27:15.898+0000] {logging_mixin.py:190} INFO - [2026-02-25T11:27:15.897+0000] {dag.py:3239} INFO - Sync 2 DAGs
[2026-02-25T11:27:15.900+0000] {logging_mixin.py:190} INFO - [2026-02-25T11:27:15.900+0000] {dag.py:4180} INFO - Setting next_dagrun for example_subdag_operator.section-1 to None, run_after=None
[2026-02-25T11:27:15.900+0000] {logging_mixin.py:190} INFO - [2026-02-25T11:27:15.900+0000] {dag.py:4180} INFO - Setting next_dagrun for example_subdag_operator.section-2 to None, run_after=None
[2026-02-25T11:27:15.913+0000] {processor.py:208} INFO - Processing /home/ubuntu/airflow-venv/lib/python3.12/site-packages/airflow/example_dags/example_subdag_operator.py took 0.065 seconds
[2026-02-25T11:27:23.249+0000] {processor.py:186} INFO - Started process (PID=10840) to work on /home/ubuntu/airflow-venv/lib/python3.12/site-packages/airflow/example_dags/example_subdag_operator.py
[2026-02-25T11:27:23.249+0000] {processor.py:914} INFO - Processing file /home/ubuntu/airflow-venv/lib/python3.12/site-packages/airflow/example_dags/example_subdag_operator.py for tasks to queue
[2026-02-25T11:27:23.251+0000] {logging_mixin.py:190} INFO - [2026-02-25T11:27:23.251+0000] {dagbag.py:588} INFO - Filling up the DagBag from /home/ubuntu/airflow-venv/lib/python3.12/site-packages/airflow/example_dags/example_subdag_operator.py
[2026-02-25T11:27:23.272+0000] {processor.py:925} INFO - DAG(s) 'example_subdag_operator.section-1', 'example_subdag_operator.section-2', 'example_subdag_operator' retrieved from /home/ubuntu/airflow-venv/lib/python3.12/site-packages/airflow/example_dags/example_subdag_operator.py
[2026-02-25T11:27:23.286+0000] {logging_mixin.py:190} INFO - [2026-02-25T11:27:23.286+0000] {dag.py:3239} INFO - Sync 3 DAGs
[2026-02-25T11:27:23.305+0000] {logging_mixin.py:190} INFO - [2026-02-25T11:27:23.305+0000] {dag.py:4180} INFO - Setting next_dagrun for example_subdag_operator to 2022-01-01 00:00:00+00:00, run_after=2022-01-01 00:00:00+00:00
[2026-02-25T11:27:23.308+0000] {logging_mixin.py:190} INFO - [2026-02-25T11:27:23.308+0000] {dag.py:4180} INFO - Setting next_dagrun for example_subdag_operator.section-1 to None, run_after=None
[2026-02-25T11:27:23.309+0000] {logging_mixin.py:190} INFO - [2026-02-25T11:27:23.309+0000] {dag.py:4180} INFO - Setting next_dagrun for example_subdag_operator.section-2 to None, run_after=None
[2026-02-25T11:27:23.323+0000] {logging_mixin.py:190} INFO - [2026-02-25T11:27:23.323+0000] {dag.py:3239} INFO - Sync 2 DAGs
[2026-02-25T11:27:23.326+0000] {logging_mixin.py:190} INFO - [2026-02-25T11:27:23.326+0000] {dag.py:4180} INFO - Setting next_dagrun for example_subdag_operator.section-1 to None, run_after=None
[2026-02-25T11:27:23.326+0000] {logging_mixin.py:190} INFO - [2026-02-25T11:27:23.326+0000] {dag.py:4180} INFO - Setting next_dagrun for example_subdag_operator.section-2 to None, run_after=None
[2026-02-25T11:27:23.339+0000] {processor.py:208} INFO - Processing /home/ubuntu/airflow-venv/lib/python3.12/site-packages/airflow/example_dags/example_subdag_operator.py took 0.094 seconds
[2026-02-25T11:28:06.976+0000] {processor.py:186} INFO - Started process (PID=10932) to work on /home/ubuntu/airflow-venv/lib/python3.12/site-packages/airflow/example_dags/example_subdag_operator.py
[2026-02-25T11:28:06.977+0000] {processor.py:914} INFO - Processing file /home/ubuntu/airflow-venv/lib/python3.12/site-packages/airflow/example_dags/example_subdag_operator.py for tasks to queue
[2026-02-25T11:28:06.979+0000] {logging_mixin.py:190} INFO - [2026-02-25T11:28:06.978+0000] {dagbag.py:588} INFO - Filling up the DagBag from /home/ubuntu/airflow-venv/lib/python3.12/site-packages/airflow/example_dags/example_subdag_operator.py
[2026-02-25T11:28:06.994+0000] {processor.py:925} INFO - DAG(s) 'example_subdag_operator.section-1', 'example_subdag_operator.section-2', 'example_subdag_operator' retrieved from /home/ubuntu/airflow-venv/lib/python3.12/site-packages/airflow/example_dags/example_subdag_operator.py
[2026-02-25T11:28:07.003+0000] {logging_mixin.py:190} INFO - [2026-02-25T11:28:07.003+0000] {dag.py:3239} INFO - Sync 3 DAGs
[2026-02-25T11:28:07.016+0000] {logging_mixin.py:190} INFO - [2026-02-25T11:28:07.016+0000] {dag.py:4180} INFO - Setting next_dagrun for example_subdag_operator to 2022-01-01 00:00:00+00:00, run_after=2022-01-01 00:00:00+00:00
[2026-02-25T11:28:07.018+0000] {logging_mixin.py:190} INFO - [2026-02-25T11:28:07.018+0000] {dag.py:4180} INFO - Setting next_dagrun for example_subdag_operator.section-1 to None, run_after=None
[2026-02-25T11:28:07.018+0000] {logging_mixin.py:190} INFO - [2026-02-25T11:28:07.018+0000] {dag.py:4180} INFO - Setting next_dagrun for example_subdag_operator.section-2 to None, run_after=None
[2026-02-25T11:28:07.022+0000] {logging_mixin.py:190} INFO - [2026-02-25T11:28:07.022+0000] {dag.py:3239} INFO - Sync 2 DAGs
[2026-02-25T11:28:07.025+0000] {logging_mixin.py:190} INFO - [2026-02-25T11:28:07.025+0000] {dag.py:4180} INFO - Setting next_dagrun for example_subdag_operator.section-1 to None, run_after=None
[2026-02-25T11:28:07.025+0000] {logging_mixin.py:190} INFO - [2026-02-25T11:28:07.025+0000] {dag.py:4180} INFO - Setting next_dagrun for example_subdag_operator.section-2 to None, run_after=None
[2026-02-25T11:28:07.037+0000] {processor.py:208} INFO - Processing /home/ubuntu/airflow-venv/lib/python3.12/site-packages/airflow/example_dags/example_subdag_operator.py took 0.065 seconds
[2026-02-25T11:28:12.898+0000] {processor.py:186} INFO - Started process (PID=10946) to work on /home/ubuntu/airflow-venv/lib/python3.12/site-packages/airflow/example_dags/example_subdag_operator.py
[2026-02-25T11:28:12.898+0000] {processor.py:914} INFO - Processing file /home/ubuntu/airflow-venv/lib/python3.12/site-packages/airflow/example_dags/example_subdag_operator.py for tasks to queue
[2026-02-25T11:28:12.900+0000] {logging_mixin.py:190} INFO - [2026-02-25T11:28:12.899+0000] {dagbag.py:588} INFO - Filling up the DagBag from /home/ubuntu/airflow-venv/lib/python3.12/site-packages/airflow/example_dags/example_subdag_operator.py
[2026-02-25T11:28:12.916+0000] {processor.py:925} INFO - DAG(s) 'example_subdag_operator.section-1', 'example_subdag_operator.section-2', 'example_subdag_operator' retrieved from /home/ubuntu/airflow-venv/lib/python3.12/site-packages/airflow/example_dags/example_subdag_operator.py
[2026-02-25T11:28:12.925+0000] {logging_mixin.py:190} INFO - [2026-02-25T11:28:12.925+0000] {dag.py:3239} INFO - Sync 3 DAGs
[2026-02-25T11:28:12.938+0000] {logging_mixin.py:190} INFO - [2026-02-25T11:28:12.937+0000] {dag.py:4180} INFO - Setting next_dagrun for example_subdag_operator to 2022-01-01 00:00:00+00:00, run_after=2022-01-01 00:00:00+00:00
[2026-02-25T11:28:12.940+0000] {logging_mixin.py:190} INFO - [2026-02-25T11:28:12.939+0000] {dag.py:4180} INFO - Setting next_dagrun for example_subdag_operator.section-1 to None, run_after=None
[2026-02-25T11:28:12.940+0000] {logging_mixin.py:190} INFO - [2026-02-25T11:28:12.940+0000] {dag.py:4180} INFO - Setting next_dagrun for example_subdag_operator.section-2 to None, run_after=None
[2026-02-25T11:28:12.944+0000] {logging_mixin.py:190} INFO - [2026-02-25T11:28:12.944+0000] {dag.py:3239} INFO - Sync 2 DAGs
[2026-02-25T11:28:12.946+0000] {logging_mixin.py:190} INFO - [2026-02-25T11:28:12.946+0000] {dag.py:4180} INFO - Setting next_dagrun for example_subdag_operator.section-1 to None, run_after=None
[2026-02-25T11:28:12.946+0000] {logging_mixin.py:190} INFO - [2026-02-25T11:28:12.946+0000] {dag.py:4180} INFO - Setting next_dagrun for example_subdag_operator.section-2 to None, run_after=None
[2026-02-25T11:28:12.959+0000] {processor.py:208} INFO - Processing /home/ubuntu/airflow-venv/lib/python3.12/site-packages/airflow/example_dags/example_subdag_operator.py took 0.065 seconds
[2026-02-25T11:28:56.785+0000] {processor.py:186} INFO - Started process (PID=11035) to work on /home/ubuntu/airflow-venv/lib/python3.12/site-packages/airflow/example_dags/example_subdag_operator.py
[2026-02-25T11:28:56.786+0000] {processor.py:914} INFO - Processing file /home/ubuntu/airflow-venv/lib/python3.12/site-packages/airflow/example_dags/example_subdag_operator.py for tasks to queue
[2026-02-25T11:28:56.788+0000] {logging_mixin.py:190} INFO - [2026-02-25T11:28:56.788+0000] {dagbag.py:588} INFO - Filling up the DagBag from /home/ubuntu/airflow-venv/lib/python3.12/site-packages/airflow/example_dags/example_subdag_operator.py
[2026-02-25T11:28:56.804+0000] {processor.py:925} INFO - DAG(s) 'example_subdag_operator.section-1', 'example_subdag_operator.section-2', 'example_subdag_operator' retrieved from /home/ubuntu/airflow-venv/lib/python3.12/site-packages/airflow/example_dags/example_subdag_operator.py
[2026-02-25T11:28:56.814+0000] {logging_mixin.py:190} INFO - [2026-02-25T11:28:56.814+0000] {dag.py:3239} INFO - Sync 3 DAGs
[2026-02-25T11:28:56.827+0000] {logging_mixin.py:190} INFO - [2026-02-25T11:28:56.826+0000] {dag.py:4180} INFO - Setting next_dagrun for example_subdag_operator to 2022-01-01 00:00:00+00:00, run_after=2022-01-01 00:00:00+00:00
[2026-02-25T11:28:56.829+0000] {logging_mixin.py:190} INFO - [2026-02-25T11:28:56.828+0000] {dag.py:4180} INFO - Setting next_dagrun for example_subdag_operator.section-1 to None, run_after=None
[2026-02-25T11:28:56.829+0000] {logging_mixin.py:190} INFO - [2026-02-25T11:28:56.829+0000] {dag.py:4180} INFO - Setting next_dagrun for example_subdag_operator.section-2 to None, run_after=None
[2026-02-25T11:28:56.833+0000] {logging_mixin.py:190} INFO - [2026-02-25T11:28:56.833+0000] {dag.py:3239} INFO - Sync 2 DAGs
[2026-02-25T11:28:56.835+0000] {logging_mixin.py:190} INFO - [2026-02-25T11:28:56.835+0000] {dag.py:4180} INFO - Setting next_dagrun for example_subdag_operator.section-1 to None, run_after=None
[2026-02-25T11:28:56.835+0000] {logging_mixin.py:190} INFO - [2026-02-25T11:28:56.835+0000] {dag.py:4180} INFO - Setting next_dagrun for example_subdag_operator.section-2 to None, run_after=None
[2026-02-25T11:28:56.848+0000] {processor.py:208} INFO - Processing /home/ubuntu/airflow-venv/lib/python3.12/site-packages/airflow/example_dags/example_subdag_operator.py took 0.067 seconds
[2026-02-25T11:29:02.428+0000] {processor.py:186} INFO - Started process (PID=11047) to work on /home/ubuntu/airflow-venv/lib/python3.12/site-packages/airflow/example_dags/example_subdag_operator.py
[2026-02-25T11:29:02.429+0000] {processor.py:914} INFO - Processing file /home/ubuntu/airflow-venv/lib/python3.12/site-packages/airflow/example_dags/example_subdag_operator.py for tasks to queue
[2026-02-25T11:29:02.430+0000] {logging_mixin.py:190} INFO - [2026-02-25T11:29:02.430+0000] {dagbag.py:588} INFO - Filling up the DagBag from /home/ubuntu/airflow-venv/lib/python3.12/site-packages/airflow/example_dags/example_subdag_operator.py
[2026-02-25T11:29:02.446+0000] {processor.py:925} INFO - DAG(s) 'example_subdag_operator.section-1', 'example_subdag_operator.section-2', 'example_subdag_operator' retrieved from /home/ubuntu/airflow-venv/lib/python3.12/site-packages/airflow/example_dags/example_subdag_operator.py
[2026-02-25T11:29:02.455+0000] {logging_mixin.py:190} INFO - [2026-02-25T11:29:02.455+0000] {dag.py:3239} INFO - Sync 3 DAGs
[2026-02-25T11:29:02.468+0000] {logging_mixin.py:190} INFO - [2026-02-25T11:29:02.468+0000] {dag.py:4180} INFO - Setting next_dagrun for example_subdag_operator to 2022-01-01 00:00:00+00:00, run_after=2022-01-01 00:00:00+00:00
[2026-02-25T11:29:02.470+0000] {logging_mixin.py:190} INFO - [2026-02-25T11:29:02.470+0000] {dag.py:4180} INFO - Setting next_dagrun for example_subdag_operator.section-1 to None, run_after=None
[2026-02-25T11:29:02.471+0000] {logging_mixin.py:190} INFO - [2026-02-25T11:29:02.471+0000] {dag.py:4180} INFO - Setting next_dagrun for example_subdag_operator.section-2 to None, run_after=None
[2026-02-25T11:29:02.474+0000] {logging_mixin.py:190} INFO - [2026-02-25T11:29:02.474+0000] {dag.py:3239} INFO - Sync 2 DAGs
[2026-02-25T11:29:02.476+0000] {logging_mixin.py:190} INFO - [2026-02-25T11:29:02.476+0000] {dag.py:4180} INFO - Setting next_dagrun for example_subdag_operator.section-1 to None, run_after=None
[2026-02-25T11:29:02.477+0000] {logging_mixin.py:190} INFO - [2026-02-25T11:29:02.477+0000] {dag.py:4180} INFO - Setting next_dagrun for example_subdag_operator.section-2 to None, run_after=None
[2026-02-25T11:29:02.489+0000] {processor.py:208} INFO - Processing /home/ubuntu/airflow-venv/lib/python3.12/site-packages/airflow/example_dags/example_subdag_operator.py took 0.065 seconds
[2026-02-25T11:29:49.320+0000] {processor.py:186} INFO - Started process (PID=11146) to work on /home/ubuntu/airflow-venv/lib/python3.12/site-packages/airflow/example_dags/example_subdag_operator.py
[2026-02-25T11:29:49.321+0000] {processor.py:914} INFO - Processing file /home/ubuntu/airflow-venv/lib/python3.12/site-packages/airflow/example_dags/example_subdag_operator.py for tasks to queue
[2026-02-25T11:29:49.323+0000] {logging_mixin.py:190} INFO - [2026-02-25T11:29:49.322+0000] {dagbag.py:588} INFO - Filling up the DagBag from /home/ubuntu/airflow-venv/lib/python3.12/site-packages/airflow/example_dags/example_subdag_operator.py
[2026-02-25T11:29:49.348+0000] {processor.py:925} INFO - DAG(s) 'example_subdag_operator.section-1', 'example_subdag_operator.section-2', 'example_subdag_operator' retrieved from /home/ubuntu/airflow-venv/lib/python3.12/site-packages/airflow/example_dags/example_subdag_operator.py
[2026-02-25T11:29:49.358+0000] {logging_mixin.py:190} INFO - [2026-02-25T11:29:49.358+0000] {dag.py:3239} INFO - Sync 3 DAGs
[2026-02-25T11:29:49.373+0000] {logging_mixin.py:190} INFO - [2026-02-25T11:29:49.372+0000] {dag.py:4180} INFO - Setting next_dagrun for example_subdag_operator to 2022-01-01 00:00:00+00:00, run_after=2022-01-01 00:00:00+00:00
[2026-02-25T11:29:49.375+0000] {logging_mixin.py:190} INFO - [2026-02-25T11:29:49.375+0000] {dag.py:4180} INFO - Setting next_dagrun for example_subdag_operator.section-1 to None, run_after=None
[2026-02-25T11:29:49.375+0000] {logging_mixin.py:190} INFO - [2026-02-25T11:29:49.375+0000] {dag.py:4180} INFO - Setting next_dagrun for example_subdag_operator.section-2 to None, run_after=None
[2026-02-25T11:29:49.379+0000] {logging_mixin.py:190} INFO - [2026-02-25T11:29:49.379+0000] {dag.py:3239} INFO - Sync 2 DAGs
[2026-02-25T11:29:49.382+0000] {logging_mixin.py:190} INFO - [2026-02-25T11:29:49.382+0000] {dag.py:4180} INFO - Setting next_dagrun for example_subdag_operator.section-1 to None, run_after=None
[2026-02-25T11:29:49.382+0000] {logging_mixin.py:190} INFO - [2026-02-25T11:29:49.382+0000] {dag.py:4180} INFO - Setting next_dagrun for example_subdag_operator.section-2 to None, run_after=None
[2026-02-25T11:29:49.396+0000] {processor.py:208} INFO - Processing /home/ubuntu/airflow-venv/lib/python3.12/site-packages/airflow/example_dags/example_subdag_operator.py took 0.080 seconds
[2026-02-25T11:29:51.836+0000] {processor.py:186} INFO - Started process (PID=11151) to work on /home/ubuntu/airflow-venv/lib/python3.12/site-packages/airflow/example_dags/example_subdag_operator.py
[2026-02-25T11:29:51.837+0000] {processor.py:914} INFO - Processing file /home/ubuntu/airflow-venv/lib/python3.12/site-packages/airflow/example_dags/example_subdag_operator.py for tasks to queue
[2026-02-25T11:29:51.838+0000] {logging_mixin.py:190} INFO - [2026-02-25T11:29:51.838+0000] {dagbag.py:588} INFO - Filling up the DagBag from /home/ubuntu/airflow-venv/lib/python3.12/site-packages/airflow/example_dags/example_subdag_operator.py
[2026-02-25T11:29:51.853+0000] {processor.py:925} INFO - DAG(s) 'example_subdag_operator.section-1', 'example_subdag_operator.section-2', 'example_subdag_operator' retrieved from /home/ubuntu/airflow-venv/lib/python3.12/site-packages/airflow/example_dags/example_subdag_operator.py
[2026-02-25T11:29:51.862+0000] {logging_mixin.py:190} INFO - [2026-02-25T11:29:51.862+0000] {dag.py:3239} INFO - Sync 3 DAGs
[2026-02-25T11:29:51.875+0000] {logging_mixin.py:190} INFO - [2026-02-25T11:29:51.875+0000] {dag.py:4180} INFO - Setting next_dagrun for example_subdag_operator to 2022-01-01 00:00:00+00:00, run_after=2022-01-01 00:00:00+00:00
[2026-02-25T11:29:51.877+0000] {logging_mixin.py:190} INFO - [2026-02-25T11:29:51.877+0000] {dag.py:4180} INFO - Setting next_dagrun for example_subdag_operator.section-1 to None, run_after=None
[2026-02-25T11:29:51.877+0000] {logging_mixin.py:190} INFO - [2026-02-25T11:29:51.877+0000] {dag.py:4180} INFO - Setting next_dagrun for example_subdag_operator.section-2 to None, run_after=None
[2026-02-25T11:29:51.881+0000] {logging_mixin.py:190} INFO - [2026-02-25T11:29:51.881+0000] {dag.py:3239} INFO - Sync 2 DAGs
[2026-02-25T11:29:51.883+0000] {logging_mixin.py:190} INFO - [2026-02-25T11:29:51.883+0000] {dag.py:4180} INFO - Setting next_dagrun for example_subdag_operator.section-1 to None, run_after=None
[2026-02-25T11:29:51.883+0000] {logging_mixin.py:190} INFO - [2026-02-25T11:29:51.883+0000] {dag.py:4180} INFO - Setting next_dagrun for example_subdag_operator.section-2 to None, run_after=None
[2026-02-25T11:29:51.896+0000] {processor.py:208} INFO - Processing /home/ubuntu/airflow-venv/lib/python3.12/site-packages/airflow/example_dags/example_subdag_operator.py took 0.064 seconds
[2026-02-25T11:30:38.399+0000] {processor.py:186} INFO - Started process (PID=11252) to work on /home/ubuntu/airflow-venv/lib/python3.12/site-packages/airflow/example_dags/example_subdag_operator.py
[2026-02-25T11:30:38.400+0000] {processor.py:914} INFO - Processing file /home/ubuntu/airflow-venv/lib/python3.12/site-packages/airflow/example_dags/example_subdag_operator.py for tasks to queue
[2026-02-25T11:30:38.402+0000] {logging_mixin.py:190} INFO - [2026-02-25T11:30:38.402+0000] {dagbag.py:588} INFO - Filling up the DagBag from /home/ubuntu/airflow-venv/lib/python3.12/site-packages/airflow/example_dags/example_subdag_operator.py
[2026-02-25T11:30:38.417+0000] {processor.py:925} INFO - DAG(s) 'example_subdag_operator.section-1', 'example_subdag_operator.section-2', 'example_subdag_operator' retrieved from /home/ubuntu/airflow-venv/lib/python3.12/site-packages/airflow/example_dags/example_subdag_operator.py
[2026-02-25T11:30:38.427+0000] {logging_mixin.py:190} INFO - [2026-02-25T11:30:38.427+0000] {dag.py:3239} INFO - Sync 3 DAGs
[2026-02-25T11:30:38.440+0000] {logging_mixin.py:190} INFO - [2026-02-25T11:30:38.440+0000] {dag.py:4180} INFO - Setting next_dagrun for example_subdag_operator to 2022-01-01 00:00:00+00:00, run_after=2022-01-01 00:00:00+00:00
[2026-02-25T11:30:38.442+0000] {logging_mixin.py:190} INFO - [2026-02-25T11:30:38.442+0000] {dag.py:4180} INFO - Setting next_dagrun for example_subdag_operator.section-1 to None, run_after=None
[2026-02-25T11:30:38.443+0000] {logging_mixin.py:190} INFO - [2026-02-25T11:30:38.443+0000] {dag.py:4180} INFO - Setting next_dagrun for example_subdag_operator.section-2 to None, run_after=None
[2026-02-25T11:30:38.447+0000] {logging_mixin.py:190} INFO - [2026-02-25T11:30:38.446+0000] {dag.py:3239} INFO - Sync 2 DAGs
[2026-02-25T11:30:38.449+0000] {logging_mixin.py:190} INFO - [2026-02-25T11:30:38.449+0000] {dag.py:4180} INFO - Setting next_dagrun for example_subdag_operator.section-1 to None, run_after=None
[2026-02-25T11:30:38.449+0000] {logging_mixin.py:190} INFO - [2026-02-25T11:30:38.449+0000] {dag.py:4180} INFO - Setting next_dagrun for example_subdag_operator.section-2 to None, run_after=None
[2026-02-25T11:30:38.462+0000] {processor.py:208} INFO - Processing /home/ubuntu/airflow-venv/lib/python3.12/site-packages/airflow/example_dags/example_subdag_operator.py took 0.067 seconds
[2026-02-25T11:30:38.479+0000] {processor.py:186} INFO - Started process (PID=11253) to work on /home/ubuntu/airflow-venv/lib/python3.12/site-packages/airflow/example_dags/example_subdag_operator.py
[2026-02-25T11:30:38.479+0000] {processor.py:914} INFO - Processing file /home/ubuntu/airflow-venv/lib/python3.12/site-packages/airflow/example_dags/example_subdag_operator.py for tasks to queue
[2026-02-25T11:30:38.481+0000] {logging_mixin.py:190} INFO - [2026-02-25T11:30:38.480+0000] {dagbag.py:588} INFO - Filling up the DagBag from /home/ubuntu/airflow-venv/lib/python3.12/site-packages/airflow/example_dags/example_subdag_operator.py
[2026-02-25T11:30:38.496+0000] {processor.py:925} INFO - DAG(s) 'example_subdag_operator.section-1', 'example_subdag_operator.section-2', 'example_subdag_operator' retrieved from /home/ubuntu/airflow-venv/lib/python3.12/site-packages/airflow/example_dags/example_subdag_operator.py
[2026-02-25T11:30:38.505+0000] {logging_mixin.py:190} INFO - [2026-02-25T11:30:38.505+0000] {dag.py:3239} INFO - Sync 3 DAGs
[2026-02-25T11:30:38.526+0000] {logging_mixin.py:190} INFO - [2026-02-25T11:30:38.526+0000] {dag.py:4180} INFO - Setting next_dagrun for example_subdag_operator to 2022-01-01 00:00:00+00:00, run_after=2022-01-01 00:00:00+00:00
[2026-02-25T11:30:38.528+0000] {logging_mixin.py:190} INFO - [2026-02-25T11:30:38.528+0000] {dag.py:4180} INFO - Setting next_dagrun for example_subdag_operator.section-1 to None, run_after=None
[2026-02-25T11:30:38.529+0000] {logging_mixin.py:190} INFO - [2026-02-25T11:30:38.528+0000] {dag.py:4180} INFO - Setting next_dagrun for example_subdag_operator.section-2 to None, run_after=None
[2026-02-25T11:30:38.532+0000] {logging_mixin.py:190} INFO - [2026-02-25T11:30:38.532+0000] {dag.py:3239} INFO - Sync 2 DAGs
[2026-02-25T11:30:38.535+0000] {logging_mixin.py:190} INFO - [2026-02-25T11:30:38.535+0000] {dag.py:4180} INFO - Setting next_dagrun for example_subdag_operator.section-1 to None, run_after=None
[2026-02-25T11:30:38.535+0000] {logging_mixin.py:190} INFO - [2026-02-25T11:30:38.535+0000] {dag.py:4180} INFO - Setting next_dagrun for example_subdag_operator.section-2 to None, run_after=None
[2026-02-25T11:30:38.548+0000] {processor.py:208} INFO - Processing /home/ubuntu/airflow-venv/lib/python3.12/site-packages/airflow/example_dags/example_subdag_operator.py took 0.073 seconds
[2026-02-25T11:31:25.745+0000] {processor.py:186} INFO - Started process (PID=11355) to work on /home/ubuntu/airflow-venv/lib/python3.12/site-packages/airflow/example_dags/example_subdag_operator.py
[2026-02-25T11:31:25.746+0000] {processor.py:914} INFO - Processing file /home/ubuntu/airflow-venv/lib/python3.12/site-packages/airflow/example_dags/example_subdag_operator.py for tasks to queue
[2026-02-25T11:31:25.748+0000] {logging_mixin.py:190} INFO - [2026-02-25T11:31:25.747+0000] {dagbag.py:588} INFO - Filling up the DagBag from /home/ubuntu/airflow-venv/lib/python3.12/site-packages/airflow/example_dags/example_subdag_operator.py
[2026-02-25T11:31:25.764+0000] {processor.py:925} INFO - DAG(s) 'example_subdag_operator.section-1', 'example_subdag_operator.section-2', 'example_subdag_operator' retrieved from /home/ubuntu/airflow-venv/lib/python3.12/site-packages/airflow/example_dags/example_subdag_operator.py
[2026-02-25T11:31:25.773+0000] {logging_mixin.py:190} INFO - [2026-02-25T11:31:25.773+0000] {dag.py:3239} INFO - Sync 3 DAGs
[2026-02-25T11:31:25.785+0000] {logging_mixin.py:190} INFO - [2026-02-25T11:31:25.785+0000] {dag.py:4180} INFO - Setting next_dagrun for example_subdag_operator to 2022-01-01 00:00:00+00:00, run_after=2022-01-01 00:00:00+00:00
[2026-02-25T11:31:25.787+0000] {logging_mixin.py:190} INFO - [2026-02-25T11:31:25.787+0000] {dag.py:4180} INFO - Setting next_dagrun for example_subdag_operator.section-1 to None, run_after=None
[2026-02-25T11:31:25.788+0000] {logging_mixin.py:190} INFO - [2026-02-25T11:31:25.788+0000] {dag.py:4180} INFO - Setting next_dagrun for example_subdag_operator.section-2 to None, run_after=None
[2026-02-25T11:31:25.792+0000] {logging_mixin.py:190} INFO - [2026-02-25T11:31:25.791+0000] {dag.py:3239} INFO - Sync 2 DAGs
[2026-02-25T11:31:25.794+0000] {logging_mixin.py:190} INFO - [2026-02-25T11:31:25.794+0000] {dag.py:4180} INFO - Setting next_dagrun for example_subdag_operator.section-1 to None, run_after=None
[2026-02-25T11:31:25.794+0000] {logging_mixin.py:190} INFO - [2026-02-25T11:31:25.794+0000] {dag.py:4180} INFO - Setting next_dagrun for example_subdag_operator.section-2 to None, run_after=None
[2026-02-25T11:31:25.808+0000] {processor.py:208} INFO - Processing /home/ubuntu/airflow-venv/lib/python3.12/site-packages/airflow/example_dags/example_subdag_operator.py took 0.068 seconds
[2026-02-25T11:31:26.058+0000] {processor.py:186} INFO - Started process (PID=11356) to work on /home/ubuntu/airflow-venv/lib/python3.12/site-packages/airflow/example_dags/example_subdag_operator.py
[2026-02-25T11:31:26.059+0000] {processor.py:914} INFO - Processing file /home/ubuntu/airflow-venv/lib/python3.12/site-packages/airflow/example_dags/example_subdag_operator.py for tasks to queue
[2026-02-25T11:31:26.060+0000] {logging_mixin.py:190} INFO - [2026-02-25T11:31:26.060+0000] {dagbag.py:588} INFO - Filling up the DagBag from /home/ubuntu/airflow-venv/lib/python3.12/site-packages/airflow/example_dags/example_subdag_operator.py
[2026-02-25T11:31:26.076+0000] {processor.py:925} INFO - DAG(s) 'example_subdag_operator.section-1', 'example_subdag_operator.section-2', 'example_subdag_operator' retrieved from /home/ubuntu/airflow-venv/lib/python3.12/site-packages/airflow/example_dags/example_subdag_operator.py
[2026-02-25T11:31:26.085+0000] {logging_mixin.py:190} INFO - [2026-02-25T11:31:26.085+0000] {dag.py:3239} INFO - Sync 3 DAGs
[2026-02-25T11:31:26.099+0000] {logging_mixin.py:190} INFO - [2026-02-25T11:31:26.098+0000] {dag.py:4180} INFO - Setting next_dagrun for example_subdag_operator to 2022-01-01 00:00:00+00:00, run_after=2022-01-01 00:00:00+00:00
[2026-02-25T11:31:26.101+0000] {logging_mixin.py:190} INFO - [2026-02-25T11:31:26.100+0000] {dag.py:4180} INFO - Setting next_dagrun for example_subdag_operator.section-1 to None, run_after=None
[2026-02-25T11:31:26.101+0000] {logging_mixin.py:190} INFO - [2026-02-25T11:31:26.101+0000] {dag.py:4180} INFO - Setting next_dagrun for example_subdag_operator.section-2 to None, run_after=None
[2026-02-25T11:31:26.105+0000] {logging_mixin.py:190} INFO - [2026-02-25T11:31:26.105+0000] {dag.py:3239} INFO - Sync 2 DAGs
[2026-02-25T11:31:26.107+0000] {logging_mixin.py:190} INFO - [2026-02-25T11:31:26.107+0000] {dag.py:4180} INFO - Setting next_dagrun for example_subdag_operator.section-1 to None, run_after=None
[2026-02-25T11:31:26.107+0000] {logging_mixin.py:190} INFO - [2026-02-25T11:31:26.107+0000] {dag.py:4180} INFO - Setting next_dagrun for example_subdag_operator.section-2 to None, run_after=None
[2026-02-25T11:31:26.120+0000] {processor.py:208} INFO - Processing /home/ubuntu/airflow-venv/lib/python3.12/site-packages/airflow/example_dags/example_subdag_operator.py took 0.066 seconds
[2026-02-25T11:32:15.925+0000] {processor.py:186} INFO - Started process (PID=11458) to work on /home/ubuntu/airflow-venv/lib/python3.12/site-packages/airflow/example_dags/example_subdag_operator.py
[2026-02-25T11:32:15.926+0000] {processor.py:914} INFO - Processing file /home/ubuntu/airflow-venv/lib/python3.12/site-packages/airflow/example_dags/example_subdag_operator.py for tasks to queue
[2026-02-25T11:32:15.928+0000] {logging_mixin.py:190} INFO - [2026-02-25T11:32:15.927+0000] {dagbag.py:588} INFO - Filling up the DagBag from /home/ubuntu/airflow-venv/lib/python3.12/site-packages/airflow/example_dags/example_subdag_operator.py
[2026-02-25T11:32:15.943+0000] {processor.py:925} INFO - DAG(s) 'example_subdag_operator.section-1', 'example_subdag_operator.section-2', 'example_subdag_operator' retrieved from /home/ubuntu/airflow-venv/lib/python3.12/site-packages/airflow/example_dags/example_subdag_operator.py
[2026-02-25T11:32:15.952+0000] {logging_mixin.py:190} INFO - [2026-02-25T11:32:15.952+0000] {dag.py:3239} INFO - Sync 3 DAGs
[2026-02-25T11:32:15.964+0000] {logging_mixin.py:190} INFO - [2026-02-25T11:32:15.964+0000] {dag.py:4180} INFO - Setting next_dagrun for example_subdag_operator to 2022-01-01 00:00:00+00:00, run_after=2022-01-01 00:00:00+00:00
[2026-02-25T11:32:15.966+0000] {logging_mixin.py:190} INFO - [2026-02-25T11:32:15.966+0000] {dag.py:4180} INFO - Setting next_dagrun for example_subdag_operator.section-1 to None, run_after=None
[2026-02-25T11:32:15.967+0000] {logging_mixin.py:190} INFO - [2026-02-25T11:32:15.967+0000] {dag.py:4180} INFO - Setting next_dagrun for example_subdag_operator.section-2 to None, run_after=None
[2026-02-25T11:32:15.970+0000] {logging_mixin.py:190} INFO - [2026-02-25T11:32:15.970+0000] {dag.py:3239} INFO - Sync 2 DAGs
[2026-02-25T11:32:15.972+0000] {logging_mixin.py:190} INFO - [2026-02-25T11:32:15.972+0000] {dag.py:4180} INFO - Setting next_dagrun for example_subdag_operator.section-1 to None, run_after=None
[2026-02-25T11:32:15.973+0000] {logging_mixin.py:190} INFO - [2026-02-25T11:32:15.972+0000] {dag.py:4180} INFO - Setting next_dagrun for example_subdag_operator.section-2 to None, run_after=None
[2026-02-25T11:32:15.985+0000] {processor.py:208} INFO - Processing /home/ubuntu/airflow-venv/lib/python3.12/site-packages/airflow/example_dags/example_subdag_operator.py took 0.064 seconds
[2026-02-25T11:32:16.819+0000] {processor.py:186} INFO - Started process (PID=11459) to work on /home/ubuntu/airflow-venv/lib/python3.12/site-packages/airflow/example_dags/example_subdag_operator.py
[2026-02-25T11:32:16.819+0000] {processor.py:914} INFO - Processing file /home/ubuntu/airflow-venv/lib/python3.12/site-packages/airflow/example_dags/example_subdag_operator.py for tasks to queue
[2026-02-25T11:32:16.821+0000] {logging_mixin.py:190} INFO - [2026-02-25T11:32:16.820+0000] {dagbag.py:588} INFO - Filling up the DagBag from /home/ubuntu/airflow-venv/lib/python3.12/site-packages/airflow/example_dags/example_subdag_operator.py
[2026-02-25T11:32:16.835+0000] {processor.py:925} INFO - DAG(s) 'example_subdag_operator.section-1', 'example_subdag_operator.section-2', 'example_subdag_operator' retrieved from /home/ubuntu/airflow-venv/lib/python3.12/site-packages/airflow/example_dags/example_subdag_operator.py
[2026-02-25T11:32:16.844+0000] {logging_mixin.py:190} INFO - [2026-02-25T11:32:16.844+0000] {dag.py:3239} INFO - Sync 3 DAGs
[2026-02-25T11:32:16.857+0000] {logging_mixin.py:190} INFO - [2026-02-25T11:32:16.857+0000] {dag.py:4180} INFO - Setting next_dagrun for example_subdag_operator to 2022-01-01 00:00:00+00:00, run_after=2022-01-01 00:00:00+00:00
[2026-02-25T11:32:16.859+0000] {logging_mixin.py:190} INFO - [2026-02-25T11:32:16.859+0000] {dag.py:4180} INFO - Setting next_dagrun for example_subdag_operator.section-1 to None, run_after=None
[2026-02-25T11:32:16.860+0000] {logging_mixin.py:190} INFO - [2026-02-25T11:32:16.860+0000] {dag.py:4180} INFO - Setting next_dagrun for example_subdag_operator.section-2 to None, run_after=None
[2026-02-25T11:32:16.863+0000] {logging_mixin.py:190} INFO - [2026-02-25T11:32:16.863+0000] {dag.py:3239} INFO - Sync 2 DAGs
[2026-02-25T11:32:16.865+0000] {logging_mixin.py:190} INFO - [2026-02-25T11:32:16.865+0000] {dag.py:4180} INFO - Setting next_dagrun for example_subdag_operator.section-1 to None, run_after=None
[2026-02-25T11:32:16.865+0000] {logging_mixin.py:190} INFO - [2026-02-25T11:32:16.865+0000] {dag.py:4180} INFO - Setting next_dagrun for example_subdag_operator.section-2 to None, run_after=None
[2026-02-25T11:32:16.877+0000] {processor.py:208} INFO - Processing /home/ubuntu/airflow-venv/lib/python3.12/site-packages/airflow/example_dags/example_subdag_operator.py took 0.063 seconds
[2026-02-25T11:33:05.443+0000] {processor.py:186} INFO - Started process (PID=11561) to work on /home/ubuntu/airflow-venv/lib/python3.12/site-packages/airflow/example_dags/example_subdag_operator.py
[2026-02-25T11:33:05.444+0000] {processor.py:914} INFO - Processing file /home/ubuntu/airflow-venv/lib/python3.12/site-packages/airflow/example_dags/example_subdag_operator.py for tasks to queue
[2026-02-25T11:33:05.446+0000] {logging_mixin.py:190} INFO - [2026-02-25T11:33:05.445+0000] {dagbag.py:588} INFO - Filling up the DagBag from /home/ubuntu/airflow-venv/lib/python3.12/site-packages/airflow/example_dags/example_subdag_operator.py
[2026-02-25T11:33:05.461+0000] {processor.py:925} INFO - DAG(s) 'example_subdag_operator.section-1', 'example_subdag_operator.section-2', 'example_subdag_operator' retrieved from /home/ubuntu/airflow-venv/lib/python3.12/site-packages/airflow/example_dags/example_subdag_operator.py
[2026-02-25T11:33:05.470+0000] {logging_mixin.py:190} INFO - [2026-02-25T11:33:05.470+0000] {dag.py:3239} INFO - Sync 3 DAGs
[2026-02-25T11:33:05.483+0000] {logging_mixin.py:190} INFO - [2026-02-25T11:33:05.483+0000] {dag.py:4180} INFO - Setting next_dagrun for example_subdag_operator to 2022-01-01 00:00:00+00:00, run_after=2022-01-01 00:00:00+00:00
[2026-02-25T11:33:05.485+0000] {logging_mixin.py:190} INFO - [2026-02-25T11:33:05.485+0000] {dag.py:4180} INFO - Setting next_dagrun for example_subdag_operator.section-1 to None, run_after=None
[2026-02-25T11:33:05.485+0000] {logging_mixin.py:190} INFO - [2026-02-25T11:33:05.485+0000] {dag.py:4180} INFO - Setting next_dagrun for example_subdag_operator.section-2 to None, run_after=None
[2026-02-25T11:33:05.490+0000] {logging_mixin.py:190} INFO - [2026-02-25T11:33:05.489+0000] {dag.py:3239} INFO - Sync 2 DAGs
[2026-02-25T11:33:05.492+0000] {logging_mixin.py:190} INFO - [2026-02-25T11:33:05.492+0000] {dag.py:4180} INFO - Setting next_dagrun for example_subdag_operator.section-1 to None, run_after=None
[2026-02-25T11:33:05.492+0000] {logging_mixin.py:190} INFO - [2026-02-25T11:33:05.492+0000] {dag.py:4180} INFO - Setting next_dagrun for example_subdag_operator.section-2 to None, run_after=None
[2026-02-25T11:33:05.504+0000] {processor.py:208} INFO - Processing /home/ubuntu/airflow-venv/lib/python3.12/site-packages/airflow/example_dags/example_subdag_operator.py took 0.065 seconds
[2026-02-25T11:33:07.099+0000] {processor.py:186} INFO - Started process (PID=11564) to work on /home/ubuntu/airflow-venv/lib/python3.12/site-packages/airflow/example_dags/example_subdag_operator.py
[2026-02-25T11:33:07.099+0000] {processor.py:914} INFO - Processing file /home/ubuntu/airflow-venv/lib/python3.12/site-packages/airflow/example_dags/example_subdag_operator.py for tasks to queue
[2026-02-25T11:33:07.101+0000] {logging_mixin.py:190} INFO - [2026-02-25T11:33:07.101+0000] {dagbag.py:588} INFO - Filling up the DagBag from /home/ubuntu/airflow-venv/lib/python3.12/site-packages/airflow/example_dags/example_subdag_operator.py
[2026-02-25T11:33:07.117+0000] {processor.py:925} INFO - DAG(s) 'example_subdag_operator.section-1', 'example_subdag_operator.section-2', 'example_subdag_operator' retrieved from /home/ubuntu/airflow-venv/lib/python3.12/site-packages/airflow/example_dags/example_subdag_operator.py
[2026-02-25T11:33:07.126+0000] {logging_mixin.py:190} INFO - [2026-02-25T11:33:07.125+0000] {dag.py:3239} INFO - Sync 3 DAGs
[2026-02-25T11:33:07.138+0000] {logging_mixin.py:190} INFO - [2026-02-25T11:33:07.138+0000] {dag.py:4180} INFO - Setting next_dagrun for example_subdag_operator to 2022-01-01 00:00:00+00:00, run_after=2022-01-01 00:00:00+00:00
[2026-02-25T11:33:07.140+0000] {logging_mixin.py:190} INFO - [2026-02-25T11:33:07.140+0000] {dag.py:4180} INFO - Setting next_dagrun for example_subdag_operator.section-1 to None, run_after=None
[2026-02-25T11:33:07.141+0000] {logging_mixin.py:190} INFO - [2026-02-25T11:33:07.141+0000] {dag.py:4180} INFO - Setting next_dagrun for example_subdag_operator.section-2 to None, run_after=None
[2026-02-25T11:33:07.144+0000] {logging_mixin.py:190} INFO - [2026-02-25T11:33:07.144+0000] {dag.py:3239} INFO - Sync 2 DAGs
[2026-02-25T11:33:07.146+0000] {logging_mixin.py:190} INFO - [2026-02-25T11:33:07.146+0000] {dag.py:4180} INFO - Setting next_dagrun for example_subdag_operator.section-1 to None, run_after=None
[2026-02-25T11:33:07.147+0000] {logging_mixin.py:190} INFO - [2026-02-25T11:33:07.147+0000] {dag.py:4180} INFO - Setting next_dagrun for example_subdag_operator.section-2 to None, run_after=None
[2026-02-25T11:33:07.159+0000] {processor.py:208} INFO - Processing /home/ubuntu/airflow-venv/lib/python3.12/site-packages/airflow/example_dags/example_subdag_operator.py took 0.064 seconds
[2026-02-25T11:33:51.942+0000] {processor.py:186} INFO - Started process (PID=11661) to work on /home/ubuntu/airflow-venv/lib/python3.12/site-packages/airflow/example_dags/example_subdag_operator.py
[2026-02-25T11:33:51.944+0000] {processor.py:914} INFO - Processing file /home/ubuntu/airflow-venv/lib/python3.12/site-packages/airflow/example_dags/example_subdag_operator.py for tasks to queue
[2026-02-25T11:33:51.945+0000] {logging_mixin.py:190} INFO - [2026-02-25T11:33:51.945+0000] {dagbag.py:588} INFO - Filling up the DagBag from /home/ubuntu/airflow-venv/lib/python3.12/site-packages/airflow/example_dags/example_subdag_operator.py
[2026-02-25T11:33:51.960+0000] {processor.py:925} INFO - DAG(s) 'example_subdag_operator.section-1', 'example_subdag_operator.section-2', 'example_subdag_operator' retrieved from /home/ubuntu/airflow-venv/lib/python3.12/site-packages/airflow/example_dags/example_subdag_operator.py
[2026-02-25T11:33:51.969+0000] {logging_mixin.py:190} INFO - [2026-02-25T11:33:51.969+0000] {dag.py:3239} INFO - Sync 3 DAGs
[2026-02-25T11:33:51.981+0000] {logging_mixin.py:190} INFO - [2026-02-25T11:33:51.981+0000] {dag.py:4180} INFO - Setting next_dagrun for example_subdag_operator to 2022-01-01 00:00:00+00:00, run_after=2022-01-01 00:00:00+00:00
[2026-02-25T11:33:51.983+0000] {logging_mixin.py:190} INFO - [2026-02-25T11:33:51.983+0000] {dag.py:4180} INFO - Setting next_dagrun for example_subdag_operator.section-1 to None, run_after=None
[2026-02-25T11:33:51.983+0000] {logging_mixin.py:190} INFO - [2026-02-25T11:33:51.983+0000] {dag.py:4180} INFO - Setting next_dagrun for example_subdag_operator.section-2 to None, run_after=None
[2026-02-25T11:33:51.987+0000] {logging_mixin.py:190} INFO - [2026-02-25T11:33:51.987+0000] {dag.py:3239} INFO - Sync 2 DAGs
[2026-02-25T11:33:51.989+0000] {logging_mixin.py:190} INFO - [2026-02-25T11:33:51.989+0000] {dag.py:4180} INFO - Setting next_dagrun for example_subdag_operator.section-1 to None, run_after=None
[2026-02-25T11:33:51.989+0000] {logging_mixin.py:190} INFO - [2026-02-25T11:33:51.989+0000] {dag.py:4180} INFO - Setting next_dagrun for example_subdag_operator.section-2 to None, run_after=None
[2026-02-25T11:33:52.001+0000] {processor.py:208} INFO - Processing /home/ubuntu/airflow-venv/lib/python3.12/site-packages/airflow/example_dags/example_subdag_operator.py took 0.062 seconds
[2026-02-25T11:33:56.224+0000] {processor.py:186} INFO - Started process (PID=11671) to work on /home/ubuntu/airflow-venv/lib/python3.12/site-packages/airflow/example_dags/example_subdag_operator.py
[2026-02-25T11:33:56.224+0000] {processor.py:914} INFO - Processing file /home/ubuntu/airflow-venv/lib/python3.12/site-packages/airflow/example_dags/example_subdag_operator.py for tasks to queue
[2026-02-25T11:33:56.226+0000] {logging_mixin.py:190} INFO - [2026-02-25T11:33:56.225+0000] {dagbag.py:588} INFO - Filling up the DagBag from /home/ubuntu/airflow-venv/lib/python3.12/site-packages/airflow/example_dags/example_subdag_operator.py
[2026-02-25T11:33:56.241+0000] {processor.py:925} INFO - DAG(s) 'example_subdag_operator.section-1', 'example_subdag_operator.section-2', 'example_subdag_operator' retrieved from /home/ubuntu/airflow-venv/lib/python3.12/site-packages/airflow/example_dags/example_subdag_operator.py
[2026-02-25T11:33:56.250+0000] {logging_mixin.py:190} INFO - [2026-02-25T11:33:56.250+0000] {dag.py:3239} INFO - Sync 3 DAGs
[2026-02-25T11:33:56.263+0000] {logging_mixin.py:190} INFO - [2026-02-25T11:33:56.263+0000] {dag.py:4180} INFO - Setting next_dagrun for example_subdag_operator to 2022-01-01 00:00:00+00:00, run_after=2022-01-01 00:00:00+00:00
[2026-02-25T11:33:56.265+0000] {logging_mixin.py:190} INFO - [2026-02-25T11:33:56.265+0000] {dag.py:4180} INFO - Setting next_dagrun for example_subdag_operator.section-1 to None, run_after=None
[2026-02-25T11:33:56.265+0000] {logging_mixin.py:190} INFO - [2026-02-25T11:33:56.265+0000] {dag.py:4180} INFO - Setting next_dagrun for example_subdag_operator.section-2 to None, run_after=None
[2026-02-25T11:33:56.269+0000] {logging_mixin.py:190} INFO - [2026-02-25T11:33:56.269+0000] {dag.py:3239} INFO - Sync 2 DAGs
[2026-02-25T11:33:56.272+0000] {logging_mixin.py:190} INFO - [2026-02-25T11:33:56.272+0000] {dag.py:4180} INFO - Setting next_dagrun for example_subdag_operator.section-1 to None, run_after=None
[2026-02-25T11:33:56.273+0000] {logging_mixin.py:190} INFO - [2026-02-25T11:33:56.273+0000] {dag.py:4180} INFO - Setting next_dagrun for example_subdag_operator.section-2 to None, run_after=None
[2026-02-25T11:33:56.284+0000] {processor.py:208} INFO - Processing /home/ubuntu/airflow-venv/lib/python3.12/site-packages/airflow/example_dags/example_subdag_operator.py took 0.065 seconds
[2026-02-25T11:34:38.883+0000] {processor.py:186} INFO - Started process (PID=11758) to work on /home/ubuntu/airflow-venv/lib/python3.12/site-packages/airflow/example_dags/example_subdag_operator.py
[2026-02-25T11:34:38.884+0000] {processor.py:914} INFO - Processing file /home/ubuntu/airflow-venv/lib/python3.12/site-packages/airflow/example_dags/example_subdag_operator.py for tasks to queue
[2026-02-25T11:34:38.885+0000] {logging_mixin.py:190} INFO - [2026-02-25T11:34:38.885+0000] {dagbag.py:588} INFO - Filling up the DagBag from /home/ubuntu/airflow-venv/lib/python3.12/site-packages/airflow/example_dags/example_subdag_operator.py
[2026-02-25T11:34:38.901+0000] {processor.py:925} INFO - DAG(s) 'example_subdag_operator.section-1', 'example_subdag_operator.section-2', 'example_subdag_operator' retrieved from /home/ubuntu/airflow-venv/lib/python3.12/site-packages/airflow/example_dags/example_subdag_operator.py
[2026-02-25T11:34:38.910+0000] {logging_mixin.py:190} INFO - [2026-02-25T11:34:38.909+0000] {dag.py:3239} INFO - Sync 3 DAGs
[2026-02-25T11:34:38.922+0000] {logging_mixin.py:190} INFO - [2026-02-25T11:34:38.922+0000] {dag.py:4180} INFO - Setting next_dagrun for example_subdag_operator to 2022-01-01 00:00:00+00:00, run_after=2022-01-01 00:00:00+00:00
[2026-02-25T11:34:38.924+0000] {logging_mixin.py:190} INFO - [2026-02-25T11:34:38.924+0000] {dag.py:4180} INFO - Setting next_dagrun for example_subdag_operator.section-1 to None, run_after=None
[2026-02-25T11:34:38.925+0000] {logging_mixin.py:190} INFO - [2026-02-25T11:34:38.925+0000] {dag.py:4180} INFO - Setting next_dagrun for example_subdag_operator.section-2 to None, run_after=None
[2026-02-25T11:34:38.928+0000] {logging_mixin.py:190} INFO - [2026-02-25T11:34:38.928+0000] {dag.py:3239} INFO - Sync 2 DAGs
[2026-02-25T11:34:38.931+0000] {logging_mixin.py:190} INFO - [2026-02-25T11:34:38.930+0000] {dag.py:4180} INFO - Setting next_dagrun for example_subdag_operator.section-1 to None, run_after=None
[2026-02-25T11:34:38.931+0000] {logging_mixin.py:190} INFO - [2026-02-25T11:34:38.931+0000] {dag.py:4180} INFO - Setting next_dagrun for example_subdag_operator.section-2 to None, run_after=None
[2026-02-25T11:34:38.943+0000] {processor.py:208} INFO - Processing /home/ubuntu/airflow-venv/lib/python3.12/site-packages/airflow/example_dags/example_subdag_operator.py took 0.065 seconds
[2026-02-25T11:34:47.572+0000] {processor.py:186} INFO - Started process (PID=11779) to work on /home/ubuntu/airflow-venv/lib/python3.12/site-packages/airflow/example_dags/example_subdag_operator.py
[2026-02-25T11:34:47.573+0000] {processor.py:914} INFO - Processing file /home/ubuntu/airflow-venv/lib/python3.12/site-packages/airflow/example_dags/example_subdag_operator.py for tasks to queue
[2026-02-25T11:34:47.574+0000] {logging_mixin.py:190} INFO - [2026-02-25T11:34:47.574+0000] {dagbag.py:588} INFO - Filling up the DagBag from /home/ubuntu/airflow-venv/lib/python3.12/site-packages/airflow/example_dags/example_subdag_operator.py
[2026-02-25T11:34:47.590+0000] {processor.py:925} INFO - DAG(s) 'example_subdag_operator.section-1', 'example_subdag_operator.section-2', 'example_subdag_operator' retrieved from /home/ubuntu/airflow-venv/lib/python3.12/site-packages/airflow/example_dags/example_subdag_operator.py
[2026-02-25T11:34:47.598+0000] {logging_mixin.py:190} INFO - [2026-02-25T11:34:47.598+0000] {dag.py:3239} INFO - Sync 3 DAGs
[2026-02-25T11:34:47.611+0000] {logging_mixin.py:190} INFO - [2026-02-25T11:34:47.611+0000] {dag.py:4180} INFO - Setting next_dagrun for example_subdag_operator to 2022-01-01 00:00:00+00:00, run_after=2022-01-01 00:00:00+00:00
[2026-02-25T11:34:47.613+0000] {logging_mixin.py:190} INFO - [2026-02-25T11:34:47.613+0000] {dag.py:4180} INFO - Setting next_dagrun for example_subdag_operator.section-1 to None, run_after=None
[2026-02-25T11:34:47.613+0000] {logging_mixin.py:190} INFO - [2026-02-25T11:34:47.613+0000] {dag.py:4180} INFO - Setting next_dagrun for example_subdag_operator.section-2 to None, run_after=None
[2026-02-25T11:34:47.617+0000] {logging_mixin.py:190} INFO - [2026-02-25T11:34:47.617+0000] {dag.py:3239} INFO - Sync 2 DAGs
[2026-02-25T11:34:47.619+0000] {logging_mixin.py:190} INFO - [2026-02-25T11:34:47.619+0000] {dag.py:4180} INFO - Setting next_dagrun for example_subdag_operator.section-1 to None, run_after=None
[2026-02-25T11:34:47.619+0000] {logging_mixin.py:190} INFO - [2026-02-25T11:34:47.619+0000] {dag.py:4180} INFO - Setting next_dagrun for example_subdag_operator.section-2 to None, run_after=None
[2026-02-25T11:34:47.631+0000] {processor.py:208} INFO - Processing /home/ubuntu/airflow-venv/lib/python3.12/site-packages/airflow/example_dags/example_subdag_operator.py took 0.063 seconds
[2026-02-25T11:35:27.332+0000] {processor.py:186} INFO - Started process (PID=11879) to work on /home/ubuntu/airflow-venv/lib/python3.12/site-packages/airflow/example_dags/example_subdag_operator.py
[2026-02-25T11:35:27.333+0000] {processor.py:914} INFO - Processing file /home/ubuntu/airflow-venv/lib/python3.12/site-packages/airflow/example_dags/example_subdag_operator.py for tasks to queue
[2026-02-25T11:35:27.335+0000] {logging_mixin.py:190} INFO - [2026-02-25T11:35:27.334+0000] {dagbag.py:588} INFO - Filling up the DagBag from /home/ubuntu/airflow-venv/lib/python3.12/site-packages/airflow/example_dags/example_subdag_operator.py
[2026-02-25T11:35:27.350+0000] {processor.py:925} INFO - DAG(s) 'example_subdag_operator.section-1', 'example_subdag_operator.section-2', 'example_subdag_operator' retrieved from /home/ubuntu/airflow-venv/lib/python3.12/site-packages/airflow/example_dags/example_subdag_operator.py
[2026-02-25T11:35:27.359+0000] {logging_mixin.py:190} INFO - [2026-02-25T11:35:27.359+0000] {dag.py:3239} INFO - Sync 3 DAGs
[2026-02-25T11:35:27.371+0000] {logging_mixin.py:190} INFO - [2026-02-25T11:35:27.371+0000] {dag.py:4180} INFO - Setting next_dagrun for example_subdag_operator to 2022-01-01 00:00:00+00:00, run_after=2022-01-01 00:00:00+00:00
[2026-02-25T11:35:27.373+0000] {logging_mixin.py:190} INFO - [2026-02-25T11:35:27.373+0000] {dag.py:4180} INFO - Setting next_dagrun for example_subdag_operator.section-1 to None, run_after=None
[2026-02-25T11:35:27.374+0000] {logging_mixin.py:190} INFO - [2026-02-25T11:35:27.374+0000] {dag.py:4180} INFO - Setting next_dagrun for example_subdag_operator.section-2 to None, run_after=None
[2026-02-25T11:35:27.377+0000] {logging_mixin.py:190} INFO - [2026-02-25T11:35:27.377+0000] {dag.py:3239} INFO - Sync 2 DAGs
[2026-02-25T11:35:27.380+0000] {logging_mixin.py:190} INFO - [2026-02-25T11:35:27.379+0000] {dag.py:4180} INFO - Setting next_dagrun for example_subdag_operator.section-1 to None, run_after=None
[2026-02-25T11:35:27.380+0000] {logging_mixin.py:190} INFO - [2026-02-25T11:35:27.380+0000] {dag.py:4180} INFO - Setting next_dagrun for example_subdag_operator.section-2 to None, run_after=None
[2026-02-25T11:35:27.392+0000] {processor.py:208} INFO - Processing /home/ubuntu/airflow-venv/lib/python3.12/site-packages/airflow/example_dags/example_subdag_operator.py took 0.064 seconds
[2026-02-25T11:35:38.298+0000] {processor.py:186} INFO - Started process (PID=11903) to work on /home/ubuntu/airflow-venv/lib/python3.12/site-packages/airflow/example_dags/example_subdag_operator.py
[2026-02-25T11:35:38.299+0000] {processor.py:914} INFO - Processing file /home/ubuntu/airflow-venv/lib/python3.12/site-packages/airflow/example_dags/example_subdag_operator.py for tasks to queue
[2026-02-25T11:35:38.300+0000] {logging_mixin.py:190} INFO - [2026-02-25T11:35:38.300+0000] {dagbag.py:588} INFO - Filling up the DagBag from /home/ubuntu/airflow-venv/lib/python3.12/site-packages/airflow/example_dags/example_subdag_operator.py
[2026-02-25T11:35:38.315+0000] {processor.py:925} INFO - DAG(s) 'example_subdag_operator.section-1', 'example_subdag_operator.section-2', 'example_subdag_operator' retrieved from /home/ubuntu/airflow-venv/lib/python3.12/site-packages/airflow/example_dags/example_subdag_operator.py
[2026-02-25T11:35:38.324+0000] {logging_mixin.py:190} INFO - [2026-02-25T11:35:38.324+0000] {dag.py:3239} INFO - Sync 3 DAGs
[2026-02-25T11:35:38.337+0000] {logging_mixin.py:190} INFO - [2026-02-25T11:35:38.337+0000] {dag.py:4180} INFO - Setting next_dagrun for example_subdag_operator to 2022-01-01 00:00:00+00:00, run_after=2022-01-01 00:00:00+00:00
[2026-02-25T11:35:38.339+0000] {logging_mixin.py:190} INFO - [2026-02-25T11:35:38.338+0000] {dag.py:4180} INFO - Setting next_dagrun for example_subdag_operator.section-1 to None, run_after=None
[2026-02-25T11:35:38.339+0000] {logging_mixin.py:190} INFO - [2026-02-25T11:35:38.339+0000] {dag.py:4180} INFO - Setting next_dagrun for example_subdag_operator.section-2 to None, run_after=None
[2026-02-25T11:35:38.343+0000] {logging_mixin.py:190} INFO - [2026-02-25T11:35:38.343+0000] {dag.py:3239} INFO - Sync 2 DAGs
[2026-02-25T11:35:38.345+0000] {logging_mixin.py:190} INFO - [2026-02-25T11:35:38.345+0000] {dag.py:4180} INFO - Setting next_dagrun for example_subdag_operator.section-1 to None, run_after=None
[2026-02-25T11:35:38.345+0000] {logging_mixin.py:190} INFO - [2026-02-25T11:35:38.345+0000] {dag.py:4180} INFO - Setting next_dagrun for example_subdag_operator.section-2 to None, run_after=None
[2026-02-25T11:35:38.357+0000] {processor.py:208} INFO - Processing /home/ubuntu/airflow-venv/lib/python3.12/site-packages/airflow/example_dags/example_subdag_operator.py took 0.062 seconds
[2026-02-25T11:36:15.147+0000] {processor.py:186} INFO - Started process (PID=11982) to work on /home/ubuntu/airflow-venv/lib/python3.12/site-packages/airflow/example_dags/example_subdag_operator.py
[2026-02-25T11:36:15.149+0000] {processor.py:914} INFO - Processing file /home/ubuntu/airflow-venv/lib/python3.12/site-packages/airflow/example_dags/example_subdag_operator.py for tasks to queue
[2026-02-25T11:36:15.150+0000] {logging_mixin.py:190} INFO - [2026-02-25T11:36:15.150+0000] {dagbag.py:588} INFO - Filling up the DagBag from /home/ubuntu/airflow-venv/lib/python3.12/site-packages/airflow/example_dags/example_subdag_operator.py
[2026-02-25T11:36:15.165+0000] {processor.py:925} INFO - DAG(s) 'example_subdag_operator.section-1', 'example_subdag_operator.section-2', 'example_subdag_operator' retrieved from /home/ubuntu/airflow-venv/lib/python3.12/site-packages/airflow/example_dags/example_subdag_operator.py
[2026-02-25T11:36:15.174+0000] {logging_mixin.py:190} INFO - [2026-02-25T11:36:15.174+0000] {dag.py:3239} INFO - Sync 3 DAGs
[2026-02-25T11:36:15.186+0000] {logging_mixin.py:190} INFO - [2026-02-25T11:36:15.186+0000] {dag.py:4180} INFO - Setting next_dagrun for example_subdag_operator to 2022-01-01 00:00:00+00:00, run_after=2022-01-01 00:00:00+00:00
[2026-02-25T11:36:15.188+0000] {logging_mixin.py:190} INFO - [2026-02-25T11:36:15.188+0000] {dag.py:4180} INFO - Setting next_dagrun for example_subdag_operator.section-1 to None, run_after=None
[2026-02-25T11:36:15.188+0000] {logging_mixin.py:190} INFO - [2026-02-25T11:36:15.188+0000] {dag.py:4180} INFO - Setting next_dagrun for example_subdag_operator.section-2 to None, run_after=None
[2026-02-25T11:36:15.192+0000] {logging_mixin.py:190} INFO - [2026-02-25T11:36:15.192+0000] {dag.py:3239} INFO - Sync 2 DAGs
[2026-02-25T11:36:15.194+0000] {logging_mixin.py:190} INFO - [2026-02-25T11:36:15.194+0000] {dag.py:4180} INFO - Setting next_dagrun for example_subdag_operator.section-1 to None, run_after=None
[2026-02-25T11:36:15.194+0000] {logging_mixin.py:190} INFO - [2026-02-25T11:36:15.194+0000] {dag.py:4180} INFO - Setting next_dagrun for example_subdag_operator.section-2 to None, run_after=None
[2026-02-25T11:36:15.211+0000] {processor.py:208} INFO - Processing /home/ubuntu/airflow-venv/lib/python3.12/site-packages/airflow/example_dags/example_subdag_operator.py took 0.067 seconds
[2026-02-25T11:36:26.186+0000] {processor.py:186} INFO - Started process (PID=12004) to work on /home/ubuntu/airflow-venv/lib/python3.12/site-packages/airflow/example_dags/example_subdag_operator.py
[2026-02-25T11:36:26.187+0000] {processor.py:914} INFO - Processing file /home/ubuntu/airflow-venv/lib/python3.12/site-packages/airflow/example_dags/example_subdag_operator.py for tasks to queue
[2026-02-25T11:36:26.188+0000] {logging_mixin.py:190} INFO - [2026-02-25T11:36:26.188+0000] {dagbag.py:588} INFO - Filling up the DagBag from /home/ubuntu/airflow-venv/lib/python3.12/site-packages/airflow/example_dags/example_subdag_operator.py
[2026-02-25T11:36:26.204+0000] {processor.py:925} INFO - DAG(s) 'example_subdag_operator.section-1', 'example_subdag_operator.section-2', 'example_subdag_operator' retrieved from /home/ubuntu/airflow-venv/lib/python3.12/site-packages/airflow/example_dags/example_subdag_operator.py
[2026-02-25T11:36:26.213+0000] {logging_mixin.py:190} INFO - [2026-02-25T11:36:26.213+0000] {dag.py:3239} INFO - Sync 3 DAGs
[2026-02-25T11:36:26.226+0000] {logging_mixin.py:190} INFO - [2026-02-25T11:36:26.225+0000] {dag.py:4180} INFO - Setting next_dagrun for example_subdag_operator to 2022-01-01 00:00:00+00:00, run_after=2022-01-01 00:00:00+00:00
[2026-02-25T11:36:26.228+0000] {logging_mixin.py:190} INFO - [2026-02-25T11:36:26.227+0000] {dag.py:4180} INFO - Setting next_dagrun for example_subdag_operator.section-1 to None, run_after=None
[2026-02-25T11:36:26.228+0000] {logging_mixin.py:190} INFO - [2026-02-25T11:36:26.228+0000] {dag.py:4180} INFO - Setting next_dagrun for example_subdag_operator.section-2 to None, run_after=None
[2026-02-25T11:36:26.233+0000] {logging_mixin.py:190} INFO - [2026-02-25T11:36:26.232+0000] {dag.py:3239} INFO - Sync 2 DAGs
[2026-02-25T11:36:26.235+0000] {logging_mixin.py:190} INFO - [2026-02-25T11:36:26.235+0000] {dag.py:4180} INFO - Setting next_dagrun for example_subdag_operator.section-1 to None, run_after=None
[2026-02-25T11:36:26.235+0000] {logging_mixin.py:190} INFO - [2026-02-25T11:36:26.235+0000] {dag.py:4180} INFO - Setting next_dagrun for example_subdag_operator.section-2 to None, run_after=None
[2026-02-25T11:36:26.247+0000] {processor.py:208} INFO - Processing /home/ubuntu/airflow-venv/lib/python3.12/site-packages/airflow/example_dags/example_subdag_operator.py took 0.065 seconds
[2026-02-25T11:37:07.353+0000] {processor.py:186} INFO - Started process (PID=12188) to work on /home/ubuntu/airflow-venv/lib/python3.12/site-packages/airflow/example_dags/example_subdag_operator.py
[2026-02-25T11:37:07.355+0000] {processor.py:914} INFO - Processing file /home/ubuntu/airflow-venv/lib/python3.12/site-packages/airflow/example_dags/example_subdag_operator.py for tasks to queue
[2026-02-25T11:37:07.356+0000] {logging_mixin.py:190} INFO - [2026-02-25T11:37:07.356+0000] {dagbag.py:588} INFO - Filling up the DagBag from /home/ubuntu/airflow-venv/lib/python3.12/site-packages/airflow/example_dags/example_subdag_operator.py
[2026-02-25T11:37:07.372+0000] {processor.py:925} INFO - DAG(s) 'example_subdag_operator.section-1', 'example_subdag_operator.section-2', 'example_subdag_operator' retrieved from /home/ubuntu/airflow-venv/lib/python3.12/site-packages/airflow/example_dags/example_subdag_operator.py
[2026-02-25T11:37:07.381+0000] {logging_mixin.py:190} INFO - [2026-02-25T11:37:07.380+0000] {dag.py:3239} INFO - Sync 3 DAGs
[2026-02-25T11:37:07.393+0000] {logging_mixin.py:190} INFO - [2026-02-25T11:37:07.393+0000] {dag.py:4180} INFO - Setting next_dagrun for example_subdag_operator to 2022-01-01 00:00:00+00:00, run_after=2022-01-01 00:00:00+00:00
[2026-02-25T11:37:07.395+0000] {logging_mixin.py:190} INFO - [2026-02-25T11:37:07.395+0000] {dag.py:4180} INFO - Setting next_dagrun for example_subdag_operator.section-1 to None, run_after=None
[2026-02-25T11:37:07.396+0000] {logging_mixin.py:190} INFO - [2026-02-25T11:37:07.396+0000] {dag.py:4180} INFO - Setting next_dagrun for example_subdag_operator.section-2 to None, run_after=None
[2026-02-25T11:37:07.400+0000] {logging_mixin.py:190} INFO - [2026-02-25T11:37:07.400+0000] {dag.py:3239} INFO - Sync 2 DAGs
[2026-02-25T11:37:07.402+0000] {logging_mixin.py:190} INFO - [2026-02-25T11:37:07.402+0000] {dag.py:4180} INFO - Setting next_dagrun for example_subdag_operator.section-1 to None, run_after=None
[2026-02-25T11:37:07.402+0000] {logging_mixin.py:190} INFO - [2026-02-25T11:37:07.402+0000] {dag.py:4180} INFO - Setting next_dagrun for example_subdag_operator.section-2 to None, run_after=None
[2026-02-25T11:37:07.415+0000] {processor.py:208} INFO - Processing /home/ubuntu/airflow-venv/lib/python3.12/site-packages/airflow/example_dags/example_subdag_operator.py took 0.065 seconds
[2026-02-25T11:37:17.491+0000] {processor.py:186} INFO - Started process (PID=12210) to work on /home/ubuntu/airflow-venv/lib/python3.12/site-packages/airflow/example_dags/example_subdag_operator.py
[2026-02-25T11:37:17.492+0000] {processor.py:914} INFO - Processing file /home/ubuntu/airflow-venv/lib/python3.12/site-packages/airflow/example_dags/example_subdag_operator.py for tasks to queue
[2026-02-25T11:37:17.493+0000] {logging_mixin.py:190} INFO - [2026-02-25T11:37:17.493+0000] {dagbag.py:588} INFO - Filling up the DagBag from /home/ubuntu/airflow-venv/lib/python3.12/site-packages/airflow/example_dags/example_subdag_operator.py
[2026-02-25T11:37:17.508+0000] {processor.py:925} INFO - DAG(s) 'example_subdag_operator.section-1', 'example_subdag_operator.section-2', 'example_subdag_operator' retrieved from /home/ubuntu/airflow-venv/lib/python3.12/site-packages/airflow/example_dags/example_subdag_operator.py
[2026-02-25T11:37:17.517+0000] {logging_mixin.py:190} INFO - [2026-02-25T11:37:17.517+0000] {dag.py:3239} INFO - Sync 3 DAGs
[2026-02-25T11:37:17.538+0000] {logging_mixin.py:190} INFO - [2026-02-25T11:37:17.538+0000] {dag.py:4180} INFO - Setting next_dagrun for example_subdag_operator to 2022-01-01 00:00:00+00:00, run_after=2022-01-01 00:00:00+00:00
[2026-02-25T11:37:17.540+0000] {logging_mixin.py:190} INFO - [2026-02-25T11:37:17.540+0000] {dag.py:4180} INFO - Setting next_dagrun for example_subdag_operator.section-1 to None, run_after=None
[2026-02-25T11:37:17.541+0000] {logging_mixin.py:190} INFO - [2026-02-25T11:37:17.541+0000] {dag.py:4180} INFO - Setting next_dagrun for example_subdag_operator.section-2 to None, run_after=None
[2026-02-25T11:37:17.545+0000] {logging_mixin.py:190} INFO - [2026-02-25T11:37:17.545+0000] {dag.py:3239} INFO - Sync 2 DAGs
[2026-02-25T11:37:17.547+0000] {logging_mixin.py:190} INFO - [2026-02-25T11:37:17.547+0000] {dag.py:4180} INFO - Setting next_dagrun for example_subdag_operator.section-1 to None, run_after=None
[2026-02-25T11:37:17.547+0000] {logging_mixin.py:190} INFO - [2026-02-25T11:37:17.547+0000] {dag.py:4180} INFO - Setting next_dagrun for example_subdag_operator.section-2 to None, run_after=None
[2026-02-25T11:37:17.560+0000] {processor.py:208} INFO - Processing /home/ubuntu/airflow-venv/lib/python3.12/site-packages/airflow/example_dags/example_subdag_operator.py took 0.072 seconds
[2026-02-25T11:42:46.032+0000] {processor.py:186} INFO - Started process (PID=1697) to work on /home/ubuntu/airflow-venv/lib/python3.12/site-packages/airflow/example_dags/example_subdag_operator.py
[2026-02-25T11:42:46.034+0000] {processor.py:914} INFO - Processing file /home/ubuntu/airflow-venv/lib/python3.12/site-packages/airflow/example_dags/example_subdag_operator.py for tasks to queue
[2026-02-25T11:42:46.036+0000] {logging_mixin.py:190} INFO - [2026-02-25T11:42:46.036+0000] {dagbag.py:588} INFO - Filling up the DagBag from /home/ubuntu/airflow-venv/lib/python3.12/site-packages/airflow/example_dags/example_subdag_operator.py
[2026-02-25T11:42:46.051+0000] {processor.py:925} INFO - DAG(s) 'example_subdag_operator.section-1', 'example_subdag_operator.section-2', 'example_subdag_operator' retrieved from /home/ubuntu/airflow-venv/lib/python3.12/site-packages/airflow/example_dags/example_subdag_operator.py
[2026-02-25T11:42:46.061+0000] {logging_mixin.py:190} INFO - [2026-02-25T11:42:46.061+0000] {dag.py:3239} INFO - Sync 3 DAGs
[2026-02-25T11:42:46.074+0000] {logging_mixin.py:190} INFO - [2026-02-25T11:42:46.074+0000] {dag.py:4180} INFO - Setting next_dagrun for example_subdag_operator to 2022-01-01 00:00:00+00:00, run_after=2022-01-01 00:00:00+00:00
[2026-02-25T11:42:46.077+0000] {logging_mixin.py:190} INFO - [2026-02-25T11:42:46.076+0000] {dag.py:4180} INFO - Setting next_dagrun for example_subdag_operator.section-1 to None, run_after=None
[2026-02-25T11:42:46.077+0000] {logging_mixin.py:190} INFO - [2026-02-25T11:42:46.077+0000] {dag.py:4180} INFO - Setting next_dagrun for example_subdag_operator.section-2 to None, run_after=None
[2026-02-25T11:42:46.080+0000] {logging_mixin.py:190} INFO - [2026-02-25T11:42:46.080+0000] {dag.py:3239} INFO - Sync 2 DAGs
[2026-02-25T11:42:46.083+0000] {logging_mixin.py:190} INFO - [2026-02-25T11:42:46.083+0000] {dag.py:4180} INFO - Setting next_dagrun for example_subdag_operator.section-1 to None, run_after=None
[2026-02-25T11:42:46.083+0000] {logging_mixin.py:190} INFO - [2026-02-25T11:42:46.083+0000] {dag.py:4180} INFO - Setting next_dagrun for example_subdag_operator.section-2 to None, run_after=None
[2026-02-25T11:42:46.095+0000] {processor.py:208} INFO - Processing /home/ubuntu/airflow-venv/lib/python3.12/site-packages/airflow/example_dags/example_subdag_operator.py took 0.066 seconds
[2026-02-25T11:43:40.299+0000] {processor.py:186} INFO - Started process (PID=2122) to work on /home/ubuntu/airflow-venv/lib/python3.12/site-packages/airflow/example_dags/example_subdag_operator.py
[2026-02-25T11:43:40.300+0000] {processor.py:914} INFO - Processing file /home/ubuntu/airflow-venv/lib/python3.12/site-packages/airflow/example_dags/example_subdag_operator.py for tasks to queue
[2026-02-25T11:43:40.301+0000] {logging_mixin.py:190} INFO - [2026-02-25T11:43:40.301+0000] {dagbag.py:588} INFO - Filling up the DagBag from /home/ubuntu/airflow-venv/lib/python3.12/site-packages/airflow/example_dags/example_subdag_operator.py
[2026-02-25T11:43:40.315+0000] {processor.py:925} INFO - DAG(s) 'example_subdag_operator.section-1', 'example_subdag_operator.section-2', 'example_subdag_operator' retrieved from /home/ubuntu/airflow-venv/lib/python3.12/site-packages/airflow/example_dags/example_subdag_operator.py
[2026-02-25T11:43:40.323+0000] {logging_mixin.py:190} INFO - [2026-02-25T11:43:40.323+0000] {dag.py:3239} INFO - Sync 3 DAGs
[2026-02-25T11:43:40.335+0000] {logging_mixin.py:190} INFO - [2026-02-25T11:43:40.334+0000] {dag.py:4180} INFO - Setting next_dagrun for example_subdag_operator to 2022-01-01 00:00:00+00:00, run_after=2022-01-01 00:00:00+00:00
[2026-02-25T11:43:40.337+0000] {logging_mixin.py:190} INFO - [2026-02-25T11:43:40.337+0000] {dag.py:4180} INFO - Setting next_dagrun for example_subdag_operator.section-1 to None, run_after=None
[2026-02-25T11:43:40.337+0000] {logging_mixin.py:190} INFO - [2026-02-25T11:43:40.337+0000] {dag.py:4180} INFO - Setting next_dagrun for example_subdag_operator.section-2 to None, run_after=None
[2026-02-25T11:43:40.341+0000] {logging_mixin.py:190} INFO - [2026-02-25T11:43:40.341+0000] {dag.py:3239} INFO - Sync 2 DAGs
[2026-02-25T11:43:40.343+0000] {logging_mixin.py:190} INFO - [2026-02-25T11:43:40.343+0000] {dag.py:4180} INFO - Setting next_dagrun for example_subdag_operator.section-1 to None, run_after=None
[2026-02-25T11:43:40.344+0000] {logging_mixin.py:190} INFO - [2026-02-25T11:43:40.344+0000] {dag.py:4180} INFO - Setting next_dagrun for example_subdag_operator.section-2 to None, run_after=None
[2026-02-25T11:43:40.356+0000] {processor.py:208} INFO - Processing /home/ubuntu/airflow-venv/lib/python3.12/site-packages/airflow/example_dags/example_subdag_operator.py took 0.060 seconds
[2026-02-25T11:44:28.612+0000] {processor.py:186} INFO - Started process (PID=2537) to work on /home/ubuntu/airflow-venv/lib/python3.12/site-packages/airflow/example_dags/example_subdag_operator.py
[2026-02-25T11:44:28.613+0000] {processor.py:914} INFO - Processing file /home/ubuntu/airflow-venv/lib/python3.12/site-packages/airflow/example_dags/example_subdag_operator.py for tasks to queue
[2026-02-25T11:44:28.615+0000] {logging_mixin.py:190} INFO - [2026-02-25T11:44:28.614+0000] {dagbag.py:588} INFO - Filling up the DagBag from /home/ubuntu/airflow-venv/lib/python3.12/site-packages/airflow/example_dags/example_subdag_operator.py
[2026-02-25T11:44:28.629+0000] {processor.py:925} INFO - DAG(s) 'example_subdag_operator.section-1', 'example_subdag_operator.section-2', 'example_subdag_operator' retrieved from /home/ubuntu/airflow-venv/lib/python3.12/site-packages/airflow/example_dags/example_subdag_operator.py
[2026-02-25T11:44:28.638+0000] {logging_mixin.py:190} INFO - [2026-02-25T11:44:28.638+0000] {dag.py:3239} INFO - Sync 3 DAGs
[2026-02-25T11:44:28.650+0000] {logging_mixin.py:190} INFO - [2026-02-25T11:44:28.650+0000] {dag.py:4180} INFO - Setting next_dagrun for example_subdag_operator to 2022-01-01 00:00:00+00:00, run_after=2022-01-01 00:00:00+00:00
[2026-02-25T11:44:28.652+0000] {logging_mixin.py:190} INFO - [2026-02-25T11:44:28.652+0000] {dag.py:4180} INFO - Setting next_dagrun for example_subdag_operator.section-1 to None, run_after=None
[2026-02-25T11:44:28.653+0000] {logging_mixin.py:190} INFO - [2026-02-25T11:44:28.653+0000] {dag.py:4180} INFO - Setting next_dagrun for example_subdag_operator.section-2 to None, run_after=None
[2026-02-25T11:44:28.656+0000] {logging_mixin.py:190} INFO - [2026-02-25T11:44:28.656+0000] {dag.py:3239} INFO - Sync 2 DAGs
[2026-02-25T11:44:28.659+0000] {logging_mixin.py:190} INFO - [2026-02-25T11:44:28.658+0000] {dag.py:4180} INFO - Setting next_dagrun for example_subdag_operator.section-1 to None, run_after=None
[2026-02-25T11:44:28.659+0000] {logging_mixin.py:190} INFO - [2026-02-25T11:44:28.659+0000] {dag.py:4180} INFO - Setting next_dagrun for example_subdag_operator.section-2 to None, run_after=None
[2026-02-25T11:44:28.671+0000] {processor.py:208} INFO - Processing /home/ubuntu/airflow-venv/lib/python3.12/site-packages/airflow/example_dags/example_subdag_operator.py took 0.063 seconds
[2026-02-25T11:45:24.101+0000] {processor.py:186} INFO - Started process (PID=2598) to work on /home/ubuntu/airflow-venv/lib/python3.12/site-packages/airflow/example_dags/example_subdag_operator.py
[2026-02-25T11:45:24.102+0000] {processor.py:914} INFO - Processing file /home/ubuntu/airflow-venv/lib/python3.12/site-packages/airflow/example_dags/example_subdag_operator.py for tasks to queue
[2026-02-25T11:45:24.104+0000] {logging_mixin.py:190} INFO - [2026-02-25T11:45:24.103+0000] {dagbag.py:588} INFO - Filling up the DagBag from /home/ubuntu/airflow-venv/lib/python3.12/site-packages/airflow/example_dags/example_subdag_operator.py
[2026-02-25T11:45:24.118+0000] {processor.py:925} INFO - DAG(s) 'example_subdag_operator.section-1', 'example_subdag_operator.section-2', 'example_subdag_operator' retrieved from /home/ubuntu/airflow-venv/lib/python3.12/site-packages/airflow/example_dags/example_subdag_operator.py
[2026-02-25T11:45:24.126+0000] {logging_mixin.py:190} INFO - [2026-02-25T11:45:24.126+0000] {dag.py:3239} INFO - Sync 3 DAGs
[2026-02-25T11:45:24.138+0000] {logging_mixin.py:190} INFO - [2026-02-25T11:45:24.138+0000] {dag.py:4180} INFO - Setting next_dagrun for example_subdag_operator to 2022-01-01 00:00:00+00:00, run_after=2022-01-01 00:00:00+00:00
[2026-02-25T11:45:24.140+0000] {logging_mixin.py:190} INFO - [2026-02-25T11:45:24.140+0000] {dag.py:4180} INFO - Setting next_dagrun for example_subdag_operator.section-1 to None, run_after=None
[2026-02-25T11:45:24.141+0000] {logging_mixin.py:190} INFO - [2026-02-25T11:45:24.141+0000] {dag.py:4180} INFO - Setting next_dagrun for example_subdag_operator.section-2 to None, run_after=None
[2026-02-25T11:45:24.144+0000] {logging_mixin.py:190} INFO - [2026-02-25T11:45:24.144+0000] {dag.py:3239} INFO - Sync 2 DAGs
[2026-02-25T11:45:24.147+0000] {logging_mixin.py:190} INFO - [2026-02-25T11:45:24.147+0000] {dag.py:4180} INFO - Setting next_dagrun for example_subdag_operator.section-1 to None, run_after=None
[2026-02-25T11:45:24.147+0000] {logging_mixin.py:190} INFO - [2026-02-25T11:45:24.147+0000] {dag.py:4180} INFO - Setting next_dagrun for example_subdag_operator.section-2 to None, run_after=None
[2026-02-25T11:45:24.159+0000] {processor.py:208} INFO - Processing /home/ubuntu/airflow-venv/lib/python3.12/site-packages/airflow/example_dags/example_subdag_operator.py took 0.061 seconds
[2026-02-25T11:46:21.221+0000] {processor.py:186} INFO - Started process (PID=2669) to work on /home/ubuntu/airflow-venv/lib/python3.12/site-packages/airflow/example_dags/example_subdag_operator.py
[2026-02-25T11:46:21.223+0000] {processor.py:914} INFO - Processing file /home/ubuntu/airflow-venv/lib/python3.12/site-packages/airflow/example_dags/example_subdag_operator.py for tasks to queue
[2026-02-25T11:46:21.224+0000] {logging_mixin.py:190} INFO - [2026-02-25T11:46:21.224+0000] {dagbag.py:588} INFO - Filling up the DagBag from /home/ubuntu/airflow-venv/lib/python3.12/site-packages/airflow/example_dags/example_subdag_operator.py
[2026-02-25T11:46:21.237+0000] {processor.py:925} INFO - DAG(s) 'example_subdag_operator.section-1', 'example_subdag_operator.section-2', 'example_subdag_operator' retrieved from /home/ubuntu/airflow-venv/lib/python3.12/site-packages/airflow/example_dags/example_subdag_operator.py
[2026-02-25T11:46:21.246+0000] {logging_mixin.py:190} INFO - [2026-02-25T11:46:21.246+0000] {dag.py:3239} INFO - Sync 3 DAGs
[2026-02-25T11:46:21.257+0000] {logging_mixin.py:190} INFO - [2026-02-25T11:46:21.257+0000] {dag.py:4180} INFO - Setting next_dagrun for example_subdag_operator to 2022-01-01 00:00:00+00:00, run_after=2022-01-01 00:00:00+00:00
[2026-02-25T11:46:21.259+0000] {logging_mixin.py:190} INFO - [2026-02-25T11:46:21.259+0000] {dag.py:4180} INFO - Setting next_dagrun for example_subdag_operator.section-1 to None, run_after=None
[2026-02-25T11:46:21.259+0000] {logging_mixin.py:190} INFO - [2026-02-25T11:46:21.259+0000] {dag.py:4180} INFO - Setting next_dagrun for example_subdag_operator.section-2 to None, run_after=None
[2026-02-25T11:46:21.263+0000] {logging_mixin.py:190} INFO - [2026-02-25T11:46:21.263+0000] {dag.py:3239} INFO - Sync 2 DAGs
[2026-02-25T11:46:21.266+0000] {logging_mixin.py:190} INFO - [2026-02-25T11:46:21.266+0000] {dag.py:4180} INFO - Setting next_dagrun for example_subdag_operator.section-1 to None, run_after=None
[2026-02-25T11:46:21.266+0000] {logging_mixin.py:190} INFO - [2026-02-25T11:46:21.266+0000] {dag.py:4180} INFO - Setting next_dagrun for example_subdag_operator.section-2 to None, run_after=None
[2026-02-25T11:46:21.280+0000] {processor.py:208} INFO - Processing /home/ubuntu/airflow-venv/lib/python3.12/site-packages/airflow/example_dags/example_subdag_operator.py took 0.062 seconds
[2026-02-25T12:39:05.725+0000] {processor.py:186} INFO - Started process (PID=2106) to work on /home/ubuntu/airflow-venv/lib/python3.12/site-packages/airflow/example_dags/example_subdag_operator.py
[2026-02-25T12:39:05.726+0000] {processor.py:914} INFO - Processing file /home/ubuntu/airflow-venv/lib/python3.12/site-packages/airflow/example_dags/example_subdag_operator.py for tasks to queue
[2026-02-25T12:39:05.728+0000] {logging_mixin.py:190} INFO - [2026-02-25T12:39:05.728+0000] {dagbag.py:588} INFO - Filling up the DagBag from /home/ubuntu/airflow-venv/lib/python3.12/site-packages/airflow/example_dags/example_subdag_operator.py
[2026-02-25T12:39:05.742+0000] {processor.py:925} INFO - DAG(s) 'example_subdag_operator.section-1', 'example_subdag_operator.section-2', 'example_subdag_operator' retrieved from /home/ubuntu/airflow-venv/lib/python3.12/site-packages/airflow/example_dags/example_subdag_operator.py
[2026-02-25T12:39:05.751+0000] {logging_mixin.py:190} INFO - [2026-02-25T12:39:05.751+0000] {dag.py:3239} INFO - Sync 3 DAGs
[2026-02-25T12:39:05.764+0000] {logging_mixin.py:190} INFO - [2026-02-25T12:39:05.764+0000] {dag.py:4180} INFO - Setting next_dagrun for example_subdag_operator to 2022-01-01 00:00:00+00:00, run_after=2022-01-01 00:00:00+00:00
[2026-02-25T12:39:05.766+0000] {logging_mixin.py:190} INFO - [2026-02-25T12:39:05.766+0000] {dag.py:4180} INFO - Setting next_dagrun for example_subdag_operator.section-1 to None, run_after=None
[2026-02-25T12:39:05.766+0000] {logging_mixin.py:190} INFO - [2026-02-25T12:39:05.766+0000] {dag.py:4180} INFO - Setting next_dagrun for example_subdag_operator.section-2 to None, run_after=None
[2026-02-25T12:39:05.769+0000] {logging_mixin.py:190} INFO - [2026-02-25T12:39:05.769+0000] {dag.py:3239} INFO - Sync 2 DAGs
[2026-02-25T12:39:05.772+0000] {logging_mixin.py:190} INFO - [2026-02-25T12:39:05.771+0000] {dag.py:4180} INFO - Setting next_dagrun for example_subdag_operator.section-1 to None, run_after=None
[2026-02-25T12:39:05.772+0000] {logging_mixin.py:190} INFO - [2026-02-25T12:39:05.772+0000] {dag.py:4180} INFO - Setting next_dagrun for example_subdag_operator.section-2 to None, run_after=None
[2026-02-25T12:39:05.782+0000] {processor.py:208} INFO - Processing /home/ubuntu/airflow-venv/lib/python3.12/site-packages/airflow/example_dags/example_subdag_operator.py took 0.061 seconds
[2026-02-25T12:39:59.980+0000] {processor.py:186} INFO - Started process (PID=2171) to work on /home/ubuntu/airflow-venv/lib/python3.12/site-packages/airflow/example_dags/example_subdag_operator.py
[2026-02-25T12:39:59.982+0000] {processor.py:914} INFO - Processing file /home/ubuntu/airflow-venv/lib/python3.12/site-packages/airflow/example_dags/example_subdag_operator.py for tasks to queue
[2026-02-25T12:39:59.983+0000] {logging_mixin.py:190} INFO - [2026-02-25T12:39:59.983+0000] {dagbag.py:588} INFO - Filling up the DagBag from /home/ubuntu/airflow-venv/lib/python3.12/site-packages/airflow/example_dags/example_subdag_operator.py
[2026-02-25T12:39:59.997+0000] {processor.py:925} INFO - DAG(s) 'example_subdag_operator.section-1', 'example_subdag_operator.section-2', 'example_subdag_operator' retrieved from /home/ubuntu/airflow-venv/lib/python3.12/site-packages/airflow/example_dags/example_subdag_operator.py
[2026-02-25T12:40:00.005+0000] {logging_mixin.py:190} INFO - [2026-02-25T12:40:00.005+0000] {dag.py:3239} INFO - Sync 3 DAGs
[2026-02-25T12:40:00.017+0000] {logging_mixin.py:190} INFO - [2026-02-25T12:40:00.017+0000] {dag.py:4180} INFO - Setting next_dagrun for example_subdag_operator to 2022-01-01 00:00:00+00:00, run_after=2022-01-01 00:00:00+00:00
[2026-02-25T12:40:00.019+0000] {logging_mixin.py:190} INFO - [2026-02-25T12:40:00.019+0000] {dag.py:4180} INFO - Setting next_dagrun for example_subdag_operator.section-1 to None, run_after=None
[2026-02-25T12:40:00.019+0000] {logging_mixin.py:190} INFO - [2026-02-25T12:40:00.019+0000] {dag.py:4180} INFO - Setting next_dagrun for example_subdag_operator.section-2 to None, run_after=None
[2026-02-25T12:40:00.023+0000] {logging_mixin.py:190} INFO - [2026-02-25T12:40:00.023+0000] {dag.py:3239} INFO - Sync 2 DAGs
[2026-02-25T12:40:00.026+0000] {logging_mixin.py:190} INFO - [2026-02-25T12:40:00.025+0000] {dag.py:4180} INFO - Setting next_dagrun for example_subdag_operator.section-1 to None, run_after=None
[2026-02-25T12:40:00.026+0000] {logging_mixin.py:190} INFO - [2026-02-25T12:40:00.026+0000] {dag.py:4180} INFO - Setting next_dagrun for example_subdag_operator.section-2 to None, run_after=None
[2026-02-25T12:40:00.038+0000] {processor.py:208} INFO - Processing /home/ubuntu/airflow-venv/lib/python3.12/site-packages/airflow/example_dags/example_subdag_operator.py took 0.061 seconds
[2026-02-25T12:40:48.313+0000] {processor.py:186} INFO - Started process (PID=2588) to work on /home/ubuntu/airflow-venv/lib/python3.12/site-packages/airflow/example_dags/example_subdag_operator.py
[2026-02-25T12:40:48.314+0000] {processor.py:914} INFO - Processing file /home/ubuntu/airflow-venv/lib/python3.12/site-packages/airflow/example_dags/example_subdag_operator.py for tasks to queue
[2026-02-25T12:40:48.316+0000] {logging_mixin.py:190} INFO - [2026-02-25T12:40:48.315+0000] {dagbag.py:588} INFO - Filling up the DagBag from /home/ubuntu/airflow-venv/lib/python3.12/site-packages/airflow/example_dags/example_subdag_operator.py
[2026-02-25T12:40:48.329+0000] {processor.py:925} INFO - DAG(s) 'example_subdag_operator.section-1', 'example_subdag_operator.section-2', 'example_subdag_operator' retrieved from /home/ubuntu/airflow-venv/lib/python3.12/site-packages/airflow/example_dags/example_subdag_operator.py
[2026-02-25T12:40:48.337+0000] {logging_mixin.py:190} INFO - [2026-02-25T12:40:48.337+0000] {dag.py:3239} INFO - Sync 3 DAGs
[2026-02-25T12:40:48.348+0000] {logging_mixin.py:190} INFO - [2026-02-25T12:40:48.348+0000] {dag.py:4180} INFO - Setting next_dagrun for example_subdag_operator to 2022-01-01 00:00:00+00:00, run_after=2022-01-01 00:00:00+00:00
[2026-02-25T12:40:48.350+0000] {logging_mixin.py:190} INFO - [2026-02-25T12:40:48.350+0000] {dag.py:4180} INFO - Setting next_dagrun for example_subdag_operator.section-1 to None, run_after=None
[2026-02-25T12:40:48.350+0000] {logging_mixin.py:190} INFO - [2026-02-25T12:40:48.350+0000] {dag.py:4180} INFO - Setting next_dagrun for example_subdag_operator.section-2 to None, run_after=None
[2026-02-25T12:40:48.354+0000] {logging_mixin.py:190} INFO - [2026-02-25T12:40:48.354+0000] {dag.py:3239} INFO - Sync 2 DAGs
[2026-02-25T12:40:48.356+0000] {logging_mixin.py:190} INFO - [2026-02-25T12:40:48.356+0000] {dag.py:4180} INFO - Setting next_dagrun for example_subdag_operator.section-1 to None, run_after=None
[2026-02-25T12:40:48.356+0000] {logging_mixin.py:190} INFO - [2026-02-25T12:40:48.356+0000] {dag.py:4180} INFO - Setting next_dagrun for example_subdag_operator.section-2 to None, run_after=None
[2026-02-25T12:40:48.368+0000] {processor.py:208} INFO - Processing /home/ubuntu/airflow-venv/lib/python3.12/site-packages/airflow/example_dags/example_subdag_operator.py took 0.058 seconds
[2026-02-25T12:41:43.768+0000] {processor.py:186} INFO - Started process (PID=2648) to work on /home/ubuntu/airflow-venv/lib/python3.12/site-packages/airflow/example_dags/example_subdag_operator.py
[2026-02-25T12:41:43.769+0000] {processor.py:914} INFO - Processing file /home/ubuntu/airflow-venv/lib/python3.12/site-packages/airflow/example_dags/example_subdag_operator.py for tasks to queue
[2026-02-25T12:41:43.770+0000] {logging_mixin.py:190} INFO - [2026-02-25T12:41:43.770+0000] {dagbag.py:588} INFO - Filling up the DagBag from /home/ubuntu/airflow-venv/lib/python3.12/site-packages/airflow/example_dags/example_subdag_operator.py
[2026-02-25T12:41:43.784+0000] {processor.py:925} INFO - DAG(s) 'example_subdag_operator.section-1', 'example_subdag_operator.section-2', 'example_subdag_operator' retrieved from /home/ubuntu/airflow-venv/lib/python3.12/site-packages/airflow/example_dags/example_subdag_operator.py
[2026-02-25T12:41:43.793+0000] {logging_mixin.py:190} INFO - [2026-02-25T12:41:43.793+0000] {dag.py:3239} INFO - Sync 3 DAGs
[2026-02-25T12:41:43.804+0000] {logging_mixin.py:190} INFO - [2026-02-25T12:41:43.804+0000] {dag.py:4180} INFO - Setting next_dagrun for example_subdag_operator to 2022-01-01 00:00:00+00:00, run_after=2022-01-01 00:00:00+00:00
[2026-02-25T12:41:43.806+0000] {logging_mixin.py:190} INFO - [2026-02-25T12:41:43.806+0000] {dag.py:4180} INFO - Setting next_dagrun for example_subdag_operator.section-1 to None, run_after=None
[2026-02-25T12:41:43.807+0000] {logging_mixin.py:190} INFO - [2026-02-25T12:41:43.807+0000] {dag.py:4180} INFO - Setting next_dagrun for example_subdag_operator.section-2 to None, run_after=None
[2026-02-25T12:41:43.810+0000] {logging_mixin.py:190} INFO - [2026-02-25T12:41:43.810+0000] {dag.py:3239} INFO - Sync 2 DAGs
[2026-02-25T12:41:43.812+0000] {logging_mixin.py:190} INFO - [2026-02-25T12:41:43.812+0000] {dag.py:4180} INFO - Setting next_dagrun for example_subdag_operator.section-1 to None, run_after=None
[2026-02-25T12:41:43.812+0000] {logging_mixin.py:190} INFO - [2026-02-25T12:41:43.812+0000] {dag.py:4180} INFO - Setting next_dagrun for example_subdag_operator.section-2 to None, run_after=None
[2026-02-25T12:41:43.824+0000] {processor.py:208} INFO - Processing /home/ubuntu/airflow-venv/lib/python3.12/site-packages/airflow/example_dags/example_subdag_operator.py took 0.060 seconds
[2026-02-25T12:42:34.867+0000] {processor.py:186} INFO - Started process (PID=2701) to work on /home/ubuntu/airflow-venv/lib/python3.12/site-packages/airflow/example_dags/example_subdag_operator.py
[2026-02-25T12:42:34.868+0000] {processor.py:914} INFO - Processing file /home/ubuntu/airflow-venv/lib/python3.12/site-packages/airflow/example_dags/example_subdag_operator.py for tasks to queue
[2026-02-25T12:42:34.869+0000] {logging_mixin.py:190} INFO - [2026-02-25T12:42:34.869+0000] {dagbag.py:588} INFO - Filling up the DagBag from /home/ubuntu/airflow-venv/lib/python3.12/site-packages/airflow/example_dags/example_subdag_operator.py
[2026-02-25T12:42:34.883+0000] {processor.py:925} INFO - DAG(s) 'example_subdag_operator.section-1', 'example_subdag_operator.section-2', 'example_subdag_operator' retrieved from /home/ubuntu/airflow-venv/lib/python3.12/site-packages/airflow/example_dags/example_subdag_operator.py
[2026-02-25T12:42:34.891+0000] {logging_mixin.py:190} INFO - [2026-02-25T12:42:34.891+0000] {dag.py:3239} INFO - Sync 3 DAGs
[2026-02-25T12:42:34.902+0000] {logging_mixin.py:190} INFO - [2026-02-25T12:42:34.902+0000] {dag.py:4180} INFO - Setting next_dagrun for example_subdag_operator to 2022-01-01 00:00:00+00:00, run_after=2022-01-01 00:00:00+00:00
[2026-02-25T12:42:34.904+0000] {logging_mixin.py:190} INFO - [2026-02-25T12:42:34.904+0000] {dag.py:4180} INFO - Setting next_dagrun for example_subdag_operator.section-1 to None, run_after=None
[2026-02-25T12:42:34.905+0000] {logging_mixin.py:190} INFO - [2026-02-25T12:42:34.905+0000] {dag.py:4180} INFO - Setting next_dagrun for example_subdag_operator.section-2 to None, run_after=None
[2026-02-25T12:42:34.908+0000] {logging_mixin.py:190} INFO - [2026-02-25T12:42:34.908+0000] {dag.py:3239} INFO - Sync 2 DAGs
[2026-02-25T12:42:34.910+0000] {logging_mixin.py:190} INFO - [2026-02-25T12:42:34.910+0000] {dag.py:4180} INFO - Setting next_dagrun for example_subdag_operator.section-1 to None, run_after=None
[2026-02-25T12:42:34.910+0000] {logging_mixin.py:190} INFO - [2026-02-25T12:42:34.910+0000] {dag.py:4180} INFO - Setting next_dagrun for example_subdag_operator.section-2 to None, run_after=None
[2026-02-25T12:42:34.923+0000] {processor.py:208} INFO - Processing /home/ubuntu/airflow-venv/lib/python3.12/site-packages/airflow/example_dags/example_subdag_operator.py took 0.059 seconds
[2026-02-25T12:43:25.327+0000] {processor.py:186} INFO - Started process (PID=2761) to work on /home/ubuntu/airflow-venv/lib/python3.12/site-packages/airflow/example_dags/example_subdag_operator.py
[2026-02-25T12:43:25.329+0000] {processor.py:914} INFO - Processing file /home/ubuntu/airflow-venv/lib/python3.12/site-packages/airflow/example_dags/example_subdag_operator.py for tasks to queue
[2026-02-25T12:43:25.330+0000] {logging_mixin.py:190} INFO - [2026-02-25T12:43:25.330+0000] {dagbag.py:588} INFO - Filling up the DagBag from /home/ubuntu/airflow-venv/lib/python3.12/site-packages/airflow/example_dags/example_subdag_operator.py
[2026-02-25T12:43:25.343+0000] {processor.py:925} INFO - DAG(s) 'example_subdag_operator.section-1', 'example_subdag_operator.section-2', 'example_subdag_operator' retrieved from /home/ubuntu/airflow-venv/lib/python3.12/site-packages/airflow/example_dags/example_subdag_operator.py
[2026-02-25T12:43:25.352+0000] {logging_mixin.py:190} INFO - [2026-02-25T12:43:25.351+0000] {dag.py:3239} INFO - Sync 3 DAGs
[2026-02-25T12:43:25.363+0000] {logging_mixin.py:190} INFO - [2026-02-25T12:43:25.363+0000] {dag.py:4180} INFO - Setting next_dagrun for example_subdag_operator to 2022-01-01 00:00:00+00:00, run_after=2022-01-01 00:00:00+00:00
[2026-02-25T12:43:25.365+0000] {logging_mixin.py:190} INFO - [2026-02-25T12:43:25.365+0000] {dag.py:4180} INFO - Setting next_dagrun for example_subdag_operator.section-1 to None, run_after=None
[2026-02-25T12:43:25.365+0000] {logging_mixin.py:190} INFO - [2026-02-25T12:43:25.365+0000] {dag.py:4180} INFO - Setting next_dagrun for example_subdag_operator.section-2 to None, run_after=None
[2026-02-25T12:43:25.369+0000] {logging_mixin.py:190} INFO - [2026-02-25T12:43:25.369+0000] {dag.py:3239} INFO - Sync 2 DAGs
[2026-02-25T12:43:25.371+0000] {logging_mixin.py:190} INFO - [2026-02-25T12:43:25.371+0000] {dag.py:4180} INFO - Setting next_dagrun for example_subdag_operator.section-1 to None, run_after=None
[2026-02-25T12:43:25.371+0000] {logging_mixin.py:190} INFO - [2026-02-25T12:43:25.371+0000] {dag.py:4180} INFO - Setting next_dagrun for example_subdag_operator.section-2 to None, run_after=None
[2026-02-25T12:43:25.382+0000] {processor.py:208} INFO - Processing /home/ubuntu/airflow-venv/lib/python3.12/site-packages/airflow/example_dags/example_subdag_operator.py took 0.058 seconds
[2026-02-25T12:44:14.384+0000] {processor.py:186} INFO - Started process (PID=2816) to work on /home/ubuntu/airflow-venv/lib/python3.12/site-packages/airflow/example_dags/example_subdag_operator.py
[2026-02-25T12:44:14.385+0000] {processor.py:914} INFO - Processing file /home/ubuntu/airflow-venv/lib/python3.12/site-packages/airflow/example_dags/example_subdag_operator.py for tasks to queue
[2026-02-25T12:44:14.386+0000] {logging_mixin.py:190} INFO - [2026-02-25T12:44:14.386+0000] {dagbag.py:588} INFO - Filling up the DagBag from /home/ubuntu/airflow-venv/lib/python3.12/site-packages/airflow/example_dags/example_subdag_operator.py
[2026-02-25T12:44:14.400+0000] {processor.py:925} INFO - DAG(s) 'example_subdag_operator.section-1', 'example_subdag_operator.section-2', 'example_subdag_operator' retrieved from /home/ubuntu/airflow-venv/lib/python3.12/site-packages/airflow/example_dags/example_subdag_operator.py
[2026-02-25T12:44:14.409+0000] {logging_mixin.py:190} INFO - [2026-02-25T12:44:14.409+0000] {dag.py:3239} INFO - Sync 3 DAGs
[2026-02-25T12:44:14.420+0000] {logging_mixin.py:190} INFO - [2026-02-25T12:44:14.420+0000] {dag.py:4180} INFO - Setting next_dagrun for example_subdag_operator to 2022-01-01 00:00:00+00:00, run_after=2022-01-01 00:00:00+00:00
[2026-02-25T12:44:14.422+0000] {logging_mixin.py:190} INFO - [2026-02-25T12:44:14.422+0000] {dag.py:4180} INFO - Setting next_dagrun for example_subdag_operator.section-1 to None, run_after=None
[2026-02-25T12:44:14.422+0000] {logging_mixin.py:190} INFO - [2026-02-25T12:44:14.422+0000] {dag.py:4180} INFO - Setting next_dagrun for example_subdag_operator.section-2 to None, run_after=None
[2026-02-25T12:44:14.426+0000] {logging_mixin.py:190} INFO - [2026-02-25T12:44:14.425+0000] {dag.py:3239} INFO - Sync 2 DAGs
[2026-02-25T12:44:14.428+0000] {logging_mixin.py:190} INFO - [2026-02-25T12:44:14.428+0000] {dag.py:4180} INFO - Setting next_dagrun for example_subdag_operator.section-1 to None, run_after=None
[2026-02-25T12:44:14.428+0000] {logging_mixin.py:190} INFO - [2026-02-25T12:44:14.428+0000] {dag.py:4180} INFO - Setting next_dagrun for example_subdag_operator.section-2 to None, run_after=None
[2026-02-25T12:44:14.440+0000] {processor.py:208} INFO - Processing /home/ubuntu/airflow-venv/lib/python3.12/site-packages/airflow/example_dags/example_subdag_operator.py took 0.060 seconds
[2026-02-25T12:45:06.316+0000] {processor.py:186} INFO - Started process (PID=2872) to work on /home/ubuntu/airflow-venv/lib/python3.12/site-packages/airflow/example_dags/example_subdag_operator.py
[2026-02-25T12:45:06.317+0000] {processor.py:914} INFO - Processing file /home/ubuntu/airflow-venv/lib/python3.12/site-packages/airflow/example_dags/example_subdag_operator.py for tasks to queue
[2026-02-25T12:45:06.319+0000] {logging_mixin.py:190} INFO - [2026-02-25T12:45:06.318+0000] {dagbag.py:588} INFO - Filling up the DagBag from /home/ubuntu/airflow-venv/lib/python3.12/site-packages/airflow/example_dags/example_subdag_operator.py
[2026-02-25T12:45:06.332+0000] {processor.py:925} INFO - DAG(s) 'example_subdag_operator.section-1', 'example_subdag_operator.section-2', 'example_subdag_operator' retrieved from /home/ubuntu/airflow-venv/lib/python3.12/site-packages/airflow/example_dags/example_subdag_operator.py
[2026-02-25T12:45:06.340+0000] {logging_mixin.py:190} INFO - [2026-02-25T12:45:06.340+0000] {dag.py:3239} INFO - Sync 3 DAGs
[2026-02-25T12:45:06.423+0000] {logging_mixin.py:190} INFO - [2026-02-25T12:45:06.423+0000] {dag.py:4180} INFO - Setting next_dagrun for example_subdag_operator to 2022-01-01 00:00:00+00:00, run_after=2022-01-01 00:00:00+00:00
[2026-02-25T12:45:06.425+0000] {logging_mixin.py:190} INFO - [2026-02-25T12:45:06.425+0000] {dag.py:4180} INFO - Setting next_dagrun for example_subdag_operator.section-1 to None, run_after=None
[2026-02-25T12:45:06.426+0000] {logging_mixin.py:190} INFO - [2026-02-25T12:45:06.426+0000] {dag.py:4180} INFO - Setting next_dagrun for example_subdag_operator.section-2 to None, run_after=None
[2026-02-25T12:45:06.429+0000] {logging_mixin.py:190} INFO - [2026-02-25T12:45:06.428+0000] {dag.py:3239} INFO - Sync 2 DAGs
[2026-02-25T12:45:06.431+0000] {logging_mixin.py:190} INFO - [2026-02-25T12:45:06.431+0000] {dag.py:4180} INFO - Setting next_dagrun for example_subdag_operator.section-1 to None, run_after=None
[2026-02-25T12:45:06.431+0000] {logging_mixin.py:190} INFO - [2026-02-25T12:45:06.431+0000] {dag.py:4180} INFO - Setting next_dagrun for example_subdag_operator.section-2 to None, run_after=None
[2026-02-25T12:45:06.442+0000] {processor.py:208} INFO - Processing /home/ubuntu/airflow-venv/lib/python3.12/site-packages/airflow/example_dags/example_subdag_operator.py took 0.129 seconds
[2026-02-25T12:45:59.866+0000] {processor.py:186} INFO - Started process (PID=2925) to work on /home/ubuntu/airflow-venv/lib/python3.12/site-packages/airflow/example_dags/example_subdag_operator.py
[2026-02-25T12:45:59.867+0000] {processor.py:914} INFO - Processing file /home/ubuntu/airflow-venv/lib/python3.12/site-packages/airflow/example_dags/example_subdag_operator.py for tasks to queue
[2026-02-25T12:45:59.868+0000] {logging_mixin.py:190} INFO - [2026-02-25T12:45:59.868+0000] {dagbag.py:588} INFO - Filling up the DagBag from /home/ubuntu/airflow-venv/lib/python3.12/site-packages/airflow/example_dags/example_subdag_operator.py
[2026-02-25T12:45:59.882+0000] {processor.py:925} INFO - DAG(s) 'example_subdag_operator.section-1', 'example_subdag_operator.section-2', 'example_subdag_operator' retrieved from /home/ubuntu/airflow-venv/lib/python3.12/site-packages/airflow/example_dags/example_subdag_operator.py
[2026-02-25T12:45:59.891+0000] {logging_mixin.py:190} INFO - [2026-02-25T12:45:59.890+0000] {dag.py:3239} INFO - Sync 3 DAGs
[2026-02-25T12:45:59.903+0000] {logging_mixin.py:190} INFO - [2026-02-25T12:45:59.903+0000] {dag.py:4180} INFO - Setting next_dagrun for example_subdag_operator to 2022-01-01 00:00:00+00:00, run_after=2022-01-01 00:00:00+00:00
[2026-02-25T12:45:59.905+0000] {logging_mixin.py:190} INFO - [2026-02-25T12:45:59.905+0000] {dag.py:4180} INFO - Setting next_dagrun for example_subdag_operator.section-1 to None, run_after=None
[2026-02-25T12:45:59.905+0000] {logging_mixin.py:190} INFO - [2026-02-25T12:45:59.905+0000] {dag.py:4180} INFO - Setting next_dagrun for example_subdag_operator.section-2 to None, run_after=None
[2026-02-25T12:45:59.909+0000] {logging_mixin.py:190} INFO - [2026-02-25T12:45:59.909+0000] {dag.py:3239} INFO - Sync 2 DAGs
[2026-02-25T12:45:59.911+0000] {logging_mixin.py:190} INFO - [2026-02-25T12:45:59.911+0000] {dag.py:4180} INFO - Setting next_dagrun for example_subdag_operator.section-1 to None, run_after=None
[2026-02-25T12:45:59.911+0000] {logging_mixin.py:190} INFO - [2026-02-25T12:45:59.911+0000] {dag.py:4180} INFO - Setting next_dagrun for example_subdag_operator.section-2 to None, run_after=None
[2026-02-25T12:45:59.923+0000] {processor.py:208} INFO - Processing /home/ubuntu/airflow-venv/lib/python3.12/site-packages/airflow/example_dags/example_subdag_operator.py took 0.061 seconds
[2026-02-25T12:46:50.340+0000] {processor.py:186} INFO - Started process (PID=2979) to work on /home/ubuntu/airflow-venv/lib/python3.12/site-packages/airflow/example_dags/example_subdag_operator.py
[2026-02-25T12:46:50.341+0000] {processor.py:914} INFO - Processing file /home/ubuntu/airflow-venv/lib/python3.12/site-packages/airflow/example_dags/example_subdag_operator.py for tasks to queue
[2026-02-25T12:46:50.342+0000] {logging_mixin.py:190} INFO - [2026-02-25T12:46:50.342+0000] {dagbag.py:588} INFO - Filling up the DagBag from /home/ubuntu/airflow-venv/lib/python3.12/site-packages/airflow/example_dags/example_subdag_operator.py
[2026-02-25T12:46:50.356+0000] {processor.py:925} INFO - DAG(s) 'example_subdag_operator.section-1', 'example_subdag_operator.section-2', 'example_subdag_operator' retrieved from /home/ubuntu/airflow-venv/lib/python3.12/site-packages/airflow/example_dags/example_subdag_operator.py
[2026-02-25T12:46:50.365+0000] {logging_mixin.py:190} INFO - [2026-02-25T12:46:50.365+0000] {dag.py:3239} INFO - Sync 3 DAGs
[2026-02-25T12:46:50.377+0000] {logging_mixin.py:190} INFO - [2026-02-25T12:46:50.377+0000] {dag.py:4180} INFO - Setting next_dagrun for example_subdag_operator to 2022-01-01 00:00:00+00:00, run_after=2022-01-01 00:00:00+00:00
[2026-02-25T12:46:50.379+0000] {logging_mixin.py:190} INFO - [2026-02-25T12:46:50.379+0000] {dag.py:4180} INFO - Setting next_dagrun for example_subdag_operator.section-1 to None, run_after=None
[2026-02-25T12:46:50.379+0000] {logging_mixin.py:190} INFO - [2026-02-25T12:46:50.379+0000] {dag.py:4180} INFO - Setting next_dagrun for example_subdag_operator.section-2 to None, run_after=None
[2026-02-25T12:46:50.383+0000] {logging_mixin.py:190} INFO - [2026-02-25T12:46:50.383+0000] {dag.py:3239} INFO - Sync 2 DAGs
[2026-02-25T12:46:50.385+0000] {logging_mixin.py:190} INFO - [2026-02-25T12:46:50.385+0000] {dag.py:4180} INFO - Setting next_dagrun for example_subdag_operator.section-1 to None, run_after=None
[2026-02-25T12:46:50.385+0000] {logging_mixin.py:190} INFO - [2026-02-25T12:46:50.385+0000] {dag.py:4180} INFO - Setting next_dagrun for example_subdag_operator.section-2 to None, run_after=None
[2026-02-25T12:46:50.397+0000] {processor.py:208} INFO - Processing /home/ubuntu/airflow-venv/lib/python3.12/site-packages/airflow/example_dags/example_subdag_operator.py took 0.061 seconds
[2026-02-25T12:47:38.043+0000] {processor.py:186} INFO - Started process (PID=3029) to work on /home/ubuntu/airflow-venv/lib/python3.12/site-packages/airflow/example_dags/example_subdag_operator.py
[2026-02-25T12:47:38.044+0000] {processor.py:914} INFO - Processing file /home/ubuntu/airflow-venv/lib/python3.12/site-packages/airflow/example_dags/example_subdag_operator.py for tasks to queue
[2026-02-25T12:47:38.046+0000] {logging_mixin.py:190} INFO - [2026-02-25T12:47:38.045+0000] {dagbag.py:588} INFO - Filling up the DagBag from /home/ubuntu/airflow-venv/lib/python3.12/site-packages/airflow/example_dags/example_subdag_operator.py
[2026-02-25T12:47:38.059+0000] {processor.py:925} INFO - DAG(s) 'example_subdag_operator.section-1', 'example_subdag_operator.section-2', 'example_subdag_operator' retrieved from /home/ubuntu/airflow-venv/lib/python3.12/site-packages/airflow/example_dags/example_subdag_operator.py
[2026-02-25T12:47:38.068+0000] {logging_mixin.py:190} INFO - [2026-02-25T12:47:38.067+0000] {dag.py:3239} INFO - Sync 3 DAGs
[2026-02-25T12:47:38.080+0000] {logging_mixin.py:190} INFO - [2026-02-25T12:47:38.079+0000] {dag.py:4180} INFO - Setting next_dagrun for example_subdag_operator to 2022-01-01 00:00:00+00:00, run_after=2022-01-01 00:00:00+00:00
[2026-02-25T12:47:38.082+0000] {logging_mixin.py:190} INFO - [2026-02-25T12:47:38.081+0000] {dag.py:4180} INFO - Setting next_dagrun for example_subdag_operator.section-1 to None, run_after=None
[2026-02-25T12:47:38.082+0000] {logging_mixin.py:190} INFO - [2026-02-25T12:47:38.082+0000] {dag.py:4180} INFO - Setting next_dagrun for example_subdag_operator.section-2 to None, run_after=None
[2026-02-25T12:47:38.085+0000] {logging_mixin.py:190} INFO - [2026-02-25T12:47:38.085+0000] {dag.py:3239} INFO - Sync 2 DAGs
[2026-02-25T12:47:38.087+0000] {logging_mixin.py:190} INFO - [2026-02-25T12:47:38.087+0000] {dag.py:4180} INFO - Setting next_dagrun for example_subdag_operator.section-1 to None, run_after=None
[2026-02-25T12:47:38.088+0000] {logging_mixin.py:190} INFO - [2026-02-25T12:47:38.088+0000] {dag.py:4180} INFO - Setting next_dagrun for example_subdag_operator.section-2 to None, run_after=None
[2026-02-25T12:47:38.100+0000] {processor.py:208} INFO - Processing /home/ubuntu/airflow-venv/lib/python3.12/site-packages/airflow/example_dags/example_subdag_operator.py took 0.060 seconds
[2026-02-25T12:48:27.398+0000] {processor.py:186} INFO - Started process (PID=3083) to work on /home/ubuntu/airflow-venv/lib/python3.12/site-packages/airflow/example_dags/example_subdag_operator.py
[2026-02-25T12:48:27.399+0000] {processor.py:914} INFO - Processing file /home/ubuntu/airflow-venv/lib/python3.12/site-packages/airflow/example_dags/example_subdag_operator.py for tasks to queue
[2026-02-25T12:48:27.400+0000] {logging_mixin.py:190} INFO - [2026-02-25T12:48:27.400+0000] {dagbag.py:588} INFO - Filling up the DagBag from /home/ubuntu/airflow-venv/lib/python3.12/site-packages/airflow/example_dags/example_subdag_operator.py
[2026-02-25T12:48:27.414+0000] {processor.py:925} INFO - DAG(s) 'example_subdag_operator.section-1', 'example_subdag_operator.section-2', 'example_subdag_operator' retrieved from /home/ubuntu/airflow-venv/lib/python3.12/site-packages/airflow/example_dags/example_subdag_operator.py
[2026-02-25T12:48:27.423+0000] {logging_mixin.py:190} INFO - [2026-02-25T12:48:27.423+0000] {dag.py:3239} INFO - Sync 3 DAGs
[2026-02-25T12:48:27.435+0000] {logging_mixin.py:190} INFO - [2026-02-25T12:48:27.435+0000] {dag.py:4180} INFO - Setting next_dagrun for example_subdag_operator to 2022-01-01 00:00:00+00:00, run_after=2022-01-01 00:00:00+00:00
[2026-02-25T12:48:27.437+0000] {logging_mixin.py:190} INFO - [2026-02-25T12:48:27.437+0000] {dag.py:4180} INFO - Setting next_dagrun for example_subdag_operator.section-1 to None, run_after=None
[2026-02-25T12:48:27.438+0000] {logging_mixin.py:190} INFO - [2026-02-25T12:48:27.438+0000] {dag.py:4180} INFO - Setting next_dagrun for example_subdag_operator.section-2 to None, run_after=None
[2026-02-25T12:48:27.441+0000] {logging_mixin.py:190} INFO - [2026-02-25T12:48:27.441+0000] {dag.py:3239} INFO - Sync 2 DAGs
[2026-02-25T12:48:27.444+0000] {logging_mixin.py:190} INFO - [2026-02-25T12:48:27.444+0000] {dag.py:4180} INFO - Setting next_dagrun for example_subdag_operator.section-1 to None, run_after=None
[2026-02-25T12:48:27.445+0000] {logging_mixin.py:190} INFO - [2026-02-25T12:48:27.445+0000] {dag.py:4180} INFO - Setting next_dagrun for example_subdag_operator.section-2 to None, run_after=None
[2026-02-25T12:48:27.456+0000] {processor.py:208} INFO - Processing /home/ubuntu/airflow-venv/lib/python3.12/site-packages/airflow/example_dags/example_subdag_operator.py took 0.062 seconds
[2026-02-25T12:49:16.816+0000] {processor.py:186} INFO - Started process (PID=3136) to work on /home/ubuntu/airflow-venv/lib/python3.12/site-packages/airflow/example_dags/example_subdag_operator.py
[2026-02-25T12:49:16.817+0000] {processor.py:914} INFO - Processing file /home/ubuntu/airflow-venv/lib/python3.12/site-packages/airflow/example_dags/example_subdag_operator.py for tasks to queue
[2026-02-25T12:49:16.819+0000] {logging_mixin.py:190} INFO - [2026-02-25T12:49:16.818+0000] {dagbag.py:588} INFO - Filling up the DagBag from /home/ubuntu/airflow-venv/lib/python3.12/site-packages/airflow/example_dags/example_subdag_operator.py
[2026-02-25T12:49:16.834+0000] {processor.py:925} INFO - DAG(s) 'example_subdag_operator.section-1', 'example_subdag_operator.section-2', 'example_subdag_operator' retrieved from /home/ubuntu/airflow-venv/lib/python3.12/site-packages/airflow/example_dags/example_subdag_operator.py
[2026-02-25T12:49:16.842+0000] {logging_mixin.py:190} INFO - [2026-02-25T12:49:16.842+0000] {dag.py:3239} INFO - Sync 3 DAGs
[2026-02-25T12:49:16.854+0000] {logging_mixin.py:190} INFO - [2026-02-25T12:49:16.854+0000] {dag.py:4180} INFO - Setting next_dagrun for example_subdag_operator to 2022-01-01 00:00:00+00:00, run_after=2022-01-01 00:00:00+00:00
[2026-02-25T12:49:16.856+0000] {logging_mixin.py:190} INFO - [2026-02-25T12:49:16.855+0000] {dag.py:4180} INFO - Setting next_dagrun for example_subdag_operator.section-1 to None, run_after=None
[2026-02-25T12:49:16.856+0000] {logging_mixin.py:190} INFO - [2026-02-25T12:49:16.856+0000] {dag.py:4180} INFO - Setting next_dagrun for example_subdag_operator.section-2 to None, run_after=None
[2026-02-25T12:49:16.859+0000] {logging_mixin.py:190} INFO - [2026-02-25T12:49:16.859+0000] {dag.py:3239} INFO - Sync 2 DAGs
[2026-02-25T12:49:16.862+0000] {logging_mixin.py:190} INFO - [2026-02-25T12:49:16.862+0000] {dag.py:4180} INFO - Setting next_dagrun for example_subdag_operator.section-1 to None, run_after=None
[2026-02-25T12:49:16.862+0000] {logging_mixin.py:190} INFO - [2026-02-25T12:49:16.862+0000] {dag.py:4180} INFO - Setting next_dagrun for example_subdag_operator.section-2 to None, run_after=None
[2026-02-25T12:49:16.873+0000] {processor.py:208} INFO - Processing /home/ubuntu/airflow-venv/lib/python3.12/site-packages/airflow/example_dags/example_subdag_operator.py took 0.060 seconds
[2026-02-25T12:50:06.300+0000] {processor.py:186} INFO - Started process (PID=3188) to work on /home/ubuntu/airflow-venv/lib/python3.12/site-packages/airflow/example_dags/example_subdag_operator.py
[2026-02-25T12:50:06.301+0000] {processor.py:914} INFO - Processing file /home/ubuntu/airflow-venv/lib/python3.12/site-packages/airflow/example_dags/example_subdag_operator.py for tasks to queue
[2026-02-25T12:50:06.302+0000] {logging_mixin.py:190} INFO - [2026-02-25T12:50:06.302+0000] {dagbag.py:588} INFO - Filling up the DagBag from /home/ubuntu/airflow-venv/lib/python3.12/site-packages/airflow/example_dags/example_subdag_operator.py
[2026-02-25T12:50:06.316+0000] {processor.py:925} INFO - DAG(s) 'example_subdag_operator.section-1', 'example_subdag_operator.section-2', 'example_subdag_operator' retrieved from /home/ubuntu/airflow-venv/lib/python3.12/site-packages/airflow/example_dags/example_subdag_operator.py
[2026-02-25T12:50:06.324+0000] {logging_mixin.py:190} INFO - [2026-02-25T12:50:06.324+0000] {dag.py:3239} INFO - Sync 3 DAGs
[2026-02-25T12:50:06.336+0000] {logging_mixin.py:190} INFO - [2026-02-25T12:50:06.336+0000] {dag.py:4180} INFO - Setting next_dagrun for example_subdag_operator to 2022-01-01 00:00:00+00:00, run_after=2022-01-01 00:00:00+00:00
[2026-02-25T12:50:06.338+0000] {logging_mixin.py:190} INFO - [2026-02-25T12:50:06.338+0000] {dag.py:4180} INFO - Setting next_dagrun for example_subdag_operator.section-1 to None, run_after=None
[2026-02-25T12:50:06.339+0000] {logging_mixin.py:190} INFO - [2026-02-25T12:50:06.339+0000] {dag.py:4180} INFO - Setting next_dagrun for example_subdag_operator.section-2 to None, run_after=None
[2026-02-25T12:50:06.342+0000] {logging_mixin.py:190} INFO - [2026-02-25T12:50:06.342+0000] {dag.py:3239} INFO - Sync 2 DAGs
[2026-02-25T12:50:06.344+0000] {logging_mixin.py:190} INFO - [2026-02-25T12:50:06.344+0000] {dag.py:4180} INFO - Setting next_dagrun for example_subdag_operator.section-1 to None, run_after=None
[2026-02-25T12:50:06.345+0000] {logging_mixin.py:190} INFO - [2026-02-25T12:50:06.345+0000] {dag.py:4180} INFO - Setting next_dagrun for example_subdag_operator.section-2 to None, run_after=None
[2026-02-25T12:50:06.356+0000] {processor.py:208} INFO - Processing /home/ubuntu/airflow-venv/lib/python3.12/site-packages/airflow/example_dags/example_subdag_operator.py took 0.060 seconds
[2026-02-25T12:50:56.694+0000] {processor.py:186} INFO - Started process (PID=3243) to work on /home/ubuntu/airflow-venv/lib/python3.12/site-packages/airflow/example_dags/example_subdag_operator.py
[2026-02-25T12:50:56.695+0000] {processor.py:914} INFO - Processing file /home/ubuntu/airflow-venv/lib/python3.12/site-packages/airflow/example_dags/example_subdag_operator.py for tasks to queue
[2026-02-25T12:50:56.696+0000] {logging_mixin.py:190} INFO - [2026-02-25T12:50:56.696+0000] {dagbag.py:588} INFO - Filling up the DagBag from /home/ubuntu/airflow-venv/lib/python3.12/site-packages/airflow/example_dags/example_subdag_operator.py
[2026-02-25T12:50:56.710+0000] {processor.py:925} INFO - DAG(s) 'example_subdag_operator.section-1', 'example_subdag_operator.section-2', 'example_subdag_operator' retrieved from /home/ubuntu/airflow-venv/lib/python3.12/site-packages/airflow/example_dags/example_subdag_operator.py
[2026-02-25T12:50:56.718+0000] {logging_mixin.py:190} INFO - [2026-02-25T12:50:56.718+0000] {dag.py:3239} INFO - Sync 3 DAGs
[2026-02-25T12:50:56.730+0000] {logging_mixin.py:190} INFO - [2026-02-25T12:50:56.729+0000] {dag.py:4180} INFO - Setting next_dagrun for example_subdag_operator to 2022-01-01 00:00:00+00:00, run_after=2022-01-01 00:00:00+00:00
[2026-02-25T12:50:56.731+0000] {logging_mixin.py:190} INFO - [2026-02-25T12:50:56.731+0000] {dag.py:4180} INFO - Setting next_dagrun for example_subdag_operator.section-1 to None, run_after=None
[2026-02-25T12:50:56.732+0000] {logging_mixin.py:190} INFO - [2026-02-25T12:50:56.732+0000] {dag.py:4180} INFO - Setting next_dagrun for example_subdag_operator.section-2 to None, run_after=None
[2026-02-25T12:50:56.735+0000] {logging_mixin.py:190} INFO - [2026-02-25T12:50:56.735+0000] {dag.py:3239} INFO - Sync 2 DAGs
[2026-02-25T12:50:56.737+0000] {logging_mixin.py:190} INFO - [2026-02-25T12:50:56.737+0000] {dag.py:4180} INFO - Setting next_dagrun for example_subdag_operator.section-1 to None, run_after=None
[2026-02-25T12:50:56.738+0000] {logging_mixin.py:190} INFO - [2026-02-25T12:50:56.738+0000] {dag.py:4180} INFO - Setting next_dagrun for example_subdag_operator.section-2 to None, run_after=None
[2026-02-25T12:50:56.749+0000] {processor.py:208} INFO - Processing /home/ubuntu/airflow-venv/lib/python3.12/site-packages/airflow/example_dags/example_subdag_operator.py took 0.059 seconds
[2026-02-25T12:51:44.494+0000] {processor.py:186} INFO - Started process (PID=3296) to work on /home/ubuntu/airflow-venv/lib/python3.12/site-packages/airflow/example_dags/example_subdag_operator.py
[2026-02-25T12:51:44.495+0000] {processor.py:914} INFO - Processing file /home/ubuntu/airflow-venv/lib/python3.12/site-packages/airflow/example_dags/example_subdag_operator.py for tasks to queue
[2026-02-25T12:51:44.496+0000] {logging_mixin.py:190} INFO - [2026-02-25T12:51:44.496+0000] {dagbag.py:588} INFO - Filling up the DagBag from /home/ubuntu/airflow-venv/lib/python3.12/site-packages/airflow/example_dags/example_subdag_operator.py
[2026-02-25T12:51:44.510+0000] {processor.py:925} INFO - DAG(s) 'example_subdag_operator.section-1', 'example_subdag_operator.section-2', 'example_subdag_operator' retrieved from /home/ubuntu/airflow-venv/lib/python3.12/site-packages/airflow/example_dags/example_subdag_operator.py
[2026-02-25T12:51:44.518+0000] {logging_mixin.py:190} INFO - [2026-02-25T12:51:44.518+0000] {dag.py:3239} INFO - Sync 3 DAGs
[2026-02-25T12:51:44.530+0000] {logging_mixin.py:190} INFO - [2026-02-25T12:51:44.530+0000] {dag.py:4180} INFO - Setting next_dagrun for example_subdag_operator to 2022-01-01 00:00:00+00:00, run_after=2022-01-01 00:00:00+00:00
[2026-02-25T12:51:44.532+0000] {logging_mixin.py:190} INFO - [2026-02-25T12:51:44.532+0000] {dag.py:4180} INFO - Setting next_dagrun for example_subdag_operator.section-1 to None, run_after=None
[2026-02-25T12:51:44.532+0000] {logging_mixin.py:190} INFO - [2026-02-25T12:51:44.532+0000] {dag.py:4180} INFO - Setting next_dagrun for example_subdag_operator.section-2 to None, run_after=None
[2026-02-25T12:51:44.536+0000] {logging_mixin.py:190} INFO - [2026-02-25T12:51:44.536+0000] {dag.py:3239} INFO - Sync 2 DAGs
[2026-02-25T12:51:44.538+0000] {logging_mixin.py:190} INFO - [2026-02-25T12:51:44.538+0000] {dag.py:4180} INFO - Setting next_dagrun for example_subdag_operator.section-1 to None, run_after=None
[2026-02-25T12:51:44.538+0000] {logging_mixin.py:190} INFO - [2026-02-25T12:51:44.538+0000] {dag.py:4180} INFO - Setting next_dagrun for example_subdag_operator.section-2 to None, run_after=None
[2026-02-25T12:51:44.550+0000] {processor.py:208} INFO - Processing /home/ubuntu/airflow-venv/lib/python3.12/site-packages/airflow/example_dags/example_subdag_operator.py took 0.059 seconds
[2026-02-25T12:52:33.266+0000] {processor.py:186} INFO - Started process (PID=3354) to work on /home/ubuntu/airflow-venv/lib/python3.12/site-packages/airflow/example_dags/example_subdag_operator.py
[2026-02-25T12:52:33.268+0000] {processor.py:914} INFO - Processing file /home/ubuntu/airflow-venv/lib/python3.12/site-packages/airflow/example_dags/example_subdag_operator.py for tasks to queue
[2026-02-25T12:52:33.269+0000] {logging_mixin.py:190} INFO - [2026-02-25T12:52:33.269+0000] {dagbag.py:588} INFO - Filling up the DagBag from /home/ubuntu/airflow-venv/lib/python3.12/site-packages/airflow/example_dags/example_subdag_operator.py
[2026-02-25T12:52:33.283+0000] {processor.py:925} INFO - DAG(s) 'example_subdag_operator.section-1', 'example_subdag_operator.section-2', 'example_subdag_operator' retrieved from /home/ubuntu/airflow-venv/lib/python3.12/site-packages/airflow/example_dags/example_subdag_operator.py
[2026-02-25T12:52:33.291+0000] {logging_mixin.py:190} INFO - [2026-02-25T12:52:33.291+0000] {dag.py:3239} INFO - Sync 3 DAGs
[2026-02-25T12:52:33.303+0000] {logging_mixin.py:190} INFO - [2026-02-25T12:52:33.303+0000] {dag.py:4180} INFO - Setting next_dagrun for example_subdag_operator to 2022-01-01 00:00:00+00:00, run_after=2022-01-01 00:00:00+00:00
[2026-02-25T12:52:33.305+0000] {logging_mixin.py:190} INFO - [2026-02-25T12:52:33.305+0000] {dag.py:4180} INFO - Setting next_dagrun for example_subdag_operator.section-1 to None, run_after=None
[2026-02-25T12:52:33.305+0000] {logging_mixin.py:190} INFO - [2026-02-25T12:52:33.305+0000] {dag.py:4180} INFO - Setting next_dagrun for example_subdag_operator.section-2 to None, run_after=None
[2026-02-25T12:52:33.309+0000] {logging_mixin.py:190} INFO - [2026-02-25T12:52:33.308+0000] {dag.py:3239} INFO - Sync 2 DAGs
[2026-02-25T12:52:33.312+0000] {logging_mixin.py:190} INFO - [2026-02-25T12:52:33.311+0000] {dag.py:4180} INFO - Setting next_dagrun for example_subdag_operator.section-1 to None, run_after=None
[2026-02-25T12:52:33.312+0000] {logging_mixin.py:190} INFO - [2026-02-25T12:52:33.312+0000] {dag.py:4180} INFO - Setting next_dagrun for example_subdag_operator.section-2 to None, run_after=None
[2026-02-25T12:52:33.323+0000] {processor.py:208} INFO - Processing /home/ubuntu/airflow-venv/lib/python3.12/site-packages/airflow/example_dags/example_subdag_operator.py took 0.061 seconds
[2026-02-25T12:53:23.319+0000] {processor.py:186} INFO - Started process (PID=3410) to work on /home/ubuntu/airflow-venv/lib/python3.12/site-packages/airflow/example_dags/example_subdag_operator.py
[2026-02-25T12:53:23.320+0000] {processor.py:914} INFO - Processing file /home/ubuntu/airflow-venv/lib/python3.12/site-packages/airflow/example_dags/example_subdag_operator.py for tasks to queue
[2026-02-25T12:53:23.322+0000] {logging_mixin.py:190} INFO - [2026-02-25T12:53:23.321+0000] {dagbag.py:588} INFO - Filling up the DagBag from /home/ubuntu/airflow-venv/lib/python3.12/site-packages/airflow/example_dags/example_subdag_operator.py
[2026-02-25T12:53:23.335+0000] {processor.py:925} INFO - DAG(s) 'example_subdag_operator.section-1', 'example_subdag_operator.section-2', 'example_subdag_operator' retrieved from /home/ubuntu/airflow-venv/lib/python3.12/site-packages/airflow/example_dags/example_subdag_operator.py
[2026-02-25T12:53:23.344+0000] {logging_mixin.py:190} INFO - [2026-02-25T12:53:23.344+0000] {dag.py:3239} INFO - Sync 3 DAGs
[2026-02-25T12:53:23.356+0000] {logging_mixin.py:190} INFO - [2026-02-25T12:53:23.356+0000] {dag.py:4180} INFO - Setting next_dagrun for example_subdag_operator to 2022-01-01 00:00:00+00:00, run_after=2022-01-01 00:00:00+00:00
[2026-02-25T12:53:23.358+0000] {logging_mixin.py:190} INFO - [2026-02-25T12:53:23.357+0000] {dag.py:4180} INFO - Setting next_dagrun for example_subdag_operator.section-1 to None, run_after=None
[2026-02-25T12:53:23.358+0000] {logging_mixin.py:190} INFO - [2026-02-25T12:53:23.358+0000] {dag.py:4180} INFO - Setting next_dagrun for example_subdag_operator.section-2 to None, run_after=None
[2026-02-25T12:53:23.361+0000] {logging_mixin.py:190} INFO - [2026-02-25T12:53:23.361+0000] {dag.py:3239} INFO - Sync 2 DAGs
[2026-02-25T12:53:23.364+0000] {logging_mixin.py:190} INFO - [2026-02-25T12:53:23.364+0000] {dag.py:4180} INFO - Setting next_dagrun for example_subdag_operator.section-1 to None, run_after=None
[2026-02-25T12:53:23.364+0000] {logging_mixin.py:190} INFO - [2026-02-25T12:53:23.364+0000] {dag.py:4180} INFO - Setting next_dagrun for example_subdag_operator.section-2 to None, run_after=None
[2026-02-25T12:53:23.376+0000] {processor.py:208} INFO - Processing /home/ubuntu/airflow-venv/lib/python3.12/site-packages/airflow/example_dags/example_subdag_operator.py took 0.060 seconds
[2026-02-25T12:54:10.981+0000] {processor.py:186} INFO - Started process (PID=3461) to work on /home/ubuntu/airflow-venv/lib/python3.12/site-packages/airflow/example_dags/example_subdag_operator.py
[2026-02-25T12:54:10.982+0000] {processor.py:914} INFO - Processing file /home/ubuntu/airflow-venv/lib/python3.12/site-packages/airflow/example_dags/example_subdag_operator.py for tasks to queue
[2026-02-25T12:54:10.983+0000] {logging_mixin.py:190} INFO - [2026-02-25T12:54:10.983+0000] {dagbag.py:588} INFO - Filling up the DagBag from /home/ubuntu/airflow-venv/lib/python3.12/site-packages/airflow/example_dags/example_subdag_operator.py
[2026-02-25T12:54:10.997+0000] {processor.py:925} INFO - DAG(s) 'example_subdag_operator.section-1', 'example_subdag_operator.section-2', 'example_subdag_operator' retrieved from /home/ubuntu/airflow-venv/lib/python3.12/site-packages/airflow/example_dags/example_subdag_operator.py
[2026-02-25T12:54:11.005+0000] {logging_mixin.py:190} INFO - [2026-02-25T12:54:11.005+0000] {dag.py:3239} INFO - Sync 3 DAGs
[2026-02-25T12:54:11.017+0000] {logging_mixin.py:190} INFO - [2026-02-25T12:54:11.017+0000] {dag.py:4180} INFO - Setting next_dagrun for example_subdag_operator to 2022-01-01 00:00:00+00:00, run_after=2022-01-01 00:00:00+00:00
[2026-02-25T12:54:11.019+0000] {logging_mixin.py:190} INFO - [2026-02-25T12:54:11.019+0000] {dag.py:4180} INFO - Setting next_dagrun for example_subdag_operator.section-1 to None, run_after=None
[2026-02-25T12:54:11.020+0000] {logging_mixin.py:190} INFO - [2026-02-25T12:54:11.020+0000] {dag.py:4180} INFO - Setting next_dagrun for example_subdag_operator.section-2 to None, run_after=None
[2026-02-25T12:54:11.023+0000] {logging_mixin.py:190} INFO - [2026-02-25T12:54:11.023+0000] {dag.py:3239} INFO - Sync 2 DAGs
[2026-02-25T12:54:11.025+0000] {logging_mixin.py:190} INFO - [2026-02-25T12:54:11.025+0000] {dag.py:4180} INFO - Setting next_dagrun for example_subdag_operator.section-1 to None, run_after=None
[2026-02-25T12:54:11.025+0000] {logging_mixin.py:190} INFO - [2026-02-25T12:54:11.025+0000] {dag.py:4180} INFO - Setting next_dagrun for example_subdag_operator.section-2 to None, run_after=None
[2026-02-25T12:54:11.037+0000] {processor.py:208} INFO - Processing /home/ubuntu/airflow-venv/lib/python3.12/site-packages/airflow/example_dags/example_subdag_operator.py took 0.060 seconds
[2026-02-25T12:55:00.897+0000] {processor.py:186} INFO - Started process (PID=3513) to work on /home/ubuntu/airflow-venv/lib/python3.12/site-packages/airflow/example_dags/example_subdag_operator.py
[2026-02-25T12:55:00.899+0000] {processor.py:914} INFO - Processing file /home/ubuntu/airflow-venv/lib/python3.12/site-packages/airflow/example_dags/example_subdag_operator.py for tasks to queue
[2026-02-25T12:55:00.900+0000] {logging_mixin.py:190} INFO - [2026-02-25T12:55:00.900+0000] {dagbag.py:588} INFO - Filling up the DagBag from /home/ubuntu/airflow-venv/lib/python3.12/site-packages/airflow/example_dags/example_subdag_operator.py
[2026-02-25T12:55:00.914+0000] {processor.py:925} INFO - DAG(s) 'example_subdag_operator.section-1', 'example_subdag_operator.section-2', 'example_subdag_operator' retrieved from /home/ubuntu/airflow-venv/lib/python3.12/site-packages/airflow/example_dags/example_subdag_operator.py
[2026-02-25T12:55:00.922+0000] {logging_mixin.py:190} INFO - [2026-02-25T12:55:00.922+0000] {dag.py:3239} INFO - Sync 3 DAGs
[2026-02-25T12:55:00.934+0000] {logging_mixin.py:190} INFO - [2026-02-25T12:55:00.934+0000] {dag.py:4180} INFO - Setting next_dagrun for example_subdag_operator to 2022-01-01 00:00:00+00:00, run_after=2022-01-01 00:00:00+00:00
[2026-02-25T12:55:00.936+0000] {logging_mixin.py:190} INFO - [2026-02-25T12:55:00.935+0000] {dag.py:4180} INFO - Setting next_dagrun for example_subdag_operator.section-1 to None, run_after=None
[2026-02-25T12:55:00.936+0000] {logging_mixin.py:190} INFO - [2026-02-25T12:55:00.936+0000] {dag.py:4180} INFO - Setting next_dagrun for example_subdag_operator.section-2 to None, run_after=None
[2026-02-25T12:55:00.939+0000] {logging_mixin.py:190} INFO - [2026-02-25T12:55:00.939+0000] {dag.py:3239} INFO - Sync 2 DAGs
[2026-02-25T12:55:00.942+0000] {logging_mixin.py:190} INFO - [2026-02-25T12:55:00.941+0000] {dag.py:4180} INFO - Setting next_dagrun for example_subdag_operator.section-1 to None, run_after=None
[2026-02-25T12:55:00.942+0000] {logging_mixin.py:190} INFO - [2026-02-25T12:55:00.942+0000] {dag.py:4180} INFO - Setting next_dagrun for example_subdag_operator.section-2 to None, run_after=None
[2026-02-25T12:55:00.954+0000] {processor.py:208} INFO - Processing /home/ubuntu/airflow-venv/lib/python3.12/site-packages/airflow/example_dags/example_subdag_operator.py took 0.059 seconds
[2026-02-25T12:55:48.280+0000] {processor.py:186} INFO - Started process (PID=3568) to work on /home/ubuntu/airflow-venv/lib/python3.12/site-packages/airflow/example_dags/example_subdag_operator.py
[2026-02-25T12:55:48.281+0000] {processor.py:914} INFO - Processing file /home/ubuntu/airflow-venv/lib/python3.12/site-packages/airflow/example_dags/example_subdag_operator.py for tasks to queue
[2026-02-25T12:55:48.283+0000] {logging_mixin.py:190} INFO - [2026-02-25T12:55:48.283+0000] {dagbag.py:588} INFO - Filling up the DagBag from /home/ubuntu/airflow-venv/lib/python3.12/site-packages/airflow/example_dags/example_subdag_operator.py
[2026-02-25T12:55:48.297+0000] {processor.py:925} INFO - DAG(s) 'example_subdag_operator.section-1', 'example_subdag_operator.section-2', 'example_subdag_operator' retrieved from /home/ubuntu/airflow-venv/lib/python3.12/site-packages/airflow/example_dags/example_subdag_operator.py
[2026-02-25T12:55:48.305+0000] {logging_mixin.py:190} INFO - [2026-02-25T12:55:48.305+0000] {dag.py:3239} INFO - Sync 3 DAGs
[2026-02-25T12:55:48.317+0000] {logging_mixin.py:190} INFO - [2026-02-25T12:55:48.317+0000] {dag.py:4180} INFO - Setting next_dagrun for example_subdag_operator to 2022-01-01 00:00:00+00:00, run_after=2022-01-01 00:00:00+00:00
[2026-02-25T12:55:48.319+0000] {logging_mixin.py:190} INFO - [2026-02-25T12:55:48.319+0000] {dag.py:4180} INFO - Setting next_dagrun for example_subdag_operator.section-1 to None, run_after=None
[2026-02-25T12:55:48.320+0000] {logging_mixin.py:190} INFO - [2026-02-25T12:55:48.320+0000] {dag.py:4180} INFO - Setting next_dagrun for example_subdag_operator.section-2 to None, run_after=None
[2026-02-25T12:55:48.323+0000] {logging_mixin.py:190} INFO - [2026-02-25T12:55:48.323+0000] {dag.py:3239} INFO - Sync 2 DAGs
[2026-02-25T12:55:48.325+0000] {logging_mixin.py:190} INFO - [2026-02-25T12:55:48.325+0000] {dag.py:4180} INFO - Setting next_dagrun for example_subdag_operator.section-1 to None, run_after=None
[2026-02-25T12:55:48.325+0000] {logging_mixin.py:190} INFO - [2026-02-25T12:55:48.325+0000] {dag.py:4180} INFO - Setting next_dagrun for example_subdag_operator.section-2 to None, run_after=None
[2026-02-25T12:55:48.337+0000] {processor.py:208} INFO - Processing /home/ubuntu/airflow-venv/lib/python3.12/site-packages/airflow/example_dags/example_subdag_operator.py took 0.061 seconds
[2026-02-25T12:56:40.721+0000] {processor.py:186} INFO - Started process (PID=3621) to work on /home/ubuntu/airflow-venv/lib/python3.12/site-packages/airflow/example_dags/example_subdag_operator.py
[2026-02-25T12:56:40.722+0000] {processor.py:914} INFO - Processing file /home/ubuntu/airflow-venv/lib/python3.12/site-packages/airflow/example_dags/example_subdag_operator.py for tasks to queue
[2026-02-25T12:56:40.724+0000] {logging_mixin.py:190} INFO - [2026-02-25T12:56:40.723+0000] {dagbag.py:588} INFO - Filling up the DagBag from /home/ubuntu/airflow-venv/lib/python3.12/site-packages/airflow/example_dags/example_subdag_operator.py
[2026-02-25T12:56:40.737+0000] {processor.py:925} INFO - DAG(s) 'example_subdag_operator.section-1', 'example_subdag_operator.section-2', 'example_subdag_operator' retrieved from /home/ubuntu/airflow-venv/lib/python3.12/site-packages/airflow/example_dags/example_subdag_operator.py
[2026-02-25T12:56:40.746+0000] {logging_mixin.py:190} INFO - [2026-02-25T12:56:40.746+0000] {dag.py:3239} INFO - Sync 3 DAGs
[2026-02-25T12:56:40.757+0000] {logging_mixin.py:190} INFO - [2026-02-25T12:56:40.757+0000] {dag.py:4180} INFO - Setting next_dagrun for example_subdag_operator to 2022-01-01 00:00:00+00:00, run_after=2022-01-01 00:00:00+00:00
[2026-02-25T12:56:40.759+0000] {logging_mixin.py:190} INFO - [2026-02-25T12:56:40.759+0000] {dag.py:4180} INFO - Setting next_dagrun for example_subdag_operator.section-1 to None, run_after=None
[2026-02-25T12:56:40.760+0000] {logging_mixin.py:190} INFO - [2026-02-25T12:56:40.760+0000] {dag.py:4180} INFO - Setting next_dagrun for example_subdag_operator.section-2 to None, run_after=None
[2026-02-25T12:56:40.763+0000] {logging_mixin.py:190} INFO - [2026-02-25T12:56:40.763+0000] {dag.py:3239} INFO - Sync 2 DAGs
[2026-02-25T12:56:40.765+0000] {logging_mixin.py:190} INFO - [2026-02-25T12:56:40.765+0000] {dag.py:4180} INFO - Setting next_dagrun for example_subdag_operator.section-1 to None, run_after=None
[2026-02-25T12:56:40.765+0000] {logging_mixin.py:190} INFO - [2026-02-25T12:56:40.765+0000] {dag.py:4180} INFO - Setting next_dagrun for example_subdag_operator.section-2 to None, run_after=None
[2026-02-25T12:56:40.777+0000] {processor.py:208} INFO - Processing /home/ubuntu/airflow-venv/lib/python3.12/site-packages/airflow/example_dags/example_subdag_operator.py took 0.060 seconds
[2026-02-25T12:57:32.796+0000] {processor.py:186} INFO - Started process (PID=3674) to work on /home/ubuntu/airflow-venv/lib/python3.12/site-packages/airflow/example_dags/example_subdag_operator.py
[2026-02-25T12:57:32.798+0000] {processor.py:914} INFO - Processing file /home/ubuntu/airflow-venv/lib/python3.12/site-packages/airflow/example_dags/example_subdag_operator.py for tasks to queue
[2026-02-25T12:57:32.799+0000] {logging_mixin.py:190} INFO - [2026-02-25T12:57:32.799+0000] {dagbag.py:588} INFO - Filling up the DagBag from /home/ubuntu/airflow-venv/lib/python3.12/site-packages/airflow/example_dags/example_subdag_operator.py
[2026-02-25T12:57:32.813+0000] {processor.py:925} INFO - DAG(s) 'example_subdag_operator.section-1', 'example_subdag_operator.section-2', 'example_subdag_operator' retrieved from /home/ubuntu/airflow-venv/lib/python3.12/site-packages/airflow/example_dags/example_subdag_operator.py
[2026-02-25T12:57:32.822+0000] {logging_mixin.py:190} INFO - [2026-02-25T12:57:32.821+0000] {dag.py:3239} INFO - Sync 3 DAGs
[2026-02-25T12:57:32.833+0000] {logging_mixin.py:190} INFO - [2026-02-25T12:57:32.833+0000] {dag.py:4180} INFO - Setting next_dagrun for example_subdag_operator to 2022-01-01 00:00:00+00:00, run_after=2022-01-01 00:00:00+00:00
[2026-02-25T12:57:32.835+0000] {logging_mixin.py:190} INFO - [2026-02-25T12:57:32.835+0000] {dag.py:4180} INFO - Setting next_dagrun for example_subdag_operator.section-1 to None, run_after=None
[2026-02-25T12:57:32.836+0000] {logging_mixin.py:190} INFO - [2026-02-25T12:57:32.836+0000] {dag.py:4180} INFO - Setting next_dagrun for example_subdag_operator.section-2 to None, run_after=None
[2026-02-25T12:57:32.839+0000] {logging_mixin.py:190} INFO - [2026-02-25T12:57:32.839+0000] {dag.py:3239} INFO - Sync 2 DAGs
[2026-02-25T12:57:32.841+0000] {logging_mixin.py:190} INFO - [2026-02-25T12:57:32.841+0000] {dag.py:4180} INFO - Setting next_dagrun for example_subdag_operator.section-1 to None, run_after=None
[2026-02-25T12:57:32.841+0000] {logging_mixin.py:190} INFO - [2026-02-25T12:57:32.841+0000] {dag.py:4180} INFO - Setting next_dagrun for example_subdag_operator.section-2 to None, run_after=None
[2026-02-25T12:57:32.854+0000] {processor.py:208} INFO - Processing /home/ubuntu/airflow-venv/lib/python3.12/site-packages/airflow/example_dags/example_subdag_operator.py took 0.061 seconds
[2026-02-25T12:58:22.315+0000] {processor.py:186} INFO - Started process (PID=3728) to work on /home/ubuntu/airflow-venv/lib/python3.12/site-packages/airflow/example_dags/example_subdag_operator.py
[2026-02-25T12:58:22.316+0000] {processor.py:914} INFO - Processing file /home/ubuntu/airflow-venv/lib/python3.12/site-packages/airflow/example_dags/example_subdag_operator.py for tasks to queue
[2026-02-25T12:58:22.317+0000] {logging_mixin.py:190} INFO - [2026-02-25T12:58:22.317+0000] {dagbag.py:588} INFO - Filling up the DagBag from /home/ubuntu/airflow-venv/lib/python3.12/site-packages/airflow/example_dags/example_subdag_operator.py
[2026-02-25T12:58:22.331+0000] {processor.py:925} INFO - DAG(s) 'example_subdag_operator.section-1', 'example_subdag_operator.section-2', 'example_subdag_operator' retrieved from /home/ubuntu/airflow-venv/lib/python3.12/site-packages/airflow/example_dags/example_subdag_operator.py
[2026-02-25T12:58:22.339+0000] {logging_mixin.py:190} INFO - [2026-02-25T12:58:22.339+0000] {dag.py:3239} INFO - Sync 3 DAGs
[2026-02-25T12:58:22.351+0000] {logging_mixin.py:190} INFO - [2026-02-25T12:58:22.351+0000] {dag.py:4180} INFO - Setting next_dagrun for example_subdag_operator to 2022-01-01 00:00:00+00:00, run_after=2022-01-01 00:00:00+00:00
[2026-02-25T12:58:22.353+0000] {logging_mixin.py:190} INFO - [2026-02-25T12:58:22.353+0000] {dag.py:4180} INFO - Setting next_dagrun for example_subdag_operator.section-1 to None, run_after=None
[2026-02-25T12:58:22.354+0000] {logging_mixin.py:190} INFO - [2026-02-25T12:58:22.354+0000] {dag.py:4180} INFO - Setting next_dagrun for example_subdag_operator.section-2 to None, run_after=None
[2026-02-25T12:58:22.358+0000] {logging_mixin.py:190} INFO - [2026-02-25T12:58:22.357+0000] {dag.py:3239} INFO - Sync 2 DAGs
[2026-02-25T12:58:22.360+0000] {logging_mixin.py:190} INFO - [2026-02-25T12:58:22.360+0000] {dag.py:4180} INFO - Setting next_dagrun for example_subdag_operator.section-1 to None, run_after=None
[2026-02-25T12:58:22.360+0000] {logging_mixin.py:190} INFO - [2026-02-25T12:58:22.360+0000] {dag.py:4180} INFO - Setting next_dagrun for example_subdag_operator.section-2 to None, run_after=None
[2026-02-25T12:58:22.372+0000] {processor.py:208} INFO - Processing /home/ubuntu/airflow-venv/lib/python3.12/site-packages/airflow/example_dags/example_subdag_operator.py took 0.061 seconds
[2026-02-25T12:59:13.373+0000] {processor.py:186} INFO - Started process (PID=3781) to work on /home/ubuntu/airflow-venv/lib/python3.12/site-packages/airflow/example_dags/example_subdag_operator.py
[2026-02-25T12:59:13.374+0000] {processor.py:914} INFO - Processing file /home/ubuntu/airflow-venv/lib/python3.12/site-packages/airflow/example_dags/example_subdag_operator.py for tasks to queue
[2026-02-25T12:59:13.376+0000] {logging_mixin.py:190} INFO - [2026-02-25T12:59:13.375+0000] {dagbag.py:588} INFO - Filling up the DagBag from /home/ubuntu/airflow-venv/lib/python3.12/site-packages/airflow/example_dags/example_subdag_operator.py
[2026-02-25T12:59:13.390+0000] {processor.py:925} INFO - DAG(s) 'example_subdag_operator.section-1', 'example_subdag_operator.section-2', 'example_subdag_operator' retrieved from /home/ubuntu/airflow-venv/lib/python3.12/site-packages/airflow/example_dags/example_subdag_operator.py
[2026-02-25T12:59:13.398+0000] {logging_mixin.py:190} INFO - [2026-02-25T12:59:13.398+0000] {dag.py:3239} INFO - Sync 3 DAGs
[2026-02-25T12:59:13.409+0000] {logging_mixin.py:190} INFO - [2026-02-25T12:59:13.409+0000] {dag.py:4180} INFO - Setting next_dagrun for example_subdag_operator to 2022-01-01 00:00:00+00:00, run_after=2022-01-01 00:00:00+00:00
[2026-02-25T12:59:13.411+0000] {logging_mixin.py:190} INFO - [2026-02-25T12:59:13.411+0000] {dag.py:4180} INFO - Setting next_dagrun for example_subdag_operator.section-1 to None, run_after=None
[2026-02-25T12:59:13.412+0000] {logging_mixin.py:190} INFO - [2026-02-25T12:59:13.412+0000] {dag.py:4180} INFO - Setting next_dagrun for example_subdag_operator.section-2 to None, run_after=None
[2026-02-25T12:59:13.415+0000] {logging_mixin.py:190} INFO - [2026-02-25T12:59:13.415+0000] {dag.py:3239} INFO - Sync 2 DAGs
[2026-02-25T12:59:13.418+0000] {logging_mixin.py:190} INFO - [2026-02-25T12:59:13.417+0000] {dag.py:4180} INFO - Setting next_dagrun for example_subdag_operator.section-1 to None, run_after=None
[2026-02-25T12:59:13.418+0000] {logging_mixin.py:190} INFO - [2026-02-25T12:59:13.418+0000] {dag.py:4180} INFO - Setting next_dagrun for example_subdag_operator.section-2 to None, run_after=None
[2026-02-25T12:59:13.429+0000] {processor.py:208} INFO - Processing /home/ubuntu/airflow-venv/lib/python3.12/site-packages/airflow/example_dags/example_subdag_operator.py took 0.060 seconds
[2026-02-25T13:00:03.285+0000] {processor.py:186} INFO - Started process (PID=3834) to work on /home/ubuntu/airflow-venv/lib/python3.12/site-packages/airflow/example_dags/example_subdag_operator.py
[2026-02-25T13:00:03.286+0000] {processor.py:914} INFO - Processing file /home/ubuntu/airflow-venv/lib/python3.12/site-packages/airflow/example_dags/example_subdag_operator.py for tasks to queue
[2026-02-25T13:00:03.287+0000] {logging_mixin.py:190} INFO - [2026-02-25T13:00:03.287+0000] {dagbag.py:588} INFO - Filling up the DagBag from /home/ubuntu/airflow-venv/lib/python3.12/site-packages/airflow/example_dags/example_subdag_operator.py
[2026-02-25T13:00:03.302+0000] {processor.py:925} INFO - DAG(s) 'example_subdag_operator.section-1', 'example_subdag_operator.section-2', 'example_subdag_operator' retrieved from /home/ubuntu/airflow-venv/lib/python3.12/site-packages/airflow/example_dags/example_subdag_operator.py
[2026-02-25T13:00:03.310+0000] {logging_mixin.py:190} INFO - [2026-02-25T13:00:03.310+0000] {dag.py:3239} INFO - Sync 3 DAGs
[2026-02-25T13:00:03.322+0000] {logging_mixin.py:190} INFO - [2026-02-25T13:00:03.322+0000] {dag.py:4180} INFO - Setting next_dagrun for example_subdag_operator to 2022-01-01 00:00:00+00:00, run_after=2022-01-01 00:00:00+00:00
[2026-02-25T13:00:03.324+0000] {logging_mixin.py:190} INFO - [2026-02-25T13:00:03.324+0000] {dag.py:4180} INFO - Setting next_dagrun for example_subdag_operator.section-1 to None, run_after=None
[2026-02-25T13:00:03.324+0000] {logging_mixin.py:190} INFO - [2026-02-25T13:00:03.324+0000] {dag.py:4180} INFO - Setting next_dagrun for example_subdag_operator.section-2 to None, run_after=None
[2026-02-25T13:00:03.328+0000] {logging_mixin.py:190} INFO - [2026-02-25T13:00:03.328+0000] {dag.py:3239} INFO - Sync 2 DAGs
[2026-02-25T13:00:03.330+0000] {logging_mixin.py:190} INFO - [2026-02-25T13:00:03.330+0000] {dag.py:4180} INFO - Setting next_dagrun for example_subdag_operator.section-1 to None, run_after=None
[2026-02-25T13:00:03.330+0000] {logging_mixin.py:190} INFO - [2026-02-25T13:00:03.330+0000] {dag.py:4180} INFO - Setting next_dagrun for example_subdag_operator.section-2 to None, run_after=None
[2026-02-25T13:00:03.341+0000] {processor.py:208} INFO - Processing /home/ubuntu/airflow-venv/lib/python3.12/site-packages/airflow/example_dags/example_subdag_operator.py took 0.060 seconds
[2026-02-25T13:00:49.257+0000] {processor.py:186} INFO - Started process (PID=3887) to work on /home/ubuntu/airflow-venv/lib/python3.12/site-packages/airflow/example_dags/example_subdag_operator.py
[2026-02-25T13:00:49.259+0000] {processor.py:914} INFO - Processing file /home/ubuntu/airflow-venv/lib/python3.12/site-packages/airflow/example_dags/example_subdag_operator.py for tasks to queue
[2026-02-25T13:00:49.260+0000] {logging_mixin.py:190} INFO - [2026-02-25T13:00:49.260+0000] {dagbag.py:588} INFO - Filling up the DagBag from /home/ubuntu/airflow-venv/lib/python3.12/site-packages/airflow/example_dags/example_subdag_operator.py
[2026-02-25T13:00:49.273+0000] {processor.py:925} INFO - DAG(s) 'example_subdag_operator.section-1', 'example_subdag_operator.section-2', 'example_subdag_operator' retrieved from /home/ubuntu/airflow-venv/lib/python3.12/site-packages/airflow/example_dags/example_subdag_operator.py
[2026-02-25T13:00:49.282+0000] {logging_mixin.py:190} INFO - [2026-02-25T13:00:49.282+0000] {dag.py:3239} INFO - Sync 3 DAGs
[2026-02-25T13:00:49.293+0000] {logging_mixin.py:190} INFO - [2026-02-25T13:00:49.293+0000] {dag.py:4180} INFO - Setting next_dagrun for example_subdag_operator to 2022-01-01 00:00:00+00:00, run_after=2022-01-01 00:00:00+00:00
[2026-02-25T13:00:49.295+0000] {logging_mixin.py:190} INFO - [2026-02-25T13:00:49.295+0000] {dag.py:4180} INFO - Setting next_dagrun for example_subdag_operator.section-1 to None, run_after=None
[2026-02-25T13:00:49.295+0000] {logging_mixin.py:190} INFO - [2026-02-25T13:00:49.295+0000] {dag.py:4180} INFO - Setting next_dagrun for example_subdag_operator.section-2 to None, run_after=None
[2026-02-25T13:00:49.299+0000] {logging_mixin.py:190} INFO - [2026-02-25T13:00:49.298+0000] {dag.py:3239} INFO - Sync 2 DAGs
[2026-02-25T13:00:49.301+0000] {logging_mixin.py:190} INFO - [2026-02-25T13:00:49.301+0000] {dag.py:4180} INFO - Setting next_dagrun for example_subdag_operator.section-1 to None, run_after=None
[2026-02-25T13:00:49.301+0000] {logging_mixin.py:190} INFO - [2026-02-25T13:00:49.301+0000] {dag.py:4180} INFO - Setting next_dagrun for example_subdag_operator.section-2 to None, run_after=None
[2026-02-25T13:00:49.314+0000] {processor.py:208} INFO - Processing /home/ubuntu/airflow-venv/lib/python3.12/site-packages/airflow/example_dags/example_subdag_operator.py took 0.059 seconds
[2026-02-25T13:02:38.009+0000] {processor.py:186} INFO - Started process (PID=3974) to work on /home/ubuntu/airflow-venv/lib/python3.12/site-packages/airflow/example_dags/example_subdag_operator.py
[2026-02-25T13:02:38.010+0000] {processor.py:914} INFO - Processing file /home/ubuntu/airflow-venv/lib/python3.12/site-packages/airflow/example_dags/example_subdag_operator.py for tasks to queue
[2026-02-25T13:02:38.012+0000] {logging_mixin.py:190} INFO - [2026-02-25T13:02:38.012+0000] {dagbag.py:588} INFO - Filling up the DagBag from /home/ubuntu/airflow-venv/lib/python3.12/site-packages/airflow/example_dags/example_subdag_operator.py
[2026-02-25T13:02:38.026+0000] {processor.py:925} INFO - DAG(s) 'example_subdag_operator.section-1', 'example_subdag_operator.section-2', 'example_subdag_operator' retrieved from /home/ubuntu/airflow-venv/lib/python3.12/site-packages/airflow/example_dags/example_subdag_operator.py
[2026-02-25T13:02:38.094+0000] {logging_mixin.py:190} INFO - [2026-02-25T13:02:38.094+0000] {override.py:1900} INFO - Created Permission View: can delete on DAG:example_subdag_operator
[2026-02-25T13:02:38.104+0000] {logging_mixin.py:190} INFO - [2026-02-25T13:02:38.104+0000] {override.py:1900} INFO - Created Permission View: can read on DAG:example_subdag_operator
[2026-02-25T13:02:38.112+0000] {logging_mixin.py:190} INFO - [2026-02-25T13:02:38.111+0000] {override.py:1900} INFO - Created Permission View: can edit on DAG:example_subdag_operator
[2026-02-25T13:02:38.126+0000] {logging_mixin.py:190} INFO - [2026-02-25T13:02:38.126+0000] {override.py:1900} INFO - Created Permission View: can create on DAG Run:example_subdag_operator
[2026-02-25T13:02:38.134+0000] {logging_mixin.py:190} INFO - [2026-02-25T13:02:38.134+0000] {override.py:1900} INFO - Created Permission View: can delete on DAG Run:example_subdag_operator
[2026-02-25T13:02:38.142+0000] {logging_mixin.py:190} INFO - [2026-02-25T13:02:38.142+0000] {override.py:1900} INFO - Created Permission View: can read on DAG Run:example_subdag_operator
[2026-02-25T13:02:38.150+0000] {logging_mixin.py:190} INFO - [2026-02-25T13:02:38.150+0000] {override.py:1900} INFO - Created Permission View: menu access on DAG Run:example_subdag_operator
[2026-02-25T13:02:38.150+0000] {logging_mixin.py:190} INFO - [2026-02-25T13:02:38.150+0000] {dag.py:3239} INFO - Sync 3 DAGs
[2026-02-25T13:02:38.157+0000] {logging_mixin.py:190} INFO - [2026-02-25T13:02:38.157+0000] {dag.py:3262} INFO - Creating ORM DAG for example_subdag_operator.section-1
[2026-02-25T13:02:38.158+0000] {logging_mixin.py:190} INFO - [2026-02-25T13:02:38.158+0000] {dag.py:3262} INFO - Creating ORM DAG for example_subdag_operator
[2026-02-25T13:02:38.158+0000] {logging_mixin.py:190} INFO - [2026-02-25T13:02:38.158+0000] {dag.py:3262} INFO - Creating ORM DAG for example_subdag_operator.section-2
[2026-02-25T13:02:38.163+0000] {logging_mixin.py:190} INFO - [2026-02-25T13:02:38.162+0000] {dag.py:4180} INFO - Setting next_dagrun for example_subdag_operator to 2022-01-01 00:00:00+00:00, run_after=2022-01-01 00:00:00+00:00
[2026-02-25T13:02:38.163+0000] {logging_mixin.py:190} INFO - [2026-02-25T13:02:38.163+0000] {dag.py:4180} INFO - Setting next_dagrun for example_subdag_operator.section-1 to None, run_after=None
[2026-02-25T13:02:38.163+0000] {logging_mixin.py:190} INFO - [2026-02-25T13:02:38.163+0000] {dag.py:4180} INFO - Setting next_dagrun for example_subdag_operator.section-2 to None, run_after=None
[2026-02-25T13:02:38.166+0000] {logging_mixin.py:190} INFO - [2026-02-25T13:02:38.166+0000] {dag.py:3239} INFO - Sync 2 DAGs
[2026-02-25T13:02:38.169+0000] {logging_mixin.py:190} INFO - [2026-02-25T13:02:38.169+0000] {dag.py:4180} INFO - Setting next_dagrun for example_subdag_operator.section-1 to None, run_after=None
[2026-02-25T13:02:38.170+0000] {logging_mixin.py:190} INFO - [2026-02-25T13:02:38.170+0000] {dag.py:4180} INFO - Setting next_dagrun for example_subdag_operator.section-2 to None, run_after=None
[2026-02-25T13:02:38.185+0000] {processor.py:208} INFO - Processing /home/ubuntu/airflow-venv/lib/python3.12/site-packages/airflow/example_dags/example_subdag_operator.py took 0.179 seconds
[2026-02-25T13:03:37.319+0000] {processor.py:186} INFO - Started process (PID=4035) to work on /home/ubuntu/airflow-venv/lib/python3.12/site-packages/airflow/example_dags/example_subdag_operator.py
[2026-02-25T13:03:37.320+0000] {processor.py:914} INFO - Processing file /home/ubuntu/airflow-venv/lib/python3.12/site-packages/airflow/example_dags/example_subdag_operator.py for tasks to queue
[2026-02-25T13:03:37.321+0000] {logging_mixin.py:190} INFO - [2026-02-25T13:03:37.321+0000] {dagbag.py:588} INFO - Filling up the DagBag from /home/ubuntu/airflow-venv/lib/python3.12/site-packages/airflow/example_dags/example_subdag_operator.py
[2026-02-25T13:03:37.335+0000] {processor.py:925} INFO - DAG(s) 'example_subdag_operator.section-1', 'example_subdag_operator.section-2', 'example_subdag_operator' retrieved from /home/ubuntu/airflow-venv/lib/python3.12/site-packages/airflow/example_dags/example_subdag_operator.py
[2026-02-25T13:03:37.343+0000] {logging_mixin.py:190} INFO - [2026-02-25T13:03:37.343+0000] {dag.py:3239} INFO - Sync 3 DAGs
[2026-02-25T13:03:37.354+0000] {logging_mixin.py:190} INFO - [2026-02-25T13:03:37.354+0000] {dag.py:4180} INFO - Setting next_dagrun for example_subdag_operator to 2022-01-01 00:00:00+00:00, run_after=2022-01-01 00:00:00+00:00
[2026-02-25T13:03:37.356+0000] {logging_mixin.py:190} INFO - [2026-02-25T13:03:37.356+0000] {dag.py:4180} INFO - Setting next_dagrun for example_subdag_operator.section-1 to None, run_after=None
[2026-02-25T13:03:37.356+0000] {logging_mixin.py:190} INFO - [2026-02-25T13:03:37.356+0000] {dag.py:4180} INFO - Setting next_dagrun for example_subdag_operator.section-2 to None, run_after=None
[2026-02-25T13:03:37.360+0000] {logging_mixin.py:190} INFO - [2026-02-25T13:03:37.360+0000] {dag.py:3239} INFO - Sync 2 DAGs
[2026-02-25T13:03:37.363+0000] {logging_mixin.py:190} INFO - [2026-02-25T13:03:37.362+0000] {dag.py:4180} INFO - Setting next_dagrun for example_subdag_operator.section-1 to None, run_after=None
[2026-02-25T13:03:37.363+0000] {logging_mixin.py:190} INFO - [2026-02-25T13:03:37.363+0000] {dag.py:4180} INFO - Setting next_dagrun for example_subdag_operator.section-2 to None, run_after=None
[2026-02-25T13:03:37.374+0000] {processor.py:208} INFO - Processing /home/ubuntu/airflow-venv/lib/python3.12/site-packages/airflow/example_dags/example_subdag_operator.py took 0.059 seconds
[2026-02-25T13:04:27.575+0000] {processor.py:186} INFO - Started process (PID=4089) to work on /home/ubuntu/airflow-venv/lib/python3.12/site-packages/airflow/example_dags/example_subdag_operator.py
[2026-02-25T13:04:27.576+0000] {processor.py:914} INFO - Processing file /home/ubuntu/airflow-venv/lib/python3.12/site-packages/airflow/example_dags/example_subdag_operator.py for tasks to queue
[2026-02-25T13:04:27.578+0000] {logging_mixin.py:190} INFO - [2026-02-25T13:04:27.577+0000] {dagbag.py:588} INFO - Filling up the DagBag from /home/ubuntu/airflow-venv/lib/python3.12/site-packages/airflow/example_dags/example_subdag_operator.py
[2026-02-25T13:04:27.591+0000] {processor.py:925} INFO - DAG(s) 'example_subdag_operator.section-1', 'example_subdag_operator.section-2', 'example_subdag_operator' retrieved from /home/ubuntu/airflow-venv/lib/python3.12/site-packages/airflow/example_dags/example_subdag_operator.py
[2026-02-25T13:04:27.599+0000] {logging_mixin.py:190} INFO - [2026-02-25T13:04:27.599+0000] {dag.py:3239} INFO - Sync 3 DAGs
[2026-02-25T13:04:27.610+0000] {logging_mixin.py:190} INFO - [2026-02-25T13:04:27.610+0000] {dag.py:4180} INFO - Setting next_dagrun for example_subdag_operator to 2022-01-01 00:00:00+00:00, run_after=2022-01-01 00:00:00+00:00
[2026-02-25T13:04:27.612+0000] {logging_mixin.py:190} INFO - [2026-02-25T13:04:27.612+0000] {dag.py:4180} INFO - Setting next_dagrun for example_subdag_operator.section-1 to None, run_after=None
[2026-02-25T13:04:27.612+0000] {logging_mixin.py:190} INFO - [2026-02-25T13:04:27.612+0000] {dag.py:4180} INFO - Setting next_dagrun for example_subdag_operator.section-2 to None, run_after=None
[2026-02-25T13:04:27.616+0000] {logging_mixin.py:190} INFO - [2026-02-25T13:04:27.616+0000] {dag.py:3239} INFO - Sync 2 DAGs
[2026-02-25T13:04:27.618+0000] {logging_mixin.py:190} INFO - [2026-02-25T13:04:27.618+0000] {dag.py:4180} INFO - Setting next_dagrun for example_subdag_operator.section-1 to None, run_after=None
[2026-02-25T13:04:27.618+0000] {logging_mixin.py:190} INFO - [2026-02-25T13:04:27.618+0000] {dag.py:4180} INFO - Setting next_dagrun for example_subdag_operator.section-2 to None, run_after=None
[2026-02-25T13:04:27.631+0000] {processor.py:208} INFO - Processing /home/ubuntu/airflow-venv/lib/python3.12/site-packages/airflow/example_dags/example_subdag_operator.py took 0.059 seconds
[2026-02-25T13:05:29.225+0000] {processor.py:186} INFO - Started process (PID=4146) to work on /home/ubuntu/airflow-venv/lib/python3.12/site-packages/airflow/example_dags/example_subdag_operator.py
[2026-02-25T13:05:29.226+0000] {processor.py:914} INFO - Processing file /home/ubuntu/airflow-venv/lib/python3.12/site-packages/airflow/example_dags/example_subdag_operator.py for tasks to queue
[2026-02-25T13:05:29.228+0000] {logging_mixin.py:190} INFO - [2026-02-25T13:05:29.228+0000] {dagbag.py:588} INFO - Filling up the DagBag from /home/ubuntu/airflow-venv/lib/python3.12/site-packages/airflow/example_dags/example_subdag_operator.py
[2026-02-25T13:05:29.241+0000] {processor.py:925} INFO - DAG(s) 'example_subdag_operator.section-1', 'example_subdag_operator.section-2', 'example_subdag_operator' retrieved from /home/ubuntu/airflow-venv/lib/python3.12/site-packages/airflow/example_dags/example_subdag_operator.py
[2026-02-25T13:05:29.250+0000] {logging_mixin.py:190} INFO - [2026-02-25T13:05:29.250+0000] {dag.py:3239} INFO - Sync 3 DAGs
[2026-02-25T13:05:29.262+0000] {logging_mixin.py:190} INFO - [2026-02-25T13:05:29.262+0000] {dag.py:4180} INFO - Setting next_dagrun for example_subdag_operator to 2022-01-01 00:00:00+00:00, run_after=2022-01-01 00:00:00+00:00
[2026-02-25T13:05:29.264+0000] {logging_mixin.py:190} INFO - [2026-02-25T13:05:29.264+0000] {dag.py:4180} INFO - Setting next_dagrun for example_subdag_operator.section-1 to None, run_after=None
[2026-02-25T13:05:29.265+0000] {logging_mixin.py:190} INFO - [2026-02-25T13:05:29.265+0000] {dag.py:4180} INFO - Setting next_dagrun for example_subdag_operator.section-2 to None, run_after=None
[2026-02-25T13:05:29.268+0000] {logging_mixin.py:190} INFO - [2026-02-25T13:05:29.268+0000] {dag.py:3239} INFO - Sync 2 DAGs
[2026-02-25T13:05:29.270+0000] {logging_mixin.py:190} INFO - [2026-02-25T13:05:29.270+0000] {dag.py:4180} INFO - Setting next_dagrun for example_subdag_operator.section-1 to None, run_after=None
[2026-02-25T13:05:29.270+0000] {logging_mixin.py:190} INFO - [2026-02-25T13:05:29.270+0000] {dag.py:4180} INFO - Setting next_dagrun for example_subdag_operator.section-2 to None, run_after=None
[2026-02-25T13:05:29.282+0000] {processor.py:208} INFO - Processing /home/ubuntu/airflow-venv/lib/python3.12/site-packages/airflow/example_dags/example_subdag_operator.py took 0.061 seconds
[2026-02-25T13:09:12.755+0000] {processor.py:186} INFO - Started process (PID=2100) to work on /home/ubuntu/airflow-venv/lib/python3.12/site-packages/airflow/example_dags/example_subdag_operator.py
[2026-02-25T13:09:12.757+0000] {processor.py:914} INFO - Processing file /home/ubuntu/airflow-venv/lib/python3.12/site-packages/airflow/example_dags/example_subdag_operator.py for tasks to queue
[2026-02-25T13:09:12.758+0000] {logging_mixin.py:190} INFO - [2026-02-25T13:09:12.758+0000] {dagbag.py:588} INFO - Filling up the DagBag from /home/ubuntu/airflow-venv/lib/python3.12/site-packages/airflow/example_dags/example_subdag_operator.py
[2026-02-25T13:09:12.774+0000] {processor.py:925} INFO - DAG(s) 'example_subdag_operator.section-1', 'example_subdag_operator.section-2', 'example_subdag_operator' retrieved from /home/ubuntu/airflow-venv/lib/python3.12/site-packages/airflow/example_dags/example_subdag_operator.py
[2026-02-25T13:09:12.785+0000] {logging_mixin.py:190} INFO - [2026-02-25T13:09:12.785+0000] {dag.py:3239} INFO - Sync 3 DAGs
[2026-02-25T13:09:12.799+0000] {logging_mixin.py:190} INFO - [2026-02-25T13:09:12.799+0000] {dag.py:4180} INFO - Setting next_dagrun for example_subdag_operator to 2022-01-01 00:00:00+00:00, run_after=2022-01-01 00:00:00+00:00
[2026-02-25T13:09:12.801+0000] {logging_mixin.py:190} INFO - [2026-02-25T13:09:12.801+0000] {dag.py:4180} INFO - Setting next_dagrun for example_subdag_operator.section-1 to None, run_after=None
[2026-02-25T13:09:12.802+0000] {logging_mixin.py:190} INFO - [2026-02-25T13:09:12.801+0000] {dag.py:4180} INFO - Setting next_dagrun for example_subdag_operator.section-2 to None, run_after=None
[2026-02-25T13:09:12.805+0000] {logging_mixin.py:190} INFO - [2026-02-25T13:09:12.805+0000] {dag.py:3239} INFO - Sync 2 DAGs
[2026-02-25T13:09:12.807+0000] {logging_mixin.py:190} INFO - [2026-02-25T13:09:12.807+0000] {dag.py:4180} INFO - Setting next_dagrun for example_subdag_operator.section-1 to None, run_after=None
[2026-02-25T13:09:12.807+0000] {logging_mixin.py:190} INFO - [2026-02-25T13:09:12.807+0000] {dag.py:4180} INFO - Setting next_dagrun for example_subdag_operator.section-2 to None, run_after=None
[2026-02-25T13:09:12.818+0000] {processor.py:208} INFO - Processing /home/ubuntu/airflow-venv/lib/python3.12/site-packages/airflow/example_dags/example_subdag_operator.py took 0.067 seconds
[2026-02-25T13:10:07.039+0000] {processor.py:186} INFO - Started process (PID=2178) to work on /home/ubuntu/airflow-venv/lib/python3.12/site-packages/airflow/example_dags/example_subdag_operator.py
[2026-02-25T13:10:07.040+0000] {processor.py:914} INFO - Processing file /home/ubuntu/airflow-venv/lib/python3.12/site-packages/airflow/example_dags/example_subdag_operator.py for tasks to queue
[2026-02-25T13:10:07.042+0000] {logging_mixin.py:190} INFO - [2026-02-25T13:10:07.041+0000] {dagbag.py:588} INFO - Filling up the DagBag from /home/ubuntu/airflow-venv/lib/python3.12/site-packages/airflow/example_dags/example_subdag_operator.py
[2026-02-25T13:10:07.057+0000] {processor.py:925} INFO - DAG(s) 'example_subdag_operator.section-1', 'example_subdag_operator.section-2', 'example_subdag_operator' retrieved from /home/ubuntu/airflow-venv/lib/python3.12/site-packages/airflow/example_dags/example_subdag_operator.py
[2026-02-25T13:10:07.066+0000] {logging_mixin.py:190} INFO - [2026-02-25T13:10:07.066+0000] {dag.py:3239} INFO - Sync 3 DAGs
[2026-02-25T13:10:07.079+0000] {logging_mixin.py:190} INFO - [2026-02-25T13:10:07.079+0000] {dag.py:4180} INFO - Setting next_dagrun for example_subdag_operator to 2022-01-01 00:00:00+00:00, run_after=2022-01-01 00:00:00+00:00
[2026-02-25T13:10:07.081+0000] {logging_mixin.py:190} INFO - [2026-02-25T13:10:07.081+0000] {dag.py:4180} INFO - Setting next_dagrun for example_subdag_operator.section-1 to None, run_after=None
[2026-02-25T13:10:07.082+0000] {logging_mixin.py:190} INFO - [2026-02-25T13:10:07.082+0000] {dag.py:4180} INFO - Setting next_dagrun for example_subdag_operator.section-2 to None, run_after=None
[2026-02-25T13:10:07.087+0000] {logging_mixin.py:190} INFO - [2026-02-25T13:10:07.087+0000] {dag.py:3239} INFO - Sync 2 DAGs
[2026-02-25T13:10:07.089+0000] {logging_mixin.py:190} INFO - [2026-02-25T13:10:07.089+0000] {dag.py:4180} INFO - Setting next_dagrun for example_subdag_operator.section-1 to None, run_after=None
[2026-02-25T13:10:07.089+0000] {logging_mixin.py:190} INFO - [2026-02-25T13:10:07.089+0000] {dag.py:4180} INFO - Setting next_dagrun for example_subdag_operator.section-2 to None, run_after=None
[2026-02-25T13:10:07.103+0000] {processor.py:208} INFO - Processing /home/ubuntu/airflow-venv/lib/python3.12/site-packages/airflow/example_dags/example_subdag_operator.py took 0.067 seconds
[2026-02-25T13:10:55.339+0000] {processor.py:186} INFO - Started process (PID=2230) to work on /home/ubuntu/airflow-venv/lib/python3.12/site-packages/airflow/example_dags/example_subdag_operator.py
[2026-02-25T13:10:55.340+0000] {processor.py:914} INFO - Processing file /home/ubuntu/airflow-venv/lib/python3.12/site-packages/airflow/example_dags/example_subdag_operator.py for tasks to queue
[2026-02-25T13:10:55.341+0000] {logging_mixin.py:190} INFO - [2026-02-25T13:10:55.341+0000] {dagbag.py:588} INFO - Filling up the DagBag from /home/ubuntu/airflow-venv/lib/python3.12/site-packages/airflow/example_dags/example_subdag_operator.py
[2026-02-25T13:10:55.356+0000] {processor.py:925} INFO - DAG(s) 'example_subdag_operator.section-1', 'example_subdag_operator.section-2', 'example_subdag_operator' retrieved from /home/ubuntu/airflow-venv/lib/python3.12/site-packages/airflow/example_dags/example_subdag_operator.py
[2026-02-25T13:10:55.366+0000] {logging_mixin.py:190} INFO - [2026-02-25T13:10:55.365+0000] {dag.py:3239} INFO - Sync 3 DAGs
[2026-02-25T13:10:55.378+0000] {logging_mixin.py:190} INFO - [2026-02-25T13:10:55.378+0000] {dag.py:4180} INFO - Setting next_dagrun for example_subdag_operator to 2022-01-01 00:00:00+00:00, run_after=2022-01-01 00:00:00+00:00
[2026-02-25T13:10:55.380+0000] {logging_mixin.py:190} INFO - [2026-02-25T13:10:55.380+0000] {dag.py:4180} INFO - Setting next_dagrun for example_subdag_operator.section-1 to None, run_after=None
[2026-02-25T13:10:55.381+0000] {logging_mixin.py:190} INFO - [2026-02-25T13:10:55.381+0000] {dag.py:4180} INFO - Setting next_dagrun for example_subdag_operator.section-2 to None, run_after=None
[2026-02-25T13:10:55.384+0000] {logging_mixin.py:190} INFO - [2026-02-25T13:10:55.384+0000] {dag.py:3239} INFO - Sync 2 DAGs
[2026-02-25T13:10:55.387+0000] {logging_mixin.py:190} INFO - [2026-02-25T13:10:55.387+0000] {dag.py:4180} INFO - Setting next_dagrun for example_subdag_operator.section-1 to None, run_after=None
[2026-02-25T13:10:55.387+0000] {logging_mixin.py:190} INFO - [2026-02-25T13:10:55.387+0000] {dag.py:4180} INFO - Setting next_dagrun for example_subdag_operator.section-2 to None, run_after=None
[2026-02-25T13:10:55.400+0000] {processor.py:208} INFO - Processing /home/ubuntu/airflow-venv/lib/python3.12/site-packages/airflow/example_dags/example_subdag_operator.py took 0.065 seconds
[2026-02-25T13:15:24.079+0000] {processor.py:186} INFO - Started process (PID=3052) to work on /home/ubuntu/airflow-venv/lib/python3.12/site-packages/airflow/example_dags/example_subdag_operator.py
[2026-02-25T13:15:24.080+0000] {processor.py:914} INFO - Processing file /home/ubuntu/airflow-venv/lib/python3.12/site-packages/airflow/example_dags/example_subdag_operator.py for tasks to queue
[2026-02-25T13:15:24.082+0000] {logging_mixin.py:190} INFO - [2026-02-25T13:15:24.082+0000] {dagbag.py:588} INFO - Filling up the DagBag from /home/ubuntu/airflow-venv/lib/python3.12/site-packages/airflow/example_dags/example_subdag_operator.py
[2026-02-25T13:15:24.097+0000] {processor.py:925} INFO - DAG(s) 'example_subdag_operator.section-1', 'example_subdag_operator.section-2', 'example_subdag_operator' retrieved from /home/ubuntu/airflow-venv/lib/python3.12/site-packages/airflow/example_dags/example_subdag_operator.py
[2026-02-25T13:15:24.107+0000] {logging_mixin.py:190} INFO - [2026-02-25T13:15:24.107+0000] {dag.py:3239} INFO - Sync 3 DAGs
[2026-02-25T13:15:24.121+0000] {logging_mixin.py:190} INFO - [2026-02-25T13:15:24.121+0000] {dag.py:4180} INFO - Setting next_dagrun for example_subdag_operator to 2022-01-01 00:00:00+00:00, run_after=2022-01-01 00:00:00+00:00
[2026-02-25T13:15:24.123+0000] {logging_mixin.py:190} INFO - [2026-02-25T13:15:24.123+0000] {dag.py:4180} INFO - Setting next_dagrun for example_subdag_operator.section-1 to None, run_after=None
[2026-02-25T13:15:24.124+0000] {logging_mixin.py:190} INFO - [2026-02-25T13:15:24.124+0000] {dag.py:4180} INFO - Setting next_dagrun for example_subdag_operator.section-2 to None, run_after=None
[2026-02-25T13:15:24.127+0000] {logging_mixin.py:190} INFO - [2026-02-25T13:15:24.127+0000] {dag.py:3239} INFO - Sync 2 DAGs
[2026-02-25T13:15:24.130+0000] {logging_mixin.py:190} INFO - [2026-02-25T13:15:24.130+0000] {dag.py:4180} INFO - Setting next_dagrun for example_subdag_operator.section-1 to None, run_after=None
[2026-02-25T13:15:24.130+0000] {logging_mixin.py:190} INFO - [2026-02-25T13:15:24.130+0000] {dag.py:4180} INFO - Setting next_dagrun for example_subdag_operator.section-2 to None, run_after=None
[2026-02-25T13:15:24.143+0000] {processor.py:208} INFO - Processing /home/ubuntu/airflow-venv/lib/python3.12/site-packages/airflow/example_dags/example_subdag_operator.py took 0.067 seconds
[2026-02-25T13:16:21.745+0000] {processor.py:186} INFO - Started process (PID=3115) to work on /home/ubuntu/airflow-venv/lib/python3.12/site-packages/airflow/example_dags/example_subdag_operator.py
[2026-02-25T13:16:21.746+0000] {processor.py:914} INFO - Processing file /home/ubuntu/airflow-venv/lib/python3.12/site-packages/airflow/example_dags/example_subdag_operator.py for tasks to queue
[2026-02-25T13:16:21.748+0000] {logging_mixin.py:190} INFO - [2026-02-25T13:16:21.747+0000] {dagbag.py:588} INFO - Filling up the DagBag from /home/ubuntu/airflow-venv/lib/python3.12/site-packages/airflow/example_dags/example_subdag_operator.py
[2026-02-25T13:16:21.762+0000] {processor.py:925} INFO - DAG(s) 'example_subdag_operator.section-1', 'example_subdag_operator.section-2', 'example_subdag_operator' retrieved from /home/ubuntu/airflow-venv/lib/python3.12/site-packages/airflow/example_dags/example_subdag_operator.py
[2026-02-25T13:16:21.771+0000] {logging_mixin.py:190} INFO - [2026-02-25T13:16:21.771+0000] {dag.py:3239} INFO - Sync 3 DAGs
[2026-02-25T13:16:21.784+0000] {logging_mixin.py:190} INFO - [2026-02-25T13:16:21.784+0000] {dag.py:4180} INFO - Setting next_dagrun for example_subdag_operator to 2022-01-01 00:00:00+00:00, run_after=2022-01-01 00:00:00+00:00
[2026-02-25T13:16:21.786+0000] {logging_mixin.py:190} INFO - [2026-02-25T13:16:21.786+0000] {dag.py:4180} INFO - Setting next_dagrun for example_subdag_operator.section-1 to None, run_after=None
[2026-02-25T13:16:21.787+0000] {logging_mixin.py:190} INFO - [2026-02-25T13:16:21.787+0000] {dag.py:4180} INFO - Setting next_dagrun for example_subdag_operator.section-2 to None, run_after=None
[2026-02-25T13:16:21.791+0000] {logging_mixin.py:190} INFO - [2026-02-25T13:16:21.791+0000] {dag.py:3239} INFO - Sync 2 DAGs
[2026-02-25T13:16:21.794+0000] {logging_mixin.py:190} INFO - [2026-02-25T13:16:21.794+0000] {dag.py:4180} INFO - Setting next_dagrun for example_subdag_operator.section-1 to None, run_after=None
[2026-02-25T13:16:21.794+0000] {logging_mixin.py:190} INFO - [2026-02-25T13:16:21.794+0000] {dag.py:4180} INFO - Setting next_dagrun for example_subdag_operator.section-2 to None, run_after=None
[2026-02-25T13:16:21.806+0000] {processor.py:208} INFO - Processing /home/ubuntu/airflow-venv/lib/python3.12/site-packages/airflow/example_dags/example_subdag_operator.py took 0.064 seconds
[2026-02-25T13:17:12.022+0000] {processor.py:186} INFO - Started process (PID=3175) to work on /home/ubuntu/airflow-venv/lib/python3.12/site-packages/airflow/example_dags/example_subdag_operator.py
[2026-02-25T13:17:12.023+0000] {processor.py:914} INFO - Processing file /home/ubuntu/airflow-venv/lib/python3.12/site-packages/airflow/example_dags/example_subdag_operator.py for tasks to queue
[2026-02-25T13:17:12.024+0000] {logging_mixin.py:190} INFO - [2026-02-25T13:17:12.024+0000] {dagbag.py:588} INFO - Filling up the DagBag from /home/ubuntu/airflow-venv/lib/python3.12/site-packages/airflow/example_dags/example_subdag_operator.py
[2026-02-25T13:17:12.039+0000] {processor.py:925} INFO - DAG(s) 'example_subdag_operator.section-1', 'example_subdag_operator.section-2', 'example_subdag_operator' retrieved from /home/ubuntu/airflow-venv/lib/python3.12/site-packages/airflow/example_dags/example_subdag_operator.py
[2026-02-25T13:17:12.048+0000] {logging_mixin.py:190} INFO - [2026-02-25T13:17:12.048+0000] {dag.py:3239} INFO - Sync 3 DAGs
[2026-02-25T13:17:12.061+0000] {logging_mixin.py:190} INFO - [2026-02-25T13:17:12.061+0000] {dag.py:4180} INFO - Setting next_dagrun for example_subdag_operator to 2022-01-01 00:00:00+00:00, run_after=2022-01-01 00:00:00+00:00
[2026-02-25T13:17:12.063+0000] {logging_mixin.py:190} INFO - [2026-02-25T13:17:12.063+0000] {dag.py:4180} INFO - Setting next_dagrun for example_subdag_operator.section-1 to None, run_after=None
[2026-02-25T13:17:12.063+0000] {logging_mixin.py:190} INFO - [2026-02-25T13:17:12.063+0000] {dag.py:4180} INFO - Setting next_dagrun for example_subdag_operator.section-2 to None, run_after=None
[2026-02-25T13:17:12.067+0000] {logging_mixin.py:190} INFO - [2026-02-25T13:17:12.067+0000] {dag.py:3239} INFO - Sync 2 DAGs
[2026-02-25T13:17:12.070+0000] {logging_mixin.py:190} INFO - [2026-02-25T13:17:12.069+0000] {dag.py:4180} INFO - Setting next_dagrun for example_subdag_operator.section-1 to None, run_after=None
[2026-02-25T13:17:12.070+0000] {logging_mixin.py:190} INFO - [2026-02-25T13:17:12.070+0000] {dag.py:4180} INFO - Setting next_dagrun for example_subdag_operator.section-2 to None, run_after=None
[2026-02-25T13:17:12.082+0000] {processor.py:208} INFO - Processing /home/ubuntu/airflow-venv/lib/python3.12/site-packages/airflow/example_dags/example_subdag_operator.py took 0.064 seconds
[2026-02-25T13:18:02.245+0000] {processor.py:186} INFO - Started process (PID=3230) to work on /home/ubuntu/airflow-venv/lib/python3.12/site-packages/airflow/example_dags/example_subdag_operator.py
[2026-02-25T13:18:02.246+0000] {processor.py:914} INFO - Processing file /home/ubuntu/airflow-venv/lib/python3.12/site-packages/airflow/example_dags/example_subdag_operator.py for tasks to queue
[2026-02-25T13:18:02.248+0000] {logging_mixin.py:190} INFO - [2026-02-25T13:18:02.248+0000] {dagbag.py:588} INFO - Filling up the DagBag from /home/ubuntu/airflow-venv/lib/python3.12/site-packages/airflow/example_dags/example_subdag_operator.py
[2026-02-25T13:18:02.264+0000] {processor.py:925} INFO - DAG(s) 'example_subdag_operator.section-1', 'example_subdag_operator.section-2', 'example_subdag_operator' retrieved from /home/ubuntu/airflow-venv/lib/python3.12/site-packages/airflow/example_dags/example_subdag_operator.py
[2026-02-25T13:18:02.274+0000] {logging_mixin.py:190} INFO - [2026-02-25T13:18:02.274+0000] {dag.py:3239} INFO - Sync 3 DAGs
[2026-02-25T13:18:02.288+0000] {logging_mixin.py:190} INFO - [2026-02-25T13:18:02.288+0000] {dag.py:4180} INFO - Setting next_dagrun for example_subdag_operator to 2022-01-01 00:00:00+00:00, run_after=2022-01-01 00:00:00+00:00
[2026-02-25T13:18:02.290+0000] {logging_mixin.py:190} INFO - [2026-02-25T13:18:02.290+0000] {dag.py:4180} INFO - Setting next_dagrun for example_subdag_operator.section-1 to None, run_after=None
[2026-02-25T13:18:02.291+0000] {logging_mixin.py:190} INFO - [2026-02-25T13:18:02.291+0000] {dag.py:4180} INFO - Setting next_dagrun for example_subdag_operator.section-2 to None, run_after=None
[2026-02-25T13:18:02.295+0000] {logging_mixin.py:190} INFO - [2026-02-25T13:18:02.295+0000] {dag.py:3239} INFO - Sync 2 DAGs
[2026-02-25T13:18:02.298+0000] {logging_mixin.py:190} INFO - [2026-02-25T13:18:02.298+0000] {dag.py:4180} INFO - Setting next_dagrun for example_subdag_operator.section-1 to None, run_after=None
[2026-02-25T13:18:02.298+0000] {logging_mixin.py:190} INFO - [2026-02-25T13:18:02.298+0000] {dag.py:4180} INFO - Setting next_dagrun for example_subdag_operator.section-2 to None, run_after=None
[2026-02-25T13:18:02.311+0000] {processor.py:208} INFO - Processing /home/ubuntu/airflow-venv/lib/python3.12/site-packages/airflow/example_dags/example_subdag_operator.py took 0.070 seconds
[2026-02-25T13:18:54.144+0000] {processor.py:186} INFO - Started process (PID=3283) to work on /home/ubuntu/airflow-venv/lib/python3.12/site-packages/airflow/example_dags/example_subdag_operator.py
[2026-02-25T13:18:54.145+0000] {processor.py:914} INFO - Processing file /home/ubuntu/airflow-venv/lib/python3.12/site-packages/airflow/example_dags/example_subdag_operator.py for tasks to queue
[2026-02-25T13:18:54.147+0000] {logging_mixin.py:190} INFO - [2026-02-25T13:18:54.147+0000] {dagbag.py:588} INFO - Filling up the DagBag from /home/ubuntu/airflow-venv/lib/python3.12/site-packages/airflow/example_dags/example_subdag_operator.py
[2026-02-25T13:18:54.163+0000] {processor.py:925} INFO - DAG(s) 'example_subdag_operator.section-1', 'example_subdag_operator.section-2', 'example_subdag_operator' retrieved from /home/ubuntu/airflow-venv/lib/python3.12/site-packages/airflow/example_dags/example_subdag_operator.py
[2026-02-25T13:18:54.172+0000] {logging_mixin.py:190} INFO - [2026-02-25T13:18:54.172+0000] {dag.py:3239} INFO - Sync 3 DAGs
[2026-02-25T13:18:54.185+0000] {logging_mixin.py:190} INFO - [2026-02-25T13:18:54.185+0000] {dag.py:4180} INFO - Setting next_dagrun for example_subdag_operator to 2022-01-01 00:00:00+00:00, run_after=2022-01-01 00:00:00+00:00
[2026-02-25T13:18:54.188+0000] {logging_mixin.py:190} INFO - [2026-02-25T13:18:54.187+0000] {dag.py:4180} INFO - Setting next_dagrun for example_subdag_operator.section-1 to None, run_after=None
[2026-02-25T13:18:54.188+0000] {logging_mixin.py:190} INFO - [2026-02-25T13:18:54.188+0000] {dag.py:4180} INFO - Setting next_dagrun for example_subdag_operator.section-2 to None, run_after=None
[2026-02-25T13:18:54.192+0000] {logging_mixin.py:190} INFO - [2026-02-25T13:18:54.192+0000] {dag.py:3239} INFO - Sync 2 DAGs
[2026-02-25T13:18:54.194+0000] {logging_mixin.py:190} INFO - [2026-02-25T13:18:54.194+0000] {dag.py:4180} INFO - Setting next_dagrun for example_subdag_operator.section-1 to None, run_after=None
[2026-02-25T13:18:54.195+0000] {logging_mixin.py:190} INFO - [2026-02-25T13:18:54.195+0000] {dag.py:4180} INFO - Setting next_dagrun for example_subdag_operator.section-2 to None, run_after=None
[2026-02-25T13:18:54.208+0000] {processor.py:208} INFO - Processing /home/ubuntu/airflow-venv/lib/python3.12/site-packages/airflow/example_dags/example_subdag_operator.py took 0.068 seconds
[2026-02-25T13:19:44.893+0000] {processor.py:186} INFO - Started process (PID=3353) to work on /home/ubuntu/airflow-venv/lib/python3.12/site-packages/airflow/example_dags/example_subdag_operator.py
[2026-02-25T13:19:44.895+0000] {processor.py:914} INFO - Processing file /home/ubuntu/airflow-venv/lib/python3.12/site-packages/airflow/example_dags/example_subdag_operator.py for tasks to queue
[2026-02-25T13:19:44.896+0000] {logging_mixin.py:190} INFO - [2026-02-25T13:19:44.896+0000] {dagbag.py:588} INFO - Filling up the DagBag from /home/ubuntu/airflow-venv/lib/python3.12/site-packages/airflow/example_dags/example_subdag_operator.py
[2026-02-25T13:19:44.911+0000] {processor.py:925} INFO - DAG(s) 'example_subdag_operator.section-1', 'example_subdag_operator.section-2', 'example_subdag_operator' retrieved from /home/ubuntu/airflow-venv/lib/python3.12/site-packages/airflow/example_dags/example_subdag_operator.py
[2026-02-25T13:19:44.920+0000] {logging_mixin.py:190} INFO - [2026-02-25T13:19:44.920+0000] {dag.py:3239} INFO - Sync 3 DAGs
[2026-02-25T13:19:44.933+0000] {logging_mixin.py:190} INFO - [2026-02-25T13:19:44.933+0000] {dag.py:4180} INFO - Setting next_dagrun for example_subdag_operator to 2022-01-01 00:00:00+00:00, run_after=2022-01-01 00:00:00+00:00
[2026-02-25T13:19:44.935+0000] {logging_mixin.py:190} INFO - [2026-02-25T13:19:44.935+0000] {dag.py:4180} INFO - Setting next_dagrun for example_subdag_operator.section-1 to None, run_after=None
[2026-02-25T13:19:44.936+0000] {logging_mixin.py:190} INFO - [2026-02-25T13:19:44.936+0000] {dag.py:4180} INFO - Setting next_dagrun for example_subdag_operator.section-2 to None, run_after=None
[2026-02-25T13:19:44.940+0000] {logging_mixin.py:190} INFO - [2026-02-25T13:19:44.940+0000] {dag.py:3239} INFO - Sync 2 DAGs
[2026-02-25T13:19:44.942+0000] {logging_mixin.py:190} INFO - [2026-02-25T13:19:44.942+0000] {dag.py:4180} INFO - Setting next_dagrun for example_subdag_operator.section-1 to None, run_after=None
[2026-02-25T13:19:44.942+0000] {logging_mixin.py:190} INFO - [2026-02-25T13:19:44.942+0000] {dag.py:4180} INFO - Setting next_dagrun for example_subdag_operator.section-2 to None, run_after=None
[2026-02-25T13:19:44.955+0000] {processor.py:208} INFO - Processing /home/ubuntu/airflow-venv/lib/python3.12/site-packages/airflow/example_dags/example_subdag_operator.py took 0.065 seconds
[2026-02-25T13:20:37.785+0000] {processor.py:186} INFO - Started process (PID=3409) to work on /home/ubuntu/airflow-venv/lib/python3.12/site-packages/airflow/example_dags/example_subdag_operator.py
[2026-02-25T13:20:37.786+0000] {processor.py:914} INFO - Processing file /home/ubuntu/airflow-venv/lib/python3.12/site-packages/airflow/example_dags/example_subdag_operator.py for tasks to queue
[2026-02-25T13:20:37.788+0000] {logging_mixin.py:190} INFO - [2026-02-25T13:20:37.788+0000] {dagbag.py:588} INFO - Filling up the DagBag from /home/ubuntu/airflow-venv/lib/python3.12/site-packages/airflow/example_dags/example_subdag_operator.py
[2026-02-25T13:20:37.803+0000] {processor.py:925} INFO - DAG(s) 'example_subdag_operator.section-1', 'example_subdag_operator.section-2', 'example_subdag_operator' retrieved from /home/ubuntu/airflow-venv/lib/python3.12/site-packages/airflow/example_dags/example_subdag_operator.py
[2026-02-25T13:20:37.812+0000] {logging_mixin.py:190} INFO - [2026-02-25T13:20:37.812+0000] {dag.py:3239} INFO - Sync 3 DAGs
[2026-02-25T13:20:37.923+0000] {logging_mixin.py:190} INFO - [2026-02-25T13:20:37.923+0000] {dag.py:4180} INFO - Setting next_dagrun for example_subdag_operator to 2022-01-01 00:00:00+00:00, run_after=2022-01-01 00:00:00+00:00
[2026-02-25T13:20:37.925+0000] {logging_mixin.py:190} INFO - [2026-02-25T13:20:37.925+0000] {dag.py:4180} INFO - Setting next_dagrun for example_subdag_operator.section-1 to None, run_after=None
[2026-02-25T13:20:37.926+0000] {logging_mixin.py:190} INFO - [2026-02-25T13:20:37.926+0000] {dag.py:4180} INFO - Setting next_dagrun for example_subdag_operator.section-2 to None, run_after=None
[2026-02-25T13:20:37.929+0000] {logging_mixin.py:190} INFO - [2026-02-25T13:20:37.929+0000] {dag.py:3239} INFO - Sync 2 DAGs
[2026-02-25T13:20:37.932+0000] {logging_mixin.py:190} INFO - [2026-02-25T13:20:37.931+0000] {dag.py:4180} INFO - Setting next_dagrun for example_subdag_operator.section-1 to None, run_after=None
[2026-02-25T13:20:37.932+0000] {logging_mixin.py:190} INFO - [2026-02-25T13:20:37.932+0000] {dag.py:4180} INFO - Setting next_dagrun for example_subdag_operator.section-2 to None, run_after=None
[2026-02-25T13:20:37.943+0000] {processor.py:208} INFO - Processing /home/ubuntu/airflow-venv/lib/python3.12/site-packages/airflow/example_dags/example_subdag_operator.py took 0.162 seconds
[2026-02-25T13:21:33.804+0000] {processor.py:186} INFO - Started process (PID=3464) to work on /home/ubuntu/airflow-venv/lib/python3.12/site-packages/airflow/example_dags/example_subdag_operator.py
[2026-02-25T13:21:33.806+0000] {processor.py:914} INFO - Processing file /home/ubuntu/airflow-venv/lib/python3.12/site-packages/airflow/example_dags/example_subdag_operator.py for tasks to queue
[2026-02-25T13:21:33.808+0000] {logging_mixin.py:190} INFO - [2026-02-25T13:21:33.807+0000] {dagbag.py:588} INFO - Filling up the DagBag from /home/ubuntu/airflow-venv/lib/python3.12/site-packages/airflow/example_dags/example_subdag_operator.py
[2026-02-25T13:21:33.823+0000] {processor.py:925} INFO - DAG(s) 'example_subdag_operator.section-1', 'example_subdag_operator.section-2', 'example_subdag_operator' retrieved from /home/ubuntu/airflow-venv/lib/python3.12/site-packages/airflow/example_dags/example_subdag_operator.py
[2026-02-25T13:21:33.832+0000] {logging_mixin.py:190} INFO - [2026-02-25T13:21:33.832+0000] {dag.py:3239} INFO - Sync 3 DAGs
[2026-02-25T13:21:33.845+0000] {logging_mixin.py:190} INFO - [2026-02-25T13:21:33.845+0000] {dag.py:4180} INFO - Setting next_dagrun for example_subdag_operator to 2022-01-01 00:00:00+00:00, run_after=2022-01-01 00:00:00+00:00
[2026-02-25T13:21:33.847+0000] {logging_mixin.py:190} INFO - [2026-02-25T13:21:33.847+0000] {dag.py:4180} INFO - Setting next_dagrun for example_subdag_operator.section-1 to None, run_after=None
[2026-02-25T13:21:33.848+0000] {logging_mixin.py:190} INFO - [2026-02-25T13:21:33.848+0000] {dag.py:4180} INFO - Setting next_dagrun for example_subdag_operator.section-2 to None, run_after=None
[2026-02-25T13:21:33.851+0000] {logging_mixin.py:190} INFO - [2026-02-25T13:21:33.851+0000] {dag.py:3239} INFO - Sync 2 DAGs
[2026-02-25T13:21:33.855+0000] {logging_mixin.py:190} INFO - [2026-02-25T13:21:33.855+0000] {dag.py:4180} INFO - Setting next_dagrun for example_subdag_operator.section-1 to None, run_after=None
[2026-02-25T13:21:33.855+0000] {logging_mixin.py:190} INFO - [2026-02-25T13:21:33.855+0000] {dag.py:4180} INFO - Setting next_dagrun for example_subdag_operator.section-2 to None, run_after=None
[2026-02-25T13:21:33.869+0000] {processor.py:208} INFO - Processing /home/ubuntu/airflow-venv/lib/python3.12/site-packages/airflow/example_dags/example_subdag_operator.py took 0.069 seconds
[2026-02-25T13:22:27.444+0000] {processor.py:186} INFO - Started process (PID=3521) to work on /home/ubuntu/airflow-venv/lib/python3.12/site-packages/airflow/example_dags/example_subdag_operator.py
[2026-02-25T13:22:27.445+0000] {processor.py:914} INFO - Processing file /home/ubuntu/airflow-venv/lib/python3.12/site-packages/airflow/example_dags/example_subdag_operator.py for tasks to queue
[2026-02-25T13:22:27.447+0000] {logging_mixin.py:190} INFO - [2026-02-25T13:22:27.446+0000] {dagbag.py:588} INFO - Filling up the DagBag from /home/ubuntu/airflow-venv/lib/python3.12/site-packages/airflow/example_dags/example_subdag_operator.py
[2026-02-25T13:22:27.461+0000] {processor.py:925} INFO - DAG(s) 'example_subdag_operator.section-1', 'example_subdag_operator.section-2', 'example_subdag_operator' retrieved from /home/ubuntu/airflow-venv/lib/python3.12/site-packages/airflow/example_dags/example_subdag_operator.py
[2026-02-25T13:22:27.471+0000] {logging_mixin.py:190} INFO - [2026-02-25T13:22:27.471+0000] {dag.py:3239} INFO - Sync 3 DAGs
[2026-02-25T13:22:27.484+0000] {logging_mixin.py:190} INFO - [2026-02-25T13:22:27.484+0000] {dag.py:4180} INFO - Setting next_dagrun for example_subdag_operator to 2022-01-01 00:00:00+00:00, run_after=2022-01-01 00:00:00+00:00
[2026-02-25T13:22:27.486+0000] {logging_mixin.py:190} INFO - [2026-02-25T13:22:27.486+0000] {dag.py:4180} INFO - Setting next_dagrun for example_subdag_operator.section-1 to None, run_after=None
[2026-02-25T13:22:27.487+0000] {logging_mixin.py:190} INFO - [2026-02-25T13:22:27.487+0000] {dag.py:4180} INFO - Setting next_dagrun for example_subdag_operator.section-2 to None, run_after=None
[2026-02-25T13:22:27.491+0000] {logging_mixin.py:190} INFO - [2026-02-25T13:22:27.491+0000] {dag.py:3239} INFO - Sync 2 DAGs
[2026-02-25T13:22:27.493+0000] {logging_mixin.py:190} INFO - [2026-02-25T13:22:27.493+0000] {dag.py:4180} INFO - Setting next_dagrun for example_subdag_operator.section-1 to None, run_after=None
[2026-02-25T13:22:27.494+0000] {logging_mixin.py:190} INFO - [2026-02-25T13:22:27.493+0000] {dag.py:4180} INFO - Setting next_dagrun for example_subdag_operator.section-2 to None, run_after=None
[2026-02-25T13:22:27.506+0000] {processor.py:208} INFO - Processing /home/ubuntu/airflow-venv/lib/python3.12/site-packages/airflow/example_dags/example_subdag_operator.py took 0.066 seconds
[2026-02-25T13:23:18.603+0000] {processor.py:186} INFO - Started process (PID=3614) to work on /home/ubuntu/airflow-venv/lib/python3.12/site-packages/airflow/example_dags/example_subdag_operator.py
[2026-02-25T13:23:18.605+0000] {processor.py:914} INFO - Processing file /home/ubuntu/airflow-venv/lib/python3.12/site-packages/airflow/example_dags/example_subdag_operator.py for tasks to queue
[2026-02-25T13:23:18.607+0000] {logging_mixin.py:190} INFO - [2026-02-25T13:23:18.606+0000] {dagbag.py:588} INFO - Filling up the DagBag from /home/ubuntu/airflow-venv/lib/python3.12/site-packages/airflow/example_dags/example_subdag_operator.py
[2026-02-25T13:23:18.623+0000] {processor.py:925} INFO - DAG(s) 'example_subdag_operator.section-1', 'example_subdag_operator.section-2', 'example_subdag_operator' retrieved from /home/ubuntu/airflow-venv/lib/python3.12/site-packages/airflow/example_dags/example_subdag_operator.py
[2026-02-25T13:23:18.632+0000] {logging_mixin.py:190} INFO - [2026-02-25T13:23:18.632+0000] {dag.py:3239} INFO - Sync 3 DAGs
[2026-02-25T13:23:18.646+0000] {logging_mixin.py:190} INFO - [2026-02-25T13:23:18.646+0000] {dag.py:4180} INFO - Setting next_dagrun for example_subdag_operator to 2022-01-01 00:00:00+00:00, run_after=2022-01-01 00:00:00+00:00
[2026-02-25T13:23:18.648+0000] {logging_mixin.py:190} INFO - [2026-02-25T13:23:18.648+0000] {dag.py:4180} INFO - Setting next_dagrun for example_subdag_operator.section-1 to None, run_after=None
[2026-02-25T13:23:18.649+0000] {logging_mixin.py:190} INFO - [2026-02-25T13:23:18.649+0000] {dag.py:4180} INFO - Setting next_dagrun for example_subdag_operator.section-2 to None, run_after=None
[2026-02-25T13:23:18.653+0000] {logging_mixin.py:190} INFO - [2026-02-25T13:23:18.653+0000] {dag.py:3239} INFO - Sync 2 DAGs
[2026-02-25T13:23:18.655+0000] {logging_mixin.py:190} INFO - [2026-02-25T13:23:18.655+0000] {dag.py:4180} INFO - Setting next_dagrun for example_subdag_operator.section-1 to None, run_after=None
[2026-02-25T13:23:18.656+0000] {logging_mixin.py:190} INFO - [2026-02-25T13:23:18.655+0000] {dag.py:4180} INFO - Setting next_dagrun for example_subdag_operator.section-2 to None, run_after=None
[2026-02-25T13:23:18.668+0000] {processor.py:208} INFO - Processing /home/ubuntu/airflow-venv/lib/python3.12/site-packages/airflow/example_dags/example_subdag_operator.py took 0.068 seconds
[2026-02-25T13:25:26.869+0000] {processor.py:186} INFO - Started process (PID=3678) to work on /home/ubuntu/airflow-venv/lib/python3.12/site-packages/airflow/example_dags/example_subdag_operator.py
[2026-02-25T13:25:26.871+0000] {processor.py:914} INFO - Processing file /home/ubuntu/airflow-venv/lib/python3.12/site-packages/airflow/example_dags/example_subdag_operator.py for tasks to queue
[2026-02-25T13:25:26.873+0000] {logging_mixin.py:190} INFO - [2026-02-25T13:25:26.872+0000] {dagbag.py:588} INFO - Filling up the DagBag from /home/ubuntu/airflow-venv/lib/python3.12/site-packages/airflow/example_dags/example_subdag_operator.py
[2026-02-25T13:25:26.888+0000] {processor.py:925} INFO - DAG(s) 'example_subdag_operator.section-1', 'example_subdag_operator.section-2', 'example_subdag_operator' retrieved from /home/ubuntu/airflow-venv/lib/python3.12/site-packages/airflow/example_dags/example_subdag_operator.py
[2026-02-25T13:25:26.899+0000] {logging_mixin.py:190} INFO - [2026-02-25T13:25:26.899+0000] {dag.py:3239} INFO - Sync 3 DAGs
[2026-02-25T13:25:26.914+0000] {logging_mixin.py:190} INFO - [2026-02-25T13:25:26.914+0000] {dag.py:4180} INFO - Setting next_dagrun for example_subdag_operator to 2022-01-01 00:00:00+00:00, run_after=2022-01-01 00:00:00+00:00
[2026-02-25T13:25:26.916+0000] {logging_mixin.py:190} INFO - [2026-02-25T13:25:26.916+0000] {dag.py:4180} INFO - Setting next_dagrun for example_subdag_operator.section-1 to None, run_after=None
[2026-02-25T13:25:26.917+0000] {logging_mixin.py:190} INFO - [2026-02-25T13:25:26.917+0000] {dag.py:4180} INFO - Setting next_dagrun for example_subdag_operator.section-2 to None, run_after=None
[2026-02-25T13:25:26.921+0000] {logging_mixin.py:190} INFO - [2026-02-25T13:25:26.920+0000] {dag.py:3239} INFO - Sync 2 DAGs
[2026-02-25T13:25:26.923+0000] {logging_mixin.py:190} INFO - [2026-02-25T13:25:26.923+0000] {dag.py:4180} INFO - Setting next_dagrun for example_subdag_operator.section-1 to None, run_after=None
[2026-02-25T13:25:26.923+0000] {logging_mixin.py:190} INFO - [2026-02-25T13:25:26.923+0000] {dag.py:4180} INFO - Setting next_dagrun for example_subdag_operator.section-2 to None, run_after=None
[2026-02-25T13:25:26.937+0000] {processor.py:208} INFO - Processing /home/ubuntu/airflow-venv/lib/python3.12/site-packages/airflow/example_dags/example_subdag_operator.py took 0.071 seconds
[2026-02-25T13:35:43.836+0000] {processor.py:186} INFO - Started process (PID=2054) to work on /home/ubuntu/airflow-venv/lib/python3.12/site-packages/airflow/example_dags/example_subdag_operator.py
[2026-02-25T13:35:43.838+0000] {processor.py:914} INFO - Processing file /home/ubuntu/airflow-venv/lib/python3.12/site-packages/airflow/example_dags/example_subdag_operator.py for tasks to queue
[2026-02-25T13:35:43.840+0000] {logging_mixin.py:190} INFO - [2026-02-25T13:35:43.840+0000] {dagbag.py:588} INFO - Filling up the DagBag from /home/ubuntu/airflow-venv/lib/python3.12/site-packages/airflow/example_dags/example_subdag_operator.py
[2026-02-25T13:35:43.855+0000] {processor.py:925} INFO - DAG(s) 'example_subdag_operator.section-1', 'example_subdag_operator.section-2', 'example_subdag_operator' retrieved from /home/ubuntu/airflow-venv/lib/python3.12/site-packages/airflow/example_dags/example_subdag_operator.py
[2026-02-25T13:35:43.864+0000] {logging_mixin.py:190} INFO - [2026-02-25T13:35:43.864+0000] {dag.py:3239} INFO - Sync 3 DAGs
[2026-02-25T13:35:43.876+0000] {logging_mixin.py:190} INFO - [2026-02-25T13:35:43.876+0000] {dag.py:4180} INFO - Setting next_dagrun for example_subdag_operator to 2022-01-01 00:00:00+00:00, run_after=2022-01-01 00:00:00+00:00
[2026-02-25T13:35:43.878+0000] {logging_mixin.py:190} INFO - [2026-02-25T13:35:43.878+0000] {dag.py:4180} INFO - Setting next_dagrun for example_subdag_operator.section-1 to None, run_after=None
[2026-02-25T13:35:43.879+0000] {logging_mixin.py:190} INFO - [2026-02-25T13:35:43.879+0000] {dag.py:4180} INFO - Setting next_dagrun for example_subdag_operator.section-2 to None, run_after=None
[2026-02-25T13:35:43.882+0000] {logging_mixin.py:190} INFO - [2026-02-25T13:35:43.882+0000] {dag.py:3239} INFO - Sync 2 DAGs
[2026-02-25T13:35:43.884+0000] {logging_mixin.py:190} INFO - [2026-02-25T13:35:43.884+0000] {dag.py:4180} INFO - Setting next_dagrun for example_subdag_operator.section-1 to None, run_after=None
[2026-02-25T13:35:43.885+0000] {logging_mixin.py:190} INFO - [2026-02-25T13:35:43.884+0000] {dag.py:4180} INFO - Setting next_dagrun for example_subdag_operator.section-2 to None, run_after=None
[2026-02-25T13:35:43.896+0000] {processor.py:208} INFO - Processing /home/ubuntu/airflow-venv/lib/python3.12/site-packages/airflow/example_dags/example_subdag_operator.py took 0.063 seconds
[2026-02-25T13:36:38.091+0000] {processor.py:186} INFO - Started process (PID=2131) to work on /home/ubuntu/airflow-venv/lib/python3.12/site-packages/airflow/example_dags/example_subdag_operator.py
[2026-02-25T13:36:38.092+0000] {processor.py:914} INFO - Processing file /home/ubuntu/airflow-venv/lib/python3.12/site-packages/airflow/example_dags/example_subdag_operator.py for tasks to queue
[2026-02-25T13:36:38.093+0000] {logging_mixin.py:190} INFO - [2026-02-25T13:36:38.093+0000] {dagbag.py:588} INFO - Filling up the DagBag from /home/ubuntu/airflow-venv/lib/python3.12/site-packages/airflow/example_dags/example_subdag_operator.py
[2026-02-25T13:36:38.106+0000] {processor.py:925} INFO - DAG(s) 'example_subdag_operator.section-1', 'example_subdag_operator.section-2', 'example_subdag_operator' retrieved from /home/ubuntu/airflow-venv/lib/python3.12/site-packages/airflow/example_dags/example_subdag_operator.py
[2026-02-25T13:36:38.114+0000] {logging_mixin.py:190} INFO - [2026-02-25T13:36:38.114+0000] {dag.py:3239} INFO - Sync 3 DAGs
[2026-02-25T13:36:38.125+0000] {logging_mixin.py:190} INFO - [2026-02-25T13:36:38.125+0000] {dag.py:4180} INFO - Setting next_dagrun for example_subdag_operator to 2022-01-01 00:00:00+00:00, run_after=2022-01-01 00:00:00+00:00
[2026-02-25T13:36:38.127+0000] {logging_mixin.py:190} INFO - [2026-02-25T13:36:38.127+0000] {dag.py:4180} INFO - Setting next_dagrun for example_subdag_operator.section-1 to None, run_after=None
[2026-02-25T13:36:38.128+0000] {logging_mixin.py:190} INFO - [2026-02-25T13:36:38.128+0000] {dag.py:4180} INFO - Setting next_dagrun for example_subdag_operator.section-2 to None, run_after=None
[2026-02-25T13:36:38.132+0000] {logging_mixin.py:190} INFO - [2026-02-25T13:36:38.132+0000] {dag.py:3239} INFO - Sync 2 DAGs
[2026-02-25T13:36:38.134+0000] {logging_mixin.py:190} INFO - [2026-02-25T13:36:38.134+0000] {dag.py:4180} INFO - Setting next_dagrun for example_subdag_operator.section-1 to None, run_after=None
[2026-02-25T13:36:38.134+0000] {logging_mixin.py:190} INFO - [2026-02-25T13:36:38.134+0000] {dag.py:4180} INFO - Setting next_dagrun for example_subdag_operator.section-2 to None, run_after=None
[2026-02-25T13:36:38.146+0000] {processor.py:208} INFO - Processing /home/ubuntu/airflow-venv/lib/python3.12/site-packages/airflow/example_dags/example_subdag_operator.py took 0.058 seconds
[2026-02-25T13:37:27.097+0000] {processor.py:186} INFO - Started process (PID=2562) to work on /home/ubuntu/airflow-venv/lib/python3.12/site-packages/airflow/example_dags/example_subdag_operator.py
[2026-02-25T13:37:27.098+0000] {processor.py:914} INFO - Processing file /home/ubuntu/airflow-venv/lib/python3.12/site-packages/airflow/example_dags/example_subdag_operator.py for tasks to queue
[2026-02-25T13:37:27.099+0000] {logging_mixin.py:190} INFO - [2026-02-25T13:37:27.099+0000] {dagbag.py:588} INFO - Filling up the DagBag from /home/ubuntu/airflow-venv/lib/python3.12/site-packages/airflow/example_dags/example_subdag_operator.py
[2026-02-25T13:37:27.113+0000] {processor.py:925} INFO - DAG(s) 'example_subdag_operator.section-1', 'example_subdag_operator.section-2', 'example_subdag_operator' retrieved from /home/ubuntu/airflow-venv/lib/python3.12/site-packages/airflow/example_dags/example_subdag_operator.py
[2026-02-25T13:37:27.121+0000] {logging_mixin.py:190} INFO - [2026-02-25T13:37:27.121+0000] {dag.py:3239} INFO - Sync 3 DAGs
[2026-02-25T13:37:27.132+0000] {logging_mixin.py:190} INFO - [2026-02-25T13:37:27.132+0000] {dag.py:4180} INFO - Setting next_dagrun for example_subdag_operator to 2022-01-01 00:00:00+00:00, run_after=2022-01-01 00:00:00+00:00
[2026-02-25T13:37:27.134+0000] {logging_mixin.py:190} INFO - [2026-02-25T13:37:27.134+0000] {dag.py:4180} INFO - Setting next_dagrun for example_subdag_operator.section-1 to None, run_after=None
[2026-02-25T13:37:27.134+0000] {logging_mixin.py:190} INFO - [2026-02-25T13:37:27.134+0000] {dag.py:4180} INFO - Setting next_dagrun for example_subdag_operator.section-2 to None, run_after=None
[2026-02-25T13:37:27.138+0000] {logging_mixin.py:190} INFO - [2026-02-25T13:37:27.138+0000] {dag.py:3239} INFO - Sync 2 DAGs
[2026-02-25T13:37:27.140+0000] {logging_mixin.py:190} INFO - [2026-02-25T13:37:27.140+0000] {dag.py:4180} INFO - Setting next_dagrun for example_subdag_operator.section-1 to None, run_after=None
[2026-02-25T13:37:27.140+0000] {logging_mixin.py:190} INFO - [2026-02-25T13:37:27.140+0000] {dag.py:4180} INFO - Setting next_dagrun for example_subdag_operator.section-2 to None, run_after=None
[2026-02-25T13:37:27.152+0000] {processor.py:208} INFO - Processing /home/ubuntu/airflow-venv/lib/python3.12/site-packages/airflow/example_dags/example_subdag_operator.py took 0.058 seconds
[2026-02-25T13:38:17.873+0000] {processor.py:186} INFO - Started process (PID=2618) to work on /home/ubuntu/airflow-venv/lib/python3.12/site-packages/airflow/example_dags/example_subdag_operator.py
[2026-02-25T13:38:17.874+0000] {processor.py:914} INFO - Processing file /home/ubuntu/airflow-venv/lib/python3.12/site-packages/airflow/example_dags/example_subdag_operator.py for tasks to queue
[2026-02-25T13:38:17.876+0000] {logging_mixin.py:190} INFO - [2026-02-25T13:38:17.875+0000] {dagbag.py:588} INFO - Filling up the DagBag from /home/ubuntu/airflow-venv/lib/python3.12/site-packages/airflow/example_dags/example_subdag_operator.py
[2026-02-25T13:38:17.889+0000] {processor.py:925} INFO - DAG(s) 'example_subdag_operator.section-1', 'example_subdag_operator.section-2', 'example_subdag_operator' retrieved from /home/ubuntu/airflow-venv/lib/python3.12/site-packages/airflow/example_dags/example_subdag_operator.py
[2026-02-25T13:38:17.897+0000] {logging_mixin.py:190} INFO - [2026-02-25T13:38:17.897+0000] {dag.py:3239} INFO - Sync 3 DAGs
[2026-02-25T13:38:17.908+0000] {logging_mixin.py:190} INFO - [2026-02-25T13:38:17.908+0000] {dag.py:4180} INFO - Setting next_dagrun for example_subdag_operator to 2022-01-01 00:00:00+00:00, run_after=2022-01-01 00:00:00+00:00
[2026-02-25T13:38:17.911+0000] {logging_mixin.py:190} INFO - [2026-02-25T13:38:17.910+0000] {dag.py:4180} INFO - Setting next_dagrun for example_subdag_operator.section-1 to None, run_after=None
[2026-02-25T13:38:17.911+0000] {logging_mixin.py:190} INFO - [2026-02-25T13:38:17.911+0000] {dag.py:4180} INFO - Setting next_dagrun for example_subdag_operator.section-2 to None, run_after=None
[2026-02-25T13:38:17.914+0000] {logging_mixin.py:190} INFO - [2026-02-25T13:38:17.914+0000] {dag.py:3239} INFO - Sync 2 DAGs
[2026-02-25T13:38:17.917+0000] {logging_mixin.py:190} INFO - [2026-02-25T13:38:17.917+0000] {dag.py:4180} INFO - Setting next_dagrun for example_subdag_operator.section-1 to None, run_after=None
[2026-02-25T13:38:17.917+0000] {logging_mixin.py:190} INFO - [2026-02-25T13:38:17.917+0000] {dag.py:4180} INFO - Setting next_dagrun for example_subdag_operator.section-2 to None, run_after=None
[2026-02-25T13:38:17.929+0000] {processor.py:208} INFO - Processing /home/ubuntu/airflow-venv/lib/python3.12/site-packages/airflow/example_dags/example_subdag_operator.py took 0.059 seconds
[2026-02-25T13:39:10.092+0000] {processor.py:186} INFO - Started process (PID=2675) to work on /home/ubuntu/airflow-venv/lib/python3.12/site-packages/airflow/example_dags/example_subdag_operator.py
[2026-02-25T13:39:10.094+0000] {processor.py:914} INFO - Processing file /home/ubuntu/airflow-venv/lib/python3.12/site-packages/airflow/example_dags/example_subdag_operator.py for tasks to queue
[2026-02-25T13:39:10.095+0000] {logging_mixin.py:190} INFO - [2026-02-25T13:39:10.095+0000] {dagbag.py:588} INFO - Filling up the DagBag from /home/ubuntu/airflow-venv/lib/python3.12/site-packages/airflow/example_dags/example_subdag_operator.py
[2026-02-25T13:39:10.109+0000] {processor.py:925} INFO - DAG(s) 'example_subdag_operator.section-1', 'example_subdag_operator.section-2', 'example_subdag_operator' retrieved from /home/ubuntu/airflow-venv/lib/python3.12/site-packages/airflow/example_dags/example_subdag_operator.py
[2026-02-25T13:39:10.117+0000] {logging_mixin.py:190} INFO - [2026-02-25T13:39:10.117+0000] {dag.py:3239} INFO - Sync 3 DAGs
[2026-02-25T13:39:10.128+0000] {logging_mixin.py:190} INFO - [2026-02-25T13:39:10.128+0000] {dag.py:4180} INFO - Setting next_dagrun for example_subdag_operator to 2022-01-01 00:00:00+00:00, run_after=2022-01-01 00:00:00+00:00
[2026-02-25T13:39:10.130+0000] {logging_mixin.py:190} INFO - [2026-02-25T13:39:10.130+0000] {dag.py:4180} INFO - Setting next_dagrun for example_subdag_operator.section-1 to None, run_after=None
[2026-02-25T13:39:10.130+0000] {logging_mixin.py:190} INFO - [2026-02-25T13:39:10.130+0000] {dag.py:4180} INFO - Setting next_dagrun for example_subdag_operator.section-2 to None, run_after=None
[2026-02-25T13:39:10.134+0000] {logging_mixin.py:190} INFO - [2026-02-25T13:39:10.134+0000] {dag.py:3239} INFO - Sync 2 DAGs
[2026-02-25T13:39:10.136+0000] {logging_mixin.py:190} INFO - [2026-02-25T13:39:10.136+0000] {dag.py:4180} INFO - Setting next_dagrun for example_subdag_operator.section-1 to None, run_after=None
[2026-02-25T13:39:10.136+0000] {logging_mixin.py:190} INFO - [2026-02-25T13:39:10.136+0000] {dag.py:4180} INFO - Setting next_dagrun for example_subdag_operator.section-2 to None, run_after=None
[2026-02-25T13:39:10.147+0000] {processor.py:208} INFO - Processing /home/ubuntu/airflow-venv/lib/python3.12/site-packages/airflow/example_dags/example_subdag_operator.py took 0.059 seconds
[2026-02-25T13:40:00.735+0000] {processor.py:186} INFO - Started process (PID=2736) to work on /home/ubuntu/airflow-venv/lib/python3.12/site-packages/airflow/example_dags/example_subdag_operator.py
[2026-02-25T13:40:00.736+0000] {processor.py:914} INFO - Processing file /home/ubuntu/airflow-venv/lib/python3.12/site-packages/airflow/example_dags/example_subdag_operator.py for tasks to queue
[2026-02-25T13:40:00.737+0000] {logging_mixin.py:190} INFO - [2026-02-25T13:40:00.737+0000] {dagbag.py:588} INFO - Filling up the DagBag from /home/ubuntu/airflow-venv/lib/python3.12/site-packages/airflow/example_dags/example_subdag_operator.py
[2026-02-25T13:40:00.751+0000] {processor.py:925} INFO - DAG(s) 'example_subdag_operator.section-1', 'example_subdag_operator.section-2', 'example_subdag_operator' retrieved from /home/ubuntu/airflow-venv/lib/python3.12/site-packages/airflow/example_dags/example_subdag_operator.py
[2026-02-25T13:40:00.760+0000] {logging_mixin.py:190} INFO - [2026-02-25T13:40:00.759+0000] {dag.py:3239} INFO - Sync 3 DAGs
[2026-02-25T13:40:00.771+0000] {logging_mixin.py:190} INFO - [2026-02-25T13:40:00.771+0000] {dag.py:4180} INFO - Setting next_dagrun for example_subdag_operator to 2022-01-01 00:00:00+00:00, run_after=2022-01-01 00:00:00+00:00
[2026-02-25T13:40:00.773+0000] {logging_mixin.py:190} INFO - [2026-02-25T13:40:00.773+0000] {dag.py:4180} INFO - Setting next_dagrun for example_subdag_operator.section-1 to None, run_after=None
[2026-02-25T13:40:00.773+0000] {logging_mixin.py:190} INFO - [2026-02-25T13:40:00.773+0000] {dag.py:4180} INFO - Setting next_dagrun for example_subdag_operator.section-2 to None, run_after=None
[2026-02-25T13:40:00.777+0000] {logging_mixin.py:190} INFO - [2026-02-25T13:40:00.776+0000] {dag.py:3239} INFO - Sync 2 DAGs
[2026-02-25T13:40:00.779+0000] {logging_mixin.py:190} INFO - [2026-02-25T13:40:00.778+0000] {dag.py:4180} INFO - Setting next_dagrun for example_subdag_operator.section-1 to None, run_after=None
[2026-02-25T13:40:00.779+0000] {logging_mixin.py:190} INFO - [2026-02-25T13:40:00.779+0000] {dag.py:4180} INFO - Setting next_dagrun for example_subdag_operator.section-2 to None, run_after=None
[2026-02-25T13:40:00.790+0000] {processor.py:208} INFO - Processing /home/ubuntu/airflow-venv/lib/python3.12/site-packages/airflow/example_dags/example_subdag_operator.py took 0.059 seconds
[2026-02-25T13:40:49.773+0000] {processor.py:186} INFO - Started process (PID=2790) to work on /home/ubuntu/airflow-venv/lib/python3.12/site-packages/airflow/example_dags/example_subdag_operator.py
[2026-02-25T13:40:49.774+0000] {processor.py:914} INFO - Processing file /home/ubuntu/airflow-venv/lib/python3.12/site-packages/airflow/example_dags/example_subdag_operator.py for tasks to queue
[2026-02-25T13:40:49.776+0000] {logging_mixin.py:190} INFO - [2026-02-25T13:40:49.776+0000] {dagbag.py:588} INFO - Filling up the DagBag from /home/ubuntu/airflow-venv/lib/python3.12/site-packages/airflow/example_dags/example_subdag_operator.py
[2026-02-25T13:40:49.789+0000] {processor.py:925} INFO - DAG(s) 'example_subdag_operator.section-1', 'example_subdag_operator.section-2', 'example_subdag_operator' retrieved from /home/ubuntu/airflow-venv/lib/python3.12/site-packages/airflow/example_dags/example_subdag_operator.py
[2026-02-25T13:40:49.797+0000] {logging_mixin.py:190} INFO - [2026-02-25T13:40:49.797+0000] {dag.py:3239} INFO - Sync 3 DAGs
[2026-02-25T13:40:49.808+0000] {logging_mixin.py:190} INFO - [2026-02-25T13:40:49.808+0000] {dag.py:4180} INFO - Setting next_dagrun for example_subdag_operator to 2022-01-01 00:00:00+00:00, run_after=2022-01-01 00:00:00+00:00
[2026-02-25T13:40:49.810+0000] {logging_mixin.py:190} INFO - [2026-02-25T13:40:49.810+0000] {dag.py:4180} INFO - Setting next_dagrun for example_subdag_operator.section-1 to None, run_after=None
[2026-02-25T13:40:49.810+0000] {logging_mixin.py:190} INFO - [2026-02-25T13:40:49.810+0000] {dag.py:4180} INFO - Setting next_dagrun for example_subdag_operator.section-2 to None, run_after=None
[2026-02-25T13:40:49.814+0000] {logging_mixin.py:190} INFO - [2026-02-25T13:40:49.814+0000] {dag.py:3239} INFO - Sync 2 DAGs
[2026-02-25T13:40:49.816+0000] {logging_mixin.py:190} INFO - [2026-02-25T13:40:49.816+0000] {dag.py:4180} INFO - Setting next_dagrun for example_subdag_operator.section-1 to None, run_after=None
[2026-02-25T13:40:49.817+0000] {logging_mixin.py:190} INFO - [2026-02-25T13:40:49.817+0000] {dag.py:4180} INFO - Setting next_dagrun for example_subdag_operator.section-2 to None, run_after=None
[2026-02-25T13:40:49.827+0000] {processor.py:208} INFO - Processing /home/ubuntu/airflow-venv/lib/python3.12/site-packages/airflow/example_dags/example_subdag_operator.py took 0.058 seconds
[2026-02-25T13:41:38.559+0000] {processor.py:186} INFO - Started process (PID=2843) to work on /home/ubuntu/airflow-venv/lib/python3.12/site-packages/airflow/example_dags/example_subdag_operator.py
[2026-02-25T13:41:38.561+0000] {processor.py:914} INFO - Processing file /home/ubuntu/airflow-venv/lib/python3.12/site-packages/airflow/example_dags/example_subdag_operator.py for tasks to queue
[2026-02-25T13:41:38.562+0000] {logging_mixin.py:190} INFO - [2026-02-25T13:41:38.562+0000] {dagbag.py:588} INFO - Filling up the DagBag from /home/ubuntu/airflow-venv/lib/python3.12/site-packages/airflow/example_dags/example_subdag_operator.py
[2026-02-25T13:41:38.576+0000] {processor.py:925} INFO - DAG(s) 'example_subdag_operator.section-1', 'example_subdag_operator.section-2', 'example_subdag_operator' retrieved from /home/ubuntu/airflow-venv/lib/python3.12/site-packages/airflow/example_dags/example_subdag_operator.py
[2026-02-25T13:41:38.662+0000] {logging_mixin.py:190} INFO - [2026-02-25T13:41:38.662+0000] {dag.py:3239} INFO - Sync 3 DAGs
[2026-02-25T13:41:38.672+0000] {logging_mixin.py:190} INFO - [2026-02-25T13:41:38.672+0000] {dag.py:4180} INFO - Setting next_dagrun for example_subdag_operator to 2022-01-01 00:00:00+00:00, run_after=2022-01-01 00:00:00+00:00
[2026-02-25T13:41:38.673+0000] {logging_mixin.py:190} INFO - [2026-02-25T13:41:38.673+0000] {dag.py:4180} INFO - Setting next_dagrun for example_subdag_operator.section-1 to None, run_after=None
[2026-02-25T13:41:38.674+0000] {logging_mixin.py:190} INFO - [2026-02-25T13:41:38.674+0000] {dag.py:4180} INFO - Setting next_dagrun for example_subdag_operator.section-2 to None, run_after=None
[2026-02-25T13:41:38.677+0000] {logging_mixin.py:190} INFO - [2026-02-25T13:41:38.677+0000] {dag.py:3239} INFO - Sync 2 DAGs
[2026-02-25T13:41:38.679+0000] {logging_mixin.py:190} INFO - [2026-02-25T13:41:38.679+0000] {dag.py:4180} INFO - Setting next_dagrun for example_subdag_operator.section-1 to None, run_after=None
[2026-02-25T13:41:38.679+0000] {logging_mixin.py:190} INFO - [2026-02-25T13:41:38.679+0000] {dag.py:4180} INFO - Setting next_dagrun for example_subdag_operator.section-2 to None, run_after=None
[2026-02-25T13:41:38.691+0000] {processor.py:208} INFO - Processing /home/ubuntu/airflow-venv/lib/python3.12/site-packages/airflow/example_dags/example_subdag_operator.py took 0.136 seconds
[2026-02-25T13:42:32.998+0000] {processor.py:186} INFO - Started process (PID=2898) to work on /home/ubuntu/airflow-venv/lib/python3.12/site-packages/airflow/example_dags/example_subdag_operator.py
[2026-02-25T13:42:32.999+0000] {processor.py:914} INFO - Processing file /home/ubuntu/airflow-venv/lib/python3.12/site-packages/airflow/example_dags/example_subdag_operator.py for tasks to queue
[2026-02-25T13:42:33.001+0000] {logging_mixin.py:190} INFO - [2026-02-25T13:42:33.000+0000] {dagbag.py:588} INFO - Filling up the DagBag from /home/ubuntu/airflow-venv/lib/python3.12/site-packages/airflow/example_dags/example_subdag_operator.py
[2026-02-25T13:42:33.014+0000] {processor.py:925} INFO - DAG(s) 'example_subdag_operator.section-1', 'example_subdag_operator.section-2', 'example_subdag_operator' retrieved from /home/ubuntu/airflow-venv/lib/python3.12/site-packages/airflow/example_dags/example_subdag_operator.py
[2026-02-25T13:42:33.023+0000] {logging_mixin.py:190} INFO - [2026-02-25T13:42:33.022+0000] {dag.py:3239} INFO - Sync 3 DAGs
[2026-02-25T13:42:33.034+0000] {logging_mixin.py:190} INFO - [2026-02-25T13:42:33.034+0000] {dag.py:4180} INFO - Setting next_dagrun for example_subdag_operator to 2022-01-01 00:00:00+00:00, run_after=2022-01-01 00:00:00+00:00
[2026-02-25T13:42:33.036+0000] {logging_mixin.py:190} INFO - [2026-02-25T13:42:33.036+0000] {dag.py:4180} INFO - Setting next_dagrun for example_subdag_operator.section-1 to None, run_after=None
[2026-02-25T13:42:33.037+0000] {logging_mixin.py:190} INFO - [2026-02-25T13:42:33.037+0000] {dag.py:4180} INFO - Setting next_dagrun for example_subdag_operator.section-2 to None, run_after=None
[2026-02-25T13:42:33.040+0000] {logging_mixin.py:190} INFO - [2026-02-25T13:42:33.040+0000] {dag.py:3239} INFO - Sync 2 DAGs
[2026-02-25T13:42:33.042+0000] {logging_mixin.py:190} INFO - [2026-02-25T13:42:33.042+0000] {dag.py:4180} INFO - Setting next_dagrun for example_subdag_operator.section-1 to None, run_after=None
[2026-02-25T13:42:33.043+0000] {logging_mixin.py:190} INFO - [2026-02-25T13:42:33.042+0000] {dag.py:4180} INFO - Setting next_dagrun for example_subdag_operator.section-2 to None, run_after=None
[2026-02-25T13:42:33.054+0000] {processor.py:208} INFO - Processing /home/ubuntu/airflow-venv/lib/python3.12/site-packages/airflow/example_dags/example_subdag_operator.py took 0.060 seconds
[2026-02-25T13:43:26.618+0000] {processor.py:186} INFO - Started process (PID=2953) to work on /home/ubuntu/airflow-venv/lib/python3.12/site-packages/airflow/example_dags/example_subdag_operator.py
[2026-02-25T13:43:26.619+0000] {processor.py:914} INFO - Processing file /home/ubuntu/airflow-venv/lib/python3.12/site-packages/airflow/example_dags/example_subdag_operator.py for tasks to queue
[2026-02-25T13:43:26.620+0000] {logging_mixin.py:190} INFO - [2026-02-25T13:43:26.620+0000] {dagbag.py:588} INFO - Filling up the DagBag from /home/ubuntu/airflow-venv/lib/python3.12/site-packages/airflow/example_dags/example_subdag_operator.py
[2026-02-25T13:43:26.635+0000] {processor.py:925} INFO - DAG(s) 'example_subdag_operator.section-1', 'example_subdag_operator.section-2', 'example_subdag_operator' retrieved from /home/ubuntu/airflow-venv/lib/python3.12/site-packages/airflow/example_dags/example_subdag_operator.py
[2026-02-25T13:43:26.643+0000] {logging_mixin.py:190} INFO - [2026-02-25T13:43:26.643+0000] {dag.py:3239} INFO - Sync 3 DAGs
[2026-02-25T13:43:26.655+0000] {logging_mixin.py:190} INFO - [2026-02-25T13:43:26.655+0000] {dag.py:4180} INFO - Setting next_dagrun for example_subdag_operator to 2022-01-01 00:00:00+00:00, run_after=2022-01-01 00:00:00+00:00
[2026-02-25T13:43:26.657+0000] {logging_mixin.py:190} INFO - [2026-02-25T13:43:26.657+0000] {dag.py:4180} INFO - Setting next_dagrun for example_subdag_operator.section-1 to None, run_after=None
[2026-02-25T13:43:26.657+0000] {logging_mixin.py:190} INFO - [2026-02-25T13:43:26.657+0000] {dag.py:4180} INFO - Setting next_dagrun for example_subdag_operator.section-2 to None, run_after=None
[2026-02-25T13:43:26.661+0000] {logging_mixin.py:190} INFO - [2026-02-25T13:43:26.661+0000] {dag.py:3239} INFO - Sync 2 DAGs
[2026-02-25T13:43:26.663+0000] {logging_mixin.py:190} INFO - [2026-02-25T13:43:26.663+0000] {dag.py:4180} INFO - Setting next_dagrun for example_subdag_operator.section-1 to None, run_after=None
[2026-02-25T13:43:26.663+0000] {logging_mixin.py:190} INFO - [2026-02-25T13:43:26.663+0000] {dag.py:4180} INFO - Setting next_dagrun for example_subdag_operator.section-2 to None, run_after=None
[2026-02-25T13:43:26.675+0000] {processor.py:208} INFO - Processing /home/ubuntu/airflow-venv/lib/python3.12/site-packages/airflow/example_dags/example_subdag_operator.py took 0.062 seconds
[2026-02-25T13:44:16.806+0000] {processor.py:186} INFO - Started process (PID=3008) to work on /home/ubuntu/airflow-venv/lib/python3.12/site-packages/airflow/example_dags/example_subdag_operator.py
[2026-02-25T13:44:16.807+0000] {processor.py:914} INFO - Processing file /home/ubuntu/airflow-venv/lib/python3.12/site-packages/airflow/example_dags/example_subdag_operator.py for tasks to queue
[2026-02-25T13:44:16.809+0000] {logging_mixin.py:190} INFO - [2026-02-25T13:44:16.808+0000] {dagbag.py:588} INFO - Filling up the DagBag from /home/ubuntu/airflow-venv/lib/python3.12/site-packages/airflow/example_dags/example_subdag_operator.py
[2026-02-25T13:44:16.823+0000] {processor.py:925} INFO - DAG(s) 'example_subdag_operator.section-1', 'example_subdag_operator.section-2', 'example_subdag_operator' retrieved from /home/ubuntu/airflow-venv/lib/python3.12/site-packages/airflow/example_dags/example_subdag_operator.py
[2026-02-25T13:44:16.831+0000] {logging_mixin.py:190} INFO - [2026-02-25T13:44:16.831+0000] {dag.py:3239} INFO - Sync 3 DAGs
[2026-02-25T13:44:16.843+0000] {logging_mixin.py:190} INFO - [2026-02-25T13:44:16.843+0000] {dag.py:4180} INFO - Setting next_dagrun for example_subdag_operator to 2022-01-01 00:00:00+00:00, run_after=2022-01-01 00:00:00+00:00
[2026-02-25T13:44:16.845+0000] {logging_mixin.py:190} INFO - [2026-02-25T13:44:16.844+0000] {dag.py:4180} INFO - Setting next_dagrun for example_subdag_operator.section-1 to None, run_after=None
[2026-02-25T13:44:16.845+0000] {logging_mixin.py:190} INFO - [2026-02-25T13:44:16.845+0000] {dag.py:4180} INFO - Setting next_dagrun for example_subdag_operator.section-2 to None, run_after=None
[2026-02-25T13:44:16.848+0000] {logging_mixin.py:190} INFO - [2026-02-25T13:44:16.848+0000] {dag.py:3239} INFO - Sync 2 DAGs
[2026-02-25T13:44:16.851+0000] {logging_mixin.py:190} INFO - [2026-02-25T13:44:16.850+0000] {dag.py:4180} INFO - Setting next_dagrun for example_subdag_operator.section-1 to None, run_after=None
[2026-02-25T13:44:16.851+0000] {logging_mixin.py:190} INFO - [2026-02-25T13:44:16.851+0000] {dag.py:4180} INFO - Setting next_dagrun for example_subdag_operator.section-2 to None, run_after=None
[2026-02-25T13:44:16.862+0000] {processor.py:208} INFO - Processing /home/ubuntu/airflow-venv/lib/python3.12/site-packages/airflow/example_dags/example_subdag_operator.py took 0.060 seconds
[2026-02-25T13:45:11.507+0000] {processor.py:186} INFO - Started process (PID=3066) to work on /home/ubuntu/airflow-venv/lib/python3.12/site-packages/airflow/example_dags/example_subdag_operator.py
[2026-02-25T13:45:11.508+0000] {processor.py:914} INFO - Processing file /home/ubuntu/airflow-venv/lib/python3.12/site-packages/airflow/example_dags/example_subdag_operator.py for tasks to queue
[2026-02-25T13:45:11.510+0000] {logging_mixin.py:190} INFO - [2026-02-25T13:45:11.509+0000] {dagbag.py:588} INFO - Filling up the DagBag from /home/ubuntu/airflow-venv/lib/python3.12/site-packages/airflow/example_dags/example_subdag_operator.py
[2026-02-25T13:45:11.524+0000] {processor.py:925} INFO - DAG(s) 'example_subdag_operator.section-1', 'example_subdag_operator.section-2', 'example_subdag_operator' retrieved from /home/ubuntu/airflow-venv/lib/python3.12/site-packages/airflow/example_dags/example_subdag_operator.py
[2026-02-25T13:45:11.532+0000] {logging_mixin.py:190} INFO - [2026-02-25T13:45:11.532+0000] {dag.py:3239} INFO - Sync 3 DAGs
[2026-02-25T13:45:11.544+0000] {logging_mixin.py:190} INFO - [2026-02-25T13:45:11.544+0000] {dag.py:4180} INFO - Setting next_dagrun for example_subdag_operator to 2022-01-01 00:00:00+00:00, run_after=2022-01-01 00:00:00+00:00
[2026-02-25T13:45:11.546+0000] {logging_mixin.py:190} INFO - [2026-02-25T13:45:11.546+0000] {dag.py:4180} INFO - Setting next_dagrun for example_subdag_operator.section-1 to None, run_after=None
[2026-02-25T13:45:11.546+0000] {logging_mixin.py:190} INFO - [2026-02-25T13:45:11.546+0000] {dag.py:4180} INFO - Setting next_dagrun for example_subdag_operator.section-2 to None, run_after=None
[2026-02-25T13:45:11.550+0000] {logging_mixin.py:190} INFO - [2026-02-25T13:45:11.549+0000] {dag.py:3239} INFO - Sync 2 DAGs
[2026-02-25T13:45:11.552+0000] {logging_mixin.py:190} INFO - [2026-02-25T13:45:11.552+0000] {dag.py:4180} INFO - Setting next_dagrun for example_subdag_operator.section-1 to None, run_after=None
[2026-02-25T13:45:11.552+0000] {logging_mixin.py:190} INFO - [2026-02-25T13:45:11.552+0000] {dag.py:4180} INFO - Setting next_dagrun for example_subdag_operator.section-2 to None, run_after=None
[2026-02-25T13:45:11.563+0000] {processor.py:208} INFO - Processing /home/ubuntu/airflow-venv/lib/python3.12/site-packages/airflow/example_dags/example_subdag_operator.py took 0.060 seconds
[2026-02-25T13:46:04.267+0000] {processor.py:186} INFO - Started process (PID=3123) to work on /home/ubuntu/airflow-venv/lib/python3.12/site-packages/airflow/example_dags/example_subdag_operator.py
[2026-02-25T13:46:04.268+0000] {processor.py:914} INFO - Processing file /home/ubuntu/airflow-venv/lib/python3.12/site-packages/airflow/example_dags/example_subdag_operator.py for tasks to queue
[2026-02-25T13:46:04.269+0000] {logging_mixin.py:190} INFO - [2026-02-25T13:46:04.269+0000] {dagbag.py:588} INFO - Filling up the DagBag from /home/ubuntu/airflow-venv/lib/python3.12/site-packages/airflow/example_dags/example_subdag_operator.py
[2026-02-25T13:46:04.283+0000] {processor.py:925} INFO - DAG(s) 'example_subdag_operator.section-1', 'example_subdag_operator.section-2', 'example_subdag_operator' retrieved from /home/ubuntu/airflow-venv/lib/python3.12/site-packages/airflow/example_dags/example_subdag_operator.py
[2026-02-25T13:46:04.292+0000] {logging_mixin.py:190} INFO - [2026-02-25T13:46:04.292+0000] {dag.py:3239} INFO - Sync 3 DAGs
[2026-02-25T13:46:04.304+0000] {logging_mixin.py:190} INFO - [2026-02-25T13:46:04.304+0000] {dag.py:4180} INFO - Setting next_dagrun for example_subdag_operator to 2022-01-01 00:00:00+00:00, run_after=2022-01-01 00:00:00+00:00
[2026-02-25T13:46:04.306+0000] {logging_mixin.py:190} INFO - [2026-02-25T13:46:04.306+0000] {dag.py:4180} INFO - Setting next_dagrun for example_subdag_operator.section-1 to None, run_after=None
[2026-02-25T13:46:04.306+0000] {logging_mixin.py:190} INFO - [2026-02-25T13:46:04.306+0000] {dag.py:4180} INFO - Setting next_dagrun for example_subdag_operator.section-2 to None, run_after=None
[2026-02-25T13:46:04.310+0000] {logging_mixin.py:190} INFO - [2026-02-25T13:46:04.310+0000] {dag.py:3239} INFO - Sync 2 DAGs
[2026-02-25T13:46:04.312+0000] {logging_mixin.py:190} INFO - [2026-02-25T13:46:04.312+0000] {dag.py:4180} INFO - Setting next_dagrun for example_subdag_operator.section-1 to None, run_after=None
[2026-02-25T13:46:04.312+0000] {logging_mixin.py:190} INFO - [2026-02-25T13:46:04.312+0000] {dag.py:4180} INFO - Setting next_dagrun for example_subdag_operator.section-2 to None, run_after=None
[2026-02-25T13:46:04.324+0000] {processor.py:208} INFO - Processing /home/ubuntu/airflow-venv/lib/python3.12/site-packages/airflow/example_dags/example_subdag_operator.py took 0.061 seconds
[2026-02-25T13:46:56.047+0000] {processor.py:186} INFO - Started process (PID=3180) to work on /home/ubuntu/airflow-venv/lib/python3.12/site-packages/airflow/example_dags/example_subdag_operator.py
[2026-02-25T13:46:56.048+0000] {processor.py:914} INFO - Processing file /home/ubuntu/airflow-venv/lib/python3.12/site-packages/airflow/example_dags/example_subdag_operator.py for tasks to queue
[2026-02-25T13:46:56.049+0000] {logging_mixin.py:190} INFO - [2026-02-25T13:46:56.049+0000] {dagbag.py:588} INFO - Filling up the DagBag from /home/ubuntu/airflow-venv/lib/python3.12/site-packages/airflow/example_dags/example_subdag_operator.py
[2026-02-25T13:46:56.063+0000] {processor.py:925} INFO - DAG(s) 'example_subdag_operator.section-1', 'example_subdag_operator.section-2', 'example_subdag_operator' retrieved from /home/ubuntu/airflow-venv/lib/python3.12/site-packages/airflow/example_dags/example_subdag_operator.py
[2026-02-25T13:46:56.072+0000] {logging_mixin.py:190} INFO - [2026-02-25T13:46:56.072+0000] {dag.py:3239} INFO - Sync 3 DAGs
[2026-02-25T13:46:56.083+0000] {logging_mixin.py:190} INFO - [2026-02-25T13:46:56.083+0000] {dag.py:4180} INFO - Setting next_dagrun for example_subdag_operator to 2022-01-01 00:00:00+00:00, run_after=2022-01-01 00:00:00+00:00
[2026-02-25T13:46:56.085+0000] {logging_mixin.py:190} INFO - [2026-02-25T13:46:56.085+0000] {dag.py:4180} INFO - Setting next_dagrun for example_subdag_operator.section-1 to None, run_after=None
[2026-02-25T13:46:56.086+0000] {logging_mixin.py:190} INFO - [2026-02-25T13:46:56.086+0000] {dag.py:4180} INFO - Setting next_dagrun for example_subdag_operator.section-2 to None, run_after=None
[2026-02-25T13:46:56.089+0000] {logging_mixin.py:190} INFO - [2026-02-25T13:46:56.089+0000] {dag.py:3239} INFO - Sync 2 DAGs
[2026-02-25T13:46:56.091+0000] {logging_mixin.py:190} INFO - [2026-02-25T13:46:56.091+0000] {dag.py:4180} INFO - Setting next_dagrun for example_subdag_operator.section-1 to None, run_after=None
[2026-02-25T13:46:56.092+0000] {logging_mixin.py:190} INFO - [2026-02-25T13:46:56.092+0000] {dag.py:4180} INFO - Setting next_dagrun for example_subdag_operator.section-2 to None, run_after=None
[2026-02-25T13:46:56.104+0000] {processor.py:208} INFO - Processing /home/ubuntu/airflow-venv/lib/python3.12/site-packages/airflow/example_dags/example_subdag_operator.py took 0.060 seconds
[2026-02-25T13:47:43.241+0000] {processor.py:186} INFO - Started process (PID=3230) to work on /home/ubuntu/airflow-venv/lib/python3.12/site-packages/airflow/example_dags/example_subdag_operator.py
[2026-02-25T13:47:43.243+0000] {processor.py:914} INFO - Processing file /home/ubuntu/airflow-venv/lib/python3.12/site-packages/airflow/example_dags/example_subdag_operator.py for tasks to queue
[2026-02-25T13:47:43.244+0000] {logging_mixin.py:190} INFO - [2026-02-25T13:47:43.244+0000] {dagbag.py:588} INFO - Filling up the DagBag from /home/ubuntu/airflow-venv/lib/python3.12/site-packages/airflow/example_dags/example_subdag_operator.py
[2026-02-25T13:47:43.258+0000] {processor.py:925} INFO - DAG(s) 'example_subdag_operator.section-1', 'example_subdag_operator.section-2', 'example_subdag_operator' retrieved from /home/ubuntu/airflow-venv/lib/python3.12/site-packages/airflow/example_dags/example_subdag_operator.py
[2026-02-25T13:47:43.266+0000] {logging_mixin.py:190} INFO - [2026-02-25T13:47:43.266+0000] {dag.py:3239} INFO - Sync 3 DAGs
[2026-02-25T13:47:43.278+0000] {logging_mixin.py:190} INFO - [2026-02-25T13:47:43.277+0000] {dag.py:4180} INFO - Setting next_dagrun for example_subdag_operator to 2022-01-01 00:00:00+00:00, run_after=2022-01-01 00:00:00+00:00
[2026-02-25T13:47:43.279+0000] {logging_mixin.py:190} INFO - [2026-02-25T13:47:43.279+0000] {dag.py:4180} INFO - Setting next_dagrun for example_subdag_operator.section-1 to None, run_after=None
[2026-02-25T13:47:43.280+0000] {logging_mixin.py:190} INFO - [2026-02-25T13:47:43.280+0000] {dag.py:4180} INFO - Setting next_dagrun for example_subdag_operator.section-2 to None, run_after=None
[2026-02-25T13:47:43.283+0000] {logging_mixin.py:190} INFO - [2026-02-25T13:47:43.283+0000] {dag.py:3239} INFO - Sync 2 DAGs
[2026-02-25T13:47:43.285+0000] {logging_mixin.py:190} INFO - [2026-02-25T13:47:43.285+0000] {dag.py:4180} INFO - Setting next_dagrun for example_subdag_operator.section-1 to None, run_after=None
[2026-02-25T13:47:43.286+0000] {logging_mixin.py:190} INFO - [2026-02-25T13:47:43.286+0000] {dag.py:4180} INFO - Setting next_dagrun for example_subdag_operator.section-2 to None, run_after=None
[2026-02-25T13:47:43.297+0000] {processor.py:208} INFO - Processing /home/ubuntu/airflow-venv/lib/python3.12/site-packages/airflow/example_dags/example_subdag_operator.py took 0.059 seconds
[2026-02-25T13:48:36.036+0000] {processor.py:186} INFO - Started process (PID=3283) to work on /home/ubuntu/airflow-venv/lib/python3.12/site-packages/airflow/example_dags/example_subdag_operator.py
[2026-02-25T13:48:36.037+0000] {processor.py:914} INFO - Processing file /home/ubuntu/airflow-venv/lib/python3.12/site-packages/airflow/example_dags/example_subdag_operator.py for tasks to queue
[2026-02-25T13:48:36.039+0000] {logging_mixin.py:190} INFO - [2026-02-25T13:48:36.038+0000] {dagbag.py:588} INFO - Filling up the DagBag from /home/ubuntu/airflow-venv/lib/python3.12/site-packages/airflow/example_dags/example_subdag_operator.py
[2026-02-25T13:48:36.053+0000] {processor.py:925} INFO - DAG(s) 'example_subdag_operator.section-1', 'example_subdag_operator.section-2', 'example_subdag_operator' retrieved from /home/ubuntu/airflow-venv/lib/python3.12/site-packages/airflow/example_dags/example_subdag_operator.py
[2026-02-25T13:48:36.061+0000] {logging_mixin.py:190} INFO - [2026-02-25T13:48:36.061+0000] {dag.py:3239} INFO - Sync 3 DAGs
[2026-02-25T13:48:36.072+0000] {logging_mixin.py:190} INFO - [2026-02-25T13:48:36.072+0000] {dag.py:4180} INFO - Setting next_dagrun for example_subdag_operator to 2022-01-01 00:00:00+00:00, run_after=2022-01-01 00:00:00+00:00
[2026-02-25T13:48:36.074+0000] {logging_mixin.py:190} INFO - [2026-02-25T13:48:36.074+0000] {dag.py:4180} INFO - Setting next_dagrun for example_subdag_operator.section-1 to None, run_after=None
[2026-02-25T13:48:36.075+0000] {logging_mixin.py:190} INFO - [2026-02-25T13:48:36.075+0000] {dag.py:4180} INFO - Setting next_dagrun for example_subdag_operator.section-2 to None, run_after=None
[2026-02-25T13:48:36.078+0000] {logging_mixin.py:190} INFO - [2026-02-25T13:48:36.078+0000] {dag.py:3239} INFO - Sync 2 DAGs
[2026-02-25T13:48:36.080+0000] {logging_mixin.py:190} INFO - [2026-02-25T13:48:36.080+0000] {dag.py:4180} INFO - Setting next_dagrun for example_subdag_operator.section-1 to None, run_after=None
[2026-02-25T13:48:36.080+0000] {logging_mixin.py:190} INFO - [2026-02-25T13:48:36.080+0000] {dag.py:4180} INFO - Setting next_dagrun for example_subdag_operator.section-2 to None, run_after=None
[2026-02-25T13:48:36.092+0000] {processor.py:208} INFO - Processing /home/ubuntu/airflow-venv/lib/python3.12/site-packages/airflow/example_dags/example_subdag_operator.py took 0.059 seconds
[2026-02-25T13:49:27.977+0000] {processor.py:186} INFO - Started process (PID=3342) to work on /home/ubuntu/airflow-venv/lib/python3.12/site-packages/airflow/example_dags/example_subdag_operator.py
[2026-02-25T13:49:27.978+0000] {processor.py:914} INFO - Processing file /home/ubuntu/airflow-venv/lib/python3.12/site-packages/airflow/example_dags/example_subdag_operator.py for tasks to queue
[2026-02-25T13:49:27.979+0000] {logging_mixin.py:190} INFO - [2026-02-25T13:49:27.979+0000] {dagbag.py:588} INFO - Filling up the DagBag from /home/ubuntu/airflow-venv/lib/python3.12/site-packages/airflow/example_dags/example_subdag_operator.py
[2026-02-25T13:49:27.993+0000] {processor.py:925} INFO - DAG(s) 'example_subdag_operator.section-1', 'example_subdag_operator.section-2', 'example_subdag_operator' retrieved from /home/ubuntu/airflow-venv/lib/python3.12/site-packages/airflow/example_dags/example_subdag_operator.py
[2026-02-25T13:49:28.002+0000] {logging_mixin.py:190} INFO - [2026-02-25T13:49:28.002+0000] {dag.py:3239} INFO - Sync 3 DAGs
[2026-02-25T13:49:28.013+0000] {logging_mixin.py:190} INFO - [2026-02-25T13:49:28.013+0000] {dag.py:4180} INFO - Setting next_dagrun for example_subdag_operator to 2022-01-01 00:00:00+00:00, run_after=2022-01-01 00:00:00+00:00
[2026-02-25T13:49:28.015+0000] {logging_mixin.py:190} INFO - [2026-02-25T13:49:28.015+0000] {dag.py:4180} INFO - Setting next_dagrun for example_subdag_operator.section-1 to None, run_after=None
[2026-02-25T13:49:28.016+0000] {logging_mixin.py:190} INFO - [2026-02-25T13:49:28.016+0000] {dag.py:4180} INFO - Setting next_dagrun for example_subdag_operator.section-2 to None, run_after=None
[2026-02-25T13:49:28.019+0000] {logging_mixin.py:190} INFO - [2026-02-25T13:49:28.019+0000] {dag.py:3239} INFO - Sync 2 DAGs
[2026-02-25T13:49:28.021+0000] {logging_mixin.py:190} INFO - [2026-02-25T13:49:28.021+0000] {dag.py:4180} INFO - Setting next_dagrun for example_subdag_operator.section-1 to None, run_after=None
[2026-02-25T13:49:28.022+0000] {logging_mixin.py:190} INFO - [2026-02-25T13:49:28.021+0000] {dag.py:4180} INFO - Setting next_dagrun for example_subdag_operator.section-2 to None, run_after=None
[2026-02-25T13:49:28.033+0000] {processor.py:208} INFO - Processing /home/ubuntu/airflow-venv/lib/python3.12/site-packages/airflow/example_dags/example_subdag_operator.py took 0.060 seconds
[2026-02-25T13:50:16.134+0000] {processor.py:186} INFO - Started process (PID=3397) to work on /home/ubuntu/airflow-venv/lib/python3.12/site-packages/airflow/example_dags/example_subdag_operator.py
[2026-02-25T13:50:16.135+0000] {processor.py:914} INFO - Processing file /home/ubuntu/airflow-venv/lib/python3.12/site-packages/airflow/example_dags/example_subdag_operator.py for tasks to queue
[2026-02-25T13:50:16.136+0000] {logging_mixin.py:190} INFO - [2026-02-25T13:50:16.136+0000] {dagbag.py:588} INFO - Filling up the DagBag from /home/ubuntu/airflow-venv/lib/python3.12/site-packages/airflow/example_dags/example_subdag_operator.py
[2026-02-25T13:50:16.150+0000] {processor.py:925} INFO - DAG(s) 'example_subdag_operator.section-1', 'example_subdag_operator.section-2', 'example_subdag_operator' retrieved from /home/ubuntu/airflow-venv/lib/python3.12/site-packages/airflow/example_dags/example_subdag_operator.py
[2026-02-25T13:50:16.159+0000] {logging_mixin.py:190} INFO - [2026-02-25T13:50:16.159+0000] {dag.py:3239} INFO - Sync 3 DAGs
[2026-02-25T13:50:16.170+0000] {logging_mixin.py:190} INFO - [2026-02-25T13:50:16.170+0000] {dag.py:4180} INFO - Setting next_dagrun for example_subdag_operator to 2022-01-01 00:00:00+00:00, run_after=2022-01-01 00:00:00+00:00
[2026-02-25T13:50:16.172+0000] {logging_mixin.py:190} INFO - [2026-02-25T13:50:16.172+0000] {dag.py:4180} INFO - Setting next_dagrun for example_subdag_operator.section-1 to None, run_after=None
[2026-02-25T13:50:16.172+0000] {logging_mixin.py:190} INFO - [2026-02-25T13:50:16.172+0000] {dag.py:4180} INFO - Setting next_dagrun for example_subdag_operator.section-2 to None, run_after=None
[2026-02-25T13:50:16.176+0000] {logging_mixin.py:190} INFO - [2026-02-25T13:50:16.176+0000] {dag.py:3239} INFO - Sync 2 DAGs
[2026-02-25T13:50:16.178+0000] {logging_mixin.py:190} INFO - [2026-02-25T13:50:16.178+0000] {dag.py:4180} INFO - Setting next_dagrun for example_subdag_operator.section-1 to None, run_after=None
[2026-02-25T13:50:16.179+0000] {logging_mixin.py:190} INFO - [2026-02-25T13:50:16.179+0000] {dag.py:4180} INFO - Setting next_dagrun for example_subdag_operator.section-2 to None, run_after=None
[2026-02-25T13:50:16.191+0000] {processor.py:208} INFO - Processing /home/ubuntu/airflow-venv/lib/python3.12/site-packages/airflow/example_dags/example_subdag_operator.py took 0.060 seconds
[2026-02-25T13:51:07.929+0000] {processor.py:186} INFO - Started process (PID=3450) to work on /home/ubuntu/airflow-venv/lib/python3.12/site-packages/airflow/example_dags/example_subdag_operator.py
[2026-02-25T13:51:07.930+0000] {processor.py:914} INFO - Processing file /home/ubuntu/airflow-venv/lib/python3.12/site-packages/airflow/example_dags/example_subdag_operator.py for tasks to queue
[2026-02-25T13:51:07.931+0000] {logging_mixin.py:190} INFO - [2026-02-25T13:51:07.931+0000] {dagbag.py:588} INFO - Filling up the DagBag from /home/ubuntu/airflow-venv/lib/python3.12/site-packages/airflow/example_dags/example_subdag_operator.py
[2026-02-25T13:51:07.946+0000] {processor.py:925} INFO - DAG(s) 'example_subdag_operator.section-1', 'example_subdag_operator.section-2', 'example_subdag_operator' retrieved from /home/ubuntu/airflow-venv/lib/python3.12/site-packages/airflow/example_dags/example_subdag_operator.py
[2026-02-25T13:51:07.954+0000] {logging_mixin.py:190} INFO - [2026-02-25T13:51:07.954+0000] {dag.py:3239} INFO - Sync 3 DAGs
[2026-02-25T13:51:07.966+0000] {logging_mixin.py:190} INFO - [2026-02-25T13:51:07.966+0000] {dag.py:4180} INFO - Setting next_dagrun for example_subdag_operator to 2022-01-01 00:00:00+00:00, run_after=2022-01-01 00:00:00+00:00
[2026-02-25T13:51:07.968+0000] {logging_mixin.py:190} INFO - [2026-02-25T13:51:07.968+0000] {dag.py:4180} INFO - Setting next_dagrun for example_subdag_operator.section-1 to None, run_after=None
[2026-02-25T13:51:07.968+0000] {logging_mixin.py:190} INFO - [2026-02-25T13:51:07.968+0000] {dag.py:4180} INFO - Setting next_dagrun for example_subdag_operator.section-2 to None, run_after=None
[2026-02-25T13:51:07.972+0000] {logging_mixin.py:190} INFO - [2026-02-25T13:51:07.971+0000] {dag.py:3239} INFO - Sync 2 DAGs
[2026-02-25T13:51:07.974+0000] {logging_mixin.py:190} INFO - [2026-02-25T13:51:07.974+0000] {dag.py:4180} INFO - Setting next_dagrun for example_subdag_operator.section-1 to None, run_after=None
[2026-02-25T13:51:07.974+0000] {logging_mixin.py:190} INFO - [2026-02-25T13:51:07.974+0000] {dag.py:4180} INFO - Setting next_dagrun for example_subdag_operator.section-2 to None, run_after=None
[2026-02-25T13:51:07.986+0000] {processor.py:208} INFO - Processing /home/ubuntu/airflow-venv/lib/python3.12/site-packages/airflow/example_dags/example_subdag_operator.py took 0.061 seconds
[2026-02-25T13:51:57.710+0000] {processor.py:186} INFO - Started process (PID=3502) to work on /home/ubuntu/airflow-venv/lib/python3.12/site-packages/airflow/example_dags/example_subdag_operator.py
[2026-02-25T13:51:57.711+0000] {processor.py:914} INFO - Processing file /home/ubuntu/airflow-venv/lib/python3.12/site-packages/airflow/example_dags/example_subdag_operator.py for tasks to queue
[2026-02-25T13:51:57.713+0000] {logging_mixin.py:190} INFO - [2026-02-25T13:51:57.712+0000] {dagbag.py:588} INFO - Filling up the DagBag from /home/ubuntu/airflow-venv/lib/python3.12/site-packages/airflow/example_dags/example_subdag_operator.py
[2026-02-25T13:51:57.727+0000] {processor.py:925} INFO - DAG(s) 'example_subdag_operator.section-1', 'example_subdag_operator.section-2', 'example_subdag_operator' retrieved from /home/ubuntu/airflow-venv/lib/python3.12/site-packages/airflow/example_dags/example_subdag_operator.py
[2026-02-25T13:51:57.735+0000] {logging_mixin.py:190} INFO - [2026-02-25T13:51:57.735+0000] {dag.py:3239} INFO - Sync 3 DAGs
[2026-02-25T13:51:57.747+0000] {logging_mixin.py:190} INFO - [2026-02-25T13:51:57.747+0000] {dag.py:4180} INFO - Setting next_dagrun for example_subdag_operator to 2022-01-01 00:00:00+00:00, run_after=2022-01-01 00:00:00+00:00
[2026-02-25T13:51:57.749+0000] {logging_mixin.py:190} INFO - [2026-02-25T13:51:57.749+0000] {dag.py:4180} INFO - Setting next_dagrun for example_subdag_operator.section-1 to None, run_after=None
[2026-02-25T13:51:57.750+0000] {logging_mixin.py:190} INFO - [2026-02-25T13:51:57.749+0000] {dag.py:4180} INFO - Setting next_dagrun for example_subdag_operator.section-2 to None, run_after=None
[2026-02-25T13:51:57.753+0000] {logging_mixin.py:190} INFO - [2026-02-25T13:51:57.753+0000] {dag.py:3239} INFO - Sync 2 DAGs
[2026-02-25T13:51:57.755+0000] {logging_mixin.py:190} INFO - [2026-02-25T13:51:57.755+0000] {dag.py:4180} INFO - Setting next_dagrun for example_subdag_operator.section-1 to None, run_after=None
[2026-02-25T13:51:57.755+0000] {logging_mixin.py:190} INFO - [2026-02-25T13:51:57.755+0000] {dag.py:4180} INFO - Setting next_dagrun for example_subdag_operator.section-2 to None, run_after=None
[2026-02-25T13:51:57.767+0000] {processor.py:208} INFO - Processing /home/ubuntu/airflow-venv/lib/python3.12/site-packages/airflow/example_dags/example_subdag_operator.py took 0.061 seconds
[2026-02-25T13:52:48.481+0000] {processor.py:186} INFO - Started process (PID=3556) to work on /home/ubuntu/airflow-venv/lib/python3.12/site-packages/airflow/example_dags/example_subdag_operator.py
[2026-02-25T13:52:48.482+0000] {processor.py:914} INFO - Processing file /home/ubuntu/airflow-venv/lib/python3.12/site-packages/airflow/example_dags/example_subdag_operator.py for tasks to queue
[2026-02-25T13:52:48.484+0000] {logging_mixin.py:190} INFO - [2026-02-25T13:52:48.483+0000] {dagbag.py:588} INFO - Filling up the DagBag from /home/ubuntu/airflow-venv/lib/python3.12/site-packages/airflow/example_dags/example_subdag_operator.py
[2026-02-25T13:52:48.498+0000] {processor.py:925} INFO - DAG(s) 'example_subdag_operator.section-1', 'example_subdag_operator.section-2', 'example_subdag_operator' retrieved from /home/ubuntu/airflow-venv/lib/python3.12/site-packages/airflow/example_dags/example_subdag_operator.py
[2026-02-25T13:52:48.506+0000] {logging_mixin.py:190} INFO - [2026-02-25T13:52:48.506+0000] {dag.py:3239} INFO - Sync 3 DAGs
[2026-02-25T13:52:48.518+0000] {logging_mixin.py:190} INFO - [2026-02-25T13:52:48.518+0000] {dag.py:4180} INFO - Setting next_dagrun for example_subdag_operator to 2022-01-01 00:00:00+00:00, run_after=2022-01-01 00:00:00+00:00
[2026-02-25T13:52:48.520+0000] {logging_mixin.py:190} INFO - [2026-02-25T13:52:48.519+0000] {dag.py:4180} INFO - Setting next_dagrun for example_subdag_operator.section-1 to None, run_after=None
[2026-02-25T13:52:48.520+0000] {logging_mixin.py:190} INFO - [2026-02-25T13:52:48.520+0000] {dag.py:4180} INFO - Setting next_dagrun for example_subdag_operator.section-2 to None, run_after=None
[2026-02-25T13:52:48.524+0000] {logging_mixin.py:190} INFO - [2026-02-25T13:52:48.523+0000] {dag.py:3239} INFO - Sync 2 DAGs
[2026-02-25T13:52:48.526+0000] {logging_mixin.py:190} INFO - [2026-02-25T13:52:48.525+0000] {dag.py:4180} INFO - Setting next_dagrun for example_subdag_operator.section-1 to None, run_after=None
[2026-02-25T13:52:48.526+0000] {logging_mixin.py:190} INFO - [2026-02-25T13:52:48.526+0000] {dag.py:4180} INFO - Setting next_dagrun for example_subdag_operator.section-2 to None, run_after=None
[2026-02-25T13:52:48.538+0000] {processor.py:208} INFO - Processing /home/ubuntu/airflow-venv/lib/python3.12/site-packages/airflow/example_dags/example_subdag_operator.py took 0.060 seconds
[2026-02-25T13:53:37.793+0000] {processor.py:186} INFO - Started process (PID=3615) to work on /home/ubuntu/airflow-venv/lib/python3.12/site-packages/airflow/example_dags/example_subdag_operator.py
[2026-02-25T13:53:37.794+0000] {processor.py:914} INFO - Processing file /home/ubuntu/airflow-venv/lib/python3.12/site-packages/airflow/example_dags/example_subdag_operator.py for tasks to queue
[2026-02-25T13:53:37.796+0000] {logging_mixin.py:190} INFO - [2026-02-25T13:53:37.795+0000] {dagbag.py:588} INFO - Filling up the DagBag from /home/ubuntu/airflow-venv/lib/python3.12/site-packages/airflow/example_dags/example_subdag_operator.py
[2026-02-25T13:53:37.810+0000] {processor.py:925} INFO - DAG(s) 'example_subdag_operator.section-1', 'example_subdag_operator.section-2', 'example_subdag_operator' retrieved from /home/ubuntu/airflow-venv/lib/python3.12/site-packages/airflow/example_dags/example_subdag_operator.py
[2026-02-25T13:53:37.819+0000] {logging_mixin.py:190} INFO - [2026-02-25T13:53:37.819+0000] {dag.py:3239} INFO - Sync 3 DAGs
[2026-02-25T13:53:37.830+0000] {logging_mixin.py:190} INFO - [2026-02-25T13:53:37.830+0000] {dag.py:4180} INFO - Setting next_dagrun for example_subdag_operator to 2022-01-01 00:00:00+00:00, run_after=2022-01-01 00:00:00+00:00
[2026-02-25T13:53:37.833+0000] {logging_mixin.py:190} INFO - [2026-02-25T13:53:37.832+0000] {dag.py:4180} INFO - Setting next_dagrun for example_subdag_operator.section-1 to None, run_after=None
[2026-02-25T13:53:37.833+0000] {logging_mixin.py:190} INFO - [2026-02-25T13:53:37.833+0000] {dag.py:4180} INFO - Setting next_dagrun for example_subdag_operator.section-2 to None, run_after=None
[2026-02-25T13:53:37.836+0000] {logging_mixin.py:190} INFO - [2026-02-25T13:53:37.836+0000] {dag.py:3239} INFO - Sync 2 DAGs
[2026-02-25T13:53:37.839+0000] {logging_mixin.py:190} INFO - [2026-02-25T13:53:37.838+0000] {dag.py:4180} INFO - Setting next_dagrun for example_subdag_operator.section-1 to None, run_after=None
[2026-02-25T13:53:37.839+0000] {logging_mixin.py:190} INFO - [2026-02-25T13:53:37.839+0000] {dag.py:4180} INFO - Setting next_dagrun for example_subdag_operator.section-2 to None, run_after=None
[2026-02-25T13:53:37.850+0000] {processor.py:208} INFO - Processing /home/ubuntu/airflow-venv/lib/python3.12/site-packages/airflow/example_dags/example_subdag_operator.py took 0.061 seconds
[2026-02-25T13:54:28.583+0000] {processor.py:186} INFO - Started process (PID=3674) to work on /home/ubuntu/airflow-venv/lib/python3.12/site-packages/airflow/example_dags/example_subdag_operator.py
[2026-02-25T13:54:28.585+0000] {processor.py:914} INFO - Processing file /home/ubuntu/airflow-venv/lib/python3.12/site-packages/airflow/example_dags/example_subdag_operator.py for tasks to queue
[2026-02-25T13:54:28.586+0000] {logging_mixin.py:190} INFO - [2026-02-25T13:54:28.586+0000] {dagbag.py:588} INFO - Filling up the DagBag from /home/ubuntu/airflow-venv/lib/python3.12/site-packages/airflow/example_dags/example_subdag_operator.py
[2026-02-25T13:54:28.601+0000] {processor.py:925} INFO - DAG(s) 'example_subdag_operator.section-1', 'example_subdag_operator.section-2', 'example_subdag_operator' retrieved from /home/ubuntu/airflow-venv/lib/python3.12/site-packages/airflow/example_dags/example_subdag_operator.py
[2026-02-25T13:54:28.609+0000] {logging_mixin.py:190} INFO - [2026-02-25T13:54:28.609+0000] {dag.py:3239} INFO - Sync 3 DAGs
[2026-02-25T13:54:28.621+0000] {logging_mixin.py:190} INFO - [2026-02-25T13:54:28.621+0000] {dag.py:4180} INFO - Setting next_dagrun for example_subdag_operator to 2022-01-01 00:00:00+00:00, run_after=2022-01-01 00:00:00+00:00
[2026-02-25T13:54:28.623+0000] {logging_mixin.py:190} INFO - [2026-02-25T13:54:28.623+0000] {dag.py:4180} INFO - Setting next_dagrun for example_subdag_operator.section-1 to None, run_after=None
[2026-02-25T13:54:28.624+0000] {logging_mixin.py:190} INFO - [2026-02-25T13:54:28.624+0000] {dag.py:4180} INFO - Setting next_dagrun for example_subdag_operator.section-2 to None, run_after=None
[2026-02-25T13:54:28.627+0000] {logging_mixin.py:190} INFO - [2026-02-25T13:54:28.627+0000] {dag.py:3239} INFO - Sync 2 DAGs
[2026-02-25T13:54:28.629+0000] {logging_mixin.py:190} INFO - [2026-02-25T13:54:28.629+0000] {dag.py:4180} INFO - Setting next_dagrun for example_subdag_operator.section-1 to None, run_after=None
[2026-02-25T13:54:28.629+0000] {logging_mixin.py:190} INFO - [2026-02-25T13:54:28.629+0000] {dag.py:4180} INFO - Setting next_dagrun for example_subdag_operator.section-2 to None, run_after=None
[2026-02-25T13:54:28.643+0000] {processor.py:208} INFO - Processing /home/ubuntu/airflow-venv/lib/python3.12/site-packages/airflow/example_dags/example_subdag_operator.py took 0.063 seconds
[2026-02-25T13:55:20.018+0000] {processor.py:186} INFO - Started process (PID=3730) to work on /home/ubuntu/airflow-venv/lib/python3.12/site-packages/airflow/example_dags/example_subdag_operator.py
[2026-02-25T13:55:20.020+0000] {processor.py:914} INFO - Processing file /home/ubuntu/airflow-venv/lib/python3.12/site-packages/airflow/example_dags/example_subdag_operator.py for tasks to queue
[2026-02-25T13:55:20.021+0000] {logging_mixin.py:190} INFO - [2026-02-25T13:55:20.021+0000] {dagbag.py:588} INFO - Filling up the DagBag from /home/ubuntu/airflow-venv/lib/python3.12/site-packages/airflow/example_dags/example_subdag_operator.py
[2026-02-25T13:55:20.035+0000] {processor.py:925} INFO - DAG(s) 'example_subdag_operator.section-1', 'example_subdag_operator.section-2', 'example_subdag_operator' retrieved from /home/ubuntu/airflow-venv/lib/python3.12/site-packages/airflow/example_dags/example_subdag_operator.py
[2026-02-25T13:55:20.044+0000] {logging_mixin.py:190} INFO - [2026-02-25T13:55:20.044+0000] {dag.py:3239} INFO - Sync 3 DAGs
[2026-02-25T13:55:20.055+0000] {logging_mixin.py:190} INFO - [2026-02-25T13:55:20.055+0000] {dag.py:4180} INFO - Setting next_dagrun for example_subdag_operator to 2022-01-01 00:00:00+00:00, run_after=2022-01-01 00:00:00+00:00
[2026-02-25T13:55:20.057+0000] {logging_mixin.py:190} INFO - [2026-02-25T13:55:20.057+0000] {dag.py:4180} INFO - Setting next_dagrun for example_subdag_operator.section-1 to None, run_after=None
[2026-02-25T13:55:20.057+0000] {logging_mixin.py:190} INFO - [2026-02-25T13:55:20.057+0000] {dag.py:4180} INFO - Setting next_dagrun for example_subdag_operator.section-2 to None, run_after=None
[2026-02-25T13:55:20.061+0000] {logging_mixin.py:190} INFO - [2026-02-25T13:55:20.061+0000] {dag.py:3239} INFO - Sync 2 DAGs
[2026-02-25T13:55:20.063+0000] {logging_mixin.py:190} INFO - [2026-02-25T13:55:20.063+0000] {dag.py:4180} INFO - Setting next_dagrun for example_subdag_operator.section-1 to None, run_after=None
[2026-02-25T13:55:20.063+0000] {logging_mixin.py:190} INFO - [2026-02-25T13:55:20.063+0000] {dag.py:4180} INFO - Setting next_dagrun for example_subdag_operator.section-2 to None, run_after=None
[2026-02-25T13:55:20.074+0000] {processor.py:208} INFO - Processing /home/ubuntu/airflow-venv/lib/python3.12/site-packages/airflow/example_dags/example_subdag_operator.py took 0.060 seconds
[2026-02-25T14:08:38.652+0000] {processor.py:186} INFO - Started process (PID=2074) to work on /home/ubuntu/airflow-venv/lib/python3.12/site-packages/airflow/example_dags/example_subdag_operator.py
[2026-02-25T14:08:38.655+0000] {processor.py:914} INFO - Processing file /home/ubuntu/airflow-venv/lib/python3.12/site-packages/airflow/example_dags/example_subdag_operator.py for tasks to queue
[2026-02-25T14:08:38.656+0000] {logging_mixin.py:190} INFO - [2026-02-25T14:08:38.656+0000] {dagbag.py:588} INFO - Filling up the DagBag from /home/ubuntu/airflow-venv/lib/python3.12/site-packages/airflow/example_dags/example_subdag_operator.py
[2026-02-25T14:08:38.671+0000] {processor.py:925} INFO - DAG(s) 'example_subdag_operator.section-1', 'example_subdag_operator.section-2', 'example_subdag_operator' retrieved from /home/ubuntu/airflow-venv/lib/python3.12/site-packages/airflow/example_dags/example_subdag_operator.py
[2026-02-25T14:08:38.681+0000] {logging_mixin.py:190} INFO - [2026-02-25T14:08:38.681+0000] {dag.py:3239} INFO - Sync 3 DAGs
[2026-02-25T14:08:38.695+0000] {logging_mixin.py:190} INFO - [2026-02-25T14:08:38.695+0000] {dag.py:4180} INFO - Setting next_dagrun for example_subdag_operator to 2022-01-01 00:00:00+00:00, run_after=2022-01-01 00:00:00+00:00
[2026-02-25T14:08:38.697+0000] {logging_mixin.py:190} INFO - [2026-02-25T14:08:38.697+0000] {dag.py:4180} INFO - Setting next_dagrun for example_subdag_operator.section-1 to None, run_after=None
[2026-02-25T14:08:38.698+0000] {logging_mixin.py:190} INFO - [2026-02-25T14:08:38.697+0000] {dag.py:4180} INFO - Setting next_dagrun for example_subdag_operator.section-2 to None, run_after=None
[2026-02-25T14:08:38.701+0000] {logging_mixin.py:190} INFO - [2026-02-25T14:08:38.701+0000] {dag.py:3239} INFO - Sync 2 DAGs
[2026-02-25T14:08:38.704+0000] {logging_mixin.py:190} INFO - [2026-02-25T14:08:38.703+0000] {dag.py:4180} INFO - Setting next_dagrun for example_subdag_operator.section-1 to None, run_after=None
[2026-02-25T14:08:38.704+0000] {logging_mixin.py:190} INFO - [2026-02-25T14:08:38.704+0000] {dag.py:4180} INFO - Setting next_dagrun for example_subdag_operator.section-2 to None, run_after=None
[2026-02-25T14:08:38.716+0000] {processor.py:208} INFO - Processing /home/ubuntu/airflow-venv/lib/python3.12/site-packages/airflow/example_dags/example_subdag_operator.py took 0.067 seconds
[2026-02-25T14:09:34.126+0000] {processor.py:186} INFO - Started process (PID=2139) to work on /home/ubuntu/airflow-venv/lib/python3.12/site-packages/airflow/example_dags/example_subdag_operator.py
[2026-02-25T14:09:34.128+0000] {processor.py:914} INFO - Processing file /home/ubuntu/airflow-venv/lib/python3.12/site-packages/airflow/example_dags/example_subdag_operator.py for tasks to queue
[2026-02-25T14:09:34.129+0000] {logging_mixin.py:190} INFO - [2026-02-25T14:09:34.129+0000] {dagbag.py:588} INFO - Filling up the DagBag from /home/ubuntu/airflow-venv/lib/python3.12/site-packages/airflow/example_dags/example_subdag_operator.py
[2026-02-25T14:09:34.143+0000] {processor.py:925} INFO - DAG(s) 'example_subdag_operator.section-1', 'example_subdag_operator.section-2', 'example_subdag_operator' retrieved from /home/ubuntu/airflow-venv/lib/python3.12/site-packages/airflow/example_dags/example_subdag_operator.py
[2026-02-25T14:09:34.152+0000] {logging_mixin.py:190} INFO - [2026-02-25T14:09:34.152+0000] {dag.py:3239} INFO - Sync 3 DAGs
[2026-02-25T14:09:34.164+0000] {logging_mixin.py:190} INFO - [2026-02-25T14:09:34.164+0000] {dag.py:4180} INFO - Setting next_dagrun for example_subdag_operator to 2022-01-01 00:00:00+00:00, run_after=2022-01-01 00:00:00+00:00
[2026-02-25T14:09:34.166+0000] {logging_mixin.py:190} INFO - [2026-02-25T14:09:34.166+0000] {dag.py:4180} INFO - Setting next_dagrun for example_subdag_operator.section-1 to None, run_after=None
[2026-02-25T14:09:34.167+0000] {logging_mixin.py:190} INFO - [2026-02-25T14:09:34.167+0000] {dag.py:4180} INFO - Setting next_dagrun for example_subdag_operator.section-2 to None, run_after=None
[2026-02-25T14:09:34.170+0000] {logging_mixin.py:190} INFO - [2026-02-25T14:09:34.170+0000] {dag.py:3239} INFO - Sync 2 DAGs
[2026-02-25T14:09:34.173+0000] {logging_mixin.py:190} INFO - [2026-02-25T14:09:34.173+0000] {dag.py:4180} INFO - Setting next_dagrun for example_subdag_operator.section-1 to None, run_after=None
[2026-02-25T14:09:34.173+0000] {logging_mixin.py:190} INFO - [2026-02-25T14:09:34.173+0000] {dag.py:4180} INFO - Setting next_dagrun for example_subdag_operator.section-2 to None, run_after=None
[2026-02-25T14:09:34.185+0000] {processor.py:208} INFO - Processing /home/ubuntu/airflow-venv/lib/python3.12/site-packages/airflow/example_dags/example_subdag_operator.py took 0.062 seconds
[2026-02-25T14:10:24.787+0000] {processor.py:186} INFO - Started process (PID=2195) to work on /home/ubuntu/airflow-venv/lib/python3.12/site-packages/airflow/example_dags/example_subdag_operator.py
[2026-02-25T14:10:24.788+0000] {processor.py:914} INFO - Processing file /home/ubuntu/airflow-venv/lib/python3.12/site-packages/airflow/example_dags/example_subdag_operator.py for tasks to queue
[2026-02-25T14:10:24.789+0000] {logging_mixin.py:190} INFO - [2026-02-25T14:10:24.789+0000] {dagbag.py:588} INFO - Filling up the DagBag from /home/ubuntu/airflow-venv/lib/python3.12/site-packages/airflow/example_dags/example_subdag_operator.py
[2026-02-25T14:10:24.804+0000] {processor.py:925} INFO - DAG(s) 'example_subdag_operator.section-1', 'example_subdag_operator.section-2', 'example_subdag_operator' retrieved from /home/ubuntu/airflow-venv/lib/python3.12/site-packages/airflow/example_dags/example_subdag_operator.py
[2026-02-25T14:10:24.813+0000] {logging_mixin.py:190} INFO - [2026-02-25T14:10:24.813+0000] {dag.py:3239} INFO - Sync 3 DAGs
[2026-02-25T14:10:24.825+0000] {logging_mixin.py:190} INFO - [2026-02-25T14:10:24.825+0000] {dag.py:4180} INFO - Setting next_dagrun for example_subdag_operator to 2022-01-01 00:00:00+00:00, run_after=2022-01-01 00:00:00+00:00
[2026-02-25T14:10:24.827+0000] {logging_mixin.py:190} INFO - [2026-02-25T14:10:24.827+0000] {dag.py:4180} INFO - Setting next_dagrun for example_subdag_operator.section-1 to None, run_after=None
[2026-02-25T14:10:24.828+0000] {logging_mixin.py:190} INFO - [2026-02-25T14:10:24.828+0000] {dag.py:4180} INFO - Setting next_dagrun for example_subdag_operator.section-2 to None, run_after=None
[2026-02-25T14:10:24.832+0000] {logging_mixin.py:190} INFO - [2026-02-25T14:10:24.831+0000] {dag.py:3239} INFO - Sync 2 DAGs
[2026-02-25T14:10:24.834+0000] {logging_mixin.py:190} INFO - [2026-02-25T14:10:24.834+0000] {dag.py:4180} INFO - Setting next_dagrun for example_subdag_operator.section-1 to None, run_after=None
[2026-02-25T14:10:24.834+0000] {logging_mixin.py:190} INFO - [2026-02-25T14:10:24.834+0000] {dag.py:4180} INFO - Setting next_dagrun for example_subdag_operator.section-2 to None, run_after=None
[2026-02-25T14:10:24.847+0000] {processor.py:208} INFO - Processing /home/ubuntu/airflow-venv/lib/python3.12/site-packages/airflow/example_dags/example_subdag_operator.py took 0.064 seconds
[2026-02-25T14:11:12.934+0000] {processor.py:186} INFO - Started process (PID=2245) to work on /home/ubuntu/airflow-venv/lib/python3.12/site-packages/airflow/example_dags/example_subdag_operator.py
[2026-02-25T14:11:12.936+0000] {processor.py:914} INFO - Processing file /home/ubuntu/airflow-venv/lib/python3.12/site-packages/airflow/example_dags/example_subdag_operator.py for tasks to queue
[2026-02-25T14:11:12.937+0000] {logging_mixin.py:190} INFO - [2026-02-25T14:11:12.937+0000] {dagbag.py:588} INFO - Filling up the DagBag from /home/ubuntu/airflow-venv/lib/python3.12/site-packages/airflow/example_dags/example_subdag_operator.py
[2026-02-25T14:11:12.951+0000] {processor.py:925} INFO - DAG(s) 'example_subdag_operator.section-1', 'example_subdag_operator.section-2', 'example_subdag_operator' retrieved from /home/ubuntu/airflow-venv/lib/python3.12/site-packages/airflow/example_dags/example_subdag_operator.py
[2026-02-25T14:11:12.960+0000] {logging_mixin.py:190} INFO - [2026-02-25T14:11:12.960+0000] {dag.py:3239} INFO - Sync 3 DAGs
[2026-02-25T14:11:12.972+0000] {logging_mixin.py:190} INFO - [2026-02-25T14:11:12.972+0000] {dag.py:4180} INFO - Setting next_dagrun for example_subdag_operator to 2022-01-01 00:00:00+00:00, run_after=2022-01-01 00:00:00+00:00
[2026-02-25T14:11:12.974+0000] {logging_mixin.py:190} INFO - [2026-02-25T14:11:12.974+0000] {dag.py:4180} INFO - Setting next_dagrun for example_subdag_operator.section-1 to None, run_after=None
[2026-02-25T14:11:12.975+0000] {logging_mixin.py:190} INFO - [2026-02-25T14:11:12.975+0000] {dag.py:4180} INFO - Setting next_dagrun for example_subdag_operator.section-2 to None, run_after=None
[2026-02-25T14:11:12.978+0000] {logging_mixin.py:190} INFO - [2026-02-25T14:11:12.978+0000] {dag.py:3239} INFO - Sync 2 DAGs
[2026-02-25T14:11:12.981+0000] {logging_mixin.py:190} INFO - [2026-02-25T14:11:12.981+0000] {dag.py:4180} INFO - Setting next_dagrun for example_subdag_operator.section-1 to None, run_after=None
[2026-02-25T14:11:12.981+0000] {logging_mixin.py:190} INFO - [2026-02-25T14:11:12.981+0000] {dag.py:4180} INFO - Setting next_dagrun for example_subdag_operator.section-2 to None, run_after=None
[2026-02-25T14:11:12.994+0000] {processor.py:208} INFO - Processing /home/ubuntu/airflow-venv/lib/python3.12/site-packages/airflow/example_dags/example_subdag_operator.py took 0.063 seconds
[2026-02-25T14:12:03.096+0000] {processor.py:186} INFO - Started process (PID=2302) to work on /home/ubuntu/airflow-venv/lib/python3.12/site-packages/airflow/example_dags/example_subdag_operator.py
[2026-02-25T14:12:03.097+0000] {processor.py:914} INFO - Processing file /home/ubuntu/airflow-venv/lib/python3.12/site-packages/airflow/example_dags/example_subdag_operator.py for tasks to queue
[2026-02-25T14:12:03.099+0000] {logging_mixin.py:190} INFO - [2026-02-25T14:12:03.098+0000] {dagbag.py:588} INFO - Filling up the DagBag from /home/ubuntu/airflow-venv/lib/python3.12/site-packages/airflow/example_dags/example_subdag_operator.py
[2026-02-25T14:12:03.113+0000] {processor.py:925} INFO - DAG(s) 'example_subdag_operator.section-1', 'example_subdag_operator.section-2', 'example_subdag_operator' retrieved from /home/ubuntu/airflow-venv/lib/python3.12/site-packages/airflow/example_dags/example_subdag_operator.py
[2026-02-25T14:12:03.122+0000] {logging_mixin.py:190} INFO - [2026-02-25T14:12:03.122+0000] {dag.py:3239} INFO - Sync 3 DAGs
[2026-02-25T14:12:03.134+0000] {logging_mixin.py:190} INFO - [2026-02-25T14:12:03.134+0000] {dag.py:4180} INFO - Setting next_dagrun for example_subdag_operator to 2022-01-01 00:00:00+00:00, run_after=2022-01-01 00:00:00+00:00
[2026-02-25T14:12:03.136+0000] {logging_mixin.py:190} INFO - [2026-02-25T14:12:03.136+0000] {dag.py:4180} INFO - Setting next_dagrun for example_subdag_operator.section-1 to None, run_after=None
[2026-02-25T14:12:03.137+0000] {logging_mixin.py:190} INFO - [2026-02-25T14:12:03.136+0000] {dag.py:4180} INFO - Setting next_dagrun for example_subdag_operator.section-2 to None, run_after=None
[2026-02-25T14:12:03.140+0000] {logging_mixin.py:190} INFO - [2026-02-25T14:12:03.140+0000] {dag.py:3239} INFO - Sync 2 DAGs
[2026-02-25T14:12:03.142+0000] {logging_mixin.py:190} INFO - [2026-02-25T14:12:03.142+0000] {dag.py:4180} INFO - Setting next_dagrun for example_subdag_operator.section-1 to None, run_after=None
[2026-02-25T14:12:03.143+0000] {logging_mixin.py:190} INFO - [2026-02-25T14:12:03.143+0000] {dag.py:4180} INFO - Setting next_dagrun for example_subdag_operator.section-2 to None, run_after=None
[2026-02-25T14:12:03.155+0000] {processor.py:208} INFO - Processing /home/ubuntu/airflow-venv/lib/python3.12/site-packages/airflow/example_dags/example_subdag_operator.py took 0.063 seconds
[2026-02-25T14:12:50.368+0000] {processor.py:186} INFO - Started process (PID=2358) to work on /home/ubuntu/airflow-venv/lib/python3.12/site-packages/airflow/example_dags/example_subdag_operator.py
[2026-02-25T14:12:50.370+0000] {processor.py:914} INFO - Processing file /home/ubuntu/airflow-venv/lib/python3.12/site-packages/airflow/example_dags/example_subdag_operator.py for tasks to queue
[2026-02-25T14:12:50.371+0000] {logging_mixin.py:190} INFO - [2026-02-25T14:12:50.371+0000] {dagbag.py:588} INFO - Filling up the DagBag from /home/ubuntu/airflow-venv/lib/python3.12/site-packages/airflow/example_dags/example_subdag_operator.py
[2026-02-25T14:12:50.386+0000] {processor.py:925} INFO - DAG(s) 'example_subdag_operator.section-1', 'example_subdag_operator.section-2', 'example_subdag_operator' retrieved from /home/ubuntu/airflow-venv/lib/python3.12/site-packages/airflow/example_dags/example_subdag_operator.py
[2026-02-25T14:12:50.395+0000] {logging_mixin.py:190} INFO - [2026-02-25T14:12:50.394+0000] {dag.py:3239} INFO - Sync 3 DAGs
[2026-02-25T14:12:50.407+0000] {logging_mixin.py:190} INFO - [2026-02-25T14:12:50.407+0000] {dag.py:4180} INFO - Setting next_dagrun for example_subdag_operator to 2022-01-01 00:00:00+00:00, run_after=2022-01-01 00:00:00+00:00
[2026-02-25T14:12:50.409+0000] {logging_mixin.py:190} INFO - [2026-02-25T14:12:50.409+0000] {dag.py:4180} INFO - Setting next_dagrun for example_subdag_operator.section-1 to None, run_after=None
[2026-02-25T14:12:50.410+0000] {logging_mixin.py:190} INFO - [2026-02-25T14:12:50.409+0000] {dag.py:4180} INFO - Setting next_dagrun for example_subdag_operator.section-2 to None, run_after=None
[2026-02-25T14:12:50.413+0000] {logging_mixin.py:190} INFO - [2026-02-25T14:12:50.413+0000] {dag.py:3239} INFO - Sync 2 DAGs
[2026-02-25T14:12:50.415+0000] {logging_mixin.py:190} INFO - [2026-02-25T14:12:50.415+0000] {dag.py:4180} INFO - Setting next_dagrun for example_subdag_operator.section-1 to None, run_after=None
[2026-02-25T14:12:50.416+0000] {logging_mixin.py:190} INFO - [2026-02-25T14:12:50.416+0000] {dag.py:4180} INFO - Setting next_dagrun for example_subdag_operator.section-2 to None, run_after=None
[2026-02-25T14:12:50.428+0000] {processor.py:208} INFO - Processing /home/ubuntu/airflow-venv/lib/python3.12/site-packages/airflow/example_dags/example_subdag_operator.py took 0.063 seconds
[2026-02-25T14:13:46.098+0000] {processor.py:186} INFO - Started process (PID=2415) to work on /home/ubuntu/airflow-venv/lib/python3.12/site-packages/airflow/example_dags/example_subdag_operator.py
[2026-02-25T14:13:46.099+0000] {processor.py:914} INFO - Processing file /home/ubuntu/airflow-venv/lib/python3.12/site-packages/airflow/example_dags/example_subdag_operator.py for tasks to queue
[2026-02-25T14:13:46.101+0000] {logging_mixin.py:190} INFO - [2026-02-25T14:13:46.100+0000] {dagbag.py:588} INFO - Filling up the DagBag from /home/ubuntu/airflow-venv/lib/python3.12/site-packages/airflow/example_dags/example_subdag_operator.py
[2026-02-25T14:13:46.115+0000] {processor.py:925} INFO - DAG(s) 'example_subdag_operator.section-1', 'example_subdag_operator.section-2', 'example_subdag_operator' retrieved from /home/ubuntu/airflow-venv/lib/python3.12/site-packages/airflow/example_dags/example_subdag_operator.py
[2026-02-25T14:13:46.124+0000] {logging_mixin.py:190} INFO - [2026-02-25T14:13:46.124+0000] {dag.py:3239} INFO - Sync 3 DAGs
[2026-02-25T14:13:46.226+0000] {logging_mixin.py:190} INFO - [2026-02-25T14:13:46.226+0000] {dag.py:4180} INFO - Setting next_dagrun for example_subdag_operator to 2022-01-01 00:00:00+00:00, run_after=2022-01-01 00:00:00+00:00
[2026-02-25T14:13:46.228+0000] {logging_mixin.py:190} INFO - [2026-02-25T14:13:46.228+0000] {dag.py:4180} INFO - Setting next_dagrun for example_subdag_operator.section-1 to None, run_after=None
[2026-02-25T14:13:46.228+0000] {logging_mixin.py:190} INFO - [2026-02-25T14:13:46.228+0000] {dag.py:4180} INFO - Setting next_dagrun for example_subdag_operator.section-2 to None, run_after=None
[2026-02-25T14:13:46.232+0000] {logging_mixin.py:190} INFO - [2026-02-25T14:13:46.232+0000] {dag.py:3239} INFO - Sync 2 DAGs
[2026-02-25T14:13:46.234+0000] {logging_mixin.py:190} INFO - [2026-02-25T14:13:46.234+0000] {dag.py:4180} INFO - Setting next_dagrun for example_subdag_operator.section-1 to None, run_after=None
[2026-02-25T14:13:46.234+0000] {logging_mixin.py:190} INFO - [2026-02-25T14:13:46.234+0000] {dag.py:4180} INFO - Setting next_dagrun for example_subdag_operator.section-2 to None, run_after=None
[2026-02-25T14:13:46.246+0000] {processor.py:208} INFO - Processing /home/ubuntu/airflow-venv/lib/python3.12/site-packages/airflow/example_dags/example_subdag_operator.py took 0.152 seconds
[2026-02-25T14:14:42.772+0000] {processor.py:186} INFO - Started process (PID=2472) to work on /home/ubuntu/airflow-venv/lib/python3.12/site-packages/airflow/example_dags/example_subdag_operator.py
[2026-02-25T14:14:42.774+0000] {processor.py:914} INFO - Processing file /home/ubuntu/airflow-venv/lib/python3.12/site-packages/airflow/example_dags/example_subdag_operator.py for tasks to queue
[2026-02-25T14:14:42.775+0000] {logging_mixin.py:190} INFO - [2026-02-25T14:14:42.775+0000] {dagbag.py:588} INFO - Filling up the DagBag from /home/ubuntu/airflow-venv/lib/python3.12/site-packages/airflow/example_dags/example_subdag_operator.py
[2026-02-25T14:14:42.790+0000] {processor.py:925} INFO - DAG(s) 'example_subdag_operator.section-1', 'example_subdag_operator.section-2', 'example_subdag_operator' retrieved from /home/ubuntu/airflow-venv/lib/python3.12/site-packages/airflow/example_dags/example_subdag_operator.py
[2026-02-25T14:14:42.799+0000] {logging_mixin.py:190} INFO - [2026-02-25T14:14:42.799+0000] {dag.py:3239} INFO - Sync 3 DAGs
[2026-02-25T14:14:42.811+0000] {logging_mixin.py:190} INFO - [2026-02-25T14:14:42.811+0000] {dag.py:4180} INFO - Setting next_dagrun for example_subdag_operator to 2022-01-01 00:00:00+00:00, run_after=2022-01-01 00:00:00+00:00
[2026-02-25T14:14:42.813+0000] {logging_mixin.py:190} INFO - [2026-02-25T14:14:42.813+0000] {dag.py:4180} INFO - Setting next_dagrun for example_subdag_operator.section-1 to None, run_after=None
[2026-02-25T14:14:42.814+0000] {logging_mixin.py:190} INFO - [2026-02-25T14:14:42.814+0000] {dag.py:4180} INFO - Setting next_dagrun for example_subdag_operator.section-2 to None, run_after=None
[2026-02-25T14:14:42.818+0000] {logging_mixin.py:190} INFO - [2026-02-25T14:14:42.818+0000] {dag.py:3239} INFO - Sync 2 DAGs
[2026-02-25T14:14:42.821+0000] {logging_mixin.py:190} INFO - [2026-02-25T14:14:42.821+0000] {dag.py:4180} INFO - Setting next_dagrun for example_subdag_operator.section-1 to None, run_after=None
[2026-02-25T14:14:42.821+0000] {logging_mixin.py:190} INFO - [2026-02-25T14:14:42.821+0000] {dag.py:4180} INFO - Setting next_dagrun for example_subdag_operator.section-2 to None, run_after=None
[2026-02-25T14:14:42.833+0000] {processor.py:208} INFO - Processing /home/ubuntu/airflow-venv/lib/python3.12/site-packages/airflow/example_dags/example_subdag_operator.py took 0.064 seconds
[2026-02-25T14:15:34.938+0000] {processor.py:186} INFO - Started process (PID=2529) to work on /home/ubuntu/airflow-venv/lib/python3.12/site-packages/airflow/example_dags/example_subdag_operator.py
[2026-02-25T14:15:34.940+0000] {processor.py:914} INFO - Processing file /home/ubuntu/airflow-venv/lib/python3.12/site-packages/airflow/example_dags/example_subdag_operator.py for tasks to queue
[2026-02-25T14:15:34.941+0000] {logging_mixin.py:190} INFO - [2026-02-25T14:15:34.941+0000] {dagbag.py:588} INFO - Filling up the DagBag from /home/ubuntu/airflow-venv/lib/python3.12/site-packages/airflow/example_dags/example_subdag_operator.py
[2026-02-25T14:15:34.956+0000] {processor.py:925} INFO - DAG(s) 'example_subdag_operator.section-1', 'example_subdag_operator.section-2', 'example_subdag_operator' retrieved from /home/ubuntu/airflow-venv/lib/python3.12/site-packages/airflow/example_dags/example_subdag_operator.py
[2026-02-25T14:15:34.965+0000] {logging_mixin.py:190} INFO - [2026-02-25T14:15:34.965+0000] {dag.py:3239} INFO - Sync 3 DAGs
[2026-02-25T14:15:34.978+0000] {logging_mixin.py:190} INFO - [2026-02-25T14:15:34.978+0000] {dag.py:4180} INFO - Setting next_dagrun for example_subdag_operator to 2022-01-01 00:00:00+00:00, run_after=2022-01-01 00:00:00+00:00
[2026-02-25T14:15:34.980+0000] {logging_mixin.py:190} INFO - [2026-02-25T14:15:34.980+0000] {dag.py:4180} INFO - Setting next_dagrun for example_subdag_operator.section-1 to None, run_after=None
[2026-02-25T14:15:34.981+0000] {logging_mixin.py:190} INFO - [2026-02-25T14:15:34.981+0000] {dag.py:4180} INFO - Setting next_dagrun for example_subdag_operator.section-2 to None, run_after=None
[2026-02-25T14:15:34.984+0000] {logging_mixin.py:190} INFO - [2026-02-25T14:15:34.984+0000] {dag.py:3239} INFO - Sync 2 DAGs
[2026-02-25T14:15:34.987+0000] {logging_mixin.py:190} INFO - [2026-02-25T14:15:34.987+0000] {dag.py:4180} INFO - Setting next_dagrun for example_subdag_operator.section-1 to None, run_after=None
[2026-02-25T14:15:34.987+0000] {logging_mixin.py:190} INFO - [2026-02-25T14:15:34.987+0000] {dag.py:4180} INFO - Setting next_dagrun for example_subdag_operator.section-2 to None, run_after=None
[2026-02-25T14:15:35.000+0000] {processor.py:208} INFO - Processing /home/ubuntu/airflow-venv/lib/python3.12/site-packages/airflow/example_dags/example_subdag_operator.py took 0.065 seconds
[2026-02-25T14:16:23.406+0000] {processor.py:186} INFO - Started process (PID=2581) to work on /home/ubuntu/airflow-venv/lib/python3.12/site-packages/airflow/example_dags/example_subdag_operator.py
[2026-02-25T14:16:23.408+0000] {processor.py:914} INFO - Processing file /home/ubuntu/airflow-venv/lib/python3.12/site-packages/airflow/example_dags/example_subdag_operator.py for tasks to queue
[2026-02-25T14:16:23.409+0000] {logging_mixin.py:190} INFO - [2026-02-25T14:16:23.409+0000] {dagbag.py:588} INFO - Filling up the DagBag from /home/ubuntu/airflow-venv/lib/python3.12/site-packages/airflow/example_dags/example_subdag_operator.py
[2026-02-25T14:16:23.424+0000] {processor.py:925} INFO - DAG(s) 'example_subdag_operator.section-1', 'example_subdag_operator.section-2', 'example_subdag_operator' retrieved from /home/ubuntu/airflow-venv/lib/python3.12/site-packages/airflow/example_dags/example_subdag_operator.py
[2026-02-25T14:16:23.433+0000] {logging_mixin.py:190} INFO - [2026-02-25T14:16:23.433+0000] {dag.py:3239} INFO - Sync 3 DAGs
[2026-02-25T14:16:23.446+0000] {logging_mixin.py:190} INFO - [2026-02-25T14:16:23.445+0000] {dag.py:4180} INFO - Setting next_dagrun for example_subdag_operator to 2022-01-01 00:00:00+00:00, run_after=2022-01-01 00:00:00+00:00
[2026-02-25T14:16:23.448+0000] {logging_mixin.py:190} INFO - [2026-02-25T14:16:23.448+0000] {dag.py:4180} INFO - Setting next_dagrun for example_subdag_operator.section-1 to None, run_after=None
[2026-02-25T14:16:23.448+0000] {logging_mixin.py:190} INFO - [2026-02-25T14:16:23.448+0000] {dag.py:4180} INFO - Setting next_dagrun for example_subdag_operator.section-2 to None, run_after=None
[2026-02-25T14:16:23.452+0000] {logging_mixin.py:190} INFO - [2026-02-25T14:16:23.452+0000] {dag.py:3239} INFO - Sync 2 DAGs
[2026-02-25T14:16:23.454+0000] {logging_mixin.py:190} INFO - [2026-02-25T14:16:23.454+0000] {dag.py:4180} INFO - Setting next_dagrun for example_subdag_operator.section-1 to None, run_after=None
[2026-02-25T14:16:23.455+0000] {logging_mixin.py:190} INFO - [2026-02-25T14:16:23.455+0000] {dag.py:4180} INFO - Setting next_dagrun for example_subdag_operator.section-2 to None, run_after=None
[2026-02-25T14:16:23.467+0000] {processor.py:208} INFO - Processing /home/ubuntu/airflow-venv/lib/python3.12/site-packages/airflow/example_dags/example_subdag_operator.py took 0.065 seconds
[2026-02-25T14:17:12.535+0000] {processor.py:186} INFO - Started process (PID=2638) to work on /home/ubuntu/airflow-venv/lib/python3.12/site-packages/airflow/example_dags/example_subdag_operator.py
[2026-02-25T14:17:12.537+0000] {processor.py:914} INFO - Processing file /home/ubuntu/airflow-venv/lib/python3.12/site-packages/airflow/example_dags/example_subdag_operator.py for tasks to queue
[2026-02-25T14:17:12.538+0000] {logging_mixin.py:190} INFO - [2026-02-25T14:17:12.538+0000] {dagbag.py:588} INFO - Filling up the DagBag from /home/ubuntu/airflow-venv/lib/python3.12/site-packages/airflow/example_dags/example_subdag_operator.py
[2026-02-25T14:17:12.553+0000] {processor.py:925} INFO - DAG(s) 'example_subdag_operator.section-1', 'example_subdag_operator.section-2', 'example_subdag_operator' retrieved from /home/ubuntu/airflow-venv/lib/python3.12/site-packages/airflow/example_dags/example_subdag_operator.py
[2026-02-25T14:17:12.562+0000] {logging_mixin.py:190} INFO - [2026-02-25T14:17:12.561+0000] {dag.py:3239} INFO - Sync 3 DAGs
[2026-02-25T14:17:12.574+0000] {logging_mixin.py:190} INFO - [2026-02-25T14:17:12.574+0000] {dag.py:4180} INFO - Setting next_dagrun for example_subdag_operator to 2022-01-01 00:00:00+00:00, run_after=2022-01-01 00:00:00+00:00
[2026-02-25T14:17:12.576+0000] {logging_mixin.py:190} INFO - [2026-02-25T14:17:12.576+0000] {dag.py:4180} INFO - Setting next_dagrun for example_subdag_operator.section-1 to None, run_after=None
[2026-02-25T14:17:12.577+0000] {logging_mixin.py:190} INFO - [2026-02-25T14:17:12.576+0000] {dag.py:4180} INFO - Setting next_dagrun for example_subdag_operator.section-2 to None, run_after=None
[2026-02-25T14:17:12.580+0000] {logging_mixin.py:190} INFO - [2026-02-25T14:17:12.580+0000] {dag.py:3239} INFO - Sync 2 DAGs
[2026-02-25T14:17:12.583+0000] {logging_mixin.py:190} INFO - [2026-02-25T14:17:12.583+0000] {dag.py:4180} INFO - Setting next_dagrun for example_subdag_operator.section-1 to None, run_after=None
[2026-02-25T14:17:12.583+0000] {logging_mixin.py:190} INFO - [2026-02-25T14:17:12.583+0000] {dag.py:4180} INFO - Setting next_dagrun for example_subdag_operator.section-2 to None, run_after=None
[2026-02-25T14:17:12.596+0000] {processor.py:208} INFO - Processing /home/ubuntu/airflow-venv/lib/python3.12/site-packages/airflow/example_dags/example_subdag_operator.py took 0.064 seconds
[2026-02-25T14:18:02.885+0000] {processor.py:186} INFO - Started process (PID=2690) to work on /home/ubuntu/airflow-venv/lib/python3.12/site-packages/airflow/example_dags/example_subdag_operator.py
[2026-02-25T14:18:02.886+0000] {processor.py:914} INFO - Processing file /home/ubuntu/airflow-venv/lib/python3.12/site-packages/airflow/example_dags/example_subdag_operator.py for tasks to queue
[2026-02-25T14:18:02.887+0000] {logging_mixin.py:190} INFO - [2026-02-25T14:18:02.887+0000] {dagbag.py:588} INFO - Filling up the DagBag from /home/ubuntu/airflow-venv/lib/python3.12/site-packages/airflow/example_dags/example_subdag_operator.py
[2026-02-25T14:18:02.903+0000] {processor.py:925} INFO - DAG(s) 'example_subdag_operator.section-1', 'example_subdag_operator.section-2', 'example_subdag_operator' retrieved from /home/ubuntu/airflow-venv/lib/python3.12/site-packages/airflow/example_dags/example_subdag_operator.py
[2026-02-25T14:18:02.913+0000] {logging_mixin.py:190} INFO - [2026-02-25T14:18:02.913+0000] {dag.py:3239} INFO - Sync 3 DAGs
[2026-02-25T14:18:02.926+0000] {logging_mixin.py:190} INFO - [2026-02-25T14:18:02.926+0000] {dag.py:4180} INFO - Setting next_dagrun for example_subdag_operator to 2022-01-01 00:00:00+00:00, run_after=2022-01-01 00:00:00+00:00
[2026-02-25T14:18:02.928+0000] {logging_mixin.py:190} INFO - [2026-02-25T14:18:02.928+0000] {dag.py:4180} INFO - Setting next_dagrun for example_subdag_operator.section-1 to None, run_after=None
[2026-02-25T14:18:02.929+0000] {logging_mixin.py:190} INFO - [2026-02-25T14:18:02.929+0000] {dag.py:4180} INFO - Setting next_dagrun for example_subdag_operator.section-2 to None, run_after=None
[2026-02-25T14:18:02.933+0000] {logging_mixin.py:190} INFO - [2026-02-25T14:18:02.933+0000] {dag.py:3239} INFO - Sync 2 DAGs
[2026-02-25T14:18:02.936+0000] {logging_mixin.py:190} INFO - [2026-02-25T14:18:02.935+0000] {dag.py:4180} INFO - Setting next_dagrun for example_subdag_operator.section-1 to None, run_after=None
[2026-02-25T14:18:02.936+0000] {logging_mixin.py:190} INFO - [2026-02-25T14:18:02.936+0000] {dag.py:4180} INFO - Setting next_dagrun for example_subdag_operator.section-2 to None, run_after=None
[2026-02-25T14:18:02.948+0000] {processor.py:208} INFO - Processing /home/ubuntu/airflow-venv/lib/python3.12/site-packages/airflow/example_dags/example_subdag_operator.py took 0.068 seconds
[2026-02-25T14:18:50.165+0000] {processor.py:186} INFO - Started process (PID=2742) to work on /home/ubuntu/airflow-venv/lib/python3.12/site-packages/airflow/example_dags/example_subdag_operator.py
[2026-02-25T14:18:50.166+0000] {processor.py:914} INFO - Processing file /home/ubuntu/airflow-venv/lib/python3.12/site-packages/airflow/example_dags/example_subdag_operator.py for tasks to queue
[2026-02-25T14:18:50.168+0000] {logging_mixin.py:190} INFO - [2026-02-25T14:18:50.167+0000] {dagbag.py:588} INFO - Filling up the DagBag from /home/ubuntu/airflow-venv/lib/python3.12/site-packages/airflow/example_dags/example_subdag_operator.py
[2026-02-25T14:18:50.183+0000] {processor.py:925} INFO - DAG(s) 'example_subdag_operator.section-1', 'example_subdag_operator.section-2', 'example_subdag_operator' retrieved from /home/ubuntu/airflow-venv/lib/python3.12/site-packages/airflow/example_dags/example_subdag_operator.py
[2026-02-25T14:18:50.192+0000] {logging_mixin.py:190} INFO - [2026-02-25T14:18:50.192+0000] {dag.py:3239} INFO - Sync 3 DAGs
[2026-02-25T14:18:50.205+0000] {logging_mixin.py:190} INFO - [2026-02-25T14:18:50.205+0000] {dag.py:4180} INFO - Setting next_dagrun for example_subdag_operator to 2022-01-01 00:00:00+00:00, run_after=2022-01-01 00:00:00+00:00
[2026-02-25T14:18:50.207+0000] {logging_mixin.py:190} INFO - [2026-02-25T14:18:50.207+0000] {dag.py:4180} INFO - Setting next_dagrun for example_subdag_operator.section-1 to None, run_after=None
[2026-02-25T14:18:50.207+0000] {logging_mixin.py:190} INFO - [2026-02-25T14:18:50.207+0000] {dag.py:4180} INFO - Setting next_dagrun for example_subdag_operator.section-2 to None, run_after=None
[2026-02-25T14:18:50.211+0000] {logging_mixin.py:190} INFO - [2026-02-25T14:18:50.211+0000] {dag.py:3239} INFO - Sync 2 DAGs
[2026-02-25T14:18:50.213+0000] {logging_mixin.py:190} INFO - [2026-02-25T14:18:50.213+0000] {dag.py:4180} INFO - Setting next_dagrun for example_subdag_operator.section-1 to None, run_after=None
[2026-02-25T14:18:50.213+0000] {logging_mixin.py:190} INFO - [2026-02-25T14:18:50.213+0000] {dag.py:4180} INFO - Setting next_dagrun for example_subdag_operator.section-2 to None, run_after=None
[2026-02-25T14:18:50.227+0000] {processor.py:208} INFO - Processing /home/ubuntu/airflow-venv/lib/python3.12/site-packages/airflow/example_dags/example_subdag_operator.py took 0.066 seconds
[2026-02-25T14:19:37.293+0000] {processor.py:186} INFO - Started process (PID=3159) to work on /home/ubuntu/airflow-venv/lib/python3.12/site-packages/airflow/example_dags/example_subdag_operator.py
[2026-02-25T14:19:37.294+0000] {processor.py:914} INFO - Processing file /home/ubuntu/airflow-venv/lib/python3.12/site-packages/airflow/example_dags/example_subdag_operator.py for tasks to queue
[2026-02-25T14:19:37.295+0000] {logging_mixin.py:190} INFO - [2026-02-25T14:19:37.295+0000] {dagbag.py:588} INFO - Filling up the DagBag from /home/ubuntu/airflow-venv/lib/python3.12/site-packages/airflow/example_dags/example_subdag_operator.py
[2026-02-25T14:19:37.309+0000] {processor.py:925} INFO - DAG(s) 'example_subdag_operator.section-1', 'example_subdag_operator.section-2', 'example_subdag_operator' retrieved from /home/ubuntu/airflow-venv/lib/python3.12/site-packages/airflow/example_dags/example_subdag_operator.py
[2026-02-25T14:19:37.318+0000] {logging_mixin.py:190} INFO - [2026-02-25T14:19:37.317+0000] {dag.py:3239} INFO - Sync 3 DAGs
[2026-02-25T14:19:37.330+0000] {logging_mixin.py:190} INFO - [2026-02-25T14:19:37.330+0000] {dag.py:4180} INFO - Setting next_dagrun for example_subdag_operator to 2022-01-01 00:00:00+00:00, run_after=2022-01-01 00:00:00+00:00
[2026-02-25T14:19:37.332+0000] {logging_mixin.py:190} INFO - [2026-02-25T14:19:37.331+0000] {dag.py:4180} INFO - Setting next_dagrun for example_subdag_operator.section-1 to None, run_after=None
[2026-02-25T14:19:37.332+0000] {logging_mixin.py:190} INFO - [2026-02-25T14:19:37.332+0000] {dag.py:4180} INFO - Setting next_dagrun for example_subdag_operator.section-2 to None, run_after=None
[2026-02-25T14:19:37.336+0000] {logging_mixin.py:190} INFO - [2026-02-25T14:19:37.336+0000] {dag.py:3239} INFO - Sync 2 DAGs
[2026-02-25T14:19:37.338+0000] {logging_mixin.py:190} INFO - [2026-02-25T14:19:37.338+0000] {dag.py:4180} INFO - Setting next_dagrun for example_subdag_operator.section-1 to None, run_after=None
[2026-02-25T14:19:37.338+0000] {logging_mixin.py:190} INFO - [2026-02-25T14:19:37.338+0000] {dag.py:4180} INFO - Setting next_dagrun for example_subdag_operator.section-2 to None, run_after=None
[2026-02-25T14:19:37.350+0000] {processor.py:208} INFO - Processing /home/ubuntu/airflow-venv/lib/python3.12/site-packages/airflow/example_dags/example_subdag_operator.py took 0.061 seconds
[2026-02-25T14:20:29.691+0000] {processor.py:186} INFO - Started process (PID=3215) to work on /home/ubuntu/airflow-venv/lib/python3.12/site-packages/airflow/example_dags/example_subdag_operator.py
[2026-02-25T14:20:29.692+0000] {processor.py:914} INFO - Processing file /home/ubuntu/airflow-venv/lib/python3.12/site-packages/airflow/example_dags/example_subdag_operator.py for tasks to queue
[2026-02-25T14:20:29.694+0000] {logging_mixin.py:190} INFO - [2026-02-25T14:20:29.694+0000] {dagbag.py:588} INFO - Filling up the DagBag from /home/ubuntu/airflow-venv/lib/python3.12/site-packages/airflow/example_dags/example_subdag_operator.py
[2026-02-25T14:20:29.709+0000] {processor.py:925} INFO - DAG(s) 'example_subdag_operator.section-1', 'example_subdag_operator.section-2', 'example_subdag_operator' retrieved from /home/ubuntu/airflow-venv/lib/python3.12/site-packages/airflow/example_dags/example_subdag_operator.py
[2026-02-25T14:20:29.718+0000] {logging_mixin.py:190} INFO - [2026-02-25T14:20:29.718+0000] {dag.py:3239} INFO - Sync 3 DAGs
[2026-02-25T14:20:29.731+0000] {logging_mixin.py:190} INFO - [2026-02-25T14:20:29.731+0000] {dag.py:4180} INFO - Setting next_dagrun for example_subdag_operator to 2022-01-01 00:00:00+00:00, run_after=2022-01-01 00:00:00+00:00
[2026-02-25T14:20:29.733+0000] {logging_mixin.py:190} INFO - [2026-02-25T14:20:29.733+0000] {dag.py:4180} INFO - Setting next_dagrun for example_subdag_operator.section-1 to None, run_after=None
[2026-02-25T14:20:29.734+0000] {logging_mixin.py:190} INFO - [2026-02-25T14:20:29.733+0000] {dag.py:4180} INFO - Setting next_dagrun for example_subdag_operator.section-2 to None, run_after=None
[2026-02-25T14:20:29.737+0000] {logging_mixin.py:190} INFO - [2026-02-25T14:20:29.737+0000] {dag.py:3239} INFO - Sync 2 DAGs
[2026-02-25T14:20:29.740+0000] {logging_mixin.py:190} INFO - [2026-02-25T14:20:29.740+0000] {dag.py:4180} INFO - Setting next_dagrun for example_subdag_operator.section-1 to None, run_after=None
[2026-02-25T14:20:29.740+0000] {logging_mixin.py:190} INFO - [2026-02-25T14:20:29.740+0000] {dag.py:4180} INFO - Setting next_dagrun for example_subdag_operator.section-2 to None, run_after=None
[2026-02-25T14:20:29.753+0000] {processor.py:208} INFO - Processing /home/ubuntu/airflow-venv/lib/python3.12/site-packages/airflow/example_dags/example_subdag_operator.py took 0.066 seconds
[2026-02-25T14:21:18.923+0000] {processor.py:186} INFO - Started process (PID=3268) to work on /home/ubuntu/airflow-venv/lib/python3.12/site-packages/airflow/example_dags/example_subdag_operator.py
[2026-02-25T14:21:18.924+0000] {processor.py:914} INFO - Processing file /home/ubuntu/airflow-venv/lib/python3.12/site-packages/airflow/example_dags/example_subdag_operator.py for tasks to queue
[2026-02-25T14:21:18.925+0000] {logging_mixin.py:190} INFO - [2026-02-25T14:21:18.925+0000] {dagbag.py:588} INFO - Filling up the DagBag from /home/ubuntu/airflow-venv/lib/python3.12/site-packages/airflow/example_dags/example_subdag_operator.py
[2026-02-25T14:21:18.940+0000] {processor.py:925} INFO - DAG(s) 'example_subdag_operator.section-1', 'example_subdag_operator.section-2', 'example_subdag_operator' retrieved from /home/ubuntu/airflow-venv/lib/python3.12/site-packages/airflow/example_dags/example_subdag_operator.py
[2026-02-25T14:21:18.949+0000] {logging_mixin.py:190} INFO - [2026-02-25T14:21:18.949+0000] {dag.py:3239} INFO - Sync 3 DAGs
[2026-02-25T14:21:18.961+0000] {logging_mixin.py:190} INFO - [2026-02-25T14:21:18.961+0000] {dag.py:4180} INFO - Setting next_dagrun for example_subdag_operator to 2022-01-01 00:00:00+00:00, run_after=2022-01-01 00:00:00+00:00
[2026-02-25T14:21:18.963+0000] {logging_mixin.py:190} INFO - [2026-02-25T14:21:18.963+0000] {dag.py:4180} INFO - Setting next_dagrun for example_subdag_operator.section-1 to None, run_after=None
[2026-02-25T14:21:18.964+0000] {logging_mixin.py:190} INFO - [2026-02-25T14:21:18.964+0000] {dag.py:4180} INFO - Setting next_dagrun for example_subdag_operator.section-2 to None, run_after=None
[2026-02-25T14:21:18.967+0000] {logging_mixin.py:190} INFO - [2026-02-25T14:21:18.967+0000] {dag.py:3239} INFO - Sync 2 DAGs
[2026-02-25T14:21:18.970+0000] {logging_mixin.py:190} INFO - [2026-02-25T14:21:18.969+0000] {dag.py:4180} INFO - Setting next_dagrun for example_subdag_operator.section-1 to None, run_after=None
[2026-02-25T14:21:18.970+0000] {logging_mixin.py:190} INFO - [2026-02-25T14:21:18.970+0000] {dag.py:4180} INFO - Setting next_dagrun for example_subdag_operator.section-2 to None, run_after=None
[2026-02-25T14:21:18.982+0000] {processor.py:208} INFO - Processing /home/ubuntu/airflow-venv/lib/python3.12/site-packages/airflow/example_dags/example_subdag_operator.py took 0.063 seconds
[2026-02-25T14:22:10.482+0000] {processor.py:186} INFO - Started process (PID=3692) to work on /home/ubuntu/airflow-venv/lib/python3.12/site-packages/airflow/example_dags/example_subdag_operator.py
[2026-02-25T14:22:10.483+0000] {processor.py:914} INFO - Processing file /home/ubuntu/airflow-venv/lib/python3.12/site-packages/airflow/example_dags/example_subdag_operator.py for tasks to queue
[2026-02-25T14:22:10.485+0000] {logging_mixin.py:190} INFO - [2026-02-25T14:22:10.484+0000] {dagbag.py:588} INFO - Filling up the DagBag from /home/ubuntu/airflow-venv/lib/python3.12/site-packages/airflow/example_dags/example_subdag_operator.py
[2026-02-25T14:22:10.499+0000] {processor.py:925} INFO - DAG(s) 'example_subdag_operator.section-1', 'example_subdag_operator.section-2', 'example_subdag_operator' retrieved from /home/ubuntu/airflow-venv/lib/python3.12/site-packages/airflow/example_dags/example_subdag_operator.py
[2026-02-25T14:22:10.509+0000] {logging_mixin.py:190} INFO - [2026-02-25T14:22:10.508+0000] {dag.py:3239} INFO - Sync 3 DAGs
[2026-02-25T14:22:10.522+0000] {logging_mixin.py:190} INFO - [2026-02-25T14:22:10.522+0000] {dag.py:4180} INFO - Setting next_dagrun for example_subdag_operator to 2022-01-01 00:00:00+00:00, run_after=2022-01-01 00:00:00+00:00
[2026-02-25T14:22:10.524+0000] {logging_mixin.py:190} INFO - [2026-02-25T14:22:10.524+0000] {dag.py:4180} INFO - Setting next_dagrun for example_subdag_operator.section-1 to None, run_after=None
[2026-02-25T14:22:10.524+0000] {logging_mixin.py:190} INFO - [2026-02-25T14:22:10.524+0000] {dag.py:4180} INFO - Setting next_dagrun for example_subdag_operator.section-2 to None, run_after=None
[2026-02-25T14:22:10.528+0000] {logging_mixin.py:190} INFO - [2026-02-25T14:22:10.528+0000] {dag.py:3239} INFO - Sync 2 DAGs
[2026-02-25T14:22:10.531+0000] {logging_mixin.py:190} INFO - [2026-02-25T14:22:10.530+0000] {dag.py:4180} INFO - Setting next_dagrun for example_subdag_operator.section-1 to None, run_after=None
[2026-02-25T14:22:10.531+0000] {logging_mixin.py:190} INFO - [2026-02-25T14:22:10.531+0000] {dag.py:4180} INFO - Setting next_dagrun for example_subdag_operator.section-2 to None, run_after=None
[2026-02-25T14:22:10.544+0000] {processor.py:208} INFO - Processing /home/ubuntu/airflow-venv/lib/python3.12/site-packages/airflow/example_dags/example_subdag_operator.py took 0.065 seconds
[2026-02-25T14:23:01.943+0000] {processor.py:186} INFO - Started process (PID=3744) to work on /home/ubuntu/airflow-venv/lib/python3.12/site-packages/airflow/example_dags/example_subdag_operator.py
[2026-02-25T14:23:01.944+0000] {processor.py:914} INFO - Processing file /home/ubuntu/airflow-venv/lib/python3.12/site-packages/airflow/example_dags/example_subdag_operator.py for tasks to queue
[2026-02-25T14:23:01.945+0000] {logging_mixin.py:190} INFO - [2026-02-25T14:23:01.945+0000] {dagbag.py:588} INFO - Filling up the DagBag from /home/ubuntu/airflow-venv/lib/python3.12/site-packages/airflow/example_dags/example_subdag_operator.py
[2026-02-25T14:23:01.961+0000] {processor.py:925} INFO - DAG(s) 'example_subdag_operator.section-1', 'example_subdag_operator.section-2', 'example_subdag_operator' retrieved from /home/ubuntu/airflow-venv/lib/python3.12/site-packages/airflow/example_dags/example_subdag_operator.py
[2026-02-25T14:23:01.971+0000] {logging_mixin.py:190} INFO - [2026-02-25T14:23:01.971+0000] {dag.py:3239} INFO - Sync 3 DAGs
[2026-02-25T14:23:01.985+0000] {logging_mixin.py:190} INFO - [2026-02-25T14:23:01.984+0000] {dag.py:4180} INFO - Setting next_dagrun for example_subdag_operator to 2022-01-01 00:00:00+00:00, run_after=2022-01-01 00:00:00+00:00
[2026-02-25T14:23:01.987+0000] {logging_mixin.py:190} INFO - [2026-02-25T14:23:01.987+0000] {dag.py:4180} INFO - Setting next_dagrun for example_subdag_operator.section-1 to None, run_after=None
[2026-02-25T14:23:01.988+0000] {logging_mixin.py:190} INFO - [2026-02-25T14:23:01.988+0000] {dag.py:4180} INFO - Setting next_dagrun for example_subdag_operator.section-2 to None, run_after=None
[2026-02-25T14:23:01.992+0000] {logging_mixin.py:190} INFO - [2026-02-25T14:23:01.992+0000] {dag.py:3239} INFO - Sync 2 DAGs
[2026-02-25T14:23:01.994+0000] {logging_mixin.py:190} INFO - [2026-02-25T14:23:01.994+0000] {dag.py:4180} INFO - Setting next_dagrun for example_subdag_operator.section-1 to None, run_after=None
[2026-02-25T14:23:01.995+0000] {logging_mixin.py:190} INFO - [2026-02-25T14:23:01.995+0000] {dag.py:4180} INFO - Setting next_dagrun for example_subdag_operator.section-2 to None, run_after=None
[2026-02-25T14:23:02.007+0000] {processor.py:208} INFO - Processing /home/ubuntu/airflow-venv/lib/python3.12/site-packages/airflow/example_dags/example_subdag_operator.py took 0.069 seconds
[2026-02-25T14:23:50.137+0000] {processor.py:186} INFO - Started process (PID=3797) to work on /home/ubuntu/airflow-venv/lib/python3.12/site-packages/airflow/example_dags/example_subdag_operator.py
[2026-02-25T14:23:50.138+0000] {processor.py:914} INFO - Processing file /home/ubuntu/airflow-venv/lib/python3.12/site-packages/airflow/example_dags/example_subdag_operator.py for tasks to queue
[2026-02-25T14:23:50.140+0000] {logging_mixin.py:190} INFO - [2026-02-25T14:23:50.139+0000] {dagbag.py:588} INFO - Filling up the DagBag from /home/ubuntu/airflow-venv/lib/python3.12/site-packages/airflow/example_dags/example_subdag_operator.py
[2026-02-25T14:23:50.155+0000] {processor.py:925} INFO - DAG(s) 'example_subdag_operator.section-1', 'example_subdag_operator.section-2', 'example_subdag_operator' retrieved from /home/ubuntu/airflow-venv/lib/python3.12/site-packages/airflow/example_dags/example_subdag_operator.py
[2026-02-25T14:23:50.164+0000] {logging_mixin.py:190} INFO - [2026-02-25T14:23:50.164+0000] {dag.py:3239} INFO - Sync 3 DAGs
[2026-02-25T14:23:50.177+0000] {logging_mixin.py:190} INFO - [2026-02-25T14:23:50.177+0000] {dag.py:4180} INFO - Setting next_dagrun for example_subdag_operator to 2022-01-01 00:00:00+00:00, run_after=2022-01-01 00:00:00+00:00
[2026-02-25T14:23:50.179+0000] {logging_mixin.py:190} INFO - [2026-02-25T14:23:50.179+0000] {dag.py:4180} INFO - Setting next_dagrun for example_subdag_operator.section-1 to None, run_after=None
[2026-02-25T14:23:50.180+0000] {logging_mixin.py:190} INFO - [2026-02-25T14:23:50.180+0000] {dag.py:4180} INFO - Setting next_dagrun for example_subdag_operator.section-2 to None, run_after=None
[2026-02-25T14:23:50.183+0000] {logging_mixin.py:190} INFO - [2026-02-25T14:23:50.183+0000] {dag.py:3239} INFO - Sync 2 DAGs
[2026-02-25T14:23:50.186+0000] {logging_mixin.py:190} INFO - [2026-02-25T14:23:50.186+0000] {dag.py:4180} INFO - Setting next_dagrun for example_subdag_operator.section-1 to None, run_after=None
[2026-02-25T14:23:50.186+0000] {logging_mixin.py:190} INFO - [2026-02-25T14:23:50.186+0000] {dag.py:4180} INFO - Setting next_dagrun for example_subdag_operator.section-2 to None, run_after=None
[2026-02-25T14:23:50.199+0000] {processor.py:208} INFO - Processing /home/ubuntu/airflow-venv/lib/python3.12/site-packages/airflow/example_dags/example_subdag_operator.py took 0.066 seconds
[2026-02-25T14:24:40.347+0000] {processor.py:186} INFO - Started process (PID=3849) to work on /home/ubuntu/airflow-venv/lib/python3.12/site-packages/airflow/example_dags/example_subdag_operator.py
[2026-02-25T14:24:40.348+0000] {processor.py:914} INFO - Processing file /home/ubuntu/airflow-venv/lib/python3.12/site-packages/airflow/example_dags/example_subdag_operator.py for tasks to queue
[2026-02-25T14:24:40.350+0000] {logging_mixin.py:190} INFO - [2026-02-25T14:24:40.349+0000] {dagbag.py:588} INFO - Filling up the DagBag from /home/ubuntu/airflow-venv/lib/python3.12/site-packages/airflow/example_dags/example_subdag_operator.py
[2026-02-25T14:24:40.364+0000] {processor.py:925} INFO - DAG(s) 'example_subdag_operator.section-1', 'example_subdag_operator.section-2', 'example_subdag_operator' retrieved from /home/ubuntu/airflow-venv/lib/python3.12/site-packages/airflow/example_dags/example_subdag_operator.py
[2026-02-25T14:24:40.373+0000] {logging_mixin.py:190} INFO - [2026-02-25T14:24:40.373+0000] {dag.py:3239} INFO - Sync 3 DAGs
[2026-02-25T14:24:40.385+0000] {logging_mixin.py:190} INFO - [2026-02-25T14:24:40.385+0000] {dag.py:4180} INFO - Setting next_dagrun for example_subdag_operator to 2022-01-01 00:00:00+00:00, run_after=2022-01-01 00:00:00+00:00
[2026-02-25T14:24:40.387+0000] {logging_mixin.py:190} INFO - [2026-02-25T14:24:40.387+0000] {dag.py:4180} INFO - Setting next_dagrun for example_subdag_operator.section-1 to None, run_after=None
[2026-02-25T14:24:40.389+0000] {logging_mixin.py:190} INFO - [2026-02-25T14:24:40.389+0000] {dag.py:4180} INFO - Setting next_dagrun for example_subdag_operator.section-2 to None, run_after=None
[2026-02-25T14:24:40.392+0000] {logging_mixin.py:190} INFO - [2026-02-25T14:24:40.392+0000] {dag.py:3239} INFO - Sync 2 DAGs
[2026-02-25T14:24:40.395+0000] {logging_mixin.py:190} INFO - [2026-02-25T14:24:40.395+0000] {dag.py:4180} INFO - Setting next_dagrun for example_subdag_operator.section-1 to None, run_after=None
[2026-02-25T14:24:40.395+0000] {logging_mixin.py:190} INFO - [2026-02-25T14:24:40.395+0000] {dag.py:4180} INFO - Setting next_dagrun for example_subdag_operator.section-2 to None, run_after=None
[2026-02-25T14:24:40.407+0000] {processor.py:208} INFO - Processing /home/ubuntu/airflow-venv/lib/python3.12/site-packages/airflow/example_dags/example_subdag_operator.py took 0.064 seconds
[2026-02-25T14:25:30.583+0000] {processor.py:186} INFO - Started process (PID=3919) to work on /home/ubuntu/airflow-venv/lib/python3.12/site-packages/airflow/example_dags/example_subdag_operator.py
[2026-02-25T14:25:30.584+0000] {processor.py:914} INFO - Processing file /home/ubuntu/airflow-venv/lib/python3.12/site-packages/airflow/example_dags/example_subdag_operator.py for tasks to queue
[2026-02-25T14:25:30.586+0000] {logging_mixin.py:190} INFO - [2026-02-25T14:25:30.585+0000] {dagbag.py:588} INFO - Filling up the DagBag from /home/ubuntu/airflow-venv/lib/python3.12/site-packages/airflow/example_dags/example_subdag_operator.py
[2026-02-25T14:25:30.600+0000] {processor.py:925} INFO - DAG(s) 'example_subdag_operator.section-1', 'example_subdag_operator.section-2', 'example_subdag_operator' retrieved from /home/ubuntu/airflow-venv/lib/python3.12/site-packages/airflow/example_dags/example_subdag_operator.py
[2026-02-25T14:25:30.610+0000] {logging_mixin.py:190} INFO - [2026-02-25T14:25:30.610+0000] {dag.py:3239} INFO - Sync 3 DAGs
[2026-02-25T14:25:30.623+0000] {logging_mixin.py:190} INFO - [2026-02-25T14:25:30.622+0000] {dag.py:4180} INFO - Setting next_dagrun for example_subdag_operator to 2022-01-01 00:00:00+00:00, run_after=2022-01-01 00:00:00+00:00
[2026-02-25T14:25:30.625+0000] {logging_mixin.py:190} INFO - [2026-02-25T14:25:30.625+0000] {dag.py:4180} INFO - Setting next_dagrun for example_subdag_operator.section-1 to None, run_after=None
[2026-02-25T14:25:30.625+0000] {logging_mixin.py:190} INFO - [2026-02-25T14:25:30.625+0000] {dag.py:4180} INFO - Setting next_dagrun for example_subdag_operator.section-2 to None, run_after=None
[2026-02-25T14:25:30.629+0000] {logging_mixin.py:190} INFO - [2026-02-25T14:25:30.629+0000] {dag.py:3239} INFO - Sync 2 DAGs
[2026-02-25T14:25:30.631+0000] {logging_mixin.py:190} INFO - [2026-02-25T14:25:30.631+0000] {dag.py:4180} INFO - Setting next_dagrun for example_subdag_operator.section-1 to None, run_after=None
[2026-02-25T14:25:30.631+0000] {logging_mixin.py:190} INFO - [2026-02-25T14:25:30.631+0000] {dag.py:4180} INFO - Setting next_dagrun for example_subdag_operator.section-2 to None, run_after=None
[2026-02-25T14:25:30.643+0000] {processor.py:208} INFO - Processing /home/ubuntu/airflow-venv/lib/python3.12/site-packages/airflow/example_dags/example_subdag_operator.py took 0.064 seconds
[2026-02-25T14:26:19.714+0000] {processor.py:186} INFO - Started process (PID=3972) to work on /home/ubuntu/airflow-venv/lib/python3.12/site-packages/airflow/example_dags/example_subdag_operator.py
[2026-02-25T14:26:19.715+0000] {processor.py:914} INFO - Processing file /home/ubuntu/airflow-venv/lib/python3.12/site-packages/airflow/example_dags/example_subdag_operator.py for tasks to queue
[2026-02-25T14:26:19.717+0000] {logging_mixin.py:190} INFO - [2026-02-25T14:26:19.716+0000] {dagbag.py:588} INFO - Filling up the DagBag from /home/ubuntu/airflow-venv/lib/python3.12/site-packages/airflow/example_dags/example_subdag_operator.py
[2026-02-25T14:26:19.732+0000] {processor.py:925} INFO - DAG(s) 'example_subdag_operator.section-1', 'example_subdag_operator.section-2', 'example_subdag_operator' retrieved from /home/ubuntu/airflow-venv/lib/python3.12/site-packages/airflow/example_dags/example_subdag_operator.py
[2026-02-25T14:26:19.741+0000] {logging_mixin.py:190} INFO - [2026-02-25T14:26:19.741+0000] {dag.py:3239} INFO - Sync 3 DAGs
[2026-02-25T14:26:19.754+0000] {logging_mixin.py:190} INFO - [2026-02-25T14:26:19.754+0000] {dag.py:4180} INFO - Setting next_dagrun for example_subdag_operator to 2022-01-01 00:00:00+00:00, run_after=2022-01-01 00:00:00+00:00
[2026-02-25T14:26:19.756+0000] {logging_mixin.py:190} INFO - [2026-02-25T14:26:19.756+0000] {dag.py:4180} INFO - Setting next_dagrun for example_subdag_operator.section-1 to None, run_after=None
[2026-02-25T14:26:19.757+0000] {logging_mixin.py:190} INFO - [2026-02-25T14:26:19.757+0000] {dag.py:4180} INFO - Setting next_dagrun for example_subdag_operator.section-2 to None, run_after=None
[2026-02-25T14:26:19.761+0000] {logging_mixin.py:190} INFO - [2026-02-25T14:26:19.761+0000] {dag.py:3239} INFO - Sync 2 DAGs
[2026-02-25T14:26:19.763+0000] {logging_mixin.py:190} INFO - [2026-02-25T14:26:19.763+0000] {dag.py:4180} INFO - Setting next_dagrun for example_subdag_operator.section-1 to None, run_after=None
[2026-02-25T14:26:19.763+0000] {logging_mixin.py:190} INFO - [2026-02-25T14:26:19.763+0000] {dag.py:4180} INFO - Setting next_dagrun for example_subdag_operator.section-2 to None, run_after=None
[2026-02-25T14:26:19.776+0000] {processor.py:208} INFO - Processing /home/ubuntu/airflow-venv/lib/python3.12/site-packages/airflow/example_dags/example_subdag_operator.py took 0.066 seconds
[2026-02-25T14:27:09.656+0000] {processor.py:186} INFO - Started process (PID=4024) to work on /home/ubuntu/airflow-venv/lib/python3.12/site-packages/airflow/example_dags/example_subdag_operator.py
[2026-02-25T14:27:09.657+0000] {processor.py:914} INFO - Processing file /home/ubuntu/airflow-venv/lib/python3.12/site-packages/airflow/example_dags/example_subdag_operator.py for tasks to queue
[2026-02-25T14:27:09.658+0000] {logging_mixin.py:190} INFO - [2026-02-25T14:27:09.658+0000] {dagbag.py:588} INFO - Filling up the DagBag from /home/ubuntu/airflow-venv/lib/python3.12/site-packages/airflow/example_dags/example_subdag_operator.py
[2026-02-25T14:27:09.673+0000] {processor.py:925} INFO - DAG(s) 'example_subdag_operator.section-1', 'example_subdag_operator.section-2', 'example_subdag_operator' retrieved from /home/ubuntu/airflow-venv/lib/python3.12/site-packages/airflow/example_dags/example_subdag_operator.py
[2026-02-25T14:27:09.682+0000] {logging_mixin.py:190} INFO - [2026-02-25T14:27:09.682+0000] {dag.py:3239} INFO - Sync 3 DAGs
[2026-02-25T14:27:09.694+0000] {logging_mixin.py:190} INFO - [2026-02-25T14:27:09.694+0000] {dag.py:4180} INFO - Setting next_dagrun for example_subdag_operator to 2022-01-01 00:00:00+00:00, run_after=2022-01-01 00:00:00+00:00
[2026-02-25T14:27:09.697+0000] {logging_mixin.py:190} INFO - [2026-02-25T14:27:09.696+0000] {dag.py:4180} INFO - Setting next_dagrun for example_subdag_operator.section-1 to None, run_after=None
[2026-02-25T14:27:09.697+0000] {logging_mixin.py:190} INFO - [2026-02-25T14:27:09.697+0000] {dag.py:4180} INFO - Setting next_dagrun for example_subdag_operator.section-2 to None, run_after=None
[2026-02-25T14:27:09.701+0000] {logging_mixin.py:190} INFO - [2026-02-25T14:27:09.700+0000] {dag.py:3239} INFO - Sync 2 DAGs
[2026-02-25T14:27:09.703+0000] {logging_mixin.py:190} INFO - [2026-02-25T14:27:09.703+0000] {dag.py:4180} INFO - Setting next_dagrun for example_subdag_operator.section-1 to None, run_after=None
[2026-02-25T14:27:09.703+0000] {logging_mixin.py:190} INFO - [2026-02-25T14:27:09.703+0000] {dag.py:4180} INFO - Setting next_dagrun for example_subdag_operator.section-2 to None, run_after=None
[2026-02-25T14:27:09.716+0000] {processor.py:208} INFO - Processing /home/ubuntu/airflow-venv/lib/python3.12/site-packages/airflow/example_dags/example_subdag_operator.py took 0.064 seconds
[2026-02-25T14:28:00.292+0000] {processor.py:186} INFO - Started process (PID=4077) to work on /home/ubuntu/airflow-venv/lib/python3.12/site-packages/airflow/example_dags/example_subdag_operator.py
[2026-02-25T14:28:00.294+0000] {processor.py:914} INFO - Processing file /home/ubuntu/airflow-venv/lib/python3.12/site-packages/airflow/example_dags/example_subdag_operator.py for tasks to queue
[2026-02-25T14:28:00.295+0000] {logging_mixin.py:190} INFO - [2026-02-25T14:28:00.294+0000] {dagbag.py:588} INFO - Filling up the DagBag from /home/ubuntu/airflow-venv/lib/python3.12/site-packages/airflow/example_dags/example_subdag_operator.py
[2026-02-25T14:28:00.310+0000] {processor.py:925} INFO - DAG(s) 'example_subdag_operator.section-1', 'example_subdag_operator.section-2', 'example_subdag_operator' retrieved from /home/ubuntu/airflow-venv/lib/python3.12/site-packages/airflow/example_dags/example_subdag_operator.py
[2026-02-25T14:28:00.320+0000] {logging_mixin.py:190} INFO - [2026-02-25T14:28:00.320+0000] {dag.py:3239} INFO - Sync 3 DAGs
[2026-02-25T14:28:00.333+0000] {logging_mixin.py:190} INFO - [2026-02-25T14:28:00.332+0000] {dag.py:4180} INFO - Setting next_dagrun for example_subdag_operator to 2022-01-01 00:00:00+00:00, run_after=2022-01-01 00:00:00+00:00
[2026-02-25T14:28:00.335+0000] {logging_mixin.py:190} INFO - [2026-02-25T14:28:00.335+0000] {dag.py:4180} INFO - Setting next_dagrun for example_subdag_operator.section-1 to None, run_after=None
[2026-02-25T14:28:00.335+0000] {logging_mixin.py:190} INFO - [2026-02-25T14:28:00.335+0000] {dag.py:4180} INFO - Setting next_dagrun for example_subdag_operator.section-2 to None, run_after=None
[2026-02-25T14:28:00.339+0000] {logging_mixin.py:190} INFO - [2026-02-25T14:28:00.339+0000] {dag.py:3239} INFO - Sync 2 DAGs
[2026-02-25T14:28:00.341+0000] {logging_mixin.py:190} INFO - [2026-02-25T14:28:00.341+0000] {dag.py:4180} INFO - Setting next_dagrun for example_subdag_operator.section-1 to None, run_after=None
[2026-02-25T14:28:00.342+0000] {logging_mixin.py:190} INFO - [2026-02-25T14:28:00.341+0000] {dag.py:4180} INFO - Setting next_dagrun for example_subdag_operator.section-2 to None, run_after=None
[2026-02-25T14:28:00.354+0000] {processor.py:208} INFO - Processing /home/ubuntu/airflow-venv/lib/python3.12/site-packages/airflow/example_dags/example_subdag_operator.py took 0.065 seconds
[2026-02-25T14:28:49.822+0000] {processor.py:186} INFO - Started process (PID=4129) to work on /home/ubuntu/airflow-venv/lib/python3.12/site-packages/airflow/example_dags/example_subdag_operator.py
[2026-02-25T14:28:49.824+0000] {processor.py:914} INFO - Processing file /home/ubuntu/airflow-venv/lib/python3.12/site-packages/airflow/example_dags/example_subdag_operator.py for tasks to queue
[2026-02-25T14:28:49.825+0000] {logging_mixin.py:190} INFO - [2026-02-25T14:28:49.824+0000] {dagbag.py:588} INFO - Filling up the DagBag from /home/ubuntu/airflow-venv/lib/python3.12/site-packages/airflow/example_dags/example_subdag_operator.py
[2026-02-25T14:28:49.840+0000] {processor.py:925} INFO - DAG(s) 'example_subdag_operator.section-1', 'example_subdag_operator.section-2', 'example_subdag_operator' retrieved from /home/ubuntu/airflow-venv/lib/python3.12/site-packages/airflow/example_dags/example_subdag_operator.py
[2026-02-25T14:28:49.849+0000] {logging_mixin.py:190} INFO - [2026-02-25T14:28:49.849+0000] {dag.py:3239} INFO - Sync 3 DAGs
[2026-02-25T14:28:49.862+0000] {logging_mixin.py:190} INFO - [2026-02-25T14:28:49.862+0000] {dag.py:4180} INFO - Setting next_dagrun for example_subdag_operator to 2022-01-01 00:00:00+00:00, run_after=2022-01-01 00:00:00+00:00
[2026-02-25T14:28:49.864+0000] {logging_mixin.py:190} INFO - [2026-02-25T14:28:49.864+0000] {dag.py:4180} INFO - Setting next_dagrun for example_subdag_operator.section-1 to None, run_after=None
[2026-02-25T14:28:49.864+0000] {logging_mixin.py:190} INFO - [2026-02-25T14:28:49.864+0000] {dag.py:4180} INFO - Setting next_dagrun for example_subdag_operator.section-2 to None, run_after=None
[2026-02-25T14:28:49.869+0000] {logging_mixin.py:190} INFO - [2026-02-25T14:28:49.869+0000] {dag.py:3239} INFO - Sync 2 DAGs
[2026-02-25T14:28:49.871+0000] {logging_mixin.py:190} INFO - [2026-02-25T14:28:49.871+0000] {dag.py:4180} INFO - Setting next_dagrun for example_subdag_operator.section-1 to None, run_after=None
[2026-02-25T14:28:49.871+0000] {logging_mixin.py:190} INFO - [2026-02-25T14:28:49.871+0000] {dag.py:4180} INFO - Setting next_dagrun for example_subdag_operator.section-2 to None, run_after=None
[2026-02-25T14:28:49.883+0000] {processor.py:208} INFO - Processing /home/ubuntu/airflow-venv/lib/python3.12/site-packages/airflow/example_dags/example_subdag_operator.py took 0.065 seconds
[2026-02-25T14:29:39.644+0000] {processor.py:186} INFO - Started process (PID=4182) to work on /home/ubuntu/airflow-venv/lib/python3.12/site-packages/airflow/example_dags/example_subdag_operator.py
[2026-02-25T14:29:39.646+0000] {processor.py:914} INFO - Processing file /home/ubuntu/airflow-venv/lib/python3.12/site-packages/airflow/example_dags/example_subdag_operator.py for tasks to queue
[2026-02-25T14:29:39.647+0000] {logging_mixin.py:190} INFO - [2026-02-25T14:29:39.646+0000] {dagbag.py:588} INFO - Filling up the DagBag from /home/ubuntu/airflow-venv/lib/python3.12/site-packages/airflow/example_dags/example_subdag_operator.py
[2026-02-25T14:29:39.661+0000] {processor.py:925} INFO - DAG(s) 'example_subdag_operator.section-1', 'example_subdag_operator.section-2', 'example_subdag_operator' retrieved from /home/ubuntu/airflow-venv/lib/python3.12/site-packages/airflow/example_dags/example_subdag_operator.py
[2026-02-25T14:29:39.671+0000] {logging_mixin.py:190} INFO - [2026-02-25T14:29:39.670+0000] {dag.py:3239} INFO - Sync 3 DAGs
[2026-02-25T14:29:39.683+0000] {logging_mixin.py:190} INFO - [2026-02-25T14:29:39.683+0000] {dag.py:4180} INFO - Setting next_dagrun for example_subdag_operator to 2022-01-01 00:00:00+00:00, run_after=2022-01-01 00:00:00+00:00
[2026-02-25T14:29:39.685+0000] {logging_mixin.py:190} INFO - [2026-02-25T14:29:39.685+0000] {dag.py:4180} INFO - Setting next_dagrun for example_subdag_operator.section-1 to None, run_after=None
[2026-02-25T14:29:39.686+0000] {logging_mixin.py:190} INFO - [2026-02-25T14:29:39.685+0000] {dag.py:4180} INFO - Setting next_dagrun for example_subdag_operator.section-2 to None, run_after=None
[2026-02-25T14:29:39.689+0000] {logging_mixin.py:190} INFO - [2026-02-25T14:29:39.689+0000] {dag.py:3239} INFO - Sync 2 DAGs
[2026-02-25T14:29:39.691+0000] {logging_mixin.py:190} INFO - [2026-02-25T14:29:39.691+0000] {dag.py:4180} INFO - Setting next_dagrun for example_subdag_operator.section-1 to None, run_after=None
[2026-02-25T14:29:39.692+0000] {logging_mixin.py:190} INFO - [2026-02-25T14:29:39.692+0000] {dag.py:4180} INFO - Setting next_dagrun for example_subdag_operator.section-2 to None, run_after=None
[2026-02-25T14:29:39.704+0000] {processor.py:208} INFO - Processing /home/ubuntu/airflow-venv/lib/python3.12/site-packages/airflow/example_dags/example_subdag_operator.py took 0.063 seconds
[2026-02-25T14:33:42.984+0000] {processor.py:186} INFO - Started process (PID=2064) to work on /home/ubuntu/airflow-venv/lib/python3.12/site-packages/airflow/example_dags/example_subdag_operator.py
[2026-02-25T14:33:42.986+0000] {processor.py:914} INFO - Processing file /home/ubuntu/airflow-venv/lib/python3.12/site-packages/airflow/example_dags/example_subdag_operator.py for tasks to queue
[2026-02-25T14:33:42.987+0000] {logging_mixin.py:190} INFO - [2026-02-25T14:33:42.987+0000] {dagbag.py:588} INFO - Filling up the DagBag from /home/ubuntu/airflow-venv/lib/python3.12/site-packages/airflow/example_dags/example_subdag_operator.py
[2026-02-25T14:33:43.003+0000] {processor.py:925} INFO - DAG(s) 'example_subdag_operator.section-1', 'example_subdag_operator.section-2', 'example_subdag_operator' retrieved from /home/ubuntu/airflow-venv/lib/python3.12/site-packages/airflow/example_dags/example_subdag_operator.py
[2026-02-25T14:33:43.013+0000] {logging_mixin.py:190} INFO - [2026-02-25T14:33:43.012+0000] {dag.py:3239} INFO - Sync 3 DAGs
[2026-02-25T14:33:43.025+0000] {logging_mixin.py:190} INFO - [2026-02-25T14:33:43.025+0000] {dag.py:4180} INFO - Setting next_dagrun for example_subdag_operator to 2022-01-01 00:00:00+00:00, run_after=2022-01-01 00:00:00+00:00
[2026-02-25T14:33:43.027+0000] {logging_mixin.py:190} INFO - [2026-02-25T14:33:43.027+0000] {dag.py:4180} INFO - Setting next_dagrun for example_subdag_operator.section-1 to None, run_after=None
[2026-02-25T14:33:43.028+0000] {logging_mixin.py:190} INFO - [2026-02-25T14:33:43.028+0000] {dag.py:4180} INFO - Setting next_dagrun for example_subdag_operator.section-2 to None, run_after=None
[2026-02-25T14:33:43.031+0000] {logging_mixin.py:190} INFO - [2026-02-25T14:33:43.031+0000] {dag.py:3239} INFO - Sync 2 DAGs
[2026-02-25T14:33:43.034+0000] {logging_mixin.py:190} INFO - [2026-02-25T14:33:43.034+0000] {dag.py:4180} INFO - Setting next_dagrun for example_subdag_operator.section-1 to None, run_after=None
[2026-02-25T14:33:43.034+0000] {logging_mixin.py:190} INFO - [2026-02-25T14:33:43.034+0000] {dag.py:4180} INFO - Setting next_dagrun for example_subdag_operator.section-2 to None, run_after=None
[2026-02-25T14:33:43.046+0000] {processor.py:208} INFO - Processing /home/ubuntu/airflow-venv/lib/python3.12/site-packages/airflow/example_dags/example_subdag_operator.py took 0.065 seconds
[2026-02-25T14:34:37.255+0000] {processor.py:186} INFO - Started process (PID=2129) to work on /home/ubuntu/airflow-venv/lib/python3.12/site-packages/airflow/example_dags/example_subdag_operator.py
[2026-02-25T14:34:37.257+0000] {processor.py:914} INFO - Processing file /home/ubuntu/airflow-venv/lib/python3.12/site-packages/airflow/example_dags/example_subdag_operator.py for tasks to queue
[2026-02-25T14:34:37.258+0000] {logging_mixin.py:190} INFO - [2026-02-25T14:34:37.258+0000] {dagbag.py:588} INFO - Filling up the DagBag from /home/ubuntu/airflow-venv/lib/python3.12/site-packages/airflow/example_dags/example_subdag_operator.py
[2026-02-25T14:34:37.273+0000] {processor.py:925} INFO - DAG(s) 'example_subdag_operator.section-1', 'example_subdag_operator.section-2', 'example_subdag_operator' retrieved from /home/ubuntu/airflow-venv/lib/python3.12/site-packages/airflow/example_dags/example_subdag_operator.py
[2026-02-25T14:34:37.282+0000] {logging_mixin.py:190} INFO - [2026-02-25T14:34:37.282+0000] {dag.py:3239} INFO - Sync 3 DAGs
[2026-02-25T14:34:37.295+0000] {logging_mixin.py:190} INFO - [2026-02-25T14:34:37.295+0000] {dag.py:4180} INFO - Setting next_dagrun for example_subdag_operator to 2022-01-01 00:00:00+00:00, run_after=2022-01-01 00:00:00+00:00
[2026-02-25T14:34:37.297+0000] {logging_mixin.py:190} INFO - [2026-02-25T14:34:37.297+0000] {dag.py:4180} INFO - Setting next_dagrun for example_subdag_operator.section-1 to None, run_after=None
[2026-02-25T14:34:37.298+0000] {logging_mixin.py:190} INFO - [2026-02-25T14:34:37.298+0000] {dag.py:4180} INFO - Setting next_dagrun for example_subdag_operator.section-2 to None, run_after=None
[2026-02-25T14:34:37.302+0000] {logging_mixin.py:190} INFO - [2026-02-25T14:34:37.302+0000] {dag.py:3239} INFO - Sync 2 DAGs
[2026-02-25T14:34:37.304+0000] {logging_mixin.py:190} INFO - [2026-02-25T14:34:37.304+0000] {dag.py:4180} INFO - Setting next_dagrun for example_subdag_operator.section-1 to None, run_after=None
[2026-02-25T14:34:37.304+0000] {logging_mixin.py:190} INFO - [2026-02-25T14:34:37.304+0000] {dag.py:4180} INFO - Setting next_dagrun for example_subdag_operator.section-2 to None, run_after=None
[2026-02-25T14:34:37.316+0000] {processor.py:208} INFO - Processing /home/ubuntu/airflow-venv/lib/python3.12/site-packages/airflow/example_dags/example_subdag_operator.py took 0.065 seconds
[2026-02-25T14:35:25.568+0000] {processor.py:186} INFO - Started process (PID=2184) to work on /home/ubuntu/airflow-venv/lib/python3.12/site-packages/airflow/example_dags/example_subdag_operator.py
[2026-02-25T14:35:25.570+0000] {processor.py:914} INFO - Processing file /home/ubuntu/airflow-venv/lib/python3.12/site-packages/airflow/example_dags/example_subdag_operator.py for tasks to queue
[2026-02-25T14:35:25.571+0000] {logging_mixin.py:190} INFO - [2026-02-25T14:35:25.571+0000] {dagbag.py:588} INFO - Filling up the DagBag from /home/ubuntu/airflow-venv/lib/python3.12/site-packages/airflow/example_dags/example_subdag_operator.py
[2026-02-25T14:35:25.585+0000] {processor.py:925} INFO - DAG(s) 'example_subdag_operator.section-1', 'example_subdag_operator.section-2', 'example_subdag_operator' retrieved from /home/ubuntu/airflow-venv/lib/python3.12/site-packages/airflow/example_dags/example_subdag_operator.py
[2026-02-25T14:35:25.593+0000] {logging_mixin.py:190} INFO - [2026-02-25T14:35:25.593+0000] {dag.py:3239} INFO - Sync 3 DAGs
[2026-02-25T14:35:25.605+0000] {logging_mixin.py:190} INFO - [2026-02-25T14:35:25.605+0000] {dag.py:4180} INFO - Setting next_dagrun for example_subdag_operator to 2022-01-01 00:00:00+00:00, run_after=2022-01-01 00:00:00+00:00
[2026-02-25T14:35:25.607+0000] {logging_mixin.py:190} INFO - [2026-02-25T14:35:25.607+0000] {dag.py:4180} INFO - Setting next_dagrun for example_subdag_operator.section-1 to None, run_after=None
[2026-02-25T14:35:25.608+0000] {logging_mixin.py:190} INFO - [2026-02-25T14:35:25.608+0000] {dag.py:4180} INFO - Setting next_dagrun for example_subdag_operator.section-2 to None, run_after=None
[2026-02-25T14:35:25.611+0000] {logging_mixin.py:190} INFO - [2026-02-25T14:35:25.611+0000] {dag.py:3239} INFO - Sync 2 DAGs
[2026-02-25T14:35:25.614+0000] {logging_mixin.py:190} INFO - [2026-02-25T14:35:25.614+0000] {dag.py:4180} INFO - Setting next_dagrun for example_subdag_operator.section-1 to None, run_after=None
[2026-02-25T14:35:25.614+0000] {logging_mixin.py:190} INFO - [2026-02-25T14:35:25.614+0000] {dag.py:4180} INFO - Setting next_dagrun for example_subdag_operator.section-2 to None, run_after=None
[2026-02-25T14:35:25.626+0000] {processor.py:208} INFO - Processing /home/ubuntu/airflow-venv/lib/python3.12/site-packages/airflow/example_dags/example_subdag_operator.py took 0.061 seconds
[2026-02-25T14:36:21.060+0000] {processor.py:186} INFO - Started process (PID=2605) to work on /home/ubuntu/airflow-venv/lib/python3.12/site-packages/airflow/example_dags/example_subdag_operator.py
[2026-02-25T14:36:21.062+0000] {processor.py:914} INFO - Processing file /home/ubuntu/airflow-venv/lib/python3.12/site-packages/airflow/example_dags/example_subdag_operator.py for tasks to queue
[2026-02-25T14:36:21.063+0000] {logging_mixin.py:190} INFO - [2026-02-25T14:36:21.063+0000] {dagbag.py:588} INFO - Filling up the DagBag from /home/ubuntu/airflow-venv/lib/python3.12/site-packages/airflow/example_dags/example_subdag_operator.py
[2026-02-25T14:36:21.078+0000] {processor.py:925} INFO - DAG(s) 'example_subdag_operator.section-1', 'example_subdag_operator.section-2', 'example_subdag_operator' retrieved from /home/ubuntu/airflow-venv/lib/python3.12/site-packages/airflow/example_dags/example_subdag_operator.py
[2026-02-25T14:36:21.087+0000] {logging_mixin.py:190} INFO - [2026-02-25T14:36:21.086+0000] {dag.py:3239} INFO - Sync 3 DAGs
[2026-02-25T14:36:21.099+0000] {logging_mixin.py:190} INFO - [2026-02-25T14:36:21.099+0000] {dag.py:4180} INFO - Setting next_dagrun for example_subdag_operator to 2022-01-01 00:00:00+00:00, run_after=2022-01-01 00:00:00+00:00
[2026-02-25T14:36:21.101+0000] {logging_mixin.py:190} INFO - [2026-02-25T14:36:21.101+0000] {dag.py:4180} INFO - Setting next_dagrun for example_subdag_operator.section-1 to None, run_after=None
[2026-02-25T14:36:21.102+0000] {logging_mixin.py:190} INFO - [2026-02-25T14:36:21.102+0000] {dag.py:4180} INFO - Setting next_dagrun for example_subdag_operator.section-2 to None, run_after=None
[2026-02-25T14:36:21.105+0000] {logging_mixin.py:190} INFO - [2026-02-25T14:36:21.105+0000] {dag.py:3239} INFO - Sync 2 DAGs
[2026-02-25T14:36:21.108+0000] {logging_mixin.py:190} INFO - [2026-02-25T14:36:21.108+0000] {dag.py:4180} INFO - Setting next_dagrun for example_subdag_operator.section-1 to None, run_after=None
[2026-02-25T14:36:21.108+0000] {logging_mixin.py:190} INFO - [2026-02-25T14:36:21.108+0000] {dag.py:4180} INFO - Setting next_dagrun for example_subdag_operator.section-2 to None, run_after=None
[2026-02-25T14:36:21.120+0000] {processor.py:208} INFO - Processing /home/ubuntu/airflow-venv/lib/python3.12/site-packages/airflow/example_dags/example_subdag_operator.py took 0.063 seconds
[2026-02-25T14:37:12.169+0000] {processor.py:186} INFO - Started process (PID=2676) to work on /home/ubuntu/airflow-venv/lib/python3.12/site-packages/airflow/example_dags/example_subdag_operator.py
[2026-02-25T14:37:12.170+0000] {processor.py:914} INFO - Processing file /home/ubuntu/airflow-venv/lib/python3.12/site-packages/airflow/example_dags/example_subdag_operator.py for tasks to queue
[2026-02-25T14:37:12.172+0000] {logging_mixin.py:190} INFO - [2026-02-25T14:37:12.172+0000] {dagbag.py:588} INFO - Filling up the DagBag from /home/ubuntu/airflow-venv/lib/python3.12/site-packages/airflow/example_dags/example_subdag_operator.py
[2026-02-25T14:37:12.186+0000] {processor.py:925} INFO - DAG(s) 'example_subdag_operator.section-1', 'example_subdag_operator.section-2', 'example_subdag_operator' retrieved from /home/ubuntu/airflow-venv/lib/python3.12/site-packages/airflow/example_dags/example_subdag_operator.py
[2026-02-25T14:37:12.195+0000] {logging_mixin.py:190} INFO - [2026-02-25T14:37:12.195+0000] {dag.py:3239} INFO - Sync 3 DAGs
[2026-02-25T14:37:12.207+0000] {logging_mixin.py:190} INFO - [2026-02-25T14:37:12.207+0000] {dag.py:4180} INFO - Setting next_dagrun for example_subdag_operator to 2022-01-01 00:00:00+00:00, run_after=2022-01-01 00:00:00+00:00
[2026-02-25T14:37:12.209+0000] {logging_mixin.py:190} INFO - [2026-02-25T14:37:12.209+0000] {dag.py:4180} INFO - Setting next_dagrun for example_subdag_operator.section-1 to None, run_after=None
[2026-02-25T14:37:12.209+0000] {logging_mixin.py:190} INFO - [2026-02-25T14:37:12.209+0000] {dag.py:4180} INFO - Setting next_dagrun for example_subdag_operator.section-2 to None, run_after=None
[2026-02-25T14:37:12.213+0000] {logging_mixin.py:190} INFO - [2026-02-25T14:37:12.213+0000] {dag.py:3239} INFO - Sync 2 DAGs
[2026-02-25T14:37:12.215+0000] {logging_mixin.py:190} INFO - [2026-02-25T14:37:12.215+0000] {dag.py:4180} INFO - Setting next_dagrun for example_subdag_operator.section-1 to None, run_after=None
[2026-02-25T14:37:12.215+0000] {logging_mixin.py:190} INFO - [2026-02-25T14:37:12.215+0000] {dag.py:4180} INFO - Setting next_dagrun for example_subdag_operator.section-2 to None, run_after=None
[2026-02-25T14:37:12.227+0000] {processor.py:208} INFO - Processing /home/ubuntu/airflow-venv/lib/python3.12/site-packages/airflow/example_dags/example_subdag_operator.py took 0.062 seconds
[2026-02-25T14:38:02.642+0000] {processor.py:186} INFO - Started process (PID=2737) to work on /home/ubuntu/airflow-venv/lib/python3.12/site-packages/airflow/example_dags/example_subdag_operator.py
[2026-02-25T14:38:02.643+0000] {processor.py:914} INFO - Processing file /home/ubuntu/airflow-venv/lib/python3.12/site-packages/airflow/example_dags/example_subdag_operator.py for tasks to queue
[2026-02-25T14:38:02.644+0000] {logging_mixin.py:190} INFO - [2026-02-25T14:38:02.644+0000] {dagbag.py:588} INFO - Filling up the DagBag from /home/ubuntu/airflow-venv/lib/python3.12/site-packages/airflow/example_dags/example_subdag_operator.py
[2026-02-25T14:38:02.660+0000] {processor.py:925} INFO - DAG(s) 'example_subdag_operator.section-1', 'example_subdag_operator.section-2', 'example_subdag_operator' retrieved from /home/ubuntu/airflow-venv/lib/python3.12/site-packages/airflow/example_dags/example_subdag_operator.py
[2026-02-25T14:38:02.669+0000] {logging_mixin.py:190} INFO - [2026-02-25T14:38:02.669+0000] {dag.py:3239} INFO - Sync 3 DAGs
[2026-02-25T14:38:02.682+0000] {logging_mixin.py:190} INFO - [2026-02-25T14:38:02.681+0000] {dag.py:4180} INFO - Setting next_dagrun for example_subdag_operator to 2022-01-01 00:00:00+00:00, run_after=2022-01-01 00:00:00+00:00
[2026-02-25T14:38:02.684+0000] {logging_mixin.py:190} INFO - [2026-02-25T14:38:02.684+0000] {dag.py:4180} INFO - Setting next_dagrun for example_subdag_operator.section-1 to None, run_after=None
[2026-02-25T14:38:02.684+0000] {logging_mixin.py:190} INFO - [2026-02-25T14:38:02.684+0000] {dag.py:4180} INFO - Setting next_dagrun for example_subdag_operator.section-2 to None, run_after=None
[2026-02-25T14:38:02.688+0000] {logging_mixin.py:190} INFO - [2026-02-25T14:38:02.688+0000] {dag.py:3239} INFO - Sync 2 DAGs
[2026-02-25T14:38:02.690+0000] {logging_mixin.py:190} INFO - [2026-02-25T14:38:02.690+0000] {dag.py:4180} INFO - Setting next_dagrun for example_subdag_operator.section-1 to None, run_after=None
[2026-02-25T14:38:02.691+0000] {logging_mixin.py:190} INFO - [2026-02-25T14:38:02.690+0000] {dag.py:4180} INFO - Setting next_dagrun for example_subdag_operator.section-2 to None, run_after=None
[2026-02-25T14:38:02.703+0000] {processor.py:208} INFO - Processing /home/ubuntu/airflow-venv/lib/python3.12/site-packages/airflow/example_dags/example_subdag_operator.py took 0.065 seconds
[2026-02-25T14:38:51.708+0000] {processor.py:186} INFO - Started process (PID=2788) to work on /home/ubuntu/airflow-venv/lib/python3.12/site-packages/airflow/example_dags/example_subdag_operator.py
[2026-02-25T14:38:51.710+0000] {processor.py:914} INFO - Processing file /home/ubuntu/airflow-venv/lib/python3.12/site-packages/airflow/example_dags/example_subdag_operator.py for tasks to queue
[2026-02-25T14:38:51.711+0000] {logging_mixin.py:190} INFO - [2026-02-25T14:38:51.711+0000] {dagbag.py:588} INFO - Filling up the DagBag from /home/ubuntu/airflow-venv/lib/python3.12/site-packages/airflow/example_dags/example_subdag_operator.py
[2026-02-25T14:38:51.726+0000] {processor.py:925} INFO - DAG(s) 'example_subdag_operator.section-1', 'example_subdag_operator.section-2', 'example_subdag_operator' retrieved from /home/ubuntu/airflow-venv/lib/python3.12/site-packages/airflow/example_dags/example_subdag_operator.py
[2026-02-25T14:38:51.735+0000] {logging_mixin.py:190} INFO - [2026-02-25T14:38:51.734+0000] {dag.py:3239} INFO - Sync 3 DAGs
[2026-02-25T14:38:51.747+0000] {logging_mixin.py:190} INFO - [2026-02-25T14:38:51.747+0000] {dag.py:4180} INFO - Setting next_dagrun for example_subdag_operator to 2022-01-01 00:00:00+00:00, run_after=2022-01-01 00:00:00+00:00
[2026-02-25T14:38:51.749+0000] {logging_mixin.py:190} INFO - [2026-02-25T14:38:51.749+0000] {dag.py:4180} INFO - Setting next_dagrun for example_subdag_operator.section-1 to None, run_after=None
[2026-02-25T14:38:51.750+0000] {logging_mixin.py:190} INFO - [2026-02-25T14:38:51.749+0000] {dag.py:4180} INFO - Setting next_dagrun for example_subdag_operator.section-2 to None, run_after=None
[2026-02-25T14:38:51.754+0000] {logging_mixin.py:190} INFO - [2026-02-25T14:38:51.754+0000] {dag.py:3239} INFO - Sync 2 DAGs
[2026-02-25T14:38:51.839+0000] {logging_mixin.py:190} INFO - [2026-02-25T14:38:51.839+0000] {dag.py:4180} INFO - Setting next_dagrun for example_subdag_operator.section-1 to None, run_after=None
[2026-02-25T14:38:51.839+0000] {logging_mixin.py:190} INFO - [2026-02-25T14:38:51.839+0000] {dag.py:4180} INFO - Setting next_dagrun for example_subdag_operator.section-2 to None, run_after=None
[2026-02-25T14:38:51.851+0000] {processor.py:208} INFO - Processing /home/ubuntu/airflow-venv/lib/python3.12/site-packages/airflow/example_dags/example_subdag_operator.py took 0.146 seconds
[2026-02-25T14:39:44.881+0000] {processor.py:186} INFO - Started process (PID=2841) to work on /home/ubuntu/airflow-venv/lib/python3.12/site-packages/airflow/example_dags/example_subdag_operator.py
[2026-02-25T14:39:44.882+0000] {processor.py:914} INFO - Processing file /home/ubuntu/airflow-venv/lib/python3.12/site-packages/airflow/example_dags/example_subdag_operator.py for tasks to queue
[2026-02-25T14:39:44.883+0000] {logging_mixin.py:190} INFO - [2026-02-25T14:39:44.883+0000] {dagbag.py:588} INFO - Filling up the DagBag from /home/ubuntu/airflow-venv/lib/python3.12/site-packages/airflow/example_dags/example_subdag_operator.py
[2026-02-25T14:39:44.897+0000] {processor.py:925} INFO - DAG(s) 'example_subdag_operator.section-1', 'example_subdag_operator.section-2', 'example_subdag_operator' retrieved from /home/ubuntu/airflow-venv/lib/python3.12/site-packages/airflow/example_dags/example_subdag_operator.py
[2026-02-25T14:39:44.979+0000] {logging_mixin.py:190} INFO - [2026-02-25T14:39:44.979+0000] {dag.py:3239} INFO - Sync 3 DAGs
[2026-02-25T14:39:44.989+0000] {logging_mixin.py:190} INFO - [2026-02-25T14:39:44.989+0000] {dag.py:4180} INFO - Setting next_dagrun for example_subdag_operator to 2022-01-01 00:00:00+00:00, run_after=2022-01-01 00:00:00+00:00
[2026-02-25T14:39:44.991+0000] {logging_mixin.py:190} INFO - [2026-02-25T14:39:44.991+0000] {dag.py:4180} INFO - Setting next_dagrun for example_subdag_operator.section-1 to None, run_after=None
[2026-02-25T14:39:44.991+0000] {logging_mixin.py:190} INFO - [2026-02-25T14:39:44.991+0000] {dag.py:4180} INFO - Setting next_dagrun for example_subdag_operator.section-2 to None, run_after=None
[2026-02-25T14:39:44.995+0000] {logging_mixin.py:190} INFO - [2026-02-25T14:39:44.995+0000] {dag.py:3239} INFO - Sync 2 DAGs
[2026-02-25T14:39:44.997+0000] {logging_mixin.py:190} INFO - [2026-02-25T14:39:44.997+0000] {dag.py:4180} INFO - Setting next_dagrun for example_subdag_operator.section-1 to None, run_after=None
[2026-02-25T14:39:44.997+0000] {logging_mixin.py:190} INFO - [2026-02-25T14:39:44.997+0000] {dag.py:4180} INFO - Setting next_dagrun for example_subdag_operator.section-2 to None, run_after=None
[2026-02-25T14:39:45.008+0000] {processor.py:208} INFO - Processing /home/ubuntu/airflow-venv/lib/python3.12/site-packages/airflow/example_dags/example_subdag_operator.py took 0.131 seconds
[2026-02-25T14:40:39.662+0000] {processor.py:186} INFO - Started process (PID=2898) to work on /home/ubuntu/airflow-venv/lib/python3.12/site-packages/airflow/example_dags/example_subdag_operator.py
[2026-02-25T14:40:39.663+0000] {processor.py:914} INFO - Processing file /home/ubuntu/airflow-venv/lib/python3.12/site-packages/airflow/example_dags/example_subdag_operator.py for tasks to queue
[2026-02-25T14:40:39.665+0000] {logging_mixin.py:190} INFO - [2026-02-25T14:40:39.664+0000] {dagbag.py:588} INFO - Filling up the DagBag from /home/ubuntu/airflow-venv/lib/python3.12/site-packages/airflow/example_dags/example_subdag_operator.py
[2026-02-25T14:40:39.679+0000] {processor.py:925} INFO - DAG(s) 'example_subdag_operator.section-1', 'example_subdag_operator.section-2', 'example_subdag_operator' retrieved from /home/ubuntu/airflow-venv/lib/python3.12/site-packages/airflow/example_dags/example_subdag_operator.py
[2026-02-25T14:40:39.688+0000] {logging_mixin.py:190} INFO - [2026-02-25T14:40:39.688+0000] {dag.py:3239} INFO - Sync 3 DAGs
[2026-02-25T14:40:39.701+0000] {logging_mixin.py:190} INFO - [2026-02-25T14:40:39.701+0000] {dag.py:4180} INFO - Setting next_dagrun for example_subdag_operator to 2022-01-01 00:00:00+00:00, run_after=2022-01-01 00:00:00+00:00
[2026-02-25T14:40:39.703+0000] {logging_mixin.py:190} INFO - [2026-02-25T14:40:39.703+0000] {dag.py:4180} INFO - Setting next_dagrun for example_subdag_operator.section-1 to None, run_after=None
[2026-02-25T14:40:39.704+0000] {logging_mixin.py:190} INFO - [2026-02-25T14:40:39.704+0000] {dag.py:4180} INFO - Setting next_dagrun for example_subdag_operator.section-2 to None, run_after=None
[2026-02-25T14:40:39.708+0000] {logging_mixin.py:190} INFO - [2026-02-25T14:40:39.708+0000] {dag.py:3239} INFO - Sync 2 DAGs
[2026-02-25T14:40:39.710+0000] {logging_mixin.py:190} INFO - [2026-02-25T14:40:39.710+0000] {dag.py:4180} INFO - Setting next_dagrun for example_subdag_operator.section-1 to None, run_after=None
[2026-02-25T14:40:39.710+0000] {logging_mixin.py:190} INFO - [2026-02-25T14:40:39.710+0000] {dag.py:4180} INFO - Setting next_dagrun for example_subdag_operator.section-2 to None, run_after=None
[2026-02-25T14:40:39.722+0000] {processor.py:208} INFO - Processing /home/ubuntu/airflow-venv/lib/python3.12/site-packages/airflow/example_dags/example_subdag_operator.py took 0.064 seconds
[2026-02-25T14:41:30.787+0000] {processor.py:186} INFO - Started process (PID=2951) to work on /home/ubuntu/airflow-venv/lib/python3.12/site-packages/airflow/example_dags/example_subdag_operator.py
[2026-02-25T14:41:30.788+0000] {processor.py:914} INFO - Processing file /home/ubuntu/airflow-venv/lib/python3.12/site-packages/airflow/example_dags/example_subdag_operator.py for tasks to queue
[2026-02-25T14:41:30.790+0000] {logging_mixin.py:190} INFO - [2026-02-25T14:41:30.790+0000] {dagbag.py:588} INFO - Filling up the DagBag from /home/ubuntu/airflow-venv/lib/python3.12/site-packages/airflow/example_dags/example_subdag_operator.py
[2026-02-25T14:41:30.805+0000] {processor.py:925} INFO - DAG(s) 'example_subdag_operator.section-1', 'example_subdag_operator.section-2', 'example_subdag_operator' retrieved from /home/ubuntu/airflow-venv/lib/python3.12/site-packages/airflow/example_dags/example_subdag_operator.py
[2026-02-25T14:41:30.814+0000] {logging_mixin.py:190} INFO - [2026-02-25T14:41:30.814+0000] {dag.py:3239} INFO - Sync 3 DAGs
[2026-02-25T14:41:30.827+0000] {logging_mixin.py:190} INFO - [2026-02-25T14:41:30.826+0000] {dag.py:4180} INFO - Setting next_dagrun for example_subdag_operator to 2022-01-01 00:00:00+00:00, run_after=2022-01-01 00:00:00+00:00
[2026-02-25T14:41:30.829+0000] {logging_mixin.py:190} INFO - [2026-02-25T14:41:30.828+0000] {dag.py:4180} INFO - Setting next_dagrun for example_subdag_operator.section-1 to None, run_after=None
[2026-02-25T14:41:30.829+0000] {logging_mixin.py:190} INFO - [2026-02-25T14:41:30.829+0000] {dag.py:4180} INFO - Setting next_dagrun for example_subdag_operator.section-2 to None, run_after=None
[2026-02-25T14:41:30.834+0000] {logging_mixin.py:190} INFO - [2026-02-25T14:41:30.834+0000] {dag.py:3239} INFO - Sync 2 DAGs
[2026-02-25T14:41:30.836+0000] {logging_mixin.py:190} INFO - [2026-02-25T14:41:30.836+0000] {dag.py:4180} INFO - Setting next_dagrun for example_subdag_operator.section-1 to None, run_after=None
[2026-02-25T14:41:30.836+0000] {logging_mixin.py:190} INFO - [2026-02-25T14:41:30.836+0000] {dag.py:4180} INFO - Setting next_dagrun for example_subdag_operator.section-2 to None, run_after=None
[2026-02-25T14:41:30.848+0000] {processor.py:208} INFO - Processing /home/ubuntu/airflow-venv/lib/python3.12/site-packages/airflow/example_dags/example_subdag_operator.py took 0.064 seconds
[2026-02-25T14:42:26.397+0000] {processor.py:186} INFO - Started process (PID=3012) to work on /home/ubuntu/airflow-venv/lib/python3.12/site-packages/airflow/example_dags/example_subdag_operator.py
[2026-02-25T14:42:26.399+0000] {processor.py:914} INFO - Processing file /home/ubuntu/airflow-venv/lib/python3.12/site-packages/airflow/example_dags/example_subdag_operator.py for tasks to queue
[2026-02-25T14:42:26.400+0000] {logging_mixin.py:190} INFO - [2026-02-25T14:42:26.400+0000] {dagbag.py:588} INFO - Filling up the DagBag from /home/ubuntu/airflow-venv/lib/python3.12/site-packages/airflow/example_dags/example_subdag_operator.py
[2026-02-25T14:42:26.414+0000] {processor.py:925} INFO - DAG(s) 'example_subdag_operator.section-1', 'example_subdag_operator.section-2', 'example_subdag_operator' retrieved from /home/ubuntu/airflow-venv/lib/python3.12/site-packages/airflow/example_dags/example_subdag_operator.py
[2026-02-25T14:42:26.423+0000] {logging_mixin.py:190} INFO - [2026-02-25T14:42:26.423+0000] {dag.py:3239} INFO - Sync 3 DAGs
[2026-02-25T14:42:26.435+0000] {logging_mixin.py:190} INFO - [2026-02-25T14:42:26.435+0000] {dag.py:4180} INFO - Setting next_dagrun for example_subdag_operator to 2022-01-01 00:00:00+00:00, run_after=2022-01-01 00:00:00+00:00
[2026-02-25T14:42:26.437+0000] {logging_mixin.py:190} INFO - [2026-02-25T14:42:26.437+0000] {dag.py:4180} INFO - Setting next_dagrun for example_subdag_operator.section-1 to None, run_after=None
[2026-02-25T14:42:26.438+0000] {logging_mixin.py:190} INFO - [2026-02-25T14:42:26.438+0000] {dag.py:4180} INFO - Setting next_dagrun for example_subdag_operator.section-2 to None, run_after=None
[2026-02-25T14:42:26.441+0000] {logging_mixin.py:190} INFO - [2026-02-25T14:42:26.441+0000] {dag.py:3239} INFO - Sync 2 DAGs
[2026-02-25T14:42:26.444+0000] {logging_mixin.py:190} INFO - [2026-02-25T14:42:26.444+0000] {dag.py:4180} INFO - Setting next_dagrun for example_subdag_operator.section-1 to None, run_after=None
[2026-02-25T14:42:26.444+0000] {logging_mixin.py:190} INFO - [2026-02-25T14:42:26.444+0000] {dag.py:4180} INFO - Setting next_dagrun for example_subdag_operator.section-2 to None, run_after=None
[2026-02-25T14:42:26.456+0000] {processor.py:208} INFO - Processing /home/ubuntu/airflow-venv/lib/python3.12/site-packages/airflow/example_dags/example_subdag_operator.py took 0.063 seconds
[2026-02-25T14:43:15.513+0000] {processor.py:186} INFO - Started process (PID=3064) to work on /home/ubuntu/airflow-venv/lib/python3.12/site-packages/airflow/example_dags/example_subdag_operator.py
[2026-02-25T14:43:15.514+0000] {processor.py:914} INFO - Processing file /home/ubuntu/airflow-venv/lib/python3.12/site-packages/airflow/example_dags/example_subdag_operator.py for tasks to queue
[2026-02-25T14:43:15.516+0000] {logging_mixin.py:190} INFO - [2026-02-25T14:43:15.516+0000] {dagbag.py:588} INFO - Filling up the DagBag from /home/ubuntu/airflow-venv/lib/python3.12/site-packages/airflow/example_dags/example_subdag_operator.py
[2026-02-25T14:43:15.530+0000] {processor.py:925} INFO - DAG(s) 'example_subdag_operator.section-1', 'example_subdag_operator.section-2', 'example_subdag_operator' retrieved from /home/ubuntu/airflow-venv/lib/python3.12/site-packages/airflow/example_dags/example_subdag_operator.py
[2026-02-25T14:43:15.539+0000] {logging_mixin.py:190} INFO - [2026-02-25T14:43:15.539+0000] {dag.py:3239} INFO - Sync 3 DAGs
[2026-02-25T14:43:15.552+0000] {logging_mixin.py:190} INFO - [2026-02-25T14:43:15.552+0000] {dag.py:4180} INFO - Setting next_dagrun for example_subdag_operator to 2022-01-01 00:00:00+00:00, run_after=2022-01-01 00:00:00+00:00
[2026-02-25T14:43:15.554+0000] {logging_mixin.py:190} INFO - [2026-02-25T14:43:15.554+0000] {dag.py:4180} INFO - Setting next_dagrun for example_subdag_operator.section-1 to None, run_after=None
[2026-02-25T14:43:15.554+0000] {logging_mixin.py:190} INFO - [2026-02-25T14:43:15.554+0000] {dag.py:4180} INFO - Setting next_dagrun for example_subdag_operator.section-2 to None, run_after=None
[2026-02-25T14:43:15.558+0000] {logging_mixin.py:190} INFO - [2026-02-25T14:43:15.558+0000] {dag.py:3239} INFO - Sync 2 DAGs
[2026-02-25T14:43:15.560+0000] {logging_mixin.py:190} INFO - [2026-02-25T14:43:15.560+0000] {dag.py:4180} INFO - Setting next_dagrun for example_subdag_operator.section-1 to None, run_after=None
[2026-02-25T14:43:15.560+0000] {logging_mixin.py:190} INFO - [2026-02-25T14:43:15.560+0000] {dag.py:4180} INFO - Setting next_dagrun for example_subdag_operator.section-2 to None, run_after=None
[2026-02-25T14:43:15.574+0000] {processor.py:208} INFO - Processing /home/ubuntu/airflow-venv/lib/python3.12/site-packages/airflow/example_dags/example_subdag_operator.py took 0.064 seconds
[2026-02-25T14:44:02.847+0000] {processor.py:186} INFO - Started process (PID=3118) to work on /home/ubuntu/airflow-venv/lib/python3.12/site-packages/airflow/example_dags/example_subdag_operator.py
[2026-02-25T14:44:02.848+0000] {processor.py:914} INFO - Processing file /home/ubuntu/airflow-venv/lib/python3.12/site-packages/airflow/example_dags/example_subdag_operator.py for tasks to queue
[2026-02-25T14:44:02.850+0000] {logging_mixin.py:190} INFO - [2026-02-25T14:44:02.849+0000] {dagbag.py:588} INFO - Filling up the DagBag from /home/ubuntu/airflow-venv/lib/python3.12/site-packages/airflow/example_dags/example_subdag_operator.py
[2026-02-25T14:44:02.865+0000] {processor.py:925} INFO - DAG(s) 'example_subdag_operator.section-1', 'example_subdag_operator.section-2', 'example_subdag_operator' retrieved from /home/ubuntu/airflow-venv/lib/python3.12/site-packages/airflow/example_dags/example_subdag_operator.py
[2026-02-25T14:44:02.874+0000] {logging_mixin.py:190} INFO - [2026-02-25T14:44:02.874+0000] {dag.py:3239} INFO - Sync 3 DAGs
[2026-02-25T14:44:02.888+0000] {logging_mixin.py:190} INFO - [2026-02-25T14:44:02.887+0000] {dag.py:4180} INFO - Setting next_dagrun for example_subdag_operator to 2022-01-01 00:00:00+00:00, run_after=2022-01-01 00:00:00+00:00
[2026-02-25T14:44:02.890+0000] {logging_mixin.py:190} INFO - [2026-02-25T14:44:02.890+0000] {dag.py:4180} INFO - Setting next_dagrun for example_subdag_operator.section-1 to None, run_after=None
[2026-02-25T14:44:02.890+0000] {logging_mixin.py:190} INFO - [2026-02-25T14:44:02.890+0000] {dag.py:4180} INFO - Setting next_dagrun for example_subdag_operator.section-2 to None, run_after=None
[2026-02-25T14:44:02.894+0000] {logging_mixin.py:190} INFO - [2026-02-25T14:44:02.894+0000] {dag.py:3239} INFO - Sync 2 DAGs
[2026-02-25T14:44:02.897+0000] {logging_mixin.py:190} INFO - [2026-02-25T14:44:02.897+0000] {dag.py:4180} INFO - Setting next_dagrun for example_subdag_operator.section-1 to None, run_after=None
[2026-02-25T14:44:02.897+0000] {logging_mixin.py:190} INFO - [2026-02-25T14:44:02.897+0000] {dag.py:4180} INFO - Setting next_dagrun for example_subdag_operator.section-2 to None, run_after=None
[2026-02-25T14:44:02.910+0000] {processor.py:208} INFO - Processing /home/ubuntu/airflow-venv/lib/python3.12/site-packages/airflow/example_dags/example_subdag_operator.py took 0.067 seconds
[2026-02-25T15:00:20.994+0000] {processor.py:186} INFO - Started process (PID=2124) to work on /home/ubuntu/airflow-venv/lib/python3.12/site-packages/airflow/example_dags/example_subdag_operator.py
[2026-02-25T15:00:20.996+0000] {processor.py:914} INFO - Processing file /home/ubuntu/airflow-venv/lib/python3.12/site-packages/airflow/example_dags/example_subdag_operator.py for tasks to queue
[2026-02-25T15:00:20.998+0000] {logging_mixin.py:190} INFO - [2026-02-25T15:00:20.997+0000] {dagbag.py:588} INFO - Filling up the DagBag from /home/ubuntu/airflow-venv/lib/python3.12/site-packages/airflow/example_dags/example_subdag_operator.py
[2026-02-25T15:00:21.012+0000] {processor.py:925} INFO - DAG(s) 'example_subdag_operator.section-1', 'example_subdag_operator.section-2', 'example_subdag_operator' retrieved from /home/ubuntu/airflow-venv/lib/python3.12/site-packages/airflow/example_dags/example_subdag_operator.py
[2026-02-25T15:00:21.022+0000] {logging_mixin.py:190} INFO - [2026-02-25T15:00:21.022+0000] {dag.py:3239} INFO - Sync 3 DAGs
[2026-02-25T15:00:21.035+0000] {logging_mixin.py:190} INFO - [2026-02-25T15:00:21.034+0000] {dag.py:4180} INFO - Setting next_dagrun for example_subdag_operator to 2022-01-01 00:00:00+00:00, run_after=2022-01-01 00:00:00+00:00
[2026-02-25T15:00:21.036+0000] {logging_mixin.py:190} INFO - [2026-02-25T15:00:21.036+0000] {dag.py:4180} INFO - Setting next_dagrun for example_subdag_operator.section-1 to None, run_after=None
[2026-02-25T15:00:21.037+0000] {logging_mixin.py:190} INFO - [2026-02-25T15:00:21.037+0000] {dag.py:4180} INFO - Setting next_dagrun for example_subdag_operator.section-2 to None, run_after=None
[2026-02-25T15:00:21.040+0000] {logging_mixin.py:190} INFO - [2026-02-25T15:00:21.040+0000] {dag.py:3239} INFO - Sync 2 DAGs
[2026-02-25T15:00:21.043+0000] {logging_mixin.py:190} INFO - [2026-02-25T15:00:21.043+0000] {dag.py:4180} INFO - Setting next_dagrun for example_subdag_operator.section-1 to None, run_after=None
[2026-02-25T15:00:21.043+0000] {logging_mixin.py:190} INFO - [2026-02-25T15:00:21.043+0000] {dag.py:4180} INFO - Setting next_dagrun for example_subdag_operator.section-2 to None, run_after=None
[2026-02-25T15:00:21.055+0000] {processor.py:208} INFO - Processing /home/ubuntu/airflow-venv/lib/python3.12/site-packages/airflow/example_dags/example_subdag_operator.py took 0.064 seconds
[2026-02-25T15:01:12.343+0000] {processor.py:186} INFO - Started process (PID=2183) to work on /home/ubuntu/airflow-venv/lib/python3.12/site-packages/airflow/example_dags/example_subdag_operator.py
[2026-02-25T15:01:12.345+0000] {processor.py:914} INFO - Processing file /home/ubuntu/airflow-venv/lib/python3.12/site-packages/airflow/example_dags/example_subdag_operator.py for tasks to queue
[2026-02-25T15:01:12.346+0000] {logging_mixin.py:190} INFO - [2026-02-25T15:01:12.346+0000] {dagbag.py:588} INFO - Filling up the DagBag from /home/ubuntu/airflow-venv/lib/python3.12/site-packages/airflow/example_dags/example_subdag_operator.py
[2026-02-25T15:01:12.360+0000] {processor.py:925} INFO - DAG(s) 'example_subdag_operator.section-1', 'example_subdag_operator.section-2', 'example_subdag_operator' retrieved from /home/ubuntu/airflow-venv/lib/python3.12/site-packages/airflow/example_dags/example_subdag_operator.py
[2026-02-25T15:01:12.368+0000] {logging_mixin.py:190} INFO - [2026-02-25T15:01:12.368+0000] {dag.py:3239} INFO - Sync 3 DAGs
[2026-02-25T15:01:12.380+0000] {logging_mixin.py:190} INFO - [2026-02-25T15:01:12.380+0000] {dag.py:4180} INFO - Setting next_dagrun for example_subdag_operator to 2022-01-01 00:00:00+00:00, run_after=2022-01-01 00:00:00+00:00
[2026-02-25T15:01:12.383+0000] {logging_mixin.py:190} INFO - [2026-02-25T15:01:12.382+0000] {dag.py:4180} INFO - Setting next_dagrun for example_subdag_operator.section-1 to None, run_after=None
[2026-02-25T15:01:12.383+0000] {logging_mixin.py:190} INFO - [2026-02-25T15:01:12.383+0000] {dag.py:4180} INFO - Setting next_dagrun for example_subdag_operator.section-2 to None, run_after=None
[2026-02-25T15:01:12.386+0000] {logging_mixin.py:190} INFO - [2026-02-25T15:01:12.386+0000] {dag.py:3239} INFO - Sync 2 DAGs
[2026-02-25T15:01:12.389+0000] {logging_mixin.py:190} INFO - [2026-02-25T15:01:12.388+0000] {dag.py:4180} INFO - Setting next_dagrun for example_subdag_operator.section-1 to None, run_after=None
[2026-02-25T15:01:12.389+0000] {logging_mixin.py:190} INFO - [2026-02-25T15:01:12.389+0000] {dag.py:4180} INFO - Setting next_dagrun for example_subdag_operator.section-2 to None, run_after=None
[2026-02-25T15:01:12.401+0000] {processor.py:208} INFO - Processing /home/ubuntu/airflow-venv/lib/python3.12/site-packages/airflow/example_dags/example_subdag_operator.py took 0.061 seconds
[2026-02-25T15:02:05.872+0000] {processor.py:186} INFO - Started process (PID=2241) to work on /home/ubuntu/airflow-venv/lib/python3.12/site-packages/airflow/example_dags/example_subdag_operator.py
[2026-02-25T15:02:05.874+0000] {processor.py:914} INFO - Processing file /home/ubuntu/airflow-venv/lib/python3.12/site-packages/airflow/example_dags/example_subdag_operator.py for tasks to queue
[2026-02-25T15:02:05.875+0000] {logging_mixin.py:190} INFO - [2026-02-25T15:02:05.875+0000] {dagbag.py:588} INFO - Filling up the DagBag from /home/ubuntu/airflow-venv/lib/python3.12/site-packages/airflow/example_dags/example_subdag_operator.py
[2026-02-25T15:02:05.889+0000] {processor.py:925} INFO - DAG(s) 'example_subdag_operator.section-1', 'example_subdag_operator.section-2', 'example_subdag_operator' retrieved from /home/ubuntu/airflow-venv/lib/python3.12/site-packages/airflow/example_dags/example_subdag_operator.py
[2026-02-25T15:02:05.897+0000] {logging_mixin.py:190} INFO - [2026-02-25T15:02:05.897+0000] {dag.py:3239} INFO - Sync 3 DAGs
[2026-02-25T15:02:05.908+0000] {logging_mixin.py:190} INFO - [2026-02-25T15:02:05.908+0000] {dag.py:4180} INFO - Setting next_dagrun for example_subdag_operator to 2022-01-01 00:00:00+00:00, run_after=2022-01-01 00:00:00+00:00
[2026-02-25T15:02:05.910+0000] {logging_mixin.py:190} INFO - [2026-02-25T15:02:05.910+0000] {dag.py:4180} INFO - Setting next_dagrun for example_subdag_operator.section-1 to None, run_after=None
[2026-02-25T15:02:05.911+0000] {logging_mixin.py:190} INFO - [2026-02-25T15:02:05.910+0000] {dag.py:4180} INFO - Setting next_dagrun for example_subdag_operator.section-2 to None, run_after=None
[2026-02-25T15:02:05.914+0000] {logging_mixin.py:190} INFO - [2026-02-25T15:02:05.914+0000] {dag.py:3239} INFO - Sync 2 DAGs
[2026-02-25T15:02:05.916+0000] {logging_mixin.py:190} INFO - [2026-02-25T15:02:05.916+0000] {dag.py:4180} INFO - Setting next_dagrun for example_subdag_operator.section-1 to None, run_after=None
[2026-02-25T15:02:05.916+0000] {logging_mixin.py:190} INFO - [2026-02-25T15:02:05.916+0000] {dag.py:4180} INFO - Setting next_dagrun for example_subdag_operator.section-2 to None, run_after=None
[2026-02-25T15:02:05.927+0000] {processor.py:208} INFO - Processing /home/ubuntu/airflow-venv/lib/python3.12/site-packages/airflow/example_dags/example_subdag_operator.py took 0.059 seconds
[2026-02-25T15:02:55.671+0000] {processor.py:186} INFO - Started process (PID=2294) to work on /home/ubuntu/airflow-venv/lib/python3.12/site-packages/airflow/example_dags/example_subdag_operator.py
[2026-02-25T15:02:55.673+0000] {processor.py:914} INFO - Processing file /home/ubuntu/airflow-venv/lib/python3.12/site-packages/airflow/example_dags/example_subdag_operator.py for tasks to queue
[2026-02-25T15:02:55.674+0000] {logging_mixin.py:190} INFO - [2026-02-25T15:02:55.674+0000] {dagbag.py:588} INFO - Filling up the DagBag from /home/ubuntu/airflow-venv/lib/python3.12/site-packages/airflow/example_dags/example_subdag_operator.py
[2026-02-25T15:02:55.687+0000] {processor.py:925} INFO - DAG(s) 'example_subdag_operator.section-1', 'example_subdag_operator.section-2', 'example_subdag_operator' retrieved from /home/ubuntu/airflow-venv/lib/python3.12/site-packages/airflow/example_dags/example_subdag_operator.py
[2026-02-25T15:02:55.696+0000] {logging_mixin.py:190} INFO - [2026-02-25T15:02:55.696+0000] {dag.py:3239} INFO - Sync 3 DAGs
[2026-02-25T15:02:55.707+0000] {logging_mixin.py:190} INFO - [2026-02-25T15:02:55.707+0000] {dag.py:4180} INFO - Setting next_dagrun for example_subdag_operator to 2022-01-01 00:00:00+00:00, run_after=2022-01-01 00:00:00+00:00
[2026-02-25T15:02:55.709+0000] {logging_mixin.py:190} INFO - [2026-02-25T15:02:55.709+0000] {dag.py:4180} INFO - Setting next_dagrun for example_subdag_operator.section-1 to None, run_after=None
[2026-02-25T15:02:55.710+0000] {logging_mixin.py:190} INFO - [2026-02-25T15:02:55.710+0000] {dag.py:4180} INFO - Setting next_dagrun for example_subdag_operator.section-2 to None, run_after=None
[2026-02-25T15:02:55.713+0000] {logging_mixin.py:190} INFO - [2026-02-25T15:02:55.713+0000] {dag.py:3239} INFO - Sync 2 DAGs
[2026-02-25T15:02:55.715+0000] {logging_mixin.py:190} INFO - [2026-02-25T15:02:55.715+0000] {dag.py:4180} INFO - Setting next_dagrun for example_subdag_operator.section-1 to None, run_after=None
[2026-02-25T15:02:55.715+0000] {logging_mixin.py:190} INFO - [2026-02-25T15:02:55.715+0000] {dag.py:4180} INFO - Setting next_dagrun for example_subdag_operator.section-2 to None, run_after=None
[2026-02-25T15:02:55.727+0000] {processor.py:208} INFO - Processing /home/ubuntu/airflow-venv/lib/python3.12/site-packages/airflow/example_dags/example_subdag_operator.py took 0.059 seconds
[2026-02-25T15:03:46.454+0000] {processor.py:186} INFO - Started process (PID=2346) to work on /home/ubuntu/airflow-venv/lib/python3.12/site-packages/airflow/example_dags/example_subdag_operator.py
[2026-02-25T15:03:46.455+0000] {processor.py:914} INFO - Processing file /home/ubuntu/airflow-venv/lib/python3.12/site-packages/airflow/example_dags/example_subdag_operator.py for tasks to queue
[2026-02-25T15:03:46.456+0000] {logging_mixin.py:190} INFO - [2026-02-25T15:03:46.456+0000] {dagbag.py:588} INFO - Filling up the DagBag from /home/ubuntu/airflow-venv/lib/python3.12/site-packages/airflow/example_dags/example_subdag_operator.py
[2026-02-25T15:03:46.470+0000] {processor.py:925} INFO - DAG(s) 'example_subdag_operator.section-1', 'example_subdag_operator.section-2', 'example_subdag_operator' retrieved from /home/ubuntu/airflow-venv/lib/python3.12/site-packages/airflow/example_dags/example_subdag_operator.py
[2026-02-25T15:03:46.478+0000] {logging_mixin.py:190} INFO - [2026-02-25T15:03:46.478+0000] {dag.py:3239} INFO - Sync 3 DAGs
[2026-02-25T15:03:46.490+0000] {logging_mixin.py:190} INFO - [2026-02-25T15:03:46.489+0000] {dag.py:4180} INFO - Setting next_dagrun for example_subdag_operator to 2022-01-01 00:00:00+00:00, run_after=2022-01-01 00:00:00+00:00
[2026-02-25T15:03:46.491+0000] {logging_mixin.py:190} INFO - [2026-02-25T15:03:46.491+0000] {dag.py:4180} INFO - Setting next_dagrun for example_subdag_operator.section-1 to None, run_after=None
[2026-02-25T15:03:46.492+0000] {logging_mixin.py:190} INFO - [2026-02-25T15:03:46.492+0000] {dag.py:4180} INFO - Setting next_dagrun for example_subdag_operator.section-2 to None, run_after=None
[2026-02-25T15:03:46.495+0000] {logging_mixin.py:190} INFO - [2026-02-25T15:03:46.495+0000] {dag.py:3239} INFO - Sync 2 DAGs
[2026-02-25T15:03:46.498+0000] {logging_mixin.py:190} INFO - [2026-02-25T15:03:46.497+0000] {dag.py:4180} INFO - Setting next_dagrun for example_subdag_operator.section-1 to None, run_after=None
[2026-02-25T15:03:46.498+0000] {logging_mixin.py:190} INFO - [2026-02-25T15:03:46.498+0000] {dag.py:4180} INFO - Setting next_dagrun for example_subdag_operator.section-2 to None, run_after=None
[2026-02-25T15:03:46.509+0000] {processor.py:208} INFO - Processing /home/ubuntu/airflow-venv/lib/python3.12/site-packages/airflow/example_dags/example_subdag_operator.py took 0.059 seconds
[2026-02-25T15:04:36.634+0000] {processor.py:186} INFO - Started process (PID=2407) to work on /home/ubuntu/airflow-venv/lib/python3.12/site-packages/airflow/example_dags/example_subdag_operator.py
[2026-02-25T15:04:36.636+0000] {processor.py:914} INFO - Processing file /home/ubuntu/airflow-venv/lib/python3.12/site-packages/airflow/example_dags/example_subdag_operator.py for tasks to queue
[2026-02-25T15:04:36.637+0000] {logging_mixin.py:190} INFO - [2026-02-25T15:04:36.637+0000] {dagbag.py:588} INFO - Filling up the DagBag from /home/ubuntu/airflow-venv/lib/python3.12/site-packages/airflow/example_dags/example_subdag_operator.py
[2026-02-25T15:04:36.652+0000] {processor.py:925} INFO - DAG(s) 'example_subdag_operator.section-1', 'example_subdag_operator.section-2', 'example_subdag_operator' retrieved from /home/ubuntu/airflow-venv/lib/python3.12/site-packages/airflow/example_dags/example_subdag_operator.py
[2026-02-25T15:04:36.660+0000] {logging_mixin.py:190} INFO - [2026-02-25T15:04:36.660+0000] {dag.py:3239} INFO - Sync 3 DAGs
[2026-02-25T15:04:36.672+0000] {logging_mixin.py:190} INFO - [2026-02-25T15:04:36.672+0000] {dag.py:4180} INFO - Setting next_dagrun for example_subdag_operator to 2022-01-01 00:00:00+00:00, run_after=2022-01-01 00:00:00+00:00
[2026-02-25T15:04:36.674+0000] {logging_mixin.py:190} INFO - [2026-02-25T15:04:36.674+0000] {dag.py:4180} INFO - Setting next_dagrun for example_subdag_operator.section-1 to None, run_after=None
[2026-02-25T15:04:36.674+0000] {logging_mixin.py:190} INFO - [2026-02-25T15:04:36.674+0000] {dag.py:4180} INFO - Setting next_dagrun for example_subdag_operator.section-2 to None, run_after=None
[2026-02-25T15:04:36.678+0000] {logging_mixin.py:190} INFO - [2026-02-25T15:04:36.678+0000] {dag.py:3239} INFO - Sync 2 DAGs
[2026-02-25T15:04:36.680+0000] {logging_mixin.py:190} INFO - [2026-02-25T15:04:36.680+0000] {dag.py:4180} INFO - Setting next_dagrun for example_subdag_operator.section-1 to None, run_after=None
[2026-02-25T15:04:36.680+0000] {logging_mixin.py:190} INFO - [2026-02-25T15:04:36.680+0000] {dag.py:4180} INFO - Setting next_dagrun for example_subdag_operator.section-2 to None, run_after=None
[2026-02-25T15:04:36.692+0000] {processor.py:208} INFO - Processing /home/ubuntu/airflow-venv/lib/python3.12/site-packages/airflow/example_dags/example_subdag_operator.py took 0.061 seconds
[2026-02-25T15:05:26.817+0000] {processor.py:186} INFO - Started process (PID=2467) to work on /home/ubuntu/airflow-venv/lib/python3.12/site-packages/airflow/example_dags/example_subdag_operator.py
[2026-02-25T15:05:26.818+0000] {processor.py:914} INFO - Processing file /home/ubuntu/airflow-venv/lib/python3.12/site-packages/airflow/example_dags/example_subdag_operator.py for tasks to queue
[2026-02-25T15:05:26.820+0000] {logging_mixin.py:190} INFO - [2026-02-25T15:05:26.819+0000] {dagbag.py:588} INFO - Filling up the DagBag from /home/ubuntu/airflow-venv/lib/python3.12/site-packages/airflow/example_dags/example_subdag_operator.py
[2026-02-25T15:05:26.833+0000] {processor.py:925} INFO - DAG(s) 'example_subdag_operator.section-1', 'example_subdag_operator.section-2', 'example_subdag_operator' retrieved from /home/ubuntu/airflow-venv/lib/python3.12/site-packages/airflow/example_dags/example_subdag_operator.py
[2026-02-25T15:05:26.841+0000] {logging_mixin.py:190} INFO - [2026-02-25T15:05:26.841+0000] {dag.py:3239} INFO - Sync 3 DAGs
[2026-02-25T15:05:26.854+0000] {logging_mixin.py:190} INFO - [2026-02-25T15:05:26.853+0000] {dag.py:4180} INFO - Setting next_dagrun for example_subdag_operator to 2022-01-01 00:00:00+00:00, run_after=2022-01-01 00:00:00+00:00
[2026-02-25T15:05:26.855+0000] {logging_mixin.py:190} INFO - [2026-02-25T15:05:26.855+0000] {dag.py:4180} INFO - Setting next_dagrun for example_subdag_operator.section-1 to None, run_after=None
[2026-02-25T15:05:26.927+0000] {logging_mixin.py:190} INFO - [2026-02-25T15:05:26.927+0000] {dag.py:4180} INFO - Setting next_dagrun for example_subdag_operator.section-2 to None, run_after=None
[2026-02-25T15:05:26.930+0000] {logging_mixin.py:190} INFO - [2026-02-25T15:05:26.930+0000] {dag.py:3239} INFO - Sync 2 DAGs
[2026-02-25T15:05:26.933+0000] {logging_mixin.py:190} INFO - [2026-02-25T15:05:26.933+0000] {dag.py:4180} INFO - Setting next_dagrun for example_subdag_operator.section-1 to None, run_after=None
[2026-02-25T15:05:26.933+0000] {logging_mixin.py:190} INFO - [2026-02-25T15:05:26.933+0000] {dag.py:4180} INFO - Setting next_dagrun for example_subdag_operator.section-2 to None, run_after=None
[2026-02-25T15:05:26.945+0000] {processor.py:208} INFO - Processing /home/ubuntu/airflow-venv/lib/python3.12/site-packages/airflow/example_dags/example_subdag_operator.py took 0.131 seconds
[2026-02-25T15:06:20.679+0000] {processor.py:186} INFO - Started process (PID=2521) to work on /home/ubuntu/airflow-venv/lib/python3.12/site-packages/airflow/example_dags/example_subdag_operator.py
[2026-02-25T15:06:20.681+0000] {processor.py:914} INFO - Processing file /home/ubuntu/airflow-venv/lib/python3.12/site-packages/airflow/example_dags/example_subdag_operator.py for tasks to queue
[2026-02-25T15:06:20.682+0000] {logging_mixin.py:190} INFO - [2026-02-25T15:06:20.682+0000] {dagbag.py:588} INFO - Filling up the DagBag from /home/ubuntu/airflow-venv/lib/python3.12/site-packages/airflow/example_dags/example_subdag_operator.py
[2026-02-25T15:06:20.764+0000] {processor.py:925} INFO - DAG(s) 'example_subdag_operator.section-1', 'example_subdag_operator.section-2', 'example_subdag_operator' retrieved from /home/ubuntu/airflow-venv/lib/python3.12/site-packages/airflow/example_dags/example_subdag_operator.py
[2026-02-25T15:06:20.771+0000] {logging_mixin.py:190} INFO - [2026-02-25T15:06:20.771+0000] {dag.py:3239} INFO - Sync 3 DAGs
[2026-02-25T15:06:20.781+0000] {logging_mixin.py:190} INFO - [2026-02-25T15:06:20.781+0000] {dag.py:4180} INFO - Setting next_dagrun for example_subdag_operator to 2022-01-01 00:00:00+00:00, run_after=2022-01-01 00:00:00+00:00
[2026-02-25T15:06:20.783+0000] {logging_mixin.py:190} INFO - [2026-02-25T15:06:20.783+0000] {dag.py:4180} INFO - Setting next_dagrun for example_subdag_operator.section-1 to None, run_after=None
[2026-02-25T15:06:20.783+0000] {logging_mixin.py:190} INFO - [2026-02-25T15:06:20.783+0000] {dag.py:4180} INFO - Setting next_dagrun for example_subdag_operator.section-2 to None, run_after=None
[2026-02-25T15:06:20.786+0000] {logging_mixin.py:190} INFO - [2026-02-25T15:06:20.786+0000] {dag.py:3239} INFO - Sync 2 DAGs
[2026-02-25T15:06:20.788+0000] {logging_mixin.py:190} INFO - [2026-02-25T15:06:20.788+0000] {dag.py:4180} INFO - Setting next_dagrun for example_subdag_operator.section-1 to None, run_after=None
[2026-02-25T15:06:20.788+0000] {logging_mixin.py:190} INFO - [2026-02-25T15:06:20.788+0000] {dag.py:4180} INFO - Setting next_dagrun for example_subdag_operator.section-2 to None, run_after=None
[2026-02-25T15:06:20.799+0000] {processor.py:208} INFO - Processing /home/ubuntu/airflow-venv/lib/python3.12/site-packages/airflow/example_dags/example_subdag_operator.py took 0.124 seconds
[2026-02-25T15:07:11.568+0000] {processor.py:186} INFO - Started process (PID=2576) to work on /home/ubuntu/airflow-venv/lib/python3.12/site-packages/airflow/example_dags/example_subdag_operator.py
[2026-02-25T15:07:11.569+0000] {processor.py:914} INFO - Processing file /home/ubuntu/airflow-venv/lib/python3.12/site-packages/airflow/example_dags/example_subdag_operator.py for tasks to queue
[2026-02-25T15:07:11.570+0000] {logging_mixin.py:190} INFO - [2026-02-25T15:07:11.570+0000] {dagbag.py:588} INFO - Filling up the DagBag from /home/ubuntu/airflow-venv/lib/python3.12/site-packages/airflow/example_dags/example_subdag_operator.py
[2026-02-25T15:07:11.584+0000] {processor.py:925} INFO - DAG(s) 'example_subdag_operator.section-1', 'example_subdag_operator.section-2', 'example_subdag_operator' retrieved from /home/ubuntu/airflow-venv/lib/python3.12/site-packages/airflow/example_dags/example_subdag_operator.py
[2026-02-25T15:07:11.592+0000] {logging_mixin.py:190} INFO - [2026-02-25T15:07:11.592+0000] {dag.py:3239} INFO - Sync 3 DAGs
[2026-02-25T15:07:11.604+0000] {logging_mixin.py:190} INFO - [2026-02-25T15:07:11.603+0000] {dag.py:4180} INFO - Setting next_dagrun for example_subdag_operator to 2022-01-01 00:00:00+00:00, run_after=2022-01-01 00:00:00+00:00
[2026-02-25T15:07:11.606+0000] {logging_mixin.py:190} INFO - [2026-02-25T15:07:11.605+0000] {dag.py:4180} INFO - Setting next_dagrun for example_subdag_operator.section-1 to None, run_after=None
[2026-02-25T15:07:11.606+0000] {logging_mixin.py:190} INFO - [2026-02-25T15:07:11.606+0000] {dag.py:4180} INFO - Setting next_dagrun for example_subdag_operator.section-2 to None, run_after=None
[2026-02-25T15:07:11.609+0000] {logging_mixin.py:190} INFO - [2026-02-25T15:07:11.609+0000] {dag.py:3239} INFO - Sync 2 DAGs
[2026-02-25T15:07:11.612+0000] {logging_mixin.py:190} INFO - [2026-02-25T15:07:11.611+0000] {dag.py:4180} INFO - Setting next_dagrun for example_subdag_operator.section-1 to None, run_after=None
[2026-02-25T15:07:11.612+0000] {logging_mixin.py:190} INFO - [2026-02-25T15:07:11.612+0000] {dag.py:4180} INFO - Setting next_dagrun for example_subdag_operator.section-2 to None, run_after=None
[2026-02-25T15:07:11.624+0000] {processor.py:208} INFO - Processing /home/ubuntu/airflow-venv/lib/python3.12/site-packages/airflow/example_dags/example_subdag_operator.py took 0.059 seconds
[2026-02-25T15:08:00.765+0000] {processor.py:186} INFO - Started process (PID=2631) to work on /home/ubuntu/airflow-venv/lib/python3.12/site-packages/airflow/example_dags/example_subdag_operator.py
[2026-02-25T15:08:00.766+0000] {processor.py:914} INFO - Processing file /home/ubuntu/airflow-venv/lib/python3.12/site-packages/airflow/example_dags/example_subdag_operator.py for tasks to queue
[2026-02-25T15:08:00.768+0000] {logging_mixin.py:190} INFO - [2026-02-25T15:08:00.767+0000] {dagbag.py:588} INFO - Filling up the DagBag from /home/ubuntu/airflow-venv/lib/python3.12/site-packages/airflow/example_dags/example_subdag_operator.py
[2026-02-25T15:08:00.781+0000] {processor.py:925} INFO - DAG(s) 'example_subdag_operator.section-1', 'example_subdag_operator.section-2', 'example_subdag_operator' retrieved from /home/ubuntu/airflow-venv/lib/python3.12/site-packages/airflow/example_dags/example_subdag_operator.py
[2026-02-25T15:08:00.790+0000] {logging_mixin.py:190} INFO - [2026-02-25T15:08:00.790+0000] {dag.py:3239} INFO - Sync 3 DAGs
[2026-02-25T15:08:00.801+0000] {logging_mixin.py:190} INFO - [2026-02-25T15:08:00.801+0000] {dag.py:4180} INFO - Setting next_dagrun for example_subdag_operator to 2022-01-01 00:00:00+00:00, run_after=2022-01-01 00:00:00+00:00
[2026-02-25T15:08:00.803+0000] {logging_mixin.py:190} INFO - [2026-02-25T15:08:00.803+0000] {dag.py:4180} INFO - Setting next_dagrun for example_subdag_operator.section-1 to None, run_after=None
[2026-02-25T15:08:00.804+0000] {logging_mixin.py:190} INFO - [2026-02-25T15:08:00.804+0000] {dag.py:4180} INFO - Setting next_dagrun for example_subdag_operator.section-2 to None, run_after=None
[2026-02-25T15:08:00.807+0000] {logging_mixin.py:190} INFO - [2026-02-25T15:08:00.807+0000] {dag.py:3239} INFO - Sync 2 DAGs
[2026-02-25T15:08:00.809+0000] {logging_mixin.py:190} INFO - [2026-02-25T15:08:00.809+0000] {dag.py:4180} INFO - Setting next_dagrun for example_subdag_operator.section-1 to None, run_after=None
[2026-02-25T15:08:00.810+0000] {logging_mixin.py:190} INFO - [2026-02-25T15:08:00.809+0000] {dag.py:4180} INFO - Setting next_dagrun for example_subdag_operator.section-2 to None, run_after=None
[2026-02-25T15:08:00.822+0000] {processor.py:208} INFO - Processing /home/ubuntu/airflow-venv/lib/python3.12/site-packages/airflow/example_dags/example_subdag_operator.py took 0.060 seconds
[2026-02-25T15:08:50.262+0000] {processor.py:186} INFO - Started process (PID=3048) to work on /home/ubuntu/airflow-venv/lib/python3.12/site-packages/airflow/example_dags/example_subdag_operator.py
[2026-02-25T15:08:50.263+0000] {processor.py:914} INFO - Processing file /home/ubuntu/airflow-venv/lib/python3.12/site-packages/airflow/example_dags/example_subdag_operator.py for tasks to queue
[2026-02-25T15:08:50.265+0000] {logging_mixin.py:190} INFO - [2026-02-25T15:08:50.265+0000] {dagbag.py:588} INFO - Filling up the DagBag from /home/ubuntu/airflow-venv/lib/python3.12/site-packages/airflow/example_dags/example_subdag_operator.py
[2026-02-25T15:08:50.279+0000] {processor.py:925} INFO - DAG(s) 'example_subdag_operator.section-1', 'example_subdag_operator.section-2', 'example_subdag_operator' retrieved from /home/ubuntu/airflow-venv/lib/python3.12/site-packages/airflow/example_dags/example_subdag_operator.py
[2026-02-25T15:08:50.287+0000] {logging_mixin.py:190} INFO - [2026-02-25T15:08:50.287+0000] {dag.py:3239} INFO - Sync 3 DAGs
[2026-02-25T15:08:50.299+0000] {logging_mixin.py:190} INFO - [2026-02-25T15:08:50.299+0000] {dag.py:4180} INFO - Setting next_dagrun for example_subdag_operator to 2022-01-01 00:00:00+00:00, run_after=2022-01-01 00:00:00+00:00
[2026-02-25T15:08:50.301+0000] {logging_mixin.py:190} INFO - [2026-02-25T15:08:50.301+0000] {dag.py:4180} INFO - Setting next_dagrun for example_subdag_operator.section-1 to None, run_after=None
[2026-02-25T15:08:50.302+0000] {logging_mixin.py:190} INFO - [2026-02-25T15:08:50.302+0000] {dag.py:4180} INFO - Setting next_dagrun for example_subdag_operator.section-2 to None, run_after=None
[2026-02-25T15:08:50.305+0000] {logging_mixin.py:190} INFO - [2026-02-25T15:08:50.305+0000] {dag.py:3239} INFO - Sync 2 DAGs
[2026-02-25T15:08:50.307+0000] {logging_mixin.py:190} INFO - [2026-02-25T15:08:50.307+0000] {dag.py:4180} INFO - Setting next_dagrun for example_subdag_operator.section-1 to None, run_after=None
[2026-02-25T15:08:50.307+0000] {logging_mixin.py:190} INFO - [2026-02-25T15:08:50.307+0000] {dag.py:4180} INFO - Setting next_dagrun for example_subdag_operator.section-2 to None, run_after=None
[2026-02-25T15:08:50.319+0000] {processor.py:208} INFO - Processing /home/ubuntu/airflow-venv/lib/python3.12/site-packages/airflow/example_dags/example_subdag_operator.py took 0.061 seconds
[2026-02-25T15:09:41.579+0000] {processor.py:186} INFO - Started process (PID=3104) to work on /home/ubuntu/airflow-venv/lib/python3.12/site-packages/airflow/example_dags/example_subdag_operator.py
[2026-02-25T15:09:41.581+0000] {processor.py:914} INFO - Processing file /home/ubuntu/airflow-venv/lib/python3.12/site-packages/airflow/example_dags/example_subdag_operator.py for tasks to queue
[2026-02-25T15:09:41.582+0000] {logging_mixin.py:190} INFO - [2026-02-25T15:09:41.582+0000] {dagbag.py:588} INFO - Filling up the DagBag from /home/ubuntu/airflow-venv/lib/python3.12/site-packages/airflow/example_dags/example_subdag_operator.py
[2026-02-25T15:09:41.596+0000] {processor.py:925} INFO - DAG(s) 'example_subdag_operator.section-1', 'example_subdag_operator.section-2', 'example_subdag_operator' retrieved from /home/ubuntu/airflow-venv/lib/python3.12/site-packages/airflow/example_dags/example_subdag_operator.py
[2026-02-25T15:09:41.605+0000] {logging_mixin.py:190} INFO - [2026-02-25T15:09:41.605+0000] {dag.py:3239} INFO - Sync 3 DAGs
[2026-02-25T15:09:41.617+0000] {logging_mixin.py:190} INFO - [2026-02-25T15:09:41.617+0000] {dag.py:4180} INFO - Setting next_dagrun for example_subdag_operator to 2022-01-01 00:00:00+00:00, run_after=2022-01-01 00:00:00+00:00
[2026-02-25T15:09:41.619+0000] {logging_mixin.py:190} INFO - [2026-02-25T15:09:41.619+0000] {dag.py:4180} INFO - Setting next_dagrun for example_subdag_operator.section-1 to None, run_after=None
[2026-02-25T15:09:41.620+0000] {logging_mixin.py:190} INFO - [2026-02-25T15:09:41.619+0000] {dag.py:4180} INFO - Setting next_dagrun for example_subdag_operator.section-2 to None, run_after=None
[2026-02-25T15:09:41.623+0000] {logging_mixin.py:190} INFO - [2026-02-25T15:09:41.623+0000] {dag.py:3239} INFO - Sync 2 DAGs
[2026-02-25T15:09:41.625+0000] {logging_mixin.py:190} INFO - [2026-02-25T15:09:41.625+0000] {dag.py:4180} INFO - Setting next_dagrun for example_subdag_operator.section-1 to None, run_after=None
[2026-02-25T15:09:41.625+0000] {logging_mixin.py:190} INFO - [2026-02-25T15:09:41.625+0000] {dag.py:4180} INFO - Setting next_dagrun for example_subdag_operator.section-2 to None, run_after=None
[2026-02-25T15:09:41.637+0000] {processor.py:208} INFO - Processing /home/ubuntu/airflow-venv/lib/python3.12/site-packages/airflow/example_dags/example_subdag_operator.py took 0.062 seconds
[2026-02-25T15:10:30.695+0000] {processor.py:186} INFO - Started process (PID=3159) to work on /home/ubuntu/airflow-venv/lib/python3.12/site-packages/airflow/example_dags/example_subdag_operator.py
[2026-02-25T15:10:30.697+0000] {processor.py:914} INFO - Processing file /home/ubuntu/airflow-venv/lib/python3.12/site-packages/airflow/example_dags/example_subdag_operator.py for tasks to queue
[2026-02-25T15:10:30.698+0000] {logging_mixin.py:190} INFO - [2026-02-25T15:10:30.698+0000] {dagbag.py:588} INFO - Filling up the DagBag from /home/ubuntu/airflow-venv/lib/python3.12/site-packages/airflow/example_dags/example_subdag_operator.py
[2026-02-25T15:10:30.712+0000] {processor.py:925} INFO - DAG(s) 'example_subdag_operator.section-1', 'example_subdag_operator.section-2', 'example_subdag_operator' retrieved from /home/ubuntu/airflow-venv/lib/python3.12/site-packages/airflow/example_dags/example_subdag_operator.py
[2026-02-25T15:10:30.720+0000] {logging_mixin.py:190} INFO - [2026-02-25T15:10:30.720+0000] {dag.py:3239} INFO - Sync 3 DAGs
[2026-02-25T15:10:30.732+0000] {logging_mixin.py:190} INFO - [2026-02-25T15:10:30.732+0000] {dag.py:4180} INFO - Setting next_dagrun for example_subdag_operator to 2022-01-01 00:00:00+00:00, run_after=2022-01-01 00:00:00+00:00
[2026-02-25T15:10:30.734+0000] {logging_mixin.py:190} INFO - [2026-02-25T15:10:30.734+0000] {dag.py:4180} INFO - Setting next_dagrun for example_subdag_operator.section-1 to None, run_after=None
[2026-02-25T15:10:30.735+0000] {logging_mixin.py:190} INFO - [2026-02-25T15:10:30.735+0000] {dag.py:4180} INFO - Setting next_dagrun for example_subdag_operator.section-2 to None, run_after=None
[2026-02-25T15:10:30.738+0000] {logging_mixin.py:190} INFO - [2026-02-25T15:10:30.738+0000] {dag.py:3239} INFO - Sync 2 DAGs
[2026-02-25T15:10:30.740+0000] {logging_mixin.py:190} INFO - [2026-02-25T15:10:30.740+0000] {dag.py:4180} INFO - Setting next_dagrun for example_subdag_operator.section-1 to None, run_after=None
[2026-02-25T15:10:30.740+0000] {logging_mixin.py:190} INFO - [2026-02-25T15:10:30.740+0000] {dag.py:4180} INFO - Setting next_dagrun for example_subdag_operator.section-2 to None, run_after=None
[2026-02-25T15:10:30.753+0000] {processor.py:208} INFO - Processing /home/ubuntu/airflow-venv/lib/python3.12/site-packages/airflow/example_dags/example_subdag_operator.py took 0.061 seconds
[2026-02-25T15:11:21.472+0000] {processor.py:186} INFO - Started process (PID=3212) to work on /home/ubuntu/airflow-venv/lib/python3.12/site-packages/airflow/example_dags/example_subdag_operator.py
[2026-02-25T15:11:21.473+0000] {processor.py:914} INFO - Processing file /home/ubuntu/airflow-venv/lib/python3.12/site-packages/airflow/example_dags/example_subdag_operator.py for tasks to queue
[2026-02-25T15:11:21.474+0000] {logging_mixin.py:190} INFO - [2026-02-25T15:11:21.474+0000] {dagbag.py:588} INFO - Filling up the DagBag from /home/ubuntu/airflow-venv/lib/python3.12/site-packages/airflow/example_dags/example_subdag_operator.py
[2026-02-25T15:11:21.488+0000] {processor.py:925} INFO - DAG(s) 'example_subdag_operator.section-1', 'example_subdag_operator.section-2', 'example_subdag_operator' retrieved from /home/ubuntu/airflow-venv/lib/python3.12/site-packages/airflow/example_dags/example_subdag_operator.py
[2026-02-25T15:11:21.497+0000] {logging_mixin.py:190} INFO - [2026-02-25T15:11:21.497+0000] {dag.py:3239} INFO - Sync 3 DAGs
[2026-02-25T15:11:21.508+0000] {logging_mixin.py:190} INFO - [2026-02-25T15:11:21.508+0000] {dag.py:4180} INFO - Setting next_dagrun for example_subdag_operator to 2022-01-01 00:00:00+00:00, run_after=2022-01-01 00:00:00+00:00
[2026-02-25T15:11:21.510+0000] {logging_mixin.py:190} INFO - [2026-02-25T15:11:21.510+0000] {dag.py:4180} INFO - Setting next_dagrun for example_subdag_operator.section-1 to None, run_after=None
[2026-02-25T15:11:21.511+0000] {logging_mixin.py:190} INFO - [2026-02-25T15:11:21.511+0000] {dag.py:4180} INFO - Setting next_dagrun for example_subdag_operator.section-2 to None, run_after=None
[2026-02-25T15:11:21.514+0000] {logging_mixin.py:190} INFO - [2026-02-25T15:11:21.514+0000] {dag.py:3239} INFO - Sync 2 DAGs
[2026-02-25T15:11:21.516+0000] {logging_mixin.py:190} INFO - [2026-02-25T15:11:21.516+0000] {dag.py:4180} INFO - Setting next_dagrun for example_subdag_operator.section-1 to None, run_after=None
[2026-02-25T15:11:21.517+0000] {logging_mixin.py:190} INFO - [2026-02-25T15:11:21.517+0000] {dag.py:4180} INFO - Setting next_dagrun for example_subdag_operator.section-2 to None, run_after=None
[2026-02-25T15:11:21.529+0000] {processor.py:208} INFO - Processing /home/ubuntu/airflow-venv/lib/python3.12/site-packages/airflow/example_dags/example_subdag_operator.py took 0.060 seconds
[2026-02-25T15:12:13.876+0000] {processor.py:186} INFO - Started process (PID=3265) to work on /home/ubuntu/airflow-venv/lib/python3.12/site-packages/airflow/example_dags/example_subdag_operator.py
[2026-02-25T15:12:13.878+0000] {processor.py:914} INFO - Processing file /home/ubuntu/airflow-venv/lib/python3.12/site-packages/airflow/example_dags/example_subdag_operator.py for tasks to queue
[2026-02-25T15:12:13.879+0000] {logging_mixin.py:190} INFO - [2026-02-25T15:12:13.879+0000] {dagbag.py:588} INFO - Filling up the DagBag from /home/ubuntu/airflow-venv/lib/python3.12/site-packages/airflow/example_dags/example_subdag_operator.py
[2026-02-25T15:12:13.893+0000] {processor.py:925} INFO - DAG(s) 'example_subdag_operator.section-1', 'example_subdag_operator.section-2', 'example_subdag_operator' retrieved from /home/ubuntu/airflow-venv/lib/python3.12/site-packages/airflow/example_dags/example_subdag_operator.py
[2026-02-25T15:12:13.902+0000] {logging_mixin.py:190} INFO - [2026-02-25T15:12:13.902+0000] {dag.py:3239} INFO - Sync 3 DAGs
[2026-02-25T15:12:13.914+0000] {logging_mixin.py:190} INFO - [2026-02-25T15:12:13.914+0000] {dag.py:4180} INFO - Setting next_dagrun for example_subdag_operator to 2022-01-01 00:00:00+00:00, run_after=2022-01-01 00:00:00+00:00
[2026-02-25T15:12:13.916+0000] {logging_mixin.py:190} INFO - [2026-02-25T15:12:13.916+0000] {dag.py:4180} INFO - Setting next_dagrun for example_subdag_operator.section-1 to None, run_after=None
[2026-02-25T15:12:13.917+0000] {logging_mixin.py:190} INFO - [2026-02-25T15:12:13.916+0000] {dag.py:4180} INFO - Setting next_dagrun for example_subdag_operator.section-2 to None, run_after=None
[2026-02-25T15:12:13.920+0000] {logging_mixin.py:190} INFO - [2026-02-25T15:12:13.920+0000] {dag.py:3239} INFO - Sync 2 DAGs
[2026-02-25T15:12:13.923+0000] {logging_mixin.py:190} INFO - [2026-02-25T15:12:13.923+0000] {dag.py:4180} INFO - Setting next_dagrun for example_subdag_operator.section-1 to None, run_after=None
[2026-02-25T15:12:13.923+0000] {logging_mixin.py:190} INFO - [2026-02-25T15:12:13.923+0000] {dag.py:4180} INFO - Setting next_dagrun for example_subdag_operator.section-2 to None, run_after=None
[2026-02-25T15:12:13.935+0000] {processor.py:208} INFO - Processing /home/ubuntu/airflow-venv/lib/python3.12/site-packages/airflow/example_dags/example_subdag_operator.py took 0.063 seconds
[2026-02-25T15:13:02.970+0000] {processor.py:186} INFO - Started process (PID=3318) to work on /home/ubuntu/airflow-venv/lib/python3.12/site-packages/airflow/example_dags/example_subdag_operator.py
[2026-02-25T15:13:02.971+0000] {processor.py:914} INFO - Processing file /home/ubuntu/airflow-venv/lib/python3.12/site-packages/airflow/example_dags/example_subdag_operator.py for tasks to queue
[2026-02-25T15:13:02.973+0000] {logging_mixin.py:190} INFO - [2026-02-25T15:13:02.972+0000] {dagbag.py:588} INFO - Filling up the DagBag from /home/ubuntu/airflow-venv/lib/python3.12/site-packages/airflow/example_dags/example_subdag_operator.py
[2026-02-25T15:13:02.986+0000] {processor.py:925} INFO - DAG(s) 'example_subdag_operator.section-1', 'example_subdag_operator.section-2', 'example_subdag_operator' retrieved from /home/ubuntu/airflow-venv/lib/python3.12/site-packages/airflow/example_dags/example_subdag_operator.py
[2026-02-25T15:13:02.995+0000] {logging_mixin.py:190} INFO - [2026-02-25T15:13:02.995+0000] {dag.py:3239} INFO - Sync 3 DAGs
[2026-02-25T15:13:03.007+0000] {logging_mixin.py:190} INFO - [2026-02-25T15:13:03.007+0000] {dag.py:4180} INFO - Setting next_dagrun for example_subdag_operator to 2022-01-01 00:00:00+00:00, run_after=2022-01-01 00:00:00+00:00
[2026-02-25T15:13:03.009+0000] {logging_mixin.py:190} INFO - [2026-02-25T15:13:03.009+0000] {dag.py:4180} INFO - Setting next_dagrun for example_subdag_operator.section-1 to None, run_after=None
[2026-02-25T15:13:03.010+0000] {logging_mixin.py:190} INFO - [2026-02-25T15:13:03.009+0000] {dag.py:4180} INFO - Setting next_dagrun for example_subdag_operator.section-2 to None, run_after=None
[2026-02-25T15:13:03.013+0000] {logging_mixin.py:190} INFO - [2026-02-25T15:13:03.013+0000] {dag.py:3239} INFO - Sync 2 DAGs
[2026-02-25T15:13:03.015+0000] {logging_mixin.py:190} INFO - [2026-02-25T15:13:03.015+0000] {dag.py:4180} INFO - Setting next_dagrun for example_subdag_operator.section-1 to None, run_after=None
[2026-02-25T15:13:03.015+0000] {logging_mixin.py:190} INFO - [2026-02-25T15:13:03.015+0000] {dag.py:4180} INFO - Setting next_dagrun for example_subdag_operator.section-2 to None, run_after=None
[2026-02-25T15:13:03.028+0000] {processor.py:208} INFO - Processing /home/ubuntu/airflow-venv/lib/python3.12/site-packages/airflow/example_dags/example_subdag_operator.py took 0.061 seconds
[2026-02-25T15:13:50.622+0000] {processor.py:186} INFO - Started process (PID=3368) to work on /home/ubuntu/airflow-venv/lib/python3.12/site-packages/airflow/example_dags/example_subdag_operator.py
[2026-02-25T15:13:50.623+0000] {processor.py:914} INFO - Processing file /home/ubuntu/airflow-venv/lib/python3.12/site-packages/airflow/example_dags/example_subdag_operator.py for tasks to queue
[2026-02-25T15:13:50.624+0000] {logging_mixin.py:190} INFO - [2026-02-25T15:13:50.624+0000] {dagbag.py:588} INFO - Filling up the DagBag from /home/ubuntu/airflow-venv/lib/python3.12/site-packages/airflow/example_dags/example_subdag_operator.py
[2026-02-25T15:13:50.638+0000] {processor.py:925} INFO - DAG(s) 'example_subdag_operator.section-1', 'example_subdag_operator.section-2', 'example_subdag_operator' retrieved from /home/ubuntu/airflow-venv/lib/python3.12/site-packages/airflow/example_dags/example_subdag_operator.py
[2026-02-25T15:13:50.647+0000] {logging_mixin.py:190} INFO - [2026-02-25T15:13:50.647+0000] {dag.py:3239} INFO - Sync 3 DAGs
[2026-02-25T15:13:50.659+0000] {logging_mixin.py:190} INFO - [2026-02-25T15:13:50.659+0000] {dag.py:4180} INFO - Setting next_dagrun for example_subdag_operator to 2022-01-01 00:00:00+00:00, run_after=2022-01-01 00:00:00+00:00
[2026-02-25T15:13:50.661+0000] {logging_mixin.py:190} INFO - [2026-02-25T15:13:50.661+0000] {dag.py:4180} INFO - Setting next_dagrun for example_subdag_operator.section-1 to None, run_after=None
[2026-02-25T15:13:50.662+0000] {logging_mixin.py:190} INFO - [2026-02-25T15:13:50.662+0000] {dag.py:4180} INFO - Setting next_dagrun for example_subdag_operator.section-2 to None, run_after=None
[2026-02-25T15:13:50.665+0000] {logging_mixin.py:190} INFO - [2026-02-25T15:13:50.665+0000] {dag.py:3239} INFO - Sync 2 DAGs
[2026-02-25T15:13:50.667+0000] {logging_mixin.py:190} INFO - [2026-02-25T15:13:50.667+0000] {dag.py:4180} INFO - Setting next_dagrun for example_subdag_operator.section-1 to None, run_after=None
[2026-02-25T15:13:50.668+0000] {logging_mixin.py:190} INFO - [2026-02-25T15:13:50.668+0000] {dag.py:4180} INFO - Setting next_dagrun for example_subdag_operator.section-2 to None, run_after=None
[2026-02-25T15:13:50.680+0000] {processor.py:208} INFO - Processing /home/ubuntu/airflow-venv/lib/python3.12/site-packages/airflow/example_dags/example_subdag_operator.py took 0.062 seconds
[2026-02-25T15:14:38.273+0000] {processor.py:186} INFO - Started process (PID=3424) to work on /home/ubuntu/airflow-venv/lib/python3.12/site-packages/airflow/example_dags/example_subdag_operator.py
[2026-02-25T15:14:38.275+0000] {processor.py:914} INFO - Processing file /home/ubuntu/airflow-venv/lib/python3.12/site-packages/airflow/example_dags/example_subdag_operator.py for tasks to queue
[2026-02-25T15:14:38.276+0000] {logging_mixin.py:190} INFO - [2026-02-25T15:14:38.276+0000] {dagbag.py:588} INFO - Filling up the DagBag from /home/ubuntu/airflow-venv/lib/python3.12/site-packages/airflow/example_dags/example_subdag_operator.py
[2026-02-25T15:14:38.290+0000] {processor.py:925} INFO - DAG(s) 'example_subdag_operator.section-1', 'example_subdag_operator.section-2', 'example_subdag_operator' retrieved from /home/ubuntu/airflow-venv/lib/python3.12/site-packages/airflow/example_dags/example_subdag_operator.py
[2026-02-25T15:14:38.298+0000] {logging_mixin.py:190} INFO - [2026-02-25T15:14:38.298+0000] {dag.py:3239} INFO - Sync 3 DAGs
[2026-02-25T15:14:38.310+0000] {logging_mixin.py:190} INFO - [2026-02-25T15:14:38.310+0000] {dag.py:4180} INFO - Setting next_dagrun for example_subdag_operator to 2022-01-01 00:00:00+00:00, run_after=2022-01-01 00:00:00+00:00
[2026-02-25T15:14:38.312+0000] {logging_mixin.py:190} INFO - [2026-02-25T15:14:38.312+0000] {dag.py:4180} INFO - Setting next_dagrun for example_subdag_operator.section-1 to None, run_after=None
[2026-02-25T15:14:38.313+0000] {logging_mixin.py:190} INFO - [2026-02-25T15:14:38.312+0000] {dag.py:4180} INFO - Setting next_dagrun for example_subdag_operator.section-2 to None, run_after=None
[2026-02-25T15:14:38.316+0000] {logging_mixin.py:190} INFO - [2026-02-25T15:14:38.316+0000] {dag.py:3239} INFO - Sync 2 DAGs
[2026-02-25T15:14:38.318+0000] {logging_mixin.py:190} INFO - [2026-02-25T15:14:38.318+0000] {dag.py:4180} INFO - Setting next_dagrun for example_subdag_operator.section-1 to None, run_after=None
[2026-02-25T15:14:38.318+0000] {logging_mixin.py:190} INFO - [2026-02-25T15:14:38.318+0000] {dag.py:4180} INFO - Setting next_dagrun for example_subdag_operator.section-2 to None, run_after=None
[2026-02-25T15:14:38.329+0000] {processor.py:208} INFO - Processing /home/ubuntu/airflow-venv/lib/python3.12/site-packages/airflow/example_dags/example_subdag_operator.py took 0.060 seconds
[2026-02-25T15:15:28.359+0000] {processor.py:186} INFO - Started process (PID=3479) to work on /home/ubuntu/airflow-venv/lib/python3.12/site-packages/airflow/example_dags/example_subdag_operator.py
[2026-02-25T15:15:28.360+0000] {processor.py:914} INFO - Processing file /home/ubuntu/airflow-venv/lib/python3.12/site-packages/airflow/example_dags/example_subdag_operator.py for tasks to queue
[2026-02-25T15:15:28.362+0000] {logging_mixin.py:190} INFO - [2026-02-25T15:15:28.362+0000] {dagbag.py:588} INFO - Filling up the DagBag from /home/ubuntu/airflow-venv/lib/python3.12/site-packages/airflow/example_dags/example_subdag_operator.py
[2026-02-25T15:15:28.376+0000] {processor.py:925} INFO - DAG(s) 'example_subdag_operator.section-1', 'example_subdag_operator.section-2', 'example_subdag_operator' retrieved from /home/ubuntu/airflow-venv/lib/python3.12/site-packages/airflow/example_dags/example_subdag_operator.py
[2026-02-25T15:15:28.385+0000] {logging_mixin.py:190} INFO - [2026-02-25T15:15:28.384+0000] {dag.py:3239} INFO - Sync 3 DAGs
[2026-02-25T15:15:28.397+0000] {logging_mixin.py:190} INFO - [2026-02-25T15:15:28.396+0000] {dag.py:4180} INFO - Setting next_dagrun for example_subdag_operator to 2022-01-01 00:00:00+00:00, run_after=2022-01-01 00:00:00+00:00
[2026-02-25T15:15:28.398+0000] {logging_mixin.py:190} INFO - [2026-02-25T15:15:28.398+0000] {dag.py:4180} INFO - Setting next_dagrun for example_subdag_operator.section-1 to None, run_after=None
[2026-02-25T15:15:28.399+0000] {logging_mixin.py:190} INFO - [2026-02-25T15:15:28.399+0000] {dag.py:4180} INFO - Setting next_dagrun for example_subdag_operator.section-2 to None, run_after=None
[2026-02-25T15:15:28.402+0000] {logging_mixin.py:190} INFO - [2026-02-25T15:15:28.402+0000] {dag.py:3239} INFO - Sync 2 DAGs
[2026-02-25T15:15:28.405+0000] {logging_mixin.py:190} INFO - [2026-02-25T15:15:28.405+0000] {dag.py:4180} INFO - Setting next_dagrun for example_subdag_operator.section-1 to None, run_after=None
[2026-02-25T15:15:28.405+0000] {logging_mixin.py:190} INFO - [2026-02-25T15:15:28.405+0000] {dag.py:4180} INFO - Setting next_dagrun for example_subdag_operator.section-2 to None, run_after=None
[2026-02-25T15:15:28.417+0000] {processor.py:208} INFO - Processing /home/ubuntu/airflow-venv/lib/python3.12/site-packages/airflow/example_dags/example_subdag_operator.py took 0.061 seconds
[2026-02-25T15:16:16.727+0000] {processor.py:186} INFO - Started process (PID=3530) to work on /home/ubuntu/airflow-venv/lib/python3.12/site-packages/airflow/example_dags/example_subdag_operator.py
[2026-02-25T15:16:16.728+0000] {processor.py:914} INFO - Processing file /home/ubuntu/airflow-venv/lib/python3.12/site-packages/airflow/example_dags/example_subdag_operator.py for tasks to queue
[2026-02-25T15:16:16.730+0000] {logging_mixin.py:190} INFO - [2026-02-25T15:16:16.729+0000] {dagbag.py:588} INFO - Filling up the DagBag from /home/ubuntu/airflow-venv/lib/python3.12/site-packages/airflow/example_dags/example_subdag_operator.py
[2026-02-25T15:16:16.743+0000] {processor.py:925} INFO - DAG(s) 'example_subdag_operator.section-1', 'example_subdag_operator.section-2', 'example_subdag_operator' retrieved from /home/ubuntu/airflow-venv/lib/python3.12/site-packages/airflow/example_dags/example_subdag_operator.py
[2026-02-25T15:16:16.752+0000] {logging_mixin.py:190} INFO - [2026-02-25T15:16:16.752+0000] {dag.py:3239} INFO - Sync 3 DAGs
[2026-02-25T15:16:16.763+0000] {logging_mixin.py:190} INFO - [2026-02-25T15:16:16.763+0000] {dag.py:4180} INFO - Setting next_dagrun for example_subdag_operator to 2022-01-01 00:00:00+00:00, run_after=2022-01-01 00:00:00+00:00
[2026-02-25T15:16:16.765+0000] {logging_mixin.py:190} INFO - [2026-02-25T15:16:16.765+0000] {dag.py:4180} INFO - Setting next_dagrun for example_subdag_operator.section-1 to None, run_after=None
[2026-02-25T15:16:16.766+0000] {logging_mixin.py:190} INFO - [2026-02-25T15:16:16.766+0000] {dag.py:4180} INFO - Setting next_dagrun for example_subdag_operator.section-2 to None, run_after=None
[2026-02-25T15:16:16.769+0000] {logging_mixin.py:190} INFO - [2026-02-25T15:16:16.769+0000] {dag.py:3239} INFO - Sync 2 DAGs
[2026-02-25T15:16:16.771+0000] {logging_mixin.py:190} INFO - [2026-02-25T15:16:16.771+0000] {dag.py:4180} INFO - Setting next_dagrun for example_subdag_operator.section-1 to None, run_after=None
[2026-02-25T15:16:16.771+0000] {logging_mixin.py:190} INFO - [2026-02-25T15:16:16.771+0000] {dag.py:4180} INFO - Setting next_dagrun for example_subdag_operator.section-2 to None, run_after=None
[2026-02-25T15:16:16.783+0000] {processor.py:208} INFO - Processing /home/ubuntu/airflow-venv/lib/python3.12/site-packages/airflow/example_dags/example_subdag_operator.py took 0.060 seconds
[2026-02-25T15:17:05.992+0000] {processor.py:186} INFO - Started process (PID=3585) to work on /home/ubuntu/airflow-venv/lib/python3.12/site-packages/airflow/example_dags/example_subdag_operator.py
[2026-02-25T15:17:05.993+0000] {processor.py:914} INFO - Processing file /home/ubuntu/airflow-venv/lib/python3.12/site-packages/airflow/example_dags/example_subdag_operator.py for tasks to queue
[2026-02-25T15:17:05.995+0000] {logging_mixin.py:190} INFO - [2026-02-25T15:17:05.994+0000] {dagbag.py:588} INFO - Filling up the DagBag from /home/ubuntu/airflow-venv/lib/python3.12/site-packages/airflow/example_dags/example_subdag_operator.py
[2026-02-25T15:17:06.008+0000] {processor.py:925} INFO - DAG(s) 'example_subdag_operator.section-1', 'example_subdag_operator.section-2', 'example_subdag_operator' retrieved from /home/ubuntu/airflow-venv/lib/python3.12/site-packages/airflow/example_dags/example_subdag_operator.py
[2026-02-25T15:17:06.017+0000] {logging_mixin.py:190} INFO - [2026-02-25T15:17:06.017+0000] {dag.py:3239} INFO - Sync 3 DAGs
[2026-02-25T15:17:06.029+0000] {logging_mixin.py:190} INFO - [2026-02-25T15:17:06.028+0000] {dag.py:4180} INFO - Setting next_dagrun for example_subdag_operator to 2022-01-01 00:00:00+00:00, run_after=2022-01-01 00:00:00+00:00
[2026-02-25T15:17:06.030+0000] {logging_mixin.py:190} INFO - [2026-02-25T15:17:06.030+0000] {dag.py:4180} INFO - Setting next_dagrun for example_subdag_operator.section-1 to None, run_after=None
[2026-02-25T15:17:06.031+0000] {logging_mixin.py:190} INFO - [2026-02-25T15:17:06.031+0000] {dag.py:4180} INFO - Setting next_dagrun for example_subdag_operator.section-2 to None, run_after=None
[2026-02-25T15:17:06.034+0000] {logging_mixin.py:190} INFO - [2026-02-25T15:17:06.034+0000] {dag.py:3239} INFO - Sync 2 DAGs
[2026-02-25T15:17:06.037+0000] {logging_mixin.py:190} INFO - [2026-02-25T15:17:06.036+0000] {dag.py:4180} INFO - Setting next_dagrun for example_subdag_operator.section-1 to None, run_after=None
[2026-02-25T15:17:06.037+0000] {logging_mixin.py:190} INFO - [2026-02-25T15:17:06.037+0000] {dag.py:4180} INFO - Setting next_dagrun for example_subdag_operator.section-2 to None, run_after=None
[2026-02-25T15:17:06.048+0000] {processor.py:208} INFO - Processing /home/ubuntu/airflow-venv/lib/python3.12/site-packages/airflow/example_dags/example_subdag_operator.py took 0.059 seconds
[2026-02-25T15:17:55.137+0000] {processor.py:186} INFO - Started process (PID=3637) to work on /home/ubuntu/airflow-venv/lib/python3.12/site-packages/airflow/example_dags/example_subdag_operator.py
[2026-02-25T15:17:55.138+0000] {processor.py:914} INFO - Processing file /home/ubuntu/airflow-venv/lib/python3.12/site-packages/airflow/example_dags/example_subdag_operator.py for tasks to queue
[2026-02-25T15:17:55.140+0000] {logging_mixin.py:190} INFO - [2026-02-25T15:17:55.139+0000] {dagbag.py:588} INFO - Filling up the DagBag from /home/ubuntu/airflow-venv/lib/python3.12/site-packages/airflow/example_dags/example_subdag_operator.py
[2026-02-25T15:17:55.153+0000] {processor.py:925} INFO - DAG(s) 'example_subdag_operator.section-1', 'example_subdag_operator.section-2', 'example_subdag_operator' retrieved from /home/ubuntu/airflow-venv/lib/python3.12/site-packages/airflow/example_dags/example_subdag_operator.py
[2026-02-25T15:17:55.162+0000] {logging_mixin.py:190} INFO - [2026-02-25T15:17:55.162+0000] {dag.py:3239} INFO - Sync 3 DAGs
[2026-02-25T15:17:55.173+0000] {logging_mixin.py:190} INFO - [2026-02-25T15:17:55.173+0000] {dag.py:4180} INFO - Setting next_dagrun for example_subdag_operator to 2022-01-01 00:00:00+00:00, run_after=2022-01-01 00:00:00+00:00
[2026-02-25T15:17:55.175+0000] {logging_mixin.py:190} INFO - [2026-02-25T15:17:55.175+0000] {dag.py:4180} INFO - Setting next_dagrun for example_subdag_operator.section-1 to None, run_after=None
[2026-02-25T15:17:55.176+0000] {logging_mixin.py:190} INFO - [2026-02-25T15:17:55.176+0000] {dag.py:4180} INFO - Setting next_dagrun for example_subdag_operator.section-2 to None, run_after=None
[2026-02-25T15:17:55.179+0000] {logging_mixin.py:190} INFO - [2026-02-25T15:17:55.179+0000] {dag.py:3239} INFO - Sync 2 DAGs
[2026-02-25T15:17:55.182+0000] {logging_mixin.py:190} INFO - [2026-02-25T15:17:55.182+0000] {dag.py:4180} INFO - Setting next_dagrun for example_subdag_operator.section-1 to None, run_after=None
[2026-02-25T15:17:55.182+0000] {logging_mixin.py:190} INFO - [2026-02-25T15:17:55.182+0000] {dag.py:4180} INFO - Setting next_dagrun for example_subdag_operator.section-2 to None, run_after=None
[2026-02-25T15:17:55.194+0000] {processor.py:208} INFO - Processing /home/ubuntu/airflow-venv/lib/python3.12/site-packages/airflow/example_dags/example_subdag_operator.py took 0.060 seconds
[2026-02-25T15:18:41.841+0000] {processor.py:186} INFO - Started process (PID=3688) to work on /home/ubuntu/airflow-venv/lib/python3.12/site-packages/airflow/example_dags/example_subdag_operator.py
[2026-02-25T15:18:41.842+0000] {processor.py:914} INFO - Processing file /home/ubuntu/airflow-venv/lib/python3.12/site-packages/airflow/example_dags/example_subdag_operator.py for tasks to queue
[2026-02-25T15:18:41.844+0000] {logging_mixin.py:190} INFO - [2026-02-25T15:18:41.843+0000] {dagbag.py:588} INFO - Filling up the DagBag from /home/ubuntu/airflow-venv/lib/python3.12/site-packages/airflow/example_dags/example_subdag_operator.py
[2026-02-25T15:18:41.858+0000] {processor.py:925} INFO - DAG(s) 'example_subdag_operator.section-1', 'example_subdag_operator.section-2', 'example_subdag_operator' retrieved from /home/ubuntu/airflow-venv/lib/python3.12/site-packages/airflow/example_dags/example_subdag_operator.py
[2026-02-25T15:18:41.866+0000] {logging_mixin.py:190} INFO - [2026-02-25T15:18:41.866+0000] {dag.py:3239} INFO - Sync 3 DAGs
[2026-02-25T15:18:41.878+0000] {logging_mixin.py:190} INFO - [2026-02-25T15:18:41.878+0000] {dag.py:4180} INFO - Setting next_dagrun for example_subdag_operator to 2022-01-01 00:00:00+00:00, run_after=2022-01-01 00:00:00+00:00
[2026-02-25T15:18:41.880+0000] {logging_mixin.py:190} INFO - [2026-02-25T15:18:41.880+0000] {dag.py:4180} INFO - Setting next_dagrun for example_subdag_operator.section-1 to None, run_after=None
[2026-02-25T15:18:41.881+0000] {logging_mixin.py:190} INFO - [2026-02-25T15:18:41.881+0000] {dag.py:4180} INFO - Setting next_dagrun for example_subdag_operator.section-2 to None, run_after=None
[2026-02-25T15:18:41.884+0000] {logging_mixin.py:190} INFO - [2026-02-25T15:18:41.884+0000] {dag.py:3239} INFO - Sync 2 DAGs
[2026-02-25T15:18:41.886+0000] {logging_mixin.py:190} INFO - [2026-02-25T15:18:41.886+0000] {dag.py:4180} INFO - Setting next_dagrun for example_subdag_operator.section-1 to None, run_after=None
[2026-02-25T15:18:41.887+0000] {logging_mixin.py:190} INFO - [2026-02-25T15:18:41.887+0000] {dag.py:4180} INFO - Setting next_dagrun for example_subdag_operator.section-2 to None, run_after=None
[2026-02-25T15:18:41.899+0000] {processor.py:208} INFO - Processing /home/ubuntu/airflow-venv/lib/python3.12/site-packages/airflow/example_dags/example_subdag_operator.py took 0.061 seconds
[2026-02-25T15:19:29.059+0000] {processor.py:186} INFO - Started process (PID=3739) to work on /home/ubuntu/airflow-venv/lib/python3.12/site-packages/airflow/example_dags/example_subdag_operator.py
[2026-02-25T15:19:29.061+0000] {processor.py:914} INFO - Processing file /home/ubuntu/airflow-venv/lib/python3.12/site-packages/airflow/example_dags/example_subdag_operator.py for tasks to queue
[2026-02-25T15:19:29.062+0000] {logging_mixin.py:190} INFO - [2026-02-25T15:19:29.062+0000] {dagbag.py:588} INFO - Filling up the DagBag from /home/ubuntu/airflow-venv/lib/python3.12/site-packages/airflow/example_dags/example_subdag_operator.py
[2026-02-25T15:19:29.076+0000] {processor.py:925} INFO - DAG(s) 'example_subdag_operator.section-1', 'example_subdag_operator.section-2', 'example_subdag_operator' retrieved from /home/ubuntu/airflow-venv/lib/python3.12/site-packages/airflow/example_dags/example_subdag_operator.py
[2026-02-25T15:19:29.085+0000] {logging_mixin.py:190} INFO - [2026-02-25T15:19:29.085+0000] {dag.py:3239} INFO - Sync 3 DAGs
[2026-02-25T15:19:29.096+0000] {logging_mixin.py:190} INFO - [2026-02-25T15:19:29.096+0000] {dag.py:4180} INFO - Setting next_dagrun for example_subdag_operator to 2022-01-01 00:00:00+00:00, run_after=2022-01-01 00:00:00+00:00
[2026-02-25T15:19:29.098+0000] {logging_mixin.py:190} INFO - [2026-02-25T15:19:29.098+0000] {dag.py:4180} INFO - Setting next_dagrun for example_subdag_operator.section-1 to None, run_after=None
[2026-02-25T15:19:29.100+0000] {logging_mixin.py:190} INFO - [2026-02-25T15:19:29.099+0000] {dag.py:4180} INFO - Setting next_dagrun for example_subdag_operator.section-2 to None, run_after=None
[2026-02-25T15:19:29.103+0000] {logging_mixin.py:190} INFO - [2026-02-25T15:19:29.103+0000] {dag.py:3239} INFO - Sync 2 DAGs
[2026-02-25T15:19:29.105+0000] {logging_mixin.py:190} INFO - [2026-02-25T15:19:29.105+0000] {dag.py:4180} INFO - Setting next_dagrun for example_subdag_operator.section-1 to None, run_after=None
[2026-02-25T15:19:29.105+0000] {logging_mixin.py:190} INFO - [2026-02-25T15:19:29.105+0000] {dag.py:4180} INFO - Setting next_dagrun for example_subdag_operator.section-2 to None, run_after=None
[2026-02-25T15:19:29.117+0000] {processor.py:208} INFO - Processing /home/ubuntu/airflow-venv/lib/python3.12/site-packages/airflow/example_dags/example_subdag_operator.py took 0.061 seconds
[2026-02-25T15:20:19.220+0000] {processor.py:186} INFO - Started process (PID=3794) to work on /home/ubuntu/airflow-venv/lib/python3.12/site-packages/airflow/example_dags/example_subdag_operator.py
[2026-02-25T15:20:19.221+0000] {processor.py:914} INFO - Processing file /home/ubuntu/airflow-venv/lib/python3.12/site-packages/airflow/example_dags/example_subdag_operator.py for tasks to queue
[2026-02-25T15:20:19.223+0000] {logging_mixin.py:190} INFO - [2026-02-25T15:20:19.222+0000] {dagbag.py:588} INFO - Filling up the DagBag from /home/ubuntu/airflow-venv/lib/python3.12/site-packages/airflow/example_dags/example_subdag_operator.py
[2026-02-25T15:20:19.236+0000] {processor.py:925} INFO - DAG(s) 'example_subdag_operator.section-1', 'example_subdag_operator.section-2', 'example_subdag_operator' retrieved from /home/ubuntu/airflow-venv/lib/python3.12/site-packages/airflow/example_dags/example_subdag_operator.py
[2026-02-25T15:20:19.245+0000] {logging_mixin.py:190} INFO - [2026-02-25T15:20:19.245+0000] {dag.py:3239} INFO - Sync 3 DAGs
[2026-02-25T15:20:19.256+0000] {logging_mixin.py:190} INFO - [2026-02-25T15:20:19.256+0000] {dag.py:4180} INFO - Setting next_dagrun for example_subdag_operator to 2022-01-01 00:00:00+00:00, run_after=2022-01-01 00:00:00+00:00
[2026-02-25T15:20:19.258+0000] {logging_mixin.py:190} INFO - [2026-02-25T15:20:19.258+0000] {dag.py:4180} INFO - Setting next_dagrun for example_subdag_operator.section-1 to None, run_after=None
[2026-02-25T15:20:19.259+0000] {logging_mixin.py:190} INFO - [2026-02-25T15:20:19.259+0000] {dag.py:4180} INFO - Setting next_dagrun for example_subdag_operator.section-2 to None, run_after=None
[2026-02-25T15:20:19.262+0000] {logging_mixin.py:190} INFO - [2026-02-25T15:20:19.262+0000] {dag.py:3239} INFO - Sync 2 DAGs
[2026-02-25T15:20:19.264+0000] {logging_mixin.py:190} INFO - [2026-02-25T15:20:19.264+0000] {dag.py:4180} INFO - Setting next_dagrun for example_subdag_operator.section-1 to None, run_after=None
[2026-02-25T15:20:19.265+0000] {logging_mixin.py:190} INFO - [2026-02-25T15:20:19.265+0000] {dag.py:4180} INFO - Setting next_dagrun for example_subdag_operator.section-2 to None, run_after=None
[2026-02-25T15:20:19.276+0000] {processor.py:208} INFO - Processing /home/ubuntu/airflow-venv/lib/python3.12/site-packages/airflow/example_dags/example_subdag_operator.py took 0.060 seconds
[2026-02-25T15:21:07.073+0000] {processor.py:186} INFO - Started process (PID=3845) to work on /home/ubuntu/airflow-venv/lib/python3.12/site-packages/airflow/example_dags/example_subdag_operator.py
[2026-02-25T15:21:07.074+0000] {processor.py:914} INFO - Processing file /home/ubuntu/airflow-venv/lib/python3.12/site-packages/airflow/example_dags/example_subdag_operator.py for tasks to queue
[2026-02-25T15:21:07.076+0000] {logging_mixin.py:190} INFO - [2026-02-25T15:21:07.075+0000] {dagbag.py:588} INFO - Filling up the DagBag from /home/ubuntu/airflow-venv/lib/python3.12/site-packages/airflow/example_dags/example_subdag_operator.py
[2026-02-25T15:21:07.089+0000] {processor.py:925} INFO - DAG(s) 'example_subdag_operator.section-1', 'example_subdag_operator.section-2', 'example_subdag_operator' retrieved from /home/ubuntu/airflow-venv/lib/python3.12/site-packages/airflow/example_dags/example_subdag_operator.py
[2026-02-25T15:21:07.098+0000] {logging_mixin.py:190} INFO - [2026-02-25T15:21:07.098+0000] {dag.py:3239} INFO - Sync 3 DAGs
[2026-02-25T15:21:07.111+0000] {logging_mixin.py:190} INFO - [2026-02-25T15:21:07.111+0000] {dag.py:4180} INFO - Setting next_dagrun for example_subdag_operator to 2022-01-01 00:00:00+00:00, run_after=2022-01-01 00:00:00+00:00
[2026-02-25T15:21:07.113+0000] {logging_mixin.py:190} INFO - [2026-02-25T15:21:07.113+0000] {dag.py:4180} INFO - Setting next_dagrun for example_subdag_operator.section-1 to None, run_after=None
[2026-02-25T15:21:07.114+0000] {logging_mixin.py:190} INFO - [2026-02-25T15:21:07.113+0000] {dag.py:4180} INFO - Setting next_dagrun for example_subdag_operator.section-2 to None, run_after=None
[2026-02-25T15:21:07.117+0000] {logging_mixin.py:190} INFO - [2026-02-25T15:21:07.117+0000] {dag.py:3239} INFO - Sync 2 DAGs
[2026-02-25T15:21:07.119+0000] {logging_mixin.py:190} INFO - [2026-02-25T15:21:07.119+0000] {dag.py:4180} INFO - Setting next_dagrun for example_subdag_operator.section-1 to None, run_after=None
[2026-02-25T15:21:07.119+0000] {logging_mixin.py:190} INFO - [2026-02-25T15:21:07.119+0000] {dag.py:4180} INFO - Setting next_dagrun for example_subdag_operator.section-2 to None, run_after=None
[2026-02-25T15:21:07.131+0000] {processor.py:208} INFO - Processing /home/ubuntu/airflow-venv/lib/python3.12/site-packages/airflow/example_dags/example_subdag_operator.py took 0.061 seconds
[2026-02-25T15:21:58.058+0000] {processor.py:186} INFO - Started process (PID=3897) to work on /home/ubuntu/airflow-venv/lib/python3.12/site-packages/airflow/example_dags/example_subdag_operator.py
[2026-02-25T15:21:58.060+0000] {processor.py:914} INFO - Processing file /home/ubuntu/airflow-venv/lib/python3.12/site-packages/airflow/example_dags/example_subdag_operator.py for tasks to queue
[2026-02-25T15:21:58.061+0000] {logging_mixin.py:190} INFO - [2026-02-25T15:21:58.061+0000] {dagbag.py:588} INFO - Filling up the DagBag from /home/ubuntu/airflow-venv/lib/python3.12/site-packages/airflow/example_dags/example_subdag_operator.py
[2026-02-25T15:21:58.075+0000] {processor.py:925} INFO - DAG(s) 'example_subdag_operator.section-1', 'example_subdag_operator.section-2', 'example_subdag_operator' retrieved from /home/ubuntu/airflow-venv/lib/python3.12/site-packages/airflow/example_dags/example_subdag_operator.py
[2026-02-25T15:21:58.083+0000] {logging_mixin.py:190} INFO - [2026-02-25T15:21:58.083+0000] {dag.py:3239} INFO - Sync 3 DAGs
[2026-02-25T15:21:58.095+0000] {logging_mixin.py:190} INFO - [2026-02-25T15:21:58.095+0000] {dag.py:4180} INFO - Setting next_dagrun for example_subdag_operator to 2022-01-01 00:00:00+00:00, run_after=2022-01-01 00:00:00+00:00
[2026-02-25T15:21:58.097+0000] {logging_mixin.py:190} INFO - [2026-02-25T15:21:58.097+0000] {dag.py:4180} INFO - Setting next_dagrun for example_subdag_operator.section-1 to None, run_after=None
[2026-02-25T15:21:58.097+0000] {logging_mixin.py:190} INFO - [2026-02-25T15:21:58.097+0000] {dag.py:4180} INFO - Setting next_dagrun for example_subdag_operator.section-2 to None, run_after=None
[2026-02-25T15:21:58.101+0000] {logging_mixin.py:190} INFO - [2026-02-25T15:21:58.101+0000] {dag.py:3239} INFO - Sync 2 DAGs
[2026-02-25T15:21:58.103+0000] {logging_mixin.py:190} INFO - [2026-02-25T15:21:58.103+0000] {dag.py:4180} INFO - Setting next_dagrun for example_subdag_operator.section-1 to None, run_after=None
[2026-02-25T15:21:58.103+0000] {logging_mixin.py:190} INFO - [2026-02-25T15:21:58.103+0000] {dag.py:4180} INFO - Setting next_dagrun for example_subdag_operator.section-2 to None, run_after=None
[2026-02-25T15:21:58.115+0000] {processor.py:208} INFO - Processing /home/ubuntu/airflow-venv/lib/python3.12/site-packages/airflow/example_dags/example_subdag_operator.py took 0.060 seconds
[2026-02-25T15:22:45.641+0000] {processor.py:186} INFO - Started process (PID=3948) to work on /home/ubuntu/airflow-venv/lib/python3.12/site-packages/airflow/example_dags/example_subdag_operator.py
[2026-02-25T15:22:45.642+0000] {processor.py:914} INFO - Processing file /home/ubuntu/airflow-venv/lib/python3.12/site-packages/airflow/example_dags/example_subdag_operator.py for tasks to queue
[2026-02-25T15:22:45.644+0000] {logging_mixin.py:190} INFO - [2026-02-25T15:22:45.644+0000] {dagbag.py:588} INFO - Filling up the DagBag from /home/ubuntu/airflow-venv/lib/python3.12/site-packages/airflow/example_dags/example_subdag_operator.py
[2026-02-25T15:22:45.658+0000] {processor.py:925} INFO - DAG(s) 'example_subdag_operator.section-1', 'example_subdag_operator.section-2', 'example_subdag_operator' retrieved from /home/ubuntu/airflow-venv/lib/python3.12/site-packages/airflow/example_dags/example_subdag_operator.py
[2026-02-25T15:22:45.667+0000] {logging_mixin.py:190} INFO - [2026-02-25T15:22:45.666+0000] {dag.py:3239} INFO - Sync 3 DAGs
[2026-02-25T15:22:45.678+0000] {logging_mixin.py:190} INFO - [2026-02-25T15:22:45.678+0000] {dag.py:4180} INFO - Setting next_dagrun for example_subdag_operator to 2022-01-01 00:00:00+00:00, run_after=2022-01-01 00:00:00+00:00
[2026-02-25T15:22:45.680+0000] {logging_mixin.py:190} INFO - [2026-02-25T15:22:45.680+0000] {dag.py:4180} INFO - Setting next_dagrun for example_subdag_operator.section-1 to None, run_after=None
[2026-02-25T15:22:45.681+0000] {logging_mixin.py:190} INFO - [2026-02-25T15:22:45.681+0000] {dag.py:4180} INFO - Setting next_dagrun for example_subdag_operator.section-2 to None, run_after=None
[2026-02-25T15:22:45.684+0000] {logging_mixin.py:190} INFO - [2026-02-25T15:22:45.684+0000] {dag.py:3239} INFO - Sync 2 DAGs
[2026-02-25T15:22:45.686+0000] {logging_mixin.py:190} INFO - [2026-02-25T15:22:45.686+0000] {dag.py:4180} INFO - Setting next_dagrun for example_subdag_operator.section-1 to None, run_after=None
[2026-02-25T15:22:45.686+0000] {logging_mixin.py:190} INFO - [2026-02-25T15:22:45.686+0000] {dag.py:4180} INFO - Setting next_dagrun for example_subdag_operator.section-2 to None, run_after=None
[2026-02-25T15:22:45.699+0000] {processor.py:208} INFO - Processing /home/ubuntu/airflow-venv/lib/python3.12/site-packages/airflow/example_dags/example_subdag_operator.py took 0.061 seconds
[2026-02-25T15:44:19.615+0000] {processor.py:186} INFO - Started process (PID=2581) to work on /home/ubuntu/airflow-venv/lib/python3.12/site-packages/airflow/example_dags/example_subdag_operator.py
[2026-02-25T15:44:19.618+0000] {processor.py:914} INFO - Processing file /home/ubuntu/airflow-venv/lib/python3.12/site-packages/airflow/example_dags/example_subdag_operator.py for tasks to queue
[2026-02-25T15:44:19.619+0000] {logging_mixin.py:190} INFO - [2026-02-25T15:44:19.619+0000] {dagbag.py:588} INFO - Filling up the DagBag from /home/ubuntu/airflow-venv/lib/python3.12/site-packages/airflow/example_dags/example_subdag_operator.py
[2026-02-25T15:44:19.634+0000] {processor.py:925} INFO - DAG(s) 'example_subdag_operator.section-1', 'example_subdag_operator.section-2', 'example_subdag_operator' retrieved from /home/ubuntu/airflow-venv/lib/python3.12/site-packages/airflow/example_dags/example_subdag_operator.py
[2026-02-25T15:44:19.644+0000] {logging_mixin.py:190} INFO - [2026-02-25T15:44:19.643+0000] {dag.py:3239} INFO - Sync 3 DAGs
[2026-02-25T15:44:19.656+0000] {logging_mixin.py:190} INFO - [2026-02-25T15:44:19.656+0000] {dag.py:4180} INFO - Setting next_dagrun for example_subdag_operator to 2022-01-01 00:00:00+00:00, run_after=2022-01-01 00:00:00+00:00
[2026-02-25T15:44:19.658+0000] {logging_mixin.py:190} INFO - [2026-02-25T15:44:19.657+0000] {dag.py:4180} INFO - Setting next_dagrun for example_subdag_operator.section-1 to None, run_after=None
[2026-02-25T15:44:19.658+0000] {logging_mixin.py:190} INFO - [2026-02-25T15:44:19.658+0000] {dag.py:4180} INFO - Setting next_dagrun for example_subdag_operator.section-2 to None, run_after=None
[2026-02-25T15:44:19.661+0000] {logging_mixin.py:190} INFO - [2026-02-25T15:44:19.661+0000] {dag.py:3239} INFO - Sync 2 DAGs
[2026-02-25T15:44:19.664+0000] {logging_mixin.py:190} INFO - [2026-02-25T15:44:19.663+0000] {dag.py:4180} INFO - Setting next_dagrun for example_subdag_operator.section-1 to None, run_after=None
[2026-02-25T15:44:19.664+0000] {logging_mixin.py:190} INFO - [2026-02-25T15:44:19.664+0000] {dag.py:4180} INFO - Setting next_dagrun for example_subdag_operator.section-2 to None, run_after=None
[2026-02-25T15:44:19.676+0000] {processor.py:208} INFO - Processing /home/ubuntu/airflow-venv/lib/python3.12/site-packages/airflow/example_dags/example_subdag_operator.py took 0.064 seconds
[2026-02-25T15:45:13.879+0000] {processor.py:186} INFO - Started process (PID=2656) to work on /home/ubuntu/airflow-venv/lib/python3.12/site-packages/airflow/example_dags/example_subdag_operator.py
[2026-02-25T15:45:13.880+0000] {processor.py:914} INFO - Processing file /home/ubuntu/airflow-venv/lib/python3.12/site-packages/airflow/example_dags/example_subdag_operator.py for tasks to queue
[2026-02-25T15:45:13.881+0000] {logging_mixin.py:190} INFO - [2026-02-25T15:45:13.881+0000] {dagbag.py:588} INFO - Filling up the DagBag from /home/ubuntu/airflow-venv/lib/python3.12/site-packages/airflow/example_dags/example_subdag_operator.py
[2026-02-25T15:45:13.895+0000] {processor.py:925} INFO - DAG(s) 'example_subdag_operator.section-1', 'example_subdag_operator.section-2', 'example_subdag_operator' retrieved from /home/ubuntu/airflow-venv/lib/python3.12/site-packages/airflow/example_dags/example_subdag_operator.py
[2026-02-25T15:45:13.903+0000] {logging_mixin.py:190} INFO - [2026-02-25T15:45:13.903+0000] {dag.py:3239} INFO - Sync 3 DAGs
[2026-02-25T15:45:13.915+0000] {logging_mixin.py:190} INFO - [2026-02-25T15:45:13.914+0000] {dag.py:4180} INFO - Setting next_dagrun for example_subdag_operator to 2022-01-01 00:00:00+00:00, run_after=2022-01-01 00:00:00+00:00
[2026-02-25T15:45:13.917+0000] {logging_mixin.py:190} INFO - [2026-02-25T15:45:13.917+0000] {dag.py:4180} INFO - Setting next_dagrun for example_subdag_operator.section-1 to None, run_after=None
[2026-02-25T15:45:13.918+0000] {logging_mixin.py:190} INFO - [2026-02-25T15:45:13.918+0000] {dag.py:4180} INFO - Setting next_dagrun for example_subdag_operator.section-2 to None, run_after=None
[2026-02-25T15:45:13.921+0000] {logging_mixin.py:190} INFO - [2026-02-25T15:45:13.921+0000] {dag.py:3239} INFO - Sync 2 DAGs
[2026-02-25T15:45:13.923+0000] {logging_mixin.py:190} INFO - [2026-02-25T15:45:13.923+0000] {dag.py:4180} INFO - Setting next_dagrun for example_subdag_operator.section-1 to None, run_after=None
[2026-02-25T15:45:13.923+0000] {logging_mixin.py:190} INFO - [2026-02-25T15:45:13.923+0000] {dag.py:4180} INFO - Setting next_dagrun for example_subdag_operator.section-2 to None, run_after=None
[2026-02-25T15:45:13.935+0000] {processor.py:208} INFO - Processing /home/ubuntu/airflow-venv/lib/python3.12/site-packages/airflow/example_dags/example_subdag_operator.py took 0.059 seconds
[2026-02-25T15:46:02.204+0000] {processor.py:186} INFO - Started process (PID=2708) to work on /home/ubuntu/airflow-venv/lib/python3.12/site-packages/airflow/example_dags/example_subdag_operator.py
[2026-02-25T15:46:02.205+0000] {processor.py:914} INFO - Processing file /home/ubuntu/airflow-venv/lib/python3.12/site-packages/airflow/example_dags/example_subdag_operator.py for tasks to queue
[2026-02-25T15:46:02.206+0000] {logging_mixin.py:190} INFO - [2026-02-25T15:46:02.206+0000] {dagbag.py:588} INFO - Filling up the DagBag from /home/ubuntu/airflow-venv/lib/python3.12/site-packages/airflow/example_dags/example_subdag_operator.py
[2026-02-25T15:46:02.220+0000] {processor.py:925} INFO - DAG(s) 'example_subdag_operator.section-1', 'example_subdag_operator.section-2', 'example_subdag_operator' retrieved from /home/ubuntu/airflow-venv/lib/python3.12/site-packages/airflow/example_dags/example_subdag_operator.py
[2026-02-25T15:46:02.228+0000] {logging_mixin.py:190} INFO - [2026-02-25T15:46:02.228+0000] {dag.py:3239} INFO - Sync 3 DAGs
[2026-02-25T15:46:02.240+0000] {logging_mixin.py:190} INFO - [2026-02-25T15:46:02.239+0000] {dag.py:4180} INFO - Setting next_dagrun for example_subdag_operator to 2022-01-01 00:00:00+00:00, run_after=2022-01-01 00:00:00+00:00
[2026-02-25T15:46:02.241+0000] {logging_mixin.py:190} INFO - [2026-02-25T15:46:02.241+0000] {dag.py:4180} INFO - Setting next_dagrun for example_subdag_operator.section-1 to None, run_after=None
[2026-02-25T15:46:02.242+0000] {logging_mixin.py:190} INFO - [2026-02-25T15:46:02.242+0000] {dag.py:4180} INFO - Setting next_dagrun for example_subdag_operator.section-2 to None, run_after=None
[2026-02-25T15:46:02.245+0000] {logging_mixin.py:190} INFO - [2026-02-25T15:46:02.245+0000] {dag.py:3239} INFO - Sync 2 DAGs
[2026-02-25T15:46:02.248+0000] {logging_mixin.py:190} INFO - [2026-02-25T15:46:02.248+0000] {dag.py:4180} INFO - Setting next_dagrun for example_subdag_operator.section-1 to None, run_after=None
[2026-02-25T15:46:02.248+0000] {logging_mixin.py:190} INFO - [2026-02-25T15:46:02.248+0000] {dag.py:4180} INFO - Setting next_dagrun for example_subdag_operator.section-2 to None, run_after=None
[2026-02-25T15:46:02.261+0000] {processor.py:208} INFO - Processing /home/ubuntu/airflow-venv/lib/python3.12/site-packages/airflow/example_dags/example_subdag_operator.py took 0.061 seconds
[2026-02-25T15:46:57.655+0000] {processor.py:186} INFO - Started process (PID=2765) to work on /home/ubuntu/airflow-venv/lib/python3.12/site-packages/airflow/example_dags/example_subdag_operator.py
[2026-02-25T15:46:57.657+0000] {processor.py:914} INFO - Processing file /home/ubuntu/airflow-venv/lib/python3.12/site-packages/airflow/example_dags/example_subdag_operator.py for tasks to queue
[2026-02-25T15:46:57.658+0000] {logging_mixin.py:190} INFO - [2026-02-25T15:46:57.658+0000] {dagbag.py:588} INFO - Filling up the DagBag from /home/ubuntu/airflow-venv/lib/python3.12/site-packages/airflow/example_dags/example_subdag_operator.py
[2026-02-25T15:46:57.672+0000] {processor.py:925} INFO - DAG(s) 'example_subdag_operator.section-1', 'example_subdag_operator.section-2', 'example_subdag_operator' retrieved from /home/ubuntu/airflow-venv/lib/python3.12/site-packages/airflow/example_dags/example_subdag_operator.py
[2026-02-25T15:46:57.680+0000] {logging_mixin.py:190} INFO - [2026-02-25T15:46:57.680+0000] {dag.py:3239} INFO - Sync 3 DAGs
[2026-02-25T15:46:57.692+0000] {logging_mixin.py:190} INFO - [2026-02-25T15:46:57.692+0000] {dag.py:4180} INFO - Setting next_dagrun for example_subdag_operator to 2022-01-01 00:00:00+00:00, run_after=2022-01-01 00:00:00+00:00
[2026-02-25T15:46:57.694+0000] {logging_mixin.py:190} INFO - [2026-02-25T15:46:57.694+0000] {dag.py:4180} INFO - Setting next_dagrun for example_subdag_operator.section-1 to None, run_after=None
[2026-02-25T15:46:57.694+0000] {logging_mixin.py:190} INFO - [2026-02-25T15:46:57.694+0000] {dag.py:4180} INFO - Setting next_dagrun for example_subdag_operator.section-2 to None, run_after=None
[2026-02-25T15:46:57.697+0000] {logging_mixin.py:190} INFO - [2026-02-25T15:46:57.697+0000] {dag.py:3239} INFO - Sync 2 DAGs
[2026-02-25T15:46:57.700+0000] {logging_mixin.py:190} INFO - [2026-02-25T15:46:57.700+0000] {dag.py:4180} INFO - Setting next_dagrun for example_subdag_operator.section-1 to None, run_after=None
[2026-02-25T15:46:57.700+0000] {logging_mixin.py:190} INFO - [2026-02-25T15:46:57.700+0000] {dag.py:4180} INFO - Setting next_dagrun for example_subdag_operator.section-2 to None, run_after=None
[2026-02-25T15:46:57.711+0000] {processor.py:208} INFO - Processing /home/ubuntu/airflow-venv/lib/python3.12/site-packages/airflow/example_dags/example_subdag_operator.py took 0.059 seconds
[2026-02-25T15:47:48.756+0000] {processor.py:186} INFO - Started process (PID=2818) to work on /home/ubuntu/airflow-venv/lib/python3.12/site-packages/airflow/example_dags/example_subdag_operator.py
[2026-02-25T15:47:48.758+0000] {processor.py:914} INFO - Processing file /home/ubuntu/airflow-venv/lib/python3.12/site-packages/airflow/example_dags/example_subdag_operator.py for tasks to queue
[2026-02-25T15:47:48.759+0000] {logging_mixin.py:190} INFO - [2026-02-25T15:47:48.759+0000] {dagbag.py:588} INFO - Filling up the DagBag from /home/ubuntu/airflow-venv/lib/python3.12/site-packages/airflow/example_dags/example_subdag_operator.py
[2026-02-25T15:47:48.772+0000] {processor.py:925} INFO - DAG(s) 'example_subdag_operator.section-1', 'example_subdag_operator.section-2', 'example_subdag_operator' retrieved from /home/ubuntu/airflow-venv/lib/python3.12/site-packages/airflow/example_dags/example_subdag_operator.py
[2026-02-25T15:47:48.781+0000] {logging_mixin.py:190} INFO - [2026-02-25T15:47:48.781+0000] {dag.py:3239} INFO - Sync 3 DAGs
[2026-02-25T15:47:48.792+0000] {logging_mixin.py:190} INFO - [2026-02-25T15:47:48.792+0000] {dag.py:4180} INFO - Setting next_dagrun for example_subdag_operator to 2022-01-01 00:00:00+00:00, run_after=2022-01-01 00:00:00+00:00
[2026-02-25T15:47:48.794+0000] {logging_mixin.py:190} INFO - [2026-02-25T15:47:48.794+0000] {dag.py:4180} INFO - Setting next_dagrun for example_subdag_operator.section-1 to None, run_after=None
[2026-02-25T15:47:48.794+0000] {logging_mixin.py:190} INFO - [2026-02-25T15:47:48.794+0000] {dag.py:4180} INFO - Setting next_dagrun for example_subdag_operator.section-2 to None, run_after=None
[2026-02-25T15:47:48.798+0000] {logging_mixin.py:190} INFO - [2026-02-25T15:47:48.797+0000] {dag.py:3239} INFO - Sync 2 DAGs
[2026-02-25T15:47:48.800+0000] {logging_mixin.py:190} INFO - [2026-02-25T15:47:48.800+0000] {dag.py:4180} INFO - Setting next_dagrun for example_subdag_operator.section-1 to None, run_after=None
[2026-02-25T15:47:48.800+0000] {logging_mixin.py:190} INFO - [2026-02-25T15:47:48.800+0000] {dag.py:4180} INFO - Setting next_dagrun for example_subdag_operator.section-2 to None, run_after=None
[2026-02-25T15:47:48.812+0000] {processor.py:208} INFO - Processing /home/ubuntu/airflow-venv/lib/python3.12/site-packages/airflow/example_dags/example_subdag_operator.py took 0.059 seconds
[2026-02-25T15:48:39.217+0000] {processor.py:186} INFO - Started process (PID=2873) to work on /home/ubuntu/airflow-venv/lib/python3.12/site-packages/airflow/example_dags/example_subdag_operator.py
[2026-02-25T15:48:39.219+0000] {processor.py:914} INFO - Processing file /home/ubuntu/airflow-venv/lib/python3.12/site-packages/airflow/example_dags/example_subdag_operator.py for tasks to queue
[2026-02-25T15:48:39.220+0000] {logging_mixin.py:190} INFO - [2026-02-25T15:48:39.220+0000] {dagbag.py:588} INFO - Filling up the DagBag from /home/ubuntu/airflow-venv/lib/python3.12/site-packages/airflow/example_dags/example_subdag_operator.py
[2026-02-25T15:48:39.233+0000] {processor.py:925} INFO - DAG(s) 'example_subdag_operator.section-1', 'example_subdag_operator.section-2', 'example_subdag_operator' retrieved from /home/ubuntu/airflow-venv/lib/python3.12/site-packages/airflow/example_dags/example_subdag_operator.py
[2026-02-25T15:48:39.242+0000] {logging_mixin.py:190} INFO - [2026-02-25T15:48:39.241+0000] {dag.py:3239} INFO - Sync 3 DAGs
[2026-02-25T15:48:39.253+0000] {logging_mixin.py:190} INFO - [2026-02-25T15:48:39.252+0000] {dag.py:4180} INFO - Setting next_dagrun for example_subdag_operator to 2022-01-01 00:00:00+00:00, run_after=2022-01-01 00:00:00+00:00
[2026-02-25T15:48:39.254+0000] {logging_mixin.py:190} INFO - [2026-02-25T15:48:39.254+0000] {dag.py:4180} INFO - Setting next_dagrun for example_subdag_operator.section-1 to None, run_after=None
[2026-02-25T15:48:39.255+0000] {logging_mixin.py:190} INFO - [2026-02-25T15:48:39.255+0000] {dag.py:4180} INFO - Setting next_dagrun for example_subdag_operator.section-2 to None, run_after=None
[2026-02-25T15:48:39.258+0000] {logging_mixin.py:190} INFO - [2026-02-25T15:48:39.258+0000] {dag.py:3239} INFO - Sync 2 DAGs
[2026-02-25T15:48:39.260+0000] {logging_mixin.py:190} INFO - [2026-02-25T15:48:39.260+0000] {dag.py:4180} INFO - Setting next_dagrun for example_subdag_operator.section-1 to None, run_after=None
[2026-02-25T15:48:39.260+0000] {logging_mixin.py:190} INFO - [2026-02-25T15:48:39.260+0000] {dag.py:4180} INFO - Setting next_dagrun for example_subdag_operator.section-2 to None, run_after=None
[2026-02-25T15:48:39.272+0000] {processor.py:208} INFO - Processing /home/ubuntu/airflow-venv/lib/python3.12/site-packages/airflow/example_dags/example_subdag_operator.py took 0.058 seconds
[2026-02-25T15:49:28.274+0000] {processor.py:186} INFO - Started process (PID=2927) to work on /home/ubuntu/airflow-venv/lib/python3.12/site-packages/airflow/example_dags/example_subdag_operator.py
[2026-02-25T15:49:28.275+0000] {processor.py:914} INFO - Processing file /home/ubuntu/airflow-venv/lib/python3.12/site-packages/airflow/example_dags/example_subdag_operator.py for tasks to queue
[2026-02-25T15:49:28.276+0000] {logging_mixin.py:190} INFO - [2026-02-25T15:49:28.276+0000] {dagbag.py:588} INFO - Filling up the DagBag from /home/ubuntu/airflow-venv/lib/python3.12/site-packages/airflow/example_dags/example_subdag_operator.py
[2026-02-25T15:49:28.290+0000] {processor.py:925} INFO - DAG(s) 'example_subdag_operator.section-1', 'example_subdag_operator.section-2', 'example_subdag_operator' retrieved from /home/ubuntu/airflow-venv/lib/python3.12/site-packages/airflow/example_dags/example_subdag_operator.py
[2026-02-25T15:49:28.298+0000] {logging_mixin.py:190} INFO - [2026-02-25T15:49:28.298+0000] {dag.py:3239} INFO - Sync 3 DAGs
[2026-02-25T15:49:28.309+0000] {logging_mixin.py:190} INFO - [2026-02-25T15:49:28.309+0000] {dag.py:4180} INFO - Setting next_dagrun for example_subdag_operator to 2022-01-01 00:00:00+00:00, run_after=2022-01-01 00:00:00+00:00
[2026-02-25T15:49:28.311+0000] {logging_mixin.py:190} INFO - [2026-02-25T15:49:28.311+0000] {dag.py:4180} INFO - Setting next_dagrun for example_subdag_operator.section-1 to None, run_after=None
[2026-02-25T15:49:28.312+0000] {logging_mixin.py:190} INFO - [2026-02-25T15:49:28.312+0000] {dag.py:4180} INFO - Setting next_dagrun for example_subdag_operator.section-2 to None, run_after=None
[2026-02-25T15:49:28.316+0000] {logging_mixin.py:190} INFO - [2026-02-25T15:49:28.316+0000] {dag.py:3239} INFO - Sync 2 DAGs
[2026-02-25T15:49:28.384+0000] {logging_mixin.py:190} INFO - [2026-02-25T15:49:28.384+0000] {dag.py:4180} INFO - Setting next_dagrun for example_subdag_operator.section-1 to None, run_after=None
[2026-02-25T15:49:28.384+0000] {logging_mixin.py:190} INFO - [2026-02-25T15:49:28.384+0000] {dag.py:4180} INFO - Setting next_dagrun for example_subdag_operator.section-2 to None, run_after=None
[2026-02-25T15:49:28.396+0000] {processor.py:208} INFO - Processing /home/ubuntu/airflow-venv/lib/python3.12/site-packages/airflow/example_dags/example_subdag_operator.py took 0.126 seconds
[2026-02-25T15:50:20.207+0000] {processor.py:186} INFO - Started process (PID=2983) to work on /home/ubuntu/airflow-venv/lib/python3.12/site-packages/airflow/example_dags/example_subdag_operator.py
[2026-02-25T15:50:20.209+0000] {processor.py:914} INFO - Processing file /home/ubuntu/airflow-venv/lib/python3.12/site-packages/airflow/example_dags/example_subdag_operator.py for tasks to queue
[2026-02-25T15:50:20.210+0000] {logging_mixin.py:190} INFO - [2026-02-25T15:50:20.210+0000] {dagbag.py:588} INFO - Filling up the DagBag from /home/ubuntu/airflow-venv/lib/python3.12/site-packages/airflow/example_dags/example_subdag_operator.py
[2026-02-25T15:50:20.223+0000] {processor.py:925} INFO - DAG(s) 'example_subdag_operator.section-1', 'example_subdag_operator.section-2', 'example_subdag_operator' retrieved from /home/ubuntu/airflow-venv/lib/python3.12/site-packages/airflow/example_dags/example_subdag_operator.py
[2026-02-25T15:50:20.297+0000] {logging_mixin.py:190} INFO - [2026-02-25T15:50:20.297+0000] {dag.py:3239} INFO - Sync 3 DAGs
[2026-02-25T15:50:20.306+0000] {logging_mixin.py:190} INFO - [2026-02-25T15:50:20.306+0000] {dag.py:4180} INFO - Setting next_dagrun for example_subdag_operator to 2022-01-01 00:00:00+00:00, run_after=2022-01-01 00:00:00+00:00
[2026-02-25T15:50:20.308+0000] {logging_mixin.py:190} INFO - [2026-02-25T15:50:20.308+0000] {dag.py:4180} INFO - Setting next_dagrun for example_subdag_operator.section-1 to None, run_after=None
[2026-02-25T15:50:20.309+0000] {logging_mixin.py:190} INFO - [2026-02-25T15:50:20.309+0000] {dag.py:4180} INFO - Setting next_dagrun for example_subdag_operator.section-2 to None, run_after=None
[2026-02-25T15:50:20.312+0000] {logging_mixin.py:190} INFO - [2026-02-25T15:50:20.312+0000] {dag.py:3239} INFO - Sync 2 DAGs
[2026-02-25T15:50:20.314+0000] {logging_mixin.py:190} INFO - [2026-02-25T15:50:20.314+0000] {dag.py:4180} INFO - Setting next_dagrun for example_subdag_operator.section-1 to None, run_after=None
[2026-02-25T15:50:20.314+0000] {logging_mixin.py:190} INFO - [2026-02-25T15:50:20.314+0000] {dag.py:4180} INFO - Setting next_dagrun for example_subdag_operator.section-2 to None, run_after=None
[2026-02-25T15:50:20.326+0000] {processor.py:208} INFO - Processing /home/ubuntu/airflow-venv/lib/python3.12/site-packages/airflow/example_dags/example_subdag_operator.py took 0.121 seconds
[2026-02-25T15:51:15.257+0000] {processor.py:186} INFO - Started process (PID=3037) to work on /home/ubuntu/airflow-venv/lib/python3.12/site-packages/airflow/example_dags/example_subdag_operator.py
[2026-02-25T15:51:15.258+0000] {processor.py:914} INFO - Processing file /home/ubuntu/airflow-venv/lib/python3.12/site-packages/airflow/example_dags/example_subdag_operator.py for tasks to queue
[2026-02-25T15:51:15.259+0000] {logging_mixin.py:190} INFO - [2026-02-25T15:51:15.259+0000] {dagbag.py:588} INFO - Filling up the DagBag from /home/ubuntu/airflow-venv/lib/python3.12/site-packages/airflow/example_dags/example_subdag_operator.py
[2026-02-25T15:51:15.274+0000] {processor.py:925} INFO - DAG(s) 'example_subdag_operator.section-1', 'example_subdag_operator.section-2', 'example_subdag_operator' retrieved from /home/ubuntu/airflow-venv/lib/python3.12/site-packages/airflow/example_dags/example_subdag_operator.py
[2026-02-25T15:51:15.282+0000] {logging_mixin.py:190} INFO - [2026-02-25T15:51:15.282+0000] {dag.py:3239} INFO - Sync 3 DAGs
[2026-02-25T15:51:15.295+0000] {logging_mixin.py:190} INFO - [2026-02-25T15:51:15.294+0000] {dag.py:4180} INFO - Setting next_dagrun for example_subdag_operator to 2022-01-01 00:00:00+00:00, run_after=2022-01-01 00:00:00+00:00
[2026-02-25T15:51:15.297+0000] {logging_mixin.py:190} INFO - [2026-02-25T15:51:15.296+0000] {dag.py:4180} INFO - Setting next_dagrun for example_subdag_operator.section-1 to None, run_after=None
[2026-02-25T15:51:15.297+0000] {logging_mixin.py:190} INFO - [2026-02-25T15:51:15.297+0000] {dag.py:4180} INFO - Setting next_dagrun for example_subdag_operator.section-2 to None, run_after=None
[2026-02-25T15:51:15.300+0000] {logging_mixin.py:190} INFO - [2026-02-25T15:51:15.300+0000] {dag.py:3239} INFO - Sync 2 DAGs
[2026-02-25T15:51:15.303+0000] {logging_mixin.py:190} INFO - [2026-02-25T15:51:15.302+0000] {dag.py:4180} INFO - Setting next_dagrun for example_subdag_operator.section-1 to None, run_after=None
[2026-02-25T15:51:15.303+0000] {logging_mixin.py:190} INFO - [2026-02-25T15:51:15.303+0000] {dag.py:4180} INFO - Setting next_dagrun for example_subdag_operator.section-2 to None, run_after=None
[2026-02-25T15:51:15.315+0000] {processor.py:208} INFO - Processing /home/ubuntu/airflow-venv/lib/python3.12/site-packages/airflow/example_dags/example_subdag_operator.py took 0.062 seconds
[2026-02-25T15:52:05.350+0000] {processor.py:186} INFO - Started process (PID=3089) to work on /home/ubuntu/airflow-venv/lib/python3.12/site-packages/airflow/example_dags/example_subdag_operator.py
[2026-02-25T15:52:05.352+0000] {processor.py:914} INFO - Processing file /home/ubuntu/airflow-venv/lib/python3.12/site-packages/airflow/example_dags/example_subdag_operator.py for tasks to queue
[2026-02-25T15:52:05.353+0000] {logging_mixin.py:190} INFO - [2026-02-25T15:52:05.353+0000] {dagbag.py:588} INFO - Filling up the DagBag from /home/ubuntu/airflow-venv/lib/python3.12/site-packages/airflow/example_dags/example_subdag_operator.py
[2026-02-25T15:52:05.367+0000] {processor.py:925} INFO - DAG(s) 'example_subdag_operator.section-1', 'example_subdag_operator.section-2', 'example_subdag_operator' retrieved from /home/ubuntu/airflow-venv/lib/python3.12/site-packages/airflow/example_dags/example_subdag_operator.py
[2026-02-25T15:52:05.375+0000] {logging_mixin.py:190} INFO - [2026-02-25T15:52:05.375+0000] {dag.py:3239} INFO - Sync 3 DAGs
[2026-02-25T15:52:05.387+0000] {logging_mixin.py:190} INFO - [2026-02-25T15:52:05.387+0000] {dag.py:4180} INFO - Setting next_dagrun for example_subdag_operator to 2022-01-01 00:00:00+00:00, run_after=2022-01-01 00:00:00+00:00
[2026-02-25T15:52:05.389+0000] {logging_mixin.py:190} INFO - [2026-02-25T15:52:05.389+0000] {dag.py:4180} INFO - Setting next_dagrun for example_subdag_operator.section-1 to None, run_after=None
[2026-02-25T15:52:05.390+0000] {logging_mixin.py:190} INFO - [2026-02-25T15:52:05.390+0000] {dag.py:4180} INFO - Setting next_dagrun for example_subdag_operator.section-2 to None, run_after=None
[2026-02-25T15:52:05.393+0000] {logging_mixin.py:190} INFO - [2026-02-25T15:52:05.393+0000] {dag.py:3239} INFO - Sync 2 DAGs
[2026-02-25T15:52:05.396+0000] {logging_mixin.py:190} INFO - [2026-02-25T15:52:05.395+0000] {dag.py:4180} INFO - Setting next_dagrun for example_subdag_operator.section-1 to None, run_after=None
[2026-02-25T15:52:05.396+0000] {logging_mixin.py:190} INFO - [2026-02-25T15:52:05.396+0000] {dag.py:4180} INFO - Setting next_dagrun for example_subdag_operator.section-2 to None, run_after=None
[2026-02-25T15:52:05.408+0000] {processor.py:208} INFO - Processing /home/ubuntu/airflow-venv/lib/python3.12/site-packages/airflow/example_dags/example_subdag_operator.py took 0.061 seconds
[2026-02-25T15:52:53.972+0000] {processor.py:186} INFO - Started process (PID=3144) to work on /home/ubuntu/airflow-venv/lib/python3.12/site-packages/airflow/example_dags/example_subdag_operator.py
[2026-02-25T15:52:53.973+0000] {processor.py:914} INFO - Processing file /home/ubuntu/airflow-venv/lib/python3.12/site-packages/airflow/example_dags/example_subdag_operator.py for tasks to queue
[2026-02-25T15:52:53.974+0000] {logging_mixin.py:190} INFO - [2026-02-25T15:52:53.974+0000] {dagbag.py:588} INFO - Filling up the DagBag from /home/ubuntu/airflow-venv/lib/python3.12/site-packages/airflow/example_dags/example_subdag_operator.py
[2026-02-25T15:52:53.988+0000] {processor.py:925} INFO - DAG(s) 'example_subdag_operator.section-1', 'example_subdag_operator.section-2', 'example_subdag_operator' retrieved from /home/ubuntu/airflow-venv/lib/python3.12/site-packages/airflow/example_dags/example_subdag_operator.py
[2026-02-25T15:52:53.997+0000] {logging_mixin.py:190} INFO - [2026-02-25T15:52:53.997+0000] {dag.py:3239} INFO - Sync 3 DAGs
[2026-02-25T15:52:54.008+0000] {logging_mixin.py:190} INFO - [2026-02-25T15:52:54.008+0000] {dag.py:4180} INFO - Setting next_dagrun for example_subdag_operator to 2022-01-01 00:00:00+00:00, run_after=2022-01-01 00:00:00+00:00
[2026-02-25T15:52:54.010+0000] {logging_mixin.py:190} INFO - [2026-02-25T15:52:54.010+0000] {dag.py:4180} INFO - Setting next_dagrun for example_subdag_operator.section-1 to None, run_after=None
[2026-02-25T15:52:54.011+0000] {logging_mixin.py:190} INFO - [2026-02-25T15:52:54.011+0000] {dag.py:4180} INFO - Setting next_dagrun for example_subdag_operator.section-2 to None, run_after=None
[2026-02-25T15:52:54.014+0000] {logging_mixin.py:190} INFO - [2026-02-25T15:52:54.014+0000] {dag.py:3239} INFO - Sync 2 DAGs
[2026-02-25T15:52:54.016+0000] {logging_mixin.py:190} INFO - [2026-02-25T15:52:54.016+0000] {dag.py:4180} INFO - Setting next_dagrun for example_subdag_operator.section-1 to None, run_after=None
[2026-02-25T15:52:54.017+0000] {logging_mixin.py:190} INFO - [2026-02-25T15:52:54.017+0000] {dag.py:4180} INFO - Setting next_dagrun for example_subdag_operator.section-2 to None, run_after=None
[2026-02-25T15:52:54.029+0000] {processor.py:208} INFO - Processing /home/ubuntu/airflow-venv/lib/python3.12/site-packages/airflow/example_dags/example_subdag_operator.py took 0.061 seconds
[2026-02-25T15:53:45.286+0000] {processor.py:186} INFO - Started process (PID=3196) to work on /home/ubuntu/airflow-venv/lib/python3.12/site-packages/airflow/example_dags/example_subdag_operator.py
[2026-02-25T15:53:45.287+0000] {processor.py:914} INFO - Processing file /home/ubuntu/airflow-venv/lib/python3.12/site-packages/airflow/example_dags/example_subdag_operator.py for tasks to queue
[2026-02-25T15:53:45.288+0000] {logging_mixin.py:190} INFO - [2026-02-25T15:53:45.288+0000] {dagbag.py:588} INFO - Filling up the DagBag from /home/ubuntu/airflow-venv/lib/python3.12/site-packages/airflow/example_dags/example_subdag_operator.py
[2026-02-25T15:53:45.302+0000] {processor.py:925} INFO - DAG(s) 'example_subdag_operator.section-1', 'example_subdag_operator.section-2', 'example_subdag_operator' retrieved from /home/ubuntu/airflow-venv/lib/python3.12/site-packages/airflow/example_dags/example_subdag_operator.py
[2026-02-25T15:53:45.311+0000] {logging_mixin.py:190} INFO - [2026-02-25T15:53:45.311+0000] {dag.py:3239} INFO - Sync 3 DAGs
[2026-02-25T15:53:45.323+0000] {logging_mixin.py:190} INFO - [2026-02-25T15:53:45.323+0000] {dag.py:4180} INFO - Setting next_dagrun for example_subdag_operator to 2022-01-01 00:00:00+00:00, run_after=2022-01-01 00:00:00+00:00
[2026-02-25T15:53:45.325+0000] {logging_mixin.py:190} INFO - [2026-02-25T15:53:45.325+0000] {dag.py:4180} INFO - Setting next_dagrun for example_subdag_operator.section-1 to None, run_after=None
[2026-02-25T15:53:45.325+0000] {logging_mixin.py:190} INFO - [2026-02-25T15:53:45.325+0000] {dag.py:4180} INFO - Setting next_dagrun for example_subdag_operator.section-2 to None, run_after=None
[2026-02-25T15:53:45.329+0000] {logging_mixin.py:190} INFO - [2026-02-25T15:53:45.328+0000] {dag.py:3239} INFO - Sync 2 DAGs
[2026-02-25T15:53:45.331+0000] {logging_mixin.py:190} INFO - [2026-02-25T15:53:45.331+0000] {dag.py:4180} INFO - Setting next_dagrun for example_subdag_operator.section-1 to None, run_after=None
[2026-02-25T15:53:45.331+0000] {logging_mixin.py:190} INFO - [2026-02-25T15:53:45.331+0000] {dag.py:4180} INFO - Setting next_dagrun for example_subdag_operator.section-2 to None, run_after=None
[2026-02-25T15:53:45.342+0000] {processor.py:208} INFO - Processing /home/ubuntu/airflow-venv/lib/python3.12/site-packages/airflow/example_dags/example_subdag_operator.py took 0.060 seconds
[2026-02-25T15:54:31.242+0000] {processor.py:186} INFO - Started process (PID=3263) to work on /home/ubuntu/airflow-venv/lib/python3.12/site-packages/airflow/example_dags/example_subdag_operator.py
[2026-02-25T15:54:31.243+0000] {processor.py:914} INFO - Processing file /home/ubuntu/airflow-venv/lib/python3.12/site-packages/airflow/example_dags/example_subdag_operator.py for tasks to queue
[2026-02-25T15:54:31.244+0000] {logging_mixin.py:190} INFO - [2026-02-25T15:54:31.244+0000] {dagbag.py:588} INFO - Filling up the DagBag from /home/ubuntu/airflow-venv/lib/python3.12/site-packages/airflow/example_dags/example_subdag_operator.py
[2026-02-25T15:54:31.258+0000] {processor.py:925} INFO - DAG(s) 'example_subdag_operator.section-1', 'example_subdag_operator.section-2', 'example_subdag_operator' retrieved from /home/ubuntu/airflow-venv/lib/python3.12/site-packages/airflow/example_dags/example_subdag_operator.py
[2026-02-25T15:54:31.266+0000] {logging_mixin.py:190} INFO - [2026-02-25T15:54:31.266+0000] {dag.py:3239} INFO - Sync 3 DAGs
[2026-02-25T15:54:31.278+0000] {logging_mixin.py:190} INFO - [2026-02-25T15:54:31.278+0000] {dag.py:4180} INFO - Setting next_dagrun for example_subdag_operator to 2022-01-01 00:00:00+00:00, run_after=2022-01-01 00:00:00+00:00
[2026-02-25T15:54:31.280+0000] {logging_mixin.py:190} INFO - [2026-02-25T15:54:31.279+0000] {dag.py:4180} INFO - Setting next_dagrun for example_subdag_operator.section-1 to None, run_after=None
[2026-02-25T15:54:31.280+0000] {logging_mixin.py:190} INFO - [2026-02-25T15:54:31.280+0000] {dag.py:4180} INFO - Setting next_dagrun for example_subdag_operator.section-2 to None, run_after=None
[2026-02-25T15:54:31.283+0000] {logging_mixin.py:190} INFO - [2026-02-25T15:54:31.283+0000] {dag.py:3239} INFO - Sync 2 DAGs
[2026-02-25T15:54:31.286+0000] {logging_mixin.py:190} INFO - [2026-02-25T15:54:31.286+0000] {dag.py:4180} INFO - Setting next_dagrun for example_subdag_operator.section-1 to None, run_after=None
[2026-02-25T15:54:31.286+0000] {logging_mixin.py:190} INFO - [2026-02-25T15:54:31.286+0000] {dag.py:4180} INFO - Setting next_dagrun for example_subdag_operator.section-2 to None, run_after=None
[2026-02-25T15:54:31.298+0000] {processor.py:208} INFO - Processing /home/ubuntu/airflow-venv/lib/python3.12/site-packages/airflow/example_dags/example_subdag_operator.py took 0.060 seconds
[2026-02-25T15:55:21.892+0000] {processor.py:186} INFO - Started process (PID=3320) to work on /home/ubuntu/airflow-venv/lib/python3.12/site-packages/airflow/example_dags/example_subdag_operator.py
[2026-02-25T15:55:21.893+0000] {processor.py:914} INFO - Processing file /home/ubuntu/airflow-venv/lib/python3.12/site-packages/airflow/example_dags/example_subdag_operator.py for tasks to queue
[2026-02-25T15:55:21.895+0000] {logging_mixin.py:190} INFO - [2026-02-25T15:55:21.894+0000] {dagbag.py:588} INFO - Filling up the DagBag from /home/ubuntu/airflow-venv/lib/python3.12/site-packages/airflow/example_dags/example_subdag_operator.py
[2026-02-25T15:55:21.909+0000] {processor.py:925} INFO - DAG(s) 'example_subdag_operator.section-1', 'example_subdag_operator.section-2', 'example_subdag_operator' retrieved from /home/ubuntu/airflow-venv/lib/python3.12/site-packages/airflow/example_dags/example_subdag_operator.py
[2026-02-25T15:55:21.917+0000] {logging_mixin.py:190} INFO - [2026-02-25T15:55:21.917+0000] {dag.py:3239} INFO - Sync 3 DAGs
[2026-02-25T15:55:21.929+0000] {logging_mixin.py:190} INFO - [2026-02-25T15:55:21.929+0000] {dag.py:4180} INFO - Setting next_dagrun for example_subdag_operator to 2022-01-01 00:00:00+00:00, run_after=2022-01-01 00:00:00+00:00
[2026-02-25T15:55:21.931+0000] {logging_mixin.py:190} INFO - [2026-02-25T15:55:21.931+0000] {dag.py:4180} INFO - Setting next_dagrun for example_subdag_operator.section-1 to None, run_after=None
[2026-02-25T15:55:21.931+0000] {logging_mixin.py:190} INFO - [2026-02-25T15:55:21.931+0000] {dag.py:4180} INFO - Setting next_dagrun for example_subdag_operator.section-2 to None, run_after=None
[2026-02-25T15:55:21.935+0000] {logging_mixin.py:190} INFO - [2026-02-25T15:55:21.935+0000] {dag.py:3239} INFO - Sync 2 DAGs
[2026-02-25T15:55:21.937+0000] {logging_mixin.py:190} INFO - [2026-02-25T15:55:21.937+0000] {dag.py:4180} INFO - Setting next_dagrun for example_subdag_operator.section-1 to None, run_after=None
[2026-02-25T15:55:21.937+0000] {logging_mixin.py:190} INFO - [2026-02-25T15:55:21.937+0000] {dag.py:4180} INFO - Setting next_dagrun for example_subdag_operator.section-2 to None, run_after=None
[2026-02-25T15:55:21.949+0000] {processor.py:208} INFO - Processing /home/ubuntu/airflow-venv/lib/python3.12/site-packages/airflow/example_dags/example_subdag_operator.py took 0.061 seconds
[2026-02-25T15:56:11.991+0000] {processor.py:186} INFO - Started process (PID=3379) to work on /home/ubuntu/airflow-venv/lib/python3.12/site-packages/airflow/example_dags/example_subdag_operator.py
[2026-02-25T15:56:11.993+0000] {processor.py:914} INFO - Processing file /home/ubuntu/airflow-venv/lib/python3.12/site-packages/airflow/example_dags/example_subdag_operator.py for tasks to queue
[2026-02-25T15:56:11.994+0000] {logging_mixin.py:190} INFO - [2026-02-25T15:56:11.994+0000] {dagbag.py:588} INFO - Filling up the DagBag from /home/ubuntu/airflow-venv/lib/python3.12/site-packages/airflow/example_dags/example_subdag_operator.py
[2026-02-25T15:56:12.008+0000] {processor.py:925} INFO - DAG(s) 'example_subdag_operator.section-1', 'example_subdag_operator.section-2', 'example_subdag_operator' retrieved from /home/ubuntu/airflow-venv/lib/python3.12/site-packages/airflow/example_dags/example_subdag_operator.py
[2026-02-25T15:56:12.017+0000] {logging_mixin.py:190} INFO - [2026-02-25T15:56:12.016+0000] {dag.py:3239} INFO - Sync 3 DAGs
[2026-02-25T15:56:12.028+0000] {logging_mixin.py:190} INFO - [2026-02-25T15:56:12.028+0000] {dag.py:4180} INFO - Setting next_dagrun for example_subdag_operator to 2022-01-01 00:00:00+00:00, run_after=2022-01-01 00:00:00+00:00
[2026-02-25T15:56:12.030+0000] {logging_mixin.py:190} INFO - [2026-02-25T15:56:12.030+0000] {dag.py:4180} INFO - Setting next_dagrun for example_subdag_operator.section-1 to None, run_after=None
[2026-02-25T15:56:12.032+0000] {logging_mixin.py:190} INFO - [2026-02-25T15:56:12.031+0000] {dag.py:4180} INFO - Setting next_dagrun for example_subdag_operator.section-2 to None, run_after=None
[2026-02-25T15:56:12.035+0000] {logging_mixin.py:190} INFO - [2026-02-25T15:56:12.035+0000] {dag.py:3239} INFO - Sync 2 DAGs
[2026-02-25T15:56:12.037+0000] {logging_mixin.py:190} INFO - [2026-02-25T15:56:12.037+0000] {dag.py:4180} INFO - Setting next_dagrun for example_subdag_operator.section-1 to None, run_after=None
[2026-02-25T15:56:12.037+0000] {logging_mixin.py:190} INFO - [2026-02-25T15:56:12.037+0000] {dag.py:4180} INFO - Setting next_dagrun for example_subdag_operator.section-2 to None, run_after=None
[2026-02-25T15:56:12.050+0000] {processor.py:208} INFO - Processing /home/ubuntu/airflow-venv/lib/python3.12/site-packages/airflow/example_dags/example_subdag_operator.py took 0.062 seconds
[2026-02-25T15:57:03.644+0000] {processor.py:186} INFO - Started process (PID=3439) to work on /home/ubuntu/airflow-venv/lib/python3.12/site-packages/airflow/example_dags/example_subdag_operator.py
[2026-02-25T15:57:03.645+0000] {processor.py:914} INFO - Processing file /home/ubuntu/airflow-venv/lib/python3.12/site-packages/airflow/example_dags/example_subdag_operator.py for tasks to queue
[2026-02-25T15:57:03.647+0000] {logging_mixin.py:190} INFO - [2026-02-25T15:57:03.646+0000] {dagbag.py:588} INFO - Filling up the DagBag from /home/ubuntu/airflow-venv/lib/python3.12/site-packages/airflow/example_dags/example_subdag_operator.py
[2026-02-25T15:57:03.661+0000] {processor.py:925} INFO - DAG(s) 'example_subdag_operator.section-1', 'example_subdag_operator.section-2', 'example_subdag_operator' retrieved from /home/ubuntu/airflow-venv/lib/python3.12/site-packages/airflow/example_dags/example_subdag_operator.py
[2026-02-25T15:57:03.669+0000] {logging_mixin.py:190} INFO - [2026-02-25T15:57:03.669+0000] {dag.py:3239} INFO - Sync 3 DAGs
[2026-02-25T15:57:03.680+0000] {logging_mixin.py:190} INFO - [2026-02-25T15:57:03.680+0000] {dag.py:4180} INFO - Setting next_dagrun for example_subdag_operator to 2022-01-01 00:00:00+00:00, run_after=2022-01-01 00:00:00+00:00
[2026-02-25T15:57:03.682+0000] {logging_mixin.py:190} INFO - [2026-02-25T15:57:03.682+0000] {dag.py:4180} INFO - Setting next_dagrun for example_subdag_operator.section-1 to None, run_after=None
[2026-02-25T15:57:03.683+0000] {logging_mixin.py:190} INFO - [2026-02-25T15:57:03.683+0000] {dag.py:4180} INFO - Setting next_dagrun for example_subdag_operator.section-2 to None, run_after=None
[2026-02-25T15:57:03.686+0000] {logging_mixin.py:190} INFO - [2026-02-25T15:57:03.686+0000] {dag.py:3239} INFO - Sync 2 DAGs
[2026-02-25T15:57:03.688+0000] {logging_mixin.py:190} INFO - [2026-02-25T15:57:03.688+0000] {dag.py:4180} INFO - Setting next_dagrun for example_subdag_operator.section-1 to None, run_after=None
[2026-02-25T15:57:03.688+0000] {logging_mixin.py:190} INFO - [2026-02-25T15:57:03.688+0000] {dag.py:4180} INFO - Setting next_dagrun for example_subdag_operator.section-2 to None, run_after=None
[2026-02-25T15:57:03.700+0000] {processor.py:208} INFO - Processing /home/ubuntu/airflow-venv/lib/python3.12/site-packages/airflow/example_dags/example_subdag_operator.py took 0.059 seconds
[2026-02-25T15:57:52.579+0000] {processor.py:186} INFO - Started process (PID=3489) to work on /home/ubuntu/airflow-venv/lib/python3.12/site-packages/airflow/example_dags/example_subdag_operator.py
[2026-02-25T15:57:52.580+0000] {processor.py:914} INFO - Processing file /home/ubuntu/airflow-venv/lib/python3.12/site-packages/airflow/example_dags/example_subdag_operator.py for tasks to queue
[2026-02-25T15:57:52.581+0000] {logging_mixin.py:190} INFO - [2026-02-25T15:57:52.581+0000] {dagbag.py:588} INFO - Filling up the DagBag from /home/ubuntu/airflow-venv/lib/python3.12/site-packages/airflow/example_dags/example_subdag_operator.py
[2026-02-25T15:57:52.595+0000] {processor.py:925} INFO - DAG(s) 'example_subdag_operator.section-1', 'example_subdag_operator.section-2', 'example_subdag_operator' retrieved from /home/ubuntu/airflow-venv/lib/python3.12/site-packages/airflow/example_dags/example_subdag_operator.py
[2026-02-25T15:57:52.603+0000] {logging_mixin.py:190} INFO - [2026-02-25T15:57:52.603+0000] {dag.py:3239} INFO - Sync 3 DAGs
[2026-02-25T15:57:52.615+0000] {logging_mixin.py:190} INFO - [2026-02-25T15:57:52.615+0000] {dag.py:4180} INFO - Setting next_dagrun for example_subdag_operator to 2022-01-01 00:00:00+00:00, run_after=2022-01-01 00:00:00+00:00
[2026-02-25T15:57:52.617+0000] {logging_mixin.py:190} INFO - [2026-02-25T15:57:52.617+0000] {dag.py:4180} INFO - Setting next_dagrun for example_subdag_operator.section-1 to None, run_after=None
[2026-02-25T15:57:52.618+0000] {logging_mixin.py:190} INFO - [2026-02-25T15:57:52.617+0000] {dag.py:4180} INFO - Setting next_dagrun for example_subdag_operator.section-2 to None, run_after=None
[2026-02-25T15:57:52.621+0000] {logging_mixin.py:190} INFO - [2026-02-25T15:57:52.621+0000] {dag.py:3239} INFO - Sync 2 DAGs
[2026-02-25T15:57:52.623+0000] {logging_mixin.py:190} INFO - [2026-02-25T15:57:52.623+0000] {dag.py:4180} INFO - Setting next_dagrun for example_subdag_operator.section-1 to None, run_after=None
[2026-02-25T15:57:52.623+0000] {logging_mixin.py:190} INFO - [2026-02-25T15:57:52.623+0000] {dag.py:4180} INFO - Setting next_dagrun for example_subdag_operator.section-2 to None, run_after=None
[2026-02-25T15:57:52.635+0000] {processor.py:208} INFO - Processing /home/ubuntu/airflow-venv/lib/python3.12/site-packages/airflow/example_dags/example_subdag_operator.py took 0.060 seconds
[2026-02-25T15:58:41.932+0000] {processor.py:186} INFO - Started process (PID=3542) to work on /home/ubuntu/airflow-venv/lib/python3.12/site-packages/airflow/example_dags/example_subdag_operator.py
[2026-02-25T15:58:41.933+0000] {processor.py:914} INFO - Processing file /home/ubuntu/airflow-venv/lib/python3.12/site-packages/airflow/example_dags/example_subdag_operator.py for tasks to queue
[2026-02-25T15:58:41.934+0000] {logging_mixin.py:190} INFO - [2026-02-25T15:58:41.934+0000] {dagbag.py:588} INFO - Filling up the DagBag from /home/ubuntu/airflow-venv/lib/python3.12/site-packages/airflow/example_dags/example_subdag_operator.py
[2026-02-25T15:58:41.949+0000] {processor.py:925} INFO - DAG(s) 'example_subdag_operator.section-1', 'example_subdag_operator.section-2', 'example_subdag_operator' retrieved from /home/ubuntu/airflow-venv/lib/python3.12/site-packages/airflow/example_dags/example_subdag_operator.py
[2026-02-25T15:58:41.957+0000] {logging_mixin.py:190} INFO - [2026-02-25T15:58:41.957+0000] {dag.py:3239} INFO - Sync 3 DAGs
[2026-02-25T15:58:41.968+0000] {logging_mixin.py:190} INFO - [2026-02-25T15:58:41.968+0000] {dag.py:4180} INFO - Setting next_dagrun for example_subdag_operator to 2022-01-01 00:00:00+00:00, run_after=2022-01-01 00:00:00+00:00
[2026-02-25T15:58:41.970+0000] {logging_mixin.py:190} INFO - [2026-02-25T15:58:41.970+0000] {dag.py:4180} INFO - Setting next_dagrun for example_subdag_operator.section-1 to None, run_after=None
[2026-02-25T15:58:41.971+0000] {logging_mixin.py:190} INFO - [2026-02-25T15:58:41.971+0000] {dag.py:4180} INFO - Setting next_dagrun for example_subdag_operator.section-2 to None, run_after=None
[2026-02-25T15:58:41.974+0000] {logging_mixin.py:190} INFO - [2026-02-25T15:58:41.974+0000] {dag.py:3239} INFO - Sync 2 DAGs
[2026-02-25T15:58:41.977+0000] {logging_mixin.py:190} INFO - [2026-02-25T15:58:41.976+0000] {dag.py:4180} INFO - Setting next_dagrun for example_subdag_operator.section-1 to None, run_after=None
[2026-02-25T15:58:41.977+0000] {logging_mixin.py:190} INFO - [2026-02-25T15:58:41.977+0000] {dag.py:4180} INFO - Setting next_dagrun for example_subdag_operator.section-2 to None, run_after=None
[2026-02-25T15:58:41.989+0000] {processor.py:208} INFO - Processing /home/ubuntu/airflow-venv/lib/python3.12/site-packages/airflow/example_dags/example_subdag_operator.py took 0.061 seconds
[2026-02-25T15:59:31.568+0000] {processor.py:186} INFO - Started process (PID=3598) to work on /home/ubuntu/airflow-venv/lib/python3.12/site-packages/airflow/example_dags/example_subdag_operator.py
[2026-02-25T15:59:31.569+0000] {processor.py:914} INFO - Processing file /home/ubuntu/airflow-venv/lib/python3.12/site-packages/airflow/example_dags/example_subdag_operator.py for tasks to queue
[2026-02-25T15:59:31.571+0000] {logging_mixin.py:190} INFO - [2026-02-25T15:59:31.570+0000] {dagbag.py:588} INFO - Filling up the DagBag from /home/ubuntu/airflow-venv/lib/python3.12/site-packages/airflow/example_dags/example_subdag_operator.py
[2026-02-25T15:59:31.585+0000] {processor.py:925} INFO - DAG(s) 'example_subdag_operator.section-1', 'example_subdag_operator.section-2', 'example_subdag_operator' retrieved from /home/ubuntu/airflow-venv/lib/python3.12/site-packages/airflow/example_dags/example_subdag_operator.py
[2026-02-25T15:59:31.594+0000] {logging_mixin.py:190} INFO - [2026-02-25T15:59:31.594+0000] {dag.py:3239} INFO - Sync 3 DAGs
[2026-02-25T15:59:31.605+0000] {logging_mixin.py:190} INFO - [2026-02-25T15:59:31.605+0000] {dag.py:4180} INFO - Setting next_dagrun for example_subdag_operator to 2022-01-01 00:00:00+00:00, run_after=2022-01-01 00:00:00+00:00
[2026-02-25T15:59:31.607+0000] {logging_mixin.py:190} INFO - [2026-02-25T15:59:31.607+0000] {dag.py:4180} INFO - Setting next_dagrun for example_subdag_operator.section-1 to None, run_after=None
[2026-02-25T15:59:31.608+0000] {logging_mixin.py:190} INFO - [2026-02-25T15:59:31.608+0000] {dag.py:4180} INFO - Setting next_dagrun for example_subdag_operator.section-2 to None, run_after=None
[2026-02-25T15:59:31.611+0000] {logging_mixin.py:190} INFO - [2026-02-25T15:59:31.611+0000] {dag.py:3239} INFO - Sync 2 DAGs
[2026-02-25T15:59:31.613+0000] {logging_mixin.py:190} INFO - [2026-02-25T15:59:31.613+0000] {dag.py:4180} INFO - Setting next_dagrun for example_subdag_operator.section-1 to None, run_after=None
[2026-02-25T15:59:31.614+0000] {logging_mixin.py:190} INFO - [2026-02-25T15:59:31.614+0000] {dag.py:4180} INFO - Setting next_dagrun for example_subdag_operator.section-2 to None, run_after=None
[2026-02-25T15:59:31.625+0000] {processor.py:208} INFO - Processing /home/ubuntu/airflow-venv/lib/python3.12/site-packages/airflow/example_dags/example_subdag_operator.py took 0.061 seconds
[2026-02-25T16:00:18.359+0000] {processor.py:186} INFO - Started process (PID=3651) to work on /home/ubuntu/airflow-venv/lib/python3.12/site-packages/airflow/example_dags/example_subdag_operator.py
[2026-02-25T16:00:18.360+0000] {processor.py:914} INFO - Processing file /home/ubuntu/airflow-venv/lib/python3.12/site-packages/airflow/example_dags/example_subdag_operator.py for tasks to queue
[2026-02-25T16:00:18.361+0000] {logging_mixin.py:190} INFO - [2026-02-25T16:00:18.361+0000] {dagbag.py:588} INFO - Filling up the DagBag from /home/ubuntu/airflow-venv/lib/python3.12/site-packages/airflow/example_dags/example_subdag_operator.py
[2026-02-25T16:00:18.375+0000] {processor.py:925} INFO - DAG(s) 'example_subdag_operator.section-1', 'example_subdag_operator.section-2', 'example_subdag_operator' retrieved from /home/ubuntu/airflow-venv/lib/python3.12/site-packages/airflow/example_dags/example_subdag_operator.py
[2026-02-25T16:00:18.383+0000] {logging_mixin.py:190} INFO - [2026-02-25T16:00:18.383+0000] {dag.py:3239} INFO - Sync 3 DAGs
[2026-02-25T16:00:18.395+0000] {logging_mixin.py:190} INFO - [2026-02-25T16:00:18.395+0000] {dag.py:4180} INFO - Setting next_dagrun for example_subdag_operator to 2022-01-01 00:00:00+00:00, run_after=2022-01-01 00:00:00+00:00
[2026-02-25T16:00:18.397+0000] {logging_mixin.py:190} INFO - [2026-02-25T16:00:18.397+0000] {dag.py:4180} INFO - Setting next_dagrun for example_subdag_operator.section-1 to None, run_after=None
[2026-02-25T16:00:18.398+0000] {logging_mixin.py:190} INFO - [2026-02-25T16:00:18.398+0000] {dag.py:4180} INFO - Setting next_dagrun for example_subdag_operator.section-2 to None, run_after=None
[2026-02-25T16:00:18.401+0000] {logging_mixin.py:190} INFO - [2026-02-25T16:00:18.401+0000] {dag.py:3239} INFO - Sync 2 DAGs
[2026-02-25T16:00:18.403+0000] {logging_mixin.py:190} INFO - [2026-02-25T16:00:18.403+0000] {dag.py:4180} INFO - Setting next_dagrun for example_subdag_operator.section-1 to None, run_after=None
[2026-02-25T16:00:18.403+0000] {logging_mixin.py:190} INFO - [2026-02-25T16:00:18.403+0000] {dag.py:4180} INFO - Setting next_dagrun for example_subdag_operator.section-2 to None, run_after=None
[2026-02-25T16:00:18.415+0000] {processor.py:208} INFO - Processing /home/ubuntu/airflow-venv/lib/python3.12/site-packages/airflow/example_dags/example_subdag_operator.py took 0.060 seconds
[2026-02-25T16:01:09.542+0000] {processor.py:186} INFO - Started process (PID=3704) to work on /home/ubuntu/airflow-venv/lib/python3.12/site-packages/airflow/example_dags/example_subdag_operator.py
[2026-02-25T16:01:09.543+0000] {processor.py:914} INFO - Processing file /home/ubuntu/airflow-venv/lib/python3.12/site-packages/airflow/example_dags/example_subdag_operator.py for tasks to queue
[2026-02-25T16:01:09.544+0000] {logging_mixin.py:190} INFO - [2026-02-25T16:01:09.544+0000] {dagbag.py:588} INFO - Filling up the DagBag from /home/ubuntu/airflow-venv/lib/python3.12/site-packages/airflow/example_dags/example_subdag_operator.py
[2026-02-25T16:01:09.558+0000] {processor.py:925} INFO - DAG(s) 'example_subdag_operator.section-1', 'example_subdag_operator.section-2', 'example_subdag_operator' retrieved from /home/ubuntu/airflow-venv/lib/python3.12/site-packages/airflow/example_dags/example_subdag_operator.py
[2026-02-25T16:01:09.568+0000] {logging_mixin.py:190} INFO - [2026-02-25T16:01:09.568+0000] {dag.py:3239} INFO - Sync 3 DAGs
[2026-02-25T16:01:09.580+0000] {logging_mixin.py:190} INFO - [2026-02-25T16:01:09.580+0000] {dag.py:4180} INFO - Setting next_dagrun for example_subdag_operator to 2022-01-01 00:00:00+00:00, run_after=2022-01-01 00:00:00+00:00
[2026-02-25T16:01:09.582+0000] {logging_mixin.py:190} INFO - [2026-02-25T16:01:09.582+0000] {dag.py:4180} INFO - Setting next_dagrun for example_subdag_operator.section-1 to None, run_after=None
[2026-02-25T16:01:09.583+0000] {logging_mixin.py:190} INFO - [2026-02-25T16:01:09.582+0000] {dag.py:4180} INFO - Setting next_dagrun for example_subdag_operator.section-2 to None, run_after=None
[2026-02-25T16:01:09.586+0000] {logging_mixin.py:190} INFO - [2026-02-25T16:01:09.586+0000] {dag.py:3239} INFO - Sync 2 DAGs
[2026-02-25T16:01:09.588+0000] {logging_mixin.py:190} INFO - [2026-02-25T16:01:09.588+0000] {dag.py:4180} INFO - Setting next_dagrun for example_subdag_operator.section-1 to None, run_after=None
[2026-02-25T16:01:09.588+0000] {logging_mixin.py:190} INFO - [2026-02-25T16:01:09.588+0000] {dag.py:4180} INFO - Setting next_dagrun for example_subdag_operator.section-2 to None, run_after=None
[2026-02-25T16:01:09.600+0000] {processor.py:208} INFO - Processing /home/ubuntu/airflow-venv/lib/python3.12/site-packages/airflow/example_dags/example_subdag_operator.py took 0.061 seconds
[2026-02-25T16:01:55.803+0000] {processor.py:186} INFO - Started process (PID=3754) to work on /home/ubuntu/airflow-venv/lib/python3.12/site-packages/airflow/example_dags/example_subdag_operator.py
[2026-02-25T16:01:55.805+0000] {processor.py:914} INFO - Processing file /home/ubuntu/airflow-venv/lib/python3.12/site-packages/airflow/example_dags/example_subdag_operator.py for tasks to queue
[2026-02-25T16:01:55.806+0000] {logging_mixin.py:190} INFO - [2026-02-25T16:01:55.806+0000] {dagbag.py:588} INFO - Filling up the DagBag from /home/ubuntu/airflow-venv/lib/python3.12/site-packages/airflow/example_dags/example_subdag_operator.py
[2026-02-25T16:01:55.820+0000] {processor.py:925} INFO - DAG(s) 'example_subdag_operator.section-1', 'example_subdag_operator.section-2', 'example_subdag_operator' retrieved from /home/ubuntu/airflow-venv/lib/python3.12/site-packages/airflow/example_dags/example_subdag_operator.py
[2026-02-25T16:01:55.829+0000] {logging_mixin.py:190} INFO - [2026-02-25T16:01:55.829+0000] {dag.py:3239} INFO - Sync 3 DAGs
[2026-02-25T16:01:55.841+0000] {logging_mixin.py:190} INFO - [2026-02-25T16:01:55.841+0000] {dag.py:4180} INFO - Setting next_dagrun for example_subdag_operator to 2022-01-01 00:00:00+00:00, run_after=2022-01-01 00:00:00+00:00
[2026-02-25T16:01:55.843+0000] {logging_mixin.py:190} INFO - [2026-02-25T16:01:55.843+0000] {dag.py:4180} INFO - Setting next_dagrun for example_subdag_operator.section-1 to None, run_after=None
[2026-02-25T16:01:55.844+0000] {logging_mixin.py:190} INFO - [2026-02-25T16:01:55.844+0000] {dag.py:4180} INFO - Setting next_dagrun for example_subdag_operator.section-2 to None, run_after=None
[2026-02-25T16:01:55.848+0000] {logging_mixin.py:190} INFO - [2026-02-25T16:01:55.847+0000] {dag.py:3239} INFO - Sync 2 DAGs
[2026-02-25T16:01:55.850+0000] {logging_mixin.py:190} INFO - [2026-02-25T16:01:55.850+0000] {dag.py:4180} INFO - Setting next_dagrun for example_subdag_operator.section-1 to None, run_after=None
[2026-02-25T16:01:55.850+0000] {logging_mixin.py:190} INFO - [2026-02-25T16:01:55.850+0000] {dag.py:4180} INFO - Setting next_dagrun for example_subdag_operator.section-2 to None, run_after=None
[2026-02-25T16:01:55.862+0000] {processor.py:208} INFO - Processing /home/ubuntu/airflow-venv/lib/python3.12/site-packages/airflow/example_dags/example_subdag_operator.py took 0.063 seconds
[2026-02-25T17:24:31.108+0000] {processor.py:186} INFO - Started process (PID=2577) to work on /home/ubuntu/airflow-venv/lib/python3.12/site-packages/airflow/example_dags/example_subdag_operator.py
[2026-02-25T17:24:31.110+0000] {processor.py:914} INFO - Processing file /home/ubuntu/airflow-venv/lib/python3.12/site-packages/airflow/example_dags/example_subdag_operator.py for tasks to queue
[2026-02-25T17:24:31.111+0000] {logging_mixin.py:190} INFO - [2026-02-25T17:24:31.111+0000] {dagbag.py:588} INFO - Filling up the DagBag from /home/ubuntu/airflow-venv/lib/python3.12/site-packages/airflow/example_dags/example_subdag_operator.py
[2026-02-25T17:24:31.126+0000] {processor.py:925} INFO - DAG(s) 'example_subdag_operator.section-1', 'example_subdag_operator.section-2', 'example_subdag_operator' retrieved from /home/ubuntu/airflow-venv/lib/python3.12/site-packages/airflow/example_dags/example_subdag_operator.py
[2026-02-25T17:24:31.135+0000] {logging_mixin.py:190} INFO - [2026-02-25T17:24:31.135+0000] {dag.py:3239} INFO - Sync 3 DAGs
[2026-02-25T17:24:31.147+0000] {logging_mixin.py:190} INFO - [2026-02-25T17:24:31.147+0000] {dag.py:4180} INFO - Setting next_dagrun for example_subdag_operator to 2022-01-01 00:00:00+00:00, run_after=2022-01-01 00:00:00+00:00
[2026-02-25T17:24:31.149+0000] {logging_mixin.py:190} INFO - [2026-02-25T17:24:31.149+0000] {dag.py:4180} INFO - Setting next_dagrun for example_subdag_operator.section-1 to None, run_after=None
[2026-02-25T17:24:31.150+0000] {logging_mixin.py:190} INFO - [2026-02-25T17:24:31.150+0000] {dag.py:4180} INFO - Setting next_dagrun for example_subdag_operator.section-2 to None, run_after=None
[2026-02-25T17:24:31.153+0000] {logging_mixin.py:190} INFO - [2026-02-25T17:24:31.153+0000] {dag.py:3239} INFO - Sync 2 DAGs
[2026-02-25T17:24:31.155+0000] {logging_mixin.py:190} INFO - [2026-02-25T17:24:31.155+0000] {dag.py:4180} INFO - Setting next_dagrun for example_subdag_operator.section-1 to None, run_after=None
[2026-02-25T17:24:31.155+0000] {logging_mixin.py:190} INFO - [2026-02-25T17:24:31.155+0000] {dag.py:4180} INFO - Setting next_dagrun for example_subdag_operator.section-2 to None, run_after=None
[2026-02-25T17:24:31.167+0000] {processor.py:208} INFO - Processing /home/ubuntu/airflow-venv/lib/python3.12/site-packages/airflow/example_dags/example_subdag_operator.py took 0.062 seconds
[2026-02-25T17:25:23.330+0000] {processor.py:186} INFO - Started process (PID=2638) to work on /home/ubuntu/airflow-venv/lib/python3.12/site-packages/airflow/example_dags/example_subdag_operator.py
[2026-02-25T17:25:23.331+0000] {processor.py:914} INFO - Processing file /home/ubuntu/airflow-venv/lib/python3.12/site-packages/airflow/example_dags/example_subdag_operator.py for tasks to queue
[2026-02-25T17:25:23.332+0000] {logging_mixin.py:190} INFO - [2026-02-25T17:25:23.332+0000] {dagbag.py:588} INFO - Filling up the DagBag from /home/ubuntu/airflow-venv/lib/python3.12/site-packages/airflow/example_dags/example_subdag_operator.py
[2026-02-25T17:25:23.347+0000] {processor.py:925} INFO - DAG(s) 'example_subdag_operator.section-1', 'example_subdag_operator.section-2', 'example_subdag_operator' retrieved from /home/ubuntu/airflow-venv/lib/python3.12/site-packages/airflow/example_dags/example_subdag_operator.py
[2026-02-25T17:25:23.355+0000] {logging_mixin.py:190} INFO - [2026-02-25T17:25:23.355+0000] {dag.py:3239} INFO - Sync 3 DAGs
[2026-02-25T17:25:23.367+0000] {logging_mixin.py:190} INFO - [2026-02-25T17:25:23.367+0000] {dag.py:4180} INFO - Setting next_dagrun for example_subdag_operator to 2022-01-01 00:00:00+00:00, run_after=2022-01-01 00:00:00+00:00
[2026-02-25T17:25:23.369+0000] {logging_mixin.py:190} INFO - [2026-02-25T17:25:23.369+0000] {dag.py:4180} INFO - Setting next_dagrun for example_subdag_operator.section-1 to None, run_after=None
[2026-02-25T17:25:23.370+0000] {logging_mixin.py:190} INFO - [2026-02-25T17:25:23.370+0000] {dag.py:4180} INFO - Setting next_dagrun for example_subdag_operator.section-2 to None, run_after=None
[2026-02-25T17:25:23.373+0000] {logging_mixin.py:190} INFO - [2026-02-25T17:25:23.373+0000] {dag.py:3239} INFO - Sync 2 DAGs
[2026-02-25T17:25:23.375+0000] {logging_mixin.py:190} INFO - [2026-02-25T17:25:23.375+0000] {dag.py:4180} INFO - Setting next_dagrun for example_subdag_operator.section-1 to None, run_after=None
[2026-02-25T17:25:23.376+0000] {logging_mixin.py:190} INFO - [2026-02-25T17:25:23.376+0000] {dag.py:4180} INFO - Setting next_dagrun for example_subdag_operator.section-2 to None, run_after=None
[2026-02-25T17:25:23.387+0000] {processor.py:208} INFO - Processing /home/ubuntu/airflow-venv/lib/python3.12/site-packages/airflow/example_dags/example_subdag_operator.py took 0.061 seconds
[2026-02-25T17:26:11.553+0000] {processor.py:186} INFO - Started process (PID=2689) to work on /home/ubuntu/airflow-venv/lib/python3.12/site-packages/airflow/example_dags/example_subdag_operator.py
[2026-02-25T17:26:11.554+0000] {processor.py:914} INFO - Processing file /home/ubuntu/airflow-venv/lib/python3.12/site-packages/airflow/example_dags/example_subdag_operator.py for tasks to queue
[2026-02-25T17:26:11.555+0000] {logging_mixin.py:190} INFO - [2026-02-25T17:26:11.555+0000] {dagbag.py:588} INFO - Filling up the DagBag from /home/ubuntu/airflow-venv/lib/python3.12/site-packages/airflow/example_dags/example_subdag_operator.py
[2026-02-25T17:26:11.569+0000] {processor.py:925} INFO - DAG(s) 'example_subdag_operator.section-1', 'example_subdag_operator.section-2', 'example_subdag_operator' retrieved from /home/ubuntu/airflow-venv/lib/python3.12/site-packages/airflow/example_dags/example_subdag_operator.py
[2026-02-25T17:26:11.577+0000] {logging_mixin.py:190} INFO - [2026-02-25T17:26:11.577+0000] {dag.py:3239} INFO - Sync 3 DAGs
[2026-02-25T17:26:11.589+0000] {logging_mixin.py:190} INFO - [2026-02-25T17:26:11.589+0000] {dag.py:4180} INFO - Setting next_dagrun for example_subdag_operator to 2022-01-01 00:00:00+00:00, run_after=2022-01-01 00:00:00+00:00
[2026-02-25T17:26:11.591+0000] {logging_mixin.py:190} INFO - [2026-02-25T17:26:11.591+0000] {dag.py:4180} INFO - Setting next_dagrun for example_subdag_operator.section-1 to None, run_after=None
[2026-02-25T17:26:11.591+0000] {logging_mixin.py:190} INFO - [2026-02-25T17:26:11.591+0000] {dag.py:4180} INFO - Setting next_dagrun for example_subdag_operator.section-2 to None, run_after=None
[2026-02-25T17:26:11.595+0000] {logging_mixin.py:190} INFO - [2026-02-25T17:26:11.595+0000] {dag.py:3239} INFO - Sync 2 DAGs
[2026-02-25T17:26:11.597+0000] {logging_mixin.py:190} INFO - [2026-02-25T17:26:11.597+0000] {dag.py:4180} INFO - Setting next_dagrun for example_subdag_operator.section-1 to None, run_after=None
[2026-02-25T17:26:11.597+0000] {logging_mixin.py:190} INFO - [2026-02-25T17:26:11.597+0000] {dag.py:4180} INFO - Setting next_dagrun for example_subdag_operator.section-2 to None, run_after=None
[2026-02-25T17:26:11.609+0000] {processor.py:208} INFO - Processing /home/ubuntu/airflow-venv/lib/python3.12/site-packages/airflow/example_dags/example_subdag_operator.py took 0.060 seconds
[2026-02-25T17:27:06.840+0000] {processor.py:186} INFO - Started process (PID=2747) to work on /home/ubuntu/airflow-venv/lib/python3.12/site-packages/airflow/example_dags/example_subdag_operator.py
[2026-02-25T17:27:06.841+0000] {processor.py:914} INFO - Processing file /home/ubuntu/airflow-venv/lib/python3.12/site-packages/airflow/example_dags/example_subdag_operator.py for tasks to queue
[2026-02-25T17:27:06.842+0000] {logging_mixin.py:190} INFO - [2026-02-25T17:27:06.842+0000] {dagbag.py:588} INFO - Filling up the DagBag from /home/ubuntu/airflow-venv/lib/python3.12/site-packages/airflow/example_dags/example_subdag_operator.py
[2026-02-25T17:27:06.856+0000] {processor.py:925} INFO - DAG(s) 'example_subdag_operator.section-1', 'example_subdag_operator.section-2', 'example_subdag_operator' retrieved from /home/ubuntu/airflow-venv/lib/python3.12/site-packages/airflow/example_dags/example_subdag_operator.py
[2026-02-25T17:27:06.864+0000] {logging_mixin.py:190} INFO - [2026-02-25T17:27:06.864+0000] {dag.py:3239} INFO - Sync 3 DAGs
[2026-02-25T17:27:06.876+0000] {logging_mixin.py:190} INFO - [2026-02-25T17:27:06.876+0000] {dag.py:4180} INFO - Setting next_dagrun for example_subdag_operator to 2022-01-01 00:00:00+00:00, run_after=2022-01-01 00:00:00+00:00
[2026-02-25T17:27:06.878+0000] {logging_mixin.py:190} INFO - [2026-02-25T17:27:06.878+0000] {dag.py:4180} INFO - Setting next_dagrun for example_subdag_operator.section-1 to None, run_after=None
[2026-02-25T17:27:06.879+0000] {logging_mixin.py:190} INFO - [2026-02-25T17:27:06.879+0000] {dag.py:4180} INFO - Setting next_dagrun for example_subdag_operator.section-2 to None, run_after=None
[2026-02-25T17:27:06.882+0000] {logging_mixin.py:190} INFO - [2026-02-25T17:27:06.882+0000] {dag.py:3239} INFO - Sync 2 DAGs
[2026-02-25T17:27:06.885+0000] {logging_mixin.py:190} INFO - [2026-02-25T17:27:06.884+0000] {dag.py:4180} INFO - Setting next_dagrun for example_subdag_operator.section-1 to None, run_after=None
[2026-02-25T17:27:06.885+0000] {logging_mixin.py:190} INFO - [2026-02-25T17:27:06.885+0000] {dag.py:4180} INFO - Setting next_dagrun for example_subdag_operator.section-2 to None, run_after=None
[2026-02-25T17:27:06.897+0000] {processor.py:208} INFO - Processing /home/ubuntu/airflow-venv/lib/python3.12/site-packages/airflow/example_dags/example_subdag_operator.py took 0.061 seconds
[2026-02-25T17:27:57.507+0000] {processor.py:186} INFO - Started process (PID=2802) to work on /home/ubuntu/airflow-venv/lib/python3.12/site-packages/airflow/example_dags/example_subdag_operator.py
[2026-02-25T17:27:57.509+0000] {processor.py:914} INFO - Processing file /home/ubuntu/airflow-venv/lib/python3.12/site-packages/airflow/example_dags/example_subdag_operator.py for tasks to queue
[2026-02-25T17:27:57.510+0000] {logging_mixin.py:190} INFO - [2026-02-25T17:27:57.510+0000] {dagbag.py:588} INFO - Filling up the DagBag from /home/ubuntu/airflow-venv/lib/python3.12/site-packages/airflow/example_dags/example_subdag_operator.py
[2026-02-25T17:27:57.524+0000] {processor.py:925} INFO - DAG(s) 'example_subdag_operator.section-1', 'example_subdag_operator.section-2', 'example_subdag_operator' retrieved from /home/ubuntu/airflow-venv/lib/python3.12/site-packages/airflow/example_dags/example_subdag_operator.py
[2026-02-25T17:27:57.532+0000] {logging_mixin.py:190} INFO - [2026-02-25T17:27:57.531+0000] {dag.py:3239} INFO - Sync 3 DAGs
[2026-02-25T17:27:57.543+0000] {logging_mixin.py:190} INFO - [2026-02-25T17:27:57.543+0000] {dag.py:4180} INFO - Setting next_dagrun for example_subdag_operator to 2022-01-01 00:00:00+00:00, run_after=2022-01-01 00:00:00+00:00
[2026-02-25T17:27:57.545+0000] {logging_mixin.py:190} INFO - [2026-02-25T17:27:57.544+0000] {dag.py:4180} INFO - Setting next_dagrun for example_subdag_operator.section-1 to None, run_after=None
[2026-02-25T17:27:57.545+0000] {logging_mixin.py:190} INFO - [2026-02-25T17:27:57.545+0000] {dag.py:4180} INFO - Setting next_dagrun for example_subdag_operator.section-2 to None, run_after=None
[2026-02-25T17:27:57.548+0000] {logging_mixin.py:190} INFO - [2026-02-25T17:27:57.548+0000] {dag.py:3239} INFO - Sync 2 DAGs
[2026-02-25T17:27:57.551+0000] {logging_mixin.py:190} INFO - [2026-02-25T17:27:57.550+0000] {dag.py:4180} INFO - Setting next_dagrun for example_subdag_operator.section-1 to None, run_after=None
[2026-02-25T17:27:57.551+0000] {logging_mixin.py:190} INFO - [2026-02-25T17:27:57.551+0000] {dag.py:4180} INFO - Setting next_dagrun for example_subdag_operator.section-2 to None, run_after=None
[2026-02-25T17:27:57.563+0000] {processor.py:208} INFO - Processing /home/ubuntu/airflow-venv/lib/python3.12/site-packages/airflow/example_dags/example_subdag_operator.py took 0.059 seconds
[2026-02-25T17:28:50.575+0000] {processor.py:186} INFO - Started process (PID=2863) to work on /home/ubuntu/airflow-venv/lib/python3.12/site-packages/airflow/example_dags/example_subdag_operator.py
[2026-02-25T17:28:50.577+0000] {processor.py:914} INFO - Processing file /home/ubuntu/airflow-venv/lib/python3.12/site-packages/airflow/example_dags/example_subdag_operator.py for tasks to queue
[2026-02-25T17:28:50.578+0000] {logging_mixin.py:190} INFO - [2026-02-25T17:28:50.578+0000] {dagbag.py:588} INFO - Filling up the DagBag from /home/ubuntu/airflow-venv/lib/python3.12/site-packages/airflow/example_dags/example_subdag_operator.py
[2026-02-25T17:28:50.592+0000] {processor.py:925} INFO - DAG(s) 'example_subdag_operator.section-1', 'example_subdag_operator.section-2', 'example_subdag_operator' retrieved from /home/ubuntu/airflow-venv/lib/python3.12/site-packages/airflow/example_dags/example_subdag_operator.py
[2026-02-25T17:28:50.600+0000] {logging_mixin.py:190} INFO - [2026-02-25T17:28:50.600+0000] {dag.py:3239} INFO - Sync 3 DAGs
[2026-02-25T17:28:50.612+0000] {logging_mixin.py:190} INFO - [2026-02-25T17:28:50.611+0000] {dag.py:4180} INFO - Setting next_dagrun for example_subdag_operator to 2022-01-01 00:00:00+00:00, run_after=2022-01-01 00:00:00+00:00
[2026-02-25T17:28:50.613+0000] {logging_mixin.py:190} INFO - [2026-02-25T17:28:50.613+0000] {dag.py:4180} INFO - Setting next_dagrun for example_subdag_operator.section-1 to None, run_after=None
[2026-02-25T17:28:50.614+0000] {logging_mixin.py:190} INFO - [2026-02-25T17:28:50.614+0000] {dag.py:4180} INFO - Setting next_dagrun for example_subdag_operator.section-2 to None, run_after=None
[2026-02-25T17:28:50.617+0000] {logging_mixin.py:190} INFO - [2026-02-25T17:28:50.617+0000] {dag.py:3239} INFO - Sync 2 DAGs
[2026-02-25T17:28:50.619+0000] {logging_mixin.py:190} INFO - [2026-02-25T17:28:50.619+0000] {dag.py:4180} INFO - Setting next_dagrun for example_subdag_operator.section-1 to None, run_after=None
[2026-02-25T17:28:50.620+0000] {logging_mixin.py:190} INFO - [2026-02-25T17:28:50.620+0000] {dag.py:4180} INFO - Setting next_dagrun for example_subdag_operator.section-2 to None, run_after=None
[2026-02-25T17:28:50.632+0000] {processor.py:208} INFO - Processing /home/ubuntu/airflow-venv/lib/python3.12/site-packages/airflow/example_dags/example_subdag_operator.py took 0.060 seconds
[2026-02-25T17:29:39.870+0000] {processor.py:186} INFO - Started process (PID=2919) to work on /home/ubuntu/airflow-venv/lib/python3.12/site-packages/airflow/example_dags/example_subdag_operator.py
[2026-02-25T17:29:39.871+0000] {processor.py:914} INFO - Processing file /home/ubuntu/airflow-venv/lib/python3.12/site-packages/airflow/example_dags/example_subdag_operator.py for tasks to queue
[2026-02-25T17:29:39.873+0000] {logging_mixin.py:190} INFO - [2026-02-25T17:29:39.872+0000] {dagbag.py:588} INFO - Filling up the DagBag from /home/ubuntu/airflow-venv/lib/python3.12/site-packages/airflow/example_dags/example_subdag_operator.py
[2026-02-25T17:29:39.886+0000] {processor.py:925} INFO - DAG(s) 'example_subdag_operator.section-1', 'example_subdag_operator.section-2', 'example_subdag_operator' retrieved from /home/ubuntu/airflow-venv/lib/python3.12/site-packages/airflow/example_dags/example_subdag_operator.py
[2026-02-25T17:29:39.894+0000] {logging_mixin.py:190} INFO - [2026-02-25T17:29:39.894+0000] {dag.py:3239} INFO - Sync 3 DAGs
[2026-02-25T17:29:39.906+0000] {logging_mixin.py:190} INFO - [2026-02-25T17:29:39.905+0000] {dag.py:4180} INFO - Setting next_dagrun for example_subdag_operator to 2022-01-01 00:00:00+00:00, run_after=2022-01-01 00:00:00+00:00
[2026-02-25T17:29:39.907+0000] {logging_mixin.py:190} INFO - [2026-02-25T17:29:39.907+0000] {dag.py:4180} INFO - Setting next_dagrun for example_subdag_operator.section-1 to None, run_after=None
[2026-02-25T17:29:39.977+0000] {logging_mixin.py:190} INFO - [2026-02-25T17:29:39.976+0000] {dag.py:4180} INFO - Setting next_dagrun for example_subdag_operator.section-2 to None, run_after=None
[2026-02-25T17:29:39.980+0000] {logging_mixin.py:190} INFO - [2026-02-25T17:29:39.980+0000] {dag.py:3239} INFO - Sync 2 DAGs
[2026-02-25T17:29:39.982+0000] {logging_mixin.py:190} INFO - [2026-02-25T17:29:39.982+0000] {dag.py:4180} INFO - Setting next_dagrun for example_subdag_operator.section-1 to None, run_after=None
[2026-02-25T17:29:39.982+0000] {logging_mixin.py:190} INFO - [2026-02-25T17:29:39.982+0000] {dag.py:4180} INFO - Setting next_dagrun for example_subdag_operator.section-2 to None, run_after=None
[2026-02-25T17:29:39.994+0000] {processor.py:208} INFO - Processing /home/ubuntu/airflow-venv/lib/python3.12/site-packages/airflow/example_dags/example_subdag_operator.py took 0.127 seconds
[2026-02-25T17:30:42.793+0000] {processor.py:186} INFO - Started process (PID=2993) to work on /home/ubuntu/airflow-venv/lib/python3.12/site-packages/airflow/example_dags/example_subdag_operator.py
[2026-02-25T17:30:42.794+0000] {processor.py:914} INFO - Processing file /home/ubuntu/airflow-venv/lib/python3.12/site-packages/airflow/example_dags/example_subdag_operator.py for tasks to queue
[2026-02-25T17:30:42.795+0000] {logging_mixin.py:190} INFO - [2026-02-25T17:30:42.795+0000] {dagbag.py:588} INFO - Filling up the DagBag from /home/ubuntu/airflow-venv/lib/python3.12/site-packages/airflow/example_dags/example_subdag_operator.py
[2026-02-25T17:30:42.809+0000] {processor.py:925} INFO - DAG(s) 'example_subdag_operator.section-1', 'example_subdag_operator.section-2', 'example_subdag_operator' retrieved from /home/ubuntu/airflow-venv/lib/python3.12/site-packages/airflow/example_dags/example_subdag_operator.py
[2026-02-25T17:30:42.817+0000] {logging_mixin.py:190} INFO - [2026-02-25T17:30:42.817+0000] {dag.py:3239} INFO - Sync 3 DAGs
[2026-02-25T17:30:42.829+0000] {logging_mixin.py:190} INFO - [2026-02-25T17:30:42.829+0000] {dag.py:4180} INFO - Setting next_dagrun for example_subdag_operator to 2022-01-01 00:00:00+00:00, run_after=2022-01-01 00:00:00+00:00
[2026-02-25T17:30:42.831+0000] {logging_mixin.py:190} INFO - [2026-02-25T17:30:42.831+0000] {dag.py:4180} INFO - Setting next_dagrun for example_subdag_operator.section-1 to None, run_after=None
[2026-02-25T17:30:42.831+0000] {logging_mixin.py:190} INFO - [2026-02-25T17:30:42.831+0000] {dag.py:4180} INFO - Setting next_dagrun for example_subdag_operator.section-2 to None, run_after=None
[2026-02-25T17:30:42.835+0000] {logging_mixin.py:190} INFO - [2026-02-25T17:30:42.835+0000] {dag.py:3239} INFO - Sync 2 DAGs
[2026-02-25T17:30:42.837+0000] {logging_mixin.py:190} INFO - [2026-02-25T17:30:42.837+0000] {dag.py:4180} INFO - Setting next_dagrun for example_subdag_operator.section-1 to None, run_after=None
[2026-02-25T17:30:42.837+0000] {logging_mixin.py:190} INFO - [2026-02-25T17:30:42.837+0000] {dag.py:4180} INFO - Setting next_dagrun for example_subdag_operator.section-2 to None, run_after=None
[2026-02-25T17:30:42.849+0000] {processor.py:208} INFO - Processing /home/ubuntu/airflow-venv/lib/python3.12/site-packages/airflow/example_dags/example_subdag_operator.py took 0.060 seconds
[2026-02-25T17:31:39.863+0000] {processor.py:186} INFO - Started process (PID=3056) to work on /home/ubuntu/airflow-venv/lib/python3.12/site-packages/airflow/example_dags/example_subdag_operator.py
[2026-02-25T17:31:39.865+0000] {processor.py:914} INFO - Processing file /home/ubuntu/airflow-venv/lib/python3.12/site-packages/airflow/example_dags/example_subdag_operator.py for tasks to queue
[2026-02-25T17:31:39.866+0000] {logging_mixin.py:190} INFO - [2026-02-25T17:31:39.866+0000] {dagbag.py:588} INFO - Filling up the DagBag from /home/ubuntu/airflow-venv/lib/python3.12/site-packages/airflow/example_dags/example_subdag_operator.py
[2026-02-25T17:31:39.880+0000] {processor.py:925} INFO - DAG(s) 'example_subdag_operator.section-1', 'example_subdag_operator.section-2', 'example_subdag_operator' retrieved from /home/ubuntu/airflow-venv/lib/python3.12/site-packages/airflow/example_dags/example_subdag_operator.py
[2026-02-25T17:31:39.888+0000] {logging_mixin.py:190} INFO - [2026-02-25T17:31:39.888+0000] {dag.py:3239} INFO - Sync 3 DAGs
[2026-02-25T17:31:39.900+0000] {logging_mixin.py:190} INFO - [2026-02-25T17:31:39.900+0000] {dag.py:4180} INFO - Setting next_dagrun for example_subdag_operator to 2022-01-01 00:00:00+00:00, run_after=2022-01-01 00:00:00+00:00
[2026-02-25T17:31:39.902+0000] {logging_mixin.py:190} INFO - [2026-02-25T17:31:39.902+0000] {dag.py:4180} INFO - Setting next_dagrun for example_subdag_operator.section-1 to None, run_after=None
[2026-02-25T17:31:39.902+0000] {logging_mixin.py:190} INFO - [2026-02-25T17:31:39.902+0000] {dag.py:4180} INFO - Setting next_dagrun for example_subdag_operator.section-2 to None, run_after=None
[2026-02-25T17:31:39.906+0000] {logging_mixin.py:190} INFO - [2026-02-25T17:31:39.906+0000] {dag.py:3239} INFO - Sync 2 DAGs
[2026-02-25T17:31:39.908+0000] {logging_mixin.py:190} INFO - [2026-02-25T17:31:39.908+0000] {dag.py:4180} INFO - Setting next_dagrun for example_subdag_operator.section-1 to None, run_after=None
[2026-02-25T17:31:39.908+0000] {logging_mixin.py:190} INFO - [2026-02-25T17:31:39.908+0000] {dag.py:4180} INFO - Setting next_dagrun for example_subdag_operator.section-2 to None, run_after=None
[2026-02-25T17:31:39.920+0000] {processor.py:208} INFO - Processing /home/ubuntu/airflow-venv/lib/python3.12/site-packages/airflow/example_dags/example_subdag_operator.py took 0.060 seconds
[2026-02-25T17:32:29.363+0000] {processor.py:186} INFO - Started process (PID=3109) to work on /home/ubuntu/airflow-venv/lib/python3.12/site-packages/airflow/example_dags/example_subdag_operator.py
[2026-02-25T17:32:29.364+0000] {processor.py:914} INFO - Processing file /home/ubuntu/airflow-venv/lib/python3.12/site-packages/airflow/example_dags/example_subdag_operator.py for tasks to queue
[2026-02-25T17:32:29.365+0000] {logging_mixin.py:190} INFO - [2026-02-25T17:32:29.365+0000] {dagbag.py:588} INFO - Filling up the DagBag from /home/ubuntu/airflow-venv/lib/python3.12/site-packages/airflow/example_dags/example_subdag_operator.py
[2026-02-25T17:32:29.379+0000] {processor.py:925} INFO - DAG(s) 'example_subdag_operator.section-1', 'example_subdag_operator.section-2', 'example_subdag_operator' retrieved from /home/ubuntu/airflow-venv/lib/python3.12/site-packages/airflow/example_dags/example_subdag_operator.py
[2026-02-25T17:32:29.388+0000] {logging_mixin.py:190} INFO - [2026-02-25T17:32:29.388+0000] {dag.py:3239} INFO - Sync 3 DAGs
[2026-02-25T17:32:29.401+0000] {logging_mixin.py:190} INFO - [2026-02-25T17:32:29.400+0000] {dag.py:4180} INFO - Setting next_dagrun for example_subdag_operator to 2022-01-01 00:00:00+00:00, run_after=2022-01-01 00:00:00+00:00
[2026-02-25T17:32:29.403+0000] {logging_mixin.py:190} INFO - [2026-02-25T17:32:29.402+0000] {dag.py:4180} INFO - Setting next_dagrun for example_subdag_operator.section-1 to None, run_after=None
[2026-02-25T17:32:29.403+0000] {logging_mixin.py:190} INFO - [2026-02-25T17:32:29.403+0000] {dag.py:4180} INFO - Setting next_dagrun for example_subdag_operator.section-2 to None, run_after=None
[2026-02-25T17:32:29.406+0000] {logging_mixin.py:190} INFO - [2026-02-25T17:32:29.406+0000] {dag.py:3239} INFO - Sync 2 DAGs
[2026-02-25T17:32:29.409+0000] {logging_mixin.py:190} INFO - [2026-02-25T17:32:29.409+0000] {dag.py:4180} INFO - Setting next_dagrun for example_subdag_operator.section-1 to None, run_after=None
[2026-02-25T17:32:29.409+0000] {logging_mixin.py:190} INFO - [2026-02-25T17:32:29.409+0000] {dag.py:4180} INFO - Setting next_dagrun for example_subdag_operator.section-2 to None, run_after=None
[2026-02-25T17:32:29.421+0000] {processor.py:208} INFO - Processing /home/ubuntu/airflow-venv/lib/python3.12/site-packages/airflow/example_dags/example_subdag_operator.py took 0.062 seconds
[2026-02-25T17:33:18.280+0000] {processor.py:186} INFO - Started process (PID=3162) to work on /home/ubuntu/airflow-venv/lib/python3.12/site-packages/airflow/example_dags/example_subdag_operator.py
[2026-02-25T17:33:18.281+0000] {processor.py:914} INFO - Processing file /home/ubuntu/airflow-venv/lib/python3.12/site-packages/airflow/example_dags/example_subdag_operator.py for tasks to queue
[2026-02-25T17:33:18.282+0000] {logging_mixin.py:190} INFO - [2026-02-25T17:33:18.282+0000] {dagbag.py:588} INFO - Filling up the DagBag from /home/ubuntu/airflow-venv/lib/python3.12/site-packages/airflow/example_dags/example_subdag_operator.py
[2026-02-25T17:33:18.296+0000] {processor.py:925} INFO - DAG(s) 'example_subdag_operator.section-1', 'example_subdag_operator.section-2', 'example_subdag_operator' retrieved from /home/ubuntu/airflow-venv/lib/python3.12/site-packages/airflow/example_dags/example_subdag_operator.py
[2026-02-25T17:33:18.305+0000] {logging_mixin.py:190} INFO - [2026-02-25T17:33:18.305+0000] {dag.py:3239} INFO - Sync 3 DAGs
[2026-02-25T17:33:18.317+0000] {logging_mixin.py:190} INFO - [2026-02-25T17:33:18.317+0000] {dag.py:4180} INFO - Setting next_dagrun for example_subdag_operator to 2022-01-01 00:00:00+00:00, run_after=2022-01-01 00:00:00+00:00
[2026-02-25T17:33:18.319+0000] {logging_mixin.py:190} INFO - [2026-02-25T17:33:18.319+0000] {dag.py:4180} INFO - Setting next_dagrun for example_subdag_operator.section-1 to None, run_after=None
[2026-02-25T17:33:18.320+0000] {logging_mixin.py:190} INFO - [2026-02-25T17:33:18.319+0000] {dag.py:4180} INFO - Setting next_dagrun for example_subdag_operator.section-2 to None, run_after=None
[2026-02-25T17:33:18.323+0000] {logging_mixin.py:190} INFO - [2026-02-25T17:33:18.323+0000] {dag.py:3239} INFO - Sync 2 DAGs
[2026-02-25T17:33:18.325+0000] {logging_mixin.py:190} INFO - [2026-02-25T17:33:18.325+0000] {dag.py:4180} INFO - Setting next_dagrun for example_subdag_operator.section-1 to None, run_after=None
[2026-02-25T17:33:18.325+0000] {logging_mixin.py:190} INFO - [2026-02-25T17:33:18.325+0000] {dag.py:4180} INFO - Setting next_dagrun for example_subdag_operator.section-2 to None, run_after=None
[2026-02-25T17:33:18.337+0000] {processor.py:208} INFO - Processing /home/ubuntu/airflow-venv/lib/python3.12/site-packages/airflow/example_dags/example_subdag_operator.py took 0.061 seconds
[2026-02-25T17:34:07.999+0000] {processor.py:186} INFO - Started process (PID=3215) to work on /home/ubuntu/airflow-venv/lib/python3.12/site-packages/airflow/example_dags/example_subdag_operator.py
[2026-02-25T17:34:08.000+0000] {processor.py:914} INFO - Processing file /home/ubuntu/airflow-venv/lib/python3.12/site-packages/airflow/example_dags/example_subdag_operator.py for tasks to queue
[2026-02-25T17:34:08.002+0000] {logging_mixin.py:190} INFO - [2026-02-25T17:34:08.001+0000] {dagbag.py:588} INFO - Filling up the DagBag from /home/ubuntu/airflow-venv/lib/python3.12/site-packages/airflow/example_dags/example_subdag_operator.py
[2026-02-25T17:34:08.015+0000] {processor.py:925} INFO - DAG(s) 'example_subdag_operator.section-1', 'example_subdag_operator.section-2', 'example_subdag_operator' retrieved from /home/ubuntu/airflow-venv/lib/python3.12/site-packages/airflow/example_dags/example_subdag_operator.py
[2026-02-25T17:34:08.024+0000] {logging_mixin.py:190} INFO - [2026-02-25T17:34:08.024+0000] {dag.py:3239} INFO - Sync 3 DAGs
[2026-02-25T17:34:08.036+0000] {logging_mixin.py:190} INFO - [2026-02-25T17:34:08.036+0000] {dag.py:4180} INFO - Setting next_dagrun for example_subdag_operator to 2022-01-01 00:00:00+00:00, run_after=2022-01-01 00:00:00+00:00
[2026-02-25T17:34:08.038+0000] {logging_mixin.py:190} INFO - [2026-02-25T17:34:08.038+0000] {dag.py:4180} INFO - Setting next_dagrun for example_subdag_operator.section-1 to None, run_after=None
[2026-02-25T17:34:08.039+0000] {logging_mixin.py:190} INFO - [2026-02-25T17:34:08.039+0000] {dag.py:4180} INFO - Setting next_dagrun for example_subdag_operator.section-2 to None, run_after=None
[2026-02-25T17:34:08.042+0000] {logging_mixin.py:190} INFO - [2026-02-25T17:34:08.042+0000] {dag.py:3239} INFO - Sync 2 DAGs
[2026-02-25T17:34:08.044+0000] {logging_mixin.py:190} INFO - [2026-02-25T17:34:08.044+0000] {dag.py:4180} INFO - Setting next_dagrun for example_subdag_operator.section-1 to None, run_after=None
[2026-02-25T17:34:08.044+0000] {logging_mixin.py:190} INFO - [2026-02-25T17:34:08.044+0000] {dag.py:4180} INFO - Setting next_dagrun for example_subdag_operator.section-2 to None, run_after=None
[2026-02-25T17:34:08.057+0000] {processor.py:208} INFO - Processing /home/ubuntu/airflow-venv/lib/python3.12/site-packages/airflow/example_dags/example_subdag_operator.py took 0.061 seconds
[2026-02-25T17:34:56.393+0000] {processor.py:186} INFO - Started process (PID=3267) to work on /home/ubuntu/airflow-venv/lib/python3.12/site-packages/airflow/example_dags/example_subdag_operator.py
[2026-02-25T17:34:56.394+0000] {processor.py:914} INFO - Processing file /home/ubuntu/airflow-venv/lib/python3.12/site-packages/airflow/example_dags/example_subdag_operator.py for tasks to queue
[2026-02-25T17:34:56.396+0000] {logging_mixin.py:190} INFO - [2026-02-25T17:34:56.395+0000] {dagbag.py:588} INFO - Filling up the DagBag from /home/ubuntu/airflow-venv/lib/python3.12/site-packages/airflow/example_dags/example_subdag_operator.py
[2026-02-25T17:34:56.410+0000] {processor.py:925} INFO - DAG(s) 'example_subdag_operator.section-1', 'example_subdag_operator.section-2', 'example_subdag_operator' retrieved from /home/ubuntu/airflow-venv/lib/python3.12/site-packages/airflow/example_dags/example_subdag_operator.py
[2026-02-25T17:34:56.418+0000] {logging_mixin.py:190} INFO - [2026-02-25T17:34:56.418+0000] {dag.py:3239} INFO - Sync 3 DAGs
[2026-02-25T17:34:56.430+0000] {logging_mixin.py:190} INFO - [2026-02-25T17:34:56.429+0000] {dag.py:4180} INFO - Setting next_dagrun for example_subdag_operator to 2022-01-01 00:00:00+00:00, run_after=2022-01-01 00:00:00+00:00
[2026-02-25T17:34:56.432+0000] {logging_mixin.py:190} INFO - [2026-02-25T17:34:56.431+0000] {dag.py:4180} INFO - Setting next_dagrun for example_subdag_operator.section-1 to None, run_after=None
[2026-02-25T17:34:56.432+0000] {logging_mixin.py:190} INFO - [2026-02-25T17:34:56.432+0000] {dag.py:4180} INFO - Setting next_dagrun for example_subdag_operator.section-2 to None, run_after=None
[2026-02-25T17:34:56.436+0000] {logging_mixin.py:190} INFO - [2026-02-25T17:34:56.435+0000] {dag.py:3239} INFO - Sync 2 DAGs
[2026-02-25T17:34:56.438+0000] {logging_mixin.py:190} INFO - [2026-02-25T17:34:56.438+0000] {dag.py:4180} INFO - Setting next_dagrun for example_subdag_operator.section-1 to None, run_after=None
[2026-02-25T17:34:56.438+0000] {logging_mixin.py:190} INFO - [2026-02-25T17:34:56.438+0000] {dag.py:4180} INFO - Setting next_dagrun for example_subdag_operator.section-2 to None, run_after=None
[2026-02-25T17:34:56.450+0000] {processor.py:208} INFO - Processing /home/ubuntu/airflow-venv/lib/python3.12/site-packages/airflow/example_dags/example_subdag_operator.py took 0.060 seconds
