[2026-02-25T04:53:52.514+0000] {processor.py:186} INFO - Started process (PID=2111) to work on /home/ubuntu/airflow-venv/lib/python3.12/site-packages/airflow/example_dags/tutorial.py
[2026-02-25T04:53:52.515+0000] {processor.py:914} INFO - Processing file /home/ubuntu/airflow-venv/lib/python3.12/site-packages/airflow/example_dags/tutorial.py for tasks to queue
[2026-02-25T04:53:52.516+0000] {logging_mixin.py:190} INFO - [2026-02-25T04:53:52.516+0000] {dagbag.py:588} INFO - Filling up the DagBag from /home/ubuntu/airflow-venv/lib/python3.12/site-packages/airflow/example_dags/tutorial.py
[2026-02-25T04:53:52.521+0000] {processor.py:925} INFO - DAG(s) 'tutorial' retrieved from /home/ubuntu/airflow-venv/lib/python3.12/site-packages/airflow/example_dags/tutorial.py
[2026-02-25T04:53:52.534+0000] {logging_mixin.py:190} INFO - [2026-02-25T04:53:52.534+0000] {dag.py:3239} INFO - Sync 1 DAGs
[2026-02-25T04:53:52.549+0000] {logging_mixin.py:190} INFO - [2026-02-25T04:53:52.548+0000] {dag.py:4180} INFO - Setting next_dagrun for tutorial to 2026-02-24 00:00:00+00:00, run_after=2026-02-25 00:00:00+00:00
[2026-02-25T04:53:52.564+0000] {processor.py:208} INFO - Processing /home/ubuntu/airflow-venv/lib/python3.12/site-packages/airflow/example_dags/tutorial.py took 0.053 seconds
[2026-02-25T04:54:47.442+0000] {processor.py:186} INFO - Started process (PID=2594) to work on /home/ubuntu/airflow-venv/lib/python3.12/site-packages/airflow/example_dags/tutorial.py
[2026-02-25T04:54:47.444+0000] {processor.py:914} INFO - Processing file /home/ubuntu/airflow-venv/lib/python3.12/site-packages/airflow/example_dags/tutorial.py for tasks to queue
[2026-02-25T04:54:47.445+0000] {logging_mixin.py:190} INFO - [2026-02-25T04:54:47.445+0000] {dagbag.py:588} INFO - Filling up the DagBag from /home/ubuntu/airflow-venv/lib/python3.12/site-packages/airflow/example_dags/tutorial.py
[2026-02-25T04:54:47.450+0000] {processor.py:925} INFO - DAG(s) 'tutorial' retrieved from /home/ubuntu/airflow-venv/lib/python3.12/site-packages/airflow/example_dags/tutorial.py
[2026-02-25T04:54:47.460+0000] {logging_mixin.py:190} INFO - [2026-02-25T04:54:47.459+0000] {dag.py:3239} INFO - Sync 1 DAGs
[2026-02-25T04:54:47.471+0000] {logging_mixin.py:190} INFO - [2026-02-25T04:54:47.471+0000] {dag.py:4180} INFO - Setting next_dagrun for tutorial to 2026-02-24 00:00:00+00:00, run_after=2026-02-25 00:00:00+00:00
[2026-02-25T04:54:47.488+0000] {processor.py:208} INFO - Processing /home/ubuntu/airflow-venv/lib/python3.12/site-packages/airflow/example_dags/tutorial.py took 0.049 seconds
[2026-02-25T04:55:38.846+0000] {processor.py:186} INFO - Started process (PID=2658) to work on /home/ubuntu/airflow-venv/lib/python3.12/site-packages/airflow/example_dags/tutorial.py
[2026-02-25T04:55:38.847+0000] {processor.py:914} INFO - Processing file /home/ubuntu/airflow-venv/lib/python3.12/site-packages/airflow/example_dags/tutorial.py for tasks to queue
[2026-02-25T04:55:38.849+0000] {logging_mixin.py:190} INFO - [2026-02-25T04:55:38.848+0000] {dagbag.py:588} INFO - Filling up the DagBag from /home/ubuntu/airflow-venv/lib/python3.12/site-packages/airflow/example_dags/tutorial.py
[2026-02-25T04:55:38.854+0000] {processor.py:925} INFO - DAG(s) 'tutorial' retrieved from /home/ubuntu/airflow-venv/lib/python3.12/site-packages/airflow/example_dags/tutorial.py
[2026-02-25T04:55:38.863+0000] {logging_mixin.py:190} INFO - [2026-02-25T04:55:38.863+0000] {dag.py:3239} INFO - Sync 1 DAGs
[2026-02-25T04:55:38.875+0000] {logging_mixin.py:190} INFO - [2026-02-25T04:55:38.875+0000] {dag.py:4180} INFO - Setting next_dagrun for tutorial to 2026-02-24 00:00:00+00:00, run_after=2026-02-25 00:00:00+00:00
[2026-02-25T04:55:38.892+0000] {processor.py:208} INFO - Processing /home/ubuntu/airflow-venv/lib/python3.12/site-packages/airflow/example_dags/tutorial.py took 0.049 seconds
[2026-02-25T04:56:26.757+0000] {processor.py:186} INFO - Started process (PID=2716) to work on /home/ubuntu/airflow-venv/lib/python3.12/site-packages/airflow/example_dags/tutorial.py
[2026-02-25T04:56:26.758+0000] {processor.py:914} INFO - Processing file /home/ubuntu/airflow-venv/lib/python3.12/site-packages/airflow/example_dags/tutorial.py for tasks to queue
[2026-02-25T04:56:26.760+0000] {logging_mixin.py:190} INFO - [2026-02-25T04:56:26.759+0000] {dagbag.py:588} INFO - Filling up the DagBag from /home/ubuntu/airflow-venv/lib/python3.12/site-packages/airflow/example_dags/tutorial.py
[2026-02-25T04:56:26.765+0000] {processor.py:925} INFO - DAG(s) 'tutorial' retrieved from /home/ubuntu/airflow-venv/lib/python3.12/site-packages/airflow/example_dags/tutorial.py
[2026-02-25T04:56:26.774+0000] {logging_mixin.py:190} INFO - [2026-02-25T04:56:26.774+0000] {dag.py:3239} INFO - Sync 1 DAGs
[2026-02-25T04:56:26.786+0000] {logging_mixin.py:190} INFO - [2026-02-25T04:56:26.786+0000] {dag.py:4180} INFO - Setting next_dagrun for tutorial to 2026-02-24 00:00:00+00:00, run_after=2026-02-25 00:00:00+00:00
[2026-02-25T04:56:26.802+0000] {processor.py:208} INFO - Processing /home/ubuntu/airflow-venv/lib/python3.12/site-packages/airflow/example_dags/tutorial.py took 0.049 seconds
[2026-02-25T04:57:14.858+0000] {processor.py:186} INFO - Started process (PID=2771) to work on /home/ubuntu/airflow-venv/lib/python3.12/site-packages/airflow/example_dags/tutorial.py
[2026-02-25T04:57:14.859+0000] {processor.py:914} INFO - Processing file /home/ubuntu/airflow-venv/lib/python3.12/site-packages/airflow/example_dags/tutorial.py for tasks to queue
[2026-02-25T04:57:14.860+0000] {logging_mixin.py:190} INFO - [2026-02-25T04:57:14.860+0000] {dagbag.py:588} INFO - Filling up the DagBag from /home/ubuntu/airflow-venv/lib/python3.12/site-packages/airflow/example_dags/tutorial.py
[2026-02-25T04:57:14.865+0000] {processor.py:925} INFO - DAG(s) 'tutorial' retrieved from /home/ubuntu/airflow-venv/lib/python3.12/site-packages/airflow/example_dags/tutorial.py
[2026-02-25T04:57:14.875+0000] {logging_mixin.py:190} INFO - [2026-02-25T04:57:14.874+0000] {dag.py:3239} INFO - Sync 1 DAGs
[2026-02-25T04:57:14.886+0000] {logging_mixin.py:190} INFO - [2026-02-25T04:57:14.886+0000] {dag.py:4180} INFO - Setting next_dagrun for tutorial to 2026-02-24 00:00:00+00:00, run_after=2026-02-25 00:00:00+00:00
[2026-02-25T04:57:14.903+0000] {processor.py:208} INFO - Processing /home/ubuntu/airflow-venv/lib/python3.12/site-packages/airflow/example_dags/tutorial.py took 0.049 seconds
[2026-02-25T04:58:05.447+0000] {processor.py:186} INFO - Started process (PID=3187) to work on /home/ubuntu/airflow-venv/lib/python3.12/site-packages/airflow/example_dags/tutorial.py
[2026-02-25T04:58:05.449+0000] {processor.py:914} INFO - Processing file /home/ubuntu/airflow-venv/lib/python3.12/site-packages/airflow/example_dags/tutorial.py for tasks to queue
[2026-02-25T04:58:05.450+0000] {logging_mixin.py:190} INFO - [2026-02-25T04:58:05.450+0000] {dagbag.py:588} INFO - Filling up the DagBag from /home/ubuntu/airflow-venv/lib/python3.12/site-packages/airflow/example_dags/tutorial.py
[2026-02-25T04:58:05.455+0000] {processor.py:925} INFO - DAG(s) 'tutorial' retrieved from /home/ubuntu/airflow-venv/lib/python3.12/site-packages/airflow/example_dags/tutorial.py
[2026-02-25T04:58:05.464+0000] {logging_mixin.py:190} INFO - [2026-02-25T04:58:05.464+0000] {dag.py:3239} INFO - Sync 1 DAGs
[2026-02-25T04:58:05.476+0000] {logging_mixin.py:190} INFO - [2026-02-25T04:58:05.476+0000] {dag.py:4180} INFO - Setting next_dagrun for tutorial to 2026-02-24 00:00:00+00:00, run_after=2026-02-25 00:00:00+00:00
[2026-02-25T04:58:05.493+0000] {processor.py:208} INFO - Processing /home/ubuntu/airflow-venv/lib/python3.12/site-packages/airflow/example_dags/tutorial.py took 0.049 seconds
[2026-02-25T04:58:56.102+0000] {processor.py:186} INFO - Started process (PID=3244) to work on /home/ubuntu/airflow-venv/lib/python3.12/site-packages/airflow/example_dags/tutorial.py
[2026-02-25T04:58:56.103+0000] {processor.py:914} INFO - Processing file /home/ubuntu/airflow-venv/lib/python3.12/site-packages/airflow/example_dags/tutorial.py for tasks to queue
[2026-02-25T04:58:56.104+0000] {logging_mixin.py:190} INFO - [2026-02-25T04:58:56.104+0000] {dagbag.py:588} INFO - Filling up the DagBag from /home/ubuntu/airflow-venv/lib/python3.12/site-packages/airflow/example_dags/tutorial.py
[2026-02-25T04:58:56.109+0000] {processor.py:925} INFO - DAG(s) 'tutorial' retrieved from /home/ubuntu/airflow-venv/lib/python3.12/site-packages/airflow/example_dags/tutorial.py
[2026-02-25T04:58:56.119+0000] {logging_mixin.py:190} INFO - [2026-02-25T04:58:56.119+0000] {dag.py:3239} INFO - Sync 1 DAGs
[2026-02-25T04:58:56.131+0000] {logging_mixin.py:190} INFO - [2026-02-25T04:58:56.130+0000] {dag.py:4180} INFO - Setting next_dagrun for tutorial to 2026-02-24 00:00:00+00:00, run_after=2026-02-25 00:00:00+00:00
[2026-02-25T04:58:56.148+0000] {processor.py:208} INFO - Processing /home/ubuntu/airflow-venv/lib/python3.12/site-packages/airflow/example_dags/tutorial.py took 0.050 seconds
[2026-02-25T04:59:45.441+0000] {processor.py:186} INFO - Started process (PID=3296) to work on /home/ubuntu/airflow-venv/lib/python3.12/site-packages/airflow/example_dags/tutorial.py
[2026-02-25T04:59:45.443+0000] {processor.py:914} INFO - Processing file /home/ubuntu/airflow-venv/lib/python3.12/site-packages/airflow/example_dags/tutorial.py for tasks to queue
[2026-02-25T04:59:45.444+0000] {logging_mixin.py:190} INFO - [2026-02-25T04:59:45.444+0000] {dagbag.py:588} INFO - Filling up the DagBag from /home/ubuntu/airflow-venv/lib/python3.12/site-packages/airflow/example_dags/tutorial.py
[2026-02-25T04:59:45.449+0000] {processor.py:925} INFO - DAG(s) 'tutorial' retrieved from /home/ubuntu/airflow-venv/lib/python3.12/site-packages/airflow/example_dags/tutorial.py
[2026-02-25T04:59:45.459+0000] {logging_mixin.py:190} INFO - [2026-02-25T04:59:45.459+0000] {dag.py:3239} INFO - Sync 1 DAGs
[2026-02-25T04:59:45.544+0000] {logging_mixin.py:190} INFO - [2026-02-25T04:59:45.544+0000] {dag.py:4180} INFO - Setting next_dagrun for tutorial to 2026-02-24 00:00:00+00:00, run_after=2026-02-25 00:00:00+00:00
[2026-02-25T04:59:45.561+0000] {processor.py:208} INFO - Processing /home/ubuntu/airflow-venv/lib/python3.12/site-packages/airflow/example_dags/tutorial.py took 0.123 seconds
[2026-02-25T05:00:41.632+0000] {processor.py:186} INFO - Started process (PID=3353) to work on /home/ubuntu/airflow-venv/lib/python3.12/site-packages/airflow/example_dags/tutorial.py
[2026-02-25T05:00:41.634+0000] {processor.py:914} INFO - Processing file /home/ubuntu/airflow-venv/lib/python3.12/site-packages/airflow/example_dags/tutorial.py for tasks to queue
[2026-02-25T05:00:41.635+0000] {logging_mixin.py:190} INFO - [2026-02-25T05:00:41.635+0000] {dagbag.py:588} INFO - Filling up the DagBag from /home/ubuntu/airflow-venv/lib/python3.12/site-packages/airflow/example_dags/tutorial.py
[2026-02-25T05:00:41.640+0000] {processor.py:925} INFO - DAG(s) 'tutorial' retrieved from /home/ubuntu/airflow-venv/lib/python3.12/site-packages/airflow/example_dags/tutorial.py
[2026-02-25T05:00:41.649+0000] {logging_mixin.py:190} INFO - [2026-02-25T05:00:41.649+0000] {dag.py:3239} INFO - Sync 1 DAGs
[2026-02-25T05:00:41.662+0000] {logging_mixin.py:190} INFO - [2026-02-25T05:00:41.661+0000] {dag.py:4180} INFO - Setting next_dagrun for tutorial to 2026-02-24 00:00:00+00:00, run_after=2026-02-25 00:00:00+00:00
[2026-02-25T05:00:41.678+0000] {processor.py:208} INFO - Processing /home/ubuntu/airflow-venv/lib/python3.12/site-packages/airflow/example_dags/tutorial.py took 0.049 seconds
[2026-02-25T05:01:33.920+0000] {processor.py:186} INFO - Started process (PID=3413) to work on /home/ubuntu/airflow-venv/lib/python3.12/site-packages/airflow/example_dags/tutorial.py
[2026-02-25T05:01:33.922+0000] {processor.py:914} INFO - Processing file /home/ubuntu/airflow-venv/lib/python3.12/site-packages/airflow/example_dags/tutorial.py for tasks to queue
[2026-02-25T05:01:33.923+0000] {logging_mixin.py:190} INFO - [2026-02-25T05:01:33.923+0000] {dagbag.py:588} INFO - Filling up the DagBag from /home/ubuntu/airflow-venv/lib/python3.12/site-packages/airflow/example_dags/tutorial.py
[2026-02-25T05:01:33.928+0000] {processor.py:925} INFO - DAG(s) 'tutorial' retrieved from /home/ubuntu/airflow-venv/lib/python3.12/site-packages/airflow/example_dags/tutorial.py
[2026-02-25T05:01:33.938+0000] {logging_mixin.py:190} INFO - [2026-02-25T05:01:33.938+0000] {dag.py:3239} INFO - Sync 1 DAGs
[2026-02-25T05:01:33.950+0000] {logging_mixin.py:190} INFO - [2026-02-25T05:01:33.950+0000] {dag.py:4180} INFO - Setting next_dagrun for tutorial to 2026-02-24 00:00:00+00:00, run_after=2026-02-25 00:00:00+00:00
[2026-02-25T05:01:33.967+0000] {processor.py:208} INFO - Processing /home/ubuntu/airflow-venv/lib/python3.12/site-packages/airflow/example_dags/tutorial.py took 0.050 seconds
[2026-02-25T05:02:21.860+0000] {processor.py:186} INFO - Started process (PID=3465) to work on /home/ubuntu/airflow-venv/lib/python3.12/site-packages/airflow/example_dags/tutorial.py
[2026-02-25T05:02:21.861+0000] {processor.py:914} INFO - Processing file /home/ubuntu/airflow-venv/lib/python3.12/site-packages/airflow/example_dags/tutorial.py for tasks to queue
[2026-02-25T05:02:21.863+0000] {logging_mixin.py:190} INFO - [2026-02-25T05:02:21.862+0000] {dagbag.py:588} INFO - Filling up the DagBag from /home/ubuntu/airflow-venv/lib/python3.12/site-packages/airflow/example_dags/tutorial.py
[2026-02-25T05:02:21.868+0000] {processor.py:925} INFO - DAG(s) 'tutorial' retrieved from /home/ubuntu/airflow-venv/lib/python3.12/site-packages/airflow/example_dags/tutorial.py
[2026-02-25T05:02:21.878+0000] {logging_mixin.py:190} INFO - [2026-02-25T05:02:21.878+0000] {dag.py:3239} INFO - Sync 1 DAGs
[2026-02-25T05:02:21.891+0000] {logging_mixin.py:190} INFO - [2026-02-25T05:02:21.890+0000] {dag.py:4180} INFO - Setting next_dagrun for tutorial to 2026-02-24 00:00:00+00:00, run_after=2026-02-25 00:00:00+00:00
[2026-02-25T05:02:21.906+0000] {processor.py:208} INFO - Processing /home/ubuntu/airflow-venv/lib/python3.12/site-packages/airflow/example_dags/tutorial.py took 0.050 seconds
[2026-02-25T05:03:12.887+0000] {processor.py:186} INFO - Started process (PID=3518) to work on /home/ubuntu/airflow-venv/lib/python3.12/site-packages/airflow/example_dags/tutorial.py
[2026-02-25T05:03:12.888+0000] {processor.py:914} INFO - Processing file /home/ubuntu/airflow-venv/lib/python3.12/site-packages/airflow/example_dags/tutorial.py for tasks to queue
[2026-02-25T05:03:12.890+0000] {logging_mixin.py:190} INFO - [2026-02-25T05:03:12.890+0000] {dagbag.py:588} INFO - Filling up the DagBag from /home/ubuntu/airflow-venv/lib/python3.12/site-packages/airflow/example_dags/tutorial.py
[2026-02-25T05:03:12.895+0000] {processor.py:925} INFO - DAG(s) 'tutorial' retrieved from /home/ubuntu/airflow-venv/lib/python3.12/site-packages/airflow/example_dags/tutorial.py
[2026-02-25T05:03:12.905+0000] {logging_mixin.py:190} INFO - [2026-02-25T05:03:12.905+0000] {dag.py:3239} INFO - Sync 1 DAGs
[2026-02-25T05:03:12.917+0000] {logging_mixin.py:190} INFO - [2026-02-25T05:03:12.917+0000] {dag.py:4180} INFO - Setting next_dagrun for tutorial to 2026-02-24 00:00:00+00:00, run_after=2026-02-25 00:00:00+00:00
[2026-02-25T05:03:12.934+0000] {processor.py:208} INFO - Processing /home/ubuntu/airflow-venv/lib/python3.12/site-packages/airflow/example_dags/tutorial.py took 0.051 seconds
[2026-02-25T05:04:01.276+0000] {processor.py:186} INFO - Started process (PID=3570) to work on /home/ubuntu/airflow-venv/lib/python3.12/site-packages/airflow/example_dags/tutorial.py
[2026-02-25T05:04:01.277+0000] {processor.py:914} INFO - Processing file /home/ubuntu/airflow-venv/lib/python3.12/site-packages/airflow/example_dags/tutorial.py for tasks to queue
[2026-02-25T05:04:01.279+0000] {logging_mixin.py:190} INFO - [2026-02-25T05:04:01.278+0000] {dagbag.py:588} INFO - Filling up the DagBag from /home/ubuntu/airflow-venv/lib/python3.12/site-packages/airflow/example_dags/tutorial.py
[2026-02-25T05:04:01.284+0000] {processor.py:925} INFO - DAG(s) 'tutorial' retrieved from /home/ubuntu/airflow-venv/lib/python3.12/site-packages/airflow/example_dags/tutorial.py
[2026-02-25T05:04:01.294+0000] {logging_mixin.py:190} INFO - [2026-02-25T05:04:01.294+0000] {dag.py:3239} INFO - Sync 1 DAGs
[2026-02-25T05:04:01.306+0000] {logging_mixin.py:190} INFO - [2026-02-25T05:04:01.306+0000] {dag.py:4180} INFO - Setting next_dagrun for tutorial to 2026-02-24 00:00:00+00:00, run_after=2026-02-25 00:00:00+00:00
[2026-02-25T05:04:01.323+0000] {processor.py:208} INFO - Processing /home/ubuntu/airflow-venv/lib/python3.12/site-packages/airflow/example_dags/tutorial.py took 0.050 seconds
[2026-02-25T05:04:49.460+0000] {processor.py:186} INFO - Started process (PID=3621) to work on /home/ubuntu/airflow-venv/lib/python3.12/site-packages/airflow/example_dags/tutorial.py
[2026-02-25T05:04:49.462+0000] {processor.py:914} INFO - Processing file /home/ubuntu/airflow-venv/lib/python3.12/site-packages/airflow/example_dags/tutorial.py for tasks to queue
[2026-02-25T05:04:49.463+0000] {logging_mixin.py:190} INFO - [2026-02-25T05:04:49.463+0000] {dagbag.py:588} INFO - Filling up the DagBag from /home/ubuntu/airflow-venv/lib/python3.12/site-packages/airflow/example_dags/tutorial.py
[2026-02-25T05:04:49.468+0000] {processor.py:925} INFO - DAG(s) 'tutorial' retrieved from /home/ubuntu/airflow-venv/lib/python3.12/site-packages/airflow/example_dags/tutorial.py
[2026-02-25T05:04:49.477+0000] {logging_mixin.py:190} INFO - [2026-02-25T05:04:49.477+0000] {dag.py:3239} INFO - Sync 1 DAGs
[2026-02-25T05:04:49.489+0000] {logging_mixin.py:190} INFO - [2026-02-25T05:04:49.489+0000] {dag.py:4180} INFO - Setting next_dagrun for tutorial to 2026-02-24 00:00:00+00:00, run_after=2026-02-25 00:00:00+00:00
[2026-02-25T05:04:49.506+0000] {processor.py:208} INFO - Processing /home/ubuntu/airflow-venv/lib/python3.12/site-packages/airflow/example_dags/tutorial.py took 0.049 seconds
[2026-02-25T05:05:38.173+0000] {processor.py:186} INFO - Started process (PID=3676) to work on /home/ubuntu/airflow-venv/lib/python3.12/site-packages/airflow/example_dags/tutorial.py
[2026-02-25T05:05:38.174+0000] {processor.py:914} INFO - Processing file /home/ubuntu/airflow-venv/lib/python3.12/site-packages/airflow/example_dags/tutorial.py for tasks to queue
[2026-02-25T05:05:38.175+0000] {logging_mixin.py:190} INFO - [2026-02-25T05:05:38.175+0000] {dagbag.py:588} INFO - Filling up the DagBag from /home/ubuntu/airflow-venv/lib/python3.12/site-packages/airflow/example_dags/tutorial.py
[2026-02-25T05:05:38.180+0000] {processor.py:925} INFO - DAG(s) 'tutorial' retrieved from /home/ubuntu/airflow-venv/lib/python3.12/site-packages/airflow/example_dags/tutorial.py
[2026-02-25T05:05:38.190+0000] {logging_mixin.py:190} INFO - [2026-02-25T05:05:38.190+0000] {dag.py:3239} INFO - Sync 1 DAGs
[2026-02-25T05:05:38.202+0000] {logging_mixin.py:190} INFO - [2026-02-25T05:05:38.202+0000] {dag.py:4180} INFO - Setting next_dagrun for tutorial to 2026-02-24 00:00:00+00:00, run_after=2026-02-25 00:00:00+00:00
[2026-02-25T05:05:38.219+0000] {processor.py:208} INFO - Processing /home/ubuntu/airflow-venv/lib/python3.12/site-packages/airflow/example_dags/tutorial.py took 0.050 seconds
[2026-02-25T05:06:28.350+0000] {processor.py:186} INFO - Started process (PID=3731) to work on /home/ubuntu/airflow-venv/lib/python3.12/site-packages/airflow/example_dags/tutorial.py
[2026-02-25T05:06:28.352+0000] {processor.py:914} INFO - Processing file /home/ubuntu/airflow-venv/lib/python3.12/site-packages/airflow/example_dags/tutorial.py for tasks to queue
[2026-02-25T05:06:28.353+0000] {logging_mixin.py:190} INFO - [2026-02-25T05:06:28.353+0000] {dagbag.py:588} INFO - Filling up the DagBag from /home/ubuntu/airflow-venv/lib/python3.12/site-packages/airflow/example_dags/tutorial.py
[2026-02-25T05:06:28.358+0000] {processor.py:925} INFO - DAG(s) 'tutorial' retrieved from /home/ubuntu/airflow-venv/lib/python3.12/site-packages/airflow/example_dags/tutorial.py
[2026-02-25T05:06:28.368+0000] {logging_mixin.py:190} INFO - [2026-02-25T05:06:28.368+0000] {dag.py:3239} INFO - Sync 1 DAGs
[2026-02-25T05:06:28.381+0000] {logging_mixin.py:190} INFO - [2026-02-25T05:06:28.380+0000] {dag.py:4180} INFO - Setting next_dagrun for tutorial to 2026-02-24 00:00:00+00:00, run_after=2026-02-25 00:00:00+00:00
[2026-02-25T05:06:28.398+0000] {processor.py:208} INFO - Processing /home/ubuntu/airflow-venv/lib/python3.12/site-packages/airflow/example_dags/tutorial.py took 0.051 seconds
[2026-02-25T05:07:18.005+0000] {processor.py:186} INFO - Started process (PID=3783) to work on /home/ubuntu/airflow-venv/lib/python3.12/site-packages/airflow/example_dags/tutorial.py
[2026-02-25T05:07:18.006+0000] {processor.py:914} INFO - Processing file /home/ubuntu/airflow-venv/lib/python3.12/site-packages/airflow/example_dags/tutorial.py for tasks to queue
[2026-02-25T05:07:18.007+0000] {logging_mixin.py:190} INFO - [2026-02-25T05:07:18.007+0000] {dagbag.py:588} INFO - Filling up the DagBag from /home/ubuntu/airflow-venv/lib/python3.12/site-packages/airflow/example_dags/tutorial.py
[2026-02-25T05:07:18.013+0000] {processor.py:925} INFO - DAG(s) 'tutorial' retrieved from /home/ubuntu/airflow-venv/lib/python3.12/site-packages/airflow/example_dags/tutorial.py
[2026-02-25T05:07:18.022+0000] {logging_mixin.py:190} INFO - [2026-02-25T05:07:18.022+0000] {dag.py:3239} INFO - Sync 1 DAGs
[2026-02-25T05:07:18.034+0000] {logging_mixin.py:190} INFO - [2026-02-25T05:07:18.034+0000] {dag.py:4180} INFO - Setting next_dagrun for tutorial to 2026-02-24 00:00:00+00:00, run_after=2026-02-25 00:00:00+00:00
[2026-02-25T05:07:18.050+0000] {processor.py:208} INFO - Processing /home/ubuntu/airflow-venv/lib/python3.12/site-packages/airflow/example_dags/tutorial.py took 0.049 seconds
[2026-02-25T05:08:07.019+0000] {processor.py:186} INFO - Started process (PID=3836) to work on /home/ubuntu/airflow-venv/lib/python3.12/site-packages/airflow/example_dags/tutorial.py
[2026-02-25T05:08:07.020+0000] {processor.py:914} INFO - Processing file /home/ubuntu/airflow-venv/lib/python3.12/site-packages/airflow/example_dags/tutorial.py for tasks to queue
[2026-02-25T05:08:07.021+0000] {logging_mixin.py:190} INFO - [2026-02-25T05:08:07.021+0000] {dagbag.py:588} INFO - Filling up the DagBag from /home/ubuntu/airflow-venv/lib/python3.12/site-packages/airflow/example_dags/tutorial.py
[2026-02-25T05:08:07.026+0000] {processor.py:925} INFO - DAG(s) 'tutorial' retrieved from /home/ubuntu/airflow-venv/lib/python3.12/site-packages/airflow/example_dags/tutorial.py
[2026-02-25T05:08:07.036+0000] {logging_mixin.py:190} INFO - [2026-02-25T05:08:07.036+0000] {dag.py:3239} INFO - Sync 1 DAGs
[2026-02-25T05:08:07.048+0000] {logging_mixin.py:190} INFO - [2026-02-25T05:08:07.048+0000] {dag.py:4180} INFO - Setting next_dagrun for tutorial to 2026-02-24 00:00:00+00:00, run_after=2026-02-25 00:00:00+00:00
[2026-02-25T05:08:07.066+0000] {processor.py:208} INFO - Processing /home/ubuntu/airflow-venv/lib/python3.12/site-packages/airflow/example_dags/tutorial.py took 0.050 seconds
[2026-02-25T05:08:54.944+0000] {processor.py:186} INFO - Started process (PID=3886) to work on /home/ubuntu/airflow-venv/lib/python3.12/site-packages/airflow/example_dags/tutorial.py
[2026-02-25T05:08:54.945+0000] {processor.py:914} INFO - Processing file /home/ubuntu/airflow-venv/lib/python3.12/site-packages/airflow/example_dags/tutorial.py for tasks to queue
[2026-02-25T05:08:54.946+0000] {logging_mixin.py:190} INFO - [2026-02-25T05:08:54.946+0000] {dagbag.py:588} INFO - Filling up the DagBag from /home/ubuntu/airflow-venv/lib/python3.12/site-packages/airflow/example_dags/tutorial.py
[2026-02-25T05:08:54.951+0000] {processor.py:925} INFO - DAG(s) 'tutorial' retrieved from /home/ubuntu/airflow-venv/lib/python3.12/site-packages/airflow/example_dags/tutorial.py
[2026-02-25T05:08:54.961+0000] {logging_mixin.py:190} INFO - [2026-02-25T05:08:54.961+0000] {dag.py:3239} INFO - Sync 1 DAGs
[2026-02-25T05:08:54.973+0000] {logging_mixin.py:190} INFO - [2026-02-25T05:08:54.973+0000] {dag.py:4180} INFO - Setting next_dagrun for tutorial to 2026-02-24 00:00:00+00:00, run_after=2026-02-25 00:00:00+00:00
[2026-02-25T05:08:54.990+0000] {processor.py:208} INFO - Processing /home/ubuntu/airflow-venv/lib/python3.12/site-packages/airflow/example_dags/tutorial.py took 0.050 seconds
[2026-02-25T05:09:42.718+0000] {processor.py:186} INFO - Started process (PID=3937) to work on /home/ubuntu/airflow-venv/lib/python3.12/site-packages/airflow/example_dags/tutorial.py
[2026-02-25T05:09:42.720+0000] {processor.py:914} INFO - Processing file /home/ubuntu/airflow-venv/lib/python3.12/site-packages/airflow/example_dags/tutorial.py for tasks to queue
[2026-02-25T05:09:42.721+0000] {logging_mixin.py:190} INFO - [2026-02-25T05:09:42.721+0000] {dagbag.py:588} INFO - Filling up the DagBag from /home/ubuntu/airflow-venv/lib/python3.12/site-packages/airflow/example_dags/tutorial.py
[2026-02-25T05:09:42.726+0000] {processor.py:925} INFO - DAG(s) 'tutorial' retrieved from /home/ubuntu/airflow-venv/lib/python3.12/site-packages/airflow/example_dags/tutorial.py
[2026-02-25T05:09:42.736+0000] {logging_mixin.py:190} INFO - [2026-02-25T05:09:42.736+0000] {dag.py:3239} INFO - Sync 1 DAGs
[2026-02-25T05:09:42.748+0000] {logging_mixin.py:190} INFO - [2026-02-25T05:09:42.748+0000] {dag.py:4180} INFO - Setting next_dagrun for tutorial to 2026-02-24 00:00:00+00:00, run_after=2026-02-25 00:00:00+00:00
[2026-02-25T05:09:42.765+0000] {processor.py:208} INFO - Processing /home/ubuntu/airflow-venv/lib/python3.12/site-packages/airflow/example_dags/tutorial.py took 0.050 seconds
[2026-02-25T05:10:34.032+0000] {processor.py:186} INFO - Started process (PID=3989) to work on /home/ubuntu/airflow-venv/lib/python3.12/site-packages/airflow/example_dags/tutorial.py
[2026-02-25T05:10:34.033+0000] {processor.py:914} INFO - Processing file /home/ubuntu/airflow-venv/lib/python3.12/site-packages/airflow/example_dags/tutorial.py for tasks to queue
[2026-02-25T05:10:34.034+0000] {logging_mixin.py:190} INFO - [2026-02-25T05:10:34.034+0000] {dagbag.py:588} INFO - Filling up the DagBag from /home/ubuntu/airflow-venv/lib/python3.12/site-packages/airflow/example_dags/tutorial.py
[2026-02-25T05:10:34.040+0000] {processor.py:925} INFO - DAG(s) 'tutorial' retrieved from /home/ubuntu/airflow-venv/lib/python3.12/site-packages/airflow/example_dags/tutorial.py
[2026-02-25T05:10:34.049+0000] {logging_mixin.py:190} INFO - [2026-02-25T05:10:34.049+0000] {dag.py:3239} INFO - Sync 1 DAGs
[2026-02-25T05:10:34.062+0000] {logging_mixin.py:190} INFO - [2026-02-25T05:10:34.062+0000] {dag.py:4180} INFO - Setting next_dagrun for tutorial to 2026-02-24 00:00:00+00:00, run_after=2026-02-25 00:00:00+00:00
[2026-02-25T05:10:34.079+0000] {processor.py:208} INFO - Processing /home/ubuntu/airflow-venv/lib/python3.12/site-packages/airflow/example_dags/tutorial.py took 0.050 seconds
[2026-02-25T05:11:24.848+0000] {processor.py:186} INFO - Started process (PID=4047) to work on /home/ubuntu/airflow-venv/lib/python3.12/site-packages/airflow/example_dags/tutorial.py
[2026-02-25T05:11:24.849+0000] {processor.py:914} INFO - Processing file /home/ubuntu/airflow-venv/lib/python3.12/site-packages/airflow/example_dags/tutorial.py for tasks to queue
[2026-02-25T05:11:24.851+0000] {logging_mixin.py:190} INFO - [2026-02-25T05:11:24.850+0000] {dagbag.py:588} INFO - Filling up the DagBag from /home/ubuntu/airflow-venv/lib/python3.12/site-packages/airflow/example_dags/tutorial.py
[2026-02-25T05:11:24.856+0000] {processor.py:925} INFO - DAG(s) 'tutorial' retrieved from /home/ubuntu/airflow-venv/lib/python3.12/site-packages/airflow/example_dags/tutorial.py
[2026-02-25T05:11:24.866+0000] {logging_mixin.py:190} INFO - [2026-02-25T05:11:24.866+0000] {dag.py:3239} INFO - Sync 1 DAGs
[2026-02-25T05:11:24.878+0000] {logging_mixin.py:190} INFO - [2026-02-25T05:11:24.878+0000] {dag.py:4180} INFO - Setting next_dagrun for tutorial to 2026-02-24 00:00:00+00:00, run_after=2026-02-25 00:00:00+00:00
[2026-02-25T05:11:24.895+0000] {processor.py:208} INFO - Processing /home/ubuntu/airflow-venv/lib/python3.12/site-packages/airflow/example_dags/tutorial.py took 0.051 seconds
[2026-02-25T05:12:14.421+0000] {processor.py:186} INFO - Started process (PID=4100) to work on /home/ubuntu/airflow-venv/lib/python3.12/site-packages/airflow/example_dags/tutorial.py
[2026-02-25T05:12:14.422+0000] {processor.py:914} INFO - Processing file /home/ubuntu/airflow-venv/lib/python3.12/site-packages/airflow/example_dags/tutorial.py for tasks to queue
[2026-02-25T05:12:14.423+0000] {logging_mixin.py:190} INFO - [2026-02-25T05:12:14.423+0000] {dagbag.py:588} INFO - Filling up the DagBag from /home/ubuntu/airflow-venv/lib/python3.12/site-packages/airflow/example_dags/tutorial.py
[2026-02-25T05:12:14.428+0000] {processor.py:925} INFO - DAG(s) 'tutorial' retrieved from /home/ubuntu/airflow-venv/lib/python3.12/site-packages/airflow/example_dags/tutorial.py
[2026-02-25T05:12:14.438+0000] {logging_mixin.py:190} INFO - [2026-02-25T05:12:14.438+0000] {dag.py:3239} INFO - Sync 1 DAGs
[2026-02-25T05:12:14.450+0000] {logging_mixin.py:190} INFO - [2026-02-25T05:12:14.450+0000] {dag.py:4180} INFO - Setting next_dagrun for tutorial to 2026-02-24 00:00:00+00:00, run_after=2026-02-25 00:00:00+00:00
[2026-02-25T05:12:14.466+0000] {processor.py:208} INFO - Processing /home/ubuntu/airflow-venv/lib/python3.12/site-packages/airflow/example_dags/tutorial.py took 0.048 seconds
[2026-02-25T05:13:04.630+0000] {processor.py:186} INFO - Started process (PID=4152) to work on /home/ubuntu/airflow-venv/lib/python3.12/site-packages/airflow/example_dags/tutorial.py
[2026-02-25T05:13:04.631+0000] {processor.py:914} INFO - Processing file /home/ubuntu/airflow-venv/lib/python3.12/site-packages/airflow/example_dags/tutorial.py for tasks to queue
[2026-02-25T05:13:04.633+0000] {logging_mixin.py:190} INFO - [2026-02-25T05:13:04.632+0000] {dagbag.py:588} INFO - Filling up the DagBag from /home/ubuntu/airflow-venv/lib/python3.12/site-packages/airflow/example_dags/tutorial.py
[2026-02-25T05:13:04.638+0000] {processor.py:925} INFO - DAG(s) 'tutorial' retrieved from /home/ubuntu/airflow-venv/lib/python3.12/site-packages/airflow/example_dags/tutorial.py
[2026-02-25T05:13:04.647+0000] {logging_mixin.py:190} INFO - [2026-02-25T05:13:04.647+0000] {dag.py:3239} INFO - Sync 1 DAGs
[2026-02-25T05:13:04.659+0000] {logging_mixin.py:190} INFO - [2026-02-25T05:13:04.659+0000] {dag.py:4180} INFO - Setting next_dagrun for tutorial to 2026-02-24 00:00:00+00:00, run_after=2026-02-25 00:00:00+00:00
[2026-02-25T05:13:04.676+0000] {processor.py:208} INFO - Processing /home/ubuntu/airflow-venv/lib/python3.12/site-packages/airflow/example_dags/tutorial.py took 0.049 seconds
[2026-02-25T05:13:53.693+0000] {processor.py:186} INFO - Started process (PID=4203) to work on /home/ubuntu/airflow-venv/lib/python3.12/site-packages/airflow/example_dags/tutorial.py
[2026-02-25T05:13:53.694+0000] {processor.py:914} INFO - Processing file /home/ubuntu/airflow-venv/lib/python3.12/site-packages/airflow/example_dags/tutorial.py for tasks to queue
[2026-02-25T05:13:53.695+0000] {logging_mixin.py:190} INFO - [2026-02-25T05:13:53.695+0000] {dagbag.py:588} INFO - Filling up the DagBag from /home/ubuntu/airflow-venv/lib/python3.12/site-packages/airflow/example_dags/tutorial.py
[2026-02-25T05:13:53.700+0000] {processor.py:925} INFO - DAG(s) 'tutorial' retrieved from /home/ubuntu/airflow-venv/lib/python3.12/site-packages/airflow/example_dags/tutorial.py
[2026-02-25T05:13:53.710+0000] {logging_mixin.py:190} INFO - [2026-02-25T05:13:53.709+0000] {dag.py:3239} INFO - Sync 1 DAGs
[2026-02-25T05:13:53.722+0000] {logging_mixin.py:190} INFO - [2026-02-25T05:13:53.721+0000] {dag.py:4180} INFO - Setting next_dagrun for tutorial to 2026-02-24 00:00:00+00:00, run_after=2026-02-25 00:00:00+00:00
[2026-02-25T05:13:53.738+0000] {processor.py:208} INFO - Processing /home/ubuntu/airflow-venv/lib/python3.12/site-packages/airflow/example_dags/tutorial.py took 0.049 seconds
[2026-02-25T05:14:43.335+0000] {processor.py:186} INFO - Started process (PID=4256) to work on /home/ubuntu/airflow-venv/lib/python3.12/site-packages/airflow/example_dags/tutorial.py
[2026-02-25T05:14:43.336+0000] {processor.py:914} INFO - Processing file /home/ubuntu/airflow-venv/lib/python3.12/site-packages/airflow/example_dags/tutorial.py for tasks to queue
[2026-02-25T05:14:43.338+0000] {logging_mixin.py:190} INFO - [2026-02-25T05:14:43.338+0000] {dagbag.py:588} INFO - Filling up the DagBag from /home/ubuntu/airflow-venv/lib/python3.12/site-packages/airflow/example_dags/tutorial.py
[2026-02-25T05:14:43.344+0000] {processor.py:925} INFO - DAG(s) 'tutorial' retrieved from /home/ubuntu/airflow-venv/lib/python3.12/site-packages/airflow/example_dags/tutorial.py
[2026-02-25T05:14:43.354+0000] {logging_mixin.py:190} INFO - [2026-02-25T05:14:43.354+0000] {dag.py:3239} INFO - Sync 1 DAGs
[2026-02-25T05:14:43.367+0000] {logging_mixin.py:190} INFO - [2026-02-25T05:14:43.367+0000] {dag.py:4180} INFO - Setting next_dagrun for tutorial to 2026-02-24 00:00:00+00:00, run_after=2026-02-25 00:00:00+00:00
[2026-02-25T05:14:43.385+0000] {processor.py:208} INFO - Processing /home/ubuntu/airflow-venv/lib/python3.12/site-packages/airflow/example_dags/tutorial.py took 0.054 seconds
[2026-02-25T05:15:32.408+0000] {processor.py:186} INFO - Started process (PID=4309) to work on /home/ubuntu/airflow-venv/lib/python3.12/site-packages/airflow/example_dags/tutorial.py
[2026-02-25T05:15:32.409+0000] {processor.py:914} INFO - Processing file /home/ubuntu/airflow-venv/lib/python3.12/site-packages/airflow/example_dags/tutorial.py for tasks to queue
[2026-02-25T05:15:32.410+0000] {logging_mixin.py:190} INFO - [2026-02-25T05:15:32.410+0000] {dagbag.py:588} INFO - Filling up the DagBag from /home/ubuntu/airflow-venv/lib/python3.12/site-packages/airflow/example_dags/tutorial.py
[2026-02-25T05:15:32.415+0000] {processor.py:925} INFO - DAG(s) 'tutorial' retrieved from /home/ubuntu/airflow-venv/lib/python3.12/site-packages/airflow/example_dags/tutorial.py
[2026-02-25T05:15:32.425+0000] {logging_mixin.py:190} INFO - [2026-02-25T05:15:32.425+0000] {dag.py:3239} INFO - Sync 1 DAGs
[2026-02-25T05:15:32.436+0000] {logging_mixin.py:190} INFO - [2026-02-25T05:15:32.436+0000] {dag.py:4180} INFO - Setting next_dagrun for tutorial to 2026-02-24 00:00:00+00:00, run_after=2026-02-25 00:00:00+00:00
[2026-02-25T05:15:32.453+0000] {processor.py:208} INFO - Processing /home/ubuntu/airflow-venv/lib/python3.12/site-packages/airflow/example_dags/tutorial.py took 0.048 seconds
[2026-02-25T05:16:23.750+0000] {processor.py:186} INFO - Started process (PID=4364) to work on /home/ubuntu/airflow-venv/lib/python3.12/site-packages/airflow/example_dags/tutorial.py
[2026-02-25T05:16:23.752+0000] {processor.py:914} INFO - Processing file /home/ubuntu/airflow-venv/lib/python3.12/site-packages/airflow/example_dags/tutorial.py for tasks to queue
[2026-02-25T05:16:23.753+0000] {logging_mixin.py:190} INFO - [2026-02-25T05:16:23.753+0000] {dagbag.py:588} INFO - Filling up the DagBag from /home/ubuntu/airflow-venv/lib/python3.12/site-packages/airflow/example_dags/tutorial.py
[2026-02-25T05:16:23.758+0000] {processor.py:925} INFO - DAG(s) 'tutorial' retrieved from /home/ubuntu/airflow-venv/lib/python3.12/site-packages/airflow/example_dags/tutorial.py
[2026-02-25T05:16:23.767+0000] {logging_mixin.py:190} INFO - [2026-02-25T05:16:23.767+0000] {dag.py:3239} INFO - Sync 1 DAGs
[2026-02-25T05:16:23.779+0000] {logging_mixin.py:190} INFO - [2026-02-25T05:16:23.779+0000] {dag.py:4180} INFO - Setting next_dagrun for tutorial to 2026-02-24 00:00:00+00:00, run_after=2026-02-25 00:00:00+00:00
[2026-02-25T05:16:23.797+0000] {processor.py:208} INFO - Processing /home/ubuntu/airflow-venv/lib/python3.12/site-packages/airflow/example_dags/tutorial.py took 0.050 seconds
[2026-02-25T05:17:14.628+0000] {processor.py:186} INFO - Started process (PID=4420) to work on /home/ubuntu/airflow-venv/lib/python3.12/site-packages/airflow/example_dags/tutorial.py
[2026-02-25T05:17:14.629+0000] {processor.py:914} INFO - Processing file /home/ubuntu/airflow-venv/lib/python3.12/site-packages/airflow/example_dags/tutorial.py for tasks to queue
[2026-02-25T05:17:14.630+0000] {logging_mixin.py:190} INFO - [2026-02-25T05:17:14.630+0000] {dagbag.py:588} INFO - Filling up the DagBag from /home/ubuntu/airflow-venv/lib/python3.12/site-packages/airflow/example_dags/tutorial.py
[2026-02-25T05:17:14.636+0000] {processor.py:925} INFO - DAG(s) 'tutorial' retrieved from /home/ubuntu/airflow-venv/lib/python3.12/site-packages/airflow/example_dags/tutorial.py
[2026-02-25T05:17:14.645+0000] {logging_mixin.py:190} INFO - [2026-02-25T05:17:14.645+0000] {dag.py:3239} INFO - Sync 1 DAGs
[2026-02-25T05:17:14.658+0000] {logging_mixin.py:190} INFO - [2026-02-25T05:17:14.658+0000] {dag.py:4180} INFO - Setting next_dagrun for tutorial to 2026-02-24 00:00:00+00:00, run_after=2026-02-25 00:00:00+00:00
[2026-02-25T05:17:14.675+0000] {processor.py:208} INFO - Processing /home/ubuntu/airflow-venv/lib/python3.12/site-packages/airflow/example_dags/tutorial.py took 0.051 seconds
[2026-02-25T05:18:03.590+0000] {processor.py:186} INFO - Started process (PID=4474) to work on /home/ubuntu/airflow-venv/lib/python3.12/site-packages/airflow/example_dags/tutorial.py
[2026-02-25T05:18:03.591+0000] {processor.py:914} INFO - Processing file /home/ubuntu/airflow-venv/lib/python3.12/site-packages/airflow/example_dags/tutorial.py for tasks to queue
[2026-02-25T05:18:03.593+0000] {logging_mixin.py:190} INFO - [2026-02-25T05:18:03.592+0000] {dagbag.py:588} INFO - Filling up the DagBag from /home/ubuntu/airflow-venv/lib/python3.12/site-packages/airflow/example_dags/tutorial.py
[2026-02-25T05:18:03.598+0000] {processor.py:925} INFO - DAG(s) 'tutorial' retrieved from /home/ubuntu/airflow-venv/lib/python3.12/site-packages/airflow/example_dags/tutorial.py
[2026-02-25T05:18:03.608+0000] {logging_mixin.py:190} INFO - [2026-02-25T05:18:03.608+0000] {dag.py:3239} INFO - Sync 1 DAGs
[2026-02-25T05:18:03.621+0000] {logging_mixin.py:190} INFO - [2026-02-25T05:18:03.620+0000] {dag.py:4180} INFO - Setting next_dagrun for tutorial to 2026-02-24 00:00:00+00:00, run_after=2026-02-25 00:00:00+00:00
[2026-02-25T05:18:03.637+0000] {processor.py:208} INFO - Processing /home/ubuntu/airflow-venv/lib/python3.12/site-packages/airflow/example_dags/tutorial.py took 0.050 seconds
[2026-02-25T05:18:51.364+0000] {processor.py:186} INFO - Started process (PID=4524) to work on /home/ubuntu/airflow-venv/lib/python3.12/site-packages/airflow/example_dags/tutorial.py
[2026-02-25T05:18:51.365+0000] {processor.py:914} INFO - Processing file /home/ubuntu/airflow-venv/lib/python3.12/site-packages/airflow/example_dags/tutorial.py for tasks to queue
[2026-02-25T05:18:51.366+0000] {logging_mixin.py:190} INFO - [2026-02-25T05:18:51.366+0000] {dagbag.py:588} INFO - Filling up the DagBag from /home/ubuntu/airflow-venv/lib/python3.12/site-packages/airflow/example_dags/tutorial.py
[2026-02-25T05:18:51.372+0000] {processor.py:925} INFO - DAG(s) 'tutorial' retrieved from /home/ubuntu/airflow-venv/lib/python3.12/site-packages/airflow/example_dags/tutorial.py
[2026-02-25T05:18:51.381+0000] {logging_mixin.py:190} INFO - [2026-02-25T05:18:51.381+0000] {dag.py:3239} INFO - Sync 1 DAGs
[2026-02-25T05:18:51.393+0000] {logging_mixin.py:190} INFO - [2026-02-25T05:18:51.393+0000] {dag.py:4180} INFO - Setting next_dagrun for tutorial to 2026-02-24 00:00:00+00:00, run_after=2026-02-25 00:00:00+00:00
[2026-02-25T05:18:51.410+0000] {processor.py:208} INFO - Processing /home/ubuntu/airflow-venv/lib/python3.12/site-packages/airflow/example_dags/tutorial.py took 0.050 seconds
[2026-02-25T05:19:41.442+0000] {processor.py:186} INFO - Started process (PID=4577) to work on /home/ubuntu/airflow-venv/lib/python3.12/site-packages/airflow/example_dags/tutorial.py
[2026-02-25T05:19:41.443+0000] {processor.py:914} INFO - Processing file /home/ubuntu/airflow-venv/lib/python3.12/site-packages/airflow/example_dags/tutorial.py for tasks to queue
[2026-02-25T05:19:41.445+0000] {logging_mixin.py:190} INFO - [2026-02-25T05:19:41.444+0000] {dagbag.py:588} INFO - Filling up the DagBag from /home/ubuntu/airflow-venv/lib/python3.12/site-packages/airflow/example_dags/tutorial.py
[2026-02-25T05:19:41.450+0000] {processor.py:925} INFO - DAG(s) 'tutorial' retrieved from /home/ubuntu/airflow-venv/lib/python3.12/site-packages/airflow/example_dags/tutorial.py
[2026-02-25T05:19:41.460+0000] {logging_mixin.py:190} INFO - [2026-02-25T05:19:41.460+0000] {dag.py:3239} INFO - Sync 1 DAGs
[2026-02-25T05:19:41.472+0000] {logging_mixin.py:190} INFO - [2026-02-25T05:19:41.472+0000] {dag.py:4180} INFO - Setting next_dagrun for tutorial to 2026-02-24 00:00:00+00:00, run_after=2026-02-25 00:00:00+00:00
[2026-02-25T05:19:41.488+0000] {processor.py:208} INFO - Processing /home/ubuntu/airflow-venv/lib/python3.12/site-packages/airflow/example_dags/tutorial.py took 0.050 seconds
[2026-02-25T08:22:31.975+0000] {processor.py:186} INFO - Started process (PID=2257) to work on /home/ubuntu/airflow-venv/lib/python3.12/site-packages/airflow/example_dags/tutorial.py
[2026-02-25T08:22:31.977+0000] {processor.py:914} INFO - Processing file /home/ubuntu/airflow-venv/lib/python3.12/site-packages/airflow/example_dags/tutorial.py for tasks to queue
[2026-02-25T08:22:31.978+0000] {logging_mixin.py:190} INFO - [2026-02-25T08:22:31.978+0000] {dagbag.py:588} INFO - Filling up the DagBag from /home/ubuntu/airflow-venv/lib/python3.12/site-packages/airflow/example_dags/tutorial.py
[2026-02-25T08:22:31.983+0000] {processor.py:925} INFO - DAG(s) 'tutorial' retrieved from /home/ubuntu/airflow-venv/lib/python3.12/site-packages/airflow/example_dags/tutorial.py
[2026-02-25T08:22:31.996+0000] {logging_mixin.py:190} INFO - [2026-02-25T08:22:31.996+0000] {dag.py:3239} INFO - Sync 1 DAGs
[2026-02-25T08:22:32.010+0000] {logging_mixin.py:190} INFO - [2026-02-25T08:22:32.010+0000] {dag.py:4180} INFO - Setting next_dagrun for tutorial to 2026-02-24 00:00:00+00:00, run_after=2026-02-25 00:00:00+00:00
[2026-02-25T08:22:32.023+0000] {processor.py:208} INFO - Processing /home/ubuntu/airflow-venv/lib/python3.12/site-packages/airflow/example_dags/tutorial.py took 0.051 seconds
[2026-02-25T08:23:24.607+0000] {processor.py:186} INFO - Started process (PID=2687) to work on /home/ubuntu/airflow-venv/lib/python3.12/site-packages/airflow/example_dags/tutorial.py
[2026-02-25T08:23:24.608+0000] {processor.py:914} INFO - Processing file /home/ubuntu/airflow-venv/lib/python3.12/site-packages/airflow/example_dags/tutorial.py for tasks to queue
[2026-02-25T08:23:24.610+0000] {logging_mixin.py:190} INFO - [2026-02-25T08:23:24.609+0000] {dagbag.py:588} INFO - Filling up the DagBag from /home/ubuntu/airflow-venv/lib/python3.12/site-packages/airflow/example_dags/tutorial.py
[2026-02-25T08:23:24.615+0000] {processor.py:925} INFO - DAG(s) 'tutorial' retrieved from /home/ubuntu/airflow-venv/lib/python3.12/site-packages/airflow/example_dags/tutorial.py
[2026-02-25T08:23:24.624+0000] {logging_mixin.py:190} INFO - [2026-02-25T08:23:24.624+0000] {dag.py:3239} INFO - Sync 1 DAGs
[2026-02-25T08:23:24.635+0000] {logging_mixin.py:190} INFO - [2026-02-25T08:23:24.635+0000] {dag.py:4180} INFO - Setting next_dagrun for tutorial to 2026-02-24 00:00:00+00:00, run_after=2026-02-25 00:00:00+00:00
[2026-02-25T08:23:24.648+0000] {processor.py:208} INFO - Processing /home/ubuntu/airflow-venv/lib/python3.12/site-packages/airflow/example_dags/tutorial.py took 0.044 seconds
[2026-02-25T08:24:14.372+0000] {processor.py:186} INFO - Started process (PID=2747) to work on /home/ubuntu/airflow-venv/lib/python3.12/site-packages/airflow/example_dags/tutorial.py
[2026-02-25T08:24:14.373+0000] {processor.py:914} INFO - Processing file /home/ubuntu/airflow-venv/lib/python3.12/site-packages/airflow/example_dags/tutorial.py for tasks to queue
[2026-02-25T08:24:14.374+0000] {logging_mixin.py:190} INFO - [2026-02-25T08:24:14.374+0000] {dagbag.py:588} INFO - Filling up the DagBag from /home/ubuntu/airflow-venv/lib/python3.12/site-packages/airflow/example_dags/tutorial.py
[2026-02-25T08:24:14.379+0000] {processor.py:925} INFO - DAG(s) 'tutorial' retrieved from /home/ubuntu/airflow-venv/lib/python3.12/site-packages/airflow/example_dags/tutorial.py
[2026-02-25T08:24:14.388+0000] {logging_mixin.py:190} INFO - [2026-02-25T08:24:14.388+0000] {dag.py:3239} INFO - Sync 1 DAGs
[2026-02-25T08:24:14.400+0000] {logging_mixin.py:190} INFO - [2026-02-25T08:24:14.399+0000] {dag.py:4180} INFO - Setting next_dagrun for tutorial to 2026-02-24 00:00:00+00:00, run_after=2026-02-25 00:00:00+00:00
[2026-02-25T08:24:14.415+0000] {processor.py:208} INFO - Processing /home/ubuntu/airflow-venv/lib/python3.12/site-packages/airflow/example_dags/tutorial.py took 0.046 seconds
[2026-02-25T08:25:01.039+0000] {processor.py:186} INFO - Started process (PID=2797) to work on /home/ubuntu/airflow-venv/lib/python3.12/site-packages/airflow/example_dags/tutorial.py
[2026-02-25T08:25:01.041+0000] {processor.py:914} INFO - Processing file /home/ubuntu/airflow-venv/lib/python3.12/site-packages/airflow/example_dags/tutorial.py for tasks to queue
[2026-02-25T08:25:01.042+0000] {logging_mixin.py:190} INFO - [2026-02-25T08:25:01.042+0000] {dagbag.py:588} INFO - Filling up the DagBag from /home/ubuntu/airflow-venv/lib/python3.12/site-packages/airflow/example_dags/tutorial.py
[2026-02-25T08:25:01.047+0000] {processor.py:925} INFO - DAG(s) 'tutorial' retrieved from /home/ubuntu/airflow-venv/lib/python3.12/site-packages/airflow/example_dags/tutorial.py
[2026-02-25T08:25:01.056+0000] {logging_mixin.py:190} INFO - [2026-02-25T08:25:01.056+0000] {dag.py:3239} INFO - Sync 1 DAGs
[2026-02-25T08:25:01.067+0000] {logging_mixin.py:190} INFO - [2026-02-25T08:25:01.067+0000] {dag.py:4180} INFO - Setting next_dagrun for tutorial to 2026-02-24 00:00:00+00:00, run_after=2026-02-25 00:00:00+00:00
[2026-02-25T08:25:01.084+0000] {processor.py:208} INFO - Processing /home/ubuntu/airflow-venv/lib/python3.12/site-packages/airflow/example_dags/tutorial.py took 0.048 seconds
[2026-02-25T08:25:50.658+0000] {processor.py:186} INFO - Started process (PID=2854) to work on /home/ubuntu/airflow-venv/lib/python3.12/site-packages/airflow/example_dags/tutorial.py
[2026-02-25T08:25:50.659+0000] {processor.py:914} INFO - Processing file /home/ubuntu/airflow-venv/lib/python3.12/site-packages/airflow/example_dags/tutorial.py for tasks to queue
[2026-02-25T08:25:50.661+0000] {logging_mixin.py:190} INFO - [2026-02-25T08:25:50.660+0000] {dagbag.py:588} INFO - Filling up the DagBag from /home/ubuntu/airflow-venv/lib/python3.12/site-packages/airflow/example_dags/tutorial.py
[2026-02-25T08:25:50.666+0000] {processor.py:925} INFO - DAG(s) 'tutorial' retrieved from /home/ubuntu/airflow-venv/lib/python3.12/site-packages/airflow/example_dags/tutorial.py
[2026-02-25T08:25:50.675+0000] {logging_mixin.py:190} INFO - [2026-02-25T08:25:50.675+0000] {dag.py:3239} INFO - Sync 1 DAGs
[2026-02-25T08:25:50.687+0000] {logging_mixin.py:190} INFO - [2026-02-25T08:25:50.687+0000] {dag.py:4180} INFO - Setting next_dagrun for tutorial to 2026-02-24 00:00:00+00:00, run_after=2026-02-25 00:00:00+00:00
[2026-02-25T08:25:50.703+0000] {processor.py:208} INFO - Processing /home/ubuntu/airflow-venv/lib/python3.12/site-packages/airflow/example_dags/tutorial.py took 0.048 seconds
[2026-02-25T08:26:40.065+0000] {processor.py:186} INFO - Started process (PID=2905) to work on /home/ubuntu/airflow-venv/lib/python3.12/site-packages/airflow/example_dags/tutorial.py
[2026-02-25T08:26:40.067+0000] {processor.py:914} INFO - Processing file /home/ubuntu/airflow-venv/lib/python3.12/site-packages/airflow/example_dags/tutorial.py for tasks to queue
[2026-02-25T08:26:40.068+0000] {logging_mixin.py:190} INFO - [2026-02-25T08:26:40.067+0000] {dagbag.py:588} INFO - Filling up the DagBag from /home/ubuntu/airflow-venv/lib/python3.12/site-packages/airflow/example_dags/tutorial.py
[2026-02-25T08:26:40.072+0000] {processor.py:925} INFO - DAG(s) 'tutorial' retrieved from /home/ubuntu/airflow-venv/lib/python3.12/site-packages/airflow/example_dags/tutorial.py
[2026-02-25T08:26:40.082+0000] {logging_mixin.py:190} INFO - [2026-02-25T08:26:40.081+0000] {dag.py:3239} INFO - Sync 1 DAGs
[2026-02-25T08:26:40.093+0000] {logging_mixin.py:190} INFO - [2026-02-25T08:26:40.093+0000] {dag.py:4180} INFO - Setting next_dagrun for tutorial to 2026-02-24 00:00:00+00:00, run_after=2026-02-25 00:00:00+00:00
[2026-02-25T08:26:40.109+0000] {processor.py:208} INFO - Processing /home/ubuntu/airflow-venv/lib/python3.12/site-packages/airflow/example_dags/tutorial.py took 0.047 seconds
[2026-02-25T08:27:31.173+0000] {processor.py:186} INFO - Started process (PID=2958) to work on /home/ubuntu/airflow-venv/lib/python3.12/site-packages/airflow/example_dags/tutorial.py
[2026-02-25T08:27:31.174+0000] {processor.py:914} INFO - Processing file /home/ubuntu/airflow-venv/lib/python3.12/site-packages/airflow/example_dags/tutorial.py for tasks to queue
[2026-02-25T08:27:31.176+0000] {logging_mixin.py:190} INFO - [2026-02-25T08:27:31.175+0000] {dagbag.py:588} INFO - Filling up the DagBag from /home/ubuntu/airflow-venv/lib/python3.12/site-packages/airflow/example_dags/tutorial.py
[2026-02-25T08:27:31.181+0000] {processor.py:925} INFO - DAG(s) 'tutorial' retrieved from /home/ubuntu/airflow-venv/lib/python3.12/site-packages/airflow/example_dags/tutorial.py
[2026-02-25T08:27:31.191+0000] {logging_mixin.py:190} INFO - [2026-02-25T08:27:31.190+0000] {dag.py:3239} INFO - Sync 1 DAGs
[2026-02-25T08:27:31.202+0000] {logging_mixin.py:190} INFO - [2026-02-25T08:27:31.202+0000] {dag.py:4180} INFO - Setting next_dagrun for tutorial to 2026-02-24 00:00:00+00:00, run_after=2026-02-25 00:00:00+00:00
[2026-02-25T08:27:31.218+0000] {processor.py:208} INFO - Processing /home/ubuntu/airflow-venv/lib/python3.12/site-packages/airflow/example_dags/tutorial.py took 0.049 seconds
[2026-02-25T08:28:22.237+0000] {processor.py:186} INFO - Started process (PID=3013) to work on /home/ubuntu/airflow-venv/lib/python3.12/site-packages/airflow/example_dags/tutorial.py
[2026-02-25T08:28:22.238+0000] {processor.py:914} INFO - Processing file /home/ubuntu/airflow-venv/lib/python3.12/site-packages/airflow/example_dags/tutorial.py for tasks to queue
[2026-02-25T08:28:22.239+0000] {logging_mixin.py:190} INFO - [2026-02-25T08:28:22.239+0000] {dagbag.py:588} INFO - Filling up the DagBag from /home/ubuntu/airflow-venv/lib/python3.12/site-packages/airflow/example_dags/tutorial.py
[2026-02-25T08:28:22.244+0000] {processor.py:925} INFO - DAG(s) 'tutorial' retrieved from /home/ubuntu/airflow-venv/lib/python3.12/site-packages/airflow/example_dags/tutorial.py
[2026-02-25T08:28:22.254+0000] {logging_mixin.py:190} INFO - [2026-02-25T08:28:22.254+0000] {dag.py:3239} INFO - Sync 1 DAGs
[2026-02-25T08:28:22.344+0000] {logging_mixin.py:190} INFO - [2026-02-25T08:28:22.344+0000] {dag.py:4180} INFO - Setting next_dagrun for tutorial to 2026-02-24 00:00:00+00:00, run_after=2026-02-25 00:00:00+00:00
[2026-02-25T08:28:22.359+0000] {processor.py:208} INFO - Processing /home/ubuntu/airflow-venv/lib/python3.12/site-packages/airflow/example_dags/tutorial.py took 0.125 seconds
[2026-02-25T08:29:14.746+0000] {processor.py:186} INFO - Started process (PID=3066) to work on /home/ubuntu/airflow-venv/lib/python3.12/site-packages/airflow/example_dags/tutorial.py
[2026-02-25T08:29:14.747+0000] {processor.py:914} INFO - Processing file /home/ubuntu/airflow-venv/lib/python3.12/site-packages/airflow/example_dags/tutorial.py for tasks to queue
[2026-02-25T08:29:14.748+0000] {logging_mixin.py:190} INFO - [2026-02-25T08:29:14.748+0000] {dagbag.py:588} INFO - Filling up the DagBag from /home/ubuntu/airflow-venv/lib/python3.12/site-packages/airflow/example_dags/tutorial.py
[2026-02-25T08:29:14.753+0000] {processor.py:925} INFO - DAG(s) 'tutorial' retrieved from /home/ubuntu/airflow-venv/lib/python3.12/site-packages/airflow/example_dags/tutorial.py
[2026-02-25T08:29:14.762+0000] {logging_mixin.py:190} INFO - [2026-02-25T08:29:14.762+0000] {dag.py:3239} INFO - Sync 1 DAGs
[2026-02-25T08:29:14.774+0000] {logging_mixin.py:190} INFO - [2026-02-25T08:29:14.774+0000] {dag.py:4180} INFO - Setting next_dagrun for tutorial to 2026-02-24 00:00:00+00:00, run_after=2026-02-25 00:00:00+00:00
[2026-02-25T08:29:14.790+0000] {processor.py:208} INFO - Processing /home/ubuntu/airflow-venv/lib/python3.12/site-packages/airflow/example_dags/tutorial.py took 0.048 seconds
[2026-02-25T08:30:06.112+0000] {processor.py:186} INFO - Started process (PID=3119) to work on /home/ubuntu/airflow-venv/lib/python3.12/site-packages/airflow/example_dags/tutorial.py
[2026-02-25T08:30:06.114+0000] {processor.py:914} INFO - Processing file /home/ubuntu/airflow-venv/lib/python3.12/site-packages/airflow/example_dags/tutorial.py for tasks to queue
[2026-02-25T08:30:06.115+0000] {logging_mixin.py:190} INFO - [2026-02-25T08:30:06.115+0000] {dagbag.py:588} INFO - Filling up the DagBag from /home/ubuntu/airflow-venv/lib/python3.12/site-packages/airflow/example_dags/tutorial.py
[2026-02-25T08:30:06.120+0000] {processor.py:925} INFO - DAG(s) 'tutorial' retrieved from /home/ubuntu/airflow-venv/lib/python3.12/site-packages/airflow/example_dags/tutorial.py
[2026-02-25T08:30:06.129+0000] {logging_mixin.py:190} INFO - [2026-02-25T08:30:06.129+0000] {dag.py:3239} INFO - Sync 1 DAGs
[2026-02-25T08:30:06.141+0000] {logging_mixin.py:190} INFO - [2026-02-25T08:30:06.141+0000] {dag.py:4180} INFO - Setting next_dagrun for tutorial to 2026-02-24 00:00:00+00:00, run_after=2026-02-25 00:00:00+00:00
[2026-02-25T08:30:06.158+0000] {processor.py:208} INFO - Processing /home/ubuntu/airflow-venv/lib/python3.12/site-packages/airflow/example_dags/tutorial.py took 0.049 seconds
[2026-02-25T08:30:56.295+0000] {processor.py:186} INFO - Started process (PID=3176) to work on /home/ubuntu/airflow-venv/lib/python3.12/site-packages/airflow/example_dags/tutorial.py
[2026-02-25T08:30:56.296+0000] {processor.py:914} INFO - Processing file /home/ubuntu/airflow-venv/lib/python3.12/site-packages/airflow/example_dags/tutorial.py for tasks to queue
[2026-02-25T08:30:56.298+0000] {logging_mixin.py:190} INFO - [2026-02-25T08:30:56.297+0000] {dagbag.py:588} INFO - Filling up the DagBag from /home/ubuntu/airflow-venv/lib/python3.12/site-packages/airflow/example_dags/tutorial.py
[2026-02-25T08:30:56.303+0000] {processor.py:925} INFO - DAG(s) 'tutorial' retrieved from /home/ubuntu/airflow-venv/lib/python3.12/site-packages/airflow/example_dags/tutorial.py
[2026-02-25T08:30:56.312+0000] {logging_mixin.py:190} INFO - [2026-02-25T08:30:56.312+0000] {dag.py:3239} INFO - Sync 1 DAGs
[2026-02-25T08:30:56.324+0000] {logging_mixin.py:190} INFO - [2026-02-25T08:30:56.324+0000] {dag.py:4180} INFO - Setting next_dagrun for tutorial to 2026-02-24 00:00:00+00:00, run_after=2026-02-25 00:00:00+00:00
[2026-02-25T08:30:56.340+0000] {processor.py:208} INFO - Processing /home/ubuntu/airflow-venv/lib/python3.12/site-packages/airflow/example_dags/tutorial.py took 0.049 seconds
[2026-02-25T09:42:41.470+0000] {processor.py:186} INFO - Started process (PID=1731) to work on /home/ubuntu/airflow-venv/lib/python3.12/site-packages/airflow/example_dags/tutorial.py
[2026-02-25T09:42:41.473+0000] {processor.py:914} INFO - Processing file /home/ubuntu/airflow-venv/lib/python3.12/site-packages/airflow/example_dags/tutorial.py for tasks to queue
[2026-02-25T09:42:41.474+0000] {logging_mixin.py:190} INFO - [2026-02-25T09:42:41.474+0000] {dagbag.py:588} INFO - Filling up the DagBag from /home/ubuntu/airflow-venv/lib/python3.12/site-packages/airflow/example_dags/tutorial.py
[2026-02-25T09:42:41.479+0000] {processor.py:925} INFO - DAG(s) 'tutorial' retrieved from /home/ubuntu/airflow-venv/lib/python3.12/site-packages/airflow/example_dags/tutorial.py
[2026-02-25T09:42:41.492+0000] {logging_mixin.py:190} INFO - [2026-02-25T09:42:41.492+0000] {dag.py:3239} INFO - Sync 1 DAGs
[2026-02-25T09:42:41.506+0000] {logging_mixin.py:190} INFO - [2026-02-25T09:42:41.506+0000] {dag.py:4180} INFO - Setting next_dagrun for tutorial to 2026-02-24 00:00:00+00:00, run_after=2026-02-25 00:00:00+00:00
[2026-02-25T09:42:41.518+0000] {processor.py:208} INFO - Processing /home/ubuntu/airflow-venv/lib/python3.12/site-packages/airflow/example_dags/tutorial.py took 0.051 seconds
[2026-02-25T09:43:34.147+0000] {processor.py:186} INFO - Started process (PID=2221) to work on /home/ubuntu/airflow-venv/lib/python3.12/site-packages/airflow/example_dags/tutorial.py
[2026-02-25T09:43:34.148+0000] {processor.py:914} INFO - Processing file /home/ubuntu/airflow-venv/lib/python3.12/site-packages/airflow/example_dags/tutorial.py for tasks to queue
[2026-02-25T09:43:34.150+0000] {logging_mixin.py:190} INFO - [2026-02-25T09:43:34.149+0000] {dagbag.py:588} INFO - Filling up the DagBag from /home/ubuntu/airflow-venv/lib/python3.12/site-packages/airflow/example_dags/tutorial.py
[2026-02-25T09:43:34.154+0000] {processor.py:925} INFO - DAG(s) 'tutorial' retrieved from /home/ubuntu/airflow-venv/lib/python3.12/site-packages/airflow/example_dags/tutorial.py
[2026-02-25T09:43:34.163+0000] {logging_mixin.py:190} INFO - [2026-02-25T09:43:34.163+0000] {dag.py:3239} INFO - Sync 1 DAGs
[2026-02-25T09:43:34.174+0000] {logging_mixin.py:190} INFO - [2026-02-25T09:43:34.174+0000] {dag.py:4180} INFO - Setting next_dagrun for tutorial to 2026-02-24 00:00:00+00:00, run_after=2026-02-25 00:00:00+00:00
[2026-02-25T09:43:34.190+0000] {processor.py:208} INFO - Processing /home/ubuntu/airflow-venv/lib/python3.12/site-packages/airflow/example_dags/tutorial.py took 0.046 seconds
[2026-02-25T09:44:23.871+0000] {processor.py:186} INFO - Started process (PID=2699) to work on /home/ubuntu/airflow-venv/lib/python3.12/site-packages/airflow/example_dags/tutorial.py
[2026-02-25T09:44:23.872+0000] {processor.py:914} INFO - Processing file /home/ubuntu/airflow-venv/lib/python3.12/site-packages/airflow/example_dags/tutorial.py for tasks to queue
[2026-02-25T09:44:23.873+0000] {logging_mixin.py:190} INFO - [2026-02-25T09:44:23.873+0000] {dagbag.py:588} INFO - Filling up the DagBag from /home/ubuntu/airflow-venv/lib/python3.12/site-packages/airflow/example_dags/tutorial.py
[2026-02-25T09:44:23.878+0000] {processor.py:925} INFO - DAG(s) 'tutorial' retrieved from /home/ubuntu/airflow-venv/lib/python3.12/site-packages/airflow/example_dags/tutorial.py
[2026-02-25T09:44:23.887+0000] {logging_mixin.py:190} INFO - [2026-02-25T09:44:23.887+0000] {dag.py:3239} INFO - Sync 1 DAGs
[2026-02-25T09:44:23.899+0000] {logging_mixin.py:190} INFO - [2026-02-25T09:44:23.899+0000] {dag.py:4180} INFO - Setting next_dagrun for tutorial to 2026-02-24 00:00:00+00:00, run_after=2026-02-25 00:00:00+00:00
[2026-02-25T09:44:23.914+0000] {processor.py:208} INFO - Processing /home/ubuntu/airflow-venv/lib/python3.12/site-packages/airflow/example_dags/tutorial.py took 0.046 seconds
[2026-02-25T09:45:10.555+0000] {processor.py:186} INFO - Started process (PID=2753) to work on /home/ubuntu/airflow-venv/lib/python3.12/site-packages/airflow/example_dags/tutorial.py
[2026-02-25T09:45:10.556+0000] {processor.py:914} INFO - Processing file /home/ubuntu/airflow-venv/lib/python3.12/site-packages/airflow/example_dags/tutorial.py for tasks to queue
[2026-02-25T09:45:10.557+0000] {logging_mixin.py:190} INFO - [2026-02-25T09:45:10.557+0000] {dagbag.py:588} INFO - Filling up the DagBag from /home/ubuntu/airflow-venv/lib/python3.12/site-packages/airflow/example_dags/tutorial.py
[2026-02-25T09:45:10.562+0000] {processor.py:925} INFO - DAG(s) 'tutorial' retrieved from /home/ubuntu/airflow-venv/lib/python3.12/site-packages/airflow/example_dags/tutorial.py
[2026-02-25T09:45:10.571+0000] {logging_mixin.py:190} INFO - [2026-02-25T09:45:10.571+0000] {dag.py:3239} INFO - Sync 1 DAGs
[2026-02-25T09:45:10.582+0000] {logging_mixin.py:190} INFO - [2026-02-25T09:45:10.582+0000] {dag.py:4180} INFO - Setting next_dagrun for tutorial to 2026-02-24 00:00:00+00:00, run_after=2026-02-25 00:00:00+00:00
[2026-02-25T09:45:10.599+0000] {processor.py:208} INFO - Processing /home/ubuntu/airflow-venv/lib/python3.12/site-packages/airflow/example_dags/tutorial.py took 0.048 seconds
[2026-02-25T09:46:01.279+0000] {processor.py:186} INFO - Started process (PID=2806) to work on /home/ubuntu/airflow-venv/lib/python3.12/site-packages/airflow/example_dags/tutorial.py
[2026-02-25T09:46:01.280+0000] {processor.py:914} INFO - Processing file /home/ubuntu/airflow-venv/lib/python3.12/site-packages/airflow/example_dags/tutorial.py for tasks to queue
[2026-02-25T09:46:01.281+0000] {logging_mixin.py:190} INFO - [2026-02-25T09:46:01.281+0000] {dagbag.py:588} INFO - Filling up the DagBag from /home/ubuntu/airflow-venv/lib/python3.12/site-packages/airflow/example_dags/tutorial.py
[2026-02-25T09:46:01.286+0000] {processor.py:925} INFO - DAG(s) 'tutorial' retrieved from /home/ubuntu/airflow-venv/lib/python3.12/site-packages/airflow/example_dags/tutorial.py
[2026-02-25T09:46:01.296+0000] {logging_mixin.py:190} INFO - [2026-02-25T09:46:01.295+0000] {dag.py:3239} INFO - Sync 1 DAGs
[2026-02-25T09:46:01.307+0000] {logging_mixin.py:190} INFO - [2026-02-25T09:46:01.307+0000] {dag.py:4180} INFO - Setting next_dagrun for tutorial to 2026-02-24 00:00:00+00:00, run_after=2026-02-25 00:00:00+00:00
[2026-02-25T09:46:01.323+0000] {processor.py:208} INFO - Processing /home/ubuntu/airflow-venv/lib/python3.12/site-packages/airflow/example_dags/tutorial.py took 0.047 seconds
[2026-02-25T09:46:51.814+0000] {processor.py:186} INFO - Started process (PID=2858) to work on /home/ubuntu/airflow-venv/lib/python3.12/site-packages/airflow/example_dags/tutorial.py
[2026-02-25T09:46:51.815+0000] {processor.py:914} INFO - Processing file /home/ubuntu/airflow-venv/lib/python3.12/site-packages/airflow/example_dags/tutorial.py for tasks to queue
[2026-02-25T09:46:51.817+0000] {logging_mixin.py:190} INFO - [2026-02-25T09:46:51.816+0000] {dagbag.py:588} INFO - Filling up the DagBag from /home/ubuntu/airflow-venv/lib/python3.12/site-packages/airflow/example_dags/tutorial.py
[2026-02-25T09:46:51.822+0000] {processor.py:925} INFO - DAG(s) 'tutorial' retrieved from /home/ubuntu/airflow-venv/lib/python3.12/site-packages/airflow/example_dags/tutorial.py
[2026-02-25T09:46:51.831+0000] {logging_mixin.py:190} INFO - [2026-02-25T09:46:51.831+0000] {dag.py:3239} INFO - Sync 1 DAGs
[2026-02-25T09:46:51.843+0000] {logging_mixin.py:190} INFO - [2026-02-25T09:46:51.842+0000] {dag.py:4180} INFO - Setting next_dagrun for tutorial to 2026-02-24 00:00:00+00:00, run_after=2026-02-25 00:00:00+00:00
[2026-02-25T09:46:51.858+0000] {processor.py:208} INFO - Processing /home/ubuntu/airflow-venv/lib/python3.12/site-packages/airflow/example_dags/tutorial.py took 0.048 seconds
[2026-02-25T09:47:40.589+0000] {processor.py:186} INFO - Started process (PID=2920) to work on /home/ubuntu/airflow-venv/lib/python3.12/site-packages/airflow/example_dags/tutorial.py
[2026-02-25T09:47:40.590+0000] {processor.py:914} INFO - Processing file /home/ubuntu/airflow-venv/lib/python3.12/site-packages/airflow/example_dags/tutorial.py for tasks to queue
[2026-02-25T09:47:40.592+0000] {logging_mixin.py:190} INFO - [2026-02-25T09:47:40.591+0000] {dagbag.py:588} INFO - Filling up the DagBag from /home/ubuntu/airflow-venv/lib/python3.12/site-packages/airflow/example_dags/tutorial.py
[2026-02-25T09:47:40.597+0000] {processor.py:925} INFO - DAG(s) 'tutorial' retrieved from /home/ubuntu/airflow-venv/lib/python3.12/site-packages/airflow/example_dags/tutorial.py
[2026-02-25T09:47:40.606+0000] {logging_mixin.py:190} INFO - [2026-02-25T09:47:40.606+0000] {dag.py:3239} INFO - Sync 1 DAGs
[2026-02-25T09:47:40.618+0000] {logging_mixin.py:190} INFO - [2026-02-25T09:47:40.618+0000] {dag.py:4180} INFO - Setting next_dagrun for tutorial to 2026-02-24 00:00:00+00:00, run_after=2026-02-25 00:00:00+00:00
[2026-02-25T09:47:40.635+0000] {processor.py:208} INFO - Processing /home/ubuntu/airflow-venv/lib/python3.12/site-packages/airflow/example_dags/tutorial.py took 0.049 seconds
[2026-02-25T09:48:31.061+0000] {processor.py:186} INFO - Started process (PID=2972) to work on /home/ubuntu/airflow-venv/lib/python3.12/site-packages/airflow/example_dags/tutorial.py
[2026-02-25T09:48:31.063+0000] {processor.py:914} INFO - Processing file /home/ubuntu/airflow-venv/lib/python3.12/site-packages/airflow/example_dags/tutorial.py for tasks to queue
[2026-02-25T09:48:31.064+0000] {logging_mixin.py:190} INFO - [2026-02-25T09:48:31.064+0000] {dagbag.py:588} INFO - Filling up the DagBag from /home/ubuntu/airflow-venv/lib/python3.12/site-packages/airflow/example_dags/tutorial.py
[2026-02-25T09:48:31.069+0000] {processor.py:925} INFO - DAG(s) 'tutorial' retrieved from /home/ubuntu/airflow-venv/lib/python3.12/site-packages/airflow/example_dags/tutorial.py
[2026-02-25T09:48:31.078+0000] {logging_mixin.py:190} INFO - [2026-02-25T09:48:31.078+0000] {dag.py:3239} INFO - Sync 1 DAGs
[2026-02-25T09:48:31.166+0000] {logging_mixin.py:190} INFO - [2026-02-25T09:48:31.166+0000] {dag.py:4180} INFO - Setting next_dagrun for tutorial to 2026-02-24 00:00:00+00:00, run_after=2026-02-25 00:00:00+00:00
[2026-02-25T09:48:31.182+0000] {processor.py:208} INFO - Processing /home/ubuntu/airflow-venv/lib/python3.12/site-packages/airflow/example_dags/tutorial.py took 0.124 seconds
[2026-02-25T09:49:25.516+0000] {processor.py:186} INFO - Started process (PID=3025) to work on /home/ubuntu/airflow-venv/lib/python3.12/site-packages/airflow/example_dags/tutorial.py
[2026-02-25T09:49:25.518+0000] {processor.py:914} INFO - Processing file /home/ubuntu/airflow-venv/lib/python3.12/site-packages/airflow/example_dags/tutorial.py for tasks to queue
[2026-02-25T09:49:25.520+0000] {logging_mixin.py:190} INFO - [2026-02-25T09:49:25.519+0000] {dagbag.py:588} INFO - Filling up the DagBag from /home/ubuntu/airflow-venv/lib/python3.12/site-packages/airflow/example_dags/tutorial.py
[2026-02-25T09:49:25.525+0000] {processor.py:925} INFO - DAG(s) 'tutorial' retrieved from /home/ubuntu/airflow-venv/lib/python3.12/site-packages/airflow/example_dags/tutorial.py
[2026-02-25T09:49:25.534+0000] {logging_mixin.py:190} INFO - [2026-02-25T09:49:25.534+0000] {dag.py:3239} INFO - Sync 1 DAGs
[2026-02-25T09:49:25.546+0000] {logging_mixin.py:190} INFO - [2026-02-25T09:49:25.545+0000] {dag.py:4180} INFO - Setting next_dagrun for tutorial to 2026-02-24 00:00:00+00:00, run_after=2026-02-25 00:00:00+00:00
[2026-02-25T09:49:25.562+0000] {processor.py:208} INFO - Processing /home/ubuntu/airflow-venv/lib/python3.12/site-packages/airflow/example_dags/tutorial.py took 0.049 seconds
[2026-02-25T09:50:19.342+0000] {processor.py:186} INFO - Started process (PID=3084) to work on /home/ubuntu/airflow-venv/lib/python3.12/site-packages/airflow/example_dags/tutorial.py
[2026-02-25T09:50:19.343+0000] {processor.py:914} INFO - Processing file /home/ubuntu/airflow-venv/lib/python3.12/site-packages/airflow/example_dags/tutorial.py for tasks to queue
[2026-02-25T09:50:19.345+0000] {logging_mixin.py:190} INFO - [2026-02-25T09:50:19.345+0000] {dagbag.py:588} INFO - Filling up the DagBag from /home/ubuntu/airflow-venv/lib/python3.12/site-packages/airflow/example_dags/tutorial.py
[2026-02-25T09:50:19.350+0000] {processor.py:925} INFO - DAG(s) 'tutorial' retrieved from /home/ubuntu/airflow-venv/lib/python3.12/site-packages/airflow/example_dags/tutorial.py
[2026-02-25T09:50:19.360+0000] {logging_mixin.py:190} INFO - [2026-02-25T09:50:19.360+0000] {dag.py:3239} INFO - Sync 1 DAGs
[2026-02-25T09:50:19.372+0000] {logging_mixin.py:190} INFO - [2026-02-25T09:50:19.372+0000] {dag.py:4180} INFO - Setting next_dagrun for tutorial to 2026-02-24 00:00:00+00:00, run_after=2026-02-25 00:00:00+00:00
[2026-02-25T09:50:19.388+0000] {processor.py:208} INFO - Processing /home/ubuntu/airflow-venv/lib/python3.12/site-packages/airflow/example_dags/tutorial.py took 0.049 seconds
[2026-02-25T09:51:05.882+0000] {processor.py:186} INFO - Started process (PID=3134) to work on /home/ubuntu/airflow-venv/lib/python3.12/site-packages/airflow/example_dags/tutorial.py
[2026-02-25T09:51:05.883+0000] {processor.py:914} INFO - Processing file /home/ubuntu/airflow-venv/lib/python3.12/site-packages/airflow/example_dags/tutorial.py for tasks to queue
[2026-02-25T09:51:05.884+0000] {logging_mixin.py:190} INFO - [2026-02-25T09:51:05.884+0000] {dagbag.py:588} INFO - Filling up the DagBag from /home/ubuntu/airflow-venv/lib/python3.12/site-packages/airflow/example_dags/tutorial.py
[2026-02-25T09:51:05.889+0000] {processor.py:925} INFO - DAG(s) 'tutorial' retrieved from /home/ubuntu/airflow-venv/lib/python3.12/site-packages/airflow/example_dags/tutorial.py
[2026-02-25T09:51:05.899+0000] {logging_mixin.py:190} INFO - [2026-02-25T09:51:05.898+0000] {dag.py:3239} INFO - Sync 1 DAGs
[2026-02-25T09:51:05.910+0000] {logging_mixin.py:190} INFO - [2026-02-25T09:51:05.910+0000] {dag.py:4180} INFO - Setting next_dagrun for tutorial to 2026-02-24 00:00:00+00:00, run_after=2026-02-25 00:00:00+00:00
[2026-02-25T09:51:05.926+0000] {processor.py:208} INFO - Processing /home/ubuntu/airflow-venv/lib/python3.12/site-packages/airflow/example_dags/tutorial.py took 0.047 seconds
[2026-02-25T09:51:54.398+0000] {processor.py:186} INFO - Started process (PID=3185) to work on /home/ubuntu/airflow-venv/lib/python3.12/site-packages/airflow/example_dags/tutorial.py
[2026-02-25T09:51:54.399+0000] {processor.py:914} INFO - Processing file /home/ubuntu/airflow-venv/lib/python3.12/site-packages/airflow/example_dags/tutorial.py for tasks to queue
[2026-02-25T09:51:54.400+0000] {logging_mixin.py:190} INFO - [2026-02-25T09:51:54.400+0000] {dagbag.py:588} INFO - Filling up the DagBag from /home/ubuntu/airflow-venv/lib/python3.12/site-packages/airflow/example_dags/tutorial.py
[2026-02-25T09:51:54.406+0000] {processor.py:925} INFO - DAG(s) 'tutorial' retrieved from /home/ubuntu/airflow-venv/lib/python3.12/site-packages/airflow/example_dags/tutorial.py
[2026-02-25T09:51:54.415+0000] {logging_mixin.py:190} INFO - [2026-02-25T09:51:54.415+0000] {dag.py:3239} INFO - Sync 1 DAGs
[2026-02-25T09:51:54.427+0000] {logging_mixin.py:190} INFO - [2026-02-25T09:51:54.427+0000] {dag.py:4180} INFO - Setting next_dagrun for tutorial to 2026-02-24 00:00:00+00:00, run_after=2026-02-25 00:00:00+00:00
[2026-02-25T09:51:54.444+0000] {processor.py:208} INFO - Processing /home/ubuntu/airflow-venv/lib/python3.12/site-packages/airflow/example_dags/tutorial.py took 0.050 seconds
[2026-02-25T09:52:43.516+0000] {processor.py:186} INFO - Started process (PID=3242) to work on /home/ubuntu/airflow-venv/lib/python3.12/site-packages/airflow/example_dags/tutorial.py
[2026-02-25T09:52:43.517+0000] {processor.py:914} INFO - Processing file /home/ubuntu/airflow-venv/lib/python3.12/site-packages/airflow/example_dags/tutorial.py for tasks to queue
[2026-02-25T09:52:43.518+0000] {logging_mixin.py:190} INFO - [2026-02-25T09:52:43.518+0000] {dagbag.py:588} INFO - Filling up the DagBag from /home/ubuntu/airflow-venv/lib/python3.12/site-packages/airflow/example_dags/tutorial.py
[2026-02-25T09:52:43.523+0000] {processor.py:925} INFO - DAG(s) 'tutorial' retrieved from /home/ubuntu/airflow-venv/lib/python3.12/site-packages/airflow/example_dags/tutorial.py
[2026-02-25T09:52:43.533+0000] {logging_mixin.py:190} INFO - [2026-02-25T09:52:43.533+0000] {dag.py:3239} INFO - Sync 1 DAGs
[2026-02-25T09:52:43.544+0000] {logging_mixin.py:190} INFO - [2026-02-25T09:52:43.544+0000] {dag.py:4180} INFO - Setting next_dagrun for tutorial to 2026-02-24 00:00:00+00:00, run_after=2026-02-25 00:00:00+00:00
[2026-02-25T09:52:43.561+0000] {processor.py:208} INFO - Processing /home/ubuntu/airflow-venv/lib/python3.12/site-packages/airflow/example_dags/tutorial.py took 0.048 seconds
[2026-02-25T09:53:30.766+0000] {processor.py:186} INFO - Started process (PID=3293) to work on /home/ubuntu/airflow-venv/lib/python3.12/site-packages/airflow/example_dags/tutorial.py
[2026-02-25T09:53:30.767+0000] {processor.py:914} INFO - Processing file /home/ubuntu/airflow-venv/lib/python3.12/site-packages/airflow/example_dags/tutorial.py for tasks to queue
[2026-02-25T09:53:30.768+0000] {logging_mixin.py:190} INFO - [2026-02-25T09:53:30.768+0000] {dagbag.py:588} INFO - Filling up the DagBag from /home/ubuntu/airflow-venv/lib/python3.12/site-packages/airflow/example_dags/tutorial.py
[2026-02-25T09:53:30.774+0000] {processor.py:925} INFO - DAG(s) 'tutorial' retrieved from /home/ubuntu/airflow-venv/lib/python3.12/site-packages/airflow/example_dags/tutorial.py
[2026-02-25T09:53:30.783+0000] {logging_mixin.py:190} INFO - [2026-02-25T09:53:30.783+0000] {dag.py:3239} INFO - Sync 1 DAGs
[2026-02-25T09:53:30.795+0000] {logging_mixin.py:190} INFO - [2026-02-25T09:53:30.795+0000] {dag.py:4180} INFO - Setting next_dagrun for tutorial to 2026-02-24 00:00:00+00:00, run_after=2026-02-25 00:00:00+00:00
[2026-02-25T09:53:30.811+0000] {processor.py:208} INFO - Processing /home/ubuntu/airflow-venv/lib/python3.12/site-packages/airflow/example_dags/tutorial.py took 0.049 seconds
[2026-02-25T09:54:21.011+0000] {processor.py:186} INFO - Started process (PID=3344) to work on /home/ubuntu/airflow-venv/lib/python3.12/site-packages/airflow/example_dags/tutorial.py
[2026-02-25T09:54:21.013+0000] {processor.py:914} INFO - Processing file /home/ubuntu/airflow-venv/lib/python3.12/site-packages/airflow/example_dags/tutorial.py for tasks to queue
[2026-02-25T09:54:21.014+0000] {logging_mixin.py:190} INFO - [2026-02-25T09:54:21.014+0000] {dagbag.py:588} INFO - Filling up the DagBag from /home/ubuntu/airflow-venv/lib/python3.12/site-packages/airflow/example_dags/tutorial.py
[2026-02-25T09:54:21.019+0000] {processor.py:925} INFO - DAG(s) 'tutorial' retrieved from /home/ubuntu/airflow-venv/lib/python3.12/site-packages/airflow/example_dags/tutorial.py
[2026-02-25T09:54:21.029+0000] {logging_mixin.py:190} INFO - [2026-02-25T09:54:21.029+0000] {dag.py:3239} INFO - Sync 1 DAGs
[2026-02-25T09:54:21.040+0000] {logging_mixin.py:190} INFO - [2026-02-25T09:54:21.040+0000] {dag.py:4180} INFO - Setting next_dagrun for tutorial to 2026-02-24 00:00:00+00:00, run_after=2026-02-25 00:00:00+00:00
[2026-02-25T09:54:21.056+0000] {processor.py:208} INFO - Processing /home/ubuntu/airflow-venv/lib/python3.12/site-packages/airflow/example_dags/tutorial.py took 0.049 seconds
[2026-02-25T09:55:11.743+0000] {processor.py:186} INFO - Started process (PID=3401) to work on /home/ubuntu/airflow-venv/lib/python3.12/site-packages/airflow/example_dags/tutorial.py
[2026-02-25T09:55:11.744+0000] {processor.py:914} INFO - Processing file /home/ubuntu/airflow-venv/lib/python3.12/site-packages/airflow/example_dags/tutorial.py for tasks to queue
[2026-02-25T09:55:11.745+0000] {logging_mixin.py:190} INFO - [2026-02-25T09:55:11.745+0000] {dagbag.py:588} INFO - Filling up the DagBag from /home/ubuntu/airflow-venv/lib/python3.12/site-packages/airflow/example_dags/tutorial.py
[2026-02-25T09:55:11.751+0000] {processor.py:925} INFO - DAG(s) 'tutorial' retrieved from /home/ubuntu/airflow-venv/lib/python3.12/site-packages/airflow/example_dags/tutorial.py
[2026-02-25T09:55:11.760+0000] {logging_mixin.py:190} INFO - [2026-02-25T09:55:11.760+0000] {dag.py:3239} INFO - Sync 1 DAGs
[2026-02-25T09:55:11.773+0000] {logging_mixin.py:190} INFO - [2026-02-25T09:55:11.772+0000] {dag.py:4180} INFO - Setting next_dagrun for tutorial to 2026-02-24 00:00:00+00:00, run_after=2026-02-25 00:00:00+00:00
[2026-02-25T09:55:11.788+0000] {processor.py:208} INFO - Processing /home/ubuntu/airflow-venv/lib/python3.12/site-packages/airflow/example_dags/tutorial.py took 0.049 seconds
[2026-02-25T09:56:00.845+0000] {processor.py:186} INFO - Started process (PID=3452) to work on /home/ubuntu/airflow-venv/lib/python3.12/site-packages/airflow/example_dags/tutorial.py
[2026-02-25T09:56:00.847+0000] {processor.py:914} INFO - Processing file /home/ubuntu/airflow-venv/lib/python3.12/site-packages/airflow/example_dags/tutorial.py for tasks to queue
[2026-02-25T09:56:00.848+0000] {logging_mixin.py:190} INFO - [2026-02-25T09:56:00.848+0000] {dagbag.py:588} INFO - Filling up the DagBag from /home/ubuntu/airflow-venv/lib/python3.12/site-packages/airflow/example_dags/tutorial.py
[2026-02-25T09:56:00.853+0000] {processor.py:925} INFO - DAG(s) 'tutorial' retrieved from /home/ubuntu/airflow-venv/lib/python3.12/site-packages/airflow/example_dags/tutorial.py
[2026-02-25T09:56:00.863+0000] {logging_mixin.py:190} INFO - [2026-02-25T09:56:00.863+0000] {dag.py:3239} INFO - Sync 1 DAGs
[2026-02-25T09:56:00.874+0000] {logging_mixin.py:190} INFO - [2026-02-25T09:56:00.874+0000] {dag.py:4180} INFO - Setting next_dagrun for tutorial to 2026-02-24 00:00:00+00:00, run_after=2026-02-25 00:00:00+00:00
[2026-02-25T09:56:00.890+0000] {processor.py:208} INFO - Processing /home/ubuntu/airflow-venv/lib/python3.12/site-packages/airflow/example_dags/tutorial.py took 0.048 seconds
[2026-02-25T09:56:49.913+0000] {processor.py:186} INFO - Started process (PID=3504) to work on /home/ubuntu/airflow-venv/lib/python3.12/site-packages/airflow/example_dags/tutorial.py
[2026-02-25T09:56:49.915+0000] {processor.py:914} INFO - Processing file /home/ubuntu/airflow-venv/lib/python3.12/site-packages/airflow/example_dags/tutorial.py for tasks to queue
[2026-02-25T09:56:49.916+0000] {logging_mixin.py:190} INFO - [2026-02-25T09:56:49.916+0000] {dagbag.py:588} INFO - Filling up the DagBag from /home/ubuntu/airflow-venv/lib/python3.12/site-packages/airflow/example_dags/tutorial.py
[2026-02-25T09:56:49.922+0000] {processor.py:925} INFO - DAG(s) 'tutorial' retrieved from /home/ubuntu/airflow-venv/lib/python3.12/site-packages/airflow/example_dags/tutorial.py
[2026-02-25T09:56:49.931+0000] {logging_mixin.py:190} INFO - [2026-02-25T09:56:49.931+0000] {dag.py:3239} INFO - Sync 1 DAGs
[2026-02-25T09:56:49.943+0000] {logging_mixin.py:190} INFO - [2026-02-25T09:56:49.943+0000] {dag.py:4180} INFO - Setting next_dagrun for tutorial to 2026-02-24 00:00:00+00:00, run_after=2026-02-25 00:00:00+00:00
[2026-02-25T09:56:49.960+0000] {processor.py:208} INFO - Processing /home/ubuntu/airflow-venv/lib/python3.12/site-packages/airflow/example_dags/tutorial.py took 0.050 seconds
[2026-02-25T09:57:40.109+0000] {processor.py:186} INFO - Started process (PID=4001) to work on /home/ubuntu/airflow-venv/lib/python3.12/site-packages/airflow/example_dags/tutorial.py
[2026-02-25T09:57:40.110+0000] {processor.py:914} INFO - Processing file /home/ubuntu/airflow-venv/lib/python3.12/site-packages/airflow/example_dags/tutorial.py for tasks to queue
[2026-02-25T09:57:40.111+0000] {logging_mixin.py:190} INFO - [2026-02-25T09:57:40.111+0000] {dagbag.py:588} INFO - Filling up the DagBag from /home/ubuntu/airflow-venv/lib/python3.12/site-packages/airflow/example_dags/tutorial.py
[2026-02-25T09:57:40.117+0000] {processor.py:925} INFO - DAG(s) 'tutorial' retrieved from /home/ubuntu/airflow-venv/lib/python3.12/site-packages/airflow/example_dags/tutorial.py
[2026-02-25T09:57:40.126+0000] {logging_mixin.py:190} INFO - [2026-02-25T09:57:40.126+0000] {dag.py:3239} INFO - Sync 1 DAGs
[2026-02-25T09:57:40.138+0000] {logging_mixin.py:190} INFO - [2026-02-25T09:57:40.138+0000] {dag.py:4180} INFO - Setting next_dagrun for tutorial to 2026-02-24 00:00:00+00:00, run_after=2026-02-25 00:00:00+00:00
[2026-02-25T09:57:40.152+0000] {processor.py:208} INFO - Processing /home/ubuntu/airflow-venv/lib/python3.12/site-packages/airflow/example_dags/tutorial.py took 0.047 seconds
[2026-02-25T09:58:32.484+0000] {processor.py:186} INFO - Started process (PID=4054) to work on /home/ubuntu/airflow-venv/lib/python3.12/site-packages/airflow/example_dags/tutorial.py
[2026-02-25T09:58:32.485+0000] {processor.py:914} INFO - Processing file /home/ubuntu/airflow-venv/lib/python3.12/site-packages/airflow/example_dags/tutorial.py for tasks to queue
[2026-02-25T09:58:32.486+0000] {logging_mixin.py:190} INFO - [2026-02-25T09:58:32.486+0000] {dagbag.py:588} INFO - Filling up the DagBag from /home/ubuntu/airflow-venv/lib/python3.12/site-packages/airflow/example_dags/tutorial.py
[2026-02-25T09:58:32.492+0000] {processor.py:925} INFO - DAG(s) 'tutorial' retrieved from /home/ubuntu/airflow-venv/lib/python3.12/site-packages/airflow/example_dags/tutorial.py
[2026-02-25T09:58:32.501+0000] {logging_mixin.py:190} INFO - [2026-02-25T09:58:32.501+0000] {dag.py:3239} INFO - Sync 1 DAGs
[2026-02-25T09:58:32.513+0000] {logging_mixin.py:190} INFO - [2026-02-25T09:58:32.513+0000] {dag.py:4180} INFO - Setting next_dagrun for tutorial to 2026-02-24 00:00:00+00:00, run_after=2026-02-25 00:00:00+00:00
[2026-02-25T09:58:32.526+0000] {processor.py:208} INFO - Processing /home/ubuntu/airflow-venv/lib/python3.12/site-packages/airflow/example_dags/tutorial.py took 0.046 seconds
[2026-02-25T09:59:20.838+0000] {processor.py:186} INFO - Started process (PID=4106) to work on /home/ubuntu/airflow-venv/lib/python3.12/site-packages/airflow/example_dags/tutorial.py
[2026-02-25T09:59:20.839+0000] {processor.py:914} INFO - Processing file /home/ubuntu/airflow-venv/lib/python3.12/site-packages/airflow/example_dags/tutorial.py for tasks to queue
[2026-02-25T09:59:20.840+0000] {logging_mixin.py:190} INFO - [2026-02-25T09:59:20.840+0000] {dagbag.py:588} INFO - Filling up the DagBag from /home/ubuntu/airflow-venv/lib/python3.12/site-packages/airflow/example_dags/tutorial.py
[2026-02-25T09:59:20.846+0000] {processor.py:925} INFO - DAG(s) 'tutorial' retrieved from /home/ubuntu/airflow-venv/lib/python3.12/site-packages/airflow/example_dags/tutorial.py
[2026-02-25T09:59:20.855+0000] {logging_mixin.py:190} INFO - [2026-02-25T09:59:20.855+0000] {dag.py:3239} INFO - Sync 1 DAGs
[2026-02-25T09:59:20.867+0000] {logging_mixin.py:190} INFO - [2026-02-25T09:59:20.867+0000] {dag.py:4180} INFO - Setting next_dagrun for tutorial to 2026-02-24 00:00:00+00:00, run_after=2026-02-25 00:00:00+00:00
[2026-02-25T09:59:20.880+0000] {processor.py:208} INFO - Processing /home/ubuntu/airflow-venv/lib/python3.12/site-packages/airflow/example_dags/tutorial.py took 0.045 seconds
[2026-02-25T10:00:09.273+0000] {processor.py:186} INFO - Started process (PID=4159) to work on /home/ubuntu/airflow-venv/lib/python3.12/site-packages/airflow/example_dags/tutorial.py
[2026-02-25T10:00:09.274+0000] {processor.py:914} INFO - Processing file /home/ubuntu/airflow-venv/lib/python3.12/site-packages/airflow/example_dags/tutorial.py for tasks to queue
[2026-02-25T10:00:09.276+0000] {logging_mixin.py:190} INFO - [2026-02-25T10:00:09.275+0000] {dagbag.py:588} INFO - Filling up the DagBag from /home/ubuntu/airflow-venv/lib/python3.12/site-packages/airflow/example_dags/tutorial.py
[2026-02-25T10:00:09.281+0000] {processor.py:925} INFO - DAG(s) 'tutorial' retrieved from /home/ubuntu/airflow-venv/lib/python3.12/site-packages/airflow/example_dags/tutorial.py
[2026-02-25T10:00:09.291+0000] {logging_mixin.py:190} INFO - [2026-02-25T10:00:09.290+0000] {dag.py:3239} INFO - Sync 1 DAGs
[2026-02-25T10:00:09.302+0000] {logging_mixin.py:190} INFO - [2026-02-25T10:00:09.302+0000] {dag.py:4180} INFO - Setting next_dagrun for tutorial to 2026-02-24 00:00:00+00:00, run_after=2026-02-25 00:00:00+00:00
[2026-02-25T10:00:09.315+0000] {processor.py:208} INFO - Processing /home/ubuntu/airflow-venv/lib/python3.12/site-packages/airflow/example_dags/tutorial.py took 0.046 seconds
[2026-02-25T10:00:59.509+0000] {processor.py:186} INFO - Started process (PID=4212) to work on /home/ubuntu/airflow-venv/lib/python3.12/site-packages/airflow/example_dags/tutorial.py
[2026-02-25T10:00:59.510+0000] {processor.py:914} INFO - Processing file /home/ubuntu/airflow-venv/lib/python3.12/site-packages/airflow/example_dags/tutorial.py for tasks to queue
[2026-02-25T10:00:59.511+0000] {logging_mixin.py:190} INFO - [2026-02-25T10:00:59.511+0000] {dagbag.py:588} INFO - Filling up the DagBag from /home/ubuntu/airflow-venv/lib/python3.12/site-packages/airflow/example_dags/tutorial.py
[2026-02-25T10:00:59.517+0000] {processor.py:925} INFO - DAG(s) 'tutorial' retrieved from /home/ubuntu/airflow-venv/lib/python3.12/site-packages/airflow/example_dags/tutorial.py
[2026-02-25T10:00:59.526+0000] {logging_mixin.py:190} INFO - [2026-02-25T10:00:59.526+0000] {dag.py:3239} INFO - Sync 1 DAGs
[2026-02-25T10:00:59.539+0000] {logging_mixin.py:190} INFO - [2026-02-25T10:00:59.539+0000] {dag.py:4180} INFO - Setting next_dagrun for tutorial to 2026-02-24 00:00:00+00:00, run_after=2026-02-25 00:00:00+00:00
[2026-02-25T10:00:59.555+0000] {processor.py:208} INFO - Processing /home/ubuntu/airflow-venv/lib/python3.12/site-packages/airflow/example_dags/tutorial.py took 0.050 seconds
[2026-02-25T10:01:52.025+0000] {processor.py:186} INFO - Started process (PID=4268) to work on /home/ubuntu/airflow-venv/lib/python3.12/site-packages/airflow/example_dags/tutorial.py
[2026-02-25T10:01:52.027+0000] {processor.py:914} INFO - Processing file /home/ubuntu/airflow-venv/lib/python3.12/site-packages/airflow/example_dags/tutorial.py for tasks to queue
[2026-02-25T10:01:52.028+0000] {logging_mixin.py:190} INFO - [2026-02-25T10:01:52.028+0000] {dagbag.py:588} INFO - Filling up the DagBag from /home/ubuntu/airflow-venv/lib/python3.12/site-packages/airflow/example_dags/tutorial.py
[2026-02-25T10:01:52.034+0000] {processor.py:925} INFO - DAG(s) 'tutorial' retrieved from /home/ubuntu/airflow-venv/lib/python3.12/site-packages/airflow/example_dags/tutorial.py
[2026-02-25T10:01:52.044+0000] {logging_mixin.py:190} INFO - [2026-02-25T10:01:52.043+0000] {dag.py:3239} INFO - Sync 1 DAGs
[2026-02-25T10:01:52.055+0000] {logging_mixin.py:190} INFO - [2026-02-25T10:01:52.055+0000] {dag.py:4180} INFO - Setting next_dagrun for tutorial to 2026-02-24 00:00:00+00:00, run_after=2026-02-25 00:00:00+00:00
[2026-02-25T10:01:52.072+0000] {processor.py:208} INFO - Processing /home/ubuntu/airflow-venv/lib/python3.12/site-packages/airflow/example_dags/tutorial.py took 0.050 seconds
[2026-02-25T10:02:41.486+0000] {processor.py:186} INFO - Started process (PID=4324) to work on /home/ubuntu/airflow-venv/lib/python3.12/site-packages/airflow/example_dags/tutorial.py
[2026-02-25T10:02:41.487+0000] {processor.py:914} INFO - Processing file /home/ubuntu/airflow-venv/lib/python3.12/site-packages/airflow/example_dags/tutorial.py for tasks to queue
[2026-02-25T10:02:41.489+0000] {logging_mixin.py:190} INFO - [2026-02-25T10:02:41.488+0000] {dagbag.py:588} INFO - Filling up the DagBag from /home/ubuntu/airflow-venv/lib/python3.12/site-packages/airflow/example_dags/tutorial.py
[2026-02-25T10:02:41.494+0000] {processor.py:925} INFO - DAG(s) 'tutorial' retrieved from /home/ubuntu/airflow-venv/lib/python3.12/site-packages/airflow/example_dags/tutorial.py
[2026-02-25T10:02:41.504+0000] {logging_mixin.py:190} INFO - [2026-02-25T10:02:41.504+0000] {dag.py:3239} INFO - Sync 1 DAGs
[2026-02-25T10:02:41.516+0000] {logging_mixin.py:190} INFO - [2026-02-25T10:02:41.516+0000] {dag.py:4180} INFO - Setting next_dagrun for tutorial to 2026-02-24 00:00:00+00:00, run_after=2026-02-25 00:00:00+00:00
[2026-02-25T10:02:41.532+0000] {processor.py:208} INFO - Processing /home/ubuntu/airflow-venv/lib/python3.12/site-packages/airflow/example_dags/tutorial.py took 0.050 seconds
[2026-02-25T10:03:31.346+0000] {processor.py:186} INFO - Started process (PID=4377) to work on /home/ubuntu/airflow-venv/lib/python3.12/site-packages/airflow/example_dags/tutorial.py
[2026-02-25T10:03:31.347+0000] {processor.py:914} INFO - Processing file /home/ubuntu/airflow-venv/lib/python3.12/site-packages/airflow/example_dags/tutorial.py for tasks to queue
[2026-02-25T10:03:31.348+0000] {logging_mixin.py:190} INFO - [2026-02-25T10:03:31.348+0000] {dagbag.py:588} INFO - Filling up the DagBag from /home/ubuntu/airflow-venv/lib/python3.12/site-packages/airflow/example_dags/tutorial.py
[2026-02-25T10:03:31.354+0000] {processor.py:925} INFO - DAG(s) 'tutorial' retrieved from /home/ubuntu/airflow-venv/lib/python3.12/site-packages/airflow/example_dags/tutorial.py
[2026-02-25T10:03:31.364+0000] {logging_mixin.py:190} INFO - [2026-02-25T10:03:31.363+0000] {dag.py:3239} INFO - Sync 1 DAGs
[2026-02-25T10:03:31.376+0000] {logging_mixin.py:190} INFO - [2026-02-25T10:03:31.376+0000] {dag.py:4180} INFO - Setting next_dagrun for tutorial to 2026-02-24 00:00:00+00:00, run_after=2026-02-25 00:00:00+00:00
[2026-02-25T10:03:31.392+0000] {processor.py:208} INFO - Processing /home/ubuntu/airflow-venv/lib/python3.12/site-packages/airflow/example_dags/tutorial.py took 0.050 seconds
[2026-02-25T10:05:26.142+0000] {processor.py:186} INFO - Started process (PID=1801) to work on /home/ubuntu/airflow-venv/lib/python3.12/site-packages/airflow/example_dags/tutorial.py
[2026-02-25T10:05:26.143+0000] {processor.py:914} INFO - Processing file /home/ubuntu/airflow-venv/lib/python3.12/site-packages/airflow/example_dags/tutorial.py for tasks to queue
[2026-02-25T10:05:26.145+0000] {logging_mixin.py:190} INFO - [2026-02-25T10:05:26.144+0000] {dagbag.py:588} INFO - Filling up the DagBag from /home/ubuntu/airflow-venv/lib/python3.12/site-packages/airflow/example_dags/tutorial.py
[2026-02-25T10:05:26.150+0000] {processor.py:925} INFO - DAG(s) 'tutorial' retrieved from /home/ubuntu/airflow-venv/lib/python3.12/site-packages/airflow/example_dags/tutorial.py
[2026-02-25T10:05:26.162+0000] {logging_mixin.py:190} INFO - [2026-02-25T10:05:26.162+0000] {dag.py:3239} INFO - Sync 1 DAGs
[2026-02-25T10:05:26.177+0000] {logging_mixin.py:190} INFO - [2026-02-25T10:05:26.177+0000] {dag.py:4180} INFO - Setting next_dagrun for tutorial to 2026-02-24 00:00:00+00:00, run_after=2026-02-25 00:00:00+00:00
[2026-02-25T10:05:26.191+0000] {processor.py:208} INFO - Processing /home/ubuntu/airflow-venv/lib/python3.12/site-packages/airflow/example_dags/tutorial.py took 0.052 seconds
[2026-02-25T10:06:18.812+0000] {processor.py:186} INFO - Started process (PID=2774) to work on /home/ubuntu/airflow-venv/lib/python3.12/site-packages/airflow/example_dags/tutorial.py
[2026-02-25T10:06:18.813+0000] {processor.py:914} INFO - Processing file /home/ubuntu/airflow-venv/lib/python3.12/site-packages/airflow/example_dags/tutorial.py for tasks to queue
[2026-02-25T10:06:18.815+0000] {logging_mixin.py:190} INFO - [2026-02-25T10:06:18.815+0000] {dagbag.py:588} INFO - Filling up the DagBag from /home/ubuntu/airflow-venv/lib/python3.12/site-packages/airflow/example_dags/tutorial.py
[2026-02-25T10:06:18.819+0000] {processor.py:925} INFO - DAG(s) 'tutorial' retrieved from /home/ubuntu/airflow-venv/lib/python3.12/site-packages/airflow/example_dags/tutorial.py
[2026-02-25T10:06:18.828+0000] {logging_mixin.py:190} INFO - [2026-02-25T10:06:18.828+0000] {dag.py:3239} INFO - Sync 1 DAGs
[2026-02-25T10:06:18.840+0000] {logging_mixin.py:190} INFO - [2026-02-25T10:06:18.839+0000] {dag.py:4180} INFO - Setting next_dagrun for tutorial to 2026-02-24 00:00:00+00:00, run_after=2026-02-25 00:00:00+00:00
[2026-02-25T10:06:18.855+0000] {processor.py:208} INFO - Processing /home/ubuntu/airflow-venv/lib/python3.12/site-packages/airflow/example_dags/tutorial.py took 0.046 seconds
[2026-02-25T10:07:08.545+0000] {processor.py:186} INFO - Started process (PID=2830) to work on /home/ubuntu/airflow-venv/lib/python3.12/site-packages/airflow/example_dags/tutorial.py
[2026-02-25T10:07:08.547+0000] {processor.py:914} INFO - Processing file /home/ubuntu/airflow-venv/lib/python3.12/site-packages/airflow/example_dags/tutorial.py for tasks to queue
[2026-02-25T10:07:08.548+0000] {logging_mixin.py:190} INFO - [2026-02-25T10:07:08.548+0000] {dagbag.py:588} INFO - Filling up the DagBag from /home/ubuntu/airflow-venv/lib/python3.12/site-packages/airflow/example_dags/tutorial.py
[2026-02-25T10:07:08.553+0000] {processor.py:925} INFO - DAG(s) 'tutorial' retrieved from /home/ubuntu/airflow-venv/lib/python3.12/site-packages/airflow/example_dags/tutorial.py
[2026-02-25T10:07:08.562+0000] {logging_mixin.py:190} INFO - [2026-02-25T10:07:08.561+0000] {dag.py:3239} INFO - Sync 1 DAGs
[2026-02-25T10:07:08.573+0000] {logging_mixin.py:190} INFO - [2026-02-25T10:07:08.573+0000] {dag.py:4180} INFO - Setting next_dagrun for tutorial to 2026-02-24 00:00:00+00:00, run_after=2026-02-25 00:00:00+00:00
[2026-02-25T10:07:08.588+0000] {processor.py:208} INFO - Processing /home/ubuntu/airflow-venv/lib/python3.12/site-packages/airflow/example_dags/tutorial.py took 0.046 seconds
[2026-02-25T10:07:55.235+0000] {processor.py:186} INFO - Started process (PID=2880) to work on /home/ubuntu/airflow-venv/lib/python3.12/site-packages/airflow/example_dags/tutorial.py
[2026-02-25T10:07:55.236+0000] {processor.py:914} INFO - Processing file /home/ubuntu/airflow-venv/lib/python3.12/site-packages/airflow/example_dags/tutorial.py for tasks to queue
[2026-02-25T10:07:55.237+0000] {logging_mixin.py:190} INFO - [2026-02-25T10:07:55.237+0000] {dagbag.py:588} INFO - Filling up the DagBag from /home/ubuntu/airflow-venv/lib/python3.12/site-packages/airflow/example_dags/tutorial.py
[2026-02-25T10:07:55.242+0000] {processor.py:925} INFO - DAG(s) 'tutorial' retrieved from /home/ubuntu/airflow-venv/lib/python3.12/site-packages/airflow/example_dags/tutorial.py
[2026-02-25T10:07:55.251+0000] {logging_mixin.py:190} INFO - [2026-02-25T10:07:55.251+0000] {dag.py:3239} INFO - Sync 1 DAGs
[2026-02-25T10:07:55.263+0000] {logging_mixin.py:190} INFO - [2026-02-25T10:07:55.263+0000] {dag.py:4180} INFO - Setting next_dagrun for tutorial to 2026-02-24 00:00:00+00:00, run_after=2026-02-25 00:00:00+00:00
[2026-02-25T10:07:55.279+0000] {processor.py:208} INFO - Processing /home/ubuntu/airflow-venv/lib/python3.12/site-packages/airflow/example_dags/tutorial.py took 0.047 seconds
[2026-02-25T10:08:45.950+0000] {processor.py:186} INFO - Started process (PID=2933) to work on /home/ubuntu/airflow-venv/lib/python3.12/site-packages/airflow/example_dags/tutorial.py
[2026-02-25T10:08:45.951+0000] {processor.py:914} INFO - Processing file /home/ubuntu/airflow-venv/lib/python3.12/site-packages/airflow/example_dags/tutorial.py for tasks to queue
[2026-02-25T10:08:45.952+0000] {logging_mixin.py:190} INFO - [2026-02-25T10:08:45.952+0000] {dagbag.py:588} INFO - Filling up the DagBag from /home/ubuntu/airflow-venv/lib/python3.12/site-packages/airflow/example_dags/tutorial.py
[2026-02-25T10:08:45.958+0000] {processor.py:925} INFO - DAG(s) 'tutorial' retrieved from /home/ubuntu/airflow-venv/lib/python3.12/site-packages/airflow/example_dags/tutorial.py
[2026-02-25T10:08:45.967+0000] {logging_mixin.py:190} INFO - [2026-02-25T10:08:45.967+0000] {dag.py:3239} INFO - Sync 1 DAGs
[2026-02-25T10:08:45.979+0000] {logging_mixin.py:190} INFO - [2026-02-25T10:08:45.978+0000] {dag.py:4180} INFO - Setting next_dagrun for tutorial to 2026-02-24 00:00:00+00:00, run_after=2026-02-25 00:00:00+00:00
[2026-02-25T10:08:45.995+0000] {processor.py:208} INFO - Processing /home/ubuntu/airflow-venv/lib/python3.12/site-packages/airflow/example_dags/tutorial.py took 0.048 seconds
[2026-02-25T10:09:36.486+0000] {processor.py:186} INFO - Started process (PID=2985) to work on /home/ubuntu/airflow-venv/lib/python3.12/site-packages/airflow/example_dags/tutorial.py
[2026-02-25T10:09:36.487+0000] {processor.py:914} INFO - Processing file /home/ubuntu/airflow-venv/lib/python3.12/site-packages/airflow/example_dags/tutorial.py for tasks to queue
[2026-02-25T10:09:36.488+0000] {logging_mixin.py:190} INFO - [2026-02-25T10:09:36.488+0000] {dagbag.py:588} INFO - Filling up the DagBag from /home/ubuntu/airflow-venv/lib/python3.12/site-packages/airflow/example_dags/tutorial.py
[2026-02-25T10:09:36.493+0000] {processor.py:925} INFO - DAG(s) 'tutorial' retrieved from /home/ubuntu/airflow-venv/lib/python3.12/site-packages/airflow/example_dags/tutorial.py
[2026-02-25T10:09:36.503+0000] {logging_mixin.py:190} INFO - [2026-02-25T10:09:36.503+0000] {dag.py:3239} INFO - Sync 1 DAGs
[2026-02-25T10:09:36.516+0000] {logging_mixin.py:190} INFO - [2026-02-25T10:09:36.516+0000] {dag.py:4180} INFO - Setting next_dagrun for tutorial to 2026-02-24 00:00:00+00:00, run_after=2026-02-25 00:00:00+00:00
[2026-02-25T10:09:36.533+0000] {processor.py:208} INFO - Processing /home/ubuntu/airflow-venv/lib/python3.12/site-packages/airflow/example_dags/tutorial.py took 0.051 seconds
[2026-02-25T10:10:25.261+0000] {processor.py:186} INFO - Started process (PID=3048) to work on /home/ubuntu/airflow-venv/lib/python3.12/site-packages/airflow/example_dags/tutorial.py
[2026-02-25T10:10:25.263+0000] {processor.py:914} INFO - Processing file /home/ubuntu/airflow-venv/lib/python3.12/site-packages/airflow/example_dags/tutorial.py for tasks to queue
[2026-02-25T10:10:25.264+0000] {logging_mixin.py:190} INFO - [2026-02-25T10:10:25.264+0000] {dagbag.py:588} INFO - Filling up the DagBag from /home/ubuntu/airflow-venv/lib/python3.12/site-packages/airflow/example_dags/tutorial.py
[2026-02-25T10:10:25.269+0000] {processor.py:925} INFO - DAG(s) 'tutorial' retrieved from /home/ubuntu/airflow-venv/lib/python3.12/site-packages/airflow/example_dags/tutorial.py
[2026-02-25T10:10:25.278+0000] {logging_mixin.py:190} INFO - [2026-02-25T10:10:25.278+0000] {dag.py:3239} INFO - Sync 1 DAGs
[2026-02-25T10:10:25.290+0000] {logging_mixin.py:190} INFO - [2026-02-25T10:10:25.290+0000] {dag.py:4180} INFO - Setting next_dagrun for tutorial to 2026-02-24 00:00:00+00:00, run_after=2026-02-25 00:00:00+00:00
[2026-02-25T10:10:25.306+0000] {processor.py:208} INFO - Processing /home/ubuntu/airflow-venv/lib/python3.12/site-packages/airflow/example_dags/tutorial.py took 0.048 seconds
[2026-02-25T10:11:15.735+0000] {processor.py:186} INFO - Started process (PID=3101) to work on /home/ubuntu/airflow-venv/lib/python3.12/site-packages/airflow/example_dags/tutorial.py
[2026-02-25T10:11:15.737+0000] {processor.py:914} INFO - Processing file /home/ubuntu/airflow-venv/lib/python3.12/site-packages/airflow/example_dags/tutorial.py for tasks to queue
[2026-02-25T10:11:15.738+0000] {logging_mixin.py:190} INFO - [2026-02-25T10:11:15.737+0000] {dagbag.py:588} INFO - Filling up the DagBag from /home/ubuntu/airflow-venv/lib/python3.12/site-packages/airflow/example_dags/tutorial.py
[2026-02-25T10:11:15.743+0000] {processor.py:925} INFO - DAG(s) 'tutorial' retrieved from /home/ubuntu/airflow-venv/lib/python3.12/site-packages/airflow/example_dags/tutorial.py
[2026-02-25T10:11:15.752+0000] {logging_mixin.py:190} INFO - [2026-02-25T10:11:15.751+0000] {dag.py:3239} INFO - Sync 1 DAGs
[2026-02-25T10:11:15.831+0000] {logging_mixin.py:190} INFO - [2026-02-25T10:11:15.831+0000] {dag.py:4180} INFO - Setting next_dagrun for tutorial to 2026-02-24 00:00:00+00:00, run_after=2026-02-25 00:00:00+00:00
[2026-02-25T10:11:15.846+0000] {processor.py:208} INFO - Processing /home/ubuntu/airflow-venv/lib/python3.12/site-packages/airflow/example_dags/tutorial.py took 0.114 seconds
[2026-02-25T10:12:09.030+0000] {processor.py:186} INFO - Started process (PID=3154) to work on /home/ubuntu/airflow-venv/lib/python3.12/site-packages/airflow/example_dags/tutorial.py
[2026-02-25T10:12:09.031+0000] {processor.py:914} INFO - Processing file /home/ubuntu/airflow-venv/lib/python3.12/site-packages/airflow/example_dags/tutorial.py for tasks to queue
[2026-02-25T10:12:09.032+0000] {logging_mixin.py:190} INFO - [2026-02-25T10:12:09.032+0000] {dagbag.py:588} INFO - Filling up the DagBag from /home/ubuntu/airflow-venv/lib/python3.12/site-packages/airflow/example_dags/tutorial.py
[2026-02-25T10:12:09.037+0000] {processor.py:925} INFO - DAG(s) 'tutorial' retrieved from /home/ubuntu/airflow-venv/lib/python3.12/site-packages/airflow/example_dags/tutorial.py
[2026-02-25T10:12:09.047+0000] {logging_mixin.py:190} INFO - [2026-02-25T10:12:09.047+0000] {dag.py:3239} INFO - Sync 1 DAGs
[2026-02-25T10:12:09.059+0000] {logging_mixin.py:190} INFO - [2026-02-25T10:12:09.059+0000] {dag.py:4180} INFO - Setting next_dagrun for tutorial to 2026-02-24 00:00:00+00:00, run_after=2026-02-25 00:00:00+00:00
[2026-02-25T10:12:09.076+0000] {processor.py:208} INFO - Processing /home/ubuntu/airflow-venv/lib/python3.12/site-packages/airflow/example_dags/tutorial.py took 0.050 seconds
[2026-02-25T10:13:01.472+0000] {processor.py:186} INFO - Started process (PID=3208) to work on /home/ubuntu/airflow-venv/lib/python3.12/site-packages/airflow/example_dags/tutorial.py
[2026-02-25T10:13:01.473+0000] {processor.py:914} INFO - Processing file /home/ubuntu/airflow-venv/lib/python3.12/site-packages/airflow/example_dags/tutorial.py for tasks to queue
[2026-02-25T10:13:01.475+0000] {logging_mixin.py:190} INFO - [2026-02-25T10:13:01.474+0000] {dagbag.py:588} INFO - Filling up the DagBag from /home/ubuntu/airflow-venv/lib/python3.12/site-packages/airflow/example_dags/tutorial.py
[2026-02-25T10:13:01.480+0000] {processor.py:925} INFO - DAG(s) 'tutorial' retrieved from /home/ubuntu/airflow-venv/lib/python3.12/site-packages/airflow/example_dags/tutorial.py
[2026-02-25T10:13:01.489+0000] {logging_mixin.py:190} INFO - [2026-02-25T10:13:01.489+0000] {dag.py:3239} INFO - Sync 1 DAGs
[2026-02-25T10:13:01.501+0000] {logging_mixin.py:190} INFO - [2026-02-25T10:13:01.501+0000] {dag.py:4180} INFO - Setting next_dagrun for tutorial to 2026-02-24 00:00:00+00:00, run_after=2026-02-25 00:00:00+00:00
[2026-02-25T10:13:01.517+0000] {processor.py:208} INFO - Processing /home/ubuntu/airflow-venv/lib/python3.12/site-packages/airflow/example_dags/tutorial.py took 0.048 seconds
[2026-02-25T10:13:49.975+0000] {processor.py:186} INFO - Started process (PID=3261) to work on /home/ubuntu/airflow-venv/lib/python3.12/site-packages/airflow/example_dags/tutorial.py
[2026-02-25T10:13:49.976+0000] {processor.py:914} INFO - Processing file /home/ubuntu/airflow-venv/lib/python3.12/site-packages/airflow/example_dags/tutorial.py for tasks to queue
[2026-02-25T10:13:49.977+0000] {logging_mixin.py:190} INFO - [2026-02-25T10:13:49.977+0000] {dagbag.py:588} INFO - Filling up the DagBag from /home/ubuntu/airflow-venv/lib/python3.12/site-packages/airflow/example_dags/tutorial.py
[2026-02-25T10:13:49.982+0000] {processor.py:925} INFO - DAG(s) 'tutorial' retrieved from /home/ubuntu/airflow-venv/lib/python3.12/site-packages/airflow/example_dags/tutorial.py
[2026-02-25T10:13:49.991+0000] {logging_mixin.py:190} INFO - [2026-02-25T10:13:49.991+0000] {dag.py:3239} INFO - Sync 1 DAGs
[2026-02-25T10:13:50.003+0000] {logging_mixin.py:190} INFO - [2026-02-25T10:13:50.003+0000] {dag.py:4180} INFO - Setting next_dagrun for tutorial to 2026-02-24 00:00:00+00:00, run_after=2026-02-25 00:00:00+00:00
[2026-02-25T10:13:50.019+0000] {processor.py:208} INFO - Processing /home/ubuntu/airflow-venv/lib/python3.12/site-packages/airflow/example_dags/tutorial.py took 0.047 seconds
[2026-02-25T10:14:39.103+0000] {processor.py:186} INFO - Started process (PID=3315) to work on /home/ubuntu/airflow-venv/lib/python3.12/site-packages/airflow/example_dags/tutorial.py
[2026-02-25T10:14:39.104+0000] {processor.py:914} INFO - Processing file /home/ubuntu/airflow-venv/lib/python3.12/site-packages/airflow/example_dags/tutorial.py for tasks to queue
[2026-02-25T10:14:39.105+0000] {logging_mixin.py:190} INFO - [2026-02-25T10:14:39.105+0000] {dagbag.py:588} INFO - Filling up the DagBag from /home/ubuntu/airflow-venv/lib/python3.12/site-packages/airflow/example_dags/tutorial.py
[2026-02-25T10:14:39.111+0000] {processor.py:925} INFO - DAG(s) 'tutorial' retrieved from /home/ubuntu/airflow-venv/lib/python3.12/site-packages/airflow/example_dags/tutorial.py
[2026-02-25T10:14:39.120+0000] {logging_mixin.py:190} INFO - [2026-02-25T10:14:39.120+0000] {dag.py:3239} INFO - Sync 1 DAGs
[2026-02-25T10:14:39.132+0000] {logging_mixin.py:190} INFO - [2026-02-25T10:14:39.132+0000] {dag.py:4180} INFO - Setting next_dagrun for tutorial to 2026-02-24 00:00:00+00:00, run_after=2026-02-25 00:00:00+00:00
[2026-02-25T10:14:39.148+0000] {processor.py:208} INFO - Processing /home/ubuntu/airflow-venv/lib/python3.12/site-packages/airflow/example_dags/tutorial.py took 0.049 seconds
[2026-02-25T10:15:28.221+0000] {processor.py:186} INFO - Started process (PID=3373) to work on /home/ubuntu/airflow-venv/lib/python3.12/site-packages/airflow/example_dags/tutorial.py
[2026-02-25T10:15:28.222+0000] {processor.py:914} INFO - Processing file /home/ubuntu/airflow-venv/lib/python3.12/site-packages/airflow/example_dags/tutorial.py for tasks to queue
[2026-02-25T10:15:28.223+0000] {logging_mixin.py:190} INFO - [2026-02-25T10:15:28.223+0000] {dagbag.py:588} INFO - Filling up the DagBag from /home/ubuntu/airflow-venv/lib/python3.12/site-packages/airflow/example_dags/tutorial.py
[2026-02-25T10:15:28.229+0000] {processor.py:925} INFO - DAG(s) 'tutorial' retrieved from /home/ubuntu/airflow-venv/lib/python3.12/site-packages/airflow/example_dags/tutorial.py
[2026-02-25T10:15:28.238+0000] {logging_mixin.py:190} INFO - [2026-02-25T10:15:28.238+0000] {dag.py:3239} INFO - Sync 1 DAGs
[2026-02-25T10:15:28.250+0000] {logging_mixin.py:190} INFO - [2026-02-25T10:15:28.250+0000] {dag.py:4180} INFO - Setting next_dagrun for tutorial to 2026-02-24 00:00:00+00:00, run_after=2026-02-25 00:00:00+00:00
[2026-02-25T10:15:28.266+0000] {processor.py:208} INFO - Processing /home/ubuntu/airflow-venv/lib/python3.12/site-packages/airflow/example_dags/tutorial.py took 0.049 seconds
[2026-02-25T10:16:14.465+0000] {processor.py:186} INFO - Started process (PID=3424) to work on /home/ubuntu/airflow-venv/lib/python3.12/site-packages/airflow/example_dags/tutorial.py
[2026-02-25T10:16:14.466+0000] {processor.py:914} INFO - Processing file /home/ubuntu/airflow-venv/lib/python3.12/site-packages/airflow/example_dags/tutorial.py for tasks to queue
[2026-02-25T10:16:14.467+0000] {logging_mixin.py:190} INFO - [2026-02-25T10:16:14.467+0000] {dagbag.py:588} INFO - Filling up the DagBag from /home/ubuntu/airflow-venv/lib/python3.12/site-packages/airflow/example_dags/tutorial.py
[2026-02-25T10:16:14.472+0000] {processor.py:925} INFO - DAG(s) 'tutorial' retrieved from /home/ubuntu/airflow-venv/lib/python3.12/site-packages/airflow/example_dags/tutorial.py
[2026-02-25T10:16:14.482+0000] {logging_mixin.py:190} INFO - [2026-02-25T10:16:14.481+0000] {dag.py:3239} INFO - Sync 1 DAGs
[2026-02-25T10:16:14.493+0000] {logging_mixin.py:190} INFO - [2026-02-25T10:16:14.493+0000] {dag.py:4180} INFO - Setting next_dagrun for tutorial to 2026-02-24 00:00:00+00:00, run_after=2026-02-25 00:00:00+00:00
[2026-02-25T10:16:14.510+0000] {processor.py:208} INFO - Processing /home/ubuntu/airflow-venv/lib/python3.12/site-packages/airflow/example_dags/tutorial.py took 0.048 seconds
[2026-02-25T10:17:07.253+0000] {processor.py:186} INFO - Started process (PID=3485) to work on /home/ubuntu/airflow-venv/lib/python3.12/site-packages/airflow/example_dags/tutorial.py
[2026-02-25T10:17:07.254+0000] {processor.py:914} INFO - Processing file /home/ubuntu/airflow-venv/lib/python3.12/site-packages/airflow/example_dags/tutorial.py for tasks to queue
[2026-02-25T10:17:07.256+0000] {logging_mixin.py:190} INFO - [2026-02-25T10:17:07.255+0000] {dagbag.py:588} INFO - Filling up the DagBag from /home/ubuntu/airflow-venv/lib/python3.12/site-packages/airflow/example_dags/tutorial.py
[2026-02-25T10:17:07.261+0000] {processor.py:925} INFO - DAG(s) 'tutorial' retrieved from /home/ubuntu/airflow-venv/lib/python3.12/site-packages/airflow/example_dags/tutorial.py
[2026-02-25T10:17:07.270+0000] {logging_mixin.py:190} INFO - [2026-02-25T10:17:07.270+0000] {dag.py:3239} INFO - Sync 1 DAGs
[2026-02-25T10:17:07.281+0000] {logging_mixin.py:190} INFO - [2026-02-25T10:17:07.281+0000] {dag.py:4180} INFO - Setting next_dagrun for tutorial to 2026-02-24 00:00:00+00:00, run_after=2026-02-25 00:00:00+00:00
[2026-02-25T10:17:07.297+0000] {processor.py:208} INFO - Processing /home/ubuntu/airflow-venv/lib/python3.12/site-packages/airflow/example_dags/tutorial.py took 0.048 seconds
[2026-02-25T10:17:59.144+0000] {processor.py:186} INFO - Started process (PID=3540) to work on /home/ubuntu/airflow-venv/lib/python3.12/site-packages/airflow/example_dags/tutorial.py
[2026-02-25T10:17:59.146+0000] {processor.py:914} INFO - Processing file /home/ubuntu/airflow-venv/lib/python3.12/site-packages/airflow/example_dags/tutorial.py for tasks to queue
[2026-02-25T10:17:59.147+0000] {logging_mixin.py:190} INFO - [2026-02-25T10:17:59.147+0000] {dagbag.py:588} INFO - Filling up the DagBag from /home/ubuntu/airflow-venv/lib/python3.12/site-packages/airflow/example_dags/tutorial.py
[2026-02-25T10:17:59.152+0000] {processor.py:925} INFO - DAG(s) 'tutorial' retrieved from /home/ubuntu/airflow-venv/lib/python3.12/site-packages/airflow/example_dags/tutorial.py
[2026-02-25T10:17:59.162+0000] {logging_mixin.py:190} INFO - [2026-02-25T10:17:59.162+0000] {dag.py:3239} INFO - Sync 1 DAGs
[2026-02-25T10:17:59.174+0000] {logging_mixin.py:190} INFO - [2026-02-25T10:17:59.174+0000] {dag.py:4180} INFO - Setting next_dagrun for tutorial to 2026-02-24 00:00:00+00:00, run_after=2026-02-25 00:00:00+00:00
[2026-02-25T10:17:59.190+0000] {processor.py:208} INFO - Processing /home/ubuntu/airflow-venv/lib/python3.12/site-packages/airflow/example_dags/tutorial.py took 0.049 seconds
[2026-02-25T10:18:50.462+0000] {processor.py:186} INFO - Started process (PID=3590) to work on /home/ubuntu/airflow-venv/lib/python3.12/site-packages/airflow/example_dags/tutorial.py
[2026-02-25T10:18:50.463+0000] {processor.py:914} INFO - Processing file /home/ubuntu/airflow-venv/lib/python3.12/site-packages/airflow/example_dags/tutorial.py for tasks to queue
[2026-02-25T10:18:50.465+0000] {logging_mixin.py:190} INFO - [2026-02-25T10:18:50.464+0000] {dagbag.py:588} INFO - Filling up the DagBag from /home/ubuntu/airflow-venv/lib/python3.12/site-packages/airflow/example_dags/tutorial.py
[2026-02-25T10:18:50.470+0000] {processor.py:925} INFO - DAG(s) 'tutorial' retrieved from /home/ubuntu/airflow-venv/lib/python3.12/site-packages/airflow/example_dags/tutorial.py
[2026-02-25T10:18:50.479+0000] {logging_mixin.py:190} INFO - [2026-02-25T10:18:50.479+0000] {dag.py:3239} INFO - Sync 1 DAGs
[2026-02-25T10:18:50.491+0000] {logging_mixin.py:190} INFO - [2026-02-25T10:18:50.491+0000] {dag.py:4180} INFO - Setting next_dagrun for tutorial to 2026-02-24 00:00:00+00:00, run_after=2026-02-25 00:00:00+00:00
[2026-02-25T10:18:50.508+0000] {processor.py:208} INFO - Processing /home/ubuntu/airflow-venv/lib/python3.12/site-packages/airflow/example_dags/tutorial.py took 0.049 seconds
[2026-02-25T10:19:41.853+0000] {processor.py:186} INFO - Started process (PID=3648) to work on /home/ubuntu/airflow-venv/lib/python3.12/site-packages/airflow/example_dags/tutorial.py
[2026-02-25T10:19:41.854+0000] {processor.py:914} INFO - Processing file /home/ubuntu/airflow-venv/lib/python3.12/site-packages/airflow/example_dags/tutorial.py for tasks to queue
[2026-02-25T10:19:41.855+0000] {logging_mixin.py:190} INFO - [2026-02-25T10:19:41.855+0000] {dagbag.py:588} INFO - Filling up the DagBag from /home/ubuntu/airflow-venv/lib/python3.12/site-packages/airflow/example_dags/tutorial.py
[2026-02-25T10:19:41.861+0000] {processor.py:925} INFO - DAG(s) 'tutorial' retrieved from /home/ubuntu/airflow-venv/lib/python3.12/site-packages/airflow/example_dags/tutorial.py
[2026-02-25T10:19:41.870+0000] {logging_mixin.py:190} INFO - [2026-02-25T10:19:41.870+0000] {dag.py:3239} INFO - Sync 1 DAGs
[2026-02-25T10:19:41.882+0000] {logging_mixin.py:190} INFO - [2026-02-25T10:19:41.882+0000] {dag.py:4180} INFO - Setting next_dagrun for tutorial to 2026-02-24 00:00:00+00:00, run_after=2026-02-25 00:00:00+00:00
[2026-02-25T10:19:41.898+0000] {processor.py:208} INFO - Processing /home/ubuntu/airflow-venv/lib/python3.12/site-packages/airflow/example_dags/tutorial.py took 0.049 seconds
[2026-02-25T10:20:31.752+0000] {processor.py:186} INFO - Started process (PID=3705) to work on /home/ubuntu/airflow-venv/lib/python3.12/site-packages/airflow/example_dags/tutorial.py
[2026-02-25T10:20:31.753+0000] {processor.py:914} INFO - Processing file /home/ubuntu/airflow-venv/lib/python3.12/site-packages/airflow/example_dags/tutorial.py for tasks to queue
[2026-02-25T10:20:31.754+0000] {logging_mixin.py:190} INFO - [2026-02-25T10:20:31.754+0000] {dagbag.py:588} INFO - Filling up the DagBag from /home/ubuntu/airflow-venv/lib/python3.12/site-packages/airflow/example_dags/tutorial.py
[2026-02-25T10:20:31.760+0000] {processor.py:925} INFO - DAG(s) 'tutorial' retrieved from /home/ubuntu/airflow-venv/lib/python3.12/site-packages/airflow/example_dags/tutorial.py
[2026-02-25T10:20:31.769+0000] {logging_mixin.py:190} INFO - [2026-02-25T10:20:31.769+0000] {dag.py:3239} INFO - Sync 1 DAGs
[2026-02-25T10:20:31.781+0000] {logging_mixin.py:190} INFO - [2026-02-25T10:20:31.781+0000] {dag.py:4180} INFO - Setting next_dagrun for tutorial to 2026-02-24 00:00:00+00:00, run_after=2026-02-25 00:00:00+00:00
[2026-02-25T10:20:31.798+0000] {processor.py:208} INFO - Processing /home/ubuntu/airflow-venv/lib/python3.12/site-packages/airflow/example_dags/tutorial.py took 0.050 seconds
[2026-02-25T10:21:17.780+0000] {processor.py:186} INFO - Started process (PID=3756) to work on /home/ubuntu/airflow-venv/lib/python3.12/site-packages/airflow/example_dags/tutorial.py
[2026-02-25T10:21:17.781+0000] {processor.py:914} INFO - Processing file /home/ubuntu/airflow-venv/lib/python3.12/site-packages/airflow/example_dags/tutorial.py for tasks to queue
[2026-02-25T10:21:17.782+0000] {logging_mixin.py:190} INFO - [2026-02-25T10:21:17.782+0000] {dagbag.py:588} INFO - Filling up the DagBag from /home/ubuntu/airflow-venv/lib/python3.12/site-packages/airflow/example_dags/tutorial.py
[2026-02-25T10:21:17.788+0000] {processor.py:925} INFO - DAG(s) 'tutorial' retrieved from /home/ubuntu/airflow-venv/lib/python3.12/site-packages/airflow/example_dags/tutorial.py
[2026-02-25T10:21:17.797+0000] {logging_mixin.py:190} INFO - [2026-02-25T10:21:17.797+0000] {dag.py:3239} INFO - Sync 1 DAGs
[2026-02-25T10:21:17.809+0000] {logging_mixin.py:190} INFO - [2026-02-25T10:21:17.809+0000] {dag.py:4180} INFO - Setting next_dagrun for tutorial to 2026-02-24 00:00:00+00:00, run_after=2026-02-25 00:00:00+00:00
[2026-02-25T10:21:17.825+0000] {processor.py:208} INFO - Processing /home/ubuntu/airflow-venv/lib/python3.12/site-packages/airflow/example_dags/tutorial.py took 0.049 seconds
[2026-02-25T10:22:08.958+0000] {processor.py:186} INFO - Started process (PID=3813) to work on /home/ubuntu/airflow-venv/lib/python3.12/site-packages/airflow/example_dags/tutorial.py
[2026-02-25T10:22:08.960+0000] {processor.py:914} INFO - Processing file /home/ubuntu/airflow-venv/lib/python3.12/site-packages/airflow/example_dags/tutorial.py for tasks to queue
[2026-02-25T10:22:08.961+0000] {logging_mixin.py:190} INFO - [2026-02-25T10:22:08.961+0000] {dagbag.py:588} INFO - Filling up the DagBag from /home/ubuntu/airflow-venv/lib/python3.12/site-packages/airflow/example_dags/tutorial.py
[2026-02-25T10:22:08.966+0000] {processor.py:925} INFO - DAG(s) 'tutorial' retrieved from /home/ubuntu/airflow-venv/lib/python3.12/site-packages/airflow/example_dags/tutorial.py
[2026-02-25T10:22:08.976+0000] {logging_mixin.py:190} INFO - [2026-02-25T10:22:08.976+0000] {dag.py:3239} INFO - Sync 1 DAGs
[2026-02-25T10:22:08.988+0000] {logging_mixin.py:190} INFO - [2026-02-25T10:22:08.988+0000] {dag.py:4180} INFO - Setting next_dagrun for tutorial to 2026-02-24 00:00:00+00:00, run_after=2026-02-25 00:00:00+00:00
[2026-02-25T10:22:09.005+0000] {processor.py:208} INFO - Processing /home/ubuntu/airflow-venv/lib/python3.12/site-packages/airflow/example_dags/tutorial.py took 0.050 seconds
[2026-02-25T10:22:59.155+0000] {processor.py:186} INFO - Started process (PID=3866) to work on /home/ubuntu/airflow-venv/lib/python3.12/site-packages/airflow/example_dags/tutorial.py
[2026-02-25T10:22:59.156+0000] {processor.py:914} INFO - Processing file /home/ubuntu/airflow-venv/lib/python3.12/site-packages/airflow/example_dags/tutorial.py for tasks to queue
[2026-02-25T10:22:59.157+0000] {logging_mixin.py:190} INFO - [2026-02-25T10:22:59.157+0000] {dagbag.py:588} INFO - Filling up the DagBag from /home/ubuntu/airflow-venv/lib/python3.12/site-packages/airflow/example_dags/tutorial.py
[2026-02-25T10:22:59.163+0000] {processor.py:925} INFO - DAG(s) 'tutorial' retrieved from /home/ubuntu/airflow-venv/lib/python3.12/site-packages/airflow/example_dags/tutorial.py
[2026-02-25T10:22:59.172+0000] {logging_mixin.py:190} INFO - [2026-02-25T10:22:59.172+0000] {dag.py:3239} INFO - Sync 1 DAGs
[2026-02-25T10:22:59.184+0000] {logging_mixin.py:190} INFO - [2026-02-25T10:22:59.184+0000] {dag.py:4180} INFO - Setting next_dagrun for tutorial to 2026-02-24 00:00:00+00:00, run_after=2026-02-25 00:00:00+00:00
[2026-02-25T10:22:59.199+0000] {processor.py:208} INFO - Processing /home/ubuntu/airflow-venv/lib/python3.12/site-packages/airflow/example_dags/tutorial.py took 0.048 seconds
[2026-02-25T10:23:51.478+0000] {processor.py:186} INFO - Started process (PID=3921) to work on /home/ubuntu/airflow-venv/lib/python3.12/site-packages/airflow/example_dags/tutorial.py
[2026-02-25T10:23:51.479+0000] {processor.py:914} INFO - Processing file /home/ubuntu/airflow-venv/lib/python3.12/site-packages/airflow/example_dags/tutorial.py for tasks to queue
[2026-02-25T10:23:51.480+0000] {logging_mixin.py:190} INFO - [2026-02-25T10:23:51.480+0000] {dagbag.py:588} INFO - Filling up the DagBag from /home/ubuntu/airflow-venv/lib/python3.12/site-packages/airflow/example_dags/tutorial.py
[2026-02-25T10:23:51.485+0000] {processor.py:925} INFO - DAG(s) 'tutorial' retrieved from /home/ubuntu/airflow-venv/lib/python3.12/site-packages/airflow/example_dags/tutorial.py
[2026-02-25T10:23:51.495+0000] {logging_mixin.py:190} INFO - [2026-02-25T10:23:51.495+0000] {dag.py:3239} INFO - Sync 1 DAGs
[2026-02-25T10:23:51.507+0000] {logging_mixin.py:190} INFO - [2026-02-25T10:23:51.506+0000] {dag.py:4180} INFO - Setting next_dagrun for tutorial to 2026-02-24 00:00:00+00:00, run_after=2026-02-25 00:00:00+00:00
[2026-02-25T10:23:51.523+0000] {processor.py:208} INFO - Processing /home/ubuntu/airflow-venv/lib/python3.12/site-packages/airflow/example_dags/tutorial.py took 0.049 seconds
[2026-02-25T10:24:43.262+0000] {processor.py:186} INFO - Started process (PID=3974) to work on /home/ubuntu/airflow-venv/lib/python3.12/site-packages/airflow/example_dags/tutorial.py
[2026-02-25T10:24:43.263+0000] {processor.py:914} INFO - Processing file /home/ubuntu/airflow-venv/lib/python3.12/site-packages/airflow/example_dags/tutorial.py for tasks to queue
[2026-02-25T10:24:43.264+0000] {logging_mixin.py:190} INFO - [2026-02-25T10:24:43.264+0000] {dagbag.py:588} INFO - Filling up the DagBag from /home/ubuntu/airflow-venv/lib/python3.12/site-packages/airflow/example_dags/tutorial.py
[2026-02-25T10:24:43.270+0000] {processor.py:925} INFO - DAG(s) 'tutorial' retrieved from /home/ubuntu/airflow-venv/lib/python3.12/site-packages/airflow/example_dags/tutorial.py
[2026-02-25T10:24:43.279+0000] {logging_mixin.py:190} INFO - [2026-02-25T10:24:43.279+0000] {dag.py:3239} INFO - Sync 1 DAGs
[2026-02-25T10:24:43.291+0000] {logging_mixin.py:190} INFO - [2026-02-25T10:24:43.291+0000] {dag.py:4180} INFO - Setting next_dagrun for tutorial to 2026-02-24 00:00:00+00:00, run_after=2026-02-25 00:00:00+00:00
[2026-02-25T10:24:43.307+0000] {processor.py:208} INFO - Processing /home/ubuntu/airflow-venv/lib/python3.12/site-packages/airflow/example_dags/tutorial.py took 0.049 seconds
[2026-02-25T10:25:33.892+0000] {processor.py:186} INFO - Started process (PID=4032) to work on /home/ubuntu/airflow-venv/lib/python3.12/site-packages/airflow/example_dags/tutorial.py
[2026-02-25T10:25:33.894+0000] {processor.py:914} INFO - Processing file /home/ubuntu/airflow-venv/lib/python3.12/site-packages/airflow/example_dags/tutorial.py for tasks to queue
[2026-02-25T10:25:33.895+0000] {logging_mixin.py:190} INFO - [2026-02-25T10:25:33.895+0000] {dagbag.py:588} INFO - Filling up the DagBag from /home/ubuntu/airflow-venv/lib/python3.12/site-packages/airflow/example_dags/tutorial.py
[2026-02-25T10:25:33.900+0000] {processor.py:925} INFO - DAG(s) 'tutorial' retrieved from /home/ubuntu/airflow-venv/lib/python3.12/site-packages/airflow/example_dags/tutorial.py
[2026-02-25T10:25:33.910+0000] {logging_mixin.py:190} INFO - [2026-02-25T10:25:33.910+0000] {dag.py:3239} INFO - Sync 1 DAGs
[2026-02-25T10:25:33.922+0000] {logging_mixin.py:190} INFO - [2026-02-25T10:25:33.922+0000] {dag.py:4180} INFO - Setting next_dagrun for tutorial to 2026-02-24 00:00:00+00:00, run_after=2026-02-25 00:00:00+00:00
[2026-02-25T10:25:33.938+0000] {processor.py:208} INFO - Processing /home/ubuntu/airflow-venv/lib/python3.12/site-packages/airflow/example_dags/tutorial.py took 0.049 seconds
[2026-02-25T10:26:24.520+0000] {processor.py:186} INFO - Started process (PID=4087) to work on /home/ubuntu/airflow-venv/lib/python3.12/site-packages/airflow/example_dags/tutorial.py
[2026-02-25T10:26:24.521+0000] {processor.py:914} INFO - Processing file /home/ubuntu/airflow-venv/lib/python3.12/site-packages/airflow/example_dags/tutorial.py for tasks to queue
[2026-02-25T10:26:24.522+0000] {logging_mixin.py:190} INFO - [2026-02-25T10:26:24.522+0000] {dagbag.py:588} INFO - Filling up the DagBag from /home/ubuntu/airflow-venv/lib/python3.12/site-packages/airflow/example_dags/tutorial.py
[2026-02-25T10:26:24.527+0000] {processor.py:925} INFO - DAG(s) 'tutorial' retrieved from /home/ubuntu/airflow-venv/lib/python3.12/site-packages/airflow/example_dags/tutorial.py
[2026-02-25T10:26:24.537+0000] {logging_mixin.py:190} INFO - [2026-02-25T10:26:24.536+0000] {dag.py:3239} INFO - Sync 1 DAGs
[2026-02-25T10:26:24.549+0000] {logging_mixin.py:190} INFO - [2026-02-25T10:26:24.549+0000] {dag.py:4180} INFO - Setting next_dagrun for tutorial to 2026-02-24 00:00:00+00:00, run_after=2026-02-25 00:00:00+00:00
[2026-02-25T10:26:24.565+0000] {processor.py:208} INFO - Processing /home/ubuntu/airflow-venv/lib/python3.12/site-packages/airflow/example_dags/tutorial.py took 0.049 seconds
[2026-02-25T10:27:16.301+0000] {processor.py:186} INFO - Started process (PID=4151) to work on /home/ubuntu/airflow-venv/lib/python3.12/site-packages/airflow/example_dags/tutorial.py
[2026-02-25T10:27:16.303+0000] {processor.py:914} INFO - Processing file /home/ubuntu/airflow-venv/lib/python3.12/site-packages/airflow/example_dags/tutorial.py for tasks to queue
[2026-02-25T10:27:16.304+0000] {logging_mixin.py:190} INFO - [2026-02-25T10:27:16.304+0000] {dagbag.py:588} INFO - Filling up the DagBag from /home/ubuntu/airflow-venv/lib/python3.12/site-packages/airflow/example_dags/tutorial.py
[2026-02-25T10:27:16.309+0000] {processor.py:925} INFO - DAG(s) 'tutorial' retrieved from /home/ubuntu/airflow-venv/lib/python3.12/site-packages/airflow/example_dags/tutorial.py
[2026-02-25T10:27:16.318+0000] {logging_mixin.py:190} INFO - [2026-02-25T10:27:16.318+0000] {dag.py:3239} INFO - Sync 1 DAGs
[2026-02-25T10:27:16.330+0000] {logging_mixin.py:190} INFO - [2026-02-25T10:27:16.330+0000] {dag.py:4180} INFO - Setting next_dagrun for tutorial to 2026-02-24 00:00:00+00:00, run_after=2026-02-25 00:00:00+00:00
[2026-02-25T10:27:16.345+0000] {processor.py:208} INFO - Processing /home/ubuntu/airflow-venv/lib/python3.12/site-packages/airflow/example_dags/tutorial.py took 0.048 seconds
[2026-02-25T10:28:07.087+0000] {processor.py:186} INFO - Started process (PID=4204) to work on /home/ubuntu/airflow-venv/lib/python3.12/site-packages/airflow/example_dags/tutorial.py
[2026-02-25T10:28:07.088+0000] {processor.py:914} INFO - Processing file /home/ubuntu/airflow-venv/lib/python3.12/site-packages/airflow/example_dags/tutorial.py for tasks to queue
[2026-02-25T10:28:07.090+0000] {logging_mixin.py:190} INFO - [2026-02-25T10:28:07.090+0000] {dagbag.py:588} INFO - Filling up the DagBag from /home/ubuntu/airflow-venv/lib/python3.12/site-packages/airflow/example_dags/tutorial.py
[2026-02-25T10:28:07.095+0000] {processor.py:925} INFO - DAG(s) 'tutorial' retrieved from /home/ubuntu/airflow-venv/lib/python3.12/site-packages/airflow/example_dags/tutorial.py
[2026-02-25T10:28:07.104+0000] {logging_mixin.py:190} INFO - [2026-02-25T10:28:07.104+0000] {dag.py:3239} INFO - Sync 1 DAGs
[2026-02-25T10:28:07.116+0000] {logging_mixin.py:190} INFO - [2026-02-25T10:28:07.115+0000] {dag.py:4180} INFO - Setting next_dagrun for tutorial to 2026-02-24 00:00:00+00:00, run_after=2026-02-25 00:00:00+00:00
[2026-02-25T10:28:07.132+0000] {processor.py:208} INFO - Processing /home/ubuntu/airflow-venv/lib/python3.12/site-packages/airflow/example_dags/tutorial.py took 0.048 seconds
[2026-02-25T10:28:56.217+0000] {processor.py:186} INFO - Started process (PID=4261) to work on /home/ubuntu/airflow-venv/lib/python3.12/site-packages/airflow/example_dags/tutorial.py
[2026-02-25T10:28:56.218+0000] {processor.py:914} INFO - Processing file /home/ubuntu/airflow-venv/lib/python3.12/site-packages/airflow/example_dags/tutorial.py for tasks to queue
[2026-02-25T10:28:56.219+0000] {logging_mixin.py:190} INFO - [2026-02-25T10:28:56.219+0000] {dagbag.py:588} INFO - Filling up the DagBag from /home/ubuntu/airflow-venv/lib/python3.12/site-packages/airflow/example_dags/tutorial.py
[2026-02-25T10:28:56.224+0000] {processor.py:925} INFO - DAG(s) 'tutorial' retrieved from /home/ubuntu/airflow-venv/lib/python3.12/site-packages/airflow/example_dags/tutorial.py
[2026-02-25T10:28:56.234+0000] {logging_mixin.py:190} INFO - [2026-02-25T10:28:56.233+0000] {dag.py:3239} INFO - Sync 1 DAGs
[2026-02-25T10:28:56.246+0000] {logging_mixin.py:190} INFO - [2026-02-25T10:28:56.246+0000] {dag.py:4180} INFO - Setting next_dagrun for tutorial to 2026-02-24 00:00:00+00:00, run_after=2026-02-25 00:00:00+00:00
[2026-02-25T10:28:56.262+0000] {processor.py:208} INFO - Processing /home/ubuntu/airflow-venv/lib/python3.12/site-packages/airflow/example_dags/tutorial.py took 0.049 seconds
[2026-02-25T10:29:45.890+0000] {processor.py:186} INFO - Started process (PID=4315) to work on /home/ubuntu/airflow-venv/lib/python3.12/site-packages/airflow/example_dags/tutorial.py
[2026-02-25T10:29:45.892+0000] {processor.py:914} INFO - Processing file /home/ubuntu/airflow-venv/lib/python3.12/site-packages/airflow/example_dags/tutorial.py for tasks to queue
[2026-02-25T10:29:45.893+0000] {logging_mixin.py:190} INFO - [2026-02-25T10:29:45.893+0000] {dagbag.py:588} INFO - Filling up the DagBag from /home/ubuntu/airflow-venv/lib/python3.12/site-packages/airflow/example_dags/tutorial.py
[2026-02-25T10:29:45.898+0000] {processor.py:925} INFO - DAG(s) 'tutorial' retrieved from /home/ubuntu/airflow-venv/lib/python3.12/site-packages/airflow/example_dags/tutorial.py
[2026-02-25T10:29:45.908+0000] {logging_mixin.py:190} INFO - [2026-02-25T10:29:45.908+0000] {dag.py:3239} INFO - Sync 1 DAGs
[2026-02-25T10:29:45.919+0000] {logging_mixin.py:190} INFO - [2026-02-25T10:29:45.919+0000] {dag.py:4180} INFO - Setting next_dagrun for tutorial to 2026-02-24 00:00:00+00:00, run_after=2026-02-25 00:00:00+00:00
[2026-02-25T10:29:45.935+0000] {processor.py:208} INFO - Processing /home/ubuntu/airflow-venv/lib/python3.12/site-packages/airflow/example_dags/tutorial.py took 0.048 seconds
[2026-02-25T10:30:33.715+0000] {processor.py:186} INFO - Started process (PID=4368) to work on /home/ubuntu/airflow-venv/lib/python3.12/site-packages/airflow/example_dags/tutorial.py
[2026-02-25T10:30:33.716+0000] {processor.py:914} INFO - Processing file /home/ubuntu/airflow-venv/lib/python3.12/site-packages/airflow/example_dags/tutorial.py for tasks to queue
[2026-02-25T10:30:33.717+0000] {logging_mixin.py:190} INFO - [2026-02-25T10:30:33.717+0000] {dagbag.py:588} INFO - Filling up the DagBag from /home/ubuntu/airflow-venv/lib/python3.12/site-packages/airflow/example_dags/tutorial.py
[2026-02-25T10:30:33.723+0000] {processor.py:925} INFO - DAG(s) 'tutorial' retrieved from /home/ubuntu/airflow-venv/lib/python3.12/site-packages/airflow/example_dags/tutorial.py
[2026-02-25T10:30:33.732+0000] {logging_mixin.py:190} INFO - [2026-02-25T10:30:33.732+0000] {dag.py:3239} INFO - Sync 1 DAGs
[2026-02-25T10:30:33.744+0000] {logging_mixin.py:190} INFO - [2026-02-25T10:30:33.744+0000] {dag.py:4180} INFO - Setting next_dagrun for tutorial to 2026-02-24 00:00:00+00:00, run_after=2026-02-25 00:00:00+00:00
[2026-02-25T10:30:33.759+0000] {processor.py:208} INFO - Processing /home/ubuntu/airflow-venv/lib/python3.12/site-packages/airflow/example_dags/tutorial.py took 0.048 seconds
[2026-02-25T10:31:22.628+0000] {processor.py:186} INFO - Started process (PID=4420) to work on /home/ubuntu/airflow-venv/lib/python3.12/site-packages/airflow/example_dags/tutorial.py
[2026-02-25T10:31:22.629+0000] {processor.py:914} INFO - Processing file /home/ubuntu/airflow-venv/lib/python3.12/site-packages/airflow/example_dags/tutorial.py for tasks to queue
[2026-02-25T10:31:22.630+0000] {logging_mixin.py:190} INFO - [2026-02-25T10:31:22.630+0000] {dagbag.py:588} INFO - Filling up the DagBag from /home/ubuntu/airflow-venv/lib/python3.12/site-packages/airflow/example_dags/tutorial.py
[2026-02-25T10:31:22.635+0000] {processor.py:925} INFO - DAG(s) 'tutorial' retrieved from /home/ubuntu/airflow-venv/lib/python3.12/site-packages/airflow/example_dags/tutorial.py
[2026-02-25T10:31:22.645+0000] {logging_mixin.py:190} INFO - [2026-02-25T10:31:22.645+0000] {dag.py:3239} INFO - Sync 1 DAGs
[2026-02-25T10:31:22.656+0000] {logging_mixin.py:190} INFO - [2026-02-25T10:31:22.656+0000] {dag.py:4180} INFO - Setting next_dagrun for tutorial to 2026-02-24 00:00:00+00:00, run_after=2026-02-25 00:00:00+00:00
[2026-02-25T10:31:22.674+0000] {processor.py:208} INFO - Processing /home/ubuntu/airflow-venv/lib/python3.12/site-packages/airflow/example_dags/tutorial.py took 0.049 seconds
[2026-02-25T10:32:13.335+0000] {processor.py:186} INFO - Started process (PID=4471) to work on /home/ubuntu/airflow-venv/lib/python3.12/site-packages/airflow/example_dags/tutorial.py
[2026-02-25T10:32:13.337+0000] {processor.py:914} INFO - Processing file /home/ubuntu/airflow-venv/lib/python3.12/site-packages/airflow/example_dags/tutorial.py for tasks to queue
[2026-02-25T10:32:13.338+0000] {logging_mixin.py:190} INFO - [2026-02-25T10:32:13.338+0000] {dagbag.py:588} INFO - Filling up the DagBag from /home/ubuntu/airflow-venv/lib/python3.12/site-packages/airflow/example_dags/tutorial.py
[2026-02-25T10:32:13.343+0000] {processor.py:925} INFO - DAG(s) 'tutorial' retrieved from /home/ubuntu/airflow-venv/lib/python3.12/site-packages/airflow/example_dags/tutorial.py
[2026-02-25T10:32:13.353+0000] {logging_mixin.py:190} INFO - [2026-02-25T10:32:13.352+0000] {dag.py:3239} INFO - Sync 1 DAGs
[2026-02-25T10:32:13.364+0000] {logging_mixin.py:190} INFO - [2026-02-25T10:32:13.364+0000] {dag.py:4180} INFO - Setting next_dagrun for tutorial to 2026-02-24 00:00:00+00:00, run_after=2026-02-25 00:00:00+00:00
[2026-02-25T10:32:13.381+0000] {processor.py:208} INFO - Processing /home/ubuntu/airflow-venv/lib/python3.12/site-packages/airflow/example_dags/tutorial.py took 0.049 seconds
[2026-02-25T10:33:03.540+0000] {processor.py:186} INFO - Started process (PID=4524) to work on /home/ubuntu/airflow-venv/lib/python3.12/site-packages/airflow/example_dags/tutorial.py
[2026-02-25T10:33:03.541+0000] {processor.py:914} INFO - Processing file /home/ubuntu/airflow-venv/lib/python3.12/site-packages/airflow/example_dags/tutorial.py for tasks to queue
[2026-02-25T10:33:03.542+0000] {logging_mixin.py:190} INFO - [2026-02-25T10:33:03.542+0000] {dagbag.py:588} INFO - Filling up the DagBag from /home/ubuntu/airflow-venv/lib/python3.12/site-packages/airflow/example_dags/tutorial.py
[2026-02-25T10:33:03.547+0000] {processor.py:925} INFO - DAG(s) 'tutorial' retrieved from /home/ubuntu/airflow-venv/lib/python3.12/site-packages/airflow/example_dags/tutorial.py
[2026-02-25T10:33:03.557+0000] {logging_mixin.py:190} INFO - [2026-02-25T10:33:03.556+0000] {dag.py:3239} INFO - Sync 1 DAGs
[2026-02-25T10:33:03.569+0000] {logging_mixin.py:190} INFO - [2026-02-25T10:33:03.569+0000] {dag.py:4180} INFO - Setting next_dagrun for tutorial to 2026-02-24 00:00:00+00:00, run_after=2026-02-25 00:00:00+00:00
[2026-02-25T10:33:03.585+0000] {processor.py:208} INFO - Processing /home/ubuntu/airflow-venv/lib/python3.12/site-packages/airflow/example_dags/tutorial.py took 0.049 seconds
[2026-02-25T10:46:25.911+0000] {processor.py:186} INFO - Started process (PID=5782) to work on /home/ubuntu/airflow-venv/lib/python3.12/site-packages/airflow/example_dags/tutorial.py
[2026-02-25T10:46:25.912+0000] {processor.py:914} INFO - Processing file /home/ubuntu/airflow-venv/lib/python3.12/site-packages/airflow/example_dags/tutorial.py for tasks to queue
[2026-02-25T10:46:25.913+0000] {logging_mixin.py:190} INFO - [2026-02-25T10:46:25.913+0000] {dagbag.py:588} INFO - Filling up the DagBag from /home/ubuntu/airflow-venv/lib/python3.12/site-packages/airflow/example_dags/tutorial.py
[2026-02-25T10:46:25.919+0000] {processor.py:925} INFO - DAG(s) 'tutorial' retrieved from /home/ubuntu/airflow-venv/lib/python3.12/site-packages/airflow/example_dags/tutorial.py
[2026-02-25T10:46:25.932+0000] {logging_mixin.py:190} INFO - [2026-02-25T10:46:25.932+0000] {dag.py:3239} INFO - Sync 1 DAGs
[2026-02-25T10:46:25.943+0000] {logging_mixin.py:190} INFO - [2026-02-25T10:46:25.943+0000] {dag.py:4180} INFO - Setting next_dagrun for tutorial to 2026-02-24 00:00:00+00:00, run_after=2026-02-25 00:00:00+00:00
[2026-02-25T10:46:25.959+0000] {processor.py:208} INFO - Processing /home/ubuntu/airflow-venv/lib/python3.12/site-packages/airflow/example_dags/tutorial.py took 0.052 seconds
[2026-02-25T10:47:20.122+0000] {processor.py:186} INFO - Started process (PID=5854) to work on /home/ubuntu/airflow-venv/lib/python3.12/site-packages/airflow/example_dags/tutorial.py
[2026-02-25T10:47:20.123+0000] {processor.py:914} INFO - Processing file /home/ubuntu/airflow-venv/lib/python3.12/site-packages/airflow/example_dags/tutorial.py for tasks to queue
[2026-02-25T10:47:20.125+0000] {logging_mixin.py:190} INFO - [2026-02-25T10:47:20.124+0000] {dagbag.py:588} INFO - Filling up the DagBag from /home/ubuntu/airflow-venv/lib/python3.12/site-packages/airflow/example_dags/tutorial.py
[2026-02-25T10:47:20.130+0000] {processor.py:925} INFO - DAG(s) 'tutorial' retrieved from /home/ubuntu/airflow-venv/lib/python3.12/site-packages/airflow/example_dags/tutorial.py
[2026-02-25T10:47:20.139+0000] {logging_mixin.py:190} INFO - [2026-02-25T10:47:20.139+0000] {dag.py:3239} INFO - Sync 1 DAGs
[2026-02-25T10:47:20.150+0000] {logging_mixin.py:190} INFO - [2026-02-25T10:47:20.150+0000] {dag.py:4180} INFO - Setting next_dagrun for tutorial to 2026-02-24 00:00:00+00:00, run_after=2026-02-25 00:00:00+00:00
[2026-02-25T10:47:20.167+0000] {processor.py:208} INFO - Processing /home/ubuntu/airflow-venv/lib/python3.12/site-packages/airflow/example_dags/tutorial.py took 0.049 seconds
[2026-02-25T10:48:09.910+0000] {processor.py:186} INFO - Started process (PID=6275) to work on /home/ubuntu/airflow-venv/lib/python3.12/site-packages/airflow/example_dags/tutorial.py
[2026-02-25T10:48:09.912+0000] {processor.py:914} INFO - Processing file /home/ubuntu/airflow-venv/lib/python3.12/site-packages/airflow/example_dags/tutorial.py for tasks to queue
[2026-02-25T10:48:09.913+0000] {logging_mixin.py:190} INFO - [2026-02-25T10:48:09.913+0000] {dagbag.py:588} INFO - Filling up the DagBag from /home/ubuntu/airflow-venv/lib/python3.12/site-packages/airflow/example_dags/tutorial.py
[2026-02-25T10:48:09.918+0000] {processor.py:925} INFO - DAG(s) 'tutorial' retrieved from /home/ubuntu/airflow-venv/lib/python3.12/site-packages/airflow/example_dags/tutorial.py
[2026-02-25T10:48:09.928+0000] {logging_mixin.py:190} INFO - [2026-02-25T10:48:09.928+0000] {dag.py:3239} INFO - Sync 1 DAGs
[2026-02-25T10:48:09.939+0000] {logging_mixin.py:190} INFO - [2026-02-25T10:48:09.939+0000] {dag.py:4180} INFO - Setting next_dagrun for tutorial to 2026-02-24 00:00:00+00:00, run_after=2026-02-25 00:00:00+00:00
[2026-02-25T10:48:09.955+0000] {processor.py:208} INFO - Processing /home/ubuntu/airflow-venv/lib/python3.12/site-packages/airflow/example_dags/tutorial.py took 0.048 seconds
[2026-02-25T10:48:59.431+0000] {processor.py:186} INFO - Started process (PID=6327) to work on /home/ubuntu/airflow-venv/lib/python3.12/site-packages/airflow/example_dags/tutorial.py
[2026-02-25T10:48:59.433+0000] {processor.py:914} INFO - Processing file /home/ubuntu/airflow-venv/lib/python3.12/site-packages/airflow/example_dags/tutorial.py for tasks to queue
[2026-02-25T10:48:59.434+0000] {logging_mixin.py:190} INFO - [2026-02-25T10:48:59.434+0000] {dagbag.py:588} INFO - Filling up the DagBag from /home/ubuntu/airflow-venv/lib/python3.12/site-packages/airflow/example_dags/tutorial.py
[2026-02-25T10:48:59.439+0000] {processor.py:925} INFO - DAG(s) 'tutorial' retrieved from /home/ubuntu/airflow-venv/lib/python3.12/site-packages/airflow/example_dags/tutorial.py
[2026-02-25T10:48:59.448+0000] {logging_mixin.py:190} INFO - [2026-02-25T10:48:59.448+0000] {dag.py:3239} INFO - Sync 1 DAGs
[2026-02-25T10:48:59.460+0000] {logging_mixin.py:190} INFO - [2026-02-25T10:48:59.460+0000] {dag.py:4180} INFO - Setting next_dagrun for tutorial to 2026-02-24 00:00:00+00:00, run_after=2026-02-25 00:00:00+00:00
[2026-02-25T10:48:59.475+0000] {processor.py:208} INFO - Processing /home/ubuntu/airflow-venv/lib/python3.12/site-packages/airflow/example_dags/tutorial.py took 0.047 seconds
[2026-02-25T10:49:50.312+0000] {processor.py:186} INFO - Started process (PID=6386) to work on /home/ubuntu/airflow-venv/lib/python3.12/site-packages/airflow/example_dags/tutorial.py
[2026-02-25T10:49:50.313+0000] {processor.py:914} INFO - Processing file /home/ubuntu/airflow-venv/lib/python3.12/site-packages/airflow/example_dags/tutorial.py for tasks to queue
[2026-02-25T10:49:50.314+0000] {logging_mixin.py:190} INFO - [2026-02-25T10:49:50.314+0000] {dagbag.py:588} INFO - Filling up the DagBag from /home/ubuntu/airflow-venv/lib/python3.12/site-packages/airflow/example_dags/tutorial.py
[2026-02-25T10:49:50.319+0000] {processor.py:925} INFO - DAG(s) 'tutorial' retrieved from /home/ubuntu/airflow-venv/lib/python3.12/site-packages/airflow/example_dags/tutorial.py
[2026-02-25T10:49:50.329+0000] {logging_mixin.py:190} INFO - [2026-02-25T10:49:50.328+0000] {dag.py:3239} INFO - Sync 1 DAGs
[2026-02-25T10:49:50.340+0000] {logging_mixin.py:190} INFO - [2026-02-25T10:49:50.340+0000] {dag.py:4180} INFO - Setting next_dagrun for tutorial to 2026-02-24 00:00:00+00:00, run_after=2026-02-25 00:00:00+00:00
[2026-02-25T10:49:50.356+0000] {processor.py:208} INFO - Processing /home/ubuntu/airflow-venv/lib/python3.12/site-packages/airflow/example_dags/tutorial.py took 0.048 seconds
[2026-02-25T10:50:37.847+0000] {processor.py:186} INFO - Started process (PID=6439) to work on /home/ubuntu/airflow-venv/lib/python3.12/site-packages/airflow/example_dags/tutorial.py
[2026-02-25T10:50:37.848+0000] {processor.py:914} INFO - Processing file /home/ubuntu/airflow-venv/lib/python3.12/site-packages/airflow/example_dags/tutorial.py for tasks to queue
[2026-02-25T10:50:37.849+0000] {logging_mixin.py:190} INFO - [2026-02-25T10:50:37.849+0000] {dagbag.py:588} INFO - Filling up the DagBag from /home/ubuntu/airflow-venv/lib/python3.12/site-packages/airflow/example_dags/tutorial.py
[2026-02-25T10:50:37.854+0000] {processor.py:925} INFO - DAG(s) 'tutorial' retrieved from /home/ubuntu/airflow-venv/lib/python3.12/site-packages/airflow/example_dags/tutorial.py
[2026-02-25T10:50:37.864+0000] {logging_mixin.py:190} INFO - [2026-02-25T10:50:37.864+0000] {dag.py:3239} INFO - Sync 1 DAGs
[2026-02-25T10:50:37.876+0000] {logging_mixin.py:190} INFO - [2026-02-25T10:50:37.876+0000] {dag.py:4180} INFO - Setting next_dagrun for tutorial to 2026-02-24 00:00:00+00:00, run_after=2026-02-25 00:00:00+00:00
[2026-02-25T10:50:37.891+0000] {processor.py:208} INFO - Processing /home/ubuntu/airflow-venv/lib/python3.12/site-packages/airflow/example_dags/tutorial.py took 0.048 seconds
[2026-02-25T10:51:26.410+0000] {processor.py:186} INFO - Started process (PID=6496) to work on /home/ubuntu/airflow-venv/lib/python3.12/site-packages/airflow/example_dags/tutorial.py
[2026-02-25T10:51:26.412+0000] {processor.py:914} INFO - Processing file /home/ubuntu/airflow-venv/lib/python3.12/site-packages/airflow/example_dags/tutorial.py for tasks to queue
[2026-02-25T10:51:26.413+0000] {logging_mixin.py:190} INFO - [2026-02-25T10:51:26.413+0000] {dagbag.py:588} INFO - Filling up the DagBag from /home/ubuntu/airflow-venv/lib/python3.12/site-packages/airflow/example_dags/tutorial.py
[2026-02-25T10:51:26.418+0000] {processor.py:925} INFO - DAG(s) 'tutorial' retrieved from /home/ubuntu/airflow-venv/lib/python3.12/site-packages/airflow/example_dags/tutorial.py
[2026-02-25T10:51:26.427+0000] {logging_mixin.py:190} INFO - [2026-02-25T10:51:26.427+0000] {dag.py:3239} INFO - Sync 1 DAGs
[2026-02-25T10:51:26.439+0000] {logging_mixin.py:190} INFO - [2026-02-25T10:51:26.438+0000] {dag.py:4180} INFO - Setting next_dagrun for tutorial to 2026-02-24 00:00:00+00:00, run_after=2026-02-25 00:00:00+00:00
[2026-02-25T10:51:26.455+0000] {processor.py:208} INFO - Processing /home/ubuntu/airflow-venv/lib/python3.12/site-packages/airflow/example_dags/tutorial.py took 0.048 seconds
[2026-02-25T10:52:19.781+0000] {processor.py:186} INFO - Started process (PID=6565) to work on /home/ubuntu/airflow-venv/lib/python3.12/site-packages/airflow/example_dags/tutorial.py
[2026-02-25T10:52:19.783+0000] {processor.py:914} INFO - Processing file /home/ubuntu/airflow-venv/lib/python3.12/site-packages/airflow/example_dags/tutorial.py for tasks to queue
[2026-02-25T10:52:19.784+0000] {logging_mixin.py:190} INFO - [2026-02-25T10:52:19.784+0000] {dagbag.py:588} INFO - Filling up the DagBag from /home/ubuntu/airflow-venv/lib/python3.12/site-packages/airflow/example_dags/tutorial.py
[2026-02-25T10:52:19.789+0000] {processor.py:925} INFO - DAG(s) 'tutorial' retrieved from /home/ubuntu/airflow-venv/lib/python3.12/site-packages/airflow/example_dags/tutorial.py
[2026-02-25T10:52:19.875+0000] {logging_mixin.py:190} INFO - [2026-02-25T10:52:19.875+0000] {dag.py:3239} INFO - Sync 1 DAGs
[2026-02-25T10:52:19.885+0000] {logging_mixin.py:190} INFO - [2026-02-25T10:52:19.885+0000] {dag.py:4180} INFO - Setting next_dagrun for tutorial to 2026-02-24 00:00:00+00:00, run_after=2026-02-25 00:00:00+00:00
[2026-02-25T10:52:19.900+0000] {processor.py:208} INFO - Processing /home/ubuntu/airflow-venv/lib/python3.12/site-packages/airflow/example_dags/tutorial.py took 0.122 seconds
[2026-02-25T10:57:32.290+0000] {processor.py:186} INFO - Started process (PID=6981) to work on /home/ubuntu/airflow-venv/lib/python3.12/site-packages/airflow/example_dags/tutorial.py
[2026-02-25T10:57:32.291+0000] {processor.py:914} INFO - Processing file /home/ubuntu/airflow-venv/lib/python3.12/site-packages/airflow/example_dags/tutorial.py for tasks to queue
[2026-02-25T10:57:32.292+0000] {logging_mixin.py:190} INFO - [2026-02-25T10:57:32.292+0000] {dagbag.py:588} INFO - Filling up the DagBag from /home/ubuntu/airflow-venv/lib/python3.12/site-packages/airflow/example_dags/tutorial.py
[2026-02-25T10:57:32.298+0000] {processor.py:925} INFO - DAG(s) 'tutorial' retrieved from /home/ubuntu/airflow-venv/lib/python3.12/site-packages/airflow/example_dags/tutorial.py
[2026-02-25T10:57:32.311+0000] {logging_mixin.py:190} INFO - [2026-02-25T10:57:32.311+0000] {dag.py:3239} INFO - Sync 1 DAGs
[2026-02-25T10:57:32.323+0000] {logging_mixin.py:190} INFO - [2026-02-25T10:57:32.323+0000] {dag.py:4180} INFO - Setting next_dagrun for tutorial to 2026-02-24 00:00:00+00:00, run_after=2026-02-25 00:00:00+00:00
[2026-02-25T10:57:32.339+0000] {processor.py:208} INFO - Processing /home/ubuntu/airflow-venv/lib/python3.12/site-packages/airflow/example_dags/tutorial.py took 0.052 seconds
[2026-02-25T10:58:24.967+0000] {processor.py:186} INFO - Started process (PID=7409) to work on /home/ubuntu/airflow-venv/lib/python3.12/site-packages/airflow/example_dags/tutorial.py
[2026-02-25T10:58:24.968+0000] {processor.py:914} INFO - Processing file /home/ubuntu/airflow-venv/lib/python3.12/site-packages/airflow/example_dags/tutorial.py for tasks to queue
[2026-02-25T10:58:24.969+0000] {logging_mixin.py:190} INFO - [2026-02-25T10:58:24.969+0000] {dagbag.py:588} INFO - Filling up the DagBag from /home/ubuntu/airflow-venv/lib/python3.12/site-packages/airflow/example_dags/tutorial.py
[2026-02-25T10:58:24.974+0000] {processor.py:925} INFO - DAG(s) 'tutorial' retrieved from /home/ubuntu/airflow-venv/lib/python3.12/site-packages/airflow/example_dags/tutorial.py
[2026-02-25T10:58:24.983+0000] {logging_mixin.py:190} INFO - [2026-02-25T10:58:24.983+0000] {dag.py:3239} INFO - Sync 1 DAGs
[2026-02-25T10:58:24.994+0000] {logging_mixin.py:190} INFO - [2026-02-25T10:58:24.994+0000] {dag.py:4180} INFO - Setting next_dagrun for tutorial to 2026-02-24 00:00:00+00:00, run_after=2026-02-25 00:00:00+00:00
[2026-02-25T10:58:25.009+0000] {processor.py:208} INFO - Processing /home/ubuntu/airflow-venv/lib/python3.12/site-packages/airflow/example_dags/tutorial.py took 0.046 seconds
[2026-02-25T10:59:15.143+0000] {processor.py:186} INFO - Started process (PID=7467) to work on /home/ubuntu/airflow-venv/lib/python3.12/site-packages/airflow/example_dags/tutorial.py
[2026-02-25T10:59:15.145+0000] {processor.py:914} INFO - Processing file /home/ubuntu/airflow-venv/lib/python3.12/site-packages/airflow/example_dags/tutorial.py for tasks to queue
[2026-02-25T10:59:15.146+0000] {logging_mixin.py:190} INFO - [2026-02-25T10:59:15.146+0000] {dagbag.py:588} INFO - Filling up the DagBag from /home/ubuntu/airflow-venv/lib/python3.12/site-packages/airflow/example_dags/tutorial.py
[2026-02-25T10:59:15.151+0000] {processor.py:925} INFO - DAG(s) 'tutorial' retrieved from /home/ubuntu/airflow-venv/lib/python3.12/site-packages/airflow/example_dags/tutorial.py
[2026-02-25T10:59:15.161+0000] {logging_mixin.py:190} INFO - [2026-02-25T10:59:15.161+0000] {dag.py:3239} INFO - Sync 1 DAGs
[2026-02-25T10:59:15.172+0000] {logging_mixin.py:190} INFO - [2026-02-25T10:59:15.172+0000] {dag.py:4180} INFO - Setting next_dagrun for tutorial to 2026-02-24 00:00:00+00:00, run_after=2026-02-25 00:00:00+00:00
[2026-02-25T10:59:15.188+0000] {processor.py:208} INFO - Processing /home/ubuntu/airflow-venv/lib/python3.12/site-packages/airflow/example_dags/tutorial.py took 0.048 seconds
[2026-02-25T11:00:04.228+0000] {processor.py:186} INFO - Started process (PID=7884) to work on /home/ubuntu/airflow-venv/lib/python3.12/site-packages/airflow/example_dags/tutorial.py
[2026-02-25T11:00:04.229+0000] {processor.py:914} INFO - Processing file /home/ubuntu/airflow-venv/lib/python3.12/site-packages/airflow/example_dags/tutorial.py for tasks to queue
[2026-02-25T11:00:04.230+0000] {logging_mixin.py:190} INFO - [2026-02-25T11:00:04.230+0000] {dagbag.py:588} INFO - Filling up the DagBag from /home/ubuntu/airflow-venv/lib/python3.12/site-packages/airflow/example_dags/tutorial.py
[2026-02-25T11:00:04.236+0000] {processor.py:925} INFO - DAG(s) 'tutorial' retrieved from /home/ubuntu/airflow-venv/lib/python3.12/site-packages/airflow/example_dags/tutorial.py
[2026-02-25T11:00:04.245+0000] {logging_mixin.py:190} INFO - [2026-02-25T11:00:04.245+0000] {dag.py:3239} INFO - Sync 1 DAGs
[2026-02-25T11:00:04.258+0000] {logging_mixin.py:190} INFO - [2026-02-25T11:00:04.257+0000] {dag.py:4180} INFO - Setting next_dagrun for tutorial to 2026-02-24 00:00:00+00:00, run_after=2026-02-25 00:00:00+00:00
[2026-02-25T11:00:04.275+0000] {processor.py:208} INFO - Processing /home/ubuntu/airflow-venv/lib/python3.12/site-packages/airflow/example_dags/tutorial.py took 0.050 seconds
[2026-02-25T11:00:29.366+0000] {processor.py:186} INFO - Started process (PID=7937) to work on /home/ubuntu/airflow-venv/lib/python3.12/site-packages/airflow/example_dags/tutorial.py
[2026-02-25T11:00:29.367+0000] {processor.py:914} INFO - Processing file /home/ubuntu/airflow-venv/lib/python3.12/site-packages/airflow/example_dags/tutorial.py for tasks to queue
[2026-02-25T11:00:29.368+0000] {logging_mixin.py:190} INFO - [2026-02-25T11:00:29.368+0000] {dagbag.py:588} INFO - Filling up the DagBag from /home/ubuntu/airflow-venv/lib/python3.12/site-packages/airflow/example_dags/tutorial.py
[2026-02-25T11:00:29.374+0000] {processor.py:925} INFO - DAG(s) 'tutorial' retrieved from /home/ubuntu/airflow-venv/lib/python3.12/site-packages/airflow/example_dags/tutorial.py
[2026-02-25T11:00:29.387+0000] {logging_mixin.py:190} INFO - [2026-02-25T11:00:29.387+0000] {dag.py:3239} INFO - Sync 1 DAGs
[2026-02-25T11:00:29.400+0000] {logging_mixin.py:190} INFO - [2026-02-25T11:00:29.400+0000] {dag.py:4180} INFO - Setting next_dagrun for tutorial to 2026-02-24 00:00:00+00:00, run_after=2026-02-25 00:00:00+00:00
[2026-02-25T11:00:29.416+0000] {processor.py:208} INFO - Processing /home/ubuntu/airflow-venv/lib/python3.12/site-packages/airflow/example_dags/tutorial.py took 0.053 seconds
[2026-02-25T11:00:59.155+0000] {processor.py:186} INFO - Started process (PID=7997) to work on /home/ubuntu/airflow-venv/lib/python3.12/site-packages/airflow/example_dags/tutorial.py
[2026-02-25T11:00:59.157+0000] {processor.py:914} INFO - Processing file /home/ubuntu/airflow-venv/lib/python3.12/site-packages/airflow/example_dags/tutorial.py for tasks to queue
[2026-02-25T11:00:59.160+0000] {logging_mixin.py:190} INFO - [2026-02-25T11:00:59.159+0000] {dagbag.py:588} INFO - Filling up the DagBag from /home/ubuntu/airflow-venv/lib/python3.12/site-packages/airflow/example_dags/tutorial.py
[2026-02-25T11:00:59.174+0000] {processor.py:925} INFO - DAG(s) 'tutorial' retrieved from /home/ubuntu/airflow-venv/lib/python3.12/site-packages/airflow/example_dags/tutorial.py
[2026-02-25T11:00:59.195+0000] {logging_mixin.py:190} INFO - [2026-02-25T11:00:59.194+0000] {dag.py:3239} INFO - Sync 1 DAGs
[2026-02-25T11:00:59.220+0000] {logging_mixin.py:190} INFO - [2026-02-25T11:00:59.220+0000] {dag.py:4180} INFO - Setting next_dagrun for tutorial to 2026-02-24 00:00:00+00:00, run_after=2026-02-25 00:00:00+00:00
[2026-02-25T11:00:59.244+0000] {processor.py:208} INFO - Processing /home/ubuntu/airflow-venv/lib/python3.12/site-packages/airflow/example_dags/tutorial.py took 0.095 seconds
[2026-02-25T11:05:19.896+0000] {processor.py:186} INFO - Started process (PID=8050) to work on /home/ubuntu/airflow-venv/lib/python3.12/site-packages/airflow/example_dags/tutorial.py
[2026-02-25T11:05:19.898+0000] {processor.py:914} INFO - Processing file /home/ubuntu/airflow-venv/lib/python3.12/site-packages/airflow/example_dags/tutorial.py for tasks to queue
[2026-02-25T11:05:19.899+0000] {logging_mixin.py:190} INFO - [2026-02-25T11:05:19.899+0000] {dagbag.py:588} INFO - Filling up the DagBag from /home/ubuntu/airflow-venv/lib/python3.12/site-packages/airflow/example_dags/tutorial.py
[2026-02-25T11:05:19.904+0000] {processor.py:925} INFO - DAG(s) 'tutorial' retrieved from /home/ubuntu/airflow-venv/lib/python3.12/site-packages/airflow/example_dags/tutorial.py
[2026-02-25T11:05:19.918+0000] {logging_mixin.py:190} INFO - [2026-02-25T11:05:19.918+0000] {dag.py:3239} INFO - Sync 1 DAGs
[2026-02-25T11:05:19.930+0000] {logging_mixin.py:190} INFO - [2026-02-25T11:05:19.930+0000] {dag.py:4180} INFO - Setting next_dagrun for tutorial to 2026-02-24 00:00:00+00:00, run_after=2026-02-25 00:00:00+00:00
[2026-02-25T11:05:19.946+0000] {processor.py:208} INFO - Processing /home/ubuntu/airflow-venv/lib/python3.12/site-packages/airflow/example_dags/tutorial.py took 0.053 seconds
[2026-02-25T11:05:53.621+0000] {processor.py:186} INFO - Started process (PID=8104) to work on /home/ubuntu/airflow-venv/lib/python3.12/site-packages/airflow/example_dags/tutorial.py
[2026-02-25T11:05:53.622+0000] {processor.py:914} INFO - Processing file /home/ubuntu/airflow-venv/lib/python3.12/site-packages/airflow/example_dags/tutorial.py for tasks to queue
[2026-02-25T11:05:53.624+0000] {logging_mixin.py:190} INFO - [2026-02-25T11:05:53.623+0000] {dagbag.py:588} INFO - Filling up the DagBag from /home/ubuntu/airflow-venv/lib/python3.12/site-packages/airflow/example_dags/tutorial.py
[2026-02-25T11:05:53.629+0000] {processor.py:925} INFO - DAG(s) 'tutorial' retrieved from /home/ubuntu/airflow-venv/lib/python3.12/site-packages/airflow/example_dags/tutorial.py
[2026-02-25T11:05:53.644+0000] {logging_mixin.py:190} INFO - [2026-02-25T11:05:53.644+0000] {dag.py:3239} INFO - Sync 1 DAGs
[2026-02-25T11:05:53.657+0000] {logging_mixin.py:190} INFO - [2026-02-25T11:05:53.657+0000] {dag.py:4180} INFO - Setting next_dagrun for tutorial to 2026-02-24 00:00:00+00:00, run_after=2026-02-25 00:00:00+00:00
[2026-02-25T11:05:53.674+0000] {processor.py:208} INFO - Processing /home/ubuntu/airflow-venv/lib/python3.12/site-packages/airflow/example_dags/tutorial.py took 0.056 seconds
[2026-02-25T11:06:12.559+0000] {processor.py:186} INFO - Started process (PID=8146) to work on /home/ubuntu/airflow-venv/lib/python3.12/site-packages/airflow/example_dags/tutorial.py
[2026-02-25T11:06:12.559+0000] {processor.py:914} INFO - Processing file /home/ubuntu/airflow-venv/lib/python3.12/site-packages/airflow/example_dags/tutorial.py for tasks to queue
[2026-02-25T11:06:12.561+0000] {logging_mixin.py:190} INFO - [2026-02-25T11:06:12.561+0000] {dagbag.py:588} INFO - Filling up the DagBag from /home/ubuntu/airflow-venv/lib/python3.12/site-packages/airflow/example_dags/tutorial.py
[2026-02-25T11:06:12.566+0000] {processor.py:925} INFO - DAG(s) 'tutorial' retrieved from /home/ubuntu/airflow-venv/lib/python3.12/site-packages/airflow/example_dags/tutorial.py
[2026-02-25T11:06:12.575+0000] {logging_mixin.py:190} INFO - [2026-02-25T11:06:12.575+0000] {dag.py:3239} INFO - Sync 1 DAGs
[2026-02-25T11:06:12.586+0000] {logging_mixin.py:190} INFO - [2026-02-25T11:06:12.586+0000] {dag.py:4180} INFO - Setting next_dagrun for tutorial to 2026-02-24 00:00:00+00:00, run_after=2026-02-25 00:00:00+00:00
[2026-02-25T11:06:12.602+0000] {processor.py:208} INFO - Processing /home/ubuntu/airflow-venv/lib/python3.12/site-packages/airflow/example_dags/tutorial.py took 0.047 seconds
[2026-02-25T11:06:46.281+0000] {processor.py:186} INFO - Started process (PID=8217) to work on /home/ubuntu/airflow-venv/lib/python3.12/site-packages/airflow/example_dags/tutorial.py
[2026-02-25T11:06:46.288+0000] {processor.py:914} INFO - Processing file /home/ubuntu/airflow-venv/lib/python3.12/site-packages/airflow/example_dags/tutorial.py for tasks to queue
[2026-02-25T11:06:46.290+0000] {logging_mixin.py:190} INFO - [2026-02-25T11:06:46.289+0000] {dagbag.py:588} INFO - Filling up the DagBag from /home/ubuntu/airflow-venv/lib/python3.12/site-packages/airflow/example_dags/tutorial.py
[2026-02-25T11:06:46.295+0000] {processor.py:925} INFO - DAG(s) 'tutorial' retrieved from /home/ubuntu/airflow-venv/lib/python3.12/site-packages/airflow/example_dags/tutorial.py
[2026-02-25T11:06:46.304+0000] {logging_mixin.py:190} INFO - [2026-02-25T11:06:46.304+0000] {dag.py:3239} INFO - Sync 1 DAGs
[2026-02-25T11:06:46.316+0000] {logging_mixin.py:190} INFO - [2026-02-25T11:06:46.316+0000] {dag.py:4180} INFO - Setting next_dagrun for tutorial to 2026-02-24 00:00:00+00:00, run_after=2026-02-25 00:00:00+00:00
[2026-02-25T11:06:46.332+0000] {processor.py:208} INFO - Processing /home/ubuntu/airflow-venv/lib/python3.12/site-packages/airflow/example_dags/tutorial.py took 0.054 seconds
[2026-02-25T11:07:02.304+0000] {processor.py:186} INFO - Started process (PID=8251) to work on /home/ubuntu/airflow-venv/lib/python3.12/site-packages/airflow/example_dags/tutorial.py
[2026-02-25T11:07:02.304+0000] {processor.py:914} INFO - Processing file /home/ubuntu/airflow-venv/lib/python3.12/site-packages/airflow/example_dags/tutorial.py for tasks to queue
[2026-02-25T11:07:02.306+0000] {logging_mixin.py:190} INFO - [2026-02-25T11:07:02.305+0000] {dagbag.py:588} INFO - Filling up the DagBag from /home/ubuntu/airflow-venv/lib/python3.12/site-packages/airflow/example_dags/tutorial.py
[2026-02-25T11:07:02.311+0000] {processor.py:925} INFO - DAG(s) 'tutorial' retrieved from /home/ubuntu/airflow-venv/lib/python3.12/site-packages/airflow/example_dags/tutorial.py
[2026-02-25T11:07:02.320+0000] {logging_mixin.py:190} INFO - [2026-02-25T11:07:02.320+0000] {dag.py:3239} INFO - Sync 1 DAGs
[2026-02-25T11:07:02.332+0000] {logging_mixin.py:190} INFO - [2026-02-25T11:07:02.332+0000] {dag.py:4180} INFO - Setting next_dagrun for tutorial to 2026-02-24 00:00:00+00:00, run_after=2026-02-25 00:00:00+00:00
[2026-02-25T11:07:02.349+0000] {processor.py:208} INFO - Processing /home/ubuntu/airflow-venv/lib/python3.12/site-packages/airflow/example_dags/tutorial.py took 0.048 seconds
[2026-02-25T11:07:36.045+0000] {processor.py:186} INFO - Started process (PID=8323) to work on /home/ubuntu/airflow-venv/lib/python3.12/site-packages/airflow/example_dags/tutorial.py
[2026-02-25T11:07:36.046+0000] {processor.py:914} INFO - Processing file /home/ubuntu/airflow-venv/lib/python3.12/site-packages/airflow/example_dags/tutorial.py for tasks to queue
[2026-02-25T11:07:36.047+0000] {logging_mixin.py:190} INFO - [2026-02-25T11:07:36.047+0000] {dagbag.py:588} INFO - Filling up the DagBag from /home/ubuntu/airflow-venv/lib/python3.12/site-packages/airflow/example_dags/tutorial.py
[2026-02-25T11:07:36.052+0000] {processor.py:925} INFO - DAG(s) 'tutorial' retrieved from /home/ubuntu/airflow-venv/lib/python3.12/site-packages/airflow/example_dags/tutorial.py
[2026-02-25T11:07:36.062+0000] {logging_mixin.py:190} INFO - [2026-02-25T11:07:36.062+0000] {dag.py:3239} INFO - Sync 1 DAGs
[2026-02-25T11:07:36.073+0000] {logging_mixin.py:190} INFO - [2026-02-25T11:07:36.073+0000] {dag.py:4180} INFO - Setting next_dagrun for tutorial to 2026-02-24 00:00:00+00:00, run_after=2026-02-25 00:00:00+00:00
[2026-02-25T11:07:36.089+0000] {processor.py:208} INFO - Processing /home/ubuntu/airflow-venv/lib/python3.12/site-packages/airflow/example_dags/tutorial.py took 0.047 seconds
[2026-02-25T11:07:49.004+0000] {processor.py:186} INFO - Started process (PID=8350) to work on /home/ubuntu/airflow-venv/lib/python3.12/site-packages/airflow/example_dags/tutorial.py
[2026-02-25T11:07:49.004+0000] {processor.py:914} INFO - Processing file /home/ubuntu/airflow-venv/lib/python3.12/site-packages/airflow/example_dags/tutorial.py for tasks to queue
[2026-02-25T11:07:49.006+0000] {logging_mixin.py:190} INFO - [2026-02-25T11:07:49.005+0000] {dagbag.py:588} INFO - Filling up the DagBag from /home/ubuntu/airflow-venv/lib/python3.12/site-packages/airflow/example_dags/tutorial.py
[2026-02-25T11:07:49.010+0000] {processor.py:925} INFO - DAG(s) 'tutorial' retrieved from /home/ubuntu/airflow-venv/lib/python3.12/site-packages/airflow/example_dags/tutorial.py
[2026-02-25T11:07:49.019+0000] {logging_mixin.py:190} INFO - [2026-02-25T11:07:49.019+0000] {dag.py:3239} INFO - Sync 1 DAGs
[2026-02-25T11:07:49.031+0000] {logging_mixin.py:190} INFO - [2026-02-25T11:07:49.031+0000] {dag.py:4180} INFO - Setting next_dagrun for tutorial to 2026-02-24 00:00:00+00:00, run_after=2026-02-25 00:00:00+00:00
[2026-02-25T11:07:49.049+0000] {processor.py:208} INFO - Processing /home/ubuntu/airflow-venv/lib/python3.12/site-packages/airflow/example_dags/tutorial.py took 0.049 seconds
[2026-02-25T11:08:22.732+0000] {processor.py:186} INFO - Started process (PID=8435) to work on /home/ubuntu/airflow-venv/lib/python3.12/site-packages/airflow/example_dags/tutorial.py
[2026-02-25T11:08:22.733+0000] {processor.py:914} INFO - Processing file /home/ubuntu/airflow-venv/lib/python3.12/site-packages/airflow/example_dags/tutorial.py for tasks to queue
[2026-02-25T11:08:22.734+0000] {logging_mixin.py:190} INFO - [2026-02-25T11:08:22.734+0000] {dagbag.py:588} INFO - Filling up the DagBag from /home/ubuntu/airflow-venv/lib/python3.12/site-packages/airflow/example_dags/tutorial.py
[2026-02-25T11:08:22.739+0000] {processor.py:925} INFO - DAG(s) 'tutorial' retrieved from /home/ubuntu/airflow-venv/lib/python3.12/site-packages/airflow/example_dags/tutorial.py
[2026-02-25T11:08:22.749+0000] {logging_mixin.py:190} INFO - [2026-02-25T11:08:22.749+0000] {dag.py:3239} INFO - Sync 1 DAGs
[2026-02-25T11:08:22.761+0000] {logging_mixin.py:190} INFO - [2026-02-25T11:08:22.761+0000] {dag.py:4180} INFO - Setting next_dagrun for tutorial to 2026-02-24 00:00:00+00:00, run_after=2026-02-25 00:00:00+00:00
[2026-02-25T11:08:22.778+0000] {processor.py:208} INFO - Processing /home/ubuntu/airflow-venv/lib/python3.12/site-packages/airflow/example_dags/tutorial.py took 0.050 seconds
[2026-02-25T11:08:39.759+0000] {processor.py:186} INFO - Started process (PID=8477) to work on /home/ubuntu/airflow-venv/lib/python3.12/site-packages/airflow/example_dags/tutorial.py
[2026-02-25T11:08:39.760+0000] {processor.py:914} INFO - Processing file /home/ubuntu/airflow-venv/lib/python3.12/site-packages/airflow/example_dags/tutorial.py for tasks to queue
[2026-02-25T11:08:39.761+0000] {logging_mixin.py:190} INFO - [2026-02-25T11:08:39.761+0000] {dagbag.py:588} INFO - Filling up the DagBag from /home/ubuntu/airflow-venv/lib/python3.12/site-packages/airflow/example_dags/tutorial.py
[2026-02-25T11:08:39.766+0000] {processor.py:925} INFO - DAG(s) 'tutorial' retrieved from /home/ubuntu/airflow-venv/lib/python3.12/site-packages/airflow/example_dags/tutorial.py
[2026-02-25T11:08:39.775+0000] {logging_mixin.py:190} INFO - [2026-02-25T11:08:39.775+0000] {dag.py:3239} INFO - Sync 1 DAGs
[2026-02-25T11:08:39.787+0000] {logging_mixin.py:190} INFO - [2026-02-25T11:08:39.787+0000] {dag.py:4180} INFO - Setting next_dagrun for tutorial to 2026-02-24 00:00:00+00:00, run_after=2026-02-25 00:00:00+00:00
[2026-02-25T11:08:39.802+0000] {processor.py:208} INFO - Processing /home/ubuntu/airflow-venv/lib/python3.12/site-packages/airflow/example_dags/tutorial.py took 0.047 seconds
[2026-02-25T11:09:12.373+0000] {processor.py:186} INFO - Started process (PID=8546) to work on /home/ubuntu/airflow-venv/lib/python3.12/site-packages/airflow/example_dags/tutorial.py
[2026-02-25T11:09:12.374+0000] {processor.py:914} INFO - Processing file /home/ubuntu/airflow-venv/lib/python3.12/site-packages/airflow/example_dags/tutorial.py for tasks to queue
[2026-02-25T11:09:12.375+0000] {logging_mixin.py:190} INFO - [2026-02-25T11:09:12.375+0000] {dagbag.py:588} INFO - Filling up the DagBag from /home/ubuntu/airflow-venv/lib/python3.12/site-packages/airflow/example_dags/tutorial.py
[2026-02-25T11:09:12.380+0000] {processor.py:925} INFO - DAG(s) 'tutorial' retrieved from /home/ubuntu/airflow-venv/lib/python3.12/site-packages/airflow/example_dags/tutorial.py
[2026-02-25T11:09:12.389+0000] {logging_mixin.py:190} INFO - [2026-02-25T11:09:12.389+0000] {dag.py:3239} INFO - Sync 1 DAGs
[2026-02-25T11:09:12.401+0000] {logging_mixin.py:190} INFO - [2026-02-25T11:09:12.401+0000] {dag.py:4180} INFO - Setting next_dagrun for tutorial to 2026-02-24 00:00:00+00:00, run_after=2026-02-25 00:00:00+00:00
[2026-02-25T11:09:12.416+0000] {processor.py:208} INFO - Processing /home/ubuntu/airflow-venv/lib/python3.12/site-packages/airflow/example_dags/tutorial.py took 0.047 seconds
[2026-02-25T11:09:31.347+0000] {processor.py:186} INFO - Started process (PID=8584) to work on /home/ubuntu/airflow-venv/lib/python3.12/site-packages/airflow/example_dags/tutorial.py
[2026-02-25T11:09:31.348+0000] {processor.py:914} INFO - Processing file /home/ubuntu/airflow-venv/lib/python3.12/site-packages/airflow/example_dags/tutorial.py for tasks to queue
[2026-02-25T11:09:31.349+0000] {logging_mixin.py:190} INFO - [2026-02-25T11:09:31.349+0000] {dagbag.py:588} INFO - Filling up the DagBag from /home/ubuntu/airflow-venv/lib/python3.12/site-packages/airflow/example_dags/tutorial.py
[2026-02-25T11:09:31.354+0000] {processor.py:925} INFO - DAG(s) 'tutorial' retrieved from /home/ubuntu/airflow-venv/lib/python3.12/site-packages/airflow/example_dags/tutorial.py
[2026-02-25T11:09:31.363+0000] {logging_mixin.py:190} INFO - [2026-02-25T11:09:31.363+0000] {dag.py:3239} INFO - Sync 1 DAGs
[2026-02-25T11:09:31.375+0000] {logging_mixin.py:190} INFO - [2026-02-25T11:09:31.375+0000] {dag.py:4180} INFO - Setting next_dagrun for tutorial to 2026-02-24 00:00:00+00:00, run_after=2026-02-25 00:00:00+00:00
[2026-02-25T11:09:31.390+0000] {processor.py:208} INFO - Processing /home/ubuntu/airflow-venv/lib/python3.12/site-packages/airflow/example_dags/tutorial.py took 0.047 seconds
[2026-02-25T11:10:01.758+0000] {processor.py:186} INFO - Started process (PID=8649) to work on /home/ubuntu/airflow-venv/lib/python3.12/site-packages/airflow/example_dags/tutorial.py
[2026-02-25T11:10:01.759+0000] {processor.py:914} INFO - Processing file /home/ubuntu/airflow-venv/lib/python3.12/site-packages/airflow/example_dags/tutorial.py for tasks to queue
[2026-02-25T11:10:01.760+0000] {logging_mixin.py:190} INFO - [2026-02-25T11:10:01.760+0000] {dagbag.py:588} INFO - Filling up the DagBag from /home/ubuntu/airflow-venv/lib/python3.12/site-packages/airflow/example_dags/tutorial.py
[2026-02-25T11:10:01.766+0000] {processor.py:925} INFO - DAG(s) 'tutorial' retrieved from /home/ubuntu/airflow-venv/lib/python3.12/site-packages/airflow/example_dags/tutorial.py
[2026-02-25T11:10:01.776+0000] {logging_mixin.py:190} INFO - [2026-02-25T11:10:01.775+0000] {dag.py:3239} INFO - Sync 1 DAGs
[2026-02-25T11:10:01.788+0000] {logging_mixin.py:190} INFO - [2026-02-25T11:10:01.787+0000] {dag.py:4180} INFO - Setting next_dagrun for tutorial to 2026-02-24 00:00:00+00:00, run_after=2026-02-25 00:00:00+00:00
[2026-02-25T11:10:01.804+0000] {processor.py:208} INFO - Processing /home/ubuntu/airflow-venv/lib/python3.12/site-packages/airflow/example_dags/tutorial.py took 0.050 seconds
[2026-02-25T11:10:20.155+0000] {processor.py:186} INFO - Started process (PID=8689) to work on /home/ubuntu/airflow-venv/lib/python3.12/site-packages/airflow/example_dags/tutorial.py
[2026-02-25T11:10:20.156+0000] {processor.py:914} INFO - Processing file /home/ubuntu/airflow-venv/lib/python3.12/site-packages/airflow/example_dags/tutorial.py for tasks to queue
[2026-02-25T11:10:20.157+0000] {logging_mixin.py:190} INFO - [2026-02-25T11:10:20.157+0000] {dagbag.py:588} INFO - Filling up the DagBag from /home/ubuntu/airflow-venv/lib/python3.12/site-packages/airflow/example_dags/tutorial.py
[2026-02-25T11:10:20.163+0000] {processor.py:925} INFO - DAG(s) 'tutorial' retrieved from /home/ubuntu/airflow-venv/lib/python3.12/site-packages/airflow/example_dags/tutorial.py
[2026-02-25T11:10:20.173+0000] {logging_mixin.py:190} INFO - [2026-02-25T11:10:20.173+0000] {dag.py:3239} INFO - Sync 1 DAGs
[2026-02-25T11:10:20.185+0000] {logging_mixin.py:190} INFO - [2026-02-25T11:10:20.185+0000] {dag.py:4180} INFO - Setting next_dagrun for tutorial to 2026-02-24 00:00:00+00:00, run_after=2026-02-25 00:00:00+00:00
[2026-02-25T11:10:20.202+0000] {processor.py:208} INFO - Processing /home/ubuntu/airflow-venv/lib/python3.12/site-packages/airflow/example_dags/tutorial.py took 0.050 seconds
[2026-02-25T11:10:52.877+0000] {processor.py:186} INFO - Started process (PID=8757) to work on /home/ubuntu/airflow-venv/lib/python3.12/site-packages/airflow/example_dags/tutorial.py
[2026-02-25T11:10:52.879+0000] {processor.py:914} INFO - Processing file /home/ubuntu/airflow-venv/lib/python3.12/site-packages/airflow/example_dags/tutorial.py for tasks to queue
[2026-02-25T11:10:52.880+0000] {logging_mixin.py:190} INFO - [2026-02-25T11:10:52.880+0000] {dagbag.py:588} INFO - Filling up the DagBag from /home/ubuntu/airflow-venv/lib/python3.12/site-packages/airflow/example_dags/tutorial.py
[2026-02-25T11:10:52.885+0000] {processor.py:925} INFO - DAG(s) 'tutorial' retrieved from /home/ubuntu/airflow-venv/lib/python3.12/site-packages/airflow/example_dags/tutorial.py
[2026-02-25T11:10:52.895+0000] {logging_mixin.py:190} INFO - [2026-02-25T11:10:52.895+0000] {dag.py:3239} INFO - Sync 1 DAGs
[2026-02-25T11:10:52.907+0000] {logging_mixin.py:190} INFO - [2026-02-25T11:10:52.906+0000] {dag.py:4180} INFO - Setting next_dagrun for tutorial to 2026-02-24 00:00:00+00:00, run_after=2026-02-25 00:00:00+00:00
[2026-02-25T11:10:52.922+0000] {processor.py:208} INFO - Processing /home/ubuntu/airflow-venv/lib/python3.12/site-packages/airflow/example_dags/tutorial.py took 0.048 seconds
[2026-02-25T11:11:09.519+0000] {processor.py:186} INFO - Started process (PID=8792) to work on /home/ubuntu/airflow-venv/lib/python3.12/site-packages/airflow/example_dags/tutorial.py
[2026-02-25T11:11:09.520+0000] {processor.py:914} INFO - Processing file /home/ubuntu/airflow-venv/lib/python3.12/site-packages/airflow/example_dags/tutorial.py for tasks to queue
[2026-02-25T11:11:09.521+0000] {logging_mixin.py:190} INFO - [2026-02-25T11:11:09.521+0000] {dagbag.py:588} INFO - Filling up the DagBag from /home/ubuntu/airflow-venv/lib/python3.12/site-packages/airflow/example_dags/tutorial.py
[2026-02-25T11:11:09.526+0000] {processor.py:925} INFO - DAG(s) 'tutorial' retrieved from /home/ubuntu/airflow-venv/lib/python3.12/site-packages/airflow/example_dags/tutorial.py
[2026-02-25T11:11:09.536+0000] {logging_mixin.py:190} INFO - [2026-02-25T11:11:09.536+0000] {dag.py:3239} INFO - Sync 1 DAGs
[2026-02-25T11:11:09.616+0000] {logging_mixin.py:190} INFO - [2026-02-25T11:11:09.616+0000] {dag.py:4180} INFO - Setting next_dagrun for tutorial to 2026-02-24 00:00:00+00:00, run_after=2026-02-25 00:00:00+00:00
[2026-02-25T11:11:09.631+0000] {processor.py:208} INFO - Processing /home/ubuntu/airflow-venv/lib/python3.12/site-packages/airflow/example_dags/tutorial.py took 0.116 seconds
[2026-02-25T11:11:44.167+0000] {processor.py:186} INFO - Started process (PID=8869) to work on /home/ubuntu/airflow-venv/lib/python3.12/site-packages/airflow/example_dags/tutorial.py
[2026-02-25T11:11:44.168+0000] {processor.py:914} INFO - Processing file /home/ubuntu/airflow-venv/lib/python3.12/site-packages/airflow/example_dags/tutorial.py for tasks to queue
[2026-02-25T11:11:44.169+0000] {logging_mixin.py:190} INFO - [2026-02-25T11:11:44.169+0000] {dagbag.py:588} INFO - Filling up the DagBag from /home/ubuntu/airflow-venv/lib/python3.12/site-packages/airflow/example_dags/tutorial.py
[2026-02-25T11:11:44.174+0000] {processor.py:925} INFO - DAG(s) 'tutorial' retrieved from /home/ubuntu/airflow-venv/lib/python3.12/site-packages/airflow/example_dags/tutorial.py
[2026-02-25T11:11:44.188+0000] {logging_mixin.py:190} INFO - [2026-02-25T11:11:44.187+0000] {dag.py:3239} INFO - Sync 1 DAGs
[2026-02-25T11:11:44.272+0000] {logging_mixin.py:190} INFO - [2026-02-25T11:11:44.272+0000] {dag.py:4180} INFO - Setting next_dagrun for tutorial to 2026-02-24 00:00:00+00:00, run_after=2026-02-25 00:00:00+00:00
[2026-02-25T11:11:44.287+0000] {processor.py:208} INFO - Processing /home/ubuntu/airflow-venv/lib/python3.12/site-packages/airflow/example_dags/tutorial.py took 0.124 seconds
[2026-02-25T11:12:02.716+0000] {processor.py:186} INFO - Started process (PID=8906) to work on /home/ubuntu/airflow-venv/lib/python3.12/site-packages/airflow/example_dags/tutorial.py
[2026-02-25T11:12:02.717+0000] {processor.py:914} INFO - Processing file /home/ubuntu/airflow-venv/lib/python3.12/site-packages/airflow/example_dags/tutorial.py for tasks to queue
[2026-02-25T11:12:02.718+0000] {logging_mixin.py:190} INFO - [2026-02-25T11:12:02.718+0000] {dagbag.py:588} INFO - Filling up the DagBag from /home/ubuntu/airflow-venv/lib/python3.12/site-packages/airflow/example_dags/tutorial.py
[2026-02-25T11:12:02.724+0000] {processor.py:925} INFO - DAG(s) 'tutorial' retrieved from /home/ubuntu/airflow-venv/lib/python3.12/site-packages/airflow/example_dags/tutorial.py
[2026-02-25T11:12:02.733+0000] {logging_mixin.py:190} INFO - [2026-02-25T11:12:02.733+0000] {dag.py:3239} INFO - Sync 1 DAGs
[2026-02-25T11:12:02.746+0000] {logging_mixin.py:190} INFO - [2026-02-25T11:12:02.745+0000] {dag.py:4180} INFO - Setting next_dagrun for tutorial to 2026-02-24 00:00:00+00:00, run_after=2026-02-25 00:00:00+00:00
[2026-02-25T11:12:02.762+0000] {processor.py:208} INFO - Processing /home/ubuntu/airflow-venv/lib/python3.12/site-packages/airflow/example_dags/tutorial.py took 0.050 seconds
[2026-02-25T11:12:41.414+0000] {processor.py:186} INFO - Started process (PID=8984) to work on /home/ubuntu/airflow-venv/lib/python3.12/site-packages/airflow/example_dags/tutorial.py
[2026-02-25T11:12:41.415+0000] {processor.py:914} INFO - Processing file /home/ubuntu/airflow-venv/lib/python3.12/site-packages/airflow/example_dags/tutorial.py for tasks to queue
[2026-02-25T11:12:41.417+0000] {logging_mixin.py:190} INFO - [2026-02-25T11:12:41.417+0000] {dagbag.py:588} INFO - Filling up the DagBag from /home/ubuntu/airflow-venv/lib/python3.12/site-packages/airflow/example_dags/tutorial.py
[2026-02-25T11:12:41.423+0000] {processor.py:925} INFO - DAG(s) 'tutorial' retrieved from /home/ubuntu/airflow-venv/lib/python3.12/site-packages/airflow/example_dags/tutorial.py
[2026-02-25T11:12:41.433+0000] {logging_mixin.py:190} INFO - [2026-02-25T11:12:41.433+0000] {dag.py:3239} INFO - Sync 1 DAGs
[2026-02-25T11:12:41.446+0000] {logging_mixin.py:190} INFO - [2026-02-25T11:12:41.446+0000] {dag.py:4180} INFO - Setting next_dagrun for tutorial to 2026-02-24 00:00:00+00:00, run_after=2026-02-25 00:00:00+00:00
[2026-02-25T11:12:41.464+0000] {processor.py:208} INFO - Processing /home/ubuntu/airflow-venv/lib/python3.12/site-packages/airflow/example_dags/tutorial.py took 0.053 seconds
[2026-02-25T11:12:53.064+0000] {processor.py:186} INFO - Started process (PID=9007) to work on /home/ubuntu/airflow-venv/lib/python3.12/site-packages/airflow/example_dags/tutorial.py
[2026-02-25T11:12:53.065+0000] {processor.py:914} INFO - Processing file /home/ubuntu/airflow-venv/lib/python3.12/site-packages/airflow/example_dags/tutorial.py for tasks to queue
[2026-02-25T11:12:53.066+0000] {logging_mixin.py:190} INFO - [2026-02-25T11:12:53.066+0000] {dagbag.py:588} INFO - Filling up the DagBag from /home/ubuntu/airflow-venv/lib/python3.12/site-packages/airflow/example_dags/tutorial.py
[2026-02-25T11:12:53.071+0000] {processor.py:925} INFO - DAG(s) 'tutorial' retrieved from /home/ubuntu/airflow-venv/lib/python3.12/site-packages/airflow/example_dags/tutorial.py
[2026-02-25T11:12:53.081+0000] {logging_mixin.py:190} INFO - [2026-02-25T11:12:53.081+0000] {dag.py:3239} INFO - Sync 1 DAGs
[2026-02-25T11:12:53.094+0000] {logging_mixin.py:190} INFO - [2026-02-25T11:12:53.094+0000] {dag.py:4180} INFO - Setting next_dagrun for tutorial to 2026-02-24 00:00:00+00:00, run_after=2026-02-25 00:00:00+00:00
[2026-02-25T11:12:53.111+0000] {processor.py:208} INFO - Processing /home/ubuntu/airflow-venv/lib/python3.12/site-packages/airflow/example_dags/tutorial.py took 0.051 seconds
[2026-02-25T11:13:36.059+0000] {processor.py:186} INFO - Started process (PID=9096) to work on /home/ubuntu/airflow-venv/lib/python3.12/site-packages/airflow/example_dags/tutorial.py
[2026-02-25T11:13:36.060+0000] {processor.py:914} INFO - Processing file /home/ubuntu/airflow-venv/lib/python3.12/site-packages/airflow/example_dags/tutorial.py for tasks to queue
[2026-02-25T11:13:36.062+0000] {logging_mixin.py:190} INFO - [2026-02-25T11:13:36.061+0000] {dagbag.py:588} INFO - Filling up the DagBag from /home/ubuntu/airflow-venv/lib/python3.12/site-packages/airflow/example_dags/tutorial.py
[2026-02-25T11:13:36.067+0000] {processor.py:925} INFO - DAG(s) 'tutorial' retrieved from /home/ubuntu/airflow-venv/lib/python3.12/site-packages/airflow/example_dags/tutorial.py
[2026-02-25T11:13:36.078+0000] {logging_mixin.py:190} INFO - [2026-02-25T11:13:36.078+0000] {dag.py:3239} INFO - Sync 1 DAGs
[2026-02-25T11:13:36.090+0000] {logging_mixin.py:190} INFO - [2026-02-25T11:13:36.090+0000] {dag.py:4180} INFO - Setting next_dagrun for tutorial to 2026-02-24 00:00:00+00:00, run_after=2026-02-25 00:00:00+00:00
[2026-02-25T11:13:36.107+0000] {processor.py:208} INFO - Processing /home/ubuntu/airflow-venv/lib/python3.12/site-packages/airflow/example_dags/tutorial.py took 0.052 seconds
[2026-02-25T11:13:45.477+0000] {processor.py:186} INFO - Started process (PID=9116) to work on /home/ubuntu/airflow-venv/lib/python3.12/site-packages/airflow/example_dags/tutorial.py
[2026-02-25T11:13:45.478+0000] {processor.py:914} INFO - Processing file /home/ubuntu/airflow-venv/lib/python3.12/site-packages/airflow/example_dags/tutorial.py for tasks to queue
[2026-02-25T11:13:45.479+0000] {logging_mixin.py:190} INFO - [2026-02-25T11:13:45.479+0000] {dagbag.py:588} INFO - Filling up the DagBag from /home/ubuntu/airflow-venv/lib/python3.12/site-packages/airflow/example_dags/tutorial.py
[2026-02-25T11:13:45.485+0000] {processor.py:925} INFO - DAG(s) 'tutorial' retrieved from /home/ubuntu/airflow-venv/lib/python3.12/site-packages/airflow/example_dags/tutorial.py
[2026-02-25T11:13:45.495+0000] {logging_mixin.py:190} INFO - [2026-02-25T11:13:45.495+0000] {dag.py:3239} INFO - Sync 1 DAGs
[2026-02-25T11:13:45.507+0000] {logging_mixin.py:190} INFO - [2026-02-25T11:13:45.507+0000] {dag.py:4180} INFO - Setting next_dagrun for tutorial to 2026-02-24 00:00:00+00:00, run_after=2026-02-25 00:00:00+00:00
[2026-02-25T11:13:45.524+0000] {processor.py:208} INFO - Processing /home/ubuntu/airflow-venv/lib/python3.12/site-packages/airflow/example_dags/tutorial.py took 0.051 seconds
[2026-02-25T11:14:28.093+0000] {processor.py:186} INFO - Started process (PID=9203) to work on /home/ubuntu/airflow-venv/lib/python3.12/site-packages/airflow/example_dags/tutorial.py
[2026-02-25T11:14:28.094+0000] {processor.py:914} INFO - Processing file /home/ubuntu/airflow-venv/lib/python3.12/site-packages/airflow/example_dags/tutorial.py for tasks to queue
[2026-02-25T11:14:28.095+0000] {logging_mixin.py:190} INFO - [2026-02-25T11:14:28.095+0000] {dagbag.py:588} INFO - Filling up the DagBag from /home/ubuntu/airflow-venv/lib/python3.12/site-packages/airflow/example_dags/tutorial.py
[2026-02-25T11:14:28.102+0000] {processor.py:925} INFO - DAG(s) 'tutorial' retrieved from /home/ubuntu/airflow-venv/lib/python3.12/site-packages/airflow/example_dags/tutorial.py
[2026-02-25T11:14:28.115+0000] {logging_mixin.py:190} INFO - [2026-02-25T11:14:28.115+0000] {dag.py:3239} INFO - Sync 1 DAGs
[2026-02-25T11:14:28.134+0000] {logging_mixin.py:190} INFO - [2026-02-25T11:14:28.134+0000] {dag.py:4180} INFO - Setting next_dagrun for tutorial to 2026-02-24 00:00:00+00:00, run_after=2026-02-25 00:00:00+00:00
[2026-02-25T11:14:28.151+0000] {processor.py:208} INFO - Processing /home/ubuntu/airflow-venv/lib/python3.12/site-packages/airflow/example_dags/tutorial.py took 0.063 seconds
[2026-02-25T11:14:35.654+0000] {processor.py:186} INFO - Started process (PID=9219) to work on /home/ubuntu/airflow-venv/lib/python3.12/site-packages/airflow/example_dags/tutorial.py
[2026-02-25T11:14:35.654+0000] {processor.py:914} INFO - Processing file /home/ubuntu/airflow-venv/lib/python3.12/site-packages/airflow/example_dags/tutorial.py for tasks to queue
[2026-02-25T11:14:35.656+0000] {logging_mixin.py:190} INFO - [2026-02-25T11:14:35.656+0000] {dagbag.py:588} INFO - Filling up the DagBag from /home/ubuntu/airflow-venv/lib/python3.12/site-packages/airflow/example_dags/tutorial.py
[2026-02-25T11:14:35.661+0000] {processor.py:925} INFO - DAG(s) 'tutorial' retrieved from /home/ubuntu/airflow-venv/lib/python3.12/site-packages/airflow/example_dags/tutorial.py
[2026-02-25T11:14:35.672+0000] {logging_mixin.py:190} INFO - [2026-02-25T11:14:35.672+0000] {dag.py:3239} INFO - Sync 1 DAGs
[2026-02-25T11:14:35.685+0000] {logging_mixin.py:190} INFO - [2026-02-25T11:14:35.685+0000] {dag.py:4180} INFO - Setting next_dagrun for tutorial to 2026-02-24 00:00:00+00:00, run_after=2026-02-25 00:00:00+00:00
[2026-02-25T11:14:35.701+0000] {processor.py:208} INFO - Processing /home/ubuntu/airflow-venv/lib/python3.12/site-packages/airflow/example_dags/tutorial.py took 0.051 seconds
[2026-02-25T11:15:22.148+0000] {processor.py:186} INFO - Started process (PID=9321) to work on /home/ubuntu/airflow-venv/lib/python3.12/site-packages/airflow/example_dags/tutorial.py
[2026-02-25T11:15:22.149+0000] {processor.py:914} INFO - Processing file /home/ubuntu/airflow-venv/lib/python3.12/site-packages/airflow/example_dags/tutorial.py for tasks to queue
[2026-02-25T11:15:22.151+0000] {logging_mixin.py:190} INFO - [2026-02-25T11:15:22.150+0000] {dagbag.py:588} INFO - Filling up the DagBag from /home/ubuntu/airflow-venv/lib/python3.12/site-packages/airflow/example_dags/tutorial.py
[2026-02-25T11:15:22.156+0000] {processor.py:925} INFO - DAG(s) 'tutorial' retrieved from /home/ubuntu/airflow-venv/lib/python3.12/site-packages/airflow/example_dags/tutorial.py
[2026-02-25T11:15:22.166+0000] {logging_mixin.py:190} INFO - [2026-02-25T11:15:22.166+0000] {dag.py:3239} INFO - Sync 1 DAGs
[2026-02-25T11:15:22.179+0000] {logging_mixin.py:190} INFO - [2026-02-25T11:15:22.179+0000] {dag.py:4180} INFO - Setting next_dagrun for tutorial to 2026-02-24 00:00:00+00:00, run_after=2026-02-25 00:00:00+00:00
[2026-02-25T11:15:22.197+0000] {processor.py:208} INFO - Processing /home/ubuntu/airflow-venv/lib/python3.12/site-packages/airflow/example_dags/tutorial.py took 0.052 seconds
[2026-02-25T11:15:23.042+0000] {processor.py:186} INFO - Started process (PID=9322) to work on /home/ubuntu/airflow-venv/lib/python3.12/site-packages/airflow/example_dags/tutorial.py
[2026-02-25T11:15:23.043+0000] {processor.py:914} INFO - Processing file /home/ubuntu/airflow-venv/lib/python3.12/site-packages/airflow/example_dags/tutorial.py for tasks to queue
[2026-02-25T11:15:23.044+0000] {logging_mixin.py:190} INFO - [2026-02-25T11:15:23.044+0000] {dagbag.py:588} INFO - Filling up the DagBag from /home/ubuntu/airflow-venv/lib/python3.12/site-packages/airflow/example_dags/tutorial.py
[2026-02-25T11:15:23.050+0000] {processor.py:925} INFO - DAG(s) 'tutorial' retrieved from /home/ubuntu/airflow-venv/lib/python3.12/site-packages/airflow/example_dags/tutorial.py
[2026-02-25T11:15:23.060+0000] {logging_mixin.py:190} INFO - [2026-02-25T11:15:23.060+0000] {dag.py:3239} INFO - Sync 1 DAGs
[2026-02-25T11:15:23.073+0000] {logging_mixin.py:190} INFO - [2026-02-25T11:15:23.073+0000] {dag.py:4180} INFO - Setting next_dagrun for tutorial to 2026-02-24 00:00:00+00:00, run_after=2026-02-25 00:00:00+00:00
[2026-02-25T11:15:23.090+0000] {processor.py:208} INFO - Processing /home/ubuntu/airflow-venv/lib/python3.12/site-packages/airflow/example_dags/tutorial.py took 0.052 seconds
[2026-02-25T11:16:09.065+0000] {processor.py:186} INFO - Started process (PID=9421) to work on /home/ubuntu/airflow-venv/lib/python3.12/site-packages/airflow/example_dags/tutorial.py
[2026-02-25T11:16:09.067+0000] {processor.py:914} INFO - Processing file /home/ubuntu/airflow-venv/lib/python3.12/site-packages/airflow/example_dags/tutorial.py for tasks to queue
[2026-02-25T11:16:09.068+0000] {logging_mixin.py:190} INFO - [2026-02-25T11:16:09.068+0000] {dagbag.py:588} INFO - Filling up the DagBag from /home/ubuntu/airflow-venv/lib/python3.12/site-packages/airflow/example_dags/tutorial.py
[2026-02-25T11:16:09.073+0000] {processor.py:925} INFO - DAG(s) 'tutorial' retrieved from /home/ubuntu/airflow-venv/lib/python3.12/site-packages/airflow/example_dags/tutorial.py
[2026-02-25T11:16:09.083+0000] {logging_mixin.py:190} INFO - [2026-02-25T11:16:09.083+0000] {dag.py:3239} INFO - Sync 1 DAGs
[2026-02-25T11:16:09.096+0000] {logging_mixin.py:190} INFO - [2026-02-25T11:16:09.095+0000] {dag.py:4180} INFO - Setting next_dagrun for tutorial to 2026-02-24 00:00:00+00:00, run_after=2026-02-25 00:00:00+00:00
[2026-02-25T11:16:09.112+0000] {processor.py:208} INFO - Processing /home/ubuntu/airflow-venv/lib/python3.12/site-packages/airflow/example_dags/tutorial.py took 0.050 seconds
[2026-02-25T11:16:10.924+0000] {processor.py:186} INFO - Started process (PID=9426) to work on /home/ubuntu/airflow-venv/lib/python3.12/site-packages/airflow/example_dags/tutorial.py
[2026-02-25T11:16:10.924+0000] {processor.py:914} INFO - Processing file /home/ubuntu/airflow-venv/lib/python3.12/site-packages/airflow/example_dags/tutorial.py for tasks to queue
[2026-02-25T11:16:10.926+0000] {logging_mixin.py:190} INFO - [2026-02-25T11:16:10.925+0000] {dagbag.py:588} INFO - Filling up the DagBag from /home/ubuntu/airflow-venv/lib/python3.12/site-packages/airflow/example_dags/tutorial.py
[2026-02-25T11:16:10.933+0000] {processor.py:925} INFO - DAG(s) 'tutorial' retrieved from /home/ubuntu/airflow-venv/lib/python3.12/site-packages/airflow/example_dags/tutorial.py
[2026-02-25T11:16:10.943+0000] {logging_mixin.py:190} INFO - [2026-02-25T11:16:10.942+0000] {dag.py:3239} INFO - Sync 1 DAGs
[2026-02-25T11:16:10.955+0000] {logging_mixin.py:190} INFO - [2026-02-25T11:16:10.954+0000] {dag.py:4180} INFO - Setting next_dagrun for tutorial to 2026-02-24 00:00:00+00:00, run_after=2026-02-25 00:00:00+00:00
[2026-02-25T11:16:10.971+0000] {processor.py:208} INFO - Processing /home/ubuntu/airflow-venv/lib/python3.12/site-packages/airflow/example_dags/tutorial.py took 0.051 seconds
[2026-02-25T11:16:58.133+0000] {processor.py:186} INFO - Started process (PID=9524) to work on /home/ubuntu/airflow-venv/lib/python3.12/site-packages/airflow/example_dags/tutorial.py
[2026-02-25T11:16:58.134+0000] {processor.py:914} INFO - Processing file /home/ubuntu/airflow-venv/lib/python3.12/site-packages/airflow/example_dags/tutorial.py for tasks to queue
[2026-02-25T11:16:58.136+0000] {logging_mixin.py:190} INFO - [2026-02-25T11:16:58.135+0000] {dagbag.py:588} INFO - Filling up the DagBag from /home/ubuntu/airflow-venv/lib/python3.12/site-packages/airflow/example_dags/tutorial.py
[2026-02-25T11:16:58.141+0000] {processor.py:925} INFO - DAG(s) 'tutorial' retrieved from /home/ubuntu/airflow-venv/lib/python3.12/site-packages/airflow/example_dags/tutorial.py
[2026-02-25T11:16:58.152+0000] {logging_mixin.py:190} INFO - [2026-02-25T11:16:58.152+0000] {dag.py:3239} INFO - Sync 1 DAGs
[2026-02-25T11:16:58.165+0000] {logging_mixin.py:190} INFO - [2026-02-25T11:16:58.164+0000] {dag.py:4180} INFO - Setting next_dagrun for tutorial to 2026-02-24 00:00:00+00:00, run_after=2026-02-25 00:00:00+00:00
[2026-02-25T11:16:58.183+0000] {processor.py:208} INFO - Processing /home/ubuntu/airflow-venv/lib/python3.12/site-packages/airflow/example_dags/tutorial.py took 0.054 seconds
[2026-02-25T11:17:00.664+0000] {processor.py:186} INFO - Started process (PID=9531) to work on /home/ubuntu/airflow-venv/lib/python3.12/site-packages/airflow/example_dags/tutorial.py
[2026-02-25T11:17:00.664+0000] {processor.py:914} INFO - Processing file /home/ubuntu/airflow-venv/lib/python3.12/site-packages/airflow/example_dags/tutorial.py for tasks to queue
[2026-02-25T11:17:00.666+0000] {logging_mixin.py:190} INFO - [2026-02-25T11:17:00.665+0000] {dagbag.py:588} INFO - Filling up the DagBag from /home/ubuntu/airflow-venv/lib/python3.12/site-packages/airflow/example_dags/tutorial.py
[2026-02-25T11:17:00.672+0000] {processor.py:925} INFO - DAG(s) 'tutorial' retrieved from /home/ubuntu/airflow-venv/lib/python3.12/site-packages/airflow/example_dags/tutorial.py
[2026-02-25T11:17:00.683+0000] {logging_mixin.py:190} INFO - [2026-02-25T11:17:00.683+0000] {dag.py:3239} INFO - Sync 1 DAGs
[2026-02-25T11:17:00.697+0000] {logging_mixin.py:190} INFO - [2026-02-25T11:17:00.697+0000] {dag.py:4180} INFO - Setting next_dagrun for tutorial to 2026-02-24 00:00:00+00:00, run_after=2026-02-25 00:00:00+00:00
[2026-02-25T11:17:00.715+0000] {processor.py:208} INFO - Processing /home/ubuntu/airflow-venv/lib/python3.12/site-packages/airflow/example_dags/tutorial.py took 0.056 seconds
[2026-02-25T11:17:47.268+0000] {processor.py:186} INFO - Started process (PID=9632) to work on /home/ubuntu/airflow-venv/lib/python3.12/site-packages/airflow/example_dags/tutorial.py
[2026-02-25T11:17:47.269+0000] {processor.py:914} INFO - Processing file /home/ubuntu/airflow-venv/lib/python3.12/site-packages/airflow/example_dags/tutorial.py for tasks to queue
[2026-02-25T11:17:47.270+0000] {logging_mixin.py:190} INFO - [2026-02-25T11:17:47.270+0000] {dagbag.py:588} INFO - Filling up the DagBag from /home/ubuntu/airflow-venv/lib/python3.12/site-packages/airflow/example_dags/tutorial.py
[2026-02-25T11:17:47.276+0000] {processor.py:925} INFO - DAG(s) 'tutorial' retrieved from /home/ubuntu/airflow-venv/lib/python3.12/site-packages/airflow/example_dags/tutorial.py
[2026-02-25T11:17:47.286+0000] {logging_mixin.py:190} INFO - [2026-02-25T11:17:47.286+0000] {dag.py:3239} INFO - Sync 1 DAGs
[2026-02-25T11:17:47.299+0000] {logging_mixin.py:190} INFO - [2026-02-25T11:17:47.299+0000] {dag.py:4180} INFO - Setting next_dagrun for tutorial to 2026-02-24 00:00:00+00:00, run_after=2026-02-25 00:00:00+00:00
[2026-02-25T11:17:47.316+0000] {processor.py:208} INFO - Processing /home/ubuntu/airflow-venv/lib/python3.12/site-packages/airflow/example_dags/tutorial.py took 0.052 seconds
[2026-02-25T11:17:50.838+0000] {processor.py:186} INFO - Started process (PID=9639) to work on /home/ubuntu/airflow-venv/lib/python3.12/site-packages/airflow/example_dags/tutorial.py
[2026-02-25T11:17:50.839+0000] {processor.py:914} INFO - Processing file /home/ubuntu/airflow-venv/lib/python3.12/site-packages/airflow/example_dags/tutorial.py for tasks to queue
[2026-02-25T11:17:50.840+0000] {logging_mixin.py:190} INFO - [2026-02-25T11:17:50.840+0000] {dagbag.py:588} INFO - Filling up the DagBag from /home/ubuntu/airflow-venv/lib/python3.12/site-packages/airflow/example_dags/tutorial.py
[2026-02-25T11:17:50.846+0000] {processor.py:925} INFO - DAG(s) 'tutorial' retrieved from /home/ubuntu/airflow-venv/lib/python3.12/site-packages/airflow/example_dags/tutorial.py
[2026-02-25T11:17:50.856+0000] {logging_mixin.py:190} INFO - [2026-02-25T11:17:50.856+0000] {dag.py:3239} INFO - Sync 1 DAGs
[2026-02-25T11:17:50.870+0000] {logging_mixin.py:190} INFO - [2026-02-25T11:17:50.869+0000] {dag.py:4180} INFO - Setting next_dagrun for tutorial to 2026-02-24 00:00:00+00:00, run_after=2026-02-25 00:00:00+00:00
[2026-02-25T11:17:50.886+0000] {processor.py:208} INFO - Processing /home/ubuntu/airflow-venv/lib/python3.12/site-packages/airflow/example_dags/tutorial.py took 0.052 seconds
[2026-02-25T11:18:40.853+0000] {processor.py:186} INFO - Started process (PID=9741) to work on /home/ubuntu/airflow-venv/lib/python3.12/site-packages/airflow/example_dags/tutorial.py
[2026-02-25T11:18:40.855+0000] {processor.py:914} INFO - Processing file /home/ubuntu/airflow-venv/lib/python3.12/site-packages/airflow/example_dags/tutorial.py for tasks to queue
[2026-02-25T11:18:40.856+0000] {logging_mixin.py:190} INFO - [2026-02-25T11:18:40.856+0000] {dagbag.py:588} INFO - Filling up the DagBag from /home/ubuntu/airflow-venv/lib/python3.12/site-packages/airflow/example_dags/tutorial.py
[2026-02-25T11:18:40.862+0000] {processor.py:925} INFO - DAG(s) 'tutorial' retrieved from /home/ubuntu/airflow-venv/lib/python3.12/site-packages/airflow/example_dags/tutorial.py
[2026-02-25T11:18:40.872+0000] {logging_mixin.py:190} INFO - [2026-02-25T11:18:40.871+0000] {dag.py:3239} INFO - Sync 1 DAGs
[2026-02-25T11:18:40.884+0000] {logging_mixin.py:190} INFO - [2026-02-25T11:18:40.884+0000] {dag.py:4180} INFO - Setting next_dagrun for tutorial to 2026-02-24 00:00:00+00:00, run_after=2026-02-25 00:00:00+00:00
[2026-02-25T11:18:40.901+0000] {processor.py:208} INFO - Processing /home/ubuntu/airflow-venv/lib/python3.12/site-packages/airflow/example_dags/tutorial.py took 0.052 seconds
[2026-02-25T11:18:42.229+0000] {processor.py:186} INFO - Started process (PID=9744) to work on /home/ubuntu/airflow-venv/lib/python3.12/site-packages/airflow/example_dags/tutorial.py
[2026-02-25T11:18:42.230+0000] {processor.py:914} INFO - Processing file /home/ubuntu/airflow-venv/lib/python3.12/site-packages/airflow/example_dags/tutorial.py for tasks to queue
[2026-02-25T11:18:42.231+0000] {logging_mixin.py:190} INFO - [2026-02-25T11:18:42.231+0000] {dagbag.py:588} INFO - Filling up the DagBag from /home/ubuntu/airflow-venv/lib/python3.12/site-packages/airflow/example_dags/tutorial.py
[2026-02-25T11:18:42.237+0000] {processor.py:925} INFO - DAG(s) 'tutorial' retrieved from /home/ubuntu/airflow-venv/lib/python3.12/site-packages/airflow/example_dags/tutorial.py
[2026-02-25T11:18:42.247+0000] {logging_mixin.py:190} INFO - [2026-02-25T11:18:42.247+0000] {dag.py:3239} INFO - Sync 1 DAGs
[2026-02-25T11:18:42.259+0000] {logging_mixin.py:190} INFO - [2026-02-25T11:18:42.259+0000] {dag.py:4180} INFO - Setting next_dagrun for tutorial to 2026-02-24 00:00:00+00:00, run_after=2026-02-25 00:00:00+00:00
[2026-02-25T11:18:42.276+0000] {processor.py:208} INFO - Processing /home/ubuntu/airflow-venv/lib/python3.12/site-packages/airflow/example_dags/tutorial.py took 0.051 seconds
[2026-02-25T11:19:30.687+0000] {processor.py:186} INFO - Started process (PID=9848) to work on /home/ubuntu/airflow-venv/lib/python3.12/site-packages/airflow/example_dags/tutorial.py
[2026-02-25T11:19:30.689+0000] {processor.py:914} INFO - Processing file /home/ubuntu/airflow-venv/lib/python3.12/site-packages/airflow/example_dags/tutorial.py for tasks to queue
[2026-02-25T11:19:30.690+0000] {logging_mixin.py:190} INFO - [2026-02-25T11:19:30.690+0000] {dagbag.py:588} INFO - Filling up the DagBag from /home/ubuntu/airflow-venv/lib/python3.12/site-packages/airflow/example_dags/tutorial.py
[2026-02-25T11:19:30.696+0000] {processor.py:925} INFO - DAG(s) 'tutorial' retrieved from /home/ubuntu/airflow-venv/lib/python3.12/site-packages/airflow/example_dags/tutorial.py
[2026-02-25T11:19:30.707+0000] {logging_mixin.py:190} INFO - [2026-02-25T11:19:30.707+0000] {dag.py:3239} INFO - Sync 1 DAGs
[2026-02-25T11:19:30.721+0000] {logging_mixin.py:190} INFO - [2026-02-25T11:19:30.721+0000] {dag.py:4180} INFO - Setting next_dagrun for tutorial to 2026-02-24 00:00:00+00:00, run_after=2026-02-25 00:00:00+00:00
[2026-02-25T11:19:30.739+0000] {processor.py:208} INFO - Processing /home/ubuntu/airflow-venv/lib/python3.12/site-packages/airflow/example_dags/tutorial.py took 0.055 seconds
[2026-02-25T11:19:30.879+0000] {processor.py:186} INFO - Started process (PID=9849) to work on /home/ubuntu/airflow-venv/lib/python3.12/site-packages/airflow/example_dags/tutorial.py
[2026-02-25T11:19:30.880+0000] {processor.py:914} INFO - Processing file /home/ubuntu/airflow-venv/lib/python3.12/site-packages/airflow/example_dags/tutorial.py for tasks to queue
[2026-02-25T11:19:30.881+0000] {logging_mixin.py:190} INFO - [2026-02-25T11:19:30.881+0000] {dagbag.py:588} INFO - Filling up the DagBag from /home/ubuntu/airflow-venv/lib/python3.12/site-packages/airflow/example_dags/tutorial.py
[2026-02-25T11:19:30.887+0000] {processor.py:925} INFO - DAG(s) 'tutorial' retrieved from /home/ubuntu/airflow-venv/lib/python3.12/site-packages/airflow/example_dags/tutorial.py
[2026-02-25T11:19:30.897+0000] {logging_mixin.py:190} INFO - [2026-02-25T11:19:30.897+0000] {dag.py:3239} INFO - Sync 1 DAGs
[2026-02-25T11:19:30.910+0000] {logging_mixin.py:190} INFO - [2026-02-25T11:19:30.910+0000] {dag.py:4180} INFO - Setting next_dagrun for tutorial to 2026-02-24 00:00:00+00:00, run_after=2026-02-25 00:00:00+00:00
[2026-02-25T11:19:30.927+0000] {processor.py:208} INFO - Processing /home/ubuntu/airflow-venv/lib/python3.12/site-packages/airflow/example_dags/tutorial.py took 0.052 seconds
[2026-02-25T11:20:19.425+0000] {processor.py:186} INFO - Started process (PID=9951) to work on /home/ubuntu/airflow-venv/lib/python3.12/site-packages/airflow/example_dags/tutorial.py
[2026-02-25T11:20:19.426+0000] {processor.py:914} INFO - Processing file /home/ubuntu/airflow-venv/lib/python3.12/site-packages/airflow/example_dags/tutorial.py for tasks to queue
[2026-02-25T11:20:19.427+0000] {logging_mixin.py:190} INFO - [2026-02-25T11:20:19.427+0000] {dagbag.py:588} INFO - Filling up the DagBag from /home/ubuntu/airflow-venv/lib/python3.12/site-packages/airflow/example_dags/tutorial.py
[2026-02-25T11:20:19.434+0000] {processor.py:925} INFO - DAG(s) 'tutorial' retrieved from /home/ubuntu/airflow-venv/lib/python3.12/site-packages/airflow/example_dags/tutorial.py
[2026-02-25T11:20:19.445+0000] {logging_mixin.py:190} INFO - [2026-02-25T11:20:19.444+0000] {dag.py:3239} INFO - Sync 1 DAGs
[2026-02-25T11:20:19.458+0000] {logging_mixin.py:190} INFO - [2026-02-25T11:20:19.458+0000] {dag.py:4180} INFO - Setting next_dagrun for tutorial to 2026-02-24 00:00:00+00:00, run_after=2026-02-25 00:00:00+00:00
[2026-02-25T11:20:19.477+0000] {processor.py:208} INFO - Processing /home/ubuntu/airflow-venv/lib/python3.12/site-packages/airflow/example_dags/tutorial.py took 0.056 seconds
[2026-02-25T11:20:19.771+0000] {processor.py:186} INFO - Started process (PID=9953) to work on /home/ubuntu/airflow-venv/lib/python3.12/site-packages/airflow/example_dags/tutorial.py
[2026-02-25T11:20:19.772+0000] {processor.py:914} INFO - Processing file /home/ubuntu/airflow-venv/lib/python3.12/site-packages/airflow/example_dags/tutorial.py for tasks to queue
[2026-02-25T11:20:19.773+0000] {logging_mixin.py:190} INFO - [2026-02-25T11:20:19.773+0000] {dagbag.py:588} INFO - Filling up the DagBag from /home/ubuntu/airflow-venv/lib/python3.12/site-packages/airflow/example_dags/tutorial.py
[2026-02-25T11:20:19.779+0000] {processor.py:925} INFO - DAG(s) 'tutorial' retrieved from /home/ubuntu/airflow-venv/lib/python3.12/site-packages/airflow/example_dags/tutorial.py
[2026-02-25T11:20:19.790+0000] {logging_mixin.py:190} INFO - [2026-02-25T11:20:19.790+0000] {dag.py:3239} INFO - Sync 1 DAGs
[2026-02-25T11:20:19.804+0000] {logging_mixin.py:190} INFO - [2026-02-25T11:20:19.803+0000] {dag.py:4180} INFO - Setting next_dagrun for tutorial to 2026-02-24 00:00:00+00:00, run_after=2026-02-25 00:00:00+00:00
[2026-02-25T11:20:19.821+0000] {processor.py:208} INFO - Processing /home/ubuntu/airflow-venv/lib/python3.12/site-packages/airflow/example_dags/tutorial.py took 0.054 seconds
[2026-02-25T11:21:09.621+0000] {processor.py:186} INFO - Started process (PID=10056) to work on /home/ubuntu/airflow-venv/lib/python3.12/site-packages/airflow/example_dags/tutorial.py
[2026-02-25T11:21:09.622+0000] {processor.py:914} INFO - Processing file /home/ubuntu/airflow-venv/lib/python3.12/site-packages/airflow/example_dags/tutorial.py for tasks to queue
[2026-02-25T11:21:09.623+0000] {logging_mixin.py:190} INFO - [2026-02-25T11:21:09.623+0000] {dagbag.py:588} INFO - Filling up the DagBag from /home/ubuntu/airflow-venv/lib/python3.12/site-packages/airflow/example_dags/tutorial.py
[2026-02-25T11:21:09.629+0000] {processor.py:925} INFO - DAG(s) 'tutorial' retrieved from /home/ubuntu/airflow-venv/lib/python3.12/site-packages/airflow/example_dags/tutorial.py
[2026-02-25T11:21:09.639+0000] {logging_mixin.py:190} INFO - [2026-02-25T11:21:09.639+0000] {dag.py:3239} INFO - Sync 1 DAGs
[2026-02-25T11:21:09.651+0000] {logging_mixin.py:190} INFO - [2026-02-25T11:21:09.651+0000] {dag.py:4180} INFO - Setting next_dagrun for tutorial to 2026-02-24 00:00:00+00:00, run_after=2026-02-25 00:00:00+00:00
[2026-02-25T11:21:09.668+0000] {processor.py:208} INFO - Processing /home/ubuntu/airflow-venv/lib/python3.12/site-packages/airflow/example_dags/tutorial.py took 0.051 seconds
[2026-02-25T11:21:10.539+0000] {processor.py:186} INFO - Started process (PID=10057) to work on /home/ubuntu/airflow-venv/lib/python3.12/site-packages/airflow/example_dags/tutorial.py
[2026-02-25T11:21:10.540+0000] {processor.py:914} INFO - Processing file /home/ubuntu/airflow-venv/lib/python3.12/site-packages/airflow/example_dags/tutorial.py for tasks to queue
[2026-02-25T11:21:10.541+0000] {logging_mixin.py:190} INFO - [2026-02-25T11:21:10.541+0000] {dagbag.py:588} INFO - Filling up the DagBag from /home/ubuntu/airflow-venv/lib/python3.12/site-packages/airflow/example_dags/tutorial.py
[2026-02-25T11:21:10.547+0000] {processor.py:925} INFO - DAG(s) 'tutorial' retrieved from /home/ubuntu/airflow-venv/lib/python3.12/site-packages/airflow/example_dags/tutorial.py
[2026-02-25T11:21:10.557+0000] {logging_mixin.py:190} INFO - [2026-02-25T11:21:10.557+0000] {dag.py:3239} INFO - Sync 1 DAGs
[2026-02-25T11:21:10.570+0000] {logging_mixin.py:190} INFO - [2026-02-25T11:21:10.570+0000] {dag.py:4180} INFO - Setting next_dagrun for tutorial to 2026-02-24 00:00:00+00:00, run_after=2026-02-25 00:00:00+00:00
[2026-02-25T11:21:10.587+0000] {processor.py:208} INFO - Processing /home/ubuntu/airflow-venv/lib/python3.12/site-packages/airflow/example_dags/tutorial.py took 0.052 seconds
[2026-02-25T11:21:57.403+0000] {processor.py:186} INFO - Started process (PID=10159) to work on /home/ubuntu/airflow-venv/lib/python3.12/site-packages/airflow/example_dags/tutorial.py
[2026-02-25T11:21:57.404+0000] {processor.py:914} INFO - Processing file /home/ubuntu/airflow-venv/lib/python3.12/site-packages/airflow/example_dags/tutorial.py for tasks to queue
[2026-02-25T11:21:57.406+0000] {logging_mixin.py:190} INFO - [2026-02-25T11:21:57.405+0000] {dagbag.py:588} INFO - Filling up the DagBag from /home/ubuntu/airflow-venv/lib/python3.12/site-packages/airflow/example_dags/tutorial.py
[2026-02-25T11:21:57.411+0000] {processor.py:925} INFO - DAG(s) 'tutorial' retrieved from /home/ubuntu/airflow-venv/lib/python3.12/site-packages/airflow/example_dags/tutorial.py
[2026-02-25T11:21:57.422+0000] {logging_mixin.py:190} INFO - [2026-02-25T11:21:57.421+0000] {dag.py:3239} INFO - Sync 1 DAGs
[2026-02-25T11:21:57.434+0000] {logging_mixin.py:190} INFO - [2026-02-25T11:21:57.434+0000] {dag.py:4180} INFO - Setting next_dagrun for tutorial to 2026-02-24 00:00:00+00:00, run_after=2026-02-25 00:00:00+00:00
[2026-02-25T11:21:57.451+0000] {processor.py:208} INFO - Processing /home/ubuntu/airflow-venv/lib/python3.12/site-packages/airflow/example_dags/tutorial.py took 0.052 seconds
[2026-02-25T11:22:00.925+0000] {processor.py:186} INFO - Started process (PID=10166) to work on /home/ubuntu/airflow-venv/lib/python3.12/site-packages/airflow/example_dags/tutorial.py
[2026-02-25T11:22:00.926+0000] {processor.py:914} INFO - Processing file /home/ubuntu/airflow-venv/lib/python3.12/site-packages/airflow/example_dags/tutorial.py for tasks to queue
[2026-02-25T11:22:00.927+0000] {logging_mixin.py:190} INFO - [2026-02-25T11:22:00.927+0000] {dagbag.py:588} INFO - Filling up the DagBag from /home/ubuntu/airflow-venv/lib/python3.12/site-packages/airflow/example_dags/tutorial.py
[2026-02-25T11:22:00.933+0000] {processor.py:925} INFO - DAG(s) 'tutorial' retrieved from /home/ubuntu/airflow-venv/lib/python3.12/site-packages/airflow/example_dags/tutorial.py
[2026-02-25T11:22:00.944+0000] {logging_mixin.py:190} INFO - [2026-02-25T11:22:00.944+0000] {dag.py:3239} INFO - Sync 1 DAGs
[2026-02-25T11:22:00.956+0000] {logging_mixin.py:190} INFO - [2026-02-25T11:22:00.956+0000] {dag.py:4180} INFO - Setting next_dagrun for tutorial to 2026-02-24 00:00:00+00:00, run_after=2026-02-25 00:00:00+00:00
[2026-02-25T11:22:00.973+0000] {processor.py:208} INFO - Processing /home/ubuntu/airflow-venv/lib/python3.12/site-packages/airflow/example_dags/tutorial.py took 0.051 seconds
[2026-02-25T11:22:48.766+0000] {processor.py:186} INFO - Started process (PID=10265) to work on /home/ubuntu/airflow-venv/lib/python3.12/site-packages/airflow/example_dags/tutorial.py
[2026-02-25T11:22:48.767+0000] {processor.py:914} INFO - Processing file /home/ubuntu/airflow-venv/lib/python3.12/site-packages/airflow/example_dags/tutorial.py for tasks to queue
[2026-02-25T11:22:48.769+0000] {logging_mixin.py:190} INFO - [2026-02-25T11:22:48.769+0000] {dagbag.py:588} INFO - Filling up the DagBag from /home/ubuntu/airflow-venv/lib/python3.12/site-packages/airflow/example_dags/tutorial.py
[2026-02-25T11:22:48.775+0000] {processor.py:925} INFO - DAG(s) 'tutorial' retrieved from /home/ubuntu/airflow-venv/lib/python3.12/site-packages/airflow/example_dags/tutorial.py
[2026-02-25T11:22:48.785+0000] {logging_mixin.py:190} INFO - [2026-02-25T11:22:48.785+0000] {dag.py:3239} INFO - Sync 1 DAGs
[2026-02-25T11:22:48.798+0000] {logging_mixin.py:190} INFO - [2026-02-25T11:22:48.798+0000] {dag.py:4180} INFO - Setting next_dagrun for tutorial to 2026-02-24 00:00:00+00:00, run_after=2026-02-25 00:00:00+00:00
[2026-02-25T11:22:48.815+0000] {processor.py:208} INFO - Processing /home/ubuntu/airflow-venv/lib/python3.12/site-packages/airflow/example_dags/tutorial.py took 0.052 seconds
[2026-02-25T11:22:53.384+0000] {processor.py:186} INFO - Started process (PID=10274) to work on /home/ubuntu/airflow-venv/lib/python3.12/site-packages/airflow/example_dags/tutorial.py
[2026-02-25T11:22:53.384+0000] {processor.py:914} INFO - Processing file /home/ubuntu/airflow-venv/lib/python3.12/site-packages/airflow/example_dags/tutorial.py for tasks to queue
[2026-02-25T11:22:53.386+0000] {logging_mixin.py:190} INFO - [2026-02-25T11:22:53.385+0000] {dagbag.py:588} INFO - Filling up the DagBag from /home/ubuntu/airflow-venv/lib/python3.12/site-packages/airflow/example_dags/tutorial.py
[2026-02-25T11:22:53.391+0000] {processor.py:925} INFO - DAG(s) 'tutorial' retrieved from /home/ubuntu/airflow-venv/lib/python3.12/site-packages/airflow/example_dags/tutorial.py
[2026-02-25T11:22:53.402+0000] {logging_mixin.py:190} INFO - [2026-02-25T11:22:53.402+0000] {dag.py:3239} INFO - Sync 1 DAGs
[2026-02-25T11:22:53.415+0000] {logging_mixin.py:190} INFO - [2026-02-25T11:22:53.414+0000] {dag.py:4180} INFO - Setting next_dagrun for tutorial to 2026-02-24 00:00:00+00:00, run_after=2026-02-25 00:00:00+00:00
[2026-02-25T11:22:53.431+0000] {processor.py:208} INFO - Processing /home/ubuntu/airflow-venv/lib/python3.12/site-packages/airflow/example_dags/tutorial.py took 0.051 seconds
[2026-02-25T11:23:39.503+0000] {processor.py:186} INFO - Started process (PID=10370) to work on /home/ubuntu/airflow-venv/lib/python3.12/site-packages/airflow/example_dags/tutorial.py
[2026-02-25T11:23:39.505+0000] {processor.py:914} INFO - Processing file /home/ubuntu/airflow-venv/lib/python3.12/site-packages/airflow/example_dags/tutorial.py for tasks to queue
[2026-02-25T11:23:39.506+0000] {logging_mixin.py:190} INFO - [2026-02-25T11:23:39.506+0000] {dagbag.py:588} INFO - Filling up the DagBag from /home/ubuntu/airflow-venv/lib/python3.12/site-packages/airflow/example_dags/tutorial.py
[2026-02-25T11:23:39.512+0000] {processor.py:925} INFO - DAG(s) 'tutorial' retrieved from /home/ubuntu/airflow-venv/lib/python3.12/site-packages/airflow/example_dags/tutorial.py
[2026-02-25T11:23:39.522+0000] {logging_mixin.py:190} INFO - [2026-02-25T11:23:39.522+0000] {dag.py:3239} INFO - Sync 1 DAGs
[2026-02-25T11:23:39.534+0000] {logging_mixin.py:190} INFO - [2026-02-25T11:23:39.534+0000] {dag.py:4180} INFO - Setting next_dagrun for tutorial to 2026-02-24 00:00:00+00:00, run_after=2026-02-25 00:00:00+00:00
[2026-02-25T11:23:39.553+0000] {processor.py:208} INFO - Processing /home/ubuntu/airflow-venv/lib/python3.12/site-packages/airflow/example_dags/tutorial.py took 0.053 seconds
[2026-02-25T11:23:43.529+0000] {processor.py:186} INFO - Started process (PID=10379) to work on /home/ubuntu/airflow-venv/lib/python3.12/site-packages/airflow/example_dags/tutorial.py
[2026-02-25T11:23:43.529+0000] {processor.py:914} INFO - Processing file /home/ubuntu/airflow-venv/lib/python3.12/site-packages/airflow/example_dags/tutorial.py for tasks to queue
[2026-02-25T11:23:43.531+0000] {logging_mixin.py:190} INFO - [2026-02-25T11:23:43.531+0000] {dagbag.py:588} INFO - Filling up the DagBag from /home/ubuntu/airflow-venv/lib/python3.12/site-packages/airflow/example_dags/tutorial.py
[2026-02-25T11:23:43.539+0000] {processor.py:925} INFO - DAG(s) 'tutorial' retrieved from /home/ubuntu/airflow-venv/lib/python3.12/site-packages/airflow/example_dags/tutorial.py
[2026-02-25T11:23:43.553+0000] {logging_mixin.py:190} INFO - [2026-02-25T11:23:43.553+0000] {dag.py:3239} INFO - Sync 1 DAGs
[2026-02-25T11:23:43.569+0000] {logging_mixin.py:190} INFO - [2026-02-25T11:23:43.569+0000] {dag.py:4180} INFO - Setting next_dagrun for tutorial to 2026-02-24 00:00:00+00:00, run_after=2026-02-25 00:00:00+00:00
[2026-02-25T11:23:43.585+0000] {processor.py:208} INFO - Processing /home/ubuntu/airflow-venv/lib/python3.12/site-packages/airflow/example_dags/tutorial.py took 0.062 seconds
[2026-02-25T11:24:29.761+0000] {processor.py:186} INFO - Started process (PID=10475) to work on /home/ubuntu/airflow-venv/lib/python3.12/site-packages/airflow/example_dags/tutorial.py
[2026-02-25T11:24:29.763+0000] {processor.py:914} INFO - Processing file /home/ubuntu/airflow-venv/lib/python3.12/site-packages/airflow/example_dags/tutorial.py for tasks to queue
[2026-02-25T11:24:29.764+0000] {logging_mixin.py:190} INFO - [2026-02-25T11:24:29.764+0000] {dagbag.py:588} INFO - Filling up the DagBag from /home/ubuntu/airflow-venv/lib/python3.12/site-packages/airflow/example_dags/tutorial.py
[2026-02-25T11:24:29.770+0000] {processor.py:925} INFO - DAG(s) 'tutorial' retrieved from /home/ubuntu/airflow-venv/lib/python3.12/site-packages/airflow/example_dags/tutorial.py
[2026-02-25T11:24:29.780+0000] {logging_mixin.py:190} INFO - [2026-02-25T11:24:29.780+0000] {dag.py:3239} INFO - Sync 1 DAGs
[2026-02-25T11:24:29.793+0000] {logging_mixin.py:190} INFO - [2026-02-25T11:24:29.793+0000] {dag.py:4180} INFO - Setting next_dagrun for tutorial to 2026-02-24 00:00:00+00:00, run_after=2026-02-25 00:00:00+00:00
[2026-02-25T11:24:29.810+0000] {processor.py:208} INFO - Processing /home/ubuntu/airflow-venv/lib/python3.12/site-packages/airflow/example_dags/tutorial.py took 0.052 seconds
[2026-02-25T11:24:32.057+0000] {processor.py:186} INFO - Started process (PID=10480) to work on /home/ubuntu/airflow-venv/lib/python3.12/site-packages/airflow/example_dags/tutorial.py
[2026-02-25T11:24:32.058+0000] {processor.py:914} INFO - Processing file /home/ubuntu/airflow-venv/lib/python3.12/site-packages/airflow/example_dags/tutorial.py for tasks to queue
[2026-02-25T11:24:32.059+0000] {logging_mixin.py:190} INFO - [2026-02-25T11:24:32.059+0000] {dagbag.py:588} INFO - Filling up the DagBag from /home/ubuntu/airflow-venv/lib/python3.12/site-packages/airflow/example_dags/tutorial.py
[2026-02-25T11:24:32.065+0000] {processor.py:925} INFO - DAG(s) 'tutorial' retrieved from /home/ubuntu/airflow-venv/lib/python3.12/site-packages/airflow/example_dags/tutorial.py
[2026-02-25T11:24:32.075+0000] {logging_mixin.py:190} INFO - [2026-02-25T11:24:32.075+0000] {dag.py:3239} INFO - Sync 1 DAGs
[2026-02-25T11:24:32.088+0000] {logging_mixin.py:190} INFO - [2026-02-25T11:24:32.088+0000] {dag.py:4180} INFO - Setting next_dagrun for tutorial to 2026-02-24 00:00:00+00:00, run_after=2026-02-25 00:00:00+00:00
[2026-02-25T11:24:32.106+0000] {processor.py:208} INFO - Processing /home/ubuntu/airflow-venv/lib/python3.12/site-packages/airflow/example_dags/tutorial.py took 0.053 seconds
[2026-02-25T11:25:20.830+0000] {processor.py:186} INFO - Started process (PID=10586) to work on /home/ubuntu/airflow-venv/lib/python3.12/site-packages/airflow/example_dags/tutorial.py
[2026-02-25T11:25:20.832+0000] {processor.py:914} INFO - Processing file /home/ubuntu/airflow-venv/lib/python3.12/site-packages/airflow/example_dags/tutorial.py for tasks to queue
[2026-02-25T11:25:20.834+0000] {logging_mixin.py:190} INFO - [2026-02-25T11:25:20.833+0000] {dagbag.py:588} INFO - Filling up the DagBag from /home/ubuntu/airflow-venv/lib/python3.12/site-packages/airflow/example_dags/tutorial.py
[2026-02-25T11:25:20.839+0000] {processor.py:925} INFO - DAG(s) 'tutorial' retrieved from /home/ubuntu/airflow-venv/lib/python3.12/site-packages/airflow/example_dags/tutorial.py
[2026-02-25T11:25:20.850+0000] {logging_mixin.py:190} INFO - [2026-02-25T11:25:20.850+0000] {dag.py:3239} INFO - Sync 1 DAGs
[2026-02-25T11:25:20.864+0000] {logging_mixin.py:190} INFO - [2026-02-25T11:25:20.864+0000] {dag.py:4180} INFO - Setting next_dagrun for tutorial to 2026-02-24 00:00:00+00:00, run_after=2026-02-25 00:00:00+00:00
[2026-02-25T11:25:20.882+0000] {processor.py:208} INFO - Processing /home/ubuntu/airflow-venv/lib/python3.12/site-packages/airflow/example_dags/tutorial.py took 0.056 seconds
[2026-02-25T11:25:24.531+0000] {processor.py:186} INFO - Started process (PID=10593) to work on /home/ubuntu/airflow-venv/lib/python3.12/site-packages/airflow/example_dags/tutorial.py
[2026-02-25T11:25:24.531+0000] {processor.py:914} INFO - Processing file /home/ubuntu/airflow-venv/lib/python3.12/site-packages/airflow/example_dags/tutorial.py for tasks to queue
[2026-02-25T11:25:24.533+0000] {logging_mixin.py:190} INFO - [2026-02-25T11:25:24.532+0000] {dagbag.py:588} INFO - Filling up the DagBag from /home/ubuntu/airflow-venv/lib/python3.12/site-packages/airflow/example_dags/tutorial.py
[2026-02-25T11:25:24.538+0000] {processor.py:925} INFO - DAG(s) 'tutorial' retrieved from /home/ubuntu/airflow-venv/lib/python3.12/site-packages/airflow/example_dags/tutorial.py
[2026-02-25T11:25:24.549+0000] {logging_mixin.py:190} INFO - [2026-02-25T11:25:24.548+0000] {dag.py:3239} INFO - Sync 1 DAGs
[2026-02-25T11:25:24.561+0000] {logging_mixin.py:190} INFO - [2026-02-25T11:25:24.561+0000] {dag.py:4180} INFO - Setting next_dagrun for tutorial to 2026-02-24 00:00:00+00:00, run_after=2026-02-25 00:00:00+00:00
[2026-02-25T11:25:24.578+0000] {processor.py:208} INFO - Processing /home/ubuntu/airflow-venv/lib/python3.12/site-packages/airflow/example_dags/tutorial.py took 0.051 seconds
[2026-02-25T11:26:08.891+0000] {processor.py:186} INFO - Started process (PID=10686) to work on /home/ubuntu/airflow-venv/lib/python3.12/site-packages/airflow/example_dags/tutorial.py
[2026-02-25T11:26:08.893+0000] {processor.py:914} INFO - Processing file /home/ubuntu/airflow-venv/lib/python3.12/site-packages/airflow/example_dags/tutorial.py for tasks to queue
[2026-02-25T11:26:08.894+0000] {logging_mixin.py:190} INFO - [2026-02-25T11:26:08.894+0000] {dagbag.py:588} INFO - Filling up the DagBag from /home/ubuntu/airflow-venv/lib/python3.12/site-packages/airflow/example_dags/tutorial.py
[2026-02-25T11:26:08.900+0000] {processor.py:925} INFO - DAG(s) 'tutorial' retrieved from /home/ubuntu/airflow-venv/lib/python3.12/site-packages/airflow/example_dags/tutorial.py
[2026-02-25T11:26:08.911+0000] {logging_mixin.py:190} INFO - [2026-02-25T11:26:08.911+0000] {dag.py:3239} INFO - Sync 1 DAGs
[2026-02-25T11:26:08.924+0000] {logging_mixin.py:190} INFO - [2026-02-25T11:26:08.924+0000] {dag.py:4180} INFO - Setting next_dagrun for tutorial to 2026-02-24 00:00:00+00:00, run_after=2026-02-25 00:00:00+00:00
[2026-02-25T11:26:08.942+0000] {processor.py:208} INFO - Processing /home/ubuntu/airflow-venv/lib/python3.12/site-packages/airflow/example_dags/tutorial.py took 0.054 seconds
[2026-02-25T11:26:15.868+0000] {processor.py:186} INFO - Started process (PID=10701) to work on /home/ubuntu/airflow-venv/lib/python3.12/site-packages/airflow/example_dags/tutorial.py
[2026-02-25T11:26:15.869+0000] {processor.py:914} INFO - Processing file /home/ubuntu/airflow-venv/lib/python3.12/site-packages/airflow/example_dags/tutorial.py for tasks to queue
[2026-02-25T11:26:15.870+0000] {logging_mixin.py:190} INFO - [2026-02-25T11:26:15.870+0000] {dagbag.py:588} INFO - Filling up the DagBag from /home/ubuntu/airflow-venv/lib/python3.12/site-packages/airflow/example_dags/tutorial.py
[2026-02-25T11:26:15.876+0000] {processor.py:925} INFO - DAG(s) 'tutorial' retrieved from /home/ubuntu/airflow-venv/lib/python3.12/site-packages/airflow/example_dags/tutorial.py
[2026-02-25T11:26:15.887+0000] {logging_mixin.py:190} INFO - [2026-02-25T11:26:15.887+0000] {dag.py:3239} INFO - Sync 1 DAGs
[2026-02-25T11:26:15.901+0000] {logging_mixin.py:190} INFO - [2026-02-25T11:26:15.901+0000] {dag.py:4180} INFO - Setting next_dagrun for tutorial to 2026-02-24 00:00:00+00:00, run_after=2026-02-25 00:00:00+00:00
[2026-02-25T11:26:15.918+0000] {processor.py:208} INFO - Processing /home/ubuntu/airflow-venv/lib/python3.12/site-packages/airflow/example_dags/tutorial.py took 0.054 seconds
[2026-02-25T11:26:57.290+0000] {processor.py:186} INFO - Started process (PID=10788) to work on /home/ubuntu/airflow-venv/lib/python3.12/site-packages/airflow/example_dags/tutorial.py
[2026-02-25T11:26:57.291+0000] {processor.py:914} INFO - Processing file /home/ubuntu/airflow-venv/lib/python3.12/site-packages/airflow/example_dags/tutorial.py for tasks to queue
[2026-02-25T11:26:57.292+0000] {logging_mixin.py:190} INFO - [2026-02-25T11:26:57.292+0000] {dagbag.py:588} INFO - Filling up the DagBag from /home/ubuntu/airflow-venv/lib/python3.12/site-packages/airflow/example_dags/tutorial.py
[2026-02-25T11:26:57.298+0000] {processor.py:925} INFO - DAG(s) 'tutorial' retrieved from /home/ubuntu/airflow-venv/lib/python3.12/site-packages/airflow/example_dags/tutorial.py
[2026-02-25T11:26:57.309+0000] {logging_mixin.py:190} INFO - [2026-02-25T11:26:57.309+0000] {dag.py:3239} INFO - Sync 1 DAGs
[2026-02-25T11:26:57.322+0000] {logging_mixin.py:190} INFO - [2026-02-25T11:26:57.322+0000] {dag.py:4180} INFO - Setting next_dagrun for tutorial to 2026-02-24 00:00:00+00:00, run_after=2026-02-25 00:00:00+00:00
[2026-02-25T11:26:57.339+0000] {processor.py:208} INFO - Processing /home/ubuntu/airflow-venv/lib/python3.12/site-packages/airflow/example_dags/tutorial.py took 0.053 seconds
[2026-02-25T11:27:06.087+0000] {processor.py:186} INFO - Started process (PID=10805) to work on /home/ubuntu/airflow-venv/lib/python3.12/site-packages/airflow/example_dags/tutorial.py
[2026-02-25T11:27:06.088+0000] {processor.py:914} INFO - Processing file /home/ubuntu/airflow-venv/lib/python3.12/site-packages/airflow/example_dags/tutorial.py for tasks to queue
[2026-02-25T11:27:06.089+0000] {logging_mixin.py:190} INFO - [2026-02-25T11:27:06.089+0000] {dagbag.py:588} INFO - Filling up the DagBag from /home/ubuntu/airflow-venv/lib/python3.12/site-packages/airflow/example_dags/tutorial.py
[2026-02-25T11:27:06.095+0000] {processor.py:925} INFO - DAG(s) 'tutorial' retrieved from /home/ubuntu/airflow-venv/lib/python3.12/site-packages/airflow/example_dags/tutorial.py
[2026-02-25T11:27:06.106+0000] {logging_mixin.py:190} INFO - [2026-02-25T11:27:06.105+0000] {dag.py:3239} INFO - Sync 1 DAGs
[2026-02-25T11:27:06.118+0000] {logging_mixin.py:190} INFO - [2026-02-25T11:27:06.118+0000] {dag.py:4180} INFO - Setting next_dagrun for tutorial to 2026-02-24 00:00:00+00:00, run_after=2026-02-25 00:00:00+00:00
[2026-02-25T11:27:06.136+0000] {processor.py:208} INFO - Processing /home/ubuntu/airflow-venv/lib/python3.12/site-packages/airflow/example_dags/tutorial.py took 0.053 seconds
[2026-02-25T11:27:48.962+0000] {processor.py:186} INFO - Started process (PID=10895) to work on /home/ubuntu/airflow-venv/lib/python3.12/site-packages/airflow/example_dags/tutorial.py
[2026-02-25T11:27:48.963+0000] {processor.py:914} INFO - Processing file /home/ubuntu/airflow-venv/lib/python3.12/site-packages/airflow/example_dags/tutorial.py for tasks to queue
[2026-02-25T11:27:48.964+0000] {logging_mixin.py:190} INFO - [2026-02-25T11:27:48.964+0000] {dagbag.py:588} INFO - Filling up the DagBag from /home/ubuntu/airflow-venv/lib/python3.12/site-packages/airflow/example_dags/tutorial.py
[2026-02-25T11:27:48.970+0000] {processor.py:925} INFO - DAG(s) 'tutorial' retrieved from /home/ubuntu/airflow-venv/lib/python3.12/site-packages/airflow/example_dags/tutorial.py
[2026-02-25T11:27:48.983+0000] {logging_mixin.py:190} INFO - [2026-02-25T11:27:48.983+0000] {dag.py:3239} INFO - Sync 1 DAGs
[2026-02-25T11:27:48.996+0000] {logging_mixin.py:190} INFO - [2026-02-25T11:27:48.996+0000] {dag.py:4180} INFO - Setting next_dagrun for tutorial to 2026-02-24 00:00:00+00:00, run_after=2026-02-25 00:00:00+00:00
[2026-02-25T11:27:49.016+0000] {processor.py:208} INFO - Processing /home/ubuntu/airflow-venv/lib/python3.12/site-packages/airflow/example_dags/tutorial.py took 0.058 seconds
[2026-02-25T11:27:55.786+0000] {processor.py:186} INFO - Started process (PID=10909) to work on /home/ubuntu/airflow-venv/lib/python3.12/site-packages/airflow/example_dags/tutorial.py
[2026-02-25T11:27:55.787+0000] {processor.py:914} INFO - Processing file /home/ubuntu/airflow-venv/lib/python3.12/site-packages/airflow/example_dags/tutorial.py for tasks to queue
[2026-02-25T11:27:55.788+0000] {logging_mixin.py:190} INFO - [2026-02-25T11:27:55.788+0000] {dagbag.py:588} INFO - Filling up the DagBag from /home/ubuntu/airflow-venv/lib/python3.12/site-packages/airflow/example_dags/tutorial.py
[2026-02-25T11:27:55.794+0000] {processor.py:925} INFO - DAG(s) 'tutorial' retrieved from /home/ubuntu/airflow-venv/lib/python3.12/site-packages/airflow/example_dags/tutorial.py
[2026-02-25T11:27:55.805+0000] {logging_mixin.py:190} INFO - [2026-02-25T11:27:55.804+0000] {dag.py:3239} INFO - Sync 1 DAGs
[2026-02-25T11:27:55.817+0000] {logging_mixin.py:190} INFO - [2026-02-25T11:27:55.817+0000] {dag.py:4180} INFO - Setting next_dagrun for tutorial to 2026-02-24 00:00:00+00:00, run_after=2026-02-25 00:00:00+00:00
[2026-02-25T11:27:55.835+0000] {processor.py:208} INFO - Processing /home/ubuntu/airflow-venv/lib/python3.12/site-packages/airflow/example_dags/tutorial.py took 0.052 seconds
[2026-02-25T11:28:39.098+0000] {processor.py:186} INFO - Started process (PID=10999) to work on /home/ubuntu/airflow-venv/lib/python3.12/site-packages/airflow/example_dags/tutorial.py
[2026-02-25T11:28:39.099+0000] {processor.py:914} INFO - Processing file /home/ubuntu/airflow-venv/lib/python3.12/site-packages/airflow/example_dags/tutorial.py for tasks to queue
[2026-02-25T11:28:39.100+0000] {logging_mixin.py:190} INFO - [2026-02-25T11:28:39.100+0000] {dagbag.py:588} INFO - Filling up the DagBag from /home/ubuntu/airflow-venv/lib/python3.12/site-packages/airflow/example_dags/tutorial.py
[2026-02-25T11:28:39.106+0000] {processor.py:925} INFO - DAG(s) 'tutorial' retrieved from /home/ubuntu/airflow-venv/lib/python3.12/site-packages/airflow/example_dags/tutorial.py
[2026-02-25T11:28:39.117+0000] {logging_mixin.py:190} INFO - [2026-02-25T11:28:39.117+0000] {dag.py:3239} INFO - Sync 1 DAGs
[2026-02-25T11:28:39.130+0000] {logging_mixin.py:190} INFO - [2026-02-25T11:28:39.130+0000] {dag.py:4180} INFO - Setting next_dagrun for tutorial to 2026-02-24 00:00:00+00:00, run_after=2026-02-25 00:00:00+00:00
[2026-02-25T11:28:39.148+0000] {processor.py:208} INFO - Processing /home/ubuntu/airflow-venv/lib/python3.12/site-packages/airflow/example_dags/tutorial.py took 0.054 seconds
[2026-02-25T11:28:44.427+0000] {processor.py:186} INFO - Started process (PID=11011) to work on /home/ubuntu/airflow-venv/lib/python3.12/site-packages/airflow/example_dags/tutorial.py
[2026-02-25T11:28:44.428+0000] {processor.py:914} INFO - Processing file /home/ubuntu/airflow-venv/lib/python3.12/site-packages/airflow/example_dags/tutorial.py for tasks to queue
[2026-02-25T11:28:44.430+0000] {logging_mixin.py:190} INFO - [2026-02-25T11:28:44.429+0000] {dagbag.py:588} INFO - Filling up the DagBag from /home/ubuntu/airflow-venv/lib/python3.12/site-packages/airflow/example_dags/tutorial.py
[2026-02-25T11:28:44.436+0000] {processor.py:925} INFO - DAG(s) 'tutorial' retrieved from /home/ubuntu/airflow-venv/lib/python3.12/site-packages/airflow/example_dags/tutorial.py
[2026-02-25T11:28:44.446+0000] {logging_mixin.py:190} INFO - [2026-02-25T11:28:44.446+0000] {dag.py:3239} INFO - Sync 1 DAGs
[2026-02-25T11:28:44.459+0000] {logging_mixin.py:190} INFO - [2026-02-25T11:28:44.459+0000] {dag.py:4180} INFO - Setting next_dagrun for tutorial to 2026-02-24 00:00:00+00:00, run_after=2026-02-25 00:00:00+00:00
[2026-02-25T11:28:44.477+0000] {processor.py:208} INFO - Processing /home/ubuntu/airflow-venv/lib/python3.12/site-packages/airflow/example_dags/tutorial.py took 0.055 seconds
[2026-02-25T11:29:31.363+0000] {processor.py:186} INFO - Started process (PID=11106) to work on /home/ubuntu/airflow-venv/lib/python3.12/site-packages/airflow/example_dags/tutorial.py
[2026-02-25T11:29:31.365+0000] {processor.py:914} INFO - Processing file /home/ubuntu/airflow-venv/lib/python3.12/site-packages/airflow/example_dags/tutorial.py for tasks to queue
[2026-02-25T11:29:31.366+0000] {logging_mixin.py:190} INFO - [2026-02-25T11:29:31.366+0000] {dagbag.py:588} INFO - Filling up the DagBag from /home/ubuntu/airflow-venv/lib/python3.12/site-packages/airflow/example_dags/tutorial.py
[2026-02-25T11:29:31.372+0000] {processor.py:925} INFO - DAG(s) 'tutorial' retrieved from /home/ubuntu/airflow-venv/lib/python3.12/site-packages/airflow/example_dags/tutorial.py
[2026-02-25T11:29:31.383+0000] {logging_mixin.py:190} INFO - [2026-02-25T11:29:31.382+0000] {dag.py:3239} INFO - Sync 1 DAGs
[2026-02-25T11:29:31.396+0000] {logging_mixin.py:190} INFO - [2026-02-25T11:29:31.396+0000] {dag.py:4180} INFO - Setting next_dagrun for tutorial to 2026-02-24 00:00:00+00:00, run_after=2026-02-25 00:00:00+00:00
[2026-02-25T11:29:31.413+0000] {processor.py:208} INFO - Processing /home/ubuntu/airflow-venv/lib/python3.12/site-packages/airflow/example_dags/tutorial.py took 0.054 seconds
[2026-02-25T11:29:36.111+0000] {processor.py:186} INFO - Started process (PID=11116) to work on /home/ubuntu/airflow-venv/lib/python3.12/site-packages/airflow/example_dags/tutorial.py
[2026-02-25T11:29:36.111+0000] {processor.py:914} INFO - Processing file /home/ubuntu/airflow-venv/lib/python3.12/site-packages/airflow/example_dags/tutorial.py for tasks to queue
[2026-02-25T11:29:36.113+0000] {logging_mixin.py:190} INFO - [2026-02-25T11:29:36.113+0000] {dagbag.py:588} INFO - Filling up the DagBag from /home/ubuntu/airflow-venv/lib/python3.12/site-packages/airflow/example_dags/tutorial.py
[2026-02-25T11:29:36.119+0000] {processor.py:925} INFO - DAG(s) 'tutorial' retrieved from /home/ubuntu/airflow-venv/lib/python3.12/site-packages/airflow/example_dags/tutorial.py
[2026-02-25T11:29:36.129+0000] {logging_mixin.py:190} INFO - [2026-02-25T11:29:36.129+0000] {dag.py:3239} INFO - Sync 1 DAGs
[2026-02-25T11:29:36.142+0000] {logging_mixin.py:190} INFO - [2026-02-25T11:29:36.142+0000] {dag.py:4180} INFO - Setting next_dagrun for tutorial to 2026-02-24 00:00:00+00:00, run_after=2026-02-25 00:00:00+00:00
[2026-02-25T11:29:36.160+0000] {processor.py:208} INFO - Processing /home/ubuntu/airflow-venv/lib/python3.12/site-packages/airflow/example_dags/tutorial.py took 0.053 seconds
[2026-02-25T11:30:22.192+0000] {processor.py:186} INFO - Started process (PID=11220) to work on /home/ubuntu/airflow-venv/lib/python3.12/site-packages/airflow/example_dags/tutorial.py
[2026-02-25T11:30:22.193+0000] {processor.py:914} INFO - Processing file /home/ubuntu/airflow-venv/lib/python3.12/site-packages/airflow/example_dags/tutorial.py for tasks to queue
[2026-02-25T11:30:22.195+0000] {logging_mixin.py:190} INFO - [2026-02-25T11:30:22.194+0000] {dagbag.py:588} INFO - Filling up the DagBag from /home/ubuntu/airflow-venv/lib/python3.12/site-packages/airflow/example_dags/tutorial.py
[2026-02-25T11:30:22.200+0000] {processor.py:925} INFO - DAG(s) 'tutorial' retrieved from /home/ubuntu/airflow-venv/lib/python3.12/site-packages/airflow/example_dags/tutorial.py
[2026-02-25T11:30:22.210+0000] {logging_mixin.py:190} INFO - [2026-02-25T11:30:22.210+0000] {dag.py:3239} INFO - Sync 1 DAGs
[2026-02-25T11:30:22.225+0000] {logging_mixin.py:190} INFO - [2026-02-25T11:30:22.225+0000] {dag.py:4180} INFO - Setting next_dagrun for tutorial to 2026-02-24 00:00:00+00:00, run_after=2026-02-25 00:00:00+00:00
[2026-02-25T11:30:22.247+0000] {processor.py:208} INFO - Processing /home/ubuntu/airflow-venv/lib/python3.12/site-packages/airflow/example_dags/tutorial.py took 0.059 seconds
[2026-02-25T11:30:22.979+0000] {processor.py:186} INFO - Started process (PID=11222) to work on /home/ubuntu/airflow-venv/lib/python3.12/site-packages/airflow/example_dags/tutorial.py
[2026-02-25T11:30:22.980+0000] {processor.py:914} INFO - Processing file /home/ubuntu/airflow-venv/lib/python3.12/site-packages/airflow/example_dags/tutorial.py for tasks to queue
[2026-02-25T11:30:22.981+0000] {logging_mixin.py:190} INFO - [2026-02-25T11:30:22.981+0000] {dagbag.py:588} INFO - Filling up the DagBag from /home/ubuntu/airflow-venv/lib/python3.12/site-packages/airflow/example_dags/tutorial.py
[2026-02-25T11:30:22.987+0000] {processor.py:925} INFO - DAG(s) 'tutorial' retrieved from /home/ubuntu/airflow-venv/lib/python3.12/site-packages/airflow/example_dags/tutorial.py
[2026-02-25T11:30:22.997+0000] {logging_mixin.py:190} INFO - [2026-02-25T11:30:22.997+0000] {dag.py:3239} INFO - Sync 1 DAGs
[2026-02-25T11:30:23.009+0000] {logging_mixin.py:190} INFO - [2026-02-25T11:30:23.009+0000] {dag.py:4180} INFO - Setting next_dagrun for tutorial to 2026-02-24 00:00:00+00:00, run_after=2026-02-25 00:00:00+00:00
[2026-02-25T11:30:23.027+0000] {processor.py:208} INFO - Processing /home/ubuntu/airflow-venv/lib/python3.12/site-packages/airflow/example_dags/tutorial.py took 0.052 seconds
[2026-02-25T11:31:09.110+0000] {processor.py:186} INFO - Started process (PID=11319) to work on /home/ubuntu/airflow-venv/lib/python3.12/site-packages/airflow/example_dags/tutorial.py
[2026-02-25T11:31:09.111+0000] {processor.py:914} INFO - Processing file /home/ubuntu/airflow-venv/lib/python3.12/site-packages/airflow/example_dags/tutorial.py for tasks to queue
[2026-02-25T11:31:09.113+0000] {logging_mixin.py:190} INFO - [2026-02-25T11:31:09.112+0000] {dagbag.py:588} INFO - Filling up the DagBag from /home/ubuntu/airflow-venv/lib/python3.12/site-packages/airflow/example_dags/tutorial.py
[2026-02-25T11:31:09.119+0000] {processor.py:925} INFO - DAG(s) 'tutorial' retrieved from /home/ubuntu/airflow-venv/lib/python3.12/site-packages/airflow/example_dags/tutorial.py
[2026-02-25T11:31:09.130+0000] {logging_mixin.py:190} INFO - [2026-02-25T11:31:09.129+0000] {dag.py:3239} INFO - Sync 1 DAGs
[2026-02-25T11:31:09.143+0000] {logging_mixin.py:190} INFO - [2026-02-25T11:31:09.143+0000] {dag.py:4180} INFO - Setting next_dagrun for tutorial to 2026-02-24 00:00:00+00:00, run_after=2026-02-25 00:00:00+00:00
[2026-02-25T11:31:09.160+0000] {processor.py:208} INFO - Processing /home/ubuntu/airflow-venv/lib/python3.12/site-packages/airflow/example_dags/tutorial.py took 0.054 seconds
[2026-02-25T11:31:10.322+0000] {processor.py:186} INFO - Started process (PID=11322) to work on /home/ubuntu/airflow-venv/lib/python3.12/site-packages/airflow/example_dags/tutorial.py
[2026-02-25T11:31:10.322+0000] {processor.py:914} INFO - Processing file /home/ubuntu/airflow-venv/lib/python3.12/site-packages/airflow/example_dags/tutorial.py for tasks to queue
[2026-02-25T11:31:10.324+0000] {logging_mixin.py:190} INFO - [2026-02-25T11:31:10.324+0000] {dagbag.py:588} INFO - Filling up the DagBag from /home/ubuntu/airflow-venv/lib/python3.12/site-packages/airflow/example_dags/tutorial.py
[2026-02-25T11:31:10.330+0000] {processor.py:925} INFO - DAG(s) 'tutorial' retrieved from /home/ubuntu/airflow-venv/lib/python3.12/site-packages/airflow/example_dags/tutorial.py
[2026-02-25T11:31:10.340+0000] {logging_mixin.py:190} INFO - [2026-02-25T11:31:10.340+0000] {dag.py:3239} INFO - Sync 1 DAGs
[2026-02-25T11:31:10.353+0000] {logging_mixin.py:190} INFO - [2026-02-25T11:31:10.352+0000] {dag.py:4180} INFO - Setting next_dagrun for tutorial to 2026-02-24 00:00:00+00:00, run_after=2026-02-25 00:00:00+00:00
[2026-02-25T11:31:10.368+0000] {processor.py:208} INFO - Processing /home/ubuntu/airflow-venv/lib/python3.12/site-packages/airflow/example_dags/tutorial.py took 0.051 seconds
[2026-02-25T11:31:57.887+0000] {processor.py:186} INFO - Started process (PID=11420) to work on /home/ubuntu/airflow-venv/lib/python3.12/site-packages/airflow/example_dags/tutorial.py
[2026-02-25T11:31:57.888+0000] {processor.py:914} INFO - Processing file /home/ubuntu/airflow-venv/lib/python3.12/site-packages/airflow/example_dags/tutorial.py for tasks to queue
[2026-02-25T11:31:57.890+0000] {logging_mixin.py:190} INFO - [2026-02-25T11:31:57.890+0000] {dagbag.py:588} INFO - Filling up the DagBag from /home/ubuntu/airflow-venv/lib/python3.12/site-packages/airflow/example_dags/tutorial.py
[2026-02-25T11:31:57.896+0000] {processor.py:925} INFO - DAG(s) 'tutorial' retrieved from /home/ubuntu/airflow-venv/lib/python3.12/site-packages/airflow/example_dags/tutorial.py
[2026-02-25T11:31:57.907+0000] {logging_mixin.py:190} INFO - [2026-02-25T11:31:57.907+0000] {dag.py:3239} INFO - Sync 1 DAGs
[2026-02-25T11:31:57.920+0000] {logging_mixin.py:190} INFO - [2026-02-25T11:31:57.920+0000] {dag.py:4180} INFO - Setting next_dagrun for tutorial to 2026-02-24 00:00:00+00:00, run_after=2026-02-25 00:00:00+00:00
[2026-02-25T11:31:57.938+0000] {processor.py:208} INFO - Processing /home/ubuntu/airflow-venv/lib/python3.12/site-packages/airflow/example_dags/tutorial.py took 0.055 seconds
[2026-02-25T11:31:59.167+0000] {processor.py:186} INFO - Started process (PID=11423) to work on /home/ubuntu/airflow-venv/lib/python3.12/site-packages/airflow/example_dags/tutorial.py
[2026-02-25T11:31:59.167+0000] {processor.py:914} INFO - Processing file /home/ubuntu/airflow-venv/lib/python3.12/site-packages/airflow/example_dags/tutorial.py for tasks to queue
[2026-02-25T11:31:59.169+0000] {logging_mixin.py:190} INFO - [2026-02-25T11:31:59.168+0000] {dagbag.py:588} INFO - Filling up the DagBag from /home/ubuntu/airflow-venv/lib/python3.12/site-packages/airflow/example_dags/tutorial.py
[2026-02-25T11:31:59.174+0000] {processor.py:925} INFO - DAG(s) 'tutorial' retrieved from /home/ubuntu/airflow-venv/lib/python3.12/site-packages/airflow/example_dags/tutorial.py
[2026-02-25T11:31:59.185+0000] {logging_mixin.py:190} INFO - [2026-02-25T11:31:59.185+0000] {dag.py:3239} INFO - Sync 1 DAGs
[2026-02-25T11:31:59.197+0000] {logging_mixin.py:190} INFO - [2026-02-25T11:31:59.197+0000] {dag.py:4180} INFO - Setting next_dagrun for tutorial to 2026-02-24 00:00:00+00:00, run_after=2026-02-25 00:00:00+00:00
[2026-02-25T11:31:59.214+0000] {processor.py:208} INFO - Processing /home/ubuntu/airflow-venv/lib/python3.12/site-packages/airflow/example_dags/tutorial.py took 0.051 seconds
[2026-02-25T11:32:48.104+0000] {processor.py:186} INFO - Started process (PID=11526) to work on /home/ubuntu/airflow-venv/lib/python3.12/site-packages/airflow/example_dags/tutorial.py
[2026-02-25T11:32:48.105+0000] {processor.py:914} INFO - Processing file /home/ubuntu/airflow-venv/lib/python3.12/site-packages/airflow/example_dags/tutorial.py for tasks to queue
[2026-02-25T11:32:48.107+0000] {logging_mixin.py:190} INFO - [2026-02-25T11:32:48.106+0000] {dagbag.py:588} INFO - Filling up the DagBag from /home/ubuntu/airflow-venv/lib/python3.12/site-packages/airflow/example_dags/tutorial.py
[2026-02-25T11:32:48.112+0000] {processor.py:925} INFO - DAG(s) 'tutorial' retrieved from /home/ubuntu/airflow-venv/lib/python3.12/site-packages/airflow/example_dags/tutorial.py
[2026-02-25T11:32:48.122+0000] {logging_mixin.py:190} INFO - [2026-02-25T11:32:48.122+0000] {dag.py:3239} INFO - Sync 1 DAGs
[2026-02-25T11:32:48.135+0000] {logging_mixin.py:190} INFO - [2026-02-25T11:32:48.135+0000] {dag.py:4180} INFO - Setting next_dagrun for tutorial to 2026-02-24 00:00:00+00:00, run_after=2026-02-25 00:00:00+00:00
[2026-02-25T11:32:48.153+0000] {processor.py:208} INFO - Processing /home/ubuntu/airflow-venv/lib/python3.12/site-packages/airflow/example_dags/tutorial.py took 0.053 seconds
[2026-02-25T11:32:49.409+0000] {processor.py:186} INFO - Started process (PID=11529) to work on /home/ubuntu/airflow-venv/lib/python3.12/site-packages/airflow/example_dags/tutorial.py
[2026-02-25T11:32:49.410+0000] {processor.py:914} INFO - Processing file /home/ubuntu/airflow-venv/lib/python3.12/site-packages/airflow/example_dags/tutorial.py for tasks to queue
[2026-02-25T11:32:49.411+0000] {logging_mixin.py:190} INFO - [2026-02-25T11:32:49.411+0000] {dagbag.py:588} INFO - Filling up the DagBag from /home/ubuntu/airflow-venv/lib/python3.12/site-packages/airflow/example_dags/tutorial.py
[2026-02-25T11:32:49.417+0000] {processor.py:925} INFO - DAG(s) 'tutorial' retrieved from /home/ubuntu/airflow-venv/lib/python3.12/site-packages/airflow/example_dags/tutorial.py
[2026-02-25T11:32:49.429+0000] {logging_mixin.py:190} INFO - [2026-02-25T11:32:49.428+0000] {dag.py:3239} INFO - Sync 1 DAGs
[2026-02-25T11:32:49.443+0000] {logging_mixin.py:190} INFO - [2026-02-25T11:32:49.442+0000] {dag.py:4180} INFO - Setting next_dagrun for tutorial to 2026-02-24 00:00:00+00:00, run_after=2026-02-25 00:00:00+00:00
[2026-02-25T11:32:49.460+0000] {processor.py:208} INFO - Processing /home/ubuntu/airflow-venv/lib/python3.12/site-packages/airflow/example_dags/tutorial.py took 0.055 seconds
[2026-02-25T11:33:35.838+0000] {processor.py:186} INFO - Started process (PID=11627) to work on /home/ubuntu/airflow-venv/lib/python3.12/site-packages/airflow/example_dags/tutorial.py
[2026-02-25T11:33:35.839+0000] {processor.py:914} INFO - Processing file /home/ubuntu/airflow-venv/lib/python3.12/site-packages/airflow/example_dags/tutorial.py for tasks to queue
[2026-02-25T11:33:35.841+0000] {logging_mixin.py:190} INFO - [2026-02-25T11:33:35.840+0000] {dagbag.py:588} INFO - Filling up the DagBag from /home/ubuntu/airflow-venv/lib/python3.12/site-packages/airflow/example_dags/tutorial.py
[2026-02-25T11:33:35.846+0000] {processor.py:925} INFO - DAG(s) 'tutorial' retrieved from /home/ubuntu/airflow-venv/lib/python3.12/site-packages/airflow/example_dags/tutorial.py
[2026-02-25T11:33:35.857+0000] {logging_mixin.py:190} INFO - [2026-02-25T11:33:35.857+0000] {dag.py:3239} INFO - Sync 1 DAGs
[2026-02-25T11:33:35.869+0000] {logging_mixin.py:190} INFO - [2026-02-25T11:33:35.869+0000] {dag.py:4180} INFO - Setting next_dagrun for tutorial to 2026-02-24 00:00:00+00:00, run_after=2026-02-25 00:00:00+00:00
[2026-02-25T11:33:35.894+0000] {processor.py:208} INFO - Processing /home/ubuntu/airflow-venv/lib/python3.12/site-packages/airflow/example_dags/tutorial.py took 0.060 seconds
[2026-02-25T11:33:39.961+0000] {processor.py:186} INFO - Started process (PID=11635) to work on /home/ubuntu/airflow-venv/lib/python3.12/site-packages/airflow/example_dags/tutorial.py
[2026-02-25T11:33:39.962+0000] {processor.py:914} INFO - Processing file /home/ubuntu/airflow-venv/lib/python3.12/site-packages/airflow/example_dags/tutorial.py for tasks to queue
[2026-02-25T11:33:39.963+0000] {logging_mixin.py:190} INFO - [2026-02-25T11:33:39.963+0000] {dagbag.py:588} INFO - Filling up the DagBag from /home/ubuntu/airflow-venv/lib/python3.12/site-packages/airflow/example_dags/tutorial.py
[2026-02-25T11:33:39.969+0000] {processor.py:925} INFO - DAG(s) 'tutorial' retrieved from /home/ubuntu/airflow-venv/lib/python3.12/site-packages/airflow/example_dags/tutorial.py
[2026-02-25T11:33:39.979+0000] {logging_mixin.py:190} INFO - [2026-02-25T11:33:39.979+0000] {dag.py:3239} INFO - Sync 1 DAGs
[2026-02-25T11:33:39.993+0000] {logging_mixin.py:190} INFO - [2026-02-25T11:33:39.993+0000] {dag.py:4180} INFO - Setting next_dagrun for tutorial to 2026-02-24 00:00:00+00:00, run_after=2026-02-25 00:00:00+00:00
[2026-02-25T11:33:40.013+0000] {processor.py:208} INFO - Processing /home/ubuntu/airflow-venv/lib/python3.12/site-packages/airflow/example_dags/tutorial.py took 0.055 seconds
[2026-02-25T11:34:22.780+0000] {processor.py:186} INFO - Started process (PID=11725) to work on /home/ubuntu/airflow-venv/lib/python3.12/site-packages/airflow/example_dags/tutorial.py
[2026-02-25T11:34:22.781+0000] {processor.py:914} INFO - Processing file /home/ubuntu/airflow-venv/lib/python3.12/site-packages/airflow/example_dags/tutorial.py for tasks to queue
[2026-02-25T11:34:22.783+0000] {logging_mixin.py:190} INFO - [2026-02-25T11:34:22.783+0000] {dagbag.py:588} INFO - Filling up the DagBag from /home/ubuntu/airflow-venv/lib/python3.12/site-packages/airflow/example_dags/tutorial.py
[2026-02-25T11:34:22.789+0000] {processor.py:925} INFO - DAG(s) 'tutorial' retrieved from /home/ubuntu/airflow-venv/lib/python3.12/site-packages/airflow/example_dags/tutorial.py
[2026-02-25T11:34:22.799+0000] {logging_mixin.py:190} INFO - [2026-02-25T11:34:22.799+0000] {dag.py:3239} INFO - Sync 1 DAGs
[2026-02-25T11:34:22.812+0000] {logging_mixin.py:190} INFO - [2026-02-25T11:34:22.812+0000] {dag.py:4180} INFO - Setting next_dagrun for tutorial to 2026-02-24 00:00:00+00:00, run_after=2026-02-25 00:00:00+00:00
[2026-02-25T11:34:22.829+0000] {processor.py:208} INFO - Processing /home/ubuntu/airflow-venv/lib/python3.12/site-packages/airflow/example_dags/tutorial.py took 0.053 seconds
[2026-02-25T11:34:29.284+0000] {processor.py:186} INFO - Started process (PID=11739) to work on /home/ubuntu/airflow-venv/lib/python3.12/site-packages/airflow/example_dags/tutorial.py
[2026-02-25T11:34:29.285+0000] {processor.py:914} INFO - Processing file /home/ubuntu/airflow-venv/lib/python3.12/site-packages/airflow/example_dags/tutorial.py for tasks to queue
[2026-02-25T11:34:29.286+0000] {logging_mixin.py:190} INFO - [2026-02-25T11:34:29.286+0000] {dagbag.py:588} INFO - Filling up the DagBag from /home/ubuntu/airflow-venv/lib/python3.12/site-packages/airflow/example_dags/tutorial.py
[2026-02-25T11:34:29.292+0000] {processor.py:925} INFO - DAG(s) 'tutorial' retrieved from /home/ubuntu/airflow-venv/lib/python3.12/site-packages/airflow/example_dags/tutorial.py
[2026-02-25T11:34:29.302+0000] {logging_mixin.py:190} INFO - [2026-02-25T11:34:29.302+0000] {dag.py:3239} INFO - Sync 1 DAGs
[2026-02-25T11:34:29.315+0000] {logging_mixin.py:190} INFO - [2026-02-25T11:34:29.315+0000] {dag.py:4180} INFO - Setting next_dagrun for tutorial to 2026-02-24 00:00:00+00:00, run_after=2026-02-25 00:00:00+00:00
[2026-02-25T11:34:29.332+0000] {processor.py:208} INFO - Processing /home/ubuntu/airflow-venv/lib/python3.12/site-packages/airflow/example_dags/tutorial.py took 0.051 seconds
[2026-02-25T11:35:10.775+0000] {processor.py:186} INFO - Started process (PID=11842) to work on /home/ubuntu/airflow-venv/lib/python3.12/site-packages/airflow/example_dags/tutorial.py
[2026-02-25T11:35:10.776+0000] {processor.py:914} INFO - Processing file /home/ubuntu/airflow-venv/lib/python3.12/site-packages/airflow/example_dags/tutorial.py for tasks to queue
[2026-02-25T11:35:10.778+0000] {logging_mixin.py:190} INFO - [2026-02-25T11:35:10.777+0000] {dagbag.py:588} INFO - Filling up the DagBag from /home/ubuntu/airflow-venv/lib/python3.12/site-packages/airflow/example_dags/tutorial.py
[2026-02-25T11:35:10.784+0000] {processor.py:925} INFO - DAG(s) 'tutorial' retrieved from /home/ubuntu/airflow-venv/lib/python3.12/site-packages/airflow/example_dags/tutorial.py
[2026-02-25T11:35:10.794+0000] {logging_mixin.py:190} INFO - [2026-02-25T11:35:10.794+0000] {dag.py:3239} INFO - Sync 1 DAGs
[2026-02-25T11:35:10.807+0000] {logging_mixin.py:190} INFO - [2026-02-25T11:35:10.807+0000] {dag.py:4180} INFO - Setting next_dagrun for tutorial to 2026-02-24 00:00:00+00:00, run_after=2026-02-25 00:00:00+00:00
[2026-02-25T11:35:10.825+0000] {processor.py:208} INFO - Processing /home/ubuntu/airflow-venv/lib/python3.12/site-packages/airflow/example_dags/tutorial.py took 0.054 seconds
[2026-02-25T11:35:20.621+0000] {processor.py:186} INFO - Started process (PID=11864) to work on /home/ubuntu/airflow-venv/lib/python3.12/site-packages/airflow/example_dags/tutorial.py
[2026-02-25T11:35:20.621+0000] {processor.py:914} INFO - Processing file /home/ubuntu/airflow-venv/lib/python3.12/site-packages/airflow/example_dags/tutorial.py for tasks to queue
[2026-02-25T11:35:20.623+0000] {logging_mixin.py:190} INFO - [2026-02-25T11:35:20.622+0000] {dagbag.py:588} INFO - Filling up the DagBag from /home/ubuntu/airflow-venv/lib/python3.12/site-packages/airflow/example_dags/tutorial.py
[2026-02-25T11:35:20.628+0000] {processor.py:925} INFO - DAG(s) 'tutorial' retrieved from /home/ubuntu/airflow-venv/lib/python3.12/site-packages/airflow/example_dags/tutorial.py
[2026-02-25T11:35:20.638+0000] {logging_mixin.py:190} INFO - [2026-02-25T11:35:20.638+0000] {dag.py:3239} INFO - Sync 1 DAGs
[2026-02-25T11:35:20.651+0000] {logging_mixin.py:190} INFO - [2026-02-25T11:35:20.651+0000] {dag.py:4180} INFO - Setting next_dagrun for tutorial to 2026-02-24 00:00:00+00:00, run_after=2026-02-25 00:00:00+00:00
[2026-02-25T11:35:20.669+0000] {processor.py:208} INFO - Processing /home/ubuntu/airflow-venv/lib/python3.12/site-packages/airflow/example_dags/tutorial.py took 0.052 seconds
[2026-02-25T11:35:58.883+0000] {processor.py:186} INFO - Started process (PID=11946) to work on /home/ubuntu/airflow-venv/lib/python3.12/site-packages/airflow/example_dags/tutorial.py
[2026-02-25T11:35:58.885+0000] {processor.py:914} INFO - Processing file /home/ubuntu/airflow-venv/lib/python3.12/site-packages/airflow/example_dags/tutorial.py for tasks to queue
[2026-02-25T11:35:58.886+0000] {logging_mixin.py:190} INFO - [2026-02-25T11:35:58.886+0000] {dagbag.py:588} INFO - Filling up the DagBag from /home/ubuntu/airflow-venv/lib/python3.12/site-packages/airflow/example_dags/tutorial.py
[2026-02-25T11:35:58.892+0000] {processor.py:925} INFO - DAG(s) 'tutorial' retrieved from /home/ubuntu/airflow-venv/lib/python3.12/site-packages/airflow/example_dags/tutorial.py
[2026-02-25T11:35:58.903+0000] {logging_mixin.py:190} INFO - [2026-02-25T11:35:58.902+0000] {dag.py:3239} INFO - Sync 1 DAGs
[2026-02-25T11:35:58.915+0000] {logging_mixin.py:190} INFO - [2026-02-25T11:35:58.915+0000] {dag.py:4180} INFO - Setting next_dagrun for tutorial to 2026-02-24 00:00:00+00:00, run_after=2026-02-25 00:00:00+00:00
[2026-02-25T11:35:58.933+0000] {processor.py:208} INFO - Processing /home/ubuntu/airflow-venv/lib/python3.12/site-packages/airflow/example_dags/tutorial.py took 0.053 seconds
[2026-02-25T11:36:09.133+0000] {processor.py:186} INFO - Started process (PID=11968) to work on /home/ubuntu/airflow-venv/lib/python3.12/site-packages/airflow/example_dags/tutorial.py
[2026-02-25T11:36:09.134+0000] {processor.py:914} INFO - Processing file /home/ubuntu/airflow-venv/lib/python3.12/site-packages/airflow/example_dags/tutorial.py for tasks to queue
[2026-02-25T11:36:09.135+0000] {logging_mixin.py:190} INFO - [2026-02-25T11:36:09.135+0000] {dagbag.py:588} INFO - Filling up the DagBag from /home/ubuntu/airflow-venv/lib/python3.12/site-packages/airflow/example_dags/tutorial.py
[2026-02-25T11:36:09.141+0000] {processor.py:925} INFO - DAG(s) 'tutorial' retrieved from /home/ubuntu/airflow-venv/lib/python3.12/site-packages/airflow/example_dags/tutorial.py
[2026-02-25T11:36:09.151+0000] {logging_mixin.py:190} INFO - [2026-02-25T11:36:09.151+0000] {dag.py:3239} INFO - Sync 1 DAGs
[2026-02-25T11:36:09.164+0000] {logging_mixin.py:190} INFO - [2026-02-25T11:36:09.163+0000] {dag.py:4180} INFO - Setting next_dagrun for tutorial to 2026-02-24 00:00:00+00:00, run_after=2026-02-25 00:00:00+00:00
[2026-02-25T11:36:09.184+0000] {processor.py:208} INFO - Processing /home/ubuntu/airflow-venv/lib/python3.12/site-packages/airflow/example_dags/tutorial.py took 0.055 seconds
[2026-02-25T11:36:49.510+0000] {processor.py:186} INFO - Started process (PID=12149) to work on /home/ubuntu/airflow-venv/lib/python3.12/site-packages/airflow/example_dags/tutorial.py
[2026-02-25T11:36:49.512+0000] {processor.py:914} INFO - Processing file /home/ubuntu/airflow-venv/lib/python3.12/site-packages/airflow/example_dags/tutorial.py for tasks to queue
[2026-02-25T11:36:49.513+0000] {logging_mixin.py:190} INFO - [2026-02-25T11:36:49.513+0000] {dagbag.py:588} INFO - Filling up the DagBag from /home/ubuntu/airflow-venv/lib/python3.12/site-packages/airflow/example_dags/tutorial.py
[2026-02-25T11:36:49.519+0000] {processor.py:925} INFO - DAG(s) 'tutorial' retrieved from /home/ubuntu/airflow-venv/lib/python3.12/site-packages/airflow/example_dags/tutorial.py
[2026-02-25T11:36:49.529+0000] {logging_mixin.py:190} INFO - [2026-02-25T11:36:49.529+0000] {dag.py:3239} INFO - Sync 1 DAGs
[2026-02-25T11:36:49.541+0000] {logging_mixin.py:190} INFO - [2026-02-25T11:36:49.541+0000] {dag.py:4180} INFO - Setting next_dagrun for tutorial to 2026-02-24 00:00:00+00:00, run_after=2026-02-25 00:00:00+00:00
[2026-02-25T11:36:49.558+0000] {processor.py:208} INFO - Processing /home/ubuntu/airflow-venv/lib/python3.12/site-packages/airflow/example_dags/tutorial.py took 0.052 seconds
[2026-02-25T11:37:00.325+0000] {processor.py:186} INFO - Started process (PID=12172) to work on /home/ubuntu/airflow-venv/lib/python3.12/site-packages/airflow/example_dags/tutorial.py
[2026-02-25T11:37:00.325+0000] {processor.py:914} INFO - Processing file /home/ubuntu/airflow-venv/lib/python3.12/site-packages/airflow/example_dags/tutorial.py for tasks to queue
[2026-02-25T11:37:00.327+0000] {logging_mixin.py:190} INFO - [2026-02-25T11:37:00.326+0000] {dagbag.py:588} INFO - Filling up the DagBag from /home/ubuntu/airflow-venv/lib/python3.12/site-packages/airflow/example_dags/tutorial.py
[2026-02-25T11:37:00.332+0000] {processor.py:925} INFO - DAG(s) 'tutorial' retrieved from /home/ubuntu/airflow-venv/lib/python3.12/site-packages/airflow/example_dags/tutorial.py
[2026-02-25T11:37:00.343+0000] {logging_mixin.py:190} INFO - [2026-02-25T11:37:00.343+0000] {dag.py:3239} INFO - Sync 1 DAGs
[2026-02-25T11:37:00.356+0000] {logging_mixin.py:190} INFO - [2026-02-25T11:37:00.355+0000] {dag.py:4180} INFO - Setting next_dagrun for tutorial to 2026-02-24 00:00:00+00:00, run_after=2026-02-25 00:00:00+00:00
[2026-02-25T11:37:00.372+0000] {processor.py:208} INFO - Processing /home/ubuntu/airflow-venv/lib/python3.12/site-packages/airflow/example_dags/tutorial.py took 0.052 seconds
[2026-02-25T11:37:40.909+0000] {processor.py:186} INFO - Started process (PID=12256) to work on /home/ubuntu/airflow-venv/lib/python3.12/site-packages/airflow/example_dags/tutorial.py
[2026-02-25T11:37:40.910+0000] {processor.py:914} INFO - Processing file /home/ubuntu/airflow-venv/lib/python3.12/site-packages/airflow/example_dags/tutorial.py for tasks to queue
[2026-02-25T11:37:40.912+0000] {logging_mixin.py:190} INFO - [2026-02-25T11:37:40.911+0000] {dagbag.py:588} INFO - Filling up the DagBag from /home/ubuntu/airflow-venv/lib/python3.12/site-packages/airflow/example_dags/tutorial.py
[2026-02-25T11:37:40.918+0000] {processor.py:925} INFO - DAG(s) 'tutorial' retrieved from /home/ubuntu/airflow-venv/lib/python3.12/site-packages/airflow/example_dags/tutorial.py
[2026-02-25T11:37:40.928+0000] {logging_mixin.py:190} INFO - [2026-02-25T11:37:40.928+0000] {dag.py:3239} INFO - Sync 1 DAGs
[2026-02-25T11:37:40.941+0000] {logging_mixin.py:190} INFO - [2026-02-25T11:37:40.941+0000] {dag.py:4180} INFO - Setting next_dagrun for tutorial to 2026-02-24 00:00:00+00:00, run_after=2026-02-25 00:00:00+00:00
[2026-02-25T11:37:40.958+0000] {processor.py:208} INFO - Processing /home/ubuntu/airflow-venv/lib/python3.12/site-packages/airflow/example_dags/tutorial.py took 0.053 seconds
[2026-02-25T11:42:38.479+0000] {processor.py:186} INFO - Started process (PID=1686) to work on /home/ubuntu/airflow-venv/lib/python3.12/site-packages/airflow/example_dags/tutorial.py
[2026-02-25T11:42:38.482+0000] {processor.py:914} INFO - Processing file /home/ubuntu/airflow-venv/lib/python3.12/site-packages/airflow/example_dags/tutorial.py for tasks to queue
[2026-02-25T11:42:38.483+0000] {logging_mixin.py:190} INFO - [2026-02-25T11:42:38.482+0000] {dagbag.py:588} INFO - Filling up the DagBag from /home/ubuntu/airflow-venv/lib/python3.12/site-packages/airflow/example_dags/tutorial.py
[2026-02-25T11:42:38.488+0000] {processor.py:925} INFO - DAG(s) 'tutorial' retrieved from /home/ubuntu/airflow-venv/lib/python3.12/site-packages/airflow/example_dags/tutorial.py
[2026-02-25T11:42:38.501+0000] {logging_mixin.py:190} INFO - [2026-02-25T11:42:38.501+0000] {dag.py:3239} INFO - Sync 1 DAGs
[2026-02-25T11:42:38.515+0000] {logging_mixin.py:190} INFO - [2026-02-25T11:42:38.515+0000] {dag.py:4180} INFO - Setting next_dagrun for tutorial to 2026-02-24 00:00:00+00:00, run_after=2026-02-25 00:00:00+00:00
[2026-02-25T11:42:38.532+0000] {processor.py:208} INFO - Processing /home/ubuntu/airflow-venv/lib/python3.12/site-packages/airflow/example_dags/tutorial.py took 0.056 seconds
[2026-02-25T11:43:31.161+0000] {processor.py:186} INFO - Started process (PID=2113) to work on /home/ubuntu/airflow-venv/lib/python3.12/site-packages/airflow/example_dags/tutorial.py
[2026-02-25T11:43:31.162+0000] {processor.py:914} INFO - Processing file /home/ubuntu/airflow-venv/lib/python3.12/site-packages/airflow/example_dags/tutorial.py for tasks to queue
[2026-02-25T11:43:31.163+0000] {logging_mixin.py:190} INFO - [2026-02-25T11:43:31.163+0000] {dagbag.py:588} INFO - Filling up the DagBag from /home/ubuntu/airflow-venv/lib/python3.12/site-packages/airflow/example_dags/tutorial.py
[2026-02-25T11:43:31.169+0000] {processor.py:925} INFO - DAG(s) 'tutorial' retrieved from /home/ubuntu/airflow-venv/lib/python3.12/site-packages/airflow/example_dags/tutorial.py
[2026-02-25T11:43:31.178+0000] {logging_mixin.py:190} INFO - [2026-02-25T11:43:31.178+0000] {dag.py:3239} INFO - Sync 1 DAGs
[2026-02-25T11:43:31.190+0000] {logging_mixin.py:190} INFO - [2026-02-25T11:43:31.190+0000] {dag.py:4180} INFO - Setting next_dagrun for tutorial to 2026-02-24 00:00:00+00:00, run_after=2026-02-25 00:00:00+00:00
[2026-02-25T11:43:31.207+0000] {processor.py:208} INFO - Processing /home/ubuntu/airflow-venv/lib/python3.12/site-packages/airflow/example_dags/tutorial.py took 0.049 seconds
[2026-02-25T11:44:20.900+0000] {processor.py:186} INFO - Started process (PID=2528) to work on /home/ubuntu/airflow-venv/lib/python3.12/site-packages/airflow/example_dags/tutorial.py
[2026-02-25T11:44:20.901+0000] {processor.py:914} INFO - Processing file /home/ubuntu/airflow-venv/lib/python3.12/site-packages/airflow/example_dags/tutorial.py for tasks to queue
[2026-02-25T11:44:20.902+0000] {logging_mixin.py:190} INFO - [2026-02-25T11:44:20.902+0000] {dagbag.py:588} INFO - Filling up the DagBag from /home/ubuntu/airflow-venv/lib/python3.12/site-packages/airflow/example_dags/tutorial.py
[2026-02-25T11:44:20.908+0000] {processor.py:925} INFO - DAG(s) 'tutorial' retrieved from /home/ubuntu/airflow-venv/lib/python3.12/site-packages/airflow/example_dags/tutorial.py
[2026-02-25T11:44:20.917+0000] {logging_mixin.py:190} INFO - [2026-02-25T11:44:20.917+0000] {dag.py:3239} INFO - Sync 1 DAGs
[2026-02-25T11:44:20.929+0000] {logging_mixin.py:190} INFO - [2026-02-25T11:44:20.929+0000] {dag.py:4180} INFO - Setting next_dagrun for tutorial to 2026-02-24 00:00:00+00:00, run_after=2026-02-25 00:00:00+00:00
[2026-02-25T11:44:20.946+0000] {processor.py:208} INFO - Processing /home/ubuntu/airflow-venv/lib/python3.12/site-packages/airflow/example_dags/tutorial.py took 0.049 seconds
[2026-02-25T11:45:07.589+0000] {processor.py:186} INFO - Started process (PID=2581) to work on /home/ubuntu/airflow-venv/lib/python3.12/site-packages/airflow/example_dags/tutorial.py
[2026-02-25T11:45:07.590+0000] {processor.py:914} INFO - Processing file /home/ubuntu/airflow-venv/lib/python3.12/site-packages/airflow/example_dags/tutorial.py for tasks to queue
[2026-02-25T11:45:07.591+0000] {logging_mixin.py:190} INFO - [2026-02-25T11:45:07.591+0000] {dagbag.py:588} INFO - Filling up the DagBag from /home/ubuntu/airflow-venv/lib/python3.12/site-packages/airflow/example_dags/tutorial.py
[2026-02-25T11:45:07.596+0000] {processor.py:925} INFO - DAG(s) 'tutorial' retrieved from /home/ubuntu/airflow-venv/lib/python3.12/site-packages/airflow/example_dags/tutorial.py
[2026-02-25T11:45:07.606+0000] {logging_mixin.py:190} INFO - [2026-02-25T11:45:07.606+0000] {dag.py:3239} INFO - Sync 1 DAGs
[2026-02-25T11:45:07.618+0000] {logging_mixin.py:190} INFO - [2026-02-25T11:45:07.618+0000] {dag.py:4180} INFO - Setting next_dagrun for tutorial to 2026-02-24 00:00:00+00:00, run_after=2026-02-25 00:00:00+00:00
[2026-02-25T11:45:07.635+0000] {processor.py:208} INFO - Processing /home/ubuntu/airflow-venv/lib/python3.12/site-packages/airflow/example_dags/tutorial.py took 0.049 seconds
[2026-02-25T11:46:00.959+0000] {processor.py:186} INFO - Started process (PID=2645) to work on /home/ubuntu/airflow-venv/lib/python3.12/site-packages/airflow/example_dags/tutorial.py
[2026-02-25T11:46:00.961+0000] {processor.py:914} INFO - Processing file /home/ubuntu/airflow-venv/lib/python3.12/site-packages/airflow/example_dags/tutorial.py for tasks to queue
[2026-02-25T11:46:00.962+0000] {logging_mixin.py:190} INFO - [2026-02-25T11:46:00.962+0000] {dagbag.py:588} INFO - Filling up the DagBag from /home/ubuntu/airflow-venv/lib/python3.12/site-packages/airflow/example_dags/tutorial.py
[2026-02-25T11:46:00.967+0000] {processor.py:925} INFO - DAG(s) 'tutorial' retrieved from /home/ubuntu/airflow-venv/lib/python3.12/site-packages/airflow/example_dags/tutorial.py
[2026-02-25T11:46:00.977+0000] {logging_mixin.py:190} INFO - [2026-02-25T11:46:00.977+0000] {dag.py:3239} INFO - Sync 1 DAGs
[2026-02-25T11:46:00.989+0000] {logging_mixin.py:190} INFO - [2026-02-25T11:46:00.989+0000] {dag.py:4180} INFO - Setting next_dagrun for tutorial to 2026-02-24 00:00:00+00:00, run_after=2026-02-25 00:00:00+00:00
[2026-02-25T11:46:01.006+0000] {processor.py:208} INFO - Processing /home/ubuntu/airflow-venv/lib/python3.12/site-packages/airflow/example_dags/tutorial.py took 0.050 seconds
[2026-02-25T12:38:58.182+0000] {processor.py:186} INFO - Started process (PID=2086) to work on /home/ubuntu/airflow-venv/lib/python3.12/site-packages/airflow/example_dags/tutorial.py
[2026-02-25T12:38:58.184+0000] {processor.py:914} INFO - Processing file /home/ubuntu/airflow-venv/lib/python3.12/site-packages/airflow/example_dags/tutorial.py for tasks to queue
[2026-02-25T12:38:58.185+0000] {logging_mixin.py:190} INFO - [2026-02-25T12:38:58.185+0000] {dagbag.py:588} INFO - Filling up the DagBag from /home/ubuntu/airflow-venv/lib/python3.12/site-packages/airflow/example_dags/tutorial.py
[2026-02-25T12:38:58.190+0000] {processor.py:925} INFO - DAG(s) 'tutorial' retrieved from /home/ubuntu/airflow-venv/lib/python3.12/site-packages/airflow/example_dags/tutorial.py
[2026-02-25T12:38:58.203+0000] {logging_mixin.py:190} INFO - [2026-02-25T12:38:58.203+0000] {dag.py:3239} INFO - Sync 1 DAGs
[2026-02-25T12:38:58.217+0000] {logging_mixin.py:190} INFO - [2026-02-25T12:38:58.217+0000] {dag.py:4180} INFO - Setting next_dagrun for tutorial to 2026-02-24 00:00:00+00:00, run_after=2026-02-25 00:00:00+00:00
[2026-02-25T12:38:58.233+0000] {processor.py:208} INFO - Processing /home/ubuntu/airflow-venv/lib/python3.12/site-packages/airflow/example_dags/tutorial.py took 0.055 seconds
[2026-02-25T12:39:50.843+0000] {processor.py:186} INFO - Started process (PID=2161) to work on /home/ubuntu/airflow-venv/lib/python3.12/site-packages/airflow/example_dags/tutorial.py
[2026-02-25T12:39:50.844+0000] {processor.py:914} INFO - Processing file /home/ubuntu/airflow-venv/lib/python3.12/site-packages/airflow/example_dags/tutorial.py for tasks to queue
[2026-02-25T12:39:50.846+0000] {logging_mixin.py:190} INFO - [2026-02-25T12:39:50.845+0000] {dagbag.py:588} INFO - Filling up the DagBag from /home/ubuntu/airflow-venv/lib/python3.12/site-packages/airflow/example_dags/tutorial.py
[2026-02-25T12:39:50.851+0000] {processor.py:925} INFO - DAG(s) 'tutorial' retrieved from /home/ubuntu/airflow-venv/lib/python3.12/site-packages/airflow/example_dags/tutorial.py
[2026-02-25T12:39:50.860+0000] {logging_mixin.py:190} INFO - [2026-02-25T12:39:50.860+0000] {dag.py:3239} INFO - Sync 1 DAGs
[2026-02-25T12:39:50.871+0000] {logging_mixin.py:190} INFO - [2026-02-25T12:39:50.871+0000] {dag.py:4180} INFO - Setting next_dagrun for tutorial to 2026-02-24 00:00:00+00:00, run_after=2026-02-25 00:00:00+00:00
[2026-02-25T12:39:50.887+0000] {processor.py:208} INFO - Processing /home/ubuntu/airflow-venv/lib/python3.12/site-packages/airflow/example_dags/tutorial.py took 0.048 seconds
[2026-02-25T12:40:40.575+0000] {processor.py:186} INFO - Started process (PID=2216) to work on /home/ubuntu/airflow-venv/lib/python3.12/site-packages/airflow/example_dags/tutorial.py
[2026-02-25T12:40:40.576+0000] {processor.py:914} INFO - Processing file /home/ubuntu/airflow-venv/lib/python3.12/site-packages/airflow/example_dags/tutorial.py for tasks to queue
[2026-02-25T12:40:40.578+0000] {logging_mixin.py:190} INFO - [2026-02-25T12:40:40.577+0000] {dagbag.py:588} INFO - Filling up the DagBag from /home/ubuntu/airflow-venv/lib/python3.12/site-packages/airflow/example_dags/tutorial.py
[2026-02-25T12:40:40.583+0000] {processor.py:925} INFO - DAG(s) 'tutorial' retrieved from /home/ubuntu/airflow-venv/lib/python3.12/site-packages/airflow/example_dags/tutorial.py
[2026-02-25T12:40:40.592+0000] {logging_mixin.py:190} INFO - [2026-02-25T12:40:40.592+0000] {dag.py:3239} INFO - Sync 1 DAGs
[2026-02-25T12:40:40.603+0000] {logging_mixin.py:190} INFO - [2026-02-25T12:40:40.603+0000] {dag.py:4180} INFO - Setting next_dagrun for tutorial to 2026-02-24 00:00:00+00:00, run_after=2026-02-25 00:00:00+00:00
[2026-02-25T12:40:40.619+0000] {processor.py:208} INFO - Processing /home/ubuntu/airflow-venv/lib/python3.12/site-packages/airflow/example_dags/tutorial.py took 0.047 seconds
[2026-02-25T12:41:27.275+0000] {processor.py:186} INFO - Started process (PID=2630) to work on /home/ubuntu/airflow-venv/lib/python3.12/site-packages/airflow/example_dags/tutorial.py
[2026-02-25T12:41:27.277+0000] {processor.py:914} INFO - Processing file /home/ubuntu/airflow-venv/lib/python3.12/site-packages/airflow/example_dags/tutorial.py for tasks to queue
[2026-02-25T12:41:27.278+0000] {logging_mixin.py:190} INFO - [2026-02-25T12:41:27.278+0000] {dagbag.py:588} INFO - Filling up the DagBag from /home/ubuntu/airflow-venv/lib/python3.12/site-packages/airflow/example_dags/tutorial.py
[2026-02-25T12:41:27.283+0000] {processor.py:925} INFO - DAG(s) 'tutorial' retrieved from /home/ubuntu/airflow-venv/lib/python3.12/site-packages/airflow/example_dags/tutorial.py
[2026-02-25T12:41:27.292+0000] {logging_mixin.py:190} INFO - [2026-02-25T12:41:27.292+0000] {dag.py:3239} INFO - Sync 1 DAGs
[2026-02-25T12:41:27.304+0000] {logging_mixin.py:190} INFO - [2026-02-25T12:41:27.304+0000] {dag.py:4180} INFO - Setting next_dagrun for tutorial to 2026-02-24 00:00:00+00:00, run_after=2026-02-25 00:00:00+00:00
[2026-02-25T12:41:27.320+0000] {processor.py:208} INFO - Processing /home/ubuntu/airflow-venv/lib/python3.12/site-packages/airflow/example_dags/tutorial.py took 0.048 seconds
[2026-02-25T12:42:17.983+0000] {processor.py:186} INFO - Started process (PID=2684) to work on /home/ubuntu/airflow-venv/lib/python3.12/site-packages/airflow/example_dags/tutorial.py
[2026-02-25T12:42:17.984+0000] {processor.py:914} INFO - Processing file /home/ubuntu/airflow-venv/lib/python3.12/site-packages/airflow/example_dags/tutorial.py for tasks to queue
[2026-02-25T12:42:17.985+0000] {logging_mixin.py:190} INFO - [2026-02-25T12:42:17.985+0000] {dagbag.py:588} INFO - Filling up the DagBag from /home/ubuntu/airflow-venv/lib/python3.12/site-packages/airflow/example_dags/tutorial.py
[2026-02-25T12:42:17.990+0000] {processor.py:925} INFO - DAG(s) 'tutorial' retrieved from /home/ubuntu/airflow-venv/lib/python3.12/site-packages/airflow/example_dags/tutorial.py
[2026-02-25T12:42:18.000+0000] {logging_mixin.py:190} INFO - [2026-02-25T12:42:17.999+0000] {dag.py:3239} INFO - Sync 1 DAGs
[2026-02-25T12:42:18.011+0000] {logging_mixin.py:190} INFO - [2026-02-25T12:42:18.011+0000] {dag.py:4180} INFO - Setting next_dagrun for tutorial to 2026-02-24 00:00:00+00:00, run_after=2026-02-25 00:00:00+00:00
[2026-02-25T12:42:18.027+0000] {processor.py:208} INFO - Processing /home/ubuntu/airflow-venv/lib/python3.12/site-packages/airflow/example_dags/tutorial.py took 0.048 seconds
[2026-02-25T12:43:08.519+0000] {processor.py:186} INFO - Started process (PID=2742) to work on /home/ubuntu/airflow-venv/lib/python3.12/site-packages/airflow/example_dags/tutorial.py
[2026-02-25T12:43:08.520+0000] {processor.py:914} INFO - Processing file /home/ubuntu/airflow-venv/lib/python3.12/site-packages/airflow/example_dags/tutorial.py for tasks to queue
[2026-02-25T12:43:08.521+0000] {logging_mixin.py:190} INFO - [2026-02-25T12:43:08.521+0000] {dagbag.py:588} INFO - Filling up the DagBag from /home/ubuntu/airflow-venv/lib/python3.12/site-packages/airflow/example_dags/tutorial.py
[2026-02-25T12:43:08.526+0000] {processor.py:925} INFO - DAG(s) 'tutorial' retrieved from /home/ubuntu/airflow-venv/lib/python3.12/site-packages/airflow/example_dags/tutorial.py
[2026-02-25T12:43:08.535+0000] {logging_mixin.py:190} INFO - [2026-02-25T12:43:08.535+0000] {dag.py:3239} INFO - Sync 1 DAGs
[2026-02-25T12:43:08.547+0000] {logging_mixin.py:190} INFO - [2026-02-25T12:43:08.547+0000] {dag.py:4180} INFO - Setting next_dagrun for tutorial to 2026-02-24 00:00:00+00:00, run_after=2026-02-25 00:00:00+00:00
[2026-02-25T12:43:08.563+0000] {processor.py:208} INFO - Processing /home/ubuntu/airflow-venv/lib/python3.12/site-packages/airflow/example_dags/tutorial.py took 0.047 seconds
[2026-02-25T12:43:57.294+0000] {processor.py:186} INFO - Started process (PID=2798) to work on /home/ubuntu/airflow-venv/lib/python3.12/site-packages/airflow/example_dags/tutorial.py
[2026-02-25T12:43:57.295+0000] {processor.py:914} INFO - Processing file /home/ubuntu/airflow-venv/lib/python3.12/site-packages/airflow/example_dags/tutorial.py for tasks to queue
[2026-02-25T12:43:57.296+0000] {logging_mixin.py:190} INFO - [2026-02-25T12:43:57.296+0000] {dagbag.py:588} INFO - Filling up the DagBag from /home/ubuntu/airflow-venv/lib/python3.12/site-packages/airflow/example_dags/tutorial.py
[2026-02-25T12:43:57.301+0000] {processor.py:925} INFO - DAG(s) 'tutorial' retrieved from /home/ubuntu/airflow-venv/lib/python3.12/site-packages/airflow/example_dags/tutorial.py
[2026-02-25T12:43:57.310+0000] {logging_mixin.py:190} INFO - [2026-02-25T12:43:57.310+0000] {dag.py:3239} INFO - Sync 1 DAGs
[2026-02-25T12:43:57.322+0000] {logging_mixin.py:190} INFO - [2026-02-25T12:43:57.321+0000] {dag.py:4180} INFO - Setting next_dagrun for tutorial to 2026-02-24 00:00:00+00:00, run_after=2026-02-25 00:00:00+00:00
[2026-02-25T12:43:57.337+0000] {processor.py:208} INFO - Processing /home/ubuntu/airflow-venv/lib/python3.12/site-packages/airflow/example_dags/tutorial.py took 0.047 seconds
[2026-02-25T12:44:47.770+0000] {processor.py:186} INFO - Started process (PID=2850) to work on /home/ubuntu/airflow-venv/lib/python3.12/site-packages/airflow/example_dags/tutorial.py
[2026-02-25T12:44:47.771+0000] {processor.py:914} INFO - Processing file /home/ubuntu/airflow-venv/lib/python3.12/site-packages/airflow/example_dags/tutorial.py for tasks to queue
[2026-02-25T12:44:47.773+0000] {logging_mixin.py:190} INFO - [2026-02-25T12:44:47.772+0000] {dagbag.py:588} INFO - Filling up the DagBag from /home/ubuntu/airflow-venv/lib/python3.12/site-packages/airflow/example_dags/tutorial.py
[2026-02-25T12:44:47.778+0000] {processor.py:925} INFO - DAG(s) 'tutorial' retrieved from /home/ubuntu/airflow-venv/lib/python3.12/site-packages/airflow/example_dags/tutorial.py
[2026-02-25T12:44:47.787+0000] {logging_mixin.py:190} INFO - [2026-02-25T12:44:47.786+0000] {dag.py:3239} INFO - Sync 1 DAGs
[2026-02-25T12:44:47.863+0000] {logging_mixin.py:190} INFO - [2026-02-25T12:44:47.863+0000] {dag.py:4180} INFO - Setting next_dagrun for tutorial to 2026-02-24 00:00:00+00:00, run_after=2026-02-25 00:00:00+00:00
[2026-02-25T12:44:47.877+0000] {processor.py:208} INFO - Processing /home/ubuntu/airflow-venv/lib/python3.12/site-packages/airflow/example_dags/tutorial.py took 0.111 seconds
[2026-02-25T12:45:41.062+0000] {processor.py:186} INFO - Started process (PID=2906) to work on /home/ubuntu/airflow-venv/lib/python3.12/site-packages/airflow/example_dags/tutorial.py
[2026-02-25T12:45:41.063+0000] {processor.py:914} INFO - Processing file /home/ubuntu/airflow-venv/lib/python3.12/site-packages/airflow/example_dags/tutorial.py for tasks to queue
[2026-02-25T12:45:41.065+0000] {logging_mixin.py:190} INFO - [2026-02-25T12:45:41.064+0000] {dagbag.py:588} INFO - Filling up the DagBag from /home/ubuntu/airflow-venv/lib/python3.12/site-packages/airflow/example_dags/tutorial.py
[2026-02-25T12:45:41.069+0000] {processor.py:925} INFO - DAG(s) 'tutorial' retrieved from /home/ubuntu/airflow-venv/lib/python3.12/site-packages/airflow/example_dags/tutorial.py
[2026-02-25T12:45:41.079+0000] {logging_mixin.py:190} INFO - [2026-02-25T12:45:41.078+0000] {dag.py:3239} INFO - Sync 1 DAGs
[2026-02-25T12:45:41.090+0000] {logging_mixin.py:190} INFO - [2026-02-25T12:45:41.090+0000] {dag.py:4180} INFO - Setting next_dagrun for tutorial to 2026-02-24 00:00:00+00:00, run_after=2026-02-25 00:00:00+00:00
[2026-02-25T12:45:41.107+0000] {processor.py:208} INFO - Processing /home/ubuntu/airflow-venv/lib/python3.12/site-packages/airflow/example_dags/tutorial.py took 0.048 seconds
[2026-02-25T12:46:33.507+0000] {processor.py:186} INFO - Started process (PID=2960) to work on /home/ubuntu/airflow-venv/lib/python3.12/site-packages/airflow/example_dags/tutorial.py
[2026-02-25T12:46:33.509+0000] {processor.py:914} INFO - Processing file /home/ubuntu/airflow-venv/lib/python3.12/site-packages/airflow/example_dags/tutorial.py for tasks to queue
[2026-02-25T12:46:33.510+0000] {logging_mixin.py:190} INFO - [2026-02-25T12:46:33.510+0000] {dagbag.py:588} INFO - Filling up the DagBag from /home/ubuntu/airflow-venv/lib/python3.12/site-packages/airflow/example_dags/tutorial.py
[2026-02-25T12:46:33.515+0000] {processor.py:925} INFO - DAG(s) 'tutorial' retrieved from /home/ubuntu/airflow-venv/lib/python3.12/site-packages/airflow/example_dags/tutorial.py
[2026-02-25T12:46:33.524+0000] {logging_mixin.py:190} INFO - [2026-02-25T12:46:33.524+0000] {dag.py:3239} INFO - Sync 1 DAGs
[2026-02-25T12:46:33.536+0000] {logging_mixin.py:190} INFO - [2026-02-25T12:46:33.536+0000] {dag.py:4180} INFO - Setting next_dagrun for tutorial to 2026-02-24 00:00:00+00:00, run_after=2026-02-25 00:00:00+00:00
[2026-02-25T12:46:33.553+0000] {processor.py:208} INFO - Processing /home/ubuntu/airflow-venv/lib/python3.12/site-packages/airflow/example_dags/tutorial.py took 0.049 seconds
[2026-02-25T12:47:22.012+0000] {processor.py:186} INFO - Started process (PID=3012) to work on /home/ubuntu/airflow-venv/lib/python3.12/site-packages/airflow/example_dags/tutorial.py
[2026-02-25T12:47:22.013+0000] {processor.py:914} INFO - Processing file /home/ubuntu/airflow-venv/lib/python3.12/site-packages/airflow/example_dags/tutorial.py for tasks to queue
[2026-02-25T12:47:22.015+0000] {logging_mixin.py:190} INFO - [2026-02-25T12:47:22.015+0000] {dagbag.py:588} INFO - Filling up the DagBag from /home/ubuntu/airflow-venv/lib/python3.12/site-packages/airflow/example_dags/tutorial.py
[2026-02-25T12:47:22.020+0000] {processor.py:925} INFO - DAG(s) 'tutorial' retrieved from /home/ubuntu/airflow-venv/lib/python3.12/site-packages/airflow/example_dags/tutorial.py
[2026-02-25T12:47:22.029+0000] {logging_mixin.py:190} INFO - [2026-02-25T12:47:22.029+0000] {dag.py:3239} INFO - Sync 1 DAGs
[2026-02-25T12:47:22.042+0000] {logging_mixin.py:190} INFO - [2026-02-25T12:47:22.041+0000] {dag.py:4180} INFO - Setting next_dagrun for tutorial to 2026-02-24 00:00:00+00:00, run_after=2026-02-25 00:00:00+00:00
[2026-02-25T12:47:22.057+0000] {processor.py:208} INFO - Processing /home/ubuntu/airflow-venv/lib/python3.12/site-packages/airflow/example_dags/tutorial.py took 0.049 seconds
[2026-02-25T12:48:11.144+0000] {processor.py:186} INFO - Started process (PID=3067) to work on /home/ubuntu/airflow-venv/lib/python3.12/site-packages/airflow/example_dags/tutorial.py
[2026-02-25T12:48:11.145+0000] {processor.py:914} INFO - Processing file /home/ubuntu/airflow-venv/lib/python3.12/site-packages/airflow/example_dags/tutorial.py for tasks to queue
[2026-02-25T12:48:11.146+0000] {logging_mixin.py:190} INFO - [2026-02-25T12:48:11.146+0000] {dagbag.py:588} INFO - Filling up the DagBag from /home/ubuntu/airflow-venv/lib/python3.12/site-packages/airflow/example_dags/tutorial.py
[2026-02-25T12:48:11.152+0000] {processor.py:925} INFO - DAG(s) 'tutorial' retrieved from /home/ubuntu/airflow-venv/lib/python3.12/site-packages/airflow/example_dags/tutorial.py
[2026-02-25T12:48:11.161+0000] {logging_mixin.py:190} INFO - [2026-02-25T12:48:11.161+0000] {dag.py:3239} INFO - Sync 1 DAGs
[2026-02-25T12:48:11.173+0000] {logging_mixin.py:190} INFO - [2026-02-25T12:48:11.173+0000] {dag.py:4180} INFO - Setting next_dagrun for tutorial to 2026-02-24 00:00:00+00:00, run_after=2026-02-25 00:00:00+00:00
[2026-02-25T12:48:11.188+0000] {processor.py:208} INFO - Processing /home/ubuntu/airflow-venv/lib/python3.12/site-packages/airflow/example_dags/tutorial.py took 0.048 seconds
[2026-02-25T12:49:00.262+0000] {processor.py:186} INFO - Started process (PID=3119) to work on /home/ubuntu/airflow-venv/lib/python3.12/site-packages/airflow/example_dags/tutorial.py
[2026-02-25T12:49:00.263+0000] {processor.py:914} INFO - Processing file /home/ubuntu/airflow-venv/lib/python3.12/site-packages/airflow/example_dags/tutorial.py for tasks to queue
[2026-02-25T12:49:00.265+0000] {logging_mixin.py:190} INFO - [2026-02-25T12:49:00.264+0000] {dagbag.py:588} INFO - Filling up the DagBag from /home/ubuntu/airflow-venv/lib/python3.12/site-packages/airflow/example_dags/tutorial.py
[2026-02-25T12:49:00.270+0000] {processor.py:925} INFO - DAG(s) 'tutorial' retrieved from /home/ubuntu/airflow-venv/lib/python3.12/site-packages/airflow/example_dags/tutorial.py
[2026-02-25T12:49:00.279+0000] {logging_mixin.py:190} INFO - [2026-02-25T12:49:00.279+0000] {dag.py:3239} INFO - Sync 1 DAGs
[2026-02-25T12:49:00.291+0000] {logging_mixin.py:190} INFO - [2026-02-25T12:49:00.291+0000] {dag.py:4180} INFO - Setting next_dagrun for tutorial to 2026-02-24 00:00:00+00:00, run_after=2026-02-25 00:00:00+00:00
[2026-02-25T12:49:00.307+0000] {processor.py:208} INFO - Processing /home/ubuntu/airflow-venv/lib/python3.12/site-packages/airflow/example_dags/tutorial.py took 0.048 seconds
[2026-02-25T12:49:47.507+0000] {processor.py:186} INFO - Started process (PID=3169) to work on /home/ubuntu/airflow-venv/lib/python3.12/site-packages/airflow/example_dags/tutorial.py
[2026-02-25T12:49:47.508+0000] {processor.py:914} INFO - Processing file /home/ubuntu/airflow-venv/lib/python3.12/site-packages/airflow/example_dags/tutorial.py for tasks to queue
[2026-02-25T12:49:47.510+0000] {logging_mixin.py:190} INFO - [2026-02-25T12:49:47.509+0000] {dagbag.py:588} INFO - Filling up the DagBag from /home/ubuntu/airflow-venv/lib/python3.12/site-packages/airflow/example_dags/tutorial.py
[2026-02-25T12:49:47.515+0000] {processor.py:925} INFO - DAG(s) 'tutorial' retrieved from /home/ubuntu/airflow-venv/lib/python3.12/site-packages/airflow/example_dags/tutorial.py
[2026-02-25T12:49:47.524+0000] {logging_mixin.py:190} INFO - [2026-02-25T12:49:47.524+0000] {dag.py:3239} INFO - Sync 1 DAGs
[2026-02-25T12:49:47.535+0000] {logging_mixin.py:190} INFO - [2026-02-25T12:49:47.535+0000] {dag.py:4180} INFO - Setting next_dagrun for tutorial to 2026-02-24 00:00:00+00:00, run_after=2026-02-25 00:00:00+00:00
[2026-02-25T12:49:47.552+0000] {processor.py:208} INFO - Processing /home/ubuntu/airflow-venv/lib/python3.12/site-packages/airflow/example_dags/tutorial.py took 0.049 seconds
[2026-02-25T12:50:38.833+0000] {processor.py:186} INFO - Started process (PID=3223) to work on /home/ubuntu/airflow-venv/lib/python3.12/site-packages/airflow/example_dags/tutorial.py
[2026-02-25T12:50:38.834+0000] {processor.py:914} INFO - Processing file /home/ubuntu/airflow-venv/lib/python3.12/site-packages/airflow/example_dags/tutorial.py for tasks to queue
[2026-02-25T12:50:38.835+0000] {logging_mixin.py:190} INFO - [2026-02-25T12:50:38.835+0000] {dagbag.py:588} INFO - Filling up the DagBag from /home/ubuntu/airflow-venv/lib/python3.12/site-packages/airflow/example_dags/tutorial.py
[2026-02-25T12:50:38.840+0000] {processor.py:925} INFO - DAG(s) 'tutorial' retrieved from /home/ubuntu/airflow-venv/lib/python3.12/site-packages/airflow/example_dags/tutorial.py
[2026-02-25T12:50:38.850+0000] {logging_mixin.py:190} INFO - [2026-02-25T12:50:38.850+0000] {dag.py:3239} INFO - Sync 1 DAGs
[2026-02-25T12:50:38.862+0000] {logging_mixin.py:190} INFO - [2026-02-25T12:50:38.862+0000] {dag.py:4180} INFO - Setting next_dagrun for tutorial to 2026-02-24 00:00:00+00:00, run_after=2026-02-25 00:00:00+00:00
[2026-02-25T12:50:38.879+0000] {processor.py:208} INFO - Processing /home/ubuntu/airflow-venv/lib/python3.12/site-packages/airflow/example_dags/tutorial.py took 0.049 seconds
[2026-02-25T12:51:28.320+0000] {processor.py:186} INFO - Started process (PID=3277) to work on /home/ubuntu/airflow-venv/lib/python3.12/site-packages/airflow/example_dags/tutorial.py
[2026-02-25T12:51:28.322+0000] {processor.py:914} INFO - Processing file /home/ubuntu/airflow-venv/lib/python3.12/site-packages/airflow/example_dags/tutorial.py for tasks to queue
[2026-02-25T12:51:28.323+0000] {logging_mixin.py:190} INFO - [2026-02-25T12:51:28.323+0000] {dagbag.py:588} INFO - Filling up the DagBag from /home/ubuntu/airflow-venv/lib/python3.12/site-packages/airflow/example_dags/tutorial.py
[2026-02-25T12:51:28.328+0000] {processor.py:925} INFO - DAG(s) 'tutorial' retrieved from /home/ubuntu/airflow-venv/lib/python3.12/site-packages/airflow/example_dags/tutorial.py
[2026-02-25T12:51:28.337+0000] {logging_mixin.py:190} INFO - [2026-02-25T12:51:28.337+0000] {dag.py:3239} INFO - Sync 1 DAGs
[2026-02-25T12:51:28.349+0000] {logging_mixin.py:190} INFO - [2026-02-25T12:51:28.349+0000] {dag.py:4180} INFO - Setting next_dagrun for tutorial to 2026-02-24 00:00:00+00:00, run_after=2026-02-25 00:00:00+00:00
[2026-02-25T12:51:28.366+0000] {processor.py:208} INFO - Processing /home/ubuntu/airflow-venv/lib/python3.12/site-packages/airflow/example_dags/tutorial.py took 0.049 seconds
[2026-02-25T12:52:17.522+0000] {processor.py:186} INFO - Started process (PID=3331) to work on /home/ubuntu/airflow-venv/lib/python3.12/site-packages/airflow/example_dags/tutorial.py
[2026-02-25T12:52:17.523+0000] {processor.py:914} INFO - Processing file /home/ubuntu/airflow-venv/lib/python3.12/site-packages/airflow/example_dags/tutorial.py for tasks to queue
[2026-02-25T12:52:17.525+0000] {logging_mixin.py:190} INFO - [2026-02-25T12:52:17.524+0000] {dagbag.py:588} INFO - Filling up the DagBag from /home/ubuntu/airflow-venv/lib/python3.12/site-packages/airflow/example_dags/tutorial.py
[2026-02-25T12:52:17.530+0000] {processor.py:925} INFO - DAG(s) 'tutorial' retrieved from /home/ubuntu/airflow-venv/lib/python3.12/site-packages/airflow/example_dags/tutorial.py
[2026-02-25T12:52:17.539+0000] {logging_mixin.py:190} INFO - [2026-02-25T12:52:17.539+0000] {dag.py:3239} INFO - Sync 1 DAGs
[2026-02-25T12:52:17.551+0000] {logging_mixin.py:190} INFO - [2026-02-25T12:52:17.550+0000] {dag.py:4180} INFO - Setting next_dagrun for tutorial to 2026-02-24 00:00:00+00:00, run_after=2026-02-25 00:00:00+00:00
[2026-02-25T12:52:17.566+0000] {processor.py:208} INFO - Processing /home/ubuntu/airflow-venv/lib/python3.12/site-packages/airflow/example_dags/tutorial.py took 0.047 seconds
[2026-02-25T12:53:06.163+0000] {processor.py:186} INFO - Started process (PID=3391) to work on /home/ubuntu/airflow-venv/lib/python3.12/site-packages/airflow/example_dags/tutorial.py
[2026-02-25T12:53:06.164+0000] {processor.py:914} INFO - Processing file /home/ubuntu/airflow-venv/lib/python3.12/site-packages/airflow/example_dags/tutorial.py for tasks to queue
[2026-02-25T12:53:06.166+0000] {logging_mixin.py:190} INFO - [2026-02-25T12:53:06.166+0000] {dagbag.py:588} INFO - Filling up the DagBag from /home/ubuntu/airflow-venv/lib/python3.12/site-packages/airflow/example_dags/tutorial.py
[2026-02-25T12:53:06.171+0000] {processor.py:925} INFO - DAG(s) 'tutorial' retrieved from /home/ubuntu/airflow-venv/lib/python3.12/site-packages/airflow/example_dags/tutorial.py
[2026-02-25T12:53:06.180+0000] {logging_mixin.py:190} INFO - [2026-02-25T12:53:06.180+0000] {dag.py:3239} INFO - Sync 1 DAGs
[2026-02-25T12:53:06.192+0000] {logging_mixin.py:190} INFO - [2026-02-25T12:53:06.192+0000] {dag.py:4180} INFO - Setting next_dagrun for tutorial to 2026-02-24 00:00:00+00:00, run_after=2026-02-25 00:00:00+00:00
[2026-02-25T12:53:06.208+0000] {processor.py:208} INFO - Processing /home/ubuntu/airflow-venv/lib/python3.12/site-packages/airflow/example_dags/tutorial.py took 0.048 seconds
[2026-02-25T12:53:55.849+0000] {processor.py:186} INFO - Started process (PID=3444) to work on /home/ubuntu/airflow-venv/lib/python3.12/site-packages/airflow/example_dags/tutorial.py
[2026-02-25T12:53:55.850+0000] {processor.py:914} INFO - Processing file /home/ubuntu/airflow-venv/lib/python3.12/site-packages/airflow/example_dags/tutorial.py for tasks to queue
[2026-02-25T12:53:55.852+0000] {logging_mixin.py:190} INFO - [2026-02-25T12:53:55.851+0000] {dagbag.py:588} INFO - Filling up the DagBag from /home/ubuntu/airflow-venv/lib/python3.12/site-packages/airflow/example_dags/tutorial.py
[2026-02-25T12:53:55.857+0000] {processor.py:925} INFO - DAG(s) 'tutorial' retrieved from /home/ubuntu/airflow-venv/lib/python3.12/site-packages/airflow/example_dags/tutorial.py
[2026-02-25T12:53:55.866+0000] {logging_mixin.py:190} INFO - [2026-02-25T12:53:55.866+0000] {dag.py:3239} INFO - Sync 1 DAGs
[2026-02-25T12:53:55.878+0000] {logging_mixin.py:190} INFO - [2026-02-25T12:53:55.878+0000] {dag.py:4180} INFO - Setting next_dagrun for tutorial to 2026-02-24 00:00:00+00:00, run_after=2026-02-25 00:00:00+00:00
[2026-02-25T12:53:55.895+0000] {processor.py:208} INFO - Processing /home/ubuntu/airflow-venv/lib/python3.12/site-packages/airflow/example_dags/tutorial.py took 0.050 seconds
[2026-02-25T12:54:44.636+0000] {processor.py:186} INFO - Started process (PID=3495) to work on /home/ubuntu/airflow-venv/lib/python3.12/site-packages/airflow/example_dags/tutorial.py
[2026-02-25T12:54:44.637+0000] {processor.py:914} INFO - Processing file /home/ubuntu/airflow-venv/lib/python3.12/site-packages/airflow/example_dags/tutorial.py for tasks to queue
[2026-02-25T12:54:44.638+0000] {logging_mixin.py:190} INFO - [2026-02-25T12:54:44.638+0000] {dagbag.py:588} INFO - Filling up the DagBag from /home/ubuntu/airflow-venv/lib/python3.12/site-packages/airflow/example_dags/tutorial.py
[2026-02-25T12:54:44.643+0000] {processor.py:925} INFO - DAG(s) 'tutorial' retrieved from /home/ubuntu/airflow-venv/lib/python3.12/site-packages/airflow/example_dags/tutorial.py
[2026-02-25T12:54:44.653+0000] {logging_mixin.py:190} INFO - [2026-02-25T12:54:44.653+0000] {dag.py:3239} INFO - Sync 1 DAGs
[2026-02-25T12:54:44.665+0000] {logging_mixin.py:190} INFO - [2026-02-25T12:54:44.665+0000] {dag.py:4180} INFO - Setting next_dagrun for tutorial to 2026-02-24 00:00:00+00:00, run_after=2026-02-25 00:00:00+00:00
[2026-02-25T12:54:44.681+0000] {processor.py:208} INFO - Processing /home/ubuntu/airflow-venv/lib/python3.12/site-packages/airflow/example_dags/tutorial.py took 0.048 seconds
[2026-02-25T12:55:31.729+0000] {processor.py:186} INFO - Started process (PID=3550) to work on /home/ubuntu/airflow-venv/lib/python3.12/site-packages/airflow/example_dags/tutorial.py
[2026-02-25T12:55:31.730+0000] {processor.py:914} INFO - Processing file /home/ubuntu/airflow-venv/lib/python3.12/site-packages/airflow/example_dags/tutorial.py for tasks to queue
[2026-02-25T12:55:31.732+0000] {logging_mixin.py:190} INFO - [2026-02-25T12:55:31.731+0000] {dagbag.py:588} INFO - Filling up the DagBag from /home/ubuntu/airflow-venv/lib/python3.12/site-packages/airflow/example_dags/tutorial.py
[2026-02-25T12:55:31.737+0000] {processor.py:925} INFO - DAG(s) 'tutorial' retrieved from /home/ubuntu/airflow-venv/lib/python3.12/site-packages/airflow/example_dags/tutorial.py
[2026-02-25T12:55:31.746+0000] {logging_mixin.py:190} INFO - [2026-02-25T12:55:31.746+0000] {dag.py:3239} INFO - Sync 1 DAGs
[2026-02-25T12:55:31.758+0000] {logging_mixin.py:190} INFO - [2026-02-25T12:55:31.758+0000] {dag.py:4180} INFO - Setting next_dagrun for tutorial to 2026-02-24 00:00:00+00:00, run_after=2026-02-25 00:00:00+00:00
[2026-02-25T12:55:31.774+0000] {processor.py:208} INFO - Processing /home/ubuntu/airflow-venv/lib/python3.12/site-packages/airflow/example_dags/tutorial.py took 0.049 seconds
[2026-02-25T12:56:21.911+0000] {processor.py:186} INFO - Started process (PID=3602) to work on /home/ubuntu/airflow-venv/lib/python3.12/site-packages/airflow/example_dags/tutorial.py
[2026-02-25T12:56:21.912+0000] {processor.py:914} INFO - Processing file /home/ubuntu/airflow-venv/lib/python3.12/site-packages/airflow/example_dags/tutorial.py for tasks to queue
[2026-02-25T12:56:21.913+0000] {logging_mixin.py:190} INFO - [2026-02-25T12:56:21.913+0000] {dagbag.py:588} INFO - Filling up the DagBag from /home/ubuntu/airflow-venv/lib/python3.12/site-packages/airflow/example_dags/tutorial.py
[2026-02-25T12:56:21.919+0000] {processor.py:925} INFO - DAG(s) 'tutorial' retrieved from /home/ubuntu/airflow-venv/lib/python3.12/site-packages/airflow/example_dags/tutorial.py
[2026-02-25T12:56:21.928+0000] {logging_mixin.py:190} INFO - [2026-02-25T12:56:21.928+0000] {dag.py:3239} INFO - Sync 1 DAGs
[2026-02-25T12:56:21.940+0000] {logging_mixin.py:190} INFO - [2026-02-25T12:56:21.940+0000] {dag.py:4180} INFO - Setting next_dagrun for tutorial to 2026-02-24 00:00:00+00:00, run_after=2026-02-25 00:00:00+00:00
[2026-02-25T12:56:21.956+0000] {processor.py:208} INFO - Processing /home/ubuntu/airflow-venv/lib/python3.12/site-packages/airflow/example_dags/tutorial.py took 0.049 seconds
[2026-02-25T12:57:13.529+0000] {processor.py:186} INFO - Started process (PID=3655) to work on /home/ubuntu/airflow-venv/lib/python3.12/site-packages/airflow/example_dags/tutorial.py
[2026-02-25T12:57:13.531+0000] {processor.py:914} INFO - Processing file /home/ubuntu/airflow-venv/lib/python3.12/site-packages/airflow/example_dags/tutorial.py for tasks to queue
[2026-02-25T12:57:13.532+0000] {logging_mixin.py:190} INFO - [2026-02-25T12:57:13.532+0000] {dagbag.py:588} INFO - Filling up the DagBag from /home/ubuntu/airflow-venv/lib/python3.12/site-packages/airflow/example_dags/tutorial.py
[2026-02-25T12:57:13.537+0000] {processor.py:925} INFO - DAG(s) 'tutorial' retrieved from /home/ubuntu/airflow-venv/lib/python3.12/site-packages/airflow/example_dags/tutorial.py
[2026-02-25T12:57:13.546+0000] {logging_mixin.py:190} INFO - [2026-02-25T12:57:13.546+0000] {dag.py:3239} INFO - Sync 1 DAGs
[2026-02-25T12:57:13.558+0000] {logging_mixin.py:190} INFO - [2026-02-25T12:57:13.558+0000] {dag.py:4180} INFO - Setting next_dagrun for tutorial to 2026-02-24 00:00:00+00:00, run_after=2026-02-25 00:00:00+00:00
[2026-02-25T12:57:13.574+0000] {processor.py:208} INFO - Processing /home/ubuntu/airflow-venv/lib/python3.12/site-packages/airflow/example_dags/tutorial.py took 0.048 seconds
[2026-02-25T12:58:05.762+0000] {processor.py:186} INFO - Started process (PID=3711) to work on /home/ubuntu/airflow-venv/lib/python3.12/site-packages/airflow/example_dags/tutorial.py
[2026-02-25T12:58:05.763+0000] {processor.py:914} INFO - Processing file /home/ubuntu/airflow-venv/lib/python3.12/site-packages/airflow/example_dags/tutorial.py for tasks to queue
[2026-02-25T12:58:05.764+0000] {logging_mixin.py:190} INFO - [2026-02-25T12:58:05.764+0000] {dagbag.py:588} INFO - Filling up the DagBag from /home/ubuntu/airflow-venv/lib/python3.12/site-packages/airflow/example_dags/tutorial.py
[2026-02-25T12:58:05.770+0000] {processor.py:925} INFO - DAG(s) 'tutorial' retrieved from /home/ubuntu/airflow-venv/lib/python3.12/site-packages/airflow/example_dags/tutorial.py
[2026-02-25T12:58:05.779+0000] {logging_mixin.py:190} INFO - [2026-02-25T12:58:05.779+0000] {dag.py:3239} INFO - Sync 1 DAGs
[2026-02-25T12:58:05.791+0000] {logging_mixin.py:190} INFO - [2026-02-25T12:58:05.790+0000] {dag.py:4180} INFO - Setting next_dagrun for tutorial to 2026-02-24 00:00:00+00:00, run_after=2026-02-25 00:00:00+00:00
[2026-02-25T12:58:05.807+0000] {processor.py:208} INFO - Processing /home/ubuntu/airflow-venv/lib/python3.12/site-packages/airflow/example_dags/tutorial.py took 0.049 seconds
[2026-02-25T12:58:53.838+0000] {processor.py:186} INFO - Started process (PID=3761) to work on /home/ubuntu/airflow-venv/lib/python3.12/site-packages/airflow/example_dags/tutorial.py
[2026-02-25T12:58:53.839+0000] {processor.py:914} INFO - Processing file /home/ubuntu/airflow-venv/lib/python3.12/site-packages/airflow/example_dags/tutorial.py for tasks to queue
[2026-02-25T12:58:53.840+0000] {logging_mixin.py:190} INFO - [2026-02-25T12:58:53.840+0000] {dagbag.py:588} INFO - Filling up the DagBag from /home/ubuntu/airflow-venv/lib/python3.12/site-packages/airflow/example_dags/tutorial.py
[2026-02-25T12:58:53.846+0000] {processor.py:925} INFO - DAG(s) 'tutorial' retrieved from /home/ubuntu/airflow-venv/lib/python3.12/site-packages/airflow/example_dags/tutorial.py
[2026-02-25T12:58:53.855+0000] {logging_mixin.py:190} INFO - [2026-02-25T12:58:53.855+0000] {dag.py:3239} INFO - Sync 1 DAGs
[2026-02-25T12:58:53.867+0000] {logging_mixin.py:190} INFO - [2026-02-25T12:58:53.867+0000] {dag.py:4180} INFO - Setting next_dagrun for tutorial to 2026-02-24 00:00:00+00:00, run_after=2026-02-25 00:00:00+00:00
[2026-02-25T12:58:53.883+0000] {processor.py:208} INFO - Processing /home/ubuntu/airflow-venv/lib/python3.12/site-packages/airflow/example_dags/tutorial.py took 0.049 seconds
[2026-02-25T12:59:45.896+0000] {processor.py:186} INFO - Started process (PID=3816) to work on /home/ubuntu/airflow-venv/lib/python3.12/site-packages/airflow/example_dags/tutorial.py
[2026-02-25T12:59:45.897+0000] {processor.py:914} INFO - Processing file /home/ubuntu/airflow-venv/lib/python3.12/site-packages/airflow/example_dags/tutorial.py for tasks to queue
[2026-02-25T12:59:45.898+0000] {logging_mixin.py:190} INFO - [2026-02-25T12:59:45.898+0000] {dagbag.py:588} INFO - Filling up the DagBag from /home/ubuntu/airflow-venv/lib/python3.12/site-packages/airflow/example_dags/tutorial.py
[2026-02-25T12:59:45.903+0000] {processor.py:925} INFO - DAG(s) 'tutorial' retrieved from /home/ubuntu/airflow-venv/lib/python3.12/site-packages/airflow/example_dags/tutorial.py
[2026-02-25T12:59:45.912+0000] {logging_mixin.py:190} INFO - [2026-02-25T12:59:45.912+0000] {dag.py:3239} INFO - Sync 1 DAGs
[2026-02-25T12:59:45.925+0000] {logging_mixin.py:190} INFO - [2026-02-25T12:59:45.925+0000] {dag.py:4180} INFO - Setting next_dagrun for tutorial to 2026-02-24 00:00:00+00:00, run_after=2026-02-25 00:00:00+00:00
[2026-02-25T12:59:45.941+0000] {processor.py:208} INFO - Processing /home/ubuntu/airflow-venv/lib/python3.12/site-packages/airflow/example_dags/tutorial.py took 0.048 seconds
[2026-02-25T13:00:33.841+0000] {processor.py:186} INFO - Started process (PID=3868) to work on /home/ubuntu/airflow-venv/lib/python3.12/site-packages/airflow/example_dags/tutorial.py
[2026-02-25T13:00:33.842+0000] {processor.py:914} INFO - Processing file /home/ubuntu/airflow-venv/lib/python3.12/site-packages/airflow/example_dags/tutorial.py for tasks to queue
[2026-02-25T13:00:33.844+0000] {logging_mixin.py:190} INFO - [2026-02-25T13:00:33.843+0000] {dagbag.py:588} INFO - Filling up the DagBag from /home/ubuntu/airflow-venv/lib/python3.12/site-packages/airflow/example_dags/tutorial.py
[2026-02-25T13:00:33.849+0000] {processor.py:925} INFO - DAG(s) 'tutorial' retrieved from /home/ubuntu/airflow-venv/lib/python3.12/site-packages/airflow/example_dags/tutorial.py
[2026-02-25T13:00:33.858+0000] {logging_mixin.py:190} INFO - [2026-02-25T13:00:33.858+0000] {dag.py:3239} INFO - Sync 1 DAGs
[2026-02-25T13:00:33.870+0000] {logging_mixin.py:190} INFO - [2026-02-25T13:00:33.870+0000] {dag.py:4180} INFO - Setting next_dagrun for tutorial to 2026-02-24 00:00:00+00:00, run_after=2026-02-25 00:00:00+00:00
[2026-02-25T13:00:33.886+0000] {processor.py:208} INFO - Processing /home/ubuntu/airflow-venv/lib/python3.12/site-packages/airflow/example_dags/tutorial.py took 0.048 seconds
[2026-02-25T13:01:21.777+0000] {processor.py:186} INFO - Started process (PID=3921) to work on /home/ubuntu/airflow-venv/lib/python3.12/site-packages/airflow/example_dags/tutorial.py
[2026-02-25T13:01:21.779+0000] {processor.py:914} INFO - Processing file /home/ubuntu/airflow-venv/lib/python3.12/site-packages/airflow/example_dags/tutorial.py for tasks to queue
[2026-02-25T13:01:21.780+0000] {logging_mixin.py:190} INFO - [2026-02-25T13:01:21.780+0000] {dagbag.py:588} INFO - Filling up the DagBag from /home/ubuntu/airflow-venv/lib/python3.12/site-packages/airflow/example_dags/tutorial.py
[2026-02-25T13:01:21.786+0000] {processor.py:925} INFO - DAG(s) 'tutorial' retrieved from /home/ubuntu/airflow-venv/lib/python3.12/site-packages/airflow/example_dags/tutorial.py
[2026-02-25T13:01:21.795+0000] {logging_mixin.py:190} INFO - [2026-02-25T13:01:21.795+0000] {dag.py:3239} INFO - Sync 1 DAGs
[2026-02-25T13:01:21.807+0000] {logging_mixin.py:190} INFO - [2026-02-25T13:01:21.807+0000] {dag.py:4180} INFO - Setting next_dagrun for tutorial to 2026-02-24 00:00:00+00:00, run_after=2026-02-25 00:00:00+00:00
[2026-02-25T13:01:21.823+0000] {processor.py:208} INFO - Processing /home/ubuntu/airflow-venv/lib/python3.12/site-packages/airflow/example_dags/tutorial.py took 0.049 seconds
[2026-02-25T13:02:28.771+0000] {processor.py:186} INFO - Started process (PID=3965) to work on /home/ubuntu/airflow-venv/lib/python3.12/site-packages/airflow/example_dags/tutorial.py
[2026-02-25T13:02:28.773+0000] {processor.py:914} INFO - Processing file /home/ubuntu/airflow-venv/lib/python3.12/site-packages/airflow/example_dags/tutorial.py for tasks to queue
[2026-02-25T13:02:28.774+0000] {logging_mixin.py:190} INFO - [2026-02-25T13:02:28.774+0000] {dagbag.py:588} INFO - Filling up the DagBag from /home/ubuntu/airflow-venv/lib/python3.12/site-packages/airflow/example_dags/tutorial.py
[2026-02-25T13:02:28.779+0000] {processor.py:925} INFO - DAG(s) 'tutorial' retrieved from /home/ubuntu/airflow-venv/lib/python3.12/site-packages/airflow/example_dags/tutorial.py
[2026-02-25T13:02:28.847+0000] {logging_mixin.py:190} INFO - [2026-02-25T13:02:28.846+0000] {override.py:1900} INFO - Created Permission View: can delete on DAG:tutorial
[2026-02-25T13:02:28.857+0000] {logging_mixin.py:190} INFO - [2026-02-25T13:02:28.857+0000] {override.py:1900} INFO - Created Permission View: can read on DAG:tutorial
[2026-02-25T13:02:28.865+0000] {logging_mixin.py:190} INFO - [2026-02-25T13:02:28.865+0000] {override.py:1900} INFO - Created Permission View: can edit on DAG:tutorial
[2026-02-25T13:02:28.880+0000] {logging_mixin.py:190} INFO - [2026-02-25T13:02:28.880+0000] {override.py:1900} INFO - Created Permission View: can create on DAG Run:tutorial
[2026-02-25T13:02:28.888+0000] {logging_mixin.py:190} INFO - [2026-02-25T13:02:28.888+0000] {override.py:1900} INFO - Created Permission View: can delete on DAG Run:tutorial
[2026-02-25T13:02:28.896+0000] {logging_mixin.py:190} INFO - [2026-02-25T13:02:28.896+0000] {override.py:1900} INFO - Created Permission View: can read on DAG Run:tutorial
[2026-02-25T13:02:28.904+0000] {logging_mixin.py:190} INFO - [2026-02-25T13:02:28.904+0000] {override.py:1900} INFO - Created Permission View: menu access on DAG Run:tutorial
[2026-02-25T13:02:28.904+0000] {logging_mixin.py:190} INFO - [2026-02-25T13:02:28.904+0000] {dag.py:3239} INFO - Sync 1 DAGs
[2026-02-25T13:02:28.912+0000] {logging_mixin.py:190} INFO - [2026-02-25T13:02:28.911+0000] {dag.py:3262} INFO - Creating ORM DAG for tutorial
[2026-02-25T13:02:28.917+0000] {logging_mixin.py:190} INFO - [2026-02-25T13:02:28.917+0000] {dag.py:4180} INFO - Setting next_dagrun for tutorial to 2026-02-24 00:00:00+00:00, run_after=2026-02-25 00:00:00+00:00
[2026-02-25T13:02:28.933+0000] {processor.py:208} INFO - Processing /home/ubuntu/airflow-venv/lib/python3.12/site-packages/airflow/example_dags/tutorial.py took 0.165 seconds
[2026-02-25T13:03:28.785+0000] {processor.py:186} INFO - Started process (PID=4026) to work on /home/ubuntu/airflow-venv/lib/python3.12/site-packages/airflow/example_dags/tutorial.py
[2026-02-25T13:03:28.786+0000] {processor.py:914} INFO - Processing file /home/ubuntu/airflow-venv/lib/python3.12/site-packages/airflow/example_dags/tutorial.py for tasks to queue
[2026-02-25T13:03:28.787+0000] {logging_mixin.py:190} INFO - [2026-02-25T13:03:28.787+0000] {dagbag.py:588} INFO - Filling up the DagBag from /home/ubuntu/airflow-venv/lib/python3.12/site-packages/airflow/example_dags/tutorial.py
[2026-02-25T13:03:28.792+0000] {processor.py:925} INFO - DAG(s) 'tutorial' retrieved from /home/ubuntu/airflow-venv/lib/python3.12/site-packages/airflow/example_dags/tutorial.py
[2026-02-25T13:03:28.802+0000] {logging_mixin.py:190} INFO - [2026-02-25T13:03:28.801+0000] {dag.py:3239} INFO - Sync 1 DAGs
[2026-02-25T13:03:28.813+0000] {logging_mixin.py:190} INFO - [2026-02-25T13:03:28.813+0000] {dag.py:4180} INFO - Setting next_dagrun for tutorial to 2026-02-24 00:00:00+00:00, run_after=2026-02-25 00:00:00+00:00
[2026-02-25T13:03:28.829+0000] {processor.py:208} INFO - Processing /home/ubuntu/airflow-venv/lib/python3.12/site-packages/airflow/example_dags/tutorial.py took 0.047 seconds
[2026-02-25T13:04:18.853+0000] {processor.py:186} INFO - Started process (PID=4080) to work on /home/ubuntu/airflow-venv/lib/python3.12/site-packages/airflow/example_dags/tutorial.py
[2026-02-25T13:04:18.854+0000] {processor.py:914} INFO - Processing file /home/ubuntu/airflow-venv/lib/python3.12/site-packages/airflow/example_dags/tutorial.py for tasks to queue
[2026-02-25T13:04:18.855+0000] {logging_mixin.py:190} INFO - [2026-02-25T13:04:18.855+0000] {dagbag.py:588} INFO - Filling up the DagBag from /home/ubuntu/airflow-venv/lib/python3.12/site-packages/airflow/example_dags/tutorial.py
[2026-02-25T13:04:18.860+0000] {processor.py:925} INFO - DAG(s) 'tutorial' retrieved from /home/ubuntu/airflow-venv/lib/python3.12/site-packages/airflow/example_dags/tutorial.py
[2026-02-25T13:04:18.869+0000] {logging_mixin.py:190} INFO - [2026-02-25T13:04:18.869+0000] {dag.py:3239} INFO - Sync 1 DAGs
[2026-02-25T13:04:18.882+0000] {logging_mixin.py:190} INFO - [2026-02-25T13:04:18.882+0000] {dag.py:4180} INFO - Setting next_dagrun for tutorial to 2026-02-24 00:00:00+00:00, run_after=2026-02-25 00:00:00+00:00
[2026-02-25T13:04:18.898+0000] {processor.py:208} INFO - Processing /home/ubuntu/airflow-venv/lib/python3.12/site-packages/airflow/example_dags/tutorial.py took 0.048 seconds
[2026-02-25T13:05:21.680+0000] {processor.py:186} INFO - Started process (PID=4136) to work on /home/ubuntu/airflow-venv/lib/python3.12/site-packages/airflow/example_dags/tutorial.py
[2026-02-25T13:05:21.682+0000] {processor.py:914} INFO - Processing file /home/ubuntu/airflow-venv/lib/python3.12/site-packages/airflow/example_dags/tutorial.py for tasks to queue
[2026-02-25T13:05:21.683+0000] {logging_mixin.py:190} INFO - [2026-02-25T13:05:21.683+0000] {dagbag.py:588} INFO - Filling up the DagBag from /home/ubuntu/airflow-venv/lib/python3.12/site-packages/airflow/example_dags/tutorial.py
[2026-02-25T13:05:21.688+0000] {processor.py:925} INFO - DAG(s) 'tutorial' retrieved from /home/ubuntu/airflow-venv/lib/python3.12/site-packages/airflow/example_dags/tutorial.py
[2026-02-25T13:05:21.701+0000] {logging_mixin.py:190} INFO - [2026-02-25T13:05:21.701+0000] {dag.py:3239} INFO - Sync 1 DAGs
[2026-02-25T13:05:21.713+0000] {logging_mixin.py:190} INFO - [2026-02-25T13:05:21.713+0000] {dag.py:4180} INFO - Setting next_dagrun for tutorial to 2026-02-24 00:00:00+00:00, run_after=2026-02-25 00:00:00+00:00
[2026-02-25T13:05:21.729+0000] {processor.py:208} INFO - Processing /home/ubuntu/airflow-venv/lib/python3.12/site-packages/airflow/example_dags/tutorial.py took 0.052 seconds
[2026-02-25T13:09:05.205+0000] {processor.py:186} INFO - Started process (PID=1986) to work on /home/ubuntu/airflow-venv/lib/python3.12/site-packages/airflow/example_dags/tutorial.py
[2026-02-25T13:09:05.207+0000] {processor.py:914} INFO - Processing file /home/ubuntu/airflow-venv/lib/python3.12/site-packages/airflow/example_dags/tutorial.py for tasks to queue
[2026-02-25T13:09:05.209+0000] {logging_mixin.py:190} INFO - [2026-02-25T13:09:05.208+0000] {dagbag.py:588} INFO - Filling up the DagBag from /home/ubuntu/airflow-venv/lib/python3.12/site-packages/airflow/example_dags/tutorial.py
[2026-02-25T13:09:05.214+0000] {processor.py:925} INFO - DAG(s) 'tutorial' retrieved from /home/ubuntu/airflow-venv/lib/python3.12/site-packages/airflow/example_dags/tutorial.py
[2026-02-25T13:09:05.228+0000] {logging_mixin.py:190} INFO - [2026-02-25T13:09:05.228+0000] {dag.py:3239} INFO - Sync 1 DAGs
[2026-02-25T13:09:05.244+0000] {logging_mixin.py:190} INFO - [2026-02-25T13:09:05.244+0000] {dag.py:4180} INFO - Setting next_dagrun for tutorial to 2026-02-24 00:00:00+00:00, run_after=2026-02-25 00:00:00+00:00
[2026-02-25T13:09:05.262+0000] {processor.py:208} INFO - Processing /home/ubuntu/airflow-venv/lib/python3.12/site-packages/airflow/example_dags/tutorial.py took 0.060 seconds
[2026-02-25T13:09:57.897+0000] {processor.py:186} INFO - Started process (PID=2167) to work on /home/ubuntu/airflow-venv/lib/python3.12/site-packages/airflow/example_dags/tutorial.py
[2026-02-25T13:09:57.898+0000] {processor.py:914} INFO - Processing file /home/ubuntu/airflow-venv/lib/python3.12/site-packages/airflow/example_dags/tutorial.py for tasks to queue
[2026-02-25T13:09:57.900+0000] {logging_mixin.py:190} INFO - [2026-02-25T13:09:57.900+0000] {dagbag.py:588} INFO - Filling up the DagBag from /home/ubuntu/airflow-venv/lib/python3.12/site-packages/airflow/example_dags/tutorial.py
[2026-02-25T13:09:57.905+0000] {processor.py:925} INFO - DAG(s) 'tutorial' retrieved from /home/ubuntu/airflow-venv/lib/python3.12/site-packages/airflow/example_dags/tutorial.py
[2026-02-25T13:09:57.915+0000] {logging_mixin.py:190} INFO - [2026-02-25T13:09:57.915+0000] {dag.py:3239} INFO - Sync 1 DAGs
[2026-02-25T13:09:57.928+0000] {logging_mixin.py:190} INFO - [2026-02-25T13:09:57.928+0000] {dag.py:4180} INFO - Setting next_dagrun for tutorial to 2026-02-24 00:00:00+00:00, run_after=2026-02-25 00:00:00+00:00
[2026-02-25T13:09:57.944+0000] {processor.py:208} INFO - Processing /home/ubuntu/airflow-venv/lib/python3.12/site-packages/airflow/example_dags/tutorial.py took 0.050 seconds
[2026-02-25T13:10:47.644+0000] {processor.py:186} INFO - Started process (PID=2221) to work on /home/ubuntu/airflow-venv/lib/python3.12/site-packages/airflow/example_dags/tutorial.py
[2026-02-25T13:10:47.645+0000] {processor.py:914} INFO - Processing file /home/ubuntu/airflow-venv/lib/python3.12/site-packages/airflow/example_dags/tutorial.py for tasks to queue
[2026-02-25T13:10:47.647+0000] {logging_mixin.py:190} INFO - [2026-02-25T13:10:47.646+0000] {dagbag.py:588} INFO - Filling up the DagBag from /home/ubuntu/airflow-venv/lib/python3.12/site-packages/airflow/example_dags/tutorial.py
[2026-02-25T13:10:47.652+0000] {processor.py:925} INFO - DAG(s) 'tutorial' retrieved from /home/ubuntu/airflow-venv/lib/python3.12/site-packages/airflow/example_dags/tutorial.py
[2026-02-25T13:10:47.662+0000] {logging_mixin.py:190} INFO - [2026-02-25T13:10:47.662+0000] {dag.py:3239} INFO - Sync 1 DAGs
[2026-02-25T13:10:47.675+0000] {logging_mixin.py:190} INFO - [2026-02-25T13:10:47.675+0000] {dag.py:4180} INFO - Setting next_dagrun for tutorial to 2026-02-24 00:00:00+00:00, run_after=2026-02-25 00:00:00+00:00
[2026-02-25T13:10:47.693+0000] {processor.py:208} INFO - Processing /home/ubuntu/airflow-venv/lib/python3.12/site-packages/airflow/example_dags/tutorial.py took 0.053 seconds
[2026-02-25T13:11:34.353+0000] {processor.py:186} INFO - Started process (PID=2636) to work on /home/ubuntu/airflow-venv/lib/python3.12/site-packages/airflow/example_dags/tutorial.py
[2026-02-25T13:11:34.354+0000] {processor.py:914} INFO - Processing file /home/ubuntu/airflow-venv/lib/python3.12/site-packages/airflow/example_dags/tutorial.py for tasks to queue
[2026-02-25T13:11:34.355+0000] {logging_mixin.py:190} INFO - [2026-02-25T13:11:34.355+0000] {dagbag.py:588} INFO - Filling up the DagBag from /home/ubuntu/airflow-venv/lib/python3.12/site-packages/airflow/example_dags/tutorial.py
[2026-02-25T13:11:34.360+0000] {processor.py:925} INFO - DAG(s) 'tutorial' retrieved from /home/ubuntu/airflow-venv/lib/python3.12/site-packages/airflow/example_dags/tutorial.py
[2026-02-25T13:11:34.371+0000] {logging_mixin.py:190} INFO - [2026-02-25T13:11:34.371+0000] {dag.py:3239} INFO - Sync 1 DAGs
[2026-02-25T13:11:34.383+0000] {logging_mixin.py:190} INFO - [2026-02-25T13:11:34.383+0000] {dag.py:4180} INFO - Setting next_dagrun for tutorial to 2026-02-24 00:00:00+00:00, run_after=2026-02-25 00:00:00+00:00
[2026-02-25T13:11:34.402+0000] {processor.py:208} INFO - Processing /home/ubuntu/airflow-venv/lib/python3.12/site-packages/airflow/example_dags/tutorial.py took 0.053 seconds
[2026-02-25T13:15:16.525+0000] {processor.py:186} INFO - Started process (PID=3042) to work on /home/ubuntu/airflow-venv/lib/python3.12/site-packages/airflow/example_dags/tutorial.py
[2026-02-25T13:15:16.526+0000] {processor.py:914} INFO - Processing file /home/ubuntu/airflow-venv/lib/python3.12/site-packages/airflow/example_dags/tutorial.py for tasks to queue
[2026-02-25T13:15:16.527+0000] {logging_mixin.py:190} INFO - [2026-02-25T13:15:16.527+0000] {dagbag.py:588} INFO - Filling up the DagBag from /home/ubuntu/airflow-venv/lib/python3.12/site-packages/airflow/example_dags/tutorial.py
[2026-02-25T13:15:16.533+0000] {processor.py:925} INFO - DAG(s) 'tutorial' retrieved from /home/ubuntu/airflow-venv/lib/python3.12/site-packages/airflow/example_dags/tutorial.py
[2026-02-25T13:15:16.547+0000] {logging_mixin.py:190} INFO - [2026-02-25T13:15:16.547+0000] {dag.py:3239} INFO - Sync 1 DAGs
[2026-02-25T13:15:16.560+0000] {logging_mixin.py:190} INFO - [2026-02-25T13:15:16.560+0000] {dag.py:4180} INFO - Setting next_dagrun for tutorial to 2026-02-24 00:00:00+00:00, run_after=2026-02-25 00:00:00+00:00
[2026-02-25T13:15:16.576+0000] {processor.py:208} INFO - Processing /home/ubuntu/airflow-venv/lib/python3.12/site-packages/airflow/example_dags/tutorial.py took 0.055 seconds
[2026-02-25T13:16:12.691+0000] {processor.py:186} INFO - Started process (PID=3106) to work on /home/ubuntu/airflow-venv/lib/python3.12/site-packages/airflow/example_dags/tutorial.py
[2026-02-25T13:16:12.692+0000] {processor.py:914} INFO - Processing file /home/ubuntu/airflow-venv/lib/python3.12/site-packages/airflow/example_dags/tutorial.py for tasks to queue
[2026-02-25T13:16:12.694+0000] {logging_mixin.py:190} INFO - [2026-02-25T13:16:12.693+0000] {dagbag.py:588} INFO - Filling up the DagBag from /home/ubuntu/airflow-venv/lib/python3.12/site-packages/airflow/example_dags/tutorial.py
[2026-02-25T13:16:12.699+0000] {processor.py:925} INFO - DAG(s) 'tutorial' retrieved from /home/ubuntu/airflow-venv/lib/python3.12/site-packages/airflow/example_dags/tutorial.py
[2026-02-25T13:16:12.709+0000] {logging_mixin.py:190} INFO - [2026-02-25T13:16:12.709+0000] {dag.py:3239} INFO - Sync 1 DAGs
[2026-02-25T13:16:12.722+0000] {logging_mixin.py:190} INFO - [2026-02-25T13:16:12.722+0000] {dag.py:4180} INFO - Setting next_dagrun for tutorial to 2026-02-24 00:00:00+00:00, run_after=2026-02-25 00:00:00+00:00
[2026-02-25T13:16:12.739+0000] {processor.py:208} INFO - Processing /home/ubuntu/airflow-venv/lib/python3.12/site-packages/airflow/example_dags/tutorial.py took 0.051 seconds
[2026-02-25T13:17:04.610+0000] {processor.py:186} INFO - Started process (PID=3166) to work on /home/ubuntu/airflow-venv/lib/python3.12/site-packages/airflow/example_dags/tutorial.py
[2026-02-25T13:17:04.612+0000] {processor.py:914} INFO - Processing file /home/ubuntu/airflow-venv/lib/python3.12/site-packages/airflow/example_dags/tutorial.py for tasks to queue
[2026-02-25T13:17:04.613+0000] {logging_mixin.py:190} INFO - [2026-02-25T13:17:04.613+0000] {dagbag.py:588} INFO - Filling up the DagBag from /home/ubuntu/airflow-venv/lib/python3.12/site-packages/airflow/example_dags/tutorial.py
[2026-02-25T13:17:04.619+0000] {processor.py:925} INFO - DAG(s) 'tutorial' retrieved from /home/ubuntu/airflow-venv/lib/python3.12/site-packages/airflow/example_dags/tutorial.py
[2026-02-25T13:17:04.629+0000] {logging_mixin.py:190} INFO - [2026-02-25T13:17:04.629+0000] {dag.py:3239} INFO - Sync 1 DAGs
[2026-02-25T13:17:04.642+0000] {logging_mixin.py:190} INFO - [2026-02-25T13:17:04.642+0000] {dag.py:4180} INFO - Setting next_dagrun for tutorial to 2026-02-24 00:00:00+00:00, run_after=2026-02-25 00:00:00+00:00
[2026-02-25T13:17:04.660+0000] {processor.py:208} INFO - Processing /home/ubuntu/airflow-venv/lib/python3.12/site-packages/airflow/example_dags/tutorial.py took 0.053 seconds
[2026-02-25T13:17:53.699+0000] {processor.py:186} INFO - Started process (PID=3218) to work on /home/ubuntu/airflow-venv/lib/python3.12/site-packages/airflow/example_dags/tutorial.py
[2026-02-25T13:17:53.700+0000] {processor.py:914} INFO - Processing file /home/ubuntu/airflow-venv/lib/python3.12/site-packages/airflow/example_dags/tutorial.py for tasks to queue
[2026-02-25T13:17:53.702+0000] {logging_mixin.py:190} INFO - [2026-02-25T13:17:53.702+0000] {dagbag.py:588} INFO - Filling up the DagBag from /home/ubuntu/airflow-venv/lib/python3.12/site-packages/airflow/example_dags/tutorial.py
[2026-02-25T13:17:53.707+0000] {processor.py:925} INFO - DAG(s) 'tutorial' retrieved from /home/ubuntu/airflow-venv/lib/python3.12/site-packages/airflow/example_dags/tutorial.py
[2026-02-25T13:17:53.718+0000] {logging_mixin.py:190} INFO - [2026-02-25T13:17:53.718+0000] {dag.py:3239} INFO - Sync 1 DAGs
[2026-02-25T13:17:53.731+0000] {logging_mixin.py:190} INFO - [2026-02-25T13:17:53.731+0000] {dag.py:4180} INFO - Setting next_dagrun for tutorial to 2026-02-24 00:00:00+00:00, run_after=2026-02-25 00:00:00+00:00
[2026-02-25T13:17:53.749+0000] {processor.py:208} INFO - Processing /home/ubuntu/airflow-venv/lib/python3.12/site-packages/airflow/example_dags/tutorial.py took 0.053 seconds
[2026-02-25T13:18:45.630+0000] {processor.py:186} INFO - Started process (PID=3274) to work on /home/ubuntu/airflow-venv/lib/python3.12/site-packages/airflow/example_dags/tutorial.py
[2026-02-25T13:18:45.631+0000] {processor.py:914} INFO - Processing file /home/ubuntu/airflow-venv/lib/python3.12/site-packages/airflow/example_dags/tutorial.py for tasks to queue
[2026-02-25T13:18:45.632+0000] {logging_mixin.py:190} INFO - [2026-02-25T13:18:45.632+0000] {dagbag.py:588} INFO - Filling up the DagBag from /home/ubuntu/airflow-venv/lib/python3.12/site-packages/airflow/example_dags/tutorial.py
[2026-02-25T13:18:45.638+0000] {processor.py:925} INFO - DAG(s) 'tutorial' retrieved from /home/ubuntu/airflow-venv/lib/python3.12/site-packages/airflow/example_dags/tutorial.py
[2026-02-25T13:18:45.648+0000] {logging_mixin.py:190} INFO - [2026-02-25T13:18:45.648+0000] {dag.py:3239} INFO - Sync 1 DAGs
[2026-02-25T13:18:45.661+0000] {logging_mixin.py:190} INFO - [2026-02-25T13:18:45.661+0000] {dag.py:4180} INFO - Setting next_dagrun for tutorial to 2026-02-24 00:00:00+00:00, run_after=2026-02-25 00:00:00+00:00
[2026-02-25T13:18:45.678+0000] {processor.py:208} INFO - Processing /home/ubuntu/airflow-venv/lib/python3.12/site-packages/airflow/example_dags/tutorial.py took 0.052 seconds
[2026-02-25T13:19:36.875+0000] {processor.py:186} INFO - Started process (PID=3344) to work on /home/ubuntu/airflow-venv/lib/python3.12/site-packages/airflow/example_dags/tutorial.py
[2026-02-25T13:19:36.876+0000] {processor.py:914} INFO - Processing file /home/ubuntu/airflow-venv/lib/python3.12/site-packages/airflow/example_dags/tutorial.py for tasks to queue
[2026-02-25T13:19:36.877+0000] {logging_mixin.py:190} INFO - [2026-02-25T13:19:36.877+0000] {dagbag.py:588} INFO - Filling up the DagBag from /home/ubuntu/airflow-venv/lib/python3.12/site-packages/airflow/example_dags/tutorial.py
[2026-02-25T13:19:36.882+0000] {processor.py:925} INFO - DAG(s) 'tutorial' retrieved from /home/ubuntu/airflow-venv/lib/python3.12/site-packages/airflow/example_dags/tutorial.py
[2026-02-25T13:19:36.893+0000] {logging_mixin.py:190} INFO - [2026-02-25T13:19:36.893+0000] {dag.py:3239} INFO - Sync 1 DAGs
[2026-02-25T13:19:36.906+0000] {logging_mixin.py:190} INFO - [2026-02-25T13:19:36.906+0000] {dag.py:4180} INFO - Setting next_dagrun for tutorial to 2026-02-24 00:00:00+00:00, run_after=2026-02-25 00:00:00+00:00
[2026-02-25T13:19:36.923+0000] {processor.py:208} INFO - Processing /home/ubuntu/airflow-venv/lib/python3.12/site-packages/airflow/example_dags/tutorial.py took 0.052 seconds
[2026-02-25T13:20:28.535+0000] {processor.py:186} INFO - Started process (PID=3400) to work on /home/ubuntu/airflow-venv/lib/python3.12/site-packages/airflow/example_dags/tutorial.py
[2026-02-25T13:20:28.537+0000] {processor.py:914} INFO - Processing file /home/ubuntu/airflow-venv/lib/python3.12/site-packages/airflow/example_dags/tutorial.py for tasks to queue
[2026-02-25T13:20:28.538+0000] {logging_mixin.py:190} INFO - [2026-02-25T13:20:28.538+0000] {dagbag.py:588} INFO - Filling up the DagBag from /home/ubuntu/airflow-venv/lib/python3.12/site-packages/airflow/example_dags/tutorial.py
[2026-02-25T13:20:28.543+0000] {processor.py:925} INFO - DAG(s) 'tutorial' retrieved from /home/ubuntu/airflow-venv/lib/python3.12/site-packages/airflow/example_dags/tutorial.py
[2026-02-25T13:20:28.554+0000] {logging_mixin.py:190} INFO - [2026-02-25T13:20:28.554+0000] {dag.py:3239} INFO - Sync 1 DAGs
[2026-02-25T13:20:28.662+0000] {logging_mixin.py:190} INFO - [2026-02-25T13:20:28.662+0000] {dag.py:4180} INFO - Setting next_dagrun for tutorial to 2026-02-24 00:00:00+00:00, run_after=2026-02-25 00:00:00+00:00
[2026-02-25T13:20:28.678+0000] {processor.py:208} INFO - Processing /home/ubuntu/airflow-venv/lib/python3.12/site-packages/airflow/example_dags/tutorial.py took 0.147 seconds
[2026-02-25T13:21:24.655+0000] {processor.py:186} INFO - Started process (PID=3455) to work on /home/ubuntu/airflow-venv/lib/python3.12/site-packages/airflow/example_dags/tutorial.py
[2026-02-25T13:21:24.656+0000] {processor.py:914} INFO - Processing file /home/ubuntu/airflow-venv/lib/python3.12/site-packages/airflow/example_dags/tutorial.py for tasks to queue
[2026-02-25T13:21:24.658+0000] {logging_mixin.py:190} INFO - [2026-02-25T13:21:24.657+0000] {dagbag.py:588} INFO - Filling up the DagBag from /home/ubuntu/airflow-venv/lib/python3.12/site-packages/airflow/example_dags/tutorial.py
[2026-02-25T13:21:24.663+0000] {processor.py:925} INFO - DAG(s) 'tutorial' retrieved from /home/ubuntu/airflow-venv/lib/python3.12/site-packages/airflow/example_dags/tutorial.py
[2026-02-25T13:21:24.673+0000] {logging_mixin.py:190} INFO - [2026-02-25T13:21:24.673+0000] {dag.py:3239} INFO - Sync 1 DAGs
[2026-02-25T13:21:24.686+0000] {logging_mixin.py:190} INFO - [2026-02-25T13:21:24.686+0000] {dag.py:4180} INFO - Setting next_dagrun for tutorial to 2026-02-24 00:00:00+00:00, run_after=2026-02-25 00:00:00+00:00
[2026-02-25T13:21:24.703+0000] {processor.py:208} INFO - Processing /home/ubuntu/airflow-venv/lib/python3.12/site-packages/airflow/example_dags/tutorial.py took 0.052 seconds
[2026-02-25T13:22:18.723+0000] {processor.py:186} INFO - Started process (PID=3512) to work on /home/ubuntu/airflow-venv/lib/python3.12/site-packages/airflow/example_dags/tutorial.py
[2026-02-25T13:22:18.724+0000] {processor.py:914} INFO - Processing file /home/ubuntu/airflow-venv/lib/python3.12/site-packages/airflow/example_dags/tutorial.py for tasks to queue
[2026-02-25T13:22:18.725+0000] {logging_mixin.py:190} INFO - [2026-02-25T13:22:18.725+0000] {dagbag.py:588} INFO - Filling up the DagBag from /home/ubuntu/airflow-venv/lib/python3.12/site-packages/airflow/example_dags/tutorial.py
[2026-02-25T13:22:18.731+0000] {processor.py:925} INFO - DAG(s) 'tutorial' retrieved from /home/ubuntu/airflow-venv/lib/python3.12/site-packages/airflow/example_dags/tutorial.py
[2026-02-25T13:22:18.742+0000] {logging_mixin.py:190} INFO - [2026-02-25T13:22:18.742+0000] {dag.py:3239} INFO - Sync 1 DAGs
[2026-02-25T13:22:18.755+0000] {logging_mixin.py:190} INFO - [2026-02-25T13:22:18.755+0000] {dag.py:4180} INFO - Setting next_dagrun for tutorial to 2026-02-24 00:00:00+00:00, run_after=2026-02-25 00:00:00+00:00
[2026-02-25T13:22:18.773+0000] {processor.py:208} INFO - Processing /home/ubuntu/airflow-venv/lib/python3.12/site-packages/airflow/example_dags/tutorial.py took 0.054 seconds
[2026-02-25T13:23:10.074+0000] {processor.py:186} INFO - Started process (PID=3605) to work on /home/ubuntu/airflow-venv/lib/python3.12/site-packages/airflow/example_dags/tutorial.py
[2026-02-25T13:23:10.076+0000] {processor.py:914} INFO - Processing file /home/ubuntu/airflow-venv/lib/python3.12/site-packages/airflow/example_dags/tutorial.py for tasks to queue
[2026-02-25T13:23:10.077+0000] {logging_mixin.py:190} INFO - [2026-02-25T13:23:10.077+0000] {dagbag.py:588} INFO - Filling up the DagBag from /home/ubuntu/airflow-venv/lib/python3.12/site-packages/airflow/example_dags/tutorial.py
[2026-02-25T13:23:10.083+0000] {processor.py:925} INFO - DAG(s) 'tutorial' retrieved from /home/ubuntu/airflow-venv/lib/python3.12/site-packages/airflow/example_dags/tutorial.py
[2026-02-25T13:23:10.093+0000] {logging_mixin.py:190} INFO - [2026-02-25T13:23:10.093+0000] {dag.py:3239} INFO - Sync 1 DAGs
[2026-02-25T13:23:10.107+0000] {logging_mixin.py:190} INFO - [2026-02-25T13:23:10.107+0000] {dag.py:4180} INFO - Setting next_dagrun for tutorial to 2026-02-24 00:00:00+00:00, run_after=2026-02-25 00:00:00+00:00
[2026-02-25T13:23:10.125+0000] {processor.py:208} INFO - Processing /home/ubuntu/airflow-venv/lib/python3.12/site-packages/airflow/example_dags/tutorial.py took 0.055 seconds
[2026-02-25T13:25:19.315+0000] {processor.py:186} INFO - Started process (PID=3669) to work on /home/ubuntu/airflow-venv/lib/python3.12/site-packages/airflow/example_dags/tutorial.py
[2026-02-25T13:25:19.316+0000] {processor.py:914} INFO - Processing file /home/ubuntu/airflow-venv/lib/python3.12/site-packages/airflow/example_dags/tutorial.py for tasks to queue
[2026-02-25T13:25:19.317+0000] {logging_mixin.py:190} INFO - [2026-02-25T13:25:19.317+0000] {dagbag.py:588} INFO - Filling up the DagBag from /home/ubuntu/airflow-venv/lib/python3.12/site-packages/airflow/example_dags/tutorial.py
[2026-02-25T13:25:19.323+0000] {processor.py:925} INFO - DAG(s) 'tutorial' retrieved from /home/ubuntu/airflow-venv/lib/python3.12/site-packages/airflow/example_dags/tutorial.py
[2026-02-25T13:25:19.338+0000] {logging_mixin.py:190} INFO - [2026-02-25T13:25:19.337+0000] {dag.py:3239} INFO - Sync 1 DAGs
[2026-02-25T13:25:19.351+0000] {logging_mixin.py:190} INFO - [2026-02-25T13:25:19.351+0000] {dag.py:4180} INFO - Setting next_dagrun for tutorial to 2026-02-24 00:00:00+00:00, run_after=2026-02-25 00:00:00+00:00
[2026-02-25T13:25:19.369+0000] {processor.py:208} INFO - Processing /home/ubuntu/airflow-venv/lib/python3.12/site-packages/airflow/example_dags/tutorial.py took 0.058 seconds
[2026-02-25T13:35:36.292+0000] {processor.py:186} INFO - Started process (PID=1682) to work on /home/ubuntu/airflow-venv/lib/python3.12/site-packages/airflow/example_dags/tutorial.py
[2026-02-25T13:35:36.294+0000] {processor.py:914} INFO - Processing file /home/ubuntu/airflow-venv/lib/python3.12/site-packages/airflow/example_dags/tutorial.py for tasks to queue
[2026-02-25T13:35:36.295+0000] {logging_mixin.py:190} INFO - [2026-02-25T13:35:36.295+0000] {dagbag.py:588} INFO - Filling up the DagBag from /home/ubuntu/airflow-venv/lib/python3.12/site-packages/airflow/example_dags/tutorial.py
[2026-02-25T13:35:36.301+0000] {processor.py:925} INFO - DAG(s) 'tutorial' retrieved from /home/ubuntu/airflow-venv/lib/python3.12/site-packages/airflow/example_dags/tutorial.py
[2026-02-25T13:35:36.314+0000] {logging_mixin.py:190} INFO - [2026-02-25T13:35:36.314+0000] {dag.py:3239} INFO - Sync 1 DAGs
[2026-02-25T13:35:36.329+0000] {logging_mixin.py:190} INFO - [2026-02-25T13:35:36.329+0000] {dag.py:4180} INFO - Setting next_dagrun for tutorial to 2026-02-24 00:00:00+00:00, run_after=2026-02-25 00:00:00+00:00
[2026-02-25T13:35:36.346+0000] {processor.py:208} INFO - Processing /home/ubuntu/airflow-venv/lib/python3.12/site-packages/airflow/example_dags/tutorial.py took 0.057 seconds
[2026-02-25T13:36:28.952+0000] {processor.py:186} INFO - Started process (PID=2122) to work on /home/ubuntu/airflow-venv/lib/python3.12/site-packages/airflow/example_dags/tutorial.py
[2026-02-25T13:36:28.954+0000] {processor.py:914} INFO - Processing file /home/ubuntu/airflow-venv/lib/python3.12/site-packages/airflow/example_dags/tutorial.py for tasks to queue
[2026-02-25T13:36:28.955+0000] {logging_mixin.py:190} INFO - [2026-02-25T13:36:28.955+0000] {dagbag.py:588} INFO - Filling up the DagBag from /home/ubuntu/airflow-venv/lib/python3.12/site-packages/airflow/example_dags/tutorial.py
[2026-02-25T13:36:28.960+0000] {processor.py:925} INFO - DAG(s) 'tutorial' retrieved from /home/ubuntu/airflow-venv/lib/python3.12/site-packages/airflow/example_dags/tutorial.py
[2026-02-25T13:36:28.969+0000] {logging_mixin.py:190} INFO - [2026-02-25T13:36:28.969+0000] {dag.py:3239} INFO - Sync 1 DAGs
[2026-02-25T13:36:28.981+0000] {logging_mixin.py:190} INFO - [2026-02-25T13:36:28.980+0000] {dag.py:4180} INFO - Setting next_dagrun for tutorial to 2026-02-24 00:00:00+00:00, run_after=2026-02-25 00:00:00+00:00
[2026-02-25T13:36:28.995+0000] {processor.py:208} INFO - Processing /home/ubuntu/airflow-venv/lib/python3.12/site-packages/airflow/example_dags/tutorial.py took 0.047 seconds
[2026-02-25T13:37:18.689+0000] {processor.py:186} INFO - Started process (PID=2552) to work on /home/ubuntu/airflow-venv/lib/python3.12/site-packages/airflow/example_dags/tutorial.py
[2026-02-25T13:37:18.690+0000] {processor.py:914} INFO - Processing file /home/ubuntu/airflow-venv/lib/python3.12/site-packages/airflow/example_dags/tutorial.py for tasks to queue
[2026-02-25T13:37:18.691+0000] {logging_mixin.py:190} INFO - [2026-02-25T13:37:18.691+0000] {dagbag.py:588} INFO - Filling up the DagBag from /home/ubuntu/airflow-venv/lib/python3.12/site-packages/airflow/example_dags/tutorial.py
[2026-02-25T13:37:18.696+0000] {processor.py:925} INFO - DAG(s) 'tutorial' retrieved from /home/ubuntu/airflow-venv/lib/python3.12/site-packages/airflow/example_dags/tutorial.py
[2026-02-25T13:37:18.706+0000] {logging_mixin.py:190} INFO - [2026-02-25T13:37:18.705+0000] {dag.py:3239} INFO - Sync 1 DAGs
[2026-02-25T13:37:18.717+0000] {logging_mixin.py:190} INFO - [2026-02-25T13:37:18.717+0000] {dag.py:4180} INFO - Setting next_dagrun for tutorial to 2026-02-24 00:00:00+00:00, run_after=2026-02-25 00:00:00+00:00
[2026-02-25T13:37:18.732+0000] {processor.py:208} INFO - Processing /home/ubuntu/airflow-venv/lib/python3.12/site-packages/airflow/example_dags/tutorial.py took 0.047 seconds
[2026-02-25T13:38:08.209+0000] {processor.py:186} INFO - Started process (PID=2609) to work on /home/ubuntu/airflow-venv/lib/python3.12/site-packages/airflow/example_dags/tutorial.py
[2026-02-25T13:38:08.211+0000] {processor.py:914} INFO - Processing file /home/ubuntu/airflow-venv/lib/python3.12/site-packages/airflow/example_dags/tutorial.py for tasks to queue
[2026-02-25T13:38:08.212+0000] {logging_mixin.py:190} INFO - [2026-02-25T13:38:08.212+0000] {dagbag.py:588} INFO - Filling up the DagBag from /home/ubuntu/airflow-venv/lib/python3.12/site-packages/airflow/example_dags/tutorial.py
[2026-02-25T13:38:08.217+0000] {processor.py:925} INFO - DAG(s) 'tutorial' retrieved from /home/ubuntu/airflow-venv/lib/python3.12/site-packages/airflow/example_dags/tutorial.py
[2026-02-25T13:38:08.226+0000] {logging_mixin.py:190} INFO - [2026-02-25T13:38:08.226+0000] {dag.py:3239} INFO - Sync 1 DAGs
[2026-02-25T13:38:08.237+0000] {logging_mixin.py:190} INFO - [2026-02-25T13:38:08.237+0000] {dag.py:4180} INFO - Setting next_dagrun for tutorial to 2026-02-24 00:00:00+00:00, run_after=2026-02-25 00:00:00+00:00
[2026-02-25T13:38:08.254+0000] {processor.py:208} INFO - Processing /home/ubuntu/airflow-venv/lib/python3.12/site-packages/airflow/example_dags/tutorial.py took 0.048 seconds
[2026-02-25T13:39:01.091+0000] {processor.py:186} INFO - Started process (PID=2664) to work on /home/ubuntu/airflow-venv/lib/python3.12/site-packages/airflow/example_dags/tutorial.py
[2026-02-25T13:39:01.092+0000] {processor.py:914} INFO - Processing file /home/ubuntu/airflow-venv/lib/python3.12/site-packages/airflow/example_dags/tutorial.py for tasks to queue
[2026-02-25T13:39:01.093+0000] {logging_mixin.py:190} INFO - [2026-02-25T13:39:01.093+0000] {dagbag.py:588} INFO - Filling up the DagBag from /home/ubuntu/airflow-venv/lib/python3.12/site-packages/airflow/example_dags/tutorial.py
[2026-02-25T13:39:01.098+0000] {processor.py:925} INFO - DAG(s) 'tutorial' retrieved from /home/ubuntu/airflow-venv/lib/python3.12/site-packages/airflow/example_dags/tutorial.py
[2026-02-25T13:39:01.108+0000] {logging_mixin.py:190} INFO - [2026-02-25T13:39:01.107+0000] {dag.py:3239} INFO - Sync 1 DAGs
[2026-02-25T13:39:01.119+0000] {logging_mixin.py:190} INFO - [2026-02-25T13:39:01.119+0000] {dag.py:4180} INFO - Setting next_dagrun for tutorial to 2026-02-24 00:00:00+00:00, run_after=2026-02-25 00:00:00+00:00
[2026-02-25T13:39:01.135+0000] {processor.py:208} INFO - Processing /home/ubuntu/airflow-venv/lib/python3.12/site-packages/airflow/example_dags/tutorial.py took 0.048 seconds
[2026-02-25T13:39:52.863+0000] {processor.py:186} INFO - Started process (PID=2727) to work on /home/ubuntu/airflow-venv/lib/python3.12/site-packages/airflow/example_dags/tutorial.py
[2026-02-25T13:39:52.864+0000] {processor.py:914} INFO - Processing file /home/ubuntu/airflow-venv/lib/python3.12/site-packages/airflow/example_dags/tutorial.py for tasks to queue
[2026-02-25T13:39:52.865+0000] {logging_mixin.py:190} INFO - [2026-02-25T13:39:52.865+0000] {dagbag.py:588} INFO - Filling up the DagBag from /home/ubuntu/airflow-venv/lib/python3.12/site-packages/airflow/example_dags/tutorial.py
[2026-02-25T13:39:52.870+0000] {processor.py:925} INFO - DAG(s) 'tutorial' retrieved from /home/ubuntu/airflow-venv/lib/python3.12/site-packages/airflow/example_dags/tutorial.py
[2026-02-25T13:39:52.880+0000] {logging_mixin.py:190} INFO - [2026-02-25T13:39:52.879+0000] {dag.py:3239} INFO - Sync 1 DAGs
[2026-02-25T13:39:52.891+0000] {logging_mixin.py:190} INFO - [2026-02-25T13:39:52.891+0000] {dag.py:4180} INFO - Setting next_dagrun for tutorial to 2026-02-24 00:00:00+00:00, run_after=2026-02-25 00:00:00+00:00
[2026-02-25T13:39:52.907+0000] {processor.py:208} INFO - Processing /home/ubuntu/airflow-venv/lib/python3.12/site-packages/airflow/example_dags/tutorial.py took 0.048 seconds
[2026-02-25T13:40:41.231+0000] {processor.py:186} INFO - Started process (PID=2781) to work on /home/ubuntu/airflow-venv/lib/python3.12/site-packages/airflow/example_dags/tutorial.py
[2026-02-25T13:40:41.233+0000] {processor.py:914} INFO - Processing file /home/ubuntu/airflow-venv/lib/python3.12/site-packages/airflow/example_dags/tutorial.py for tasks to queue
[2026-02-25T13:40:41.234+0000] {logging_mixin.py:190} INFO - [2026-02-25T13:40:41.234+0000] {dagbag.py:588} INFO - Filling up the DagBag from /home/ubuntu/airflow-venv/lib/python3.12/site-packages/airflow/example_dags/tutorial.py
[2026-02-25T13:40:41.239+0000] {processor.py:925} INFO - DAG(s) 'tutorial' retrieved from /home/ubuntu/airflow-venv/lib/python3.12/site-packages/airflow/example_dags/tutorial.py
[2026-02-25T13:40:41.249+0000] {logging_mixin.py:190} INFO - [2026-02-25T13:40:41.248+0000] {dag.py:3239} INFO - Sync 1 DAGs
[2026-02-25T13:40:41.260+0000] {logging_mixin.py:190} INFO - [2026-02-25T13:40:41.260+0000] {dag.py:4180} INFO - Setting next_dagrun for tutorial to 2026-02-24 00:00:00+00:00, run_after=2026-02-25 00:00:00+00:00
[2026-02-25T13:40:41.277+0000] {processor.py:208} INFO - Processing /home/ubuntu/airflow-venv/lib/python3.12/site-packages/airflow/example_dags/tutorial.py took 0.050 seconds
[2026-02-25T13:41:29.191+0000] {processor.py:186} INFO - Started process (PID=2833) to work on /home/ubuntu/airflow-venv/lib/python3.12/site-packages/airflow/example_dags/tutorial.py
[2026-02-25T13:41:29.193+0000] {processor.py:914} INFO - Processing file /home/ubuntu/airflow-venv/lib/python3.12/site-packages/airflow/example_dags/tutorial.py for tasks to queue
[2026-02-25T13:41:29.194+0000] {logging_mixin.py:190} INFO - [2026-02-25T13:41:29.194+0000] {dagbag.py:588} INFO - Filling up the DagBag from /home/ubuntu/airflow-venv/lib/python3.12/site-packages/airflow/example_dags/tutorial.py
[2026-02-25T13:41:29.199+0000] {processor.py:925} INFO - DAG(s) 'tutorial' retrieved from /home/ubuntu/airflow-venv/lib/python3.12/site-packages/airflow/example_dags/tutorial.py
[2026-02-25T13:41:29.287+0000] {logging_mixin.py:190} INFO - [2026-02-25T13:41:29.287+0000] {dag.py:3239} INFO - Sync 1 DAGs
[2026-02-25T13:41:29.297+0000] {logging_mixin.py:190} INFO - [2026-02-25T13:41:29.296+0000] {dag.py:4180} INFO - Setting next_dagrun for tutorial to 2026-02-24 00:00:00+00:00, run_after=2026-02-25 00:00:00+00:00
[2026-02-25T13:41:29.312+0000] {processor.py:208} INFO - Processing /home/ubuntu/airflow-venv/lib/python3.12/site-packages/airflow/example_dags/tutorial.py took 0.124 seconds
[2026-02-25T13:42:23.875+0000] {processor.py:186} INFO - Started process (PID=2889) to work on /home/ubuntu/airflow-venv/lib/python3.12/site-packages/airflow/example_dags/tutorial.py
[2026-02-25T13:42:23.877+0000] {processor.py:914} INFO - Processing file /home/ubuntu/airflow-venv/lib/python3.12/site-packages/airflow/example_dags/tutorial.py for tasks to queue
[2026-02-25T13:42:23.878+0000] {logging_mixin.py:190} INFO - [2026-02-25T13:42:23.878+0000] {dagbag.py:588} INFO - Filling up the DagBag from /home/ubuntu/airflow-venv/lib/python3.12/site-packages/airflow/example_dags/tutorial.py
[2026-02-25T13:42:23.883+0000] {processor.py:925} INFO - DAG(s) 'tutorial' retrieved from /home/ubuntu/airflow-venv/lib/python3.12/site-packages/airflow/example_dags/tutorial.py
[2026-02-25T13:42:23.893+0000] {logging_mixin.py:190} INFO - [2026-02-25T13:42:23.893+0000] {dag.py:3239} INFO - Sync 1 DAGs
[2026-02-25T13:42:23.905+0000] {logging_mixin.py:190} INFO - [2026-02-25T13:42:23.904+0000] {dag.py:4180} INFO - Setting next_dagrun for tutorial to 2026-02-24 00:00:00+00:00, run_after=2026-02-25 00:00:00+00:00
[2026-02-25T13:42:23.921+0000] {processor.py:208} INFO - Processing /home/ubuntu/airflow-venv/lib/python3.12/site-packages/airflow/example_dags/tutorial.py took 0.049 seconds
[2026-02-25T13:43:17.471+0000] {processor.py:186} INFO - Started process (PID=2944) to work on /home/ubuntu/airflow-venv/lib/python3.12/site-packages/airflow/example_dags/tutorial.py
[2026-02-25T13:43:17.472+0000] {processor.py:914} INFO - Processing file /home/ubuntu/airflow-venv/lib/python3.12/site-packages/airflow/example_dags/tutorial.py for tasks to queue
[2026-02-25T13:43:17.474+0000] {logging_mixin.py:190} INFO - [2026-02-25T13:43:17.473+0000] {dagbag.py:588} INFO - Filling up the DagBag from /home/ubuntu/airflow-venv/lib/python3.12/site-packages/airflow/example_dags/tutorial.py
[2026-02-25T13:43:17.479+0000] {processor.py:925} INFO - DAG(s) 'tutorial' retrieved from /home/ubuntu/airflow-venv/lib/python3.12/site-packages/airflow/example_dags/tutorial.py
[2026-02-25T13:43:17.489+0000] {logging_mixin.py:190} INFO - [2026-02-25T13:43:17.488+0000] {dag.py:3239} INFO - Sync 1 DAGs
[2026-02-25T13:43:17.501+0000] {logging_mixin.py:190} INFO - [2026-02-25T13:43:17.500+0000] {dag.py:4180} INFO - Setting next_dagrun for tutorial to 2026-02-24 00:00:00+00:00, run_after=2026-02-25 00:00:00+00:00
[2026-02-25T13:43:17.518+0000] {processor.py:208} INFO - Processing /home/ubuntu/airflow-venv/lib/python3.12/site-packages/airflow/example_dags/tutorial.py took 0.051 seconds
[2026-02-25T13:44:08.785+0000] {processor.py:186} INFO - Started process (PID=2996) to work on /home/ubuntu/airflow-venv/lib/python3.12/site-packages/airflow/example_dags/tutorial.py
[2026-02-25T13:44:08.786+0000] {processor.py:914} INFO - Processing file /home/ubuntu/airflow-venv/lib/python3.12/site-packages/airflow/example_dags/tutorial.py for tasks to queue
[2026-02-25T13:44:08.787+0000] {logging_mixin.py:190} INFO - [2026-02-25T13:44:08.787+0000] {dagbag.py:588} INFO - Filling up the DagBag from /home/ubuntu/airflow-venv/lib/python3.12/site-packages/airflow/example_dags/tutorial.py
[2026-02-25T13:44:08.792+0000] {processor.py:925} INFO - DAG(s) 'tutorial' retrieved from /home/ubuntu/airflow-venv/lib/python3.12/site-packages/airflow/example_dags/tutorial.py
[2026-02-25T13:44:08.802+0000] {logging_mixin.py:190} INFO - [2026-02-25T13:44:08.802+0000] {dag.py:3239} INFO - Sync 1 DAGs
[2026-02-25T13:44:08.814+0000] {logging_mixin.py:190} INFO - [2026-02-25T13:44:08.814+0000] {dag.py:4180} INFO - Setting next_dagrun for tutorial to 2026-02-24 00:00:00+00:00, run_after=2026-02-25 00:00:00+00:00
[2026-02-25T13:44:08.830+0000] {processor.py:208} INFO - Processing /home/ubuntu/airflow-venv/lib/python3.12/site-packages/airflow/example_dags/tutorial.py took 0.049 seconds
[2026-02-25T13:45:01.912+0000] {processor.py:186} INFO - Started process (PID=3057) to work on /home/ubuntu/airflow-venv/lib/python3.12/site-packages/airflow/example_dags/tutorial.py
[2026-02-25T13:45:01.913+0000] {processor.py:914} INFO - Processing file /home/ubuntu/airflow-venv/lib/python3.12/site-packages/airflow/example_dags/tutorial.py for tasks to queue
[2026-02-25T13:45:01.915+0000] {logging_mixin.py:190} INFO - [2026-02-25T13:45:01.915+0000] {dagbag.py:588} INFO - Filling up the DagBag from /home/ubuntu/airflow-venv/lib/python3.12/site-packages/airflow/example_dags/tutorial.py
[2026-02-25T13:45:01.920+0000] {processor.py:925} INFO - DAG(s) 'tutorial' retrieved from /home/ubuntu/airflow-venv/lib/python3.12/site-packages/airflow/example_dags/tutorial.py
[2026-02-25T13:45:01.929+0000] {logging_mixin.py:190} INFO - [2026-02-25T13:45:01.929+0000] {dag.py:3239} INFO - Sync 1 DAGs
[2026-02-25T13:45:01.941+0000] {logging_mixin.py:190} INFO - [2026-02-25T13:45:01.941+0000] {dag.py:4180} INFO - Setting next_dagrun for tutorial to 2026-02-24 00:00:00+00:00, run_after=2026-02-25 00:00:00+00:00
[2026-02-25T13:45:01.957+0000] {processor.py:208} INFO - Processing /home/ubuntu/airflow-venv/lib/python3.12/site-packages/airflow/example_dags/tutorial.py took 0.049 seconds
[2026-02-25T13:45:51.403+0000] {processor.py:186} INFO - Started process (PID=3110) to work on /home/ubuntu/airflow-venv/lib/python3.12/site-packages/airflow/example_dags/tutorial.py
[2026-02-25T13:45:51.405+0000] {processor.py:914} INFO - Processing file /home/ubuntu/airflow-venv/lib/python3.12/site-packages/airflow/example_dags/tutorial.py for tasks to queue
[2026-02-25T13:45:51.406+0000] {logging_mixin.py:190} INFO - [2026-02-25T13:45:51.406+0000] {dagbag.py:588} INFO - Filling up the DagBag from /home/ubuntu/airflow-venv/lib/python3.12/site-packages/airflow/example_dags/tutorial.py
[2026-02-25T13:45:51.411+0000] {processor.py:925} INFO - DAG(s) 'tutorial' retrieved from /home/ubuntu/airflow-venv/lib/python3.12/site-packages/airflow/example_dags/tutorial.py
[2026-02-25T13:45:51.421+0000] {logging_mixin.py:190} INFO - [2026-02-25T13:45:51.421+0000] {dag.py:3239} INFO - Sync 1 DAGs
[2026-02-25T13:45:51.433+0000] {logging_mixin.py:190} INFO - [2026-02-25T13:45:51.433+0000] {dag.py:4180} INFO - Setting next_dagrun for tutorial to 2026-02-24 00:00:00+00:00, run_after=2026-02-25 00:00:00+00:00
[2026-02-25T13:45:51.449+0000] {processor.py:208} INFO - Processing /home/ubuntu/airflow-venv/lib/python3.12/site-packages/airflow/example_dags/tutorial.py took 0.049 seconds
[2026-02-25T13:46:40.460+0000] {processor.py:186} INFO - Started process (PID=3161) to work on /home/ubuntu/airflow-venv/lib/python3.12/site-packages/airflow/example_dags/tutorial.py
[2026-02-25T13:46:40.461+0000] {processor.py:914} INFO - Processing file /home/ubuntu/airflow-venv/lib/python3.12/site-packages/airflow/example_dags/tutorial.py for tasks to queue
[2026-02-25T13:46:40.463+0000] {logging_mixin.py:190} INFO - [2026-02-25T13:46:40.462+0000] {dagbag.py:588} INFO - Filling up the DagBag from /home/ubuntu/airflow-venv/lib/python3.12/site-packages/airflow/example_dags/tutorial.py
[2026-02-25T13:46:40.468+0000] {processor.py:925} INFO - DAG(s) 'tutorial' retrieved from /home/ubuntu/airflow-venv/lib/python3.12/site-packages/airflow/example_dags/tutorial.py
[2026-02-25T13:46:40.477+0000] {logging_mixin.py:190} INFO - [2026-02-25T13:46:40.477+0000] {dag.py:3239} INFO - Sync 1 DAGs
[2026-02-25T13:46:40.489+0000] {logging_mixin.py:190} INFO - [2026-02-25T13:46:40.489+0000] {dag.py:4180} INFO - Setting next_dagrun for tutorial to 2026-02-24 00:00:00+00:00, run_after=2026-02-25 00:00:00+00:00
[2026-02-25T13:46:40.505+0000] {processor.py:208} INFO - Processing /home/ubuntu/airflow-venv/lib/python3.12/site-packages/airflow/example_dags/tutorial.py took 0.048 seconds
[2026-02-25T13:47:27.716+0000] {processor.py:186} INFO - Started process (PID=3214) to work on /home/ubuntu/airflow-venv/lib/python3.12/site-packages/airflow/example_dags/tutorial.py
[2026-02-25T13:47:27.718+0000] {processor.py:914} INFO - Processing file /home/ubuntu/airflow-venv/lib/python3.12/site-packages/airflow/example_dags/tutorial.py for tasks to queue
[2026-02-25T13:47:27.719+0000] {logging_mixin.py:190} INFO - [2026-02-25T13:47:27.719+0000] {dagbag.py:588} INFO - Filling up the DagBag from /home/ubuntu/airflow-venv/lib/python3.12/site-packages/airflow/example_dags/tutorial.py
[2026-02-25T13:47:27.724+0000] {processor.py:925} INFO - DAG(s) 'tutorial' retrieved from /home/ubuntu/airflow-venv/lib/python3.12/site-packages/airflow/example_dags/tutorial.py
[2026-02-25T13:47:27.733+0000] {logging_mixin.py:190} INFO - [2026-02-25T13:47:27.733+0000] {dag.py:3239} INFO - Sync 1 DAGs
[2026-02-25T13:47:27.745+0000] {logging_mixin.py:190} INFO - [2026-02-25T13:47:27.745+0000] {dag.py:4180} INFO - Setting next_dagrun for tutorial to 2026-02-24 00:00:00+00:00, run_after=2026-02-25 00:00:00+00:00
[2026-02-25T13:47:27.761+0000] {processor.py:208} INFO - Processing /home/ubuntu/airflow-venv/lib/python3.12/site-packages/airflow/example_dags/tutorial.py took 0.049 seconds
[2026-02-25T13:48:17.515+0000] {processor.py:186} INFO - Started process (PID=3265) to work on /home/ubuntu/airflow-venv/lib/python3.12/site-packages/airflow/example_dags/tutorial.py
[2026-02-25T13:48:17.516+0000] {processor.py:914} INFO - Processing file /home/ubuntu/airflow-venv/lib/python3.12/site-packages/airflow/example_dags/tutorial.py for tasks to queue
[2026-02-25T13:48:17.517+0000] {logging_mixin.py:190} INFO - [2026-02-25T13:48:17.517+0000] {dagbag.py:588} INFO - Filling up the DagBag from /home/ubuntu/airflow-venv/lib/python3.12/site-packages/airflow/example_dags/tutorial.py
[2026-02-25T13:48:17.522+0000] {processor.py:925} INFO - DAG(s) 'tutorial' retrieved from /home/ubuntu/airflow-venv/lib/python3.12/site-packages/airflow/example_dags/tutorial.py
[2026-02-25T13:48:17.532+0000] {logging_mixin.py:190} INFO - [2026-02-25T13:48:17.531+0000] {dag.py:3239} INFO - Sync 1 DAGs
[2026-02-25T13:48:17.543+0000] {logging_mixin.py:190} INFO - [2026-02-25T13:48:17.543+0000] {dag.py:4180} INFO - Setting next_dagrun for tutorial to 2026-02-24 00:00:00+00:00, run_after=2026-02-25 00:00:00+00:00
[2026-02-25T13:48:17.560+0000] {processor.py:208} INFO - Processing /home/ubuntu/airflow-venv/lib/python3.12/site-packages/airflow/example_dags/tutorial.py took 0.049 seconds
[2026-02-25T13:49:12.789+0000] {processor.py:186} INFO - Started process (PID=3321) to work on /home/ubuntu/airflow-venv/lib/python3.12/site-packages/airflow/example_dags/tutorial.py
[2026-02-25T13:49:12.791+0000] {processor.py:914} INFO - Processing file /home/ubuntu/airflow-venv/lib/python3.12/site-packages/airflow/example_dags/tutorial.py for tasks to queue
[2026-02-25T13:49:12.792+0000] {logging_mixin.py:190} INFO - [2026-02-25T13:49:12.792+0000] {dagbag.py:588} INFO - Filling up the DagBag from /home/ubuntu/airflow-venv/lib/python3.12/site-packages/airflow/example_dags/tutorial.py
[2026-02-25T13:49:12.797+0000] {processor.py:925} INFO - DAG(s) 'tutorial' retrieved from /home/ubuntu/airflow-venv/lib/python3.12/site-packages/airflow/example_dags/tutorial.py
[2026-02-25T13:49:12.807+0000] {logging_mixin.py:190} INFO - [2026-02-25T13:49:12.806+0000] {dag.py:3239} INFO - Sync 1 DAGs
[2026-02-25T13:49:12.818+0000] {logging_mixin.py:190} INFO - [2026-02-25T13:49:12.818+0000] {dag.py:4180} INFO - Setting next_dagrun for tutorial to 2026-02-24 00:00:00+00:00, run_after=2026-02-25 00:00:00+00:00
[2026-02-25T13:49:12.833+0000] {processor.py:208} INFO - Processing /home/ubuntu/airflow-venv/lib/python3.12/site-packages/airflow/example_dags/tutorial.py took 0.048 seconds
[2026-02-25T13:50:01.846+0000] {processor.py:186} INFO - Started process (PID=3379) to work on /home/ubuntu/airflow-venv/lib/python3.12/site-packages/airflow/example_dags/tutorial.py
[2026-02-25T13:50:01.847+0000] {processor.py:914} INFO - Processing file /home/ubuntu/airflow-venv/lib/python3.12/site-packages/airflow/example_dags/tutorial.py for tasks to queue
[2026-02-25T13:50:01.849+0000] {logging_mixin.py:190} INFO - [2026-02-25T13:50:01.848+0000] {dagbag.py:588} INFO - Filling up the DagBag from /home/ubuntu/airflow-venv/lib/python3.12/site-packages/airflow/example_dags/tutorial.py
[2026-02-25T13:50:01.854+0000] {processor.py:925} INFO - DAG(s) 'tutorial' retrieved from /home/ubuntu/airflow-venv/lib/python3.12/site-packages/airflow/example_dags/tutorial.py
[2026-02-25T13:50:01.863+0000] {logging_mixin.py:190} INFO - [2026-02-25T13:50:01.863+0000] {dag.py:3239} INFO - Sync 1 DAGs
[2026-02-25T13:50:01.875+0000] {logging_mixin.py:190} INFO - [2026-02-25T13:50:01.875+0000] {dag.py:4180} INFO - Setting next_dagrun for tutorial to 2026-02-24 00:00:00+00:00, run_after=2026-02-25 00:00:00+00:00
[2026-02-25T13:50:01.891+0000] {processor.py:208} INFO - Processing /home/ubuntu/airflow-venv/lib/python3.12/site-packages/airflow/example_dags/tutorial.py took 0.049 seconds
[2026-02-25T13:50:50.919+0000] {processor.py:186} INFO - Started process (PID=3431) to work on /home/ubuntu/airflow-venv/lib/python3.12/site-packages/airflow/example_dags/tutorial.py
[2026-02-25T13:50:50.920+0000] {processor.py:914} INFO - Processing file /home/ubuntu/airflow-venv/lib/python3.12/site-packages/airflow/example_dags/tutorial.py for tasks to queue
[2026-02-25T13:50:50.921+0000] {logging_mixin.py:190} INFO - [2026-02-25T13:50:50.921+0000] {dagbag.py:588} INFO - Filling up the DagBag from /home/ubuntu/airflow-venv/lib/python3.12/site-packages/airflow/example_dags/tutorial.py
[2026-02-25T13:50:50.927+0000] {processor.py:925} INFO - DAG(s) 'tutorial' retrieved from /home/ubuntu/airflow-venv/lib/python3.12/site-packages/airflow/example_dags/tutorial.py
[2026-02-25T13:50:50.936+0000] {logging_mixin.py:190} INFO - [2026-02-25T13:50:50.936+0000] {dag.py:3239} INFO - Sync 1 DAGs
[2026-02-25T13:50:50.948+0000] {logging_mixin.py:190} INFO - [2026-02-25T13:50:50.948+0000] {dag.py:4180} INFO - Setting next_dagrun for tutorial to 2026-02-24 00:00:00+00:00, run_after=2026-02-25 00:00:00+00:00
[2026-02-25T13:50:50.964+0000] {processor.py:208} INFO - Processing /home/ubuntu/airflow-venv/lib/python3.12/site-packages/airflow/example_dags/tutorial.py took 0.049 seconds
[2026-02-25T13:51:43.434+0000] {processor.py:186} INFO - Started process (PID=3487) to work on /home/ubuntu/airflow-venv/lib/python3.12/site-packages/airflow/example_dags/tutorial.py
[2026-02-25T13:51:43.435+0000] {processor.py:914} INFO - Processing file /home/ubuntu/airflow-venv/lib/python3.12/site-packages/airflow/example_dags/tutorial.py for tasks to queue
[2026-02-25T13:51:43.437+0000] {logging_mixin.py:190} INFO - [2026-02-25T13:51:43.436+0000] {dagbag.py:588} INFO - Filling up the DagBag from /home/ubuntu/airflow-venv/lib/python3.12/site-packages/airflow/example_dags/tutorial.py
[2026-02-25T13:51:43.442+0000] {processor.py:925} INFO - DAG(s) 'tutorial' retrieved from /home/ubuntu/airflow-venv/lib/python3.12/site-packages/airflow/example_dags/tutorial.py
[2026-02-25T13:51:43.452+0000] {logging_mixin.py:190} INFO - [2026-02-25T13:51:43.452+0000] {dag.py:3239} INFO - Sync 1 DAGs
[2026-02-25T13:51:43.464+0000] {logging_mixin.py:190} INFO - [2026-02-25T13:51:43.464+0000] {dag.py:4180} INFO - Setting next_dagrun for tutorial to 2026-02-24 00:00:00+00:00, run_after=2026-02-25 00:00:00+00:00
[2026-02-25T13:51:43.480+0000] {processor.py:208} INFO - Processing /home/ubuntu/airflow-venv/lib/python3.12/site-packages/airflow/example_dags/tutorial.py took 0.050 seconds
[2026-02-25T13:52:33.466+0000] {processor.py:186} INFO - Started process (PID=3540) to work on /home/ubuntu/airflow-venv/lib/python3.12/site-packages/airflow/example_dags/tutorial.py
[2026-02-25T13:52:33.467+0000] {processor.py:914} INFO - Processing file /home/ubuntu/airflow-venv/lib/python3.12/site-packages/airflow/example_dags/tutorial.py for tasks to queue
[2026-02-25T13:52:33.468+0000] {logging_mixin.py:190} INFO - [2026-02-25T13:52:33.468+0000] {dagbag.py:588} INFO - Filling up the DagBag from /home/ubuntu/airflow-venv/lib/python3.12/site-packages/airflow/example_dags/tutorial.py
[2026-02-25T13:52:33.474+0000] {processor.py:925} INFO - DAG(s) 'tutorial' retrieved from /home/ubuntu/airflow-venv/lib/python3.12/site-packages/airflow/example_dags/tutorial.py
[2026-02-25T13:52:33.483+0000] {logging_mixin.py:190} INFO - [2026-02-25T13:52:33.483+0000] {dag.py:3239} INFO - Sync 1 DAGs
[2026-02-25T13:52:33.494+0000] {logging_mixin.py:190} INFO - [2026-02-25T13:52:33.494+0000] {dag.py:4180} INFO - Setting next_dagrun for tutorial to 2026-02-24 00:00:00+00:00, run_after=2026-02-25 00:00:00+00:00
[2026-02-25T13:52:33.510+0000] {processor.py:208} INFO - Processing /home/ubuntu/airflow-venv/lib/python3.12/site-packages/airflow/example_dags/tutorial.py took 0.048 seconds
[2026-02-25T13:53:21.108+0000] {processor.py:186} INFO - Started process (PID=3592) to work on /home/ubuntu/airflow-venv/lib/python3.12/site-packages/airflow/example_dags/tutorial.py
[2026-02-25T13:53:21.110+0000] {processor.py:914} INFO - Processing file /home/ubuntu/airflow-venv/lib/python3.12/site-packages/airflow/example_dags/tutorial.py for tasks to queue
[2026-02-25T13:53:21.111+0000] {logging_mixin.py:190} INFO - [2026-02-25T13:53:21.111+0000] {dagbag.py:588} INFO - Filling up the DagBag from /home/ubuntu/airflow-venv/lib/python3.12/site-packages/airflow/example_dags/tutorial.py
[2026-02-25T13:53:21.116+0000] {processor.py:925} INFO - DAG(s) 'tutorial' retrieved from /home/ubuntu/airflow-venv/lib/python3.12/site-packages/airflow/example_dags/tutorial.py
[2026-02-25T13:53:21.126+0000] {logging_mixin.py:190} INFO - [2026-02-25T13:53:21.126+0000] {dag.py:3239} INFO - Sync 1 DAGs
[2026-02-25T13:53:21.138+0000] {logging_mixin.py:190} INFO - [2026-02-25T13:53:21.138+0000] {dag.py:4180} INFO - Setting next_dagrun for tutorial to 2026-02-24 00:00:00+00:00, run_after=2026-02-25 00:00:00+00:00
[2026-02-25T13:53:21.154+0000] {processor.py:208} INFO - Processing /home/ubuntu/airflow-venv/lib/python3.12/site-packages/airflow/example_dags/tutorial.py took 0.049 seconds
[2026-02-25T13:54:12.312+0000] {processor.py:186} INFO - Started process (PID=3657) to work on /home/ubuntu/airflow-venv/lib/python3.12/site-packages/airflow/example_dags/tutorial.py
[2026-02-25T13:54:12.314+0000] {processor.py:914} INFO - Processing file /home/ubuntu/airflow-venv/lib/python3.12/site-packages/airflow/example_dags/tutorial.py for tasks to queue
[2026-02-25T13:54:12.315+0000] {logging_mixin.py:190} INFO - [2026-02-25T13:54:12.315+0000] {dagbag.py:588} INFO - Filling up the DagBag from /home/ubuntu/airflow-venv/lib/python3.12/site-packages/airflow/example_dags/tutorial.py
[2026-02-25T13:54:12.320+0000] {processor.py:925} INFO - DAG(s) 'tutorial' retrieved from /home/ubuntu/airflow-venv/lib/python3.12/site-packages/airflow/example_dags/tutorial.py
[2026-02-25T13:54:12.330+0000] {logging_mixin.py:190} INFO - [2026-02-25T13:54:12.330+0000] {dag.py:3239} INFO - Sync 1 DAGs
[2026-02-25T13:54:12.341+0000] {logging_mixin.py:190} INFO - [2026-02-25T13:54:12.341+0000] {dag.py:4180} INFO - Setting next_dagrun for tutorial to 2026-02-24 00:00:00+00:00, run_after=2026-02-25 00:00:00+00:00
[2026-02-25T13:54:12.357+0000] {processor.py:208} INFO - Processing /home/ubuntu/airflow-venv/lib/python3.12/site-packages/airflow/example_dags/tutorial.py took 0.049 seconds
[2026-02-25T13:55:02.958+0000] {processor.py:186} INFO - Started process (PID=3712) to work on /home/ubuntu/airflow-venv/lib/python3.12/site-packages/airflow/example_dags/tutorial.py
[2026-02-25T13:55:02.959+0000] {processor.py:914} INFO - Processing file /home/ubuntu/airflow-venv/lib/python3.12/site-packages/airflow/example_dags/tutorial.py for tasks to queue
[2026-02-25T13:55:02.960+0000] {logging_mixin.py:190} INFO - [2026-02-25T13:55:02.960+0000] {dagbag.py:588} INFO - Filling up the DagBag from /home/ubuntu/airflow-venv/lib/python3.12/site-packages/airflow/example_dags/tutorial.py
[2026-02-25T13:55:02.966+0000] {processor.py:925} INFO - DAG(s) 'tutorial' retrieved from /home/ubuntu/airflow-venv/lib/python3.12/site-packages/airflow/example_dags/tutorial.py
[2026-02-25T13:55:02.975+0000] {logging_mixin.py:190} INFO - [2026-02-25T13:55:02.975+0000] {dag.py:3239} INFO - Sync 1 DAGs
[2026-02-25T13:55:02.987+0000] {logging_mixin.py:190} INFO - [2026-02-25T13:55:02.987+0000] {dag.py:4180} INFO - Setting next_dagrun for tutorial to 2026-02-24 00:00:00+00:00, run_after=2026-02-25 00:00:00+00:00
[2026-02-25T13:55:03.003+0000] {processor.py:208} INFO - Processing /home/ubuntu/airflow-venv/lib/python3.12/site-packages/airflow/example_dags/tutorial.py took 0.048 seconds
[2026-02-25T14:08:30.635+0000] {processor.py:186} INFO - Started process (PID=2065) to work on /home/ubuntu/airflow-venv/lib/python3.12/site-packages/airflow/example_dags/tutorial.py
[2026-02-25T14:08:30.637+0000] {processor.py:914} INFO - Processing file /home/ubuntu/airflow-venv/lib/python3.12/site-packages/airflow/example_dags/tutorial.py for tasks to queue
[2026-02-25T14:08:30.638+0000] {logging_mixin.py:190} INFO - [2026-02-25T14:08:30.638+0000] {dagbag.py:588} INFO - Filling up the DagBag from /home/ubuntu/airflow-venv/lib/python3.12/site-packages/airflow/example_dags/tutorial.py
[2026-02-25T14:08:30.643+0000] {processor.py:925} INFO - DAG(s) 'tutorial' retrieved from /home/ubuntu/airflow-venv/lib/python3.12/site-packages/airflow/example_dags/tutorial.py
[2026-02-25T14:08:30.658+0000] {logging_mixin.py:190} INFO - [2026-02-25T14:08:30.658+0000] {dag.py:3239} INFO - Sync 1 DAGs
[2026-02-25T14:08:30.671+0000] {logging_mixin.py:190} INFO - [2026-02-25T14:08:30.671+0000] {dag.py:4180} INFO - Setting next_dagrun for tutorial to 2026-02-24 00:00:00+00:00, run_after=2026-02-25 00:00:00+00:00
[2026-02-25T14:08:30.688+0000] {processor.py:208} INFO - Processing /home/ubuntu/airflow-venv/lib/python3.12/site-packages/airflow/example_dags/tutorial.py took 0.057 seconds
[2026-02-25T14:09:25.008+0000] {processor.py:186} INFO - Started process (PID=2129) to work on /home/ubuntu/airflow-venv/lib/python3.12/site-packages/airflow/example_dags/tutorial.py
[2026-02-25T14:09:25.009+0000] {processor.py:914} INFO - Processing file /home/ubuntu/airflow-venv/lib/python3.12/site-packages/airflow/example_dags/tutorial.py for tasks to queue
[2026-02-25T14:09:25.010+0000] {logging_mixin.py:190} INFO - [2026-02-25T14:09:25.010+0000] {dagbag.py:588} INFO - Filling up the DagBag from /home/ubuntu/airflow-venv/lib/python3.12/site-packages/airflow/example_dags/tutorial.py
[2026-02-25T14:09:25.015+0000] {processor.py:925} INFO - DAG(s) 'tutorial' retrieved from /home/ubuntu/airflow-venv/lib/python3.12/site-packages/airflow/example_dags/tutorial.py
[2026-02-25T14:09:25.025+0000] {logging_mixin.py:190} INFO - [2026-02-25T14:09:25.025+0000] {dag.py:3239} INFO - Sync 1 DAGs
[2026-02-25T14:09:25.037+0000] {logging_mixin.py:190} INFO - [2026-02-25T14:09:25.037+0000] {dag.py:4180} INFO - Setting next_dagrun for tutorial to 2026-02-24 00:00:00+00:00, run_after=2026-02-25 00:00:00+00:00
[2026-02-25T14:09:25.055+0000] {processor.py:208} INFO - Processing /home/ubuntu/airflow-venv/lib/python3.12/site-packages/airflow/example_dags/tutorial.py took 0.050 seconds
[2026-02-25T14:10:15.211+0000] {processor.py:186} INFO - Started process (PID=2186) to work on /home/ubuntu/airflow-venv/lib/python3.12/site-packages/airflow/example_dags/tutorial.py
[2026-02-25T14:10:15.212+0000] {processor.py:914} INFO - Processing file /home/ubuntu/airflow-venv/lib/python3.12/site-packages/airflow/example_dags/tutorial.py for tasks to queue
[2026-02-25T14:10:15.213+0000] {logging_mixin.py:190} INFO - [2026-02-25T14:10:15.213+0000] {dagbag.py:588} INFO - Filling up the DagBag from /home/ubuntu/airflow-venv/lib/python3.12/site-packages/airflow/example_dags/tutorial.py
[2026-02-25T14:10:15.219+0000] {processor.py:925} INFO - DAG(s) 'tutorial' retrieved from /home/ubuntu/airflow-venv/lib/python3.12/site-packages/airflow/example_dags/tutorial.py
[2026-02-25T14:10:15.228+0000] {logging_mixin.py:190} INFO - [2026-02-25T14:10:15.228+0000] {dag.py:3239} INFO - Sync 1 DAGs
[2026-02-25T14:10:15.240+0000] {logging_mixin.py:190} INFO - [2026-02-25T14:10:15.240+0000] {dag.py:4180} INFO - Setting next_dagrun for tutorial to 2026-02-24 00:00:00+00:00, run_after=2026-02-25 00:00:00+00:00
[2026-02-25T14:10:15.258+0000] {processor.py:208} INFO - Processing /home/ubuntu/airflow-venv/lib/python3.12/site-packages/airflow/example_dags/tutorial.py took 0.050 seconds
[2026-02-25T14:11:04.182+0000] {processor.py:186} INFO - Started process (PID=2236) to work on /home/ubuntu/airflow-venv/lib/python3.12/site-packages/airflow/example_dags/tutorial.py
[2026-02-25T14:11:04.183+0000] {processor.py:914} INFO - Processing file /home/ubuntu/airflow-venv/lib/python3.12/site-packages/airflow/example_dags/tutorial.py for tasks to queue
[2026-02-25T14:11:04.184+0000] {logging_mixin.py:190} INFO - [2026-02-25T14:11:04.184+0000] {dagbag.py:588} INFO - Filling up the DagBag from /home/ubuntu/airflow-venv/lib/python3.12/site-packages/airflow/example_dags/tutorial.py
[2026-02-25T14:11:04.190+0000] {processor.py:925} INFO - DAG(s) 'tutorial' retrieved from /home/ubuntu/airflow-venv/lib/python3.12/site-packages/airflow/example_dags/tutorial.py
[2026-02-25T14:11:04.200+0000] {logging_mixin.py:190} INFO - [2026-02-25T14:11:04.199+0000] {dag.py:3239} INFO - Sync 1 DAGs
[2026-02-25T14:11:04.212+0000] {logging_mixin.py:190} INFO - [2026-02-25T14:11:04.212+0000] {dag.py:4180} INFO - Setting next_dagrun for tutorial to 2026-02-24 00:00:00+00:00, run_after=2026-02-25 00:00:00+00:00
[2026-02-25T14:11:04.229+0000] {processor.py:208} INFO - Processing /home/ubuntu/airflow-venv/lib/python3.12/site-packages/airflow/example_dags/tutorial.py took 0.051 seconds
[2026-02-25T14:11:54.737+0000] {processor.py:186} INFO - Started process (PID=2288) to work on /home/ubuntu/airflow-venv/lib/python3.12/site-packages/airflow/example_dags/tutorial.py
[2026-02-25T14:11:54.738+0000] {processor.py:914} INFO - Processing file /home/ubuntu/airflow-venv/lib/python3.12/site-packages/airflow/example_dags/tutorial.py for tasks to queue
[2026-02-25T14:11:54.739+0000] {logging_mixin.py:190} INFO - [2026-02-25T14:11:54.739+0000] {dagbag.py:588} INFO - Filling up the DagBag from /home/ubuntu/airflow-venv/lib/python3.12/site-packages/airflow/example_dags/tutorial.py
[2026-02-25T14:11:54.744+0000] {processor.py:925} INFO - DAG(s) 'tutorial' retrieved from /home/ubuntu/airflow-venv/lib/python3.12/site-packages/airflow/example_dags/tutorial.py
[2026-02-25T14:11:54.754+0000] {logging_mixin.py:190} INFO - [2026-02-25T14:11:54.754+0000] {dag.py:3239} INFO - Sync 1 DAGs
[2026-02-25T14:11:54.767+0000] {logging_mixin.py:190} INFO - [2026-02-25T14:11:54.767+0000] {dag.py:4180} INFO - Setting next_dagrun for tutorial to 2026-02-24 00:00:00+00:00, run_after=2026-02-25 00:00:00+00:00
[2026-02-25T14:11:54.784+0000] {processor.py:208} INFO - Processing /home/ubuntu/airflow-venv/lib/python3.12/site-packages/airflow/example_dags/tutorial.py took 0.050 seconds
[2026-02-25T14:12:42.777+0000] {processor.py:186} INFO - Started process (PID=2349) to work on /home/ubuntu/airflow-venv/lib/python3.12/site-packages/airflow/example_dags/tutorial.py
[2026-02-25T14:12:42.778+0000] {processor.py:914} INFO - Processing file /home/ubuntu/airflow-venv/lib/python3.12/site-packages/airflow/example_dags/tutorial.py for tasks to queue
[2026-02-25T14:12:42.780+0000] {logging_mixin.py:190} INFO - [2026-02-25T14:12:42.779+0000] {dagbag.py:588} INFO - Filling up the DagBag from /home/ubuntu/airflow-venv/lib/python3.12/site-packages/airflow/example_dags/tutorial.py
[2026-02-25T14:12:42.785+0000] {processor.py:925} INFO - DAG(s) 'tutorial' retrieved from /home/ubuntu/airflow-venv/lib/python3.12/site-packages/airflow/example_dags/tutorial.py
[2026-02-25T14:12:42.795+0000] {logging_mixin.py:190} INFO - [2026-02-25T14:12:42.794+0000] {dag.py:3239} INFO - Sync 1 DAGs
[2026-02-25T14:12:42.807+0000] {logging_mixin.py:190} INFO - [2026-02-25T14:12:42.807+0000] {dag.py:4180} INFO - Setting next_dagrun for tutorial to 2026-02-24 00:00:00+00:00, run_after=2026-02-25 00:00:00+00:00
[2026-02-25T14:12:42.824+0000] {processor.py:208} INFO - Processing /home/ubuntu/airflow-venv/lib/python3.12/site-packages/airflow/example_dags/tutorial.py took 0.050 seconds
[2026-02-25T14:13:30.431+0000] {processor.py:186} INFO - Started process (PID=2400) to work on /home/ubuntu/airflow-venv/lib/python3.12/site-packages/airflow/example_dags/tutorial.py
[2026-02-25T14:13:30.433+0000] {processor.py:914} INFO - Processing file /home/ubuntu/airflow-venv/lib/python3.12/site-packages/airflow/example_dags/tutorial.py for tasks to queue
[2026-02-25T14:13:30.434+0000] {logging_mixin.py:190} INFO - [2026-02-25T14:13:30.434+0000] {dagbag.py:588} INFO - Filling up the DagBag from /home/ubuntu/airflow-venv/lib/python3.12/site-packages/airflow/example_dags/tutorial.py
[2026-02-25T14:13:30.440+0000] {processor.py:925} INFO - DAG(s) 'tutorial' retrieved from /home/ubuntu/airflow-venv/lib/python3.12/site-packages/airflow/example_dags/tutorial.py
[2026-02-25T14:13:30.450+0000] {logging_mixin.py:190} INFO - [2026-02-25T14:13:30.450+0000] {dag.py:3239} INFO - Sync 1 DAGs
[2026-02-25T14:13:30.463+0000] {logging_mixin.py:190} INFO - [2026-02-25T14:13:30.463+0000] {dag.py:4180} INFO - Setting next_dagrun for tutorial to 2026-02-24 00:00:00+00:00, run_after=2026-02-25 00:00:00+00:00
[2026-02-25T14:13:30.569+0000] {processor.py:208} INFO - Processing /home/ubuntu/airflow-venv/lib/python3.12/site-packages/airflow/example_dags/tutorial.py took 0.141 seconds
[2026-02-25T14:14:26.379+0000] {processor.py:186} INFO - Started process (PID=2454) to work on /home/ubuntu/airflow-venv/lib/python3.12/site-packages/airflow/example_dags/tutorial.py
[2026-02-25T14:14:26.380+0000] {processor.py:914} INFO - Processing file /home/ubuntu/airflow-venv/lib/python3.12/site-packages/airflow/example_dags/tutorial.py for tasks to queue
[2026-02-25T14:14:26.382+0000] {logging_mixin.py:190} INFO - [2026-02-25T14:14:26.382+0000] {dagbag.py:588} INFO - Filling up the DagBag from /home/ubuntu/airflow-venv/lib/python3.12/site-packages/airflow/example_dags/tutorial.py
[2026-02-25T14:14:26.465+0000] {processor.py:925} INFO - DAG(s) 'tutorial' retrieved from /home/ubuntu/airflow-venv/lib/python3.12/site-packages/airflow/example_dags/tutorial.py
[2026-02-25T14:14:26.472+0000] {logging_mixin.py:190} INFO - [2026-02-25T14:14:26.472+0000] {dag.py:3239} INFO - Sync 1 DAGs
[2026-02-25T14:14:26.482+0000] {logging_mixin.py:190} INFO - [2026-02-25T14:14:26.482+0000] {dag.py:4180} INFO - Setting next_dagrun for tutorial to 2026-02-24 00:00:00+00:00, run_after=2026-02-25 00:00:00+00:00
[2026-02-25T14:14:26.498+0000] {processor.py:208} INFO - Processing /home/ubuntu/airflow-venv/lib/python3.12/site-packages/airflow/example_dags/tutorial.py took 0.122 seconds
[2026-02-25T14:15:18.615+0000] {processor.py:186} INFO - Started process (PID=2512) to work on /home/ubuntu/airflow-venv/lib/python3.12/site-packages/airflow/example_dags/tutorial.py
[2026-02-25T14:15:18.616+0000] {processor.py:914} INFO - Processing file /home/ubuntu/airflow-venv/lib/python3.12/site-packages/airflow/example_dags/tutorial.py for tasks to queue
[2026-02-25T14:15:18.617+0000] {logging_mixin.py:190} INFO - [2026-02-25T14:15:18.617+0000] {dagbag.py:588} INFO - Filling up the DagBag from /home/ubuntu/airflow-venv/lib/python3.12/site-packages/airflow/example_dags/tutorial.py
[2026-02-25T14:15:18.623+0000] {processor.py:925} INFO - DAG(s) 'tutorial' retrieved from /home/ubuntu/airflow-venv/lib/python3.12/site-packages/airflow/example_dags/tutorial.py
[2026-02-25T14:15:18.633+0000] {logging_mixin.py:190} INFO - [2026-02-25T14:15:18.632+0000] {dag.py:3239} INFO - Sync 1 DAGs
[2026-02-25T14:15:18.645+0000] {logging_mixin.py:190} INFO - [2026-02-25T14:15:18.645+0000] {dag.py:4180} INFO - Setting next_dagrun for tutorial to 2026-02-24 00:00:00+00:00, run_after=2026-02-25 00:00:00+00:00
[2026-02-25T14:15:18.661+0000] {processor.py:208} INFO - Processing /home/ubuntu/airflow-venv/lib/python3.12/site-packages/airflow/example_dags/tutorial.py took 0.050 seconds
[2026-02-25T14:16:09.277+0000] {processor.py:186} INFO - Started process (PID=2565) to work on /home/ubuntu/airflow-venv/lib/python3.12/site-packages/airflow/example_dags/tutorial.py
[2026-02-25T14:16:09.279+0000] {processor.py:914} INFO - Processing file /home/ubuntu/airflow-venv/lib/python3.12/site-packages/airflow/example_dags/tutorial.py for tasks to queue
[2026-02-25T14:16:09.280+0000] {logging_mixin.py:190} INFO - [2026-02-25T14:16:09.280+0000] {dagbag.py:588} INFO - Filling up the DagBag from /home/ubuntu/airflow-venv/lib/python3.12/site-packages/airflow/example_dags/tutorial.py
[2026-02-25T14:16:09.286+0000] {processor.py:925} INFO - DAG(s) 'tutorial' retrieved from /home/ubuntu/airflow-venv/lib/python3.12/site-packages/airflow/example_dags/tutorial.py
[2026-02-25T14:16:09.296+0000] {logging_mixin.py:190} INFO - [2026-02-25T14:16:09.296+0000] {dag.py:3239} INFO - Sync 1 DAGs
[2026-02-25T14:16:09.309+0000] {logging_mixin.py:190} INFO - [2026-02-25T14:16:09.309+0000] {dag.py:4180} INFO - Setting next_dagrun for tutorial to 2026-02-24 00:00:00+00:00, run_after=2026-02-25 00:00:00+00:00
[2026-02-25T14:16:09.327+0000] {processor.py:208} INFO - Processing /home/ubuntu/airflow-venv/lib/python3.12/site-packages/airflow/example_dags/tutorial.py took 0.053 seconds
[2026-02-25T14:16:57.114+0000] {processor.py:186} INFO - Started process (PID=2615) to work on /home/ubuntu/airflow-venv/lib/python3.12/site-packages/airflow/example_dags/tutorial.py
[2026-02-25T14:16:57.115+0000] {processor.py:914} INFO - Processing file /home/ubuntu/airflow-venv/lib/python3.12/site-packages/airflow/example_dags/tutorial.py for tasks to queue
[2026-02-25T14:16:57.116+0000] {logging_mixin.py:190} INFO - [2026-02-25T14:16:57.116+0000] {dagbag.py:588} INFO - Filling up the DagBag from /home/ubuntu/airflow-venv/lib/python3.12/site-packages/airflow/example_dags/tutorial.py
[2026-02-25T14:16:57.122+0000] {processor.py:925} INFO - DAG(s) 'tutorial' retrieved from /home/ubuntu/airflow-venv/lib/python3.12/site-packages/airflow/example_dags/tutorial.py
[2026-02-25T14:16:57.132+0000] {logging_mixin.py:190} INFO - [2026-02-25T14:16:57.132+0000] {dag.py:3239} INFO - Sync 1 DAGs
[2026-02-25T14:16:57.144+0000] {logging_mixin.py:190} INFO - [2026-02-25T14:16:57.144+0000] {dag.py:4180} INFO - Setting next_dagrun for tutorial to 2026-02-24 00:00:00+00:00, run_after=2026-02-25 00:00:00+00:00
[2026-02-25T14:16:57.160+0000] {processor.py:208} INFO - Processing /home/ubuntu/airflow-venv/lib/python3.12/site-packages/airflow/example_dags/tutorial.py took 0.050 seconds
[2026-02-25T14:17:47.619+0000] {processor.py:186} INFO - Started process (PID=2674) to work on /home/ubuntu/airflow-venv/lib/python3.12/site-packages/airflow/example_dags/tutorial.py
[2026-02-25T14:17:47.620+0000] {processor.py:914} INFO - Processing file /home/ubuntu/airflow-venv/lib/python3.12/site-packages/airflow/example_dags/tutorial.py for tasks to queue
[2026-02-25T14:17:47.622+0000] {logging_mixin.py:190} INFO - [2026-02-25T14:17:47.621+0000] {dagbag.py:588} INFO - Filling up the DagBag from /home/ubuntu/airflow-venv/lib/python3.12/site-packages/airflow/example_dags/tutorial.py
[2026-02-25T14:17:47.627+0000] {processor.py:925} INFO - DAG(s) 'tutorial' retrieved from /home/ubuntu/airflow-venv/lib/python3.12/site-packages/airflow/example_dags/tutorial.py
[2026-02-25T14:17:47.637+0000] {logging_mixin.py:190} INFO - [2026-02-25T14:17:47.637+0000] {dag.py:3239} INFO - Sync 1 DAGs
[2026-02-25T14:17:47.650+0000] {logging_mixin.py:190} INFO - [2026-02-25T14:17:47.650+0000] {dag.py:4180} INFO - Setting next_dagrun for tutorial to 2026-02-24 00:00:00+00:00, run_after=2026-02-25 00:00:00+00:00
[2026-02-25T14:17:47.667+0000] {processor.py:208} INFO - Processing /home/ubuntu/airflow-venv/lib/python3.12/site-packages/airflow/example_dags/tutorial.py took 0.052 seconds
[2026-02-25T14:18:36.842+0000] {processor.py:186} INFO - Started process (PID=2727) to work on /home/ubuntu/airflow-venv/lib/python3.12/site-packages/airflow/example_dags/tutorial.py
[2026-02-25T14:18:36.843+0000] {processor.py:914} INFO - Processing file /home/ubuntu/airflow-venv/lib/python3.12/site-packages/airflow/example_dags/tutorial.py for tasks to queue
[2026-02-25T14:18:36.845+0000] {logging_mixin.py:190} INFO - [2026-02-25T14:18:36.844+0000] {dagbag.py:588} INFO - Filling up the DagBag from /home/ubuntu/airflow-venv/lib/python3.12/site-packages/airflow/example_dags/tutorial.py
[2026-02-25T14:18:36.850+0000] {processor.py:925} INFO - DAG(s) 'tutorial' retrieved from /home/ubuntu/airflow-venv/lib/python3.12/site-packages/airflow/example_dags/tutorial.py
[2026-02-25T14:18:36.860+0000] {logging_mixin.py:190} INFO - [2026-02-25T14:18:36.859+0000] {dag.py:3239} INFO - Sync 1 DAGs
[2026-02-25T14:18:36.872+0000] {logging_mixin.py:190} INFO - [2026-02-25T14:18:36.872+0000] {dag.py:4180} INFO - Setting next_dagrun for tutorial to 2026-02-24 00:00:00+00:00, run_after=2026-02-25 00:00:00+00:00
[2026-02-25T14:18:36.888+0000] {processor.py:208} INFO - Processing /home/ubuntu/airflow-venv/lib/python3.12/site-packages/airflow/example_dags/tutorial.py took 0.050 seconds
[2026-02-25T14:19:21.876+0000] {processor.py:186} INFO - Started process (PID=3142) to work on /home/ubuntu/airflow-venv/lib/python3.12/site-packages/airflow/example_dags/tutorial.py
[2026-02-25T14:19:21.877+0000] {processor.py:914} INFO - Processing file /home/ubuntu/airflow-venv/lib/python3.12/site-packages/airflow/example_dags/tutorial.py for tasks to queue
[2026-02-25T14:19:21.878+0000] {logging_mixin.py:190} INFO - [2026-02-25T14:19:21.878+0000] {dagbag.py:588} INFO - Filling up the DagBag from /home/ubuntu/airflow-venv/lib/python3.12/site-packages/airflow/example_dags/tutorial.py
[2026-02-25T14:19:21.884+0000] {processor.py:925} INFO - DAG(s) 'tutorial' retrieved from /home/ubuntu/airflow-venv/lib/python3.12/site-packages/airflow/example_dags/tutorial.py
[2026-02-25T14:19:21.894+0000] {logging_mixin.py:190} INFO - [2026-02-25T14:19:21.894+0000] {dag.py:3239} INFO - Sync 1 DAGs
[2026-02-25T14:19:21.907+0000] {logging_mixin.py:190} INFO - [2026-02-25T14:19:21.907+0000] {dag.py:4180} INFO - Setting next_dagrun for tutorial to 2026-02-24 00:00:00+00:00, run_after=2026-02-25 00:00:00+00:00
[2026-02-25T14:19:21.925+0000] {processor.py:208} INFO - Processing /home/ubuntu/airflow-venv/lib/python3.12/site-packages/airflow/example_dags/tutorial.py took 0.053 seconds
[2026-02-25T14:20:10.349+0000] {processor.py:186} INFO - Started process (PID=3196) to work on /home/ubuntu/airflow-venv/lib/python3.12/site-packages/airflow/example_dags/tutorial.py
[2026-02-25T14:20:10.350+0000] {processor.py:914} INFO - Processing file /home/ubuntu/airflow-venv/lib/python3.12/site-packages/airflow/example_dags/tutorial.py for tasks to queue
[2026-02-25T14:20:10.352+0000] {logging_mixin.py:190} INFO - [2026-02-25T14:20:10.351+0000] {dagbag.py:588} INFO - Filling up the DagBag from /home/ubuntu/airflow-venv/lib/python3.12/site-packages/airflow/example_dags/tutorial.py
[2026-02-25T14:20:10.357+0000] {processor.py:925} INFO - DAG(s) 'tutorial' retrieved from /home/ubuntu/airflow-venv/lib/python3.12/site-packages/airflow/example_dags/tutorial.py
[2026-02-25T14:20:10.367+0000] {logging_mixin.py:190} INFO - [2026-02-25T14:20:10.367+0000] {dag.py:3239} INFO - Sync 1 DAGs
[2026-02-25T14:20:10.379+0000] {logging_mixin.py:190} INFO - [2026-02-25T14:20:10.379+0000] {dag.py:4180} INFO - Setting next_dagrun for tutorial to 2026-02-24 00:00:00+00:00, run_after=2026-02-25 00:00:00+00:00
[2026-02-25T14:20:10.396+0000] {processor.py:208} INFO - Processing /home/ubuntu/airflow-venv/lib/python3.12/site-packages/airflow/example_dags/tutorial.py took 0.050 seconds
[2026-02-25T14:21:01.675+0000] {processor.py:186} INFO - Started process (PID=3250) to work on /home/ubuntu/airflow-venv/lib/python3.12/site-packages/airflow/example_dags/tutorial.py
[2026-02-25T14:21:01.677+0000] {processor.py:914} INFO - Processing file /home/ubuntu/airflow-venv/lib/python3.12/site-packages/airflow/example_dags/tutorial.py for tasks to queue
[2026-02-25T14:21:01.678+0000] {logging_mixin.py:190} INFO - [2026-02-25T14:21:01.678+0000] {dagbag.py:588} INFO - Filling up the DagBag from /home/ubuntu/airflow-venv/lib/python3.12/site-packages/airflow/example_dags/tutorial.py
[2026-02-25T14:21:01.684+0000] {processor.py:925} INFO - DAG(s) 'tutorial' retrieved from /home/ubuntu/airflow-venv/lib/python3.12/site-packages/airflow/example_dags/tutorial.py
[2026-02-25T14:21:01.695+0000] {logging_mixin.py:190} INFO - [2026-02-25T14:21:01.695+0000] {dag.py:3239} INFO - Sync 1 DAGs
[2026-02-25T14:21:01.709+0000] {logging_mixin.py:190} INFO - [2026-02-25T14:21:01.709+0000] {dag.py:4180} INFO - Setting next_dagrun for tutorial to 2026-02-24 00:00:00+00:00, run_after=2026-02-25 00:00:00+00:00
[2026-02-25T14:21:01.726+0000] {processor.py:208} INFO - Processing /home/ubuntu/airflow-venv/lib/python3.12/site-packages/airflow/example_dags/tutorial.py took 0.055 seconds
[2026-02-25T14:21:52.339+0000] {processor.py:186} INFO - Started process (PID=3667) to work on /home/ubuntu/airflow-venv/lib/python3.12/site-packages/airflow/example_dags/tutorial.py
[2026-02-25T14:21:52.340+0000] {processor.py:914} INFO - Processing file /home/ubuntu/airflow-venv/lib/python3.12/site-packages/airflow/example_dags/tutorial.py for tasks to queue
[2026-02-25T14:21:52.342+0000] {logging_mixin.py:190} INFO - [2026-02-25T14:21:52.341+0000] {dagbag.py:588} INFO - Filling up the DagBag from /home/ubuntu/airflow-venv/lib/python3.12/site-packages/airflow/example_dags/tutorial.py
[2026-02-25T14:21:52.347+0000] {processor.py:925} INFO - DAG(s) 'tutorial' retrieved from /home/ubuntu/airflow-venv/lib/python3.12/site-packages/airflow/example_dags/tutorial.py
[2026-02-25T14:21:52.358+0000] {logging_mixin.py:190} INFO - [2026-02-25T14:21:52.357+0000] {dag.py:3239} INFO - Sync 1 DAGs
[2026-02-25T14:21:52.370+0000] {logging_mixin.py:190} INFO - [2026-02-25T14:21:52.370+0000] {dag.py:4180} INFO - Setting next_dagrun for tutorial to 2026-02-24 00:00:00+00:00, run_after=2026-02-25 00:00:00+00:00
[2026-02-25T14:21:52.388+0000] {processor.py:208} INFO - Processing /home/ubuntu/airflow-venv/lib/python3.12/site-packages/airflow/example_dags/tutorial.py took 0.053 seconds
[2026-02-25T14:22:44.075+0000] {processor.py:186} INFO - Started process (PID=3726) to work on /home/ubuntu/airflow-venv/lib/python3.12/site-packages/airflow/example_dags/tutorial.py
[2026-02-25T14:22:44.076+0000] {processor.py:914} INFO - Processing file /home/ubuntu/airflow-venv/lib/python3.12/site-packages/airflow/example_dags/tutorial.py for tasks to queue
[2026-02-25T14:22:44.078+0000] {logging_mixin.py:190} INFO - [2026-02-25T14:22:44.077+0000] {dagbag.py:588} INFO - Filling up the DagBag from /home/ubuntu/airflow-venv/lib/python3.12/site-packages/airflow/example_dags/tutorial.py
[2026-02-25T14:22:44.083+0000] {processor.py:925} INFO - DAG(s) 'tutorial' retrieved from /home/ubuntu/airflow-venv/lib/python3.12/site-packages/airflow/example_dags/tutorial.py
[2026-02-25T14:22:44.093+0000] {logging_mixin.py:190} INFO - [2026-02-25T14:22:44.093+0000] {dag.py:3239} INFO - Sync 1 DAGs
[2026-02-25T14:22:44.106+0000] {logging_mixin.py:190} INFO - [2026-02-25T14:22:44.106+0000] {dag.py:4180} INFO - Setting next_dagrun for tutorial to 2026-02-24 00:00:00+00:00, run_after=2026-02-25 00:00:00+00:00
[2026-02-25T14:22:44.123+0000] {processor.py:208} INFO - Processing /home/ubuntu/airflow-venv/lib/python3.12/site-packages/airflow/example_dags/tutorial.py took 0.052 seconds
[2026-02-25T14:23:34.722+0000] {processor.py:186} INFO - Started process (PID=3781) to work on /home/ubuntu/airflow-venv/lib/python3.12/site-packages/airflow/example_dags/tutorial.py
[2026-02-25T14:23:34.723+0000] {processor.py:914} INFO - Processing file /home/ubuntu/airflow-venv/lib/python3.12/site-packages/airflow/example_dags/tutorial.py for tasks to queue
[2026-02-25T14:23:34.724+0000] {logging_mixin.py:190} INFO - [2026-02-25T14:23:34.724+0000] {dagbag.py:588} INFO - Filling up the DagBag from /home/ubuntu/airflow-venv/lib/python3.12/site-packages/airflow/example_dags/tutorial.py
[2026-02-25T14:23:34.730+0000] {processor.py:925} INFO - DAG(s) 'tutorial' retrieved from /home/ubuntu/airflow-venv/lib/python3.12/site-packages/airflow/example_dags/tutorial.py
[2026-02-25T14:23:34.740+0000] {logging_mixin.py:190} INFO - [2026-02-25T14:23:34.740+0000] {dag.py:3239} INFO - Sync 1 DAGs
[2026-02-25T14:23:34.753+0000] {logging_mixin.py:190} INFO - [2026-02-25T14:23:34.753+0000] {dag.py:4180} INFO - Setting next_dagrun for tutorial to 2026-02-24 00:00:00+00:00, run_after=2026-02-25 00:00:00+00:00
[2026-02-25T14:23:34.769+0000] {processor.py:208} INFO - Processing /home/ubuntu/airflow-venv/lib/python3.12/site-packages/airflow/example_dags/tutorial.py took 0.052 seconds
[2026-02-25T14:24:23.787+0000] {processor.py:186} INFO - Started process (PID=3830) to work on /home/ubuntu/airflow-venv/lib/python3.12/site-packages/airflow/example_dags/tutorial.py
[2026-02-25T14:24:23.788+0000] {processor.py:914} INFO - Processing file /home/ubuntu/airflow-venv/lib/python3.12/site-packages/airflow/example_dags/tutorial.py for tasks to queue
[2026-02-25T14:24:23.789+0000] {logging_mixin.py:190} INFO - [2026-02-25T14:24:23.789+0000] {dagbag.py:588} INFO - Filling up the DagBag from /home/ubuntu/airflow-venv/lib/python3.12/site-packages/airflow/example_dags/tutorial.py
[2026-02-25T14:24:23.795+0000] {processor.py:925} INFO - DAG(s) 'tutorial' retrieved from /home/ubuntu/airflow-venv/lib/python3.12/site-packages/airflow/example_dags/tutorial.py
[2026-02-25T14:24:23.806+0000] {logging_mixin.py:190} INFO - [2026-02-25T14:24:23.806+0000] {dag.py:3239} INFO - Sync 1 DAGs
[2026-02-25T14:24:23.819+0000] {logging_mixin.py:190} INFO - [2026-02-25T14:24:23.819+0000] {dag.py:4180} INFO - Setting next_dagrun for tutorial to 2026-02-24 00:00:00+00:00, run_after=2026-02-25 00:00:00+00:00
[2026-02-25T14:24:23.836+0000] {processor.py:208} INFO - Processing /home/ubuntu/airflow-venv/lib/python3.12/site-packages/airflow/example_dags/tutorial.py took 0.053 seconds
[2026-02-25T14:25:12.802+0000] {processor.py:186} INFO - Started process (PID=3900) to work on /home/ubuntu/airflow-venv/lib/python3.12/site-packages/airflow/example_dags/tutorial.py
[2026-02-25T14:25:12.803+0000] {processor.py:914} INFO - Processing file /home/ubuntu/airflow-venv/lib/python3.12/site-packages/airflow/example_dags/tutorial.py for tasks to queue
[2026-02-25T14:25:12.805+0000] {logging_mixin.py:190} INFO - [2026-02-25T14:25:12.804+0000] {dagbag.py:588} INFO - Filling up the DagBag from /home/ubuntu/airflow-venv/lib/python3.12/site-packages/airflow/example_dags/tutorial.py
[2026-02-25T14:25:12.810+0000] {processor.py:925} INFO - DAG(s) 'tutorial' retrieved from /home/ubuntu/airflow-venv/lib/python3.12/site-packages/airflow/example_dags/tutorial.py
[2026-02-25T14:25:12.820+0000] {logging_mixin.py:190} INFO - [2026-02-25T14:25:12.820+0000] {dag.py:3239} INFO - Sync 1 DAGs
[2026-02-25T14:25:12.833+0000] {logging_mixin.py:190} INFO - [2026-02-25T14:25:12.833+0000] {dag.py:4180} INFO - Setting next_dagrun for tutorial to 2026-02-24 00:00:00+00:00, run_after=2026-02-25 00:00:00+00:00
[2026-02-25T14:25:12.849+0000] {processor.py:208} INFO - Processing /home/ubuntu/airflow-venv/lib/python3.12/site-packages/airflow/example_dags/tutorial.py took 0.051 seconds
[2026-02-25T14:26:02.835+0000] {processor.py:186} INFO - Started process (PID=3952) to work on /home/ubuntu/airflow-venv/lib/python3.12/site-packages/airflow/example_dags/tutorial.py
[2026-02-25T14:26:02.837+0000] {processor.py:914} INFO - Processing file /home/ubuntu/airflow-venv/lib/python3.12/site-packages/airflow/example_dags/tutorial.py for tasks to queue
[2026-02-25T14:26:02.838+0000] {logging_mixin.py:190} INFO - [2026-02-25T14:26:02.838+0000] {dagbag.py:588} INFO - Filling up the DagBag from /home/ubuntu/airflow-venv/lib/python3.12/site-packages/airflow/example_dags/tutorial.py
[2026-02-25T14:26:02.844+0000] {processor.py:925} INFO - DAG(s) 'tutorial' retrieved from /home/ubuntu/airflow-venv/lib/python3.12/site-packages/airflow/example_dags/tutorial.py
[2026-02-25T14:26:02.855+0000] {logging_mixin.py:190} INFO - [2026-02-25T14:26:02.855+0000] {dag.py:3239} INFO - Sync 1 DAGs
[2026-02-25T14:26:02.869+0000] {logging_mixin.py:190} INFO - [2026-02-25T14:26:02.869+0000] {dag.py:4180} INFO - Setting next_dagrun for tutorial to 2026-02-24 00:00:00+00:00, run_after=2026-02-25 00:00:00+00:00
[2026-02-25T14:26:02.887+0000] {processor.py:208} INFO - Processing /home/ubuntu/airflow-venv/lib/python3.12/site-packages/airflow/example_dags/tutorial.py took 0.055 seconds
[2026-02-25T14:26:50.238+0000] {processor.py:186} INFO - Started process (PID=4004) to work on /home/ubuntu/airflow-venv/lib/python3.12/site-packages/airflow/example_dags/tutorial.py
[2026-02-25T14:26:50.239+0000] {processor.py:914} INFO - Processing file /home/ubuntu/airflow-venv/lib/python3.12/site-packages/airflow/example_dags/tutorial.py for tasks to queue
[2026-02-25T14:26:50.241+0000] {logging_mixin.py:190} INFO - [2026-02-25T14:26:50.240+0000] {dagbag.py:588} INFO - Filling up the DagBag from /home/ubuntu/airflow-venv/lib/python3.12/site-packages/airflow/example_dags/tutorial.py
[2026-02-25T14:26:50.247+0000] {processor.py:925} INFO - DAG(s) 'tutorial' retrieved from /home/ubuntu/airflow-venv/lib/python3.12/site-packages/airflow/example_dags/tutorial.py
[2026-02-25T14:26:50.257+0000] {logging_mixin.py:190} INFO - [2026-02-25T14:26:50.257+0000] {dag.py:3239} INFO - Sync 1 DAGs
[2026-02-25T14:26:50.271+0000] {logging_mixin.py:190} INFO - [2026-02-25T14:26:50.271+0000] {dag.py:4180} INFO - Setting next_dagrun for tutorial to 2026-02-24 00:00:00+00:00, run_after=2026-02-25 00:00:00+00:00
[2026-02-25T14:26:50.289+0000] {processor.py:208} INFO - Processing /home/ubuntu/airflow-venv/lib/python3.12/site-packages/airflow/example_dags/tutorial.py took 0.054 seconds
[2026-02-25T14:27:40.485+0000] {processor.py:186} INFO - Started process (PID=4057) to work on /home/ubuntu/airflow-venv/lib/python3.12/site-packages/airflow/example_dags/tutorial.py
[2026-02-25T14:27:40.487+0000] {processor.py:914} INFO - Processing file /home/ubuntu/airflow-venv/lib/python3.12/site-packages/airflow/example_dags/tutorial.py for tasks to queue
[2026-02-25T14:27:40.488+0000] {logging_mixin.py:190} INFO - [2026-02-25T14:27:40.487+0000] {dagbag.py:588} INFO - Filling up the DagBag from /home/ubuntu/airflow-venv/lib/python3.12/site-packages/airflow/example_dags/tutorial.py
[2026-02-25T14:27:40.494+0000] {processor.py:925} INFO - DAG(s) 'tutorial' retrieved from /home/ubuntu/airflow-venv/lib/python3.12/site-packages/airflow/example_dags/tutorial.py
[2026-02-25T14:27:40.504+0000] {logging_mixin.py:190} INFO - [2026-02-25T14:27:40.504+0000] {dag.py:3239} INFO - Sync 1 DAGs
[2026-02-25T14:27:40.516+0000] {logging_mixin.py:190} INFO - [2026-02-25T14:27:40.516+0000] {dag.py:4180} INFO - Setting next_dagrun for tutorial to 2026-02-24 00:00:00+00:00, run_after=2026-02-25 00:00:00+00:00
[2026-02-25T14:27:40.534+0000] {processor.py:208} INFO - Processing /home/ubuntu/airflow-venv/lib/python3.12/site-packages/airflow/example_dags/tutorial.py took 0.052 seconds
[2026-02-25T14:28:30.690+0000] {processor.py:186} INFO - Started process (PID=4109) to work on /home/ubuntu/airflow-venv/lib/python3.12/site-packages/airflow/example_dags/tutorial.py
[2026-02-25T14:28:30.692+0000] {processor.py:914} INFO - Processing file /home/ubuntu/airflow-venv/lib/python3.12/site-packages/airflow/example_dags/tutorial.py for tasks to queue
[2026-02-25T14:28:30.693+0000] {logging_mixin.py:190} INFO - [2026-02-25T14:28:30.692+0000] {dagbag.py:588} INFO - Filling up the DagBag from /home/ubuntu/airflow-venv/lib/python3.12/site-packages/airflow/example_dags/tutorial.py
[2026-02-25T14:28:30.698+0000] {processor.py:925} INFO - DAG(s) 'tutorial' retrieved from /home/ubuntu/airflow-venv/lib/python3.12/site-packages/airflow/example_dags/tutorial.py
[2026-02-25T14:28:30.708+0000] {logging_mixin.py:190} INFO - [2026-02-25T14:28:30.708+0000] {dag.py:3239} INFO - Sync 1 DAGs
[2026-02-25T14:28:30.721+0000] {logging_mixin.py:190} INFO - [2026-02-25T14:28:30.721+0000] {dag.py:4180} INFO - Setting next_dagrun for tutorial to 2026-02-24 00:00:00+00:00, run_after=2026-02-25 00:00:00+00:00
[2026-02-25T14:28:30.738+0000] {processor.py:208} INFO - Processing /home/ubuntu/airflow-venv/lib/python3.12/site-packages/airflow/example_dags/tutorial.py took 0.051 seconds
[2026-02-25T14:29:21.194+0000] {processor.py:186} INFO - Started process (PID=4162) to work on /home/ubuntu/airflow-venv/lib/python3.12/site-packages/airflow/example_dags/tutorial.py
[2026-02-25T14:29:21.196+0000] {processor.py:914} INFO - Processing file /home/ubuntu/airflow-venv/lib/python3.12/site-packages/airflow/example_dags/tutorial.py for tasks to queue
[2026-02-25T14:29:21.197+0000] {logging_mixin.py:190} INFO - [2026-02-25T14:29:21.196+0000] {dagbag.py:588} INFO - Filling up the DagBag from /home/ubuntu/airflow-venv/lib/python3.12/site-packages/airflow/example_dags/tutorial.py
[2026-02-25T14:29:21.203+0000] {processor.py:925} INFO - DAG(s) 'tutorial' retrieved from /home/ubuntu/airflow-venv/lib/python3.12/site-packages/airflow/example_dags/tutorial.py
[2026-02-25T14:29:21.213+0000] {logging_mixin.py:190} INFO - [2026-02-25T14:29:21.212+0000] {dag.py:3239} INFO - Sync 1 DAGs
[2026-02-25T14:29:21.225+0000] {logging_mixin.py:190} INFO - [2026-02-25T14:29:21.225+0000] {dag.py:4180} INFO - Setting next_dagrun for tutorial to 2026-02-24 00:00:00+00:00, run_after=2026-02-25 00:00:00+00:00
[2026-02-25T14:29:21.242+0000] {processor.py:208} INFO - Processing /home/ubuntu/airflow-venv/lib/python3.12/site-packages/airflow/example_dags/tutorial.py took 0.051 seconds
[2026-02-25T14:30:11.009+0000] {processor.py:186} INFO - Started process (PID=4222) to work on /home/ubuntu/airflow-venv/lib/python3.12/site-packages/airflow/example_dags/tutorial.py
[2026-02-25T14:30:11.011+0000] {processor.py:914} INFO - Processing file /home/ubuntu/airflow-venv/lib/python3.12/site-packages/airflow/example_dags/tutorial.py for tasks to queue
[2026-02-25T14:30:11.011+0000] {logging_mixin.py:190} INFO - [2026-02-25T14:30:11.011+0000] {dagbag.py:588} INFO - Filling up the DagBag from /home/ubuntu/airflow-venv/lib/python3.12/site-packages/airflow/example_dags/tutorial.py
[2026-02-25T14:30:11.017+0000] {processor.py:925} INFO - DAG(s) 'tutorial' retrieved from /home/ubuntu/airflow-venv/lib/python3.12/site-packages/airflow/example_dags/tutorial.py
[2026-02-25T14:30:11.028+0000] {logging_mixin.py:190} INFO - [2026-02-25T14:30:11.028+0000] {dag.py:3239} INFO - Sync 1 DAGs
[2026-02-25T14:30:11.041+0000] {logging_mixin.py:190} INFO - [2026-02-25T14:30:11.041+0000] {dag.py:4180} INFO - Setting next_dagrun for tutorial to 2026-02-24 00:00:00+00:00, run_after=2026-02-25 00:00:00+00:00
[2026-02-25T14:30:11.060+0000] {processor.py:208} INFO - Processing /home/ubuntu/airflow-venv/lib/python3.12/site-packages/airflow/example_dags/tutorial.py took 0.055 seconds
[2026-02-25T14:33:35.435+0000] {processor.py:186} INFO - Started process (PID=1830) to work on /home/ubuntu/airflow-venv/lib/python3.12/site-packages/airflow/example_dags/tutorial.py
[2026-02-25T14:33:35.437+0000] {processor.py:914} INFO - Processing file /home/ubuntu/airflow-venv/lib/python3.12/site-packages/airflow/example_dags/tutorial.py for tasks to queue
[2026-02-25T14:33:35.439+0000] {logging_mixin.py:190} INFO - [2026-02-25T14:33:35.439+0000] {dagbag.py:588} INFO - Filling up the DagBag from /home/ubuntu/airflow-venv/lib/python3.12/site-packages/airflow/example_dags/tutorial.py
[2026-02-25T14:33:35.444+0000] {processor.py:925} INFO - DAG(s) 'tutorial' retrieved from /home/ubuntu/airflow-venv/lib/python3.12/site-packages/airflow/example_dags/tutorial.py
[2026-02-25T14:33:35.456+0000] {logging_mixin.py:190} INFO - [2026-02-25T14:33:35.455+0000] {dag.py:3239} INFO - Sync 1 DAGs
[2026-02-25T14:33:35.472+0000] {logging_mixin.py:190} INFO - [2026-02-25T14:33:35.472+0000] {dag.py:4180} INFO - Setting next_dagrun for tutorial to 2026-02-24 00:00:00+00:00, run_after=2026-02-25 00:00:00+00:00
[2026-02-25T14:33:35.488+0000] {processor.py:208} INFO - Processing /home/ubuntu/airflow-venv/lib/python3.12/site-packages/airflow/example_dags/tutorial.py took 0.056 seconds
[2026-02-25T14:34:28.115+0000] {processor.py:186} INFO - Started process (PID=2120) to work on /home/ubuntu/airflow-venv/lib/python3.12/site-packages/airflow/example_dags/tutorial.py
[2026-02-25T14:34:28.117+0000] {processor.py:914} INFO - Processing file /home/ubuntu/airflow-venv/lib/python3.12/site-packages/airflow/example_dags/tutorial.py for tasks to queue
[2026-02-25T14:34:28.118+0000] {logging_mixin.py:190} INFO - [2026-02-25T14:34:28.118+0000] {dagbag.py:588} INFO - Filling up the DagBag from /home/ubuntu/airflow-venv/lib/python3.12/site-packages/airflow/example_dags/tutorial.py
[2026-02-25T14:34:28.124+0000] {processor.py:925} INFO - DAG(s) 'tutorial' retrieved from /home/ubuntu/airflow-venv/lib/python3.12/site-packages/airflow/example_dags/tutorial.py
[2026-02-25T14:34:28.134+0000] {logging_mixin.py:190} INFO - [2026-02-25T14:34:28.133+0000] {dag.py:3239} INFO - Sync 1 DAGs
[2026-02-25T14:34:28.146+0000] {logging_mixin.py:190} INFO - [2026-02-25T14:34:28.146+0000] {dag.py:4180} INFO - Setting next_dagrun for tutorial to 2026-02-24 00:00:00+00:00, run_after=2026-02-25 00:00:00+00:00
[2026-02-25T14:34:28.164+0000] {processor.py:208} INFO - Processing /home/ubuntu/airflow-venv/lib/python3.12/site-packages/airflow/example_dags/tutorial.py took 0.052 seconds
[2026-02-25T14:35:17.856+0000] {processor.py:186} INFO - Started process (PID=2175) to work on /home/ubuntu/airflow-venv/lib/python3.12/site-packages/airflow/example_dags/tutorial.py
[2026-02-25T14:35:17.857+0000] {processor.py:914} INFO - Processing file /home/ubuntu/airflow-venv/lib/python3.12/site-packages/airflow/example_dags/tutorial.py for tasks to queue
[2026-02-25T14:35:17.859+0000] {logging_mixin.py:190} INFO - [2026-02-25T14:35:17.859+0000] {dagbag.py:588} INFO - Filling up the DagBag from /home/ubuntu/airflow-venv/lib/python3.12/site-packages/airflow/example_dags/tutorial.py
[2026-02-25T14:35:17.864+0000] {processor.py:925} INFO - DAG(s) 'tutorial' retrieved from /home/ubuntu/airflow-venv/lib/python3.12/site-packages/airflow/example_dags/tutorial.py
[2026-02-25T14:35:17.874+0000] {logging_mixin.py:190} INFO - [2026-02-25T14:35:17.874+0000] {dag.py:3239} INFO - Sync 1 DAGs
[2026-02-25T14:35:17.887+0000] {logging_mixin.py:190} INFO - [2026-02-25T14:35:17.887+0000] {dag.py:4180} INFO - Setting next_dagrun for tutorial to 2026-02-24 00:00:00+00:00, run_after=2026-02-25 00:00:00+00:00
[2026-02-25T14:35:17.903+0000] {processor.py:208} INFO - Processing /home/ubuntu/airflow-venv/lib/python3.12/site-packages/airflow/example_dags/tutorial.py took 0.051 seconds
[2026-02-25T14:36:04.557+0000] {processor.py:186} INFO - Started process (PID=2587) to work on /home/ubuntu/airflow-venv/lib/python3.12/site-packages/airflow/example_dags/tutorial.py
[2026-02-25T14:36:04.559+0000] {processor.py:914} INFO - Processing file /home/ubuntu/airflow-venv/lib/python3.12/site-packages/airflow/example_dags/tutorial.py for tasks to queue
[2026-02-25T14:36:04.560+0000] {logging_mixin.py:190} INFO - [2026-02-25T14:36:04.560+0000] {dagbag.py:588} INFO - Filling up the DagBag from /home/ubuntu/airflow-venv/lib/python3.12/site-packages/airflow/example_dags/tutorial.py
[2026-02-25T14:36:04.566+0000] {processor.py:925} INFO - DAG(s) 'tutorial' retrieved from /home/ubuntu/airflow-venv/lib/python3.12/site-packages/airflow/example_dags/tutorial.py
[2026-02-25T14:36:04.575+0000] {logging_mixin.py:190} INFO - [2026-02-25T14:36:04.575+0000] {dag.py:3239} INFO - Sync 1 DAGs
[2026-02-25T14:36:04.587+0000] {logging_mixin.py:190} INFO - [2026-02-25T14:36:04.587+0000] {dag.py:4180} INFO - Setting next_dagrun for tutorial to 2026-02-24 00:00:00+00:00, run_after=2026-02-25 00:00:00+00:00
[2026-02-25T14:36:04.603+0000] {processor.py:208} INFO - Processing /home/ubuntu/airflow-venv/lib/python3.12/site-packages/airflow/example_dags/tutorial.py took 0.049 seconds
[2026-02-25T14:36:55.284+0000] {processor.py:186} INFO - Started process (PID=2659) to work on /home/ubuntu/airflow-venv/lib/python3.12/site-packages/airflow/example_dags/tutorial.py
[2026-02-25T14:36:55.285+0000] {processor.py:914} INFO - Processing file /home/ubuntu/airflow-venv/lib/python3.12/site-packages/airflow/example_dags/tutorial.py for tasks to queue
[2026-02-25T14:36:55.286+0000] {logging_mixin.py:190} INFO - [2026-02-25T14:36:55.286+0000] {dagbag.py:588} INFO - Filling up the DagBag from /home/ubuntu/airflow-venv/lib/python3.12/site-packages/airflow/example_dags/tutorial.py
[2026-02-25T14:36:55.291+0000] {processor.py:925} INFO - DAG(s) 'tutorial' retrieved from /home/ubuntu/airflow-venv/lib/python3.12/site-packages/airflow/example_dags/tutorial.py
[2026-02-25T14:36:55.301+0000] {logging_mixin.py:190} INFO - [2026-02-25T14:36:55.301+0000] {dag.py:3239} INFO - Sync 1 DAGs
[2026-02-25T14:36:55.313+0000] {logging_mixin.py:190} INFO - [2026-02-25T14:36:55.313+0000] {dag.py:4180} INFO - Setting next_dagrun for tutorial to 2026-02-24 00:00:00+00:00, run_after=2026-02-25 00:00:00+00:00
[2026-02-25T14:36:55.329+0000] {processor.py:208} INFO - Processing /home/ubuntu/airflow-venv/lib/python3.12/site-packages/airflow/example_dags/tutorial.py took 0.049 seconds
[2026-02-25T14:37:45.824+0000] {processor.py:186} INFO - Started process (PID=2717) to work on /home/ubuntu/airflow-venv/lib/python3.12/site-packages/airflow/example_dags/tutorial.py
[2026-02-25T14:37:45.825+0000] {processor.py:914} INFO - Processing file /home/ubuntu/airflow-venv/lib/python3.12/site-packages/airflow/example_dags/tutorial.py for tasks to queue
[2026-02-25T14:37:45.827+0000] {logging_mixin.py:190} INFO - [2026-02-25T14:37:45.826+0000] {dagbag.py:588} INFO - Filling up the DagBag from /home/ubuntu/airflow-venv/lib/python3.12/site-packages/airflow/example_dags/tutorial.py
[2026-02-25T14:37:45.832+0000] {processor.py:925} INFO - DAG(s) 'tutorial' retrieved from /home/ubuntu/airflow-venv/lib/python3.12/site-packages/airflow/example_dags/tutorial.py
[2026-02-25T14:37:45.841+0000] {logging_mixin.py:190} INFO - [2026-02-25T14:37:45.841+0000] {dag.py:3239} INFO - Sync 1 DAGs
[2026-02-25T14:37:45.854+0000] {logging_mixin.py:190} INFO - [2026-02-25T14:37:45.854+0000] {dag.py:4180} INFO - Setting next_dagrun for tutorial to 2026-02-24 00:00:00+00:00, run_after=2026-02-25 00:00:00+00:00
[2026-02-25T14:37:45.870+0000] {processor.py:208} INFO - Processing /home/ubuntu/airflow-venv/lib/python3.12/site-packages/airflow/example_dags/tutorial.py took 0.050 seconds
[2026-02-25T14:38:34.619+0000] {processor.py:186} INFO - Started process (PID=2770) to work on /home/ubuntu/airflow-venv/lib/python3.12/site-packages/airflow/example_dags/tutorial.py
[2026-02-25T14:38:34.621+0000] {processor.py:914} INFO - Processing file /home/ubuntu/airflow-venv/lib/python3.12/site-packages/airflow/example_dags/tutorial.py for tasks to queue
[2026-02-25T14:38:34.622+0000] {logging_mixin.py:190} INFO - [2026-02-25T14:38:34.622+0000] {dagbag.py:588} INFO - Filling up the DagBag from /home/ubuntu/airflow-venv/lib/python3.12/site-packages/airflow/example_dags/tutorial.py
[2026-02-25T14:38:34.627+0000] {processor.py:925} INFO - DAG(s) 'tutorial' retrieved from /home/ubuntu/airflow-venv/lib/python3.12/site-packages/airflow/example_dags/tutorial.py
[2026-02-25T14:38:34.637+0000] {logging_mixin.py:190} INFO - [2026-02-25T14:38:34.637+0000] {dag.py:3239} INFO - Sync 1 DAGs
[2026-02-25T14:38:34.649+0000] {logging_mixin.py:190} INFO - [2026-02-25T14:38:34.649+0000] {dag.py:4180} INFO - Setting next_dagrun for tutorial to 2026-02-24 00:00:00+00:00, run_after=2026-02-25 00:00:00+00:00
[2026-02-25T14:38:34.669+0000] {processor.py:208} INFO - Processing /home/ubuntu/airflow-venv/lib/python3.12/site-packages/airflow/example_dags/tutorial.py took 0.053 seconds
[2026-02-25T14:39:25.700+0000] {processor.py:186} INFO - Started process (PID=2822) to work on /home/ubuntu/airflow-venv/lib/python3.12/site-packages/airflow/example_dags/tutorial.py
[2026-02-25T14:39:25.702+0000] {processor.py:914} INFO - Processing file /home/ubuntu/airflow-venv/lib/python3.12/site-packages/airflow/example_dags/tutorial.py for tasks to queue
[2026-02-25T14:39:25.703+0000] {logging_mixin.py:190} INFO - [2026-02-25T14:39:25.703+0000] {dagbag.py:588} INFO - Filling up the DagBag from /home/ubuntu/airflow-venv/lib/python3.12/site-packages/airflow/example_dags/tutorial.py
[2026-02-25T14:39:25.708+0000] {processor.py:925} INFO - DAG(s) 'tutorial' retrieved from /home/ubuntu/airflow-venv/lib/python3.12/site-packages/airflow/example_dags/tutorial.py
[2026-02-25T14:39:25.718+0000] {logging_mixin.py:190} INFO - [2026-02-25T14:39:25.717+0000] {dag.py:3239} INFO - Sync 1 DAGs
[2026-02-25T14:39:25.806+0000] {logging_mixin.py:190} INFO - [2026-02-25T14:39:25.806+0000] {dag.py:4180} INFO - Setting next_dagrun for tutorial to 2026-02-24 00:00:00+00:00, run_after=2026-02-25 00:00:00+00:00
[2026-02-25T14:39:25.823+0000] {processor.py:208} INFO - Processing /home/ubuntu/airflow-venv/lib/python3.12/site-packages/airflow/example_dags/tutorial.py took 0.126 seconds
[2026-02-25T14:40:20.338+0000] {processor.py:186} INFO - Started process (PID=2879) to work on /home/ubuntu/airflow-venv/lib/python3.12/site-packages/airflow/example_dags/tutorial.py
[2026-02-25T14:40:20.340+0000] {processor.py:914} INFO - Processing file /home/ubuntu/airflow-venv/lib/python3.12/site-packages/airflow/example_dags/tutorial.py for tasks to queue
[2026-02-25T14:40:20.341+0000] {logging_mixin.py:190} INFO - [2026-02-25T14:40:20.341+0000] {dagbag.py:588} INFO - Filling up the DagBag from /home/ubuntu/airflow-venv/lib/python3.12/site-packages/airflow/example_dags/tutorial.py
[2026-02-25T14:40:20.347+0000] {processor.py:925} INFO - DAG(s) 'tutorial' retrieved from /home/ubuntu/airflow-venv/lib/python3.12/site-packages/airflow/example_dags/tutorial.py
[2026-02-25T14:40:20.357+0000] {logging_mixin.py:190} INFO - [2026-02-25T14:40:20.357+0000] {dag.py:3239} INFO - Sync 1 DAGs
[2026-02-25T14:40:20.370+0000] {logging_mixin.py:190} INFO - [2026-02-25T14:40:20.370+0000] {dag.py:4180} INFO - Setting next_dagrun for tutorial to 2026-02-24 00:00:00+00:00, run_after=2026-02-25 00:00:00+00:00
[2026-02-25T14:40:20.387+0000] {processor.py:208} INFO - Processing /home/ubuntu/airflow-venv/lib/python3.12/site-packages/airflow/example_dags/tutorial.py took 0.052 seconds
[2026-02-25T14:41:13.381+0000] {processor.py:186} INFO - Started process (PID=2934) to work on /home/ubuntu/airflow-venv/lib/python3.12/site-packages/airflow/example_dags/tutorial.py
[2026-02-25T14:41:13.383+0000] {processor.py:914} INFO - Processing file /home/ubuntu/airflow-venv/lib/python3.12/site-packages/airflow/example_dags/tutorial.py for tasks to queue
[2026-02-25T14:41:13.384+0000] {logging_mixin.py:190} INFO - [2026-02-25T14:41:13.384+0000] {dagbag.py:588} INFO - Filling up the DagBag from /home/ubuntu/airflow-venv/lib/python3.12/site-packages/airflow/example_dags/tutorial.py
[2026-02-25T14:41:13.389+0000] {processor.py:925} INFO - DAG(s) 'tutorial' retrieved from /home/ubuntu/airflow-venv/lib/python3.12/site-packages/airflow/example_dags/tutorial.py
[2026-02-25T14:41:13.399+0000] {logging_mixin.py:190} INFO - [2026-02-25T14:41:13.399+0000] {dag.py:3239} INFO - Sync 1 DAGs
[2026-02-25T14:41:13.412+0000] {logging_mixin.py:190} INFO - [2026-02-25T14:41:13.412+0000] {dag.py:4180} INFO - Setting next_dagrun for tutorial to 2026-02-24 00:00:00+00:00, run_after=2026-02-25 00:00:00+00:00
[2026-02-25T14:41:13.429+0000] {processor.py:208} INFO - Processing /home/ubuntu/airflow-venv/lib/python3.12/site-packages/airflow/example_dags/tutorial.py took 0.051 seconds
[2026-02-25T14:42:05.837+0000] {processor.py:186} INFO - Started process (PID=2989) to work on /home/ubuntu/airflow-venv/lib/python3.12/site-packages/airflow/example_dags/tutorial.py
[2026-02-25T14:42:05.838+0000] {processor.py:914} INFO - Processing file /home/ubuntu/airflow-venv/lib/python3.12/site-packages/airflow/example_dags/tutorial.py for tasks to queue
[2026-02-25T14:42:05.840+0000] {logging_mixin.py:190} INFO - [2026-02-25T14:42:05.840+0000] {dagbag.py:588} INFO - Filling up the DagBag from /home/ubuntu/airflow-venv/lib/python3.12/site-packages/airflow/example_dags/tutorial.py
[2026-02-25T14:42:05.845+0000] {processor.py:925} INFO - DAG(s) 'tutorial' retrieved from /home/ubuntu/airflow-venv/lib/python3.12/site-packages/airflow/example_dags/tutorial.py
[2026-02-25T14:42:05.856+0000] {logging_mixin.py:190} INFO - [2026-02-25T14:42:05.855+0000] {dag.py:3239} INFO - Sync 1 DAGs
[2026-02-25T14:42:05.869+0000] {logging_mixin.py:190} INFO - [2026-02-25T14:42:05.869+0000] {dag.py:4180} INFO - Setting next_dagrun for tutorial to 2026-02-24 00:00:00+00:00, run_after=2026-02-25 00:00:00+00:00
[2026-02-25T14:42:05.886+0000] {processor.py:208} INFO - Processing /home/ubuntu/airflow-venv/lib/python3.12/site-packages/airflow/example_dags/tutorial.py took 0.052 seconds
[2026-02-25T14:42:59.494+0000] {processor.py:186} INFO - Started process (PID=3047) to work on /home/ubuntu/airflow-venv/lib/python3.12/site-packages/airflow/example_dags/tutorial.py
[2026-02-25T14:42:59.495+0000] {processor.py:914} INFO - Processing file /home/ubuntu/airflow-venv/lib/python3.12/site-packages/airflow/example_dags/tutorial.py for tasks to queue
[2026-02-25T14:42:59.496+0000] {logging_mixin.py:190} INFO - [2026-02-25T14:42:59.496+0000] {dagbag.py:588} INFO - Filling up the DagBag from /home/ubuntu/airflow-venv/lib/python3.12/site-packages/airflow/example_dags/tutorial.py
[2026-02-25T14:42:59.502+0000] {processor.py:925} INFO - DAG(s) 'tutorial' retrieved from /home/ubuntu/airflow-venv/lib/python3.12/site-packages/airflow/example_dags/tutorial.py
[2026-02-25T14:42:59.512+0000] {logging_mixin.py:190} INFO - [2026-02-25T14:42:59.511+0000] {dag.py:3239} INFO - Sync 1 DAGs
[2026-02-25T14:42:59.524+0000] {logging_mixin.py:190} INFO - [2026-02-25T14:42:59.524+0000] {dag.py:4180} INFO - Setting next_dagrun for tutorial to 2026-02-24 00:00:00+00:00, run_after=2026-02-25 00:00:00+00:00
[2026-02-25T14:42:59.542+0000] {processor.py:208} INFO - Processing /home/ubuntu/airflow-venv/lib/python3.12/site-packages/airflow/example_dags/tutorial.py took 0.052 seconds
[2026-02-25T14:43:47.429+0000] {processor.py:186} INFO - Started process (PID=3101) to work on /home/ubuntu/airflow-venv/lib/python3.12/site-packages/airflow/example_dags/tutorial.py
[2026-02-25T14:43:47.430+0000] {processor.py:914} INFO - Processing file /home/ubuntu/airflow-venv/lib/python3.12/site-packages/airflow/example_dags/tutorial.py for tasks to queue
[2026-02-25T14:43:47.432+0000] {logging_mixin.py:190} INFO - [2026-02-25T14:43:47.431+0000] {dagbag.py:588} INFO - Filling up the DagBag from /home/ubuntu/airflow-venv/lib/python3.12/site-packages/airflow/example_dags/tutorial.py
[2026-02-25T14:43:47.438+0000] {processor.py:925} INFO - DAG(s) 'tutorial' retrieved from /home/ubuntu/airflow-venv/lib/python3.12/site-packages/airflow/example_dags/tutorial.py
[2026-02-25T14:43:47.449+0000] {logging_mixin.py:190} INFO - [2026-02-25T14:43:47.449+0000] {dag.py:3239} INFO - Sync 1 DAGs
[2026-02-25T14:43:47.463+0000] {logging_mixin.py:190} INFO - [2026-02-25T14:43:47.463+0000] {dag.py:4180} INFO - Setting next_dagrun for tutorial to 2026-02-24 00:00:00+00:00, run_after=2026-02-25 00:00:00+00:00
[2026-02-25T14:43:47.480+0000] {processor.py:208} INFO - Processing /home/ubuntu/airflow-venv/lib/python3.12/site-packages/airflow/example_dags/tutorial.py took 0.055 seconds
[2026-02-25T14:44:36.353+0000] {processor.py:186} INFO - Started process (PID=3154) to work on /home/ubuntu/airflow-venv/lib/python3.12/site-packages/airflow/example_dags/tutorial.py
[2026-02-25T14:44:36.355+0000] {processor.py:914} INFO - Processing file /home/ubuntu/airflow-venv/lib/python3.12/site-packages/airflow/example_dags/tutorial.py for tasks to queue
[2026-02-25T14:44:36.356+0000] {logging_mixin.py:190} INFO - [2026-02-25T14:44:36.356+0000] {dagbag.py:588} INFO - Filling up the DagBag from /home/ubuntu/airflow-venv/lib/python3.12/site-packages/airflow/example_dags/tutorial.py
[2026-02-25T14:44:36.361+0000] {processor.py:925} INFO - DAG(s) 'tutorial' retrieved from /home/ubuntu/airflow-venv/lib/python3.12/site-packages/airflow/example_dags/tutorial.py
[2026-02-25T14:44:36.371+0000] {logging_mixin.py:190} INFO - [2026-02-25T14:44:36.371+0000] {dag.py:3239} INFO - Sync 1 DAGs
[2026-02-25T14:44:36.384+0000] {logging_mixin.py:190} INFO - [2026-02-25T14:44:36.384+0000] {dag.py:4180} INFO - Setting next_dagrun for tutorial to 2026-02-24 00:00:00+00:00, run_after=2026-02-25 00:00:00+00:00
[2026-02-25T14:44:36.401+0000] {processor.py:208} INFO - Processing /home/ubuntu/airflow-venv/lib/python3.12/site-packages/airflow/example_dags/tutorial.py took 0.052 seconds
[2026-02-25T15:00:11.577+0000] {processor.py:186} INFO - Started process (PID=2108) to work on /home/ubuntu/airflow-venv/lib/python3.12/site-packages/airflow/example_dags/tutorial.py
[2026-02-25T15:00:11.579+0000] {processor.py:914} INFO - Processing file /home/ubuntu/airflow-venv/lib/python3.12/site-packages/airflow/example_dags/tutorial.py for tasks to queue
[2026-02-25T15:00:11.581+0000] {logging_mixin.py:190} INFO - [2026-02-25T15:00:11.581+0000] {dagbag.py:588} INFO - Filling up the DagBag from /home/ubuntu/airflow-venv/lib/python3.12/site-packages/airflow/example_dags/tutorial.py
[2026-02-25T15:00:11.586+0000] {processor.py:925} INFO - DAG(s) 'tutorial' retrieved from /home/ubuntu/airflow-venv/lib/python3.12/site-packages/airflow/example_dags/tutorial.py
[2026-02-25T15:00:11.597+0000] {logging_mixin.py:190} INFO - [2026-02-25T15:00:11.597+0000] {dag.py:3239} INFO - Sync 1 DAGs
[2026-02-25T15:00:11.611+0000] {logging_mixin.py:190} INFO - [2026-02-25T15:00:11.611+0000] {dag.py:4180} INFO - Setting next_dagrun for tutorial to 2026-02-24 00:00:00+00:00, run_after=2026-02-25 00:00:00+00:00
[2026-02-25T15:00:11.627+0000] {processor.py:208} INFO - Processing /home/ubuntu/airflow-venv/lib/python3.12/site-packages/airflow/example_dags/tutorial.py took 0.054 seconds
[2026-02-25T15:01:04.938+0000] {processor.py:186} INFO - Started process (PID=2174) to work on /home/ubuntu/airflow-venv/lib/python3.12/site-packages/airflow/example_dags/tutorial.py
[2026-02-25T15:01:04.939+0000] {processor.py:914} INFO - Processing file /home/ubuntu/airflow-venv/lib/python3.12/site-packages/airflow/example_dags/tutorial.py for tasks to queue
[2026-02-25T15:01:04.940+0000] {logging_mixin.py:190} INFO - [2026-02-25T15:01:04.940+0000] {dagbag.py:588} INFO - Filling up the DagBag from /home/ubuntu/airflow-venv/lib/python3.12/site-packages/airflow/example_dags/tutorial.py
[2026-02-25T15:01:04.945+0000] {processor.py:925} INFO - DAG(s) 'tutorial' retrieved from /home/ubuntu/airflow-venv/lib/python3.12/site-packages/airflow/example_dags/tutorial.py
[2026-02-25T15:01:04.955+0000] {logging_mixin.py:190} INFO - [2026-02-25T15:01:04.955+0000] {dag.py:3239} INFO - Sync 1 DAGs
[2026-02-25T15:01:04.966+0000] {logging_mixin.py:190} INFO - [2026-02-25T15:01:04.966+0000] {dag.py:4180} INFO - Setting next_dagrun for tutorial to 2026-02-24 00:00:00+00:00, run_after=2026-02-25 00:00:00+00:00
[2026-02-25T15:01:04.983+0000] {processor.py:208} INFO - Processing /home/ubuntu/airflow-venv/lib/python3.12/site-packages/airflow/example_dags/tutorial.py took 0.049 seconds
[2026-02-25T15:01:50.568+0000] {processor.py:186} INFO - Started process (PID=2224) to work on /home/ubuntu/airflow-venv/lib/python3.12/site-packages/airflow/example_dags/tutorial.py
[2026-02-25T15:01:50.570+0000] {processor.py:914} INFO - Processing file /home/ubuntu/airflow-venv/lib/python3.12/site-packages/airflow/example_dags/tutorial.py for tasks to queue
[2026-02-25T15:01:50.571+0000] {logging_mixin.py:190} INFO - [2026-02-25T15:01:50.571+0000] {dagbag.py:588} INFO - Filling up the DagBag from /home/ubuntu/airflow-venv/lib/python3.12/site-packages/airflow/example_dags/tutorial.py
[2026-02-25T15:01:50.576+0000] {processor.py:925} INFO - DAG(s) 'tutorial' retrieved from /home/ubuntu/airflow-venv/lib/python3.12/site-packages/airflow/example_dags/tutorial.py
[2026-02-25T15:01:50.586+0000] {logging_mixin.py:190} INFO - [2026-02-25T15:01:50.586+0000] {dag.py:3239} INFO - Sync 1 DAGs
[2026-02-25T15:01:50.598+0000] {logging_mixin.py:190} INFO - [2026-02-25T15:01:50.598+0000] {dag.py:4180} INFO - Setting next_dagrun for tutorial to 2026-02-24 00:00:00+00:00, run_after=2026-02-25 00:00:00+00:00
[2026-02-25T15:01:50.614+0000] {processor.py:208} INFO - Processing /home/ubuntu/airflow-venv/lib/python3.12/site-packages/airflow/example_dags/tutorial.py took 0.049 seconds
[2026-02-25T15:02:38.531+0000] {processor.py:186} INFO - Started process (PID=2274) to work on /home/ubuntu/airflow-venv/lib/python3.12/site-packages/airflow/example_dags/tutorial.py
[2026-02-25T15:02:38.533+0000] {processor.py:914} INFO - Processing file /home/ubuntu/airflow-venv/lib/python3.12/site-packages/airflow/example_dags/tutorial.py for tasks to queue
[2026-02-25T15:02:38.534+0000] {logging_mixin.py:190} INFO - [2026-02-25T15:02:38.534+0000] {dagbag.py:588} INFO - Filling up the DagBag from /home/ubuntu/airflow-venv/lib/python3.12/site-packages/airflow/example_dags/tutorial.py
[2026-02-25T15:02:38.539+0000] {processor.py:925} INFO - DAG(s) 'tutorial' retrieved from /home/ubuntu/airflow-venv/lib/python3.12/site-packages/airflow/example_dags/tutorial.py
[2026-02-25T15:02:38.549+0000] {logging_mixin.py:190} INFO - [2026-02-25T15:02:38.548+0000] {dag.py:3239} INFO - Sync 1 DAGs
[2026-02-25T15:02:38.560+0000] {logging_mixin.py:190} INFO - [2026-02-25T15:02:38.560+0000] {dag.py:4180} INFO - Setting next_dagrun for tutorial to 2026-02-24 00:00:00+00:00, run_after=2026-02-25 00:00:00+00:00
[2026-02-25T15:02:38.576+0000] {processor.py:208} INFO - Processing /home/ubuntu/airflow-venv/lib/python3.12/site-packages/airflow/example_dags/tutorial.py took 0.048 seconds
[2026-02-25T15:03:29.911+0000] {processor.py:186} INFO - Started process (PID=2330) to work on /home/ubuntu/airflow-venv/lib/python3.12/site-packages/airflow/example_dags/tutorial.py
[2026-02-25T15:03:29.913+0000] {processor.py:914} INFO - Processing file /home/ubuntu/airflow-venv/lib/python3.12/site-packages/airflow/example_dags/tutorial.py for tasks to queue
[2026-02-25T15:03:29.914+0000] {logging_mixin.py:190} INFO - [2026-02-25T15:03:29.914+0000] {dagbag.py:588} INFO - Filling up the DagBag from /home/ubuntu/airflow-venv/lib/python3.12/site-packages/airflow/example_dags/tutorial.py
[2026-02-25T15:03:29.918+0000] {processor.py:925} INFO - DAG(s) 'tutorial' retrieved from /home/ubuntu/airflow-venv/lib/python3.12/site-packages/airflow/example_dags/tutorial.py
[2026-02-25T15:03:29.928+0000] {logging_mixin.py:190} INFO - [2026-02-25T15:03:29.928+0000] {dag.py:3239} INFO - Sync 1 DAGs
[2026-02-25T15:03:29.939+0000] {logging_mixin.py:190} INFO - [2026-02-25T15:03:29.939+0000] {dag.py:4180} INFO - Setting next_dagrun for tutorial to 2026-02-24 00:00:00+00:00, run_after=2026-02-25 00:00:00+00:00
[2026-02-25T15:03:29.956+0000] {processor.py:208} INFO - Processing /home/ubuntu/airflow-venv/lib/python3.12/site-packages/airflow/example_dags/tutorial.py took 0.047 seconds
[2026-02-25T15:04:20.084+0000] {processor.py:186} INFO - Started process (PID=2387) to work on /home/ubuntu/airflow-venv/lib/python3.12/site-packages/airflow/example_dags/tutorial.py
[2026-02-25T15:04:20.085+0000] {processor.py:914} INFO - Processing file /home/ubuntu/airflow-venv/lib/python3.12/site-packages/airflow/example_dags/tutorial.py for tasks to queue
[2026-02-25T15:04:20.087+0000] {logging_mixin.py:190} INFO - [2026-02-25T15:04:20.086+0000] {dagbag.py:588} INFO - Filling up the DagBag from /home/ubuntu/airflow-venv/lib/python3.12/site-packages/airflow/example_dags/tutorial.py
[2026-02-25T15:04:20.091+0000] {processor.py:925} INFO - DAG(s) 'tutorial' retrieved from /home/ubuntu/airflow-venv/lib/python3.12/site-packages/airflow/example_dags/tutorial.py
[2026-02-25T15:04:20.101+0000] {logging_mixin.py:190} INFO - [2026-02-25T15:04:20.100+0000] {dag.py:3239} INFO - Sync 1 DAGs
[2026-02-25T15:04:20.112+0000] {logging_mixin.py:190} INFO - [2026-02-25T15:04:20.112+0000] {dag.py:4180} INFO - Setting next_dagrun for tutorial to 2026-02-24 00:00:00+00:00, run_after=2026-02-25 00:00:00+00:00
[2026-02-25T15:04:20.129+0000] {processor.py:208} INFO - Processing /home/ubuntu/airflow-venv/lib/python3.12/site-packages/airflow/example_dags/tutorial.py took 0.048 seconds
[2026-02-25T15:05:09.282+0000] {processor.py:186} INFO - Started process (PID=2449) to work on /home/ubuntu/airflow-venv/lib/python3.12/site-packages/airflow/example_dags/tutorial.py
[2026-02-25T15:05:09.283+0000] {processor.py:914} INFO - Processing file /home/ubuntu/airflow-venv/lib/python3.12/site-packages/airflow/example_dags/tutorial.py for tasks to queue
[2026-02-25T15:05:09.285+0000] {logging_mixin.py:190} INFO - [2026-02-25T15:05:09.284+0000] {dagbag.py:588} INFO - Filling up the DagBag from /home/ubuntu/airflow-venv/lib/python3.12/site-packages/airflow/example_dags/tutorial.py
[2026-02-25T15:05:09.289+0000] {processor.py:925} INFO - DAG(s) 'tutorial' retrieved from /home/ubuntu/airflow-venv/lib/python3.12/site-packages/airflow/example_dags/tutorial.py
[2026-02-25T15:05:09.298+0000] {logging_mixin.py:190} INFO - [2026-02-25T15:05:09.298+0000] {dag.py:3239} INFO - Sync 1 DAGs
[2026-02-25T15:05:09.310+0000] {logging_mixin.py:190} INFO - [2026-02-25T15:05:09.310+0000] {dag.py:4180} INFO - Setting next_dagrun for tutorial to 2026-02-24 00:00:00+00:00, run_after=2026-02-25 00:00:00+00:00
[2026-02-25T15:05:09.326+0000] {processor.py:208} INFO - Processing /home/ubuntu/airflow-venv/lib/python3.12/site-packages/airflow/example_dags/tutorial.py took 0.046 seconds
[2026-02-25T15:06:02.677+0000] {processor.py:186} INFO - Started process (PID=2503) to work on /home/ubuntu/airflow-venv/lib/python3.12/site-packages/airflow/example_dags/tutorial.py
[2026-02-25T15:06:02.678+0000] {processor.py:914} INFO - Processing file /home/ubuntu/airflow-venv/lib/python3.12/site-packages/airflow/example_dags/tutorial.py for tasks to queue
[2026-02-25T15:06:02.680+0000] {logging_mixin.py:190} INFO - [2026-02-25T15:06:02.679+0000] {dagbag.py:588} INFO - Filling up the DagBag from /home/ubuntu/airflow-venv/lib/python3.12/site-packages/airflow/example_dags/tutorial.py
[2026-02-25T15:06:02.684+0000] {processor.py:925} INFO - DAG(s) 'tutorial' retrieved from /home/ubuntu/airflow-venv/lib/python3.12/site-packages/airflow/example_dags/tutorial.py
[2026-02-25T15:06:02.768+0000] {logging_mixin.py:190} INFO - [2026-02-25T15:06:02.768+0000] {dag.py:3239} INFO - Sync 1 DAGs
[2026-02-25T15:06:02.778+0000] {logging_mixin.py:190} INFO - [2026-02-25T15:06:02.778+0000] {dag.py:4180} INFO - Setting next_dagrun for tutorial to 2026-02-24 00:00:00+00:00, run_after=2026-02-25 00:00:00+00:00
[2026-02-25T15:06:02.793+0000] {processor.py:208} INFO - Processing /home/ubuntu/airflow-venv/lib/python3.12/site-packages/airflow/example_dags/tutorial.py took 0.119 seconds
[2026-02-25T15:06:56.158+0000] {processor.py:186} INFO - Started process (PID=2559) to work on /home/ubuntu/airflow-venv/lib/python3.12/site-packages/airflow/example_dags/tutorial.py
[2026-02-25T15:06:56.159+0000] {processor.py:914} INFO - Processing file /home/ubuntu/airflow-venv/lib/python3.12/site-packages/airflow/example_dags/tutorial.py for tasks to queue
[2026-02-25T15:06:56.161+0000] {logging_mixin.py:190} INFO - [2026-02-25T15:06:56.161+0000] {dagbag.py:588} INFO - Filling up the DagBag from /home/ubuntu/airflow-venv/lib/python3.12/site-packages/airflow/example_dags/tutorial.py
[2026-02-25T15:06:56.166+0000] {processor.py:925} INFO - DAG(s) 'tutorial' retrieved from /home/ubuntu/airflow-venv/lib/python3.12/site-packages/airflow/example_dags/tutorial.py
[2026-02-25T15:06:56.175+0000] {logging_mixin.py:190} INFO - [2026-02-25T15:06:56.175+0000] {dag.py:3239} INFO - Sync 1 DAGs
[2026-02-25T15:06:56.187+0000] {logging_mixin.py:190} INFO - [2026-02-25T15:06:56.187+0000] {dag.py:4180} INFO - Setting next_dagrun for tutorial to 2026-02-24 00:00:00+00:00, run_after=2026-02-25 00:00:00+00:00
[2026-02-25T15:06:56.203+0000] {processor.py:208} INFO - Processing /home/ubuntu/airflow-venv/lib/python3.12/site-packages/airflow/example_dags/tutorial.py took 0.049 seconds
[2026-02-25T15:07:45.504+0000] {processor.py:186} INFO - Started process (PID=2614) to work on /home/ubuntu/airflow-venv/lib/python3.12/site-packages/airflow/example_dags/tutorial.py
[2026-02-25T15:07:45.505+0000] {processor.py:914} INFO - Processing file /home/ubuntu/airflow-venv/lib/python3.12/site-packages/airflow/example_dags/tutorial.py for tasks to queue
[2026-02-25T15:07:45.507+0000] {logging_mixin.py:190} INFO - [2026-02-25T15:07:45.506+0000] {dagbag.py:588} INFO - Filling up the DagBag from /home/ubuntu/airflow-venv/lib/python3.12/site-packages/airflow/example_dags/tutorial.py
[2026-02-25T15:07:45.512+0000] {processor.py:925} INFO - DAG(s) 'tutorial' retrieved from /home/ubuntu/airflow-venv/lib/python3.12/site-packages/airflow/example_dags/tutorial.py
[2026-02-25T15:07:45.521+0000] {logging_mixin.py:190} INFO - [2026-02-25T15:07:45.521+0000] {dag.py:3239} INFO - Sync 1 DAGs
[2026-02-25T15:07:45.533+0000] {logging_mixin.py:190} INFO - [2026-02-25T15:07:45.533+0000] {dag.py:4180} INFO - Setting next_dagrun for tutorial to 2026-02-24 00:00:00+00:00, run_after=2026-02-25 00:00:00+00:00
[2026-02-25T15:07:45.550+0000] {processor.py:208} INFO - Processing /home/ubuntu/airflow-venv/lib/python3.12/site-packages/airflow/example_dags/tutorial.py took 0.049 seconds
[2026-02-25T15:08:34.846+0000] {processor.py:186} INFO - Started process (PID=3031) to work on /home/ubuntu/airflow-venv/lib/python3.12/site-packages/airflow/example_dags/tutorial.py
[2026-02-25T15:08:34.848+0000] {processor.py:914} INFO - Processing file /home/ubuntu/airflow-venv/lib/python3.12/site-packages/airflow/example_dags/tutorial.py for tasks to queue
[2026-02-25T15:08:34.849+0000] {logging_mixin.py:190} INFO - [2026-02-25T15:08:34.849+0000] {dagbag.py:588} INFO - Filling up the DagBag from /home/ubuntu/airflow-venv/lib/python3.12/site-packages/airflow/example_dags/tutorial.py
[2026-02-25T15:08:34.854+0000] {processor.py:925} INFO - DAG(s) 'tutorial' retrieved from /home/ubuntu/airflow-venv/lib/python3.12/site-packages/airflow/example_dags/tutorial.py
[2026-02-25T15:08:34.864+0000] {logging_mixin.py:190} INFO - [2026-02-25T15:08:34.863+0000] {dag.py:3239} INFO - Sync 1 DAGs
[2026-02-25T15:08:34.876+0000] {logging_mixin.py:190} INFO - [2026-02-25T15:08:34.876+0000] {dag.py:4180} INFO - Setting next_dagrun for tutorial to 2026-02-24 00:00:00+00:00, run_after=2026-02-25 00:00:00+00:00
[2026-02-25T15:08:34.892+0000] {processor.py:208} INFO - Processing /home/ubuntu/airflow-venv/lib/python3.12/site-packages/airflow/example_dags/tutorial.py took 0.049 seconds
[2026-02-25T15:09:22.912+0000] {processor.py:186} INFO - Started process (PID=3086) to work on /home/ubuntu/airflow-venv/lib/python3.12/site-packages/airflow/example_dags/tutorial.py
[2026-02-25T15:09:22.914+0000] {processor.py:914} INFO - Processing file /home/ubuntu/airflow-venv/lib/python3.12/site-packages/airflow/example_dags/tutorial.py for tasks to queue
[2026-02-25T15:09:22.915+0000] {logging_mixin.py:190} INFO - [2026-02-25T15:09:22.915+0000] {dagbag.py:588} INFO - Filling up the DagBag from /home/ubuntu/airflow-venv/lib/python3.12/site-packages/airflow/example_dags/tutorial.py
[2026-02-25T15:09:22.921+0000] {processor.py:925} INFO - DAG(s) 'tutorial' retrieved from /home/ubuntu/airflow-venv/lib/python3.12/site-packages/airflow/example_dags/tutorial.py
[2026-02-25T15:09:22.930+0000] {logging_mixin.py:190} INFO - [2026-02-25T15:09:22.930+0000] {dag.py:3239} INFO - Sync 1 DAGs
[2026-02-25T15:09:22.942+0000] {logging_mixin.py:190} INFO - [2026-02-25T15:09:22.942+0000] {dag.py:4180} INFO - Setting next_dagrun for tutorial to 2026-02-24 00:00:00+00:00, run_after=2026-02-25 00:00:00+00:00
[2026-02-25T15:09:22.959+0000] {processor.py:208} INFO - Processing /home/ubuntu/airflow-venv/lib/python3.12/site-packages/airflow/example_dags/tutorial.py took 0.050 seconds
[2026-02-25T15:10:14.504+0000] {processor.py:186} INFO - Started process (PID=3140) to work on /home/ubuntu/airflow-venv/lib/python3.12/site-packages/airflow/example_dags/tutorial.py
[2026-02-25T15:10:14.505+0000] {processor.py:914} INFO - Processing file /home/ubuntu/airflow-venv/lib/python3.12/site-packages/airflow/example_dags/tutorial.py for tasks to queue
[2026-02-25T15:10:14.507+0000] {logging_mixin.py:190} INFO - [2026-02-25T15:10:14.506+0000] {dagbag.py:588} INFO - Filling up the DagBag from /home/ubuntu/airflow-venv/lib/python3.12/site-packages/airflow/example_dags/tutorial.py
[2026-02-25T15:10:14.512+0000] {processor.py:925} INFO - DAG(s) 'tutorial' retrieved from /home/ubuntu/airflow-venv/lib/python3.12/site-packages/airflow/example_dags/tutorial.py
[2026-02-25T15:10:14.522+0000] {logging_mixin.py:190} INFO - [2026-02-25T15:10:14.521+0000] {dag.py:3239} INFO - Sync 1 DAGs
[2026-02-25T15:10:14.533+0000] {logging_mixin.py:190} INFO - [2026-02-25T15:10:14.533+0000] {dag.py:4180} INFO - Setting next_dagrun for tutorial to 2026-02-24 00:00:00+00:00, run_after=2026-02-25 00:00:00+00:00
[2026-02-25T15:10:14.549+0000] {processor.py:208} INFO - Processing /home/ubuntu/airflow-venv/lib/python3.12/site-packages/airflow/example_dags/tutorial.py took 0.049 seconds
[2026-02-25T15:11:05.322+0000] {processor.py:186} INFO - Started process (PID=3195) to work on /home/ubuntu/airflow-venv/lib/python3.12/site-packages/airflow/example_dags/tutorial.py
[2026-02-25T15:11:05.323+0000] {processor.py:914} INFO - Processing file /home/ubuntu/airflow-venv/lib/python3.12/site-packages/airflow/example_dags/tutorial.py for tasks to queue
[2026-02-25T15:11:05.325+0000] {logging_mixin.py:190} INFO - [2026-02-25T15:11:05.324+0000] {dagbag.py:588} INFO - Filling up the DagBag from /home/ubuntu/airflow-venv/lib/python3.12/site-packages/airflow/example_dags/tutorial.py
[2026-02-25T15:11:05.330+0000] {processor.py:925} INFO - DAG(s) 'tutorial' retrieved from /home/ubuntu/airflow-venv/lib/python3.12/site-packages/airflow/example_dags/tutorial.py
[2026-02-25T15:11:05.339+0000] {logging_mixin.py:190} INFO - [2026-02-25T15:11:05.339+0000] {dag.py:3239} INFO - Sync 1 DAGs
[2026-02-25T15:11:05.352+0000] {logging_mixin.py:190} INFO - [2026-02-25T15:11:05.352+0000] {dag.py:4180} INFO - Setting next_dagrun for tutorial to 2026-02-24 00:00:00+00:00, run_after=2026-02-25 00:00:00+00:00
[2026-02-25T15:11:05.368+0000] {processor.py:208} INFO - Processing /home/ubuntu/airflow-venv/lib/python3.12/site-packages/airflow/example_dags/tutorial.py took 0.050 seconds
[2026-02-25T15:11:54.746+0000] {processor.py:186} INFO - Started process (PID=3246) to work on /home/ubuntu/airflow-venv/lib/python3.12/site-packages/airflow/example_dags/tutorial.py
[2026-02-25T15:11:54.747+0000] {processor.py:914} INFO - Processing file /home/ubuntu/airflow-venv/lib/python3.12/site-packages/airflow/example_dags/tutorial.py for tasks to queue
[2026-02-25T15:11:54.748+0000] {logging_mixin.py:190} INFO - [2026-02-25T15:11:54.748+0000] {dagbag.py:588} INFO - Filling up the DagBag from /home/ubuntu/airflow-venv/lib/python3.12/site-packages/airflow/example_dags/tutorial.py
[2026-02-25T15:11:54.754+0000] {processor.py:925} INFO - DAG(s) 'tutorial' retrieved from /home/ubuntu/airflow-venv/lib/python3.12/site-packages/airflow/example_dags/tutorial.py
[2026-02-25T15:11:54.763+0000] {logging_mixin.py:190} INFO - [2026-02-25T15:11:54.763+0000] {dag.py:3239} INFO - Sync 1 DAGs
[2026-02-25T15:11:54.775+0000] {logging_mixin.py:190} INFO - [2026-02-25T15:11:54.775+0000] {dag.py:4180} INFO - Setting next_dagrun for tutorial to 2026-02-24 00:00:00+00:00, run_after=2026-02-25 00:00:00+00:00
[2026-02-25T15:11:54.792+0000] {processor.py:208} INFO - Processing /home/ubuntu/airflow-venv/lib/python3.12/site-packages/airflow/example_dags/tutorial.py took 0.049 seconds
[2026-02-25T15:12:47.877+0000] {processor.py:186} INFO - Started process (PID=3301) to work on /home/ubuntu/airflow-venv/lib/python3.12/site-packages/airflow/example_dags/tutorial.py
[2026-02-25T15:12:47.878+0000] {processor.py:914} INFO - Processing file /home/ubuntu/airflow-venv/lib/python3.12/site-packages/airflow/example_dags/tutorial.py for tasks to queue
[2026-02-25T15:12:47.880+0000] {logging_mixin.py:190} INFO - [2026-02-25T15:12:47.880+0000] {dagbag.py:588} INFO - Filling up the DagBag from /home/ubuntu/airflow-venv/lib/python3.12/site-packages/airflow/example_dags/tutorial.py
[2026-02-25T15:12:47.885+0000] {processor.py:925} INFO - DAG(s) 'tutorial' retrieved from /home/ubuntu/airflow-venv/lib/python3.12/site-packages/airflow/example_dags/tutorial.py
[2026-02-25T15:12:47.895+0000] {logging_mixin.py:190} INFO - [2026-02-25T15:12:47.895+0000] {dag.py:3239} INFO - Sync 1 DAGs
[2026-02-25T15:12:47.907+0000] {logging_mixin.py:190} INFO - [2026-02-25T15:12:47.907+0000] {dag.py:4180} INFO - Setting next_dagrun for tutorial to 2026-02-24 00:00:00+00:00, run_after=2026-02-25 00:00:00+00:00
[2026-02-25T15:12:47.923+0000] {processor.py:208} INFO - Processing /home/ubuntu/airflow-venv/lib/python3.12/site-packages/airflow/example_dags/tutorial.py took 0.049 seconds
[2026-02-25T15:13:34.778+0000] {processor.py:186} INFO - Started process (PID=3352) to work on /home/ubuntu/airflow-venv/lib/python3.12/site-packages/airflow/example_dags/tutorial.py
[2026-02-25T15:13:34.779+0000] {processor.py:914} INFO - Processing file /home/ubuntu/airflow-venv/lib/python3.12/site-packages/airflow/example_dags/tutorial.py for tasks to queue
[2026-02-25T15:13:34.780+0000] {logging_mixin.py:190} INFO - [2026-02-25T15:13:34.780+0000] {dagbag.py:588} INFO - Filling up the DagBag from /home/ubuntu/airflow-venv/lib/python3.12/site-packages/airflow/example_dags/tutorial.py
[2026-02-25T15:13:34.785+0000] {processor.py:925} INFO - DAG(s) 'tutorial' retrieved from /home/ubuntu/airflow-venv/lib/python3.12/site-packages/airflow/example_dags/tutorial.py
[2026-02-25T15:13:34.795+0000] {logging_mixin.py:190} INFO - [2026-02-25T15:13:34.795+0000] {dag.py:3239} INFO - Sync 1 DAGs
[2026-02-25T15:13:34.806+0000] {logging_mixin.py:190} INFO - [2026-02-25T15:13:34.806+0000] {dag.py:4180} INFO - Setting next_dagrun for tutorial to 2026-02-24 00:00:00+00:00, run_after=2026-02-25 00:00:00+00:00
[2026-02-25T15:13:34.823+0000] {processor.py:208} INFO - Processing /home/ubuntu/airflow-venv/lib/python3.12/site-packages/airflow/example_dags/tutorial.py took 0.049 seconds
[2026-02-25T15:14:23.986+0000] {processor.py:186} INFO - Started process (PID=3408) to work on /home/ubuntu/airflow-venv/lib/python3.12/site-packages/airflow/example_dags/tutorial.py
[2026-02-25T15:14:23.988+0000] {processor.py:914} INFO - Processing file /home/ubuntu/airflow-venv/lib/python3.12/site-packages/airflow/example_dags/tutorial.py for tasks to queue
[2026-02-25T15:14:23.989+0000] {logging_mixin.py:190} INFO - [2026-02-25T15:14:23.989+0000] {dagbag.py:588} INFO - Filling up the DagBag from /home/ubuntu/airflow-venv/lib/python3.12/site-packages/airflow/example_dags/tutorial.py
[2026-02-25T15:14:23.995+0000] {processor.py:925} INFO - DAG(s) 'tutorial' retrieved from /home/ubuntu/airflow-venv/lib/python3.12/site-packages/airflow/example_dags/tutorial.py
[2026-02-25T15:14:24.004+0000] {logging_mixin.py:190} INFO - [2026-02-25T15:14:24.004+0000] {dag.py:3239} INFO - Sync 1 DAGs
[2026-02-25T15:14:24.016+0000] {logging_mixin.py:190} INFO - [2026-02-25T15:14:24.016+0000] {dag.py:4180} INFO - Setting next_dagrun for tutorial to 2026-02-24 00:00:00+00:00, run_after=2026-02-25 00:00:00+00:00
[2026-02-25T15:14:24.033+0000] {processor.py:208} INFO - Processing /home/ubuntu/airflow-venv/lib/python3.12/site-packages/airflow/example_dags/tutorial.py took 0.050 seconds
[2026-02-25T15:15:12.446+0000] {processor.py:186} INFO - Started process (PID=3461) to work on /home/ubuntu/airflow-venv/lib/python3.12/site-packages/airflow/example_dags/tutorial.py
[2026-02-25T15:15:12.448+0000] {processor.py:914} INFO - Processing file /home/ubuntu/airflow-venv/lib/python3.12/site-packages/airflow/example_dags/tutorial.py for tasks to queue
[2026-02-25T15:15:12.449+0000] {logging_mixin.py:190} INFO - [2026-02-25T15:15:12.449+0000] {dagbag.py:588} INFO - Filling up the DagBag from /home/ubuntu/airflow-venv/lib/python3.12/site-packages/airflow/example_dags/tutorial.py
[2026-02-25T15:15:12.454+0000] {processor.py:925} INFO - DAG(s) 'tutorial' retrieved from /home/ubuntu/airflow-venv/lib/python3.12/site-packages/airflow/example_dags/tutorial.py
[2026-02-25T15:15:12.464+0000] {logging_mixin.py:190} INFO - [2026-02-25T15:15:12.463+0000] {dag.py:3239} INFO - Sync 1 DAGs
[2026-02-25T15:15:12.476+0000] {logging_mixin.py:190} INFO - [2026-02-25T15:15:12.476+0000] {dag.py:4180} INFO - Setting next_dagrun for tutorial to 2026-02-24 00:00:00+00:00, run_after=2026-02-25 00:00:00+00:00
[2026-02-25T15:15:12.492+0000] {processor.py:208} INFO - Processing /home/ubuntu/airflow-venv/lib/python3.12/site-packages/airflow/example_dags/tutorial.py took 0.049 seconds
[2026-02-25T15:16:00.331+0000] {processor.py:186} INFO - Started process (PID=3514) to work on /home/ubuntu/airflow-venv/lib/python3.12/site-packages/airflow/example_dags/tutorial.py
[2026-02-25T15:16:00.332+0000] {processor.py:914} INFO - Processing file /home/ubuntu/airflow-venv/lib/python3.12/site-packages/airflow/example_dags/tutorial.py for tasks to queue
[2026-02-25T15:16:00.333+0000] {logging_mixin.py:190} INFO - [2026-02-25T15:16:00.333+0000] {dagbag.py:588} INFO - Filling up the DagBag from /home/ubuntu/airflow-venv/lib/python3.12/site-packages/airflow/example_dags/tutorial.py
[2026-02-25T15:16:00.338+0000] {processor.py:925} INFO - DAG(s) 'tutorial' retrieved from /home/ubuntu/airflow-venv/lib/python3.12/site-packages/airflow/example_dags/tutorial.py
[2026-02-25T15:16:00.348+0000] {logging_mixin.py:190} INFO - [2026-02-25T15:16:00.348+0000] {dag.py:3239} INFO - Sync 1 DAGs
[2026-02-25T15:16:00.360+0000] {logging_mixin.py:190} INFO - [2026-02-25T15:16:00.360+0000] {dag.py:4180} INFO - Setting next_dagrun for tutorial to 2026-02-24 00:00:00+00:00, run_after=2026-02-25 00:00:00+00:00
[2026-02-25T15:16:00.377+0000] {processor.py:208} INFO - Processing /home/ubuntu/airflow-venv/lib/python3.12/site-packages/airflow/example_dags/tutorial.py took 0.049 seconds
[2026-02-25T15:16:49.826+0000] {processor.py:186} INFO - Started process (PID=3565) to work on /home/ubuntu/airflow-venv/lib/python3.12/site-packages/airflow/example_dags/tutorial.py
[2026-02-25T15:16:49.827+0000] {processor.py:914} INFO - Processing file /home/ubuntu/airflow-venv/lib/python3.12/site-packages/airflow/example_dags/tutorial.py for tasks to queue
[2026-02-25T15:16:49.829+0000] {logging_mixin.py:190} INFO - [2026-02-25T15:16:49.828+0000] {dagbag.py:588} INFO - Filling up the DagBag from /home/ubuntu/airflow-venv/lib/python3.12/site-packages/airflow/example_dags/tutorial.py
[2026-02-25T15:16:49.834+0000] {processor.py:925} INFO - DAG(s) 'tutorial' retrieved from /home/ubuntu/airflow-venv/lib/python3.12/site-packages/airflow/example_dags/tutorial.py
[2026-02-25T15:16:49.843+0000] {logging_mixin.py:190} INFO - [2026-02-25T15:16:49.843+0000] {dag.py:3239} INFO - Sync 1 DAGs
[2026-02-25T15:16:49.856+0000] {logging_mixin.py:190} INFO - [2026-02-25T15:16:49.855+0000] {dag.py:4180} INFO - Setting next_dagrun for tutorial to 2026-02-24 00:00:00+00:00, run_after=2026-02-25 00:00:00+00:00
[2026-02-25T15:16:49.873+0000] {processor.py:208} INFO - Processing /home/ubuntu/airflow-venv/lib/python3.12/site-packages/airflow/example_dags/tutorial.py took 0.050 seconds
[2026-02-25T15:17:38.800+0000] {processor.py:186} INFO - Started process (PID=3620) to work on /home/ubuntu/airflow-venv/lib/python3.12/site-packages/airflow/example_dags/tutorial.py
[2026-02-25T15:17:38.802+0000] {processor.py:914} INFO - Processing file /home/ubuntu/airflow-venv/lib/python3.12/site-packages/airflow/example_dags/tutorial.py for tasks to queue
[2026-02-25T15:17:38.803+0000] {logging_mixin.py:190} INFO - [2026-02-25T15:17:38.803+0000] {dagbag.py:588} INFO - Filling up the DagBag from /home/ubuntu/airflow-venv/lib/python3.12/site-packages/airflow/example_dags/tutorial.py
[2026-02-25T15:17:38.808+0000] {processor.py:925} INFO - DAG(s) 'tutorial' retrieved from /home/ubuntu/airflow-venv/lib/python3.12/site-packages/airflow/example_dags/tutorial.py
[2026-02-25T15:17:38.818+0000] {logging_mixin.py:190} INFO - [2026-02-25T15:17:38.818+0000] {dag.py:3239} INFO - Sync 1 DAGs
[2026-02-25T15:17:38.830+0000] {logging_mixin.py:190} INFO - [2026-02-25T15:17:38.830+0000] {dag.py:4180} INFO - Setting next_dagrun for tutorial to 2026-02-24 00:00:00+00:00, run_after=2026-02-25 00:00:00+00:00
[2026-02-25T15:17:38.847+0000] {processor.py:208} INFO - Processing /home/ubuntu/airflow-venv/lib/python3.12/site-packages/airflow/example_dags/tutorial.py took 0.051 seconds
[2026-02-25T15:18:28.010+0000] {processor.py:186} INFO - Started process (PID=3672) to work on /home/ubuntu/airflow-venv/lib/python3.12/site-packages/airflow/example_dags/tutorial.py
[2026-02-25T15:18:28.012+0000] {processor.py:914} INFO - Processing file /home/ubuntu/airflow-venv/lib/python3.12/site-packages/airflow/example_dags/tutorial.py for tasks to queue
[2026-02-25T15:18:28.013+0000] {logging_mixin.py:190} INFO - [2026-02-25T15:18:28.013+0000] {dagbag.py:588} INFO - Filling up the DagBag from /home/ubuntu/airflow-venv/lib/python3.12/site-packages/airflow/example_dags/tutorial.py
[2026-02-25T15:18:28.018+0000] {processor.py:925} INFO - DAG(s) 'tutorial' retrieved from /home/ubuntu/airflow-venv/lib/python3.12/site-packages/airflow/example_dags/tutorial.py
[2026-02-25T15:18:28.027+0000] {logging_mixin.py:190} INFO - [2026-02-25T15:18:28.027+0000] {dag.py:3239} INFO - Sync 1 DAGs
[2026-02-25T15:18:28.039+0000] {logging_mixin.py:190} INFO - [2026-02-25T15:18:28.039+0000] {dag.py:4180} INFO - Setting next_dagrun for tutorial to 2026-02-24 00:00:00+00:00, run_after=2026-02-25 00:00:00+00:00
[2026-02-25T15:18:28.056+0000] {processor.py:208} INFO - Processing /home/ubuntu/airflow-venv/lib/python3.12/site-packages/airflow/example_dags/tutorial.py took 0.049 seconds
[2026-02-25T15:19:12.514+0000] {processor.py:186} INFO - Started process (PID=3721) to work on /home/ubuntu/airflow-venv/lib/python3.12/site-packages/airflow/example_dags/tutorial.py
[2026-02-25T15:19:12.516+0000] {processor.py:914} INFO - Processing file /home/ubuntu/airflow-venv/lib/python3.12/site-packages/airflow/example_dags/tutorial.py for tasks to queue
[2026-02-25T15:19:12.517+0000] {logging_mixin.py:190} INFO - [2026-02-25T15:19:12.517+0000] {dagbag.py:588} INFO - Filling up the DagBag from /home/ubuntu/airflow-venv/lib/python3.12/site-packages/airflow/example_dags/tutorial.py
[2026-02-25T15:19:12.523+0000] {processor.py:925} INFO - DAG(s) 'tutorial' retrieved from /home/ubuntu/airflow-venv/lib/python3.12/site-packages/airflow/example_dags/tutorial.py
[2026-02-25T15:19:12.532+0000] {logging_mixin.py:190} INFO - [2026-02-25T15:19:12.532+0000] {dag.py:3239} INFO - Sync 1 DAGs
[2026-02-25T15:19:12.544+0000] {logging_mixin.py:190} INFO - [2026-02-25T15:19:12.544+0000] {dag.py:4180} INFO - Setting next_dagrun for tutorial to 2026-02-24 00:00:00+00:00, run_after=2026-02-25 00:00:00+00:00
[2026-02-25T15:19:12.562+0000] {processor.py:208} INFO - Processing /home/ubuntu/airflow-venv/lib/python3.12/site-packages/airflow/example_dags/tutorial.py took 0.051 seconds
[2026-02-25T15:20:01.549+0000] {processor.py:186} INFO - Started process (PID=3773) to work on /home/ubuntu/airflow-venv/lib/python3.12/site-packages/airflow/example_dags/tutorial.py
[2026-02-25T15:20:01.550+0000] {processor.py:914} INFO - Processing file /home/ubuntu/airflow-venv/lib/python3.12/site-packages/airflow/example_dags/tutorial.py for tasks to queue
[2026-02-25T15:20:01.551+0000] {logging_mixin.py:190} INFO - [2026-02-25T15:20:01.551+0000] {dagbag.py:588} INFO - Filling up the DagBag from /home/ubuntu/airflow-venv/lib/python3.12/site-packages/airflow/example_dags/tutorial.py
[2026-02-25T15:20:01.556+0000] {processor.py:925} INFO - DAG(s) 'tutorial' retrieved from /home/ubuntu/airflow-venv/lib/python3.12/site-packages/airflow/example_dags/tutorial.py
[2026-02-25T15:20:01.566+0000] {logging_mixin.py:190} INFO - [2026-02-25T15:20:01.566+0000] {dag.py:3239} INFO - Sync 1 DAGs
[2026-02-25T15:20:01.578+0000] {logging_mixin.py:190} INFO - [2026-02-25T15:20:01.578+0000] {dag.py:4180} INFO - Setting next_dagrun for tutorial to 2026-02-24 00:00:00+00:00, run_after=2026-02-25 00:00:00+00:00
[2026-02-25T15:20:01.595+0000] {processor.py:208} INFO - Processing /home/ubuntu/airflow-venv/lib/python3.12/site-packages/airflow/example_dags/tutorial.py took 0.050 seconds
[2026-02-25T15:20:51.233+0000] {processor.py:186} INFO - Started process (PID=3828) to work on /home/ubuntu/airflow-venv/lib/python3.12/site-packages/airflow/example_dags/tutorial.py
[2026-02-25T15:20:51.234+0000] {processor.py:914} INFO - Processing file /home/ubuntu/airflow-venv/lib/python3.12/site-packages/airflow/example_dags/tutorial.py for tasks to queue
[2026-02-25T15:20:51.235+0000] {logging_mixin.py:190} INFO - [2026-02-25T15:20:51.235+0000] {dagbag.py:588} INFO - Filling up the DagBag from /home/ubuntu/airflow-venv/lib/python3.12/site-packages/airflow/example_dags/tutorial.py
[2026-02-25T15:20:51.240+0000] {processor.py:925} INFO - DAG(s) 'tutorial' retrieved from /home/ubuntu/airflow-venv/lib/python3.12/site-packages/airflow/example_dags/tutorial.py
[2026-02-25T15:20:51.250+0000] {logging_mixin.py:190} INFO - [2026-02-25T15:20:51.249+0000] {dag.py:3239} INFO - Sync 1 DAGs
[2026-02-25T15:20:51.262+0000] {logging_mixin.py:190} INFO - [2026-02-25T15:20:51.262+0000] {dag.py:4180} INFO - Setting next_dagrun for tutorial to 2026-02-24 00:00:00+00:00, run_after=2026-02-25 00:00:00+00:00
[2026-02-25T15:20:51.277+0000] {processor.py:208} INFO - Processing /home/ubuntu/airflow-venv/lib/python3.12/site-packages/airflow/example_dags/tutorial.py took 0.048 seconds
[2026-02-25T15:21:41.839+0000] {processor.py:186} INFO - Started process (PID=3880) to work on /home/ubuntu/airflow-venv/lib/python3.12/site-packages/airflow/example_dags/tutorial.py
[2026-02-25T15:21:41.840+0000] {processor.py:914} INFO - Processing file /home/ubuntu/airflow-venv/lib/python3.12/site-packages/airflow/example_dags/tutorial.py for tasks to queue
[2026-02-25T15:21:41.842+0000] {logging_mixin.py:190} INFO - [2026-02-25T15:21:41.842+0000] {dagbag.py:588} INFO - Filling up the DagBag from /home/ubuntu/airflow-venv/lib/python3.12/site-packages/airflow/example_dags/tutorial.py
[2026-02-25T15:21:41.847+0000] {processor.py:925} INFO - DAG(s) 'tutorial' retrieved from /home/ubuntu/airflow-venv/lib/python3.12/site-packages/airflow/example_dags/tutorial.py
[2026-02-25T15:21:41.856+0000] {logging_mixin.py:190} INFO - [2026-02-25T15:21:41.856+0000] {dag.py:3239} INFO - Sync 1 DAGs
[2026-02-25T15:21:41.868+0000] {logging_mixin.py:190} INFO - [2026-02-25T15:21:41.868+0000] {dag.py:4180} INFO - Setting next_dagrun for tutorial to 2026-02-24 00:00:00+00:00, run_after=2026-02-25 00:00:00+00:00
[2026-02-25T15:21:41.884+0000] {processor.py:208} INFO - Processing /home/ubuntu/airflow-venv/lib/python3.12/site-packages/airflow/example_dags/tutorial.py took 0.048 seconds
[2026-02-25T15:22:30.224+0000] {processor.py:186} INFO - Started process (PID=3933) to work on /home/ubuntu/airflow-venv/lib/python3.12/site-packages/airflow/example_dags/tutorial.py
[2026-02-25T15:22:30.226+0000] {processor.py:914} INFO - Processing file /home/ubuntu/airflow-venv/lib/python3.12/site-packages/airflow/example_dags/tutorial.py for tasks to queue
[2026-02-25T15:22:30.227+0000] {logging_mixin.py:190} INFO - [2026-02-25T15:22:30.227+0000] {dagbag.py:588} INFO - Filling up the DagBag from /home/ubuntu/airflow-venv/lib/python3.12/site-packages/airflow/example_dags/tutorial.py
[2026-02-25T15:22:30.232+0000] {processor.py:925} INFO - DAG(s) 'tutorial' retrieved from /home/ubuntu/airflow-venv/lib/python3.12/site-packages/airflow/example_dags/tutorial.py
[2026-02-25T15:22:30.241+0000] {logging_mixin.py:190} INFO - [2026-02-25T15:22:30.241+0000] {dag.py:3239} INFO - Sync 1 DAGs
[2026-02-25T15:22:30.253+0000] {logging_mixin.py:190} INFO - [2026-02-25T15:22:30.253+0000] {dag.py:4180} INFO - Setting next_dagrun for tutorial to 2026-02-24 00:00:00+00:00, run_after=2026-02-25 00:00:00+00:00
[2026-02-25T15:22:30.269+0000] {processor.py:208} INFO - Processing /home/ubuntu/airflow-venv/lib/python3.12/site-packages/airflow/example_dags/tutorial.py took 0.048 seconds
[2026-02-25T15:23:21.889+0000] {processor.py:186} INFO - Started process (PID=3984) to work on /home/ubuntu/airflow-venv/lib/python3.12/site-packages/airflow/example_dags/tutorial.py
[2026-02-25T15:23:21.890+0000] {processor.py:914} INFO - Processing file /home/ubuntu/airflow-venv/lib/python3.12/site-packages/airflow/example_dags/tutorial.py for tasks to queue
[2026-02-25T15:23:21.891+0000] {logging_mixin.py:190} INFO - [2026-02-25T15:23:21.891+0000] {dagbag.py:588} INFO - Filling up the DagBag from /home/ubuntu/airflow-venv/lib/python3.12/site-packages/airflow/example_dags/tutorial.py
[2026-02-25T15:23:21.897+0000] {processor.py:925} INFO - DAG(s) 'tutorial' retrieved from /home/ubuntu/airflow-venv/lib/python3.12/site-packages/airflow/example_dags/tutorial.py
[2026-02-25T15:23:21.906+0000] {logging_mixin.py:190} INFO - [2026-02-25T15:23:21.906+0000] {dag.py:3239} INFO - Sync 1 DAGs
[2026-02-25T15:23:21.918+0000] {logging_mixin.py:190} INFO - [2026-02-25T15:23:21.918+0000] {dag.py:4180} INFO - Setting next_dagrun for tutorial to 2026-02-24 00:00:00+00:00, run_after=2026-02-25 00:00:00+00:00
[2026-02-25T15:23:21.934+0000] {processor.py:208} INFO - Processing /home/ubuntu/airflow-venv/lib/python3.12/site-packages/airflow/example_dags/tutorial.py took 0.049 seconds
[2026-02-25T15:44:12.070+0000] {processor.py:186} INFO - Started process (PID=2570) to work on /home/ubuntu/airflow-venv/lib/python3.12/site-packages/airflow/example_dags/tutorial.py
[2026-02-25T15:44:12.072+0000] {processor.py:914} INFO - Processing file /home/ubuntu/airflow-venv/lib/python3.12/site-packages/airflow/example_dags/tutorial.py for tasks to queue
[2026-02-25T15:44:12.074+0000] {logging_mixin.py:190} INFO - [2026-02-25T15:44:12.074+0000] {dagbag.py:588} INFO - Filling up the DagBag from /home/ubuntu/airflow-venv/lib/python3.12/site-packages/airflow/example_dags/tutorial.py
[2026-02-25T15:44:12.079+0000] {processor.py:925} INFO - DAG(s) 'tutorial' retrieved from /home/ubuntu/airflow-venv/lib/python3.12/site-packages/airflow/example_dags/tutorial.py
[2026-02-25T15:44:12.090+0000] {logging_mixin.py:190} INFO - [2026-02-25T15:44:12.090+0000] {dag.py:3239} INFO - Sync 1 DAGs
[2026-02-25T15:44:12.105+0000] {logging_mixin.py:190} INFO - [2026-02-25T15:44:12.105+0000] {dag.py:4180} INFO - Setting next_dagrun for tutorial to 2026-02-24 00:00:00+00:00, run_after=2026-02-25 00:00:00+00:00
[2026-02-25T15:44:12.120+0000] {processor.py:208} INFO - Processing /home/ubuntu/airflow-venv/lib/python3.12/site-packages/airflow/example_dags/tutorial.py took 0.053 seconds
[2026-02-25T15:45:04.740+0000] {processor.py:186} INFO - Started process (PID=2647) to work on /home/ubuntu/airflow-venv/lib/python3.12/site-packages/airflow/example_dags/tutorial.py
[2026-02-25T15:45:04.741+0000] {processor.py:914} INFO - Processing file /home/ubuntu/airflow-venv/lib/python3.12/site-packages/airflow/example_dags/tutorial.py for tasks to queue
[2026-02-25T15:45:04.743+0000] {logging_mixin.py:190} INFO - [2026-02-25T15:45:04.742+0000] {dagbag.py:588} INFO - Filling up the DagBag from /home/ubuntu/airflow-venv/lib/python3.12/site-packages/airflow/example_dags/tutorial.py
[2026-02-25T15:45:04.748+0000] {processor.py:925} INFO - DAG(s) 'tutorial' retrieved from /home/ubuntu/airflow-venv/lib/python3.12/site-packages/airflow/example_dags/tutorial.py
[2026-02-25T15:45:04.757+0000] {logging_mixin.py:190} INFO - [2026-02-25T15:45:04.757+0000] {dag.py:3239} INFO - Sync 1 DAGs
[2026-02-25T15:45:04.768+0000] {logging_mixin.py:190} INFO - [2026-02-25T15:45:04.768+0000] {dag.py:4180} INFO - Setting next_dagrun for tutorial to 2026-02-24 00:00:00+00:00, run_after=2026-02-25 00:00:00+00:00
[2026-02-25T15:45:04.785+0000] {processor.py:208} INFO - Processing /home/ubuntu/airflow-venv/lib/python3.12/site-packages/airflow/example_dags/tutorial.py took 0.048 seconds
[2026-02-25T15:45:54.467+0000] {processor.py:186} INFO - Started process (PID=2699) to work on /home/ubuntu/airflow-venv/lib/python3.12/site-packages/airflow/example_dags/tutorial.py
[2026-02-25T15:45:54.468+0000] {processor.py:914} INFO - Processing file /home/ubuntu/airflow-venv/lib/python3.12/site-packages/airflow/example_dags/tutorial.py for tasks to queue
[2026-02-25T15:45:54.469+0000] {logging_mixin.py:190} INFO - [2026-02-25T15:45:54.469+0000] {dagbag.py:588} INFO - Filling up the DagBag from /home/ubuntu/airflow-venv/lib/python3.12/site-packages/airflow/example_dags/tutorial.py
[2026-02-25T15:45:54.474+0000] {processor.py:925} INFO - DAG(s) 'tutorial' retrieved from /home/ubuntu/airflow-venv/lib/python3.12/site-packages/airflow/example_dags/tutorial.py
[2026-02-25T15:45:54.484+0000] {logging_mixin.py:190} INFO - [2026-02-25T15:45:54.483+0000] {dag.py:3239} INFO - Sync 1 DAGs
[2026-02-25T15:45:54.495+0000] {logging_mixin.py:190} INFO - [2026-02-25T15:45:54.495+0000] {dag.py:4180} INFO - Setting next_dagrun for tutorial to 2026-02-24 00:00:00+00:00, run_after=2026-02-25 00:00:00+00:00
[2026-02-25T15:45:54.510+0000] {processor.py:208} INFO - Processing /home/ubuntu/airflow-venv/lib/python3.12/site-packages/airflow/example_dags/tutorial.py took 0.047 seconds
[2026-02-25T15:46:41.149+0000] {processor.py:186} INFO - Started process (PID=2748) to work on /home/ubuntu/airflow-venv/lib/python3.12/site-packages/airflow/example_dags/tutorial.py
[2026-02-25T15:46:41.150+0000] {processor.py:914} INFO - Processing file /home/ubuntu/airflow-venv/lib/python3.12/site-packages/airflow/example_dags/tutorial.py for tasks to queue
[2026-02-25T15:46:41.151+0000] {logging_mixin.py:190} INFO - [2026-02-25T15:46:41.151+0000] {dagbag.py:588} INFO - Filling up the DagBag from /home/ubuntu/airflow-venv/lib/python3.12/site-packages/airflow/example_dags/tutorial.py
[2026-02-25T15:46:41.156+0000] {processor.py:925} INFO - DAG(s) 'tutorial' retrieved from /home/ubuntu/airflow-venv/lib/python3.12/site-packages/airflow/example_dags/tutorial.py
[2026-02-25T15:46:41.166+0000] {logging_mixin.py:190} INFO - [2026-02-25T15:46:41.165+0000] {dag.py:3239} INFO - Sync 1 DAGs
[2026-02-25T15:46:41.178+0000] {logging_mixin.py:190} INFO - [2026-02-25T15:46:41.177+0000] {dag.py:4180} INFO - Setting next_dagrun for tutorial to 2026-02-24 00:00:00+00:00, run_after=2026-02-25 00:00:00+00:00
[2026-02-25T15:46:41.194+0000] {processor.py:208} INFO - Processing /home/ubuntu/airflow-venv/lib/python3.12/site-packages/airflow/example_dags/tutorial.py took 0.049 seconds
[2026-02-25T15:47:31.871+0000] {processor.py:186} INFO - Started process (PID=2801) to work on /home/ubuntu/airflow-venv/lib/python3.12/site-packages/airflow/example_dags/tutorial.py
[2026-02-25T15:47:31.873+0000] {processor.py:914} INFO - Processing file /home/ubuntu/airflow-venv/lib/python3.12/site-packages/airflow/example_dags/tutorial.py for tasks to queue
[2026-02-25T15:47:31.874+0000] {logging_mixin.py:190} INFO - [2026-02-25T15:47:31.874+0000] {dagbag.py:588} INFO - Filling up the DagBag from /home/ubuntu/airflow-venv/lib/python3.12/site-packages/airflow/example_dags/tutorial.py
[2026-02-25T15:47:31.879+0000] {processor.py:925} INFO - DAG(s) 'tutorial' retrieved from /home/ubuntu/airflow-venv/lib/python3.12/site-packages/airflow/example_dags/tutorial.py
[2026-02-25T15:47:31.888+0000] {logging_mixin.py:190} INFO - [2026-02-25T15:47:31.888+0000] {dag.py:3239} INFO - Sync 1 DAGs
[2026-02-25T15:47:31.900+0000] {logging_mixin.py:190} INFO - [2026-02-25T15:47:31.899+0000] {dag.py:4180} INFO - Setting next_dagrun for tutorial to 2026-02-24 00:00:00+00:00, run_after=2026-02-25 00:00:00+00:00
[2026-02-25T15:47:31.916+0000] {processor.py:208} INFO - Processing /home/ubuntu/airflow-venv/lib/python3.12/site-packages/airflow/example_dags/tutorial.py took 0.048 seconds
[2026-02-25T15:48:22.407+0000] {processor.py:186} INFO - Started process (PID=2854) to work on /home/ubuntu/airflow-venv/lib/python3.12/site-packages/airflow/example_dags/tutorial.py
[2026-02-25T15:48:22.409+0000] {processor.py:914} INFO - Processing file /home/ubuntu/airflow-venv/lib/python3.12/site-packages/airflow/example_dags/tutorial.py for tasks to queue
[2026-02-25T15:48:22.410+0000] {logging_mixin.py:190} INFO - [2026-02-25T15:48:22.410+0000] {dagbag.py:588} INFO - Filling up the DagBag from /home/ubuntu/airflow-venv/lib/python3.12/site-packages/airflow/example_dags/tutorial.py
[2026-02-25T15:48:22.415+0000] {processor.py:925} INFO - DAG(s) 'tutorial' retrieved from /home/ubuntu/airflow-venv/lib/python3.12/site-packages/airflow/example_dags/tutorial.py
[2026-02-25T15:48:22.425+0000] {logging_mixin.py:190} INFO - [2026-02-25T15:48:22.425+0000] {dag.py:3239} INFO - Sync 1 DAGs
[2026-02-25T15:48:22.437+0000] {logging_mixin.py:190} INFO - [2026-02-25T15:48:22.436+0000] {dag.py:4180} INFO - Setting next_dagrun for tutorial to 2026-02-24 00:00:00+00:00, run_after=2026-02-25 00:00:00+00:00
[2026-02-25T15:48:22.453+0000] {processor.py:208} INFO - Processing /home/ubuntu/airflow-venv/lib/python3.12/site-packages/airflow/example_dags/tutorial.py took 0.049 seconds
[2026-02-25T15:49:11.188+0000] {processor.py:186} INFO - Started process (PID=2906) to work on /home/ubuntu/airflow-venv/lib/python3.12/site-packages/airflow/example_dags/tutorial.py
[2026-02-25T15:49:11.190+0000] {processor.py:914} INFO - Processing file /home/ubuntu/airflow-venv/lib/python3.12/site-packages/airflow/example_dags/tutorial.py for tasks to queue
[2026-02-25T15:49:11.191+0000] {logging_mixin.py:190} INFO - [2026-02-25T15:49:11.191+0000] {dagbag.py:588} INFO - Filling up the DagBag from /home/ubuntu/airflow-venv/lib/python3.12/site-packages/airflow/example_dags/tutorial.py
[2026-02-25T15:49:11.196+0000] {processor.py:925} INFO - DAG(s) 'tutorial' retrieved from /home/ubuntu/airflow-venv/lib/python3.12/site-packages/airflow/example_dags/tutorial.py
[2026-02-25T15:49:11.206+0000] {logging_mixin.py:190} INFO - [2026-02-25T15:49:11.206+0000] {dag.py:3239} INFO - Sync 1 DAGs
[2026-02-25T15:49:11.218+0000] {logging_mixin.py:190} INFO - [2026-02-25T15:49:11.217+0000] {dag.py:4180} INFO - Setting next_dagrun for tutorial to 2026-02-24 00:00:00+00:00, run_after=2026-02-25 00:00:00+00:00
[2026-02-25T15:49:11.234+0000] {processor.py:208} INFO - Processing /home/ubuntu/airflow-venv/lib/python3.12/site-packages/airflow/example_dags/tutorial.py took 0.049 seconds
[2026-02-25T15:50:02.334+0000] {processor.py:186} INFO - Started process (PID=2963) to work on /home/ubuntu/airflow-venv/lib/python3.12/site-packages/airflow/example_dags/tutorial.py
[2026-02-25T15:50:02.336+0000] {processor.py:914} INFO - Processing file /home/ubuntu/airflow-venv/lib/python3.12/site-packages/airflow/example_dags/tutorial.py for tasks to queue
[2026-02-25T15:50:02.337+0000] {logging_mixin.py:190} INFO - [2026-02-25T15:50:02.337+0000] {dagbag.py:588} INFO - Filling up the DagBag from /home/ubuntu/airflow-venv/lib/python3.12/site-packages/airflow/example_dags/tutorial.py
[2026-02-25T15:50:02.342+0000] {processor.py:925} INFO - DAG(s) 'tutorial' retrieved from /home/ubuntu/airflow-venv/lib/python3.12/site-packages/airflow/example_dags/tutorial.py
[2026-02-25T15:50:02.352+0000] {logging_mixin.py:190} INFO - [2026-02-25T15:50:02.352+0000] {dag.py:3239} INFO - Sync 1 DAGs
[2026-02-25T15:50:02.454+0000] {logging_mixin.py:190} INFO - [2026-02-25T15:50:02.454+0000] {dag.py:4180} INFO - Setting next_dagrun for tutorial to 2026-02-24 00:00:00+00:00, run_after=2026-02-25 00:00:00+00:00
[2026-02-25T15:50:02.470+0000] {processor.py:208} INFO - Processing /home/ubuntu/airflow-venv/lib/python3.12/site-packages/airflow/example_dags/tutorial.py took 0.139 seconds
[2026-02-25T15:50:55.954+0000] {processor.py:186} INFO - Started process (PID=3017) to work on /home/ubuntu/airflow-venv/lib/python3.12/site-packages/airflow/example_dags/tutorial.py
[2026-02-25T15:50:55.955+0000] {processor.py:914} INFO - Processing file /home/ubuntu/airflow-venv/lib/python3.12/site-packages/airflow/example_dags/tutorial.py for tasks to queue
[2026-02-25T15:50:55.957+0000] {logging_mixin.py:190} INFO - [2026-02-25T15:50:55.956+0000] {dagbag.py:588} INFO - Filling up the DagBag from /home/ubuntu/airflow-venv/lib/python3.12/site-packages/airflow/example_dags/tutorial.py
[2026-02-25T15:50:55.962+0000] {processor.py:925} INFO - DAG(s) 'tutorial' retrieved from /home/ubuntu/airflow-venv/lib/python3.12/site-packages/airflow/example_dags/tutorial.py
[2026-02-25T15:50:55.971+0000] {logging_mixin.py:190} INFO - [2026-02-25T15:50:55.971+0000] {dag.py:3239} INFO - Sync 1 DAGs
[2026-02-25T15:50:55.984+0000] {logging_mixin.py:190} INFO - [2026-02-25T15:50:55.984+0000] {dag.py:4180} INFO - Setting next_dagrun for tutorial to 2026-02-24 00:00:00+00:00, run_after=2026-02-25 00:00:00+00:00
[2026-02-25T15:50:56.001+0000] {processor.py:208} INFO - Processing /home/ubuntu/airflow-venv/lib/python3.12/site-packages/airflow/example_dags/tutorial.py took 0.050 seconds
[2026-02-25T15:51:48.204+0000] {processor.py:186} INFO - Started process (PID=3072) to work on /home/ubuntu/airflow-venv/lib/python3.12/site-packages/airflow/example_dags/tutorial.py
[2026-02-25T15:51:48.205+0000] {processor.py:914} INFO - Processing file /home/ubuntu/airflow-venv/lib/python3.12/site-packages/airflow/example_dags/tutorial.py for tasks to queue
[2026-02-25T15:51:48.207+0000] {logging_mixin.py:190} INFO - [2026-02-25T15:51:48.206+0000] {dagbag.py:588} INFO - Filling up the DagBag from /home/ubuntu/airflow-venv/lib/python3.12/site-packages/airflow/example_dags/tutorial.py
[2026-02-25T15:51:48.212+0000] {processor.py:925} INFO - DAG(s) 'tutorial' retrieved from /home/ubuntu/airflow-venv/lib/python3.12/site-packages/airflow/example_dags/tutorial.py
[2026-02-25T15:51:48.221+0000] {logging_mixin.py:190} INFO - [2026-02-25T15:51:48.221+0000] {dag.py:3239} INFO - Sync 1 DAGs
[2026-02-25T15:51:48.233+0000] {logging_mixin.py:190} INFO - [2026-02-25T15:51:48.233+0000] {dag.py:4180} INFO - Setting next_dagrun for tutorial to 2026-02-24 00:00:00+00:00, run_after=2026-02-25 00:00:00+00:00
[2026-02-25T15:51:48.249+0000] {processor.py:208} INFO - Processing /home/ubuntu/airflow-venv/lib/python3.12/site-packages/airflow/example_dags/tutorial.py took 0.048 seconds
[2026-02-25T15:52:38.558+0000] {processor.py:186} INFO - Started process (PID=3127) to work on /home/ubuntu/airflow-venv/lib/python3.12/site-packages/airflow/example_dags/tutorial.py
[2026-02-25T15:52:38.559+0000] {processor.py:914} INFO - Processing file /home/ubuntu/airflow-venv/lib/python3.12/site-packages/airflow/example_dags/tutorial.py for tasks to queue
[2026-02-25T15:52:38.560+0000] {logging_mixin.py:190} INFO - [2026-02-25T15:52:38.560+0000] {dagbag.py:588} INFO - Filling up the DagBag from /home/ubuntu/airflow-venv/lib/python3.12/site-packages/airflow/example_dags/tutorial.py
[2026-02-25T15:52:38.565+0000] {processor.py:925} INFO - DAG(s) 'tutorial' retrieved from /home/ubuntu/airflow-venv/lib/python3.12/site-packages/airflow/example_dags/tutorial.py
[2026-02-25T15:52:38.575+0000] {logging_mixin.py:190} INFO - [2026-02-25T15:52:38.574+0000] {dag.py:3239} INFO - Sync 1 DAGs
[2026-02-25T15:52:38.586+0000] {logging_mixin.py:190} INFO - [2026-02-25T15:52:38.586+0000] {dag.py:4180} INFO - Setting next_dagrun for tutorial to 2026-02-24 00:00:00+00:00, run_after=2026-02-25 00:00:00+00:00
[2026-02-25T15:52:38.603+0000] {processor.py:208} INFO - Processing /home/ubuntu/airflow-venv/lib/python3.12/site-packages/airflow/example_dags/tutorial.py took 0.049 seconds
[2026-02-25T15:53:27.063+0000] {processor.py:186} INFO - Started process (PID=3177) to work on /home/ubuntu/airflow-venv/lib/python3.12/site-packages/airflow/example_dags/tutorial.py
[2026-02-25T15:53:27.064+0000] {processor.py:914} INFO - Processing file /home/ubuntu/airflow-venv/lib/python3.12/site-packages/airflow/example_dags/tutorial.py for tasks to queue
[2026-02-25T15:53:27.066+0000] {logging_mixin.py:190} INFO - [2026-02-25T15:53:27.065+0000] {dagbag.py:588} INFO - Filling up the DagBag from /home/ubuntu/airflow-venv/lib/python3.12/site-packages/airflow/example_dags/tutorial.py
[2026-02-25T15:53:27.071+0000] {processor.py:925} INFO - DAG(s) 'tutorial' retrieved from /home/ubuntu/airflow-venv/lib/python3.12/site-packages/airflow/example_dags/tutorial.py
[2026-02-25T15:53:27.080+0000] {logging_mixin.py:190} INFO - [2026-02-25T15:53:27.080+0000] {dag.py:3239} INFO - Sync 1 DAGs
[2026-02-25T15:53:27.092+0000] {logging_mixin.py:190} INFO - [2026-02-25T15:53:27.092+0000] {dag.py:4180} INFO - Setting next_dagrun for tutorial to 2026-02-24 00:00:00+00:00, run_after=2026-02-25 00:00:00+00:00
[2026-02-25T15:53:27.109+0000] {processor.py:208} INFO - Processing /home/ubuntu/airflow-venv/lib/python3.12/site-packages/airflow/example_dags/tutorial.py took 0.050 seconds
[2026-02-25T15:54:16.117+0000] {processor.py:186} INFO - Started process (PID=3245) to work on /home/ubuntu/airflow-venv/lib/python3.12/site-packages/airflow/example_dags/tutorial.py
[2026-02-25T15:54:16.118+0000] {processor.py:914} INFO - Processing file /home/ubuntu/airflow-venv/lib/python3.12/site-packages/airflow/example_dags/tutorial.py for tasks to queue
[2026-02-25T15:54:16.120+0000] {logging_mixin.py:190} INFO - [2026-02-25T15:54:16.120+0000] {dagbag.py:588} INFO - Filling up the DagBag from /home/ubuntu/airflow-venv/lib/python3.12/site-packages/airflow/example_dags/tutorial.py
[2026-02-25T15:54:16.125+0000] {processor.py:925} INFO - DAG(s) 'tutorial' retrieved from /home/ubuntu/airflow-venv/lib/python3.12/site-packages/airflow/example_dags/tutorial.py
[2026-02-25T15:54:16.134+0000] {logging_mixin.py:190} INFO - [2026-02-25T15:54:16.134+0000] {dag.py:3239} INFO - Sync 1 DAGs
[2026-02-25T15:54:16.146+0000] {logging_mixin.py:190} INFO - [2026-02-25T15:54:16.146+0000] {dag.py:4180} INFO - Setting next_dagrun for tutorial to 2026-02-24 00:00:00+00:00, run_after=2026-02-25 00:00:00+00:00
[2026-02-25T15:54:16.163+0000] {processor.py:208} INFO - Processing /home/ubuntu/airflow-venv/lib/python3.12/site-packages/airflow/example_dags/tutorial.py took 0.049 seconds
[2026-02-25T15:55:03.383+0000] {processor.py:186} INFO - Started process (PID=3300) to work on /home/ubuntu/airflow-venv/lib/python3.12/site-packages/airflow/example_dags/tutorial.py
[2026-02-25T15:55:03.385+0000] {processor.py:914} INFO - Processing file /home/ubuntu/airflow-venv/lib/python3.12/site-packages/airflow/example_dags/tutorial.py for tasks to queue
[2026-02-25T15:55:03.386+0000] {logging_mixin.py:190} INFO - [2026-02-25T15:55:03.386+0000] {dagbag.py:588} INFO - Filling up the DagBag from /home/ubuntu/airflow-venv/lib/python3.12/site-packages/airflow/example_dags/tutorial.py
[2026-02-25T15:55:03.391+0000] {processor.py:925} INFO - DAG(s) 'tutorial' retrieved from /home/ubuntu/airflow-venv/lib/python3.12/site-packages/airflow/example_dags/tutorial.py
[2026-02-25T15:55:03.401+0000] {logging_mixin.py:190} INFO - [2026-02-25T15:55:03.400+0000] {dag.py:3239} INFO - Sync 1 DAGs
[2026-02-25T15:55:03.413+0000] {logging_mixin.py:190} INFO - [2026-02-25T15:55:03.413+0000] {dag.py:4180} INFO - Setting next_dagrun for tutorial to 2026-02-24 00:00:00+00:00, run_after=2026-02-25 00:00:00+00:00
[2026-02-25T15:55:03.429+0000] {processor.py:208} INFO - Processing /home/ubuntu/airflow-venv/lib/python3.12/site-packages/airflow/example_dags/tutorial.py took 0.050 seconds
[2026-02-25T15:55:53.985+0000] {processor.py:186} INFO - Started process (PID=3359) to work on /home/ubuntu/airflow-venv/lib/python3.12/site-packages/airflow/example_dags/tutorial.py
[2026-02-25T15:55:53.986+0000] {processor.py:914} INFO - Processing file /home/ubuntu/airflow-venv/lib/python3.12/site-packages/airflow/example_dags/tutorial.py for tasks to queue
[2026-02-25T15:55:53.987+0000] {logging_mixin.py:190} INFO - [2026-02-25T15:55:53.987+0000] {dagbag.py:588} INFO - Filling up the DagBag from /home/ubuntu/airflow-venv/lib/python3.12/site-packages/airflow/example_dags/tutorial.py
[2026-02-25T15:55:53.992+0000] {processor.py:925} INFO - DAG(s) 'tutorial' retrieved from /home/ubuntu/airflow-venv/lib/python3.12/site-packages/airflow/example_dags/tutorial.py
[2026-02-25T15:55:54.002+0000] {logging_mixin.py:190} INFO - [2026-02-25T15:55:54.002+0000] {dag.py:3239} INFO - Sync 1 DAGs
[2026-02-25T15:55:54.014+0000] {logging_mixin.py:190} INFO - [2026-02-25T15:55:54.014+0000] {dag.py:4180} INFO - Setting next_dagrun for tutorial to 2026-02-24 00:00:00+00:00, run_after=2026-02-25 00:00:00+00:00
[2026-02-25T15:55:54.031+0000] {processor.py:208} INFO - Processing /home/ubuntu/airflow-venv/lib/python3.12/site-packages/airflow/example_dags/tutorial.py took 0.050 seconds
[2026-02-25T15:56:46.293+0000] {processor.py:186} INFO - Started process (PID=3418) to work on /home/ubuntu/airflow-venv/lib/python3.12/site-packages/airflow/example_dags/tutorial.py
[2026-02-25T15:56:46.295+0000] {processor.py:914} INFO - Processing file /home/ubuntu/airflow-venv/lib/python3.12/site-packages/airflow/example_dags/tutorial.py for tasks to queue
[2026-02-25T15:56:46.296+0000] {logging_mixin.py:190} INFO - [2026-02-25T15:56:46.296+0000] {dagbag.py:588} INFO - Filling up the DagBag from /home/ubuntu/airflow-venv/lib/python3.12/site-packages/airflow/example_dags/tutorial.py
[2026-02-25T15:56:46.301+0000] {processor.py:925} INFO - DAG(s) 'tutorial' retrieved from /home/ubuntu/airflow-venv/lib/python3.12/site-packages/airflow/example_dags/tutorial.py
[2026-02-25T15:56:46.310+0000] {logging_mixin.py:190} INFO - [2026-02-25T15:56:46.310+0000] {dag.py:3239} INFO - Sync 1 DAGs
[2026-02-25T15:56:46.322+0000] {logging_mixin.py:190} INFO - [2026-02-25T15:56:46.322+0000] {dag.py:4180} INFO - Setting next_dagrun for tutorial to 2026-02-24 00:00:00+00:00, run_after=2026-02-25 00:00:00+00:00
[2026-02-25T15:56:46.338+0000] {processor.py:208} INFO - Processing /home/ubuntu/airflow-venv/lib/python3.12/site-packages/airflow/example_dags/tutorial.py took 0.048 seconds
[2026-02-25T15:57:36.471+0000] {processor.py:186} INFO - Started process (PID=3473) to work on /home/ubuntu/airflow-venv/lib/python3.12/site-packages/airflow/example_dags/tutorial.py
[2026-02-25T15:57:36.473+0000] {processor.py:914} INFO - Processing file /home/ubuntu/airflow-venv/lib/python3.12/site-packages/airflow/example_dags/tutorial.py for tasks to queue
[2026-02-25T15:57:36.474+0000] {logging_mixin.py:190} INFO - [2026-02-25T15:57:36.474+0000] {dagbag.py:588} INFO - Filling up the DagBag from /home/ubuntu/airflow-venv/lib/python3.12/site-packages/airflow/example_dags/tutorial.py
[2026-02-25T15:57:36.479+0000] {processor.py:925} INFO - DAG(s) 'tutorial' retrieved from /home/ubuntu/airflow-venv/lib/python3.12/site-packages/airflow/example_dags/tutorial.py
[2026-02-25T15:57:36.489+0000] {logging_mixin.py:190} INFO - [2026-02-25T15:57:36.488+0000] {dag.py:3239} INFO - Sync 1 DAGs
[2026-02-25T15:57:36.501+0000] {logging_mixin.py:190} INFO - [2026-02-25T15:57:36.501+0000] {dag.py:4180} INFO - Setting next_dagrun for tutorial to 2026-02-24 00:00:00+00:00, run_after=2026-02-25 00:00:00+00:00
[2026-02-25T15:57:36.516+0000] {processor.py:208} INFO - Processing /home/ubuntu/airflow-venv/lib/python3.12/site-packages/airflow/example_dags/tutorial.py took 0.049 seconds
[2026-02-25T15:58:25.376+0000] {processor.py:186} INFO - Started process (PID=3524) to work on /home/ubuntu/airflow-venv/lib/python3.12/site-packages/airflow/example_dags/tutorial.py
[2026-02-25T15:58:25.377+0000] {processor.py:914} INFO - Processing file /home/ubuntu/airflow-venv/lib/python3.12/site-packages/airflow/example_dags/tutorial.py for tasks to queue
[2026-02-25T15:58:25.379+0000] {logging_mixin.py:190} INFO - [2026-02-25T15:58:25.378+0000] {dagbag.py:588} INFO - Filling up the DagBag from /home/ubuntu/airflow-venv/lib/python3.12/site-packages/airflow/example_dags/tutorial.py
[2026-02-25T15:58:25.384+0000] {processor.py:925} INFO - DAG(s) 'tutorial' retrieved from /home/ubuntu/airflow-venv/lib/python3.12/site-packages/airflow/example_dags/tutorial.py
[2026-02-25T15:58:25.393+0000] {logging_mixin.py:190} INFO - [2026-02-25T15:58:25.393+0000] {dag.py:3239} INFO - Sync 1 DAGs
[2026-02-25T15:58:25.405+0000] {logging_mixin.py:190} INFO - [2026-02-25T15:58:25.405+0000] {dag.py:4180} INFO - Setting next_dagrun for tutorial to 2026-02-24 00:00:00+00:00, run_after=2026-02-25 00:00:00+00:00
[2026-02-25T15:58:25.421+0000] {processor.py:208} INFO - Processing /home/ubuntu/airflow-venv/lib/python3.12/site-packages/airflow/example_dags/tutorial.py took 0.048 seconds
[2026-02-25T15:59:14.730+0000] {processor.py:186} INFO - Started process (PID=3580) to work on /home/ubuntu/airflow-venv/lib/python3.12/site-packages/airflow/example_dags/tutorial.py
[2026-02-25T15:59:14.732+0000] {processor.py:914} INFO - Processing file /home/ubuntu/airflow-venv/lib/python3.12/site-packages/airflow/example_dags/tutorial.py for tasks to queue
[2026-02-25T15:59:14.733+0000] {logging_mixin.py:190} INFO - [2026-02-25T15:59:14.733+0000] {dagbag.py:588} INFO - Filling up the DagBag from /home/ubuntu/airflow-venv/lib/python3.12/site-packages/airflow/example_dags/tutorial.py
[2026-02-25T15:59:14.738+0000] {processor.py:925} INFO - DAG(s) 'tutorial' retrieved from /home/ubuntu/airflow-venv/lib/python3.12/site-packages/airflow/example_dags/tutorial.py
[2026-02-25T15:59:14.748+0000] {logging_mixin.py:190} INFO - [2026-02-25T15:59:14.747+0000] {dag.py:3239} INFO - Sync 1 DAGs
[2026-02-25T15:59:14.760+0000] {logging_mixin.py:190} INFO - [2026-02-25T15:59:14.759+0000] {dag.py:4180} INFO - Setting next_dagrun for tutorial to 2026-02-24 00:00:00+00:00, run_after=2026-02-25 00:00:00+00:00
[2026-02-25T15:59:14.780+0000] {processor.py:208} INFO - Processing /home/ubuntu/airflow-venv/lib/python3.12/site-packages/airflow/example_dags/tutorial.py took 0.053 seconds
[2026-02-25T16:00:02.942+0000] {processor.py:186} INFO - Started process (PID=3634) to work on /home/ubuntu/airflow-venv/lib/python3.12/site-packages/airflow/example_dags/tutorial.py
[2026-02-25T16:00:02.943+0000] {processor.py:914} INFO - Processing file /home/ubuntu/airflow-venv/lib/python3.12/site-packages/airflow/example_dags/tutorial.py for tasks to queue
[2026-02-25T16:00:02.945+0000] {logging_mixin.py:190} INFO - [2026-02-25T16:00:02.944+0000] {dagbag.py:588} INFO - Filling up the DagBag from /home/ubuntu/airflow-venv/lib/python3.12/site-packages/airflow/example_dags/tutorial.py
[2026-02-25T16:00:02.950+0000] {processor.py:925} INFO - DAG(s) 'tutorial' retrieved from /home/ubuntu/airflow-venv/lib/python3.12/site-packages/airflow/example_dags/tutorial.py
[2026-02-25T16:00:02.960+0000] {logging_mixin.py:190} INFO - [2026-02-25T16:00:02.960+0000] {dag.py:3239} INFO - Sync 1 DAGs
[2026-02-25T16:00:02.972+0000] {logging_mixin.py:190} INFO - [2026-02-25T16:00:02.972+0000] {dag.py:4180} INFO - Setting next_dagrun for tutorial to 2026-02-24 00:00:00+00:00, run_after=2026-02-25 00:00:00+00:00
[2026-02-25T16:00:02.989+0000] {processor.py:208} INFO - Processing /home/ubuntu/airflow-venv/lib/python3.12/site-packages/airflow/example_dags/tutorial.py took 0.051 seconds
[2026-02-25T16:00:51.362+0000] {processor.py:186} INFO - Started process (PID=3684) to work on /home/ubuntu/airflow-venv/lib/python3.12/site-packages/airflow/example_dags/tutorial.py
[2026-02-25T16:00:51.363+0000] {processor.py:914} INFO - Processing file /home/ubuntu/airflow-venv/lib/python3.12/site-packages/airflow/example_dags/tutorial.py for tasks to queue
[2026-02-25T16:00:51.364+0000] {logging_mixin.py:190} INFO - [2026-02-25T16:00:51.364+0000] {dagbag.py:588} INFO - Filling up the DagBag from /home/ubuntu/airflow-venv/lib/python3.12/site-packages/airflow/example_dags/tutorial.py
[2026-02-25T16:00:51.370+0000] {processor.py:925} INFO - DAG(s) 'tutorial' retrieved from /home/ubuntu/airflow-venv/lib/python3.12/site-packages/airflow/example_dags/tutorial.py
[2026-02-25T16:00:51.379+0000] {logging_mixin.py:190} INFO - [2026-02-25T16:00:51.379+0000] {dag.py:3239} INFO - Sync 1 DAGs
[2026-02-25T16:00:51.391+0000] {logging_mixin.py:190} INFO - [2026-02-25T16:00:51.391+0000] {dag.py:4180} INFO - Setting next_dagrun for tutorial to 2026-02-24 00:00:00+00:00, run_after=2026-02-25 00:00:00+00:00
[2026-02-25T16:00:51.408+0000] {processor.py:208} INFO - Processing /home/ubuntu/airflow-venv/lib/python3.12/site-packages/airflow/example_dags/tutorial.py took 0.049 seconds
[2026-02-25T16:01:40.386+0000] {processor.py:186} INFO - Started process (PID=3737) to work on /home/ubuntu/airflow-venv/lib/python3.12/site-packages/airflow/example_dags/tutorial.py
[2026-02-25T16:01:40.387+0000] {processor.py:914} INFO - Processing file /home/ubuntu/airflow-venv/lib/python3.12/site-packages/airflow/example_dags/tutorial.py for tasks to queue
[2026-02-25T16:01:40.389+0000] {logging_mixin.py:190} INFO - [2026-02-25T16:01:40.389+0000] {dagbag.py:588} INFO - Filling up the DagBag from /home/ubuntu/airflow-venv/lib/python3.12/site-packages/airflow/example_dags/tutorial.py
[2026-02-25T16:01:40.394+0000] {processor.py:925} INFO - DAG(s) 'tutorial' retrieved from /home/ubuntu/airflow-venv/lib/python3.12/site-packages/airflow/example_dags/tutorial.py
[2026-02-25T16:01:40.403+0000] {logging_mixin.py:190} INFO - [2026-02-25T16:01:40.403+0000] {dag.py:3239} INFO - Sync 1 DAGs
[2026-02-25T16:01:40.416+0000] {logging_mixin.py:190} INFO - [2026-02-25T16:01:40.416+0000] {dag.py:4180} INFO - Setting next_dagrun for tutorial to 2026-02-24 00:00:00+00:00, run_after=2026-02-25 00:00:00+00:00
[2026-02-25T16:01:40.432+0000] {processor.py:208} INFO - Processing /home/ubuntu/airflow-venv/lib/python3.12/site-packages/airflow/example_dags/tutorial.py took 0.049 seconds
[2026-02-25T17:24:22.565+0000] {processor.py:186} INFO - Started process (PID=2564) to work on /home/ubuntu/airflow-venv/lib/python3.12/site-packages/airflow/example_dags/tutorial.py
[2026-02-25T17:24:22.567+0000] {processor.py:914} INFO - Processing file /home/ubuntu/airflow-venv/lib/python3.12/site-packages/airflow/example_dags/tutorial.py for tasks to queue
[2026-02-25T17:24:22.569+0000] {logging_mixin.py:190} INFO - [2026-02-25T17:24:22.569+0000] {dagbag.py:588} INFO - Filling up the DagBag from /home/ubuntu/airflow-venv/lib/python3.12/site-packages/airflow/example_dags/tutorial.py
[2026-02-25T17:24:22.577+0000] {processor.py:925} INFO - DAG(s) 'tutorial' retrieved from /home/ubuntu/airflow-venv/lib/python3.12/site-packages/airflow/example_dags/tutorial.py
[2026-02-25T17:24:22.592+0000] {logging_mixin.py:190} INFO - [2026-02-25T17:24:22.592+0000] {dag.py:3239} INFO - Sync 1 DAGs
[2026-02-25T17:24:22.611+0000] {logging_mixin.py:190} INFO - [2026-02-25T17:24:22.611+0000] {dag.py:4180} INFO - Setting next_dagrun for tutorial to 2026-02-24 00:00:00+00:00, run_after=2026-02-25 00:00:00+00:00
[2026-02-25T17:24:22.631+0000] {processor.py:208} INFO - Processing /home/ubuntu/airflow-venv/lib/python3.12/site-packages/airflow/example_dags/tutorial.py took 0.070 seconds
[2026-02-25T17:25:13.957+0000] {processor.py:186} INFO - Started process (PID=2629) to work on /home/ubuntu/airflow-venv/lib/python3.12/site-packages/airflow/example_dags/tutorial.py
[2026-02-25T17:25:13.959+0000] {processor.py:914} INFO - Processing file /home/ubuntu/airflow-venv/lib/python3.12/site-packages/airflow/example_dags/tutorial.py for tasks to queue
[2026-02-25T17:25:13.960+0000] {logging_mixin.py:190} INFO - [2026-02-25T17:25:13.960+0000] {dagbag.py:588} INFO - Filling up the DagBag from /home/ubuntu/airflow-venv/lib/python3.12/site-packages/airflow/example_dags/tutorial.py
[2026-02-25T17:25:13.965+0000] {processor.py:925} INFO - DAG(s) 'tutorial' retrieved from /home/ubuntu/airflow-venv/lib/python3.12/site-packages/airflow/example_dags/tutorial.py
[2026-02-25T17:25:13.974+0000] {logging_mixin.py:190} INFO - [2026-02-25T17:25:13.974+0000] {dag.py:3239} INFO - Sync 1 DAGs
[2026-02-25T17:25:13.985+0000] {logging_mixin.py:190} INFO - [2026-02-25T17:25:13.985+0000] {dag.py:4180} INFO - Setting next_dagrun for tutorial to 2026-02-24 00:00:00+00:00, run_after=2026-02-25 00:00:00+00:00
[2026-02-25T17:25:14.002+0000] {processor.py:208} INFO - Processing /home/ubuntu/airflow-venv/lib/python3.12/site-packages/airflow/example_dags/tutorial.py took 0.048 seconds
[2026-02-25T17:26:03.533+0000] {processor.py:186} INFO - Started process (PID=2680) to work on /home/ubuntu/airflow-venv/lib/python3.12/site-packages/airflow/example_dags/tutorial.py
[2026-02-25T17:26:03.534+0000] {processor.py:914} INFO - Processing file /home/ubuntu/airflow-venv/lib/python3.12/site-packages/airflow/example_dags/tutorial.py for tasks to queue
[2026-02-25T17:26:03.535+0000] {logging_mixin.py:190} INFO - [2026-02-25T17:26:03.535+0000] {dagbag.py:588} INFO - Filling up the DagBag from /home/ubuntu/airflow-venv/lib/python3.12/site-packages/airflow/example_dags/tutorial.py
[2026-02-25T17:26:03.540+0000] {processor.py:925} INFO - DAG(s) 'tutorial' retrieved from /home/ubuntu/airflow-venv/lib/python3.12/site-packages/airflow/example_dags/tutorial.py
[2026-02-25T17:26:03.549+0000] {logging_mixin.py:190} INFO - [2026-02-25T17:26:03.549+0000] {dag.py:3239} INFO - Sync 1 DAGs
[2026-02-25T17:26:03.561+0000] {logging_mixin.py:190} INFO - [2026-02-25T17:26:03.561+0000] {dag.py:4180} INFO - Setting next_dagrun for tutorial to 2026-02-24 00:00:00+00:00, run_after=2026-02-25 00:00:00+00:00
[2026-02-25T17:26:03.576+0000] {processor.py:208} INFO - Processing /home/ubuntu/airflow-venv/lib/python3.12/site-packages/airflow/example_dags/tutorial.py took 0.047 seconds
[2026-02-25T17:26:50.810+0000] {processor.py:186} INFO - Started process (PID=2730) to work on /home/ubuntu/airflow-venv/lib/python3.12/site-packages/airflow/example_dags/tutorial.py
[2026-02-25T17:26:50.811+0000] {processor.py:914} INFO - Processing file /home/ubuntu/airflow-venv/lib/python3.12/site-packages/airflow/example_dags/tutorial.py for tasks to queue
[2026-02-25T17:26:50.813+0000] {logging_mixin.py:190} INFO - [2026-02-25T17:26:50.812+0000] {dagbag.py:588} INFO - Filling up the DagBag from /home/ubuntu/airflow-venv/lib/python3.12/site-packages/airflow/example_dags/tutorial.py
[2026-02-25T17:26:50.818+0000] {processor.py:925} INFO - DAG(s) 'tutorial' retrieved from /home/ubuntu/airflow-venv/lib/python3.12/site-packages/airflow/example_dags/tutorial.py
[2026-02-25T17:26:50.827+0000] {logging_mixin.py:190} INFO - [2026-02-25T17:26:50.827+0000] {dag.py:3239} INFO - Sync 1 DAGs
[2026-02-25T17:26:50.840+0000] {logging_mixin.py:190} INFO - [2026-02-25T17:26:50.840+0000] {dag.py:4180} INFO - Setting next_dagrun for tutorial to 2026-02-24 00:00:00+00:00, run_after=2026-02-25 00:00:00+00:00
[2026-02-25T17:26:50.857+0000] {processor.py:208} INFO - Processing /home/ubuntu/airflow-venv/lib/python3.12/site-packages/airflow/example_dags/tutorial.py took 0.050 seconds
[2026-02-25T17:27:42.087+0000] {processor.py:186} INFO - Started process (PID=2784) to work on /home/ubuntu/airflow-venv/lib/python3.12/site-packages/airflow/example_dags/tutorial.py
[2026-02-25T17:27:42.088+0000] {processor.py:914} INFO - Processing file /home/ubuntu/airflow-venv/lib/python3.12/site-packages/airflow/example_dags/tutorial.py for tasks to queue
[2026-02-25T17:27:42.090+0000] {logging_mixin.py:190} INFO - [2026-02-25T17:27:42.089+0000] {dagbag.py:588} INFO - Filling up the DagBag from /home/ubuntu/airflow-venv/lib/python3.12/site-packages/airflow/example_dags/tutorial.py
[2026-02-25T17:27:42.095+0000] {processor.py:925} INFO - DAG(s) 'tutorial' retrieved from /home/ubuntu/airflow-venv/lib/python3.12/site-packages/airflow/example_dags/tutorial.py
[2026-02-25T17:27:42.104+0000] {logging_mixin.py:190} INFO - [2026-02-25T17:27:42.104+0000] {dag.py:3239} INFO - Sync 1 DAGs
[2026-02-25T17:27:42.116+0000] {logging_mixin.py:190} INFO - [2026-02-25T17:27:42.116+0000] {dag.py:4180} INFO - Setting next_dagrun for tutorial to 2026-02-24 00:00:00+00:00, run_after=2026-02-25 00:00:00+00:00
[2026-02-25T17:27:42.133+0000] {processor.py:208} INFO - Processing /home/ubuntu/airflow-venv/lib/python3.12/site-packages/airflow/example_dags/tutorial.py took 0.049 seconds
[2026-02-25T17:28:34.041+0000] {processor.py:186} INFO - Started process (PID=2842) to work on /home/ubuntu/airflow-venv/lib/python3.12/site-packages/airflow/example_dags/tutorial.py
[2026-02-25T17:28:34.042+0000] {processor.py:914} INFO - Processing file /home/ubuntu/airflow-venv/lib/python3.12/site-packages/airflow/example_dags/tutorial.py for tasks to queue
[2026-02-25T17:28:34.043+0000] {logging_mixin.py:190} INFO - [2026-02-25T17:28:34.043+0000] {dagbag.py:588} INFO - Filling up the DagBag from /home/ubuntu/airflow-venv/lib/python3.12/site-packages/airflow/example_dags/tutorial.py
[2026-02-25T17:28:34.048+0000] {processor.py:925} INFO - DAG(s) 'tutorial' retrieved from /home/ubuntu/airflow-venv/lib/python3.12/site-packages/airflow/example_dags/tutorial.py
[2026-02-25T17:28:34.058+0000] {logging_mixin.py:190} INFO - [2026-02-25T17:28:34.058+0000] {dag.py:3239} INFO - Sync 1 DAGs
[2026-02-25T17:28:34.070+0000] {logging_mixin.py:190} INFO - [2026-02-25T17:28:34.069+0000] {dag.py:4180} INFO - Setting next_dagrun for tutorial to 2026-02-24 00:00:00+00:00, run_after=2026-02-25 00:00:00+00:00
[2026-02-25T17:28:34.086+0000] {processor.py:208} INFO - Processing /home/ubuntu/airflow-venv/lib/python3.12/site-packages/airflow/example_dags/tutorial.py took 0.049 seconds
[2026-02-25T17:29:25.405+0000] {processor.py:186} INFO - Started process (PID=2903) to work on /home/ubuntu/airflow-venv/lib/python3.12/site-packages/airflow/example_dags/tutorial.py
[2026-02-25T17:29:25.407+0000] {processor.py:914} INFO - Processing file /home/ubuntu/airflow-venv/lib/python3.12/site-packages/airflow/example_dags/tutorial.py for tasks to queue
[2026-02-25T17:29:25.408+0000] {logging_mixin.py:190} INFO - [2026-02-25T17:29:25.408+0000] {dagbag.py:588} INFO - Filling up the DagBag from /home/ubuntu/airflow-venv/lib/python3.12/site-packages/airflow/example_dags/tutorial.py
[2026-02-25T17:29:25.413+0000] {processor.py:925} INFO - DAG(s) 'tutorial' retrieved from /home/ubuntu/airflow-venv/lib/python3.12/site-packages/airflow/example_dags/tutorial.py
[2026-02-25T17:29:25.423+0000] {logging_mixin.py:190} INFO - [2026-02-25T17:29:25.423+0000] {dag.py:3239} INFO - Sync 1 DAGs
[2026-02-25T17:29:25.434+0000] {logging_mixin.py:190} INFO - [2026-02-25T17:29:25.434+0000] {dag.py:4180} INFO - Setting next_dagrun for tutorial to 2026-02-24 00:00:00+00:00, run_after=2026-02-25 00:00:00+00:00
[2026-02-25T17:29:25.451+0000] {processor.py:208} INFO - Processing /home/ubuntu/airflow-venv/lib/python3.12/site-packages/airflow/example_dags/tutorial.py took 0.049 seconds
[2026-02-25T17:30:16.614+0000] {processor.py:186} INFO - Started process (PID=2964) to work on /home/ubuntu/airflow-venv/lib/python3.12/site-packages/airflow/example_dags/tutorial.py
[2026-02-25T17:30:16.616+0000] {processor.py:914} INFO - Processing file /home/ubuntu/airflow-venv/lib/python3.12/site-packages/airflow/example_dags/tutorial.py for tasks to queue
[2026-02-25T17:30:16.617+0000] {logging_mixin.py:190} INFO - [2026-02-25T17:30:16.617+0000] {dagbag.py:588} INFO - Filling up the DagBag from /home/ubuntu/airflow-venv/lib/python3.12/site-packages/airflow/example_dags/tutorial.py
[2026-02-25T17:30:16.622+0000] {processor.py:925} INFO - DAG(s) 'tutorial' retrieved from /home/ubuntu/airflow-venv/lib/python3.12/site-packages/airflow/example_dags/tutorial.py
[2026-02-25T17:30:16.708+0000] {logging_mixin.py:190} INFO - [2026-02-25T17:30:16.708+0000] {dag.py:3239} INFO - Sync 1 DAGs
[2026-02-25T17:30:16.717+0000] {logging_mixin.py:190} INFO - [2026-02-25T17:30:16.717+0000] {dag.py:4180} INFO - Setting next_dagrun for tutorial to 2026-02-24 00:00:00+00:00, run_after=2026-02-25 00:00:00+00:00
[2026-02-25T17:30:16.733+0000] {processor.py:208} INFO - Processing /home/ubuntu/airflow-venv/lib/python3.12/site-packages/airflow/example_dags/tutorial.py took 0.122 seconds
[2026-02-25T17:31:19.602+0000] {processor.py:186} INFO - Started process (PID=3035) to work on /home/ubuntu/airflow-venv/lib/python3.12/site-packages/airflow/example_dags/tutorial.py
[2026-02-25T17:31:19.604+0000] {processor.py:914} INFO - Processing file /home/ubuntu/airflow-venv/lib/python3.12/site-packages/airflow/example_dags/tutorial.py for tasks to queue
[2026-02-25T17:31:19.605+0000] {logging_mixin.py:190} INFO - [2026-02-25T17:31:19.605+0000] {dagbag.py:588} INFO - Filling up the DagBag from /home/ubuntu/airflow-venv/lib/python3.12/site-packages/airflow/example_dags/tutorial.py
[2026-02-25T17:31:19.610+0000] {processor.py:925} INFO - DAG(s) 'tutorial' retrieved from /home/ubuntu/airflow-venv/lib/python3.12/site-packages/airflow/example_dags/tutorial.py
[2026-02-25T17:31:19.619+0000] {logging_mixin.py:190} INFO - [2026-02-25T17:31:19.619+0000] {dag.py:3239} INFO - Sync 1 DAGs
[2026-02-25T17:31:19.631+0000] {logging_mixin.py:190} INFO - [2026-02-25T17:31:19.631+0000] {dag.py:4180} INFO - Setting next_dagrun for tutorial to 2026-02-24 00:00:00+00:00, run_after=2026-02-25 00:00:00+00:00
[2026-02-25T17:31:19.648+0000] {processor.py:208} INFO - Processing /home/ubuntu/airflow-venv/lib/python3.12/site-packages/airflow/example_dags/tutorial.py took 0.049 seconds
[2026-02-25T17:32:12.806+0000] {processor.py:186} INFO - Started process (PID=3090) to work on /home/ubuntu/airflow-venv/lib/python3.12/site-packages/airflow/example_dags/tutorial.py
[2026-02-25T17:32:12.808+0000] {processor.py:914} INFO - Processing file /home/ubuntu/airflow-venv/lib/python3.12/site-packages/airflow/example_dags/tutorial.py for tasks to queue
[2026-02-25T17:32:12.809+0000] {logging_mixin.py:190} INFO - [2026-02-25T17:32:12.809+0000] {dagbag.py:588} INFO - Filling up the DagBag from /home/ubuntu/airflow-venv/lib/python3.12/site-packages/airflow/example_dags/tutorial.py
[2026-02-25T17:32:12.814+0000] {processor.py:925} INFO - DAG(s) 'tutorial' retrieved from /home/ubuntu/airflow-venv/lib/python3.12/site-packages/airflow/example_dags/tutorial.py
[2026-02-25T17:32:12.824+0000] {logging_mixin.py:190} INFO - [2026-02-25T17:32:12.824+0000] {dag.py:3239} INFO - Sync 1 DAGs
[2026-02-25T17:32:12.836+0000] {logging_mixin.py:190} INFO - [2026-02-25T17:32:12.836+0000] {dag.py:4180} INFO - Setting next_dagrun for tutorial to 2026-02-24 00:00:00+00:00, run_after=2026-02-25 00:00:00+00:00
[2026-02-25T17:32:12.853+0000] {processor.py:208} INFO - Processing /home/ubuntu/airflow-venv/lib/python3.12/site-packages/airflow/example_dags/tutorial.py took 0.049 seconds
[2026-02-25T17:32:59.755+0000] {processor.py:186} INFO - Started process (PID=3140) to work on /home/ubuntu/airflow-venv/lib/python3.12/site-packages/airflow/example_dags/tutorial.py
[2026-02-25T17:32:59.757+0000] {processor.py:914} INFO - Processing file /home/ubuntu/airflow-venv/lib/python3.12/site-packages/airflow/example_dags/tutorial.py for tasks to queue
[2026-02-25T17:32:59.758+0000] {logging_mixin.py:190} INFO - [2026-02-25T17:32:59.758+0000] {dagbag.py:588} INFO - Filling up the DagBag from /home/ubuntu/airflow-venv/lib/python3.12/site-packages/airflow/example_dags/tutorial.py
[2026-02-25T17:32:59.763+0000] {processor.py:925} INFO - DAG(s) 'tutorial' retrieved from /home/ubuntu/airflow-venv/lib/python3.12/site-packages/airflow/example_dags/tutorial.py
[2026-02-25T17:32:59.773+0000] {logging_mixin.py:190} INFO - [2026-02-25T17:32:59.773+0000] {dag.py:3239} INFO - Sync 1 DAGs
[2026-02-25T17:32:59.785+0000] {logging_mixin.py:190} INFO - [2026-02-25T17:32:59.785+0000] {dag.py:4180} INFO - Setting next_dagrun for tutorial to 2026-02-24 00:00:00+00:00, run_after=2026-02-25 00:00:00+00:00
[2026-02-25T17:32:59.801+0000] {processor.py:208} INFO - Processing /home/ubuntu/airflow-venv/lib/python3.12/site-packages/airflow/example_dags/tutorial.py took 0.049 seconds
[2026-02-25T17:33:51.450+0000] {processor.py:186} INFO - Started process (PID=3197) to work on /home/ubuntu/airflow-venv/lib/python3.12/site-packages/airflow/example_dags/tutorial.py
[2026-02-25T17:33:51.451+0000] {processor.py:914} INFO - Processing file /home/ubuntu/airflow-venv/lib/python3.12/site-packages/airflow/example_dags/tutorial.py for tasks to queue
[2026-02-25T17:33:51.453+0000] {logging_mixin.py:190} INFO - [2026-02-25T17:33:51.452+0000] {dagbag.py:588} INFO - Filling up the DagBag from /home/ubuntu/airflow-venv/lib/python3.12/site-packages/airflow/example_dags/tutorial.py
[2026-02-25T17:33:51.458+0000] {processor.py:925} INFO - DAG(s) 'tutorial' retrieved from /home/ubuntu/airflow-venv/lib/python3.12/site-packages/airflow/example_dags/tutorial.py
[2026-02-25T17:33:51.468+0000] {logging_mixin.py:190} INFO - [2026-02-25T17:33:51.467+0000] {dag.py:3239} INFO - Sync 1 DAGs
[2026-02-25T17:33:51.480+0000] {logging_mixin.py:190} INFO - [2026-02-25T17:33:51.480+0000] {dag.py:4180} INFO - Setting next_dagrun for tutorial to 2026-02-24 00:00:00+00:00, run_after=2026-02-25 00:00:00+00:00
[2026-02-25T17:33:51.497+0000] {processor.py:208} INFO - Processing /home/ubuntu/airflow-venv/lib/python3.12/site-packages/airflow/example_dags/tutorial.py took 0.051 seconds
[2026-02-25T17:34:38.714+0000] {processor.py:186} INFO - Started process (PID=3250) to work on /home/ubuntu/airflow-venv/lib/python3.12/site-packages/airflow/example_dags/tutorial.py
[2026-02-25T17:34:38.715+0000] {processor.py:914} INFO - Processing file /home/ubuntu/airflow-venv/lib/python3.12/site-packages/airflow/example_dags/tutorial.py for tasks to queue
[2026-02-25T17:34:38.717+0000] {logging_mixin.py:190} INFO - [2026-02-25T17:34:38.716+0000] {dagbag.py:588} INFO - Filling up the DagBag from /home/ubuntu/airflow-venv/lib/python3.12/site-packages/airflow/example_dags/tutorial.py
[2026-02-25T17:34:38.722+0000] {processor.py:925} INFO - DAG(s) 'tutorial' retrieved from /home/ubuntu/airflow-venv/lib/python3.12/site-packages/airflow/example_dags/tutorial.py
[2026-02-25T17:34:38.731+0000] {logging_mixin.py:190} INFO - [2026-02-25T17:34:38.731+0000] {dag.py:3239} INFO - Sync 1 DAGs
[2026-02-25T17:34:38.743+0000] {logging_mixin.py:190} INFO - [2026-02-25T17:34:38.743+0000] {dag.py:4180} INFO - Setting next_dagrun for tutorial to 2026-02-24 00:00:00+00:00, run_after=2026-02-25 00:00:00+00:00
[2026-02-25T17:34:38.759+0000] {processor.py:208} INFO - Processing /home/ubuntu/airflow-venv/lib/python3.12/site-packages/airflow/example_dags/tutorial.py took 0.049 seconds
