[2026-02-25T04:53:48.678+0000] {processor.py:186} INFO - Started process (PID=2107) to work on /home/ubuntu/airflow-venv/lib/python3.12/site-packages/airflow/example_dags/tutorial_taskflow_api_virtualenv.py
[2026-02-25T04:53:48.679+0000] {processor.py:914} INFO - Processing file /home/ubuntu/airflow-venv/lib/python3.12/site-packages/airflow/example_dags/tutorial_taskflow_api_virtualenv.py for tasks to queue
[2026-02-25T04:53:48.680+0000] {logging_mixin.py:190} INFO - [2026-02-25T04:53:48.680+0000] {dagbag.py:588} INFO - Filling up the DagBag from /home/ubuntu/airflow-venv/lib/python3.12/site-packages/airflow/example_dags/tutorial_taskflow_api_virtualenv.py
[2026-02-25T04:53:48.681+0000] {logging_mixin.py:190} INFO - [2026-02-25T04:53:48.681+0000] {tutorial_taskflow_api_virtualenv.py:29} WARNING - The tutorial_taskflow_api_virtualenv example DAG requires virtualenv, please install it.
[2026-02-25T04:53:48.681+0000] {processor.py:927} WARNING - No viable dags retrieved from /home/ubuntu/airflow-venv/lib/python3.12/site-packages/airflow/example_dags/tutorial_taskflow_api_virtualenv.py
[2026-02-25T04:53:48.688+0000] {processor.py:208} INFO - Processing /home/ubuntu/airflow-venv/lib/python3.12/site-packages/airflow/example_dags/tutorial_taskflow_api_virtualenv.py took 0.013 seconds
[2026-02-25T04:54:42.911+0000] {processor.py:186} INFO - Started process (PID=2590) to work on /home/ubuntu/airflow-venv/lib/python3.12/site-packages/airflow/example_dags/tutorial_taskflow_api_virtualenv.py
[2026-02-25T04:54:42.913+0000] {processor.py:914} INFO - Processing file /home/ubuntu/airflow-venv/lib/python3.12/site-packages/airflow/example_dags/tutorial_taskflow_api_virtualenv.py for tasks to queue
[2026-02-25T04:54:42.914+0000] {logging_mixin.py:190} INFO - [2026-02-25T04:54:42.914+0000] {dagbag.py:588} INFO - Filling up the DagBag from /home/ubuntu/airflow-venv/lib/python3.12/site-packages/airflow/example_dags/tutorial_taskflow_api_virtualenv.py
[2026-02-25T04:54:42.916+0000] {logging_mixin.py:190} INFO - [2026-02-25T04:54:42.915+0000] {tutorial_taskflow_api_virtualenv.py:29} WARNING - The tutorial_taskflow_api_virtualenv example DAG requires virtualenv, please install it.
[2026-02-25T04:54:42.916+0000] {processor.py:927} WARNING - No viable dags retrieved from /home/ubuntu/airflow-venv/lib/python3.12/site-packages/airflow/example_dags/tutorial_taskflow_api_virtualenv.py
[2026-02-25T04:54:42.922+0000] {processor.py:208} INFO - Processing /home/ubuntu/airflow-venv/lib/python3.12/site-packages/airflow/example_dags/tutorial_taskflow_api_virtualenv.py took 0.014 seconds
[2026-02-25T04:55:34.683+0000] {processor.py:186} INFO - Started process (PID=2654) to work on /home/ubuntu/airflow-venv/lib/python3.12/site-packages/airflow/example_dags/tutorial_taskflow_api_virtualenv.py
[2026-02-25T04:55:34.685+0000] {processor.py:914} INFO - Processing file /home/ubuntu/airflow-venv/lib/python3.12/site-packages/airflow/example_dags/tutorial_taskflow_api_virtualenv.py for tasks to queue
[2026-02-25T04:55:34.686+0000] {logging_mixin.py:190} INFO - [2026-02-25T04:55:34.686+0000] {dagbag.py:588} INFO - Filling up the DagBag from /home/ubuntu/airflow-venv/lib/python3.12/site-packages/airflow/example_dags/tutorial_taskflow_api_virtualenv.py
[2026-02-25T04:55:34.688+0000] {logging_mixin.py:190} INFO - [2026-02-25T04:55:34.688+0000] {tutorial_taskflow_api_virtualenv.py:29} WARNING - The tutorial_taskflow_api_virtualenv example DAG requires virtualenv, please install it.
[2026-02-25T04:55:34.688+0000] {processor.py:927} WARNING - No viable dags retrieved from /home/ubuntu/airflow-venv/lib/python3.12/site-packages/airflow/example_dags/tutorial_taskflow_api_virtualenv.py
[2026-02-25T04:55:34.695+0000] {processor.py:208} INFO - Processing /home/ubuntu/airflow-venv/lib/python3.12/site-packages/airflow/example_dags/tutorial_taskflow_api_virtualenv.py took 0.014 seconds
[2026-02-25T04:56:23.886+0000] {processor.py:186} INFO - Started process (PID=2712) to work on /home/ubuntu/airflow-venv/lib/python3.12/site-packages/airflow/example_dags/tutorial_taskflow_api_virtualenv.py
[2026-02-25T04:56:23.887+0000] {processor.py:914} INFO - Processing file /home/ubuntu/airflow-venv/lib/python3.12/site-packages/airflow/example_dags/tutorial_taskflow_api_virtualenv.py for tasks to queue
[2026-02-25T04:56:23.888+0000] {logging_mixin.py:190} INFO - [2026-02-25T04:56:23.888+0000] {dagbag.py:588} INFO - Filling up the DagBag from /home/ubuntu/airflow-venv/lib/python3.12/site-packages/airflow/example_dags/tutorial_taskflow_api_virtualenv.py
[2026-02-25T04:56:23.890+0000] {logging_mixin.py:190} INFO - [2026-02-25T04:56:23.890+0000] {tutorial_taskflow_api_virtualenv.py:29} WARNING - The tutorial_taskflow_api_virtualenv example DAG requires virtualenv, please install it.
[2026-02-25T04:56:23.890+0000] {processor.py:927} WARNING - No viable dags retrieved from /home/ubuntu/airflow-venv/lib/python3.12/site-packages/airflow/example_dags/tutorial_taskflow_api_virtualenv.py
[2026-02-25T04:56:23.897+0000] {processor.py:208} INFO - Processing /home/ubuntu/airflow-venv/lib/python3.12/site-packages/airflow/example_dags/tutorial_taskflow_api_virtualenv.py took 0.015 seconds
[2026-02-25T04:57:11.266+0000] {processor.py:186} INFO - Started process (PID=2767) to work on /home/ubuntu/airflow-venv/lib/python3.12/site-packages/airflow/example_dags/tutorial_taskflow_api_virtualenv.py
[2026-02-25T04:57:11.267+0000] {processor.py:914} INFO - Processing file /home/ubuntu/airflow-venv/lib/python3.12/site-packages/airflow/example_dags/tutorial_taskflow_api_virtualenv.py for tasks to queue
[2026-02-25T04:57:11.268+0000] {logging_mixin.py:190} INFO - [2026-02-25T04:57:11.268+0000] {dagbag.py:588} INFO - Filling up the DagBag from /home/ubuntu/airflow-venv/lib/python3.12/site-packages/airflow/example_dags/tutorial_taskflow_api_virtualenv.py
[2026-02-25T04:57:11.270+0000] {logging_mixin.py:190} INFO - [2026-02-25T04:57:11.270+0000] {tutorial_taskflow_api_virtualenv.py:29} WARNING - The tutorial_taskflow_api_virtualenv example DAG requires virtualenv, please install it.
[2026-02-25T04:57:11.270+0000] {processor.py:927} WARNING - No viable dags retrieved from /home/ubuntu/airflow-venv/lib/python3.12/site-packages/airflow/example_dags/tutorial_taskflow_api_virtualenv.py
[2026-02-25T04:57:11.277+0000] {processor.py:208} INFO - Processing /home/ubuntu/airflow-venv/lib/python3.12/site-packages/airflow/example_dags/tutorial_taskflow_api_virtualenv.py took 0.014 seconds
[2026-02-25T04:58:01.802+0000] {processor.py:186} INFO - Started process (PID=3183) to work on /home/ubuntu/airflow-venv/lib/python3.12/site-packages/airflow/example_dags/tutorial_taskflow_api_virtualenv.py
[2026-02-25T04:58:01.803+0000] {processor.py:914} INFO - Processing file /home/ubuntu/airflow-venv/lib/python3.12/site-packages/airflow/example_dags/tutorial_taskflow_api_virtualenv.py for tasks to queue
[2026-02-25T04:58:01.804+0000] {logging_mixin.py:190} INFO - [2026-02-25T04:58:01.804+0000] {dagbag.py:588} INFO - Filling up the DagBag from /home/ubuntu/airflow-venv/lib/python3.12/site-packages/airflow/example_dags/tutorial_taskflow_api_virtualenv.py
[2026-02-25T04:58:01.806+0000] {logging_mixin.py:190} INFO - [2026-02-25T04:58:01.806+0000] {tutorial_taskflow_api_virtualenv.py:29} WARNING - The tutorial_taskflow_api_virtualenv example DAG requires virtualenv, please install it.
[2026-02-25T04:58:01.806+0000] {processor.py:927} WARNING - No viable dags retrieved from /home/ubuntu/airflow-venv/lib/python3.12/site-packages/airflow/example_dags/tutorial_taskflow_api_virtualenv.py
[2026-02-25T04:58:01.813+0000] {processor.py:208} INFO - Processing /home/ubuntu/airflow-venv/lib/python3.12/site-packages/airflow/example_dags/tutorial_taskflow_api_virtualenv.py took 0.015 seconds
[2026-02-25T04:58:52.907+0000] {processor.py:186} INFO - Started process (PID=3240) to work on /home/ubuntu/airflow-venv/lib/python3.12/site-packages/airflow/example_dags/tutorial_taskflow_api_virtualenv.py
[2026-02-25T04:58:52.908+0000] {processor.py:914} INFO - Processing file /home/ubuntu/airflow-venv/lib/python3.12/site-packages/airflow/example_dags/tutorial_taskflow_api_virtualenv.py for tasks to queue
[2026-02-25T04:58:52.910+0000] {logging_mixin.py:190} INFO - [2026-02-25T04:58:52.909+0000] {dagbag.py:588} INFO - Filling up the DagBag from /home/ubuntu/airflow-venv/lib/python3.12/site-packages/airflow/example_dags/tutorial_taskflow_api_virtualenv.py
[2026-02-25T04:58:52.911+0000] {logging_mixin.py:190} INFO - [2026-02-25T04:58:52.911+0000] {tutorial_taskflow_api_virtualenv.py:29} WARNING - The tutorial_taskflow_api_virtualenv example DAG requires virtualenv, please install it.
[2026-02-25T04:58:52.911+0000] {processor.py:927} WARNING - No viable dags retrieved from /home/ubuntu/airflow-venv/lib/python3.12/site-packages/airflow/example_dags/tutorial_taskflow_api_virtualenv.py
[2026-02-25T04:58:52.918+0000] {processor.py:208} INFO - Processing /home/ubuntu/airflow-venv/lib/python3.12/site-packages/airflow/example_dags/tutorial_taskflow_api_virtualenv.py took 0.015 seconds
[2026-02-25T04:59:42.229+0000] {processor.py:186} INFO - Started process (PID=3292) to work on /home/ubuntu/airflow-venv/lib/python3.12/site-packages/airflow/example_dags/tutorial_taskflow_api_virtualenv.py
[2026-02-25T04:59:42.230+0000] {processor.py:914} INFO - Processing file /home/ubuntu/airflow-venv/lib/python3.12/site-packages/airflow/example_dags/tutorial_taskflow_api_virtualenv.py for tasks to queue
[2026-02-25T04:59:42.231+0000] {logging_mixin.py:190} INFO - [2026-02-25T04:59:42.231+0000] {dagbag.py:588} INFO - Filling up the DagBag from /home/ubuntu/airflow-venv/lib/python3.12/site-packages/airflow/example_dags/tutorial_taskflow_api_virtualenv.py
[2026-02-25T04:59:42.233+0000] {logging_mixin.py:190} INFO - [2026-02-25T04:59:42.232+0000] {tutorial_taskflow_api_virtualenv.py:29} WARNING - The tutorial_taskflow_api_virtualenv example DAG requires virtualenv, please install it.
[2026-02-25T04:59:42.233+0000] {processor.py:927} WARNING - No viable dags retrieved from /home/ubuntu/airflow-venv/lib/python3.12/site-packages/airflow/example_dags/tutorial_taskflow_api_virtualenv.py
[2026-02-25T04:59:42.239+0000] {processor.py:208} INFO - Processing /home/ubuntu/airflow-venv/lib/python3.12/site-packages/airflow/example_dags/tutorial_taskflow_api_virtualenv.py took 0.014 seconds
[2026-02-25T05:00:37.623+0000] {processor.py:186} INFO - Started process (PID=3349) to work on /home/ubuntu/airflow-venv/lib/python3.12/site-packages/airflow/example_dags/tutorial_taskflow_api_virtualenv.py
[2026-02-25T05:00:37.624+0000] {processor.py:914} INFO - Processing file /home/ubuntu/airflow-venv/lib/python3.12/site-packages/airflow/example_dags/tutorial_taskflow_api_virtualenv.py for tasks to queue
[2026-02-25T05:00:37.626+0000] {logging_mixin.py:190} INFO - [2026-02-25T05:00:37.625+0000] {dagbag.py:588} INFO - Filling up the DagBag from /home/ubuntu/airflow-venv/lib/python3.12/site-packages/airflow/example_dags/tutorial_taskflow_api_virtualenv.py
[2026-02-25T05:00:37.627+0000] {logging_mixin.py:190} INFO - [2026-02-25T05:00:37.627+0000] {tutorial_taskflow_api_virtualenv.py:29} WARNING - The tutorial_taskflow_api_virtualenv example DAG requires virtualenv, please install it.
[2026-02-25T05:00:37.627+0000] {processor.py:927} WARNING - No viable dags retrieved from /home/ubuntu/airflow-venv/lib/python3.12/site-packages/airflow/example_dags/tutorial_taskflow_api_virtualenv.py
[2026-02-25T05:00:37.634+0000] {processor.py:208} INFO - Processing /home/ubuntu/airflow-venv/lib/python3.12/site-packages/airflow/example_dags/tutorial_taskflow_api_virtualenv.py took 0.015 seconds
[2026-02-25T05:01:29.410+0000] {processor.py:186} INFO - Started process (PID=3409) to work on /home/ubuntu/airflow-venv/lib/python3.12/site-packages/airflow/example_dags/tutorial_taskflow_api_virtualenv.py
[2026-02-25T05:01:29.411+0000] {processor.py:914} INFO - Processing file /home/ubuntu/airflow-venv/lib/python3.12/site-packages/airflow/example_dags/tutorial_taskflow_api_virtualenv.py for tasks to queue
[2026-02-25T05:01:29.413+0000] {logging_mixin.py:190} INFO - [2026-02-25T05:01:29.412+0000] {dagbag.py:588} INFO - Filling up the DagBag from /home/ubuntu/airflow-venv/lib/python3.12/site-packages/airflow/example_dags/tutorial_taskflow_api_virtualenv.py
[2026-02-25T05:01:29.414+0000] {logging_mixin.py:190} INFO - [2026-02-25T05:01:29.414+0000] {tutorial_taskflow_api_virtualenv.py:29} WARNING - The tutorial_taskflow_api_virtualenv example DAG requires virtualenv, please install it.
[2026-02-25T05:01:29.414+0000] {processor.py:927} WARNING - No viable dags retrieved from /home/ubuntu/airflow-venv/lib/python3.12/site-packages/airflow/example_dags/tutorial_taskflow_api_virtualenv.py
[2026-02-25T05:01:29.421+0000] {processor.py:208} INFO - Processing /home/ubuntu/airflow-venv/lib/python3.12/site-packages/airflow/example_dags/tutorial_taskflow_api_virtualenv.py took 0.015 seconds
[2026-02-25T05:02:18.183+0000] {processor.py:186} INFO - Started process (PID=3461) to work on /home/ubuntu/airflow-venv/lib/python3.12/site-packages/airflow/example_dags/tutorial_taskflow_api_virtualenv.py
[2026-02-25T05:02:18.184+0000] {processor.py:914} INFO - Processing file /home/ubuntu/airflow-venv/lib/python3.12/site-packages/airflow/example_dags/tutorial_taskflow_api_virtualenv.py for tasks to queue
[2026-02-25T05:02:18.186+0000] {logging_mixin.py:190} INFO - [2026-02-25T05:02:18.185+0000] {dagbag.py:588} INFO - Filling up the DagBag from /home/ubuntu/airflow-venv/lib/python3.12/site-packages/airflow/example_dags/tutorial_taskflow_api_virtualenv.py
[2026-02-25T05:02:18.187+0000] {logging_mixin.py:190} INFO - [2026-02-25T05:02:18.187+0000] {tutorial_taskflow_api_virtualenv.py:29} WARNING - The tutorial_taskflow_api_virtualenv example DAG requires virtualenv, please install it.
[2026-02-25T05:02:18.187+0000] {processor.py:927} WARNING - No viable dags retrieved from /home/ubuntu/airflow-venv/lib/python3.12/site-packages/airflow/example_dags/tutorial_taskflow_api_virtualenv.py
[2026-02-25T05:02:18.194+0000] {processor.py:208} INFO - Processing /home/ubuntu/airflow-venv/lib/python3.12/site-packages/airflow/example_dags/tutorial_taskflow_api_virtualenv.py took 0.014 seconds
[2026-02-25T05:03:09.194+0000] {processor.py:186} INFO - Started process (PID=3514) to work on /home/ubuntu/airflow-venv/lib/python3.12/site-packages/airflow/example_dags/tutorial_taskflow_api_virtualenv.py
[2026-02-25T05:03:09.195+0000] {processor.py:914} INFO - Processing file /home/ubuntu/airflow-venv/lib/python3.12/site-packages/airflow/example_dags/tutorial_taskflow_api_virtualenv.py for tasks to queue
[2026-02-25T05:03:09.197+0000] {logging_mixin.py:190} INFO - [2026-02-25T05:03:09.196+0000] {dagbag.py:588} INFO - Filling up the DagBag from /home/ubuntu/airflow-venv/lib/python3.12/site-packages/airflow/example_dags/tutorial_taskflow_api_virtualenv.py
[2026-02-25T05:03:09.198+0000] {logging_mixin.py:190} INFO - [2026-02-25T05:03:09.198+0000] {tutorial_taskflow_api_virtualenv.py:29} WARNING - The tutorial_taskflow_api_virtualenv example DAG requires virtualenv, please install it.
[2026-02-25T05:03:09.198+0000] {processor.py:927} WARNING - No viable dags retrieved from /home/ubuntu/airflow-venv/lib/python3.12/site-packages/airflow/example_dags/tutorial_taskflow_api_virtualenv.py
[2026-02-25T05:03:09.205+0000] {processor.py:208} INFO - Processing /home/ubuntu/airflow-venv/lib/python3.12/site-packages/airflow/example_dags/tutorial_taskflow_api_virtualenv.py took 0.014 seconds
[2026-02-25T05:03:57.706+0000] {processor.py:186} INFO - Started process (PID=3566) to work on /home/ubuntu/airflow-venv/lib/python3.12/site-packages/airflow/example_dags/tutorial_taskflow_api_virtualenv.py
[2026-02-25T05:03:57.708+0000] {processor.py:914} INFO - Processing file /home/ubuntu/airflow-venv/lib/python3.12/site-packages/airflow/example_dags/tutorial_taskflow_api_virtualenv.py for tasks to queue
[2026-02-25T05:03:57.709+0000] {logging_mixin.py:190} INFO - [2026-02-25T05:03:57.709+0000] {dagbag.py:588} INFO - Filling up the DagBag from /home/ubuntu/airflow-venv/lib/python3.12/site-packages/airflow/example_dags/tutorial_taskflow_api_virtualenv.py
[2026-02-25T05:03:57.710+0000] {logging_mixin.py:190} INFO - [2026-02-25T05:03:57.710+0000] {tutorial_taskflow_api_virtualenv.py:29} WARNING - The tutorial_taskflow_api_virtualenv example DAG requires virtualenv, please install it.
[2026-02-25T05:03:57.711+0000] {processor.py:927} WARNING - No viable dags retrieved from /home/ubuntu/airflow-venv/lib/python3.12/site-packages/airflow/example_dags/tutorial_taskflow_api_virtualenv.py
[2026-02-25T05:03:57.717+0000] {processor.py:208} INFO - Processing /home/ubuntu/airflow-venv/lib/python3.12/site-packages/airflow/example_dags/tutorial_taskflow_api_virtualenv.py took 0.014 seconds
[2026-02-25T05:04:45.633+0000] {processor.py:186} INFO - Started process (PID=3617) to work on /home/ubuntu/airflow-venv/lib/python3.12/site-packages/airflow/example_dags/tutorial_taskflow_api_virtualenv.py
[2026-02-25T05:04:45.635+0000] {processor.py:914} INFO - Processing file /home/ubuntu/airflow-venv/lib/python3.12/site-packages/airflow/example_dags/tutorial_taskflow_api_virtualenv.py for tasks to queue
[2026-02-25T05:04:45.636+0000] {logging_mixin.py:190} INFO - [2026-02-25T05:04:45.636+0000] {dagbag.py:588} INFO - Filling up the DagBag from /home/ubuntu/airflow-venv/lib/python3.12/site-packages/airflow/example_dags/tutorial_taskflow_api_virtualenv.py
[2026-02-25T05:04:45.638+0000] {logging_mixin.py:190} INFO - [2026-02-25T05:04:45.638+0000] {tutorial_taskflow_api_virtualenv.py:29} WARNING - The tutorial_taskflow_api_virtualenv example DAG requires virtualenv, please install it.
[2026-02-25T05:04:45.638+0000] {processor.py:927} WARNING - No viable dags retrieved from /home/ubuntu/airflow-venv/lib/python3.12/site-packages/airflow/example_dags/tutorial_taskflow_api_virtualenv.py
[2026-02-25T05:04:45.645+0000] {processor.py:208} INFO - Processing /home/ubuntu/airflow-venv/lib/python3.12/site-packages/airflow/example_dags/tutorial_taskflow_api_virtualenv.py took 0.015 seconds
[2026-02-25T05:05:33.722+0000] {processor.py:186} INFO - Started process (PID=3672) to work on /home/ubuntu/airflow-venv/lib/python3.12/site-packages/airflow/example_dags/tutorial_taskflow_api_virtualenv.py
[2026-02-25T05:05:33.723+0000] {processor.py:914} INFO - Processing file /home/ubuntu/airflow-venv/lib/python3.12/site-packages/airflow/example_dags/tutorial_taskflow_api_virtualenv.py for tasks to queue
[2026-02-25T05:05:33.725+0000] {logging_mixin.py:190} INFO - [2026-02-25T05:05:33.724+0000] {dagbag.py:588} INFO - Filling up the DagBag from /home/ubuntu/airflow-venv/lib/python3.12/site-packages/airflow/example_dags/tutorial_taskflow_api_virtualenv.py
[2026-02-25T05:05:33.726+0000] {logging_mixin.py:190} INFO - [2026-02-25T05:05:33.726+0000] {tutorial_taskflow_api_virtualenv.py:29} WARNING - The tutorial_taskflow_api_virtualenv example DAG requires virtualenv, please install it.
[2026-02-25T05:05:33.726+0000] {processor.py:927} WARNING - No viable dags retrieved from /home/ubuntu/airflow-venv/lib/python3.12/site-packages/airflow/example_dags/tutorial_taskflow_api_virtualenv.py
[2026-02-25T05:05:33.733+0000] {processor.py:208} INFO - Processing /home/ubuntu/airflow-venv/lib/python3.12/site-packages/airflow/example_dags/tutorial_taskflow_api_virtualenv.py took 0.015 seconds
[2026-02-25T05:06:24.351+0000] {processor.py:186} INFO - Started process (PID=3727) to work on /home/ubuntu/airflow-venv/lib/python3.12/site-packages/airflow/example_dags/tutorial_taskflow_api_virtualenv.py
[2026-02-25T05:06:24.352+0000] {processor.py:914} INFO - Processing file /home/ubuntu/airflow-venv/lib/python3.12/site-packages/airflow/example_dags/tutorial_taskflow_api_virtualenv.py for tasks to queue
[2026-02-25T05:06:24.353+0000] {logging_mixin.py:190} INFO - [2026-02-25T05:06:24.353+0000] {dagbag.py:588} INFO - Filling up the DagBag from /home/ubuntu/airflow-venv/lib/python3.12/site-packages/airflow/example_dags/tutorial_taskflow_api_virtualenv.py
[2026-02-25T05:06:24.355+0000] {logging_mixin.py:190} INFO - [2026-02-25T05:06:24.355+0000] {tutorial_taskflow_api_virtualenv.py:29} WARNING - The tutorial_taskflow_api_virtualenv example DAG requires virtualenv, please install it.
[2026-02-25T05:06:24.355+0000] {processor.py:927} WARNING - No viable dags retrieved from /home/ubuntu/airflow-venv/lib/python3.12/site-packages/airflow/example_dags/tutorial_taskflow_api_virtualenv.py
[2026-02-25T05:06:24.362+0000] {processor.py:208} INFO - Processing /home/ubuntu/airflow-venv/lib/python3.12/site-packages/airflow/example_dags/tutorial_taskflow_api_virtualenv.py took 0.014 seconds
[2026-02-25T05:07:13.721+0000] {processor.py:186} INFO - Started process (PID=3779) to work on /home/ubuntu/airflow-venv/lib/python3.12/site-packages/airflow/example_dags/tutorial_taskflow_api_virtualenv.py
[2026-02-25T05:07:13.723+0000] {processor.py:914} INFO - Processing file /home/ubuntu/airflow-venv/lib/python3.12/site-packages/airflow/example_dags/tutorial_taskflow_api_virtualenv.py for tasks to queue
[2026-02-25T05:07:13.724+0000] {logging_mixin.py:190} INFO - [2026-02-25T05:07:13.724+0000] {dagbag.py:588} INFO - Filling up the DagBag from /home/ubuntu/airflow-venv/lib/python3.12/site-packages/airflow/example_dags/tutorial_taskflow_api_virtualenv.py
[2026-02-25T05:07:13.726+0000] {logging_mixin.py:190} INFO - [2026-02-25T05:07:13.726+0000] {tutorial_taskflow_api_virtualenv.py:29} WARNING - The tutorial_taskflow_api_virtualenv example DAG requires virtualenv, please install it.
[2026-02-25T05:07:13.726+0000] {processor.py:927} WARNING - No viable dags retrieved from /home/ubuntu/airflow-venv/lib/python3.12/site-packages/airflow/example_dags/tutorial_taskflow_api_virtualenv.py
[2026-02-25T05:07:13.733+0000] {processor.py:208} INFO - Processing /home/ubuntu/airflow-venv/lib/python3.12/site-packages/airflow/example_dags/tutorial_taskflow_api_virtualenv.py took 0.015 seconds
[2026-02-25T05:08:03.245+0000] {processor.py:186} INFO - Started process (PID=3832) to work on /home/ubuntu/airflow-venv/lib/python3.12/site-packages/airflow/example_dags/tutorial_taskflow_api_virtualenv.py
[2026-02-25T05:08:03.246+0000] {processor.py:914} INFO - Processing file /home/ubuntu/airflow-venv/lib/python3.12/site-packages/airflow/example_dags/tutorial_taskflow_api_virtualenv.py for tasks to queue
[2026-02-25T05:08:03.247+0000] {logging_mixin.py:190} INFO - [2026-02-25T05:08:03.247+0000] {dagbag.py:588} INFO - Filling up the DagBag from /home/ubuntu/airflow-venv/lib/python3.12/site-packages/airflow/example_dags/tutorial_taskflow_api_virtualenv.py
[2026-02-25T05:08:03.249+0000] {logging_mixin.py:190} INFO - [2026-02-25T05:08:03.248+0000] {tutorial_taskflow_api_virtualenv.py:29} WARNING - The tutorial_taskflow_api_virtualenv example DAG requires virtualenv, please install it.
[2026-02-25T05:08:03.249+0000] {processor.py:927} WARNING - No viable dags retrieved from /home/ubuntu/airflow-venv/lib/python3.12/site-packages/airflow/example_dags/tutorial_taskflow_api_virtualenv.py
[2026-02-25T05:08:03.255+0000] {processor.py:208} INFO - Processing /home/ubuntu/airflow-venv/lib/python3.12/site-packages/airflow/example_dags/tutorial_taskflow_api_virtualenv.py took 0.014 seconds
[2026-02-25T05:08:51.382+0000] {processor.py:186} INFO - Started process (PID=3882) to work on /home/ubuntu/airflow-venv/lib/python3.12/site-packages/airflow/example_dags/tutorial_taskflow_api_virtualenv.py
[2026-02-25T05:08:51.383+0000] {processor.py:914} INFO - Processing file /home/ubuntu/airflow-venv/lib/python3.12/site-packages/airflow/example_dags/tutorial_taskflow_api_virtualenv.py for tasks to queue
[2026-02-25T05:08:51.384+0000] {logging_mixin.py:190} INFO - [2026-02-25T05:08:51.384+0000] {dagbag.py:588} INFO - Filling up the DagBag from /home/ubuntu/airflow-venv/lib/python3.12/site-packages/airflow/example_dags/tutorial_taskflow_api_virtualenv.py
[2026-02-25T05:08:51.386+0000] {logging_mixin.py:190} INFO - [2026-02-25T05:08:51.386+0000] {tutorial_taskflow_api_virtualenv.py:29} WARNING - The tutorial_taskflow_api_virtualenv example DAG requires virtualenv, please install it.
[2026-02-25T05:08:51.386+0000] {processor.py:927} WARNING - No viable dags retrieved from /home/ubuntu/airflow-venv/lib/python3.12/site-packages/airflow/example_dags/tutorial_taskflow_api_virtualenv.py
[2026-02-25T05:08:51.392+0000] {processor.py:208} INFO - Processing /home/ubuntu/airflow-venv/lib/python3.12/site-packages/airflow/example_dags/tutorial_taskflow_api_virtualenv.py took 0.014 seconds
[2026-02-25T05:09:38.191+0000] {processor.py:186} INFO - Started process (PID=3933) to work on /home/ubuntu/airflow-venv/lib/python3.12/site-packages/airflow/example_dags/tutorial_taskflow_api_virtualenv.py
[2026-02-25T05:09:38.192+0000] {processor.py:914} INFO - Processing file /home/ubuntu/airflow-venv/lib/python3.12/site-packages/airflow/example_dags/tutorial_taskflow_api_virtualenv.py for tasks to queue
[2026-02-25T05:09:38.193+0000] {logging_mixin.py:190} INFO - [2026-02-25T05:09:38.193+0000] {dagbag.py:588} INFO - Filling up the DagBag from /home/ubuntu/airflow-venv/lib/python3.12/site-packages/airflow/example_dags/tutorial_taskflow_api_virtualenv.py
[2026-02-25T05:09:38.195+0000] {logging_mixin.py:190} INFO - [2026-02-25T05:09:38.195+0000] {tutorial_taskflow_api_virtualenv.py:29} WARNING - The tutorial_taskflow_api_virtualenv example DAG requires virtualenv, please install it.
[2026-02-25T05:09:38.195+0000] {processor.py:927} WARNING - No viable dags retrieved from /home/ubuntu/airflow-venv/lib/python3.12/site-packages/airflow/example_dags/tutorial_taskflow_api_virtualenv.py
[2026-02-25T05:09:38.201+0000] {processor.py:208} INFO - Processing /home/ubuntu/airflow-venv/lib/python3.12/site-packages/airflow/example_dags/tutorial_taskflow_api_virtualenv.py took 0.014 seconds
[2026-02-25T05:10:29.500+0000] {processor.py:186} INFO - Started process (PID=3985) to work on /home/ubuntu/airflow-venv/lib/python3.12/site-packages/airflow/example_dags/tutorial_taskflow_api_virtualenv.py
[2026-02-25T05:10:29.501+0000] {processor.py:914} INFO - Processing file /home/ubuntu/airflow-venv/lib/python3.12/site-packages/airflow/example_dags/tutorial_taskflow_api_virtualenv.py for tasks to queue
[2026-02-25T05:10:29.503+0000] {logging_mixin.py:190} INFO - [2026-02-25T05:10:29.502+0000] {dagbag.py:588} INFO - Filling up the DagBag from /home/ubuntu/airflow-venv/lib/python3.12/site-packages/airflow/example_dags/tutorial_taskflow_api_virtualenv.py
[2026-02-25T05:10:29.504+0000] {logging_mixin.py:190} INFO - [2026-02-25T05:10:29.504+0000] {tutorial_taskflow_api_virtualenv.py:29} WARNING - The tutorial_taskflow_api_virtualenv example DAG requires virtualenv, please install it.
[2026-02-25T05:10:29.504+0000] {processor.py:927} WARNING - No viable dags retrieved from /home/ubuntu/airflow-venv/lib/python3.12/site-packages/airflow/example_dags/tutorial_taskflow_api_virtualenv.py
[2026-02-25T05:10:29.511+0000] {processor.py:208} INFO - Processing /home/ubuntu/airflow-venv/lib/python3.12/site-packages/airflow/example_dags/tutorial_taskflow_api_virtualenv.py took 0.015 seconds
[2026-02-25T05:11:20.756+0000] {processor.py:186} INFO - Started process (PID=4043) to work on /home/ubuntu/airflow-venv/lib/python3.12/site-packages/airflow/example_dags/tutorial_taskflow_api_virtualenv.py
[2026-02-25T05:11:20.757+0000] {processor.py:914} INFO - Processing file /home/ubuntu/airflow-venv/lib/python3.12/site-packages/airflow/example_dags/tutorial_taskflow_api_virtualenv.py for tasks to queue
[2026-02-25T05:11:20.758+0000] {logging_mixin.py:190} INFO - [2026-02-25T05:11:20.758+0000] {dagbag.py:588} INFO - Filling up the DagBag from /home/ubuntu/airflow-venv/lib/python3.12/site-packages/airflow/example_dags/tutorial_taskflow_api_virtualenv.py
[2026-02-25T05:11:20.760+0000] {logging_mixin.py:190} INFO - [2026-02-25T05:11:20.760+0000] {tutorial_taskflow_api_virtualenv.py:29} WARNING - The tutorial_taskflow_api_virtualenv example DAG requires virtualenv, please install it.
[2026-02-25T05:11:20.760+0000] {processor.py:927} WARNING - No viable dags retrieved from /home/ubuntu/airflow-venv/lib/python3.12/site-packages/airflow/example_dags/tutorial_taskflow_api_virtualenv.py
[2026-02-25T05:11:20.767+0000] {processor.py:208} INFO - Processing /home/ubuntu/airflow-venv/lib/python3.12/site-packages/airflow/example_dags/tutorial_taskflow_api_virtualenv.py took 0.014 seconds
[2026-02-25T05:12:10.412+0000] {processor.py:186} INFO - Started process (PID=4096) to work on /home/ubuntu/airflow-venv/lib/python3.12/site-packages/airflow/example_dags/tutorial_taskflow_api_virtualenv.py
[2026-02-25T05:12:10.413+0000] {processor.py:914} INFO - Processing file /home/ubuntu/airflow-venv/lib/python3.12/site-packages/airflow/example_dags/tutorial_taskflow_api_virtualenv.py for tasks to queue
[2026-02-25T05:12:10.414+0000] {logging_mixin.py:190} INFO - [2026-02-25T05:12:10.414+0000] {dagbag.py:588} INFO - Filling up the DagBag from /home/ubuntu/airflow-venv/lib/python3.12/site-packages/airflow/example_dags/tutorial_taskflow_api_virtualenv.py
[2026-02-25T05:12:10.416+0000] {logging_mixin.py:190} INFO - [2026-02-25T05:12:10.416+0000] {tutorial_taskflow_api_virtualenv.py:29} WARNING - The tutorial_taskflow_api_virtualenv example DAG requires virtualenv, please install it.
[2026-02-25T05:12:10.416+0000] {processor.py:927} WARNING - No viable dags retrieved from /home/ubuntu/airflow-venv/lib/python3.12/site-packages/airflow/example_dags/tutorial_taskflow_api_virtualenv.py
[2026-02-25T05:12:10.422+0000] {processor.py:208} INFO - Processing /home/ubuntu/airflow-venv/lib/python3.12/site-packages/airflow/example_dags/tutorial_taskflow_api_virtualenv.py took 0.014 seconds
[2026-02-25T05:13:00.621+0000] {processor.py:186} INFO - Started process (PID=4148) to work on /home/ubuntu/airflow-venv/lib/python3.12/site-packages/airflow/example_dags/tutorial_taskflow_api_virtualenv.py
[2026-02-25T05:13:00.622+0000] {processor.py:914} INFO - Processing file /home/ubuntu/airflow-venv/lib/python3.12/site-packages/airflow/example_dags/tutorial_taskflow_api_virtualenv.py for tasks to queue
[2026-02-25T05:13:00.623+0000] {logging_mixin.py:190} INFO - [2026-02-25T05:13:00.623+0000] {dagbag.py:588} INFO - Filling up the DagBag from /home/ubuntu/airflow-venv/lib/python3.12/site-packages/airflow/example_dags/tutorial_taskflow_api_virtualenv.py
[2026-02-25T05:13:00.625+0000] {logging_mixin.py:190} INFO - [2026-02-25T05:13:00.625+0000] {tutorial_taskflow_api_virtualenv.py:29} WARNING - The tutorial_taskflow_api_virtualenv example DAG requires virtualenv, please install it.
[2026-02-25T05:13:00.625+0000] {processor.py:927} WARNING - No viable dags retrieved from /home/ubuntu/airflow-venv/lib/python3.12/site-packages/airflow/example_dags/tutorial_taskflow_api_virtualenv.py
[2026-02-25T05:13:00.632+0000] {processor.py:208} INFO - Processing /home/ubuntu/airflow-venv/lib/python3.12/site-packages/airflow/example_dags/tutorial_taskflow_api_virtualenv.py took 0.015 seconds
[2026-02-25T05:13:49.749+0000] {processor.py:186} INFO - Started process (PID=4199) to work on /home/ubuntu/airflow-venv/lib/python3.12/site-packages/airflow/example_dags/tutorial_taskflow_api_virtualenv.py
[2026-02-25T05:13:49.751+0000] {processor.py:914} INFO - Processing file /home/ubuntu/airflow-venv/lib/python3.12/site-packages/airflow/example_dags/tutorial_taskflow_api_virtualenv.py for tasks to queue
[2026-02-25T05:13:49.752+0000] {logging_mixin.py:190} INFO - [2026-02-25T05:13:49.752+0000] {dagbag.py:588} INFO - Filling up the DagBag from /home/ubuntu/airflow-venv/lib/python3.12/site-packages/airflow/example_dags/tutorial_taskflow_api_virtualenv.py
[2026-02-25T05:13:49.754+0000] {logging_mixin.py:190} INFO - [2026-02-25T05:13:49.753+0000] {tutorial_taskflow_api_virtualenv.py:29} WARNING - The tutorial_taskflow_api_virtualenv example DAG requires virtualenv, please install it.
[2026-02-25T05:13:49.754+0000] {processor.py:927} WARNING - No viable dags retrieved from /home/ubuntu/airflow-venv/lib/python3.12/site-packages/airflow/example_dags/tutorial_taskflow_api_virtualenv.py
[2026-02-25T05:13:49.760+0000] {processor.py:208} INFO - Processing /home/ubuntu/airflow-venv/lib/python3.12/site-packages/airflow/example_dags/tutorial_taskflow_api_virtualenv.py took 0.014 seconds
[2026-02-25T05:14:39.344+0000] {processor.py:186} INFO - Started process (PID=4252) to work on /home/ubuntu/airflow-venv/lib/python3.12/site-packages/airflow/example_dags/tutorial_taskflow_api_virtualenv.py
[2026-02-25T05:14:39.346+0000] {processor.py:914} INFO - Processing file /home/ubuntu/airflow-venv/lib/python3.12/site-packages/airflow/example_dags/tutorial_taskflow_api_virtualenv.py for tasks to queue
[2026-02-25T05:14:39.347+0000] {logging_mixin.py:190} INFO - [2026-02-25T05:14:39.347+0000] {dagbag.py:588} INFO - Filling up the DagBag from /home/ubuntu/airflow-venv/lib/python3.12/site-packages/airflow/example_dags/tutorial_taskflow_api_virtualenv.py
[2026-02-25T05:14:39.349+0000] {logging_mixin.py:190} INFO - [2026-02-25T05:14:39.349+0000] {tutorial_taskflow_api_virtualenv.py:29} WARNING - The tutorial_taskflow_api_virtualenv example DAG requires virtualenv, please install it.
[2026-02-25T05:14:39.349+0000] {processor.py:927} WARNING - No viable dags retrieved from /home/ubuntu/airflow-venv/lib/python3.12/site-packages/airflow/example_dags/tutorial_taskflow_api_virtualenv.py
[2026-02-25T05:14:39.356+0000] {processor.py:208} INFO - Processing /home/ubuntu/airflow-venv/lib/python3.12/site-packages/airflow/example_dags/tutorial_taskflow_api_virtualenv.py took 0.015 seconds
[2026-02-25T05:15:28.868+0000] {processor.py:186} INFO - Started process (PID=4305) to work on /home/ubuntu/airflow-venv/lib/python3.12/site-packages/airflow/example_dags/tutorial_taskflow_api_virtualenv.py
[2026-02-25T05:15:28.870+0000] {processor.py:914} INFO - Processing file /home/ubuntu/airflow-venv/lib/python3.12/site-packages/airflow/example_dags/tutorial_taskflow_api_virtualenv.py for tasks to queue
[2026-02-25T05:15:28.871+0000] {logging_mixin.py:190} INFO - [2026-02-25T05:15:28.871+0000] {dagbag.py:588} INFO - Filling up the DagBag from /home/ubuntu/airflow-venv/lib/python3.12/site-packages/airflow/example_dags/tutorial_taskflow_api_virtualenv.py
[2026-02-25T05:15:28.872+0000] {logging_mixin.py:190} INFO - [2026-02-25T05:15:28.872+0000] {tutorial_taskflow_api_virtualenv.py:29} WARNING - The tutorial_taskflow_api_virtualenv example DAG requires virtualenv, please install it.
[2026-02-25T05:15:28.873+0000] {processor.py:927} WARNING - No viable dags retrieved from /home/ubuntu/airflow-venv/lib/python3.12/site-packages/airflow/example_dags/tutorial_taskflow_api_virtualenv.py
[2026-02-25T05:15:28.879+0000] {processor.py:208} INFO - Processing /home/ubuntu/airflow-venv/lib/python3.12/site-packages/airflow/example_dags/tutorial_taskflow_api_virtualenv.py took 0.014 seconds
[2026-02-25T05:16:19.455+0000] {processor.py:186} INFO - Started process (PID=4360) to work on /home/ubuntu/airflow-venv/lib/python3.12/site-packages/airflow/example_dags/tutorial_taskflow_api_virtualenv.py
[2026-02-25T05:16:19.456+0000] {processor.py:914} INFO - Processing file /home/ubuntu/airflow-venv/lib/python3.12/site-packages/airflow/example_dags/tutorial_taskflow_api_virtualenv.py for tasks to queue
[2026-02-25T05:16:19.457+0000] {logging_mixin.py:190} INFO - [2026-02-25T05:16:19.457+0000] {dagbag.py:588} INFO - Filling up the DagBag from /home/ubuntu/airflow-venv/lib/python3.12/site-packages/airflow/example_dags/tutorial_taskflow_api_virtualenv.py
[2026-02-25T05:16:19.459+0000] {logging_mixin.py:190} INFO - [2026-02-25T05:16:19.459+0000] {tutorial_taskflow_api_virtualenv.py:29} WARNING - The tutorial_taskflow_api_virtualenv example DAG requires virtualenv, please install it.
[2026-02-25T05:16:19.459+0000] {processor.py:927} WARNING - No viable dags retrieved from /home/ubuntu/airflow-venv/lib/python3.12/site-packages/airflow/example_dags/tutorial_taskflow_api_virtualenv.py
[2026-02-25T05:16:19.466+0000] {processor.py:208} INFO - Processing /home/ubuntu/airflow-venv/lib/python3.12/site-packages/airflow/example_dags/tutorial_taskflow_api_virtualenv.py took 0.014 seconds
[2026-02-25T05:17:10.109+0000] {processor.py:186} INFO - Started process (PID=4416) to work on /home/ubuntu/airflow-venv/lib/python3.12/site-packages/airflow/example_dags/tutorial_taskflow_api_virtualenv.py
[2026-02-25T05:17:10.110+0000] {processor.py:914} INFO - Processing file /home/ubuntu/airflow-venv/lib/python3.12/site-packages/airflow/example_dags/tutorial_taskflow_api_virtualenv.py for tasks to queue
[2026-02-25T05:17:10.112+0000] {logging_mixin.py:190} INFO - [2026-02-25T05:17:10.111+0000] {dagbag.py:588} INFO - Filling up the DagBag from /home/ubuntu/airflow-venv/lib/python3.12/site-packages/airflow/example_dags/tutorial_taskflow_api_virtualenv.py
[2026-02-25T05:17:10.113+0000] {logging_mixin.py:190} INFO - [2026-02-25T05:17:10.113+0000] {tutorial_taskflow_api_virtualenv.py:29} WARNING - The tutorial_taskflow_api_virtualenv example DAG requires virtualenv, please install it.
[2026-02-25T05:17:10.113+0000] {processor.py:927} WARNING - No viable dags retrieved from /home/ubuntu/airflow-venv/lib/python3.12/site-packages/airflow/example_dags/tutorial_taskflow_api_virtualenv.py
[2026-02-25T05:17:10.120+0000] {processor.py:208} INFO - Processing /home/ubuntu/airflow-venv/lib/python3.12/site-packages/airflow/example_dags/tutorial_taskflow_api_virtualenv.py took 0.014 seconds
[2026-02-25T05:17:59.581+0000] {processor.py:186} INFO - Started process (PID=4470) to work on /home/ubuntu/airflow-venv/lib/python3.12/site-packages/airflow/example_dags/tutorial_taskflow_api_virtualenv.py
[2026-02-25T05:17:59.582+0000] {processor.py:914} INFO - Processing file /home/ubuntu/airflow-venv/lib/python3.12/site-packages/airflow/example_dags/tutorial_taskflow_api_virtualenv.py for tasks to queue
[2026-02-25T05:17:59.584+0000] {logging_mixin.py:190} INFO - [2026-02-25T05:17:59.583+0000] {dagbag.py:588} INFO - Filling up the DagBag from /home/ubuntu/airflow-venv/lib/python3.12/site-packages/airflow/example_dags/tutorial_taskflow_api_virtualenv.py
[2026-02-25T05:17:59.585+0000] {logging_mixin.py:190} INFO - [2026-02-25T05:17:59.585+0000] {tutorial_taskflow_api_virtualenv.py:29} WARNING - The tutorial_taskflow_api_virtualenv example DAG requires virtualenv, please install it.
[2026-02-25T05:17:59.585+0000] {processor.py:927} WARNING - No viable dags retrieved from /home/ubuntu/airflow-venv/lib/python3.12/site-packages/airflow/example_dags/tutorial_taskflow_api_virtualenv.py
[2026-02-25T05:17:59.592+0000] {processor.py:208} INFO - Processing /home/ubuntu/airflow-venv/lib/python3.12/site-packages/airflow/example_dags/tutorial_taskflow_api_virtualenv.py took 0.014 seconds
[2026-02-25T05:18:47.504+0000] {processor.py:186} INFO - Started process (PID=4520) to work on /home/ubuntu/airflow-venv/lib/python3.12/site-packages/airflow/example_dags/tutorial_taskflow_api_virtualenv.py
[2026-02-25T05:18:47.505+0000] {processor.py:914} INFO - Processing file /home/ubuntu/airflow-venv/lib/python3.12/site-packages/airflow/example_dags/tutorial_taskflow_api_virtualenv.py for tasks to queue
[2026-02-25T05:18:47.507+0000] {logging_mixin.py:190} INFO - [2026-02-25T05:18:47.506+0000] {dagbag.py:588} INFO - Filling up the DagBag from /home/ubuntu/airflow-venv/lib/python3.12/site-packages/airflow/example_dags/tutorial_taskflow_api_virtualenv.py
[2026-02-25T05:18:47.508+0000] {logging_mixin.py:190} INFO - [2026-02-25T05:18:47.508+0000] {tutorial_taskflow_api_virtualenv.py:29} WARNING - The tutorial_taskflow_api_virtualenv example DAG requires virtualenv, please install it.
[2026-02-25T05:18:47.508+0000] {processor.py:927} WARNING - No viable dags retrieved from /home/ubuntu/airflow-venv/lib/python3.12/site-packages/airflow/example_dags/tutorial_taskflow_api_virtualenv.py
[2026-02-25T05:18:47.515+0000] {processor.py:208} INFO - Processing /home/ubuntu/airflow-venv/lib/python3.12/site-packages/airflow/example_dags/tutorial_taskflow_api_virtualenv.py took 0.014 seconds
[2026-02-25T05:19:38.238+0000] {processor.py:186} INFO - Started process (PID=4573) to work on /home/ubuntu/airflow-venv/lib/python3.12/site-packages/airflow/example_dags/tutorial_taskflow_api_virtualenv.py
[2026-02-25T05:19:38.240+0000] {processor.py:914} INFO - Processing file /home/ubuntu/airflow-venv/lib/python3.12/site-packages/airflow/example_dags/tutorial_taskflow_api_virtualenv.py for tasks to queue
[2026-02-25T05:19:38.241+0000] {logging_mixin.py:190} INFO - [2026-02-25T05:19:38.241+0000] {dagbag.py:588} INFO - Filling up the DagBag from /home/ubuntu/airflow-venv/lib/python3.12/site-packages/airflow/example_dags/tutorial_taskflow_api_virtualenv.py
[2026-02-25T05:19:38.242+0000] {logging_mixin.py:190} INFO - [2026-02-25T05:19:38.242+0000] {tutorial_taskflow_api_virtualenv.py:29} WARNING - The tutorial_taskflow_api_virtualenv example DAG requires virtualenv, please install it.
[2026-02-25T05:19:38.243+0000] {processor.py:927} WARNING - No viable dags retrieved from /home/ubuntu/airflow-venv/lib/python3.12/site-packages/airflow/example_dags/tutorial_taskflow_api_virtualenv.py
[2026-02-25T05:19:38.249+0000] {processor.py:208} INFO - Processing /home/ubuntu/airflow-venv/lib/python3.12/site-packages/airflow/example_dags/tutorial_taskflow_api_virtualenv.py took 0.015 seconds
[2026-02-25T08:22:28.135+0000] {processor.py:186} INFO - Started process (PID=2251) to work on /home/ubuntu/airflow-venv/lib/python3.12/site-packages/airflow/example_dags/tutorial_taskflow_api_virtualenv.py
[2026-02-25T08:22:28.137+0000] {processor.py:914} INFO - Processing file /home/ubuntu/airflow-venv/lib/python3.12/site-packages/airflow/example_dags/tutorial_taskflow_api_virtualenv.py for tasks to queue
[2026-02-25T08:22:28.138+0000] {logging_mixin.py:190} INFO - [2026-02-25T08:22:28.138+0000] {dagbag.py:588} INFO - Filling up the DagBag from /home/ubuntu/airflow-venv/lib/python3.12/site-packages/airflow/example_dags/tutorial_taskflow_api_virtualenv.py
[2026-02-25T08:22:28.139+0000] {logging_mixin.py:190} INFO - [2026-02-25T08:22:28.139+0000] {tutorial_taskflow_api_virtualenv.py:29} WARNING - The tutorial_taskflow_api_virtualenv example DAG requires virtualenv, please install it.
[2026-02-25T08:22:28.140+0000] {processor.py:927} WARNING - No viable dags retrieved from /home/ubuntu/airflow-venv/lib/python3.12/site-packages/airflow/example_dags/tutorial_taskflow_api_virtualenv.py
[2026-02-25T08:22:28.146+0000] {processor.py:208} INFO - Processing /home/ubuntu/airflow-venv/lib/python3.12/site-packages/airflow/example_dags/tutorial_taskflow_api_virtualenv.py took 0.015 seconds
[2026-02-25T08:23:21.975+0000] {processor.py:186} INFO - Started process (PID=2683) to work on /home/ubuntu/airflow-venv/lib/python3.12/site-packages/airflow/example_dags/tutorial_taskflow_api_virtualenv.py
[2026-02-25T08:23:21.976+0000] {processor.py:914} INFO - Processing file /home/ubuntu/airflow-venv/lib/python3.12/site-packages/airflow/example_dags/tutorial_taskflow_api_virtualenv.py for tasks to queue
[2026-02-25T08:23:21.977+0000] {logging_mixin.py:190} INFO - [2026-02-25T08:23:21.977+0000] {dagbag.py:588} INFO - Filling up the DagBag from /home/ubuntu/airflow-venv/lib/python3.12/site-packages/airflow/example_dags/tutorial_taskflow_api_virtualenv.py
[2026-02-25T08:23:21.979+0000] {logging_mixin.py:190} INFO - [2026-02-25T08:23:21.978+0000] {tutorial_taskflow_api_virtualenv.py:29} WARNING - The tutorial_taskflow_api_virtualenv example DAG requires virtualenv, please install it.
[2026-02-25T08:23:21.979+0000] {processor.py:927} WARNING - No viable dags retrieved from /home/ubuntu/airflow-venv/lib/python3.12/site-packages/airflow/example_dags/tutorial_taskflow_api_virtualenv.py
[2026-02-25T08:23:21.985+0000] {processor.py:208} INFO - Processing /home/ubuntu/airflow-venv/lib/python3.12/site-packages/airflow/example_dags/tutorial_taskflow_api_virtualenv.py took 0.014 seconds
[2026-02-25T08:24:10.791+0000] {processor.py:186} INFO - Started process (PID=2743) to work on /home/ubuntu/airflow-venv/lib/python3.12/site-packages/airflow/example_dags/tutorial_taskflow_api_virtualenv.py
[2026-02-25T08:24:10.792+0000] {processor.py:914} INFO - Processing file /home/ubuntu/airflow-venv/lib/python3.12/site-packages/airflow/example_dags/tutorial_taskflow_api_virtualenv.py for tasks to queue
[2026-02-25T08:24:10.794+0000] {logging_mixin.py:190} INFO - [2026-02-25T08:24:10.793+0000] {dagbag.py:588} INFO - Filling up the DagBag from /home/ubuntu/airflow-venv/lib/python3.12/site-packages/airflow/example_dags/tutorial_taskflow_api_virtualenv.py
[2026-02-25T08:24:10.795+0000] {logging_mixin.py:190} INFO - [2026-02-25T08:24:10.795+0000] {tutorial_taskflow_api_virtualenv.py:29} WARNING - The tutorial_taskflow_api_virtualenv example DAG requires virtualenv, please install it.
[2026-02-25T08:24:10.795+0000] {processor.py:927} WARNING - No viable dags retrieved from /home/ubuntu/airflow-venv/lib/python3.12/site-packages/airflow/example_dags/tutorial_taskflow_api_virtualenv.py
[2026-02-25T08:24:10.802+0000] {processor.py:208} INFO - Processing /home/ubuntu/airflow-venv/lib/python3.12/site-packages/airflow/example_dags/tutorial_taskflow_api_virtualenv.py took 0.015 seconds
[2026-02-25T08:24:57.039+0000] {processor.py:186} INFO - Started process (PID=2793) to work on /home/ubuntu/airflow-venv/lib/python3.12/site-packages/airflow/example_dags/tutorial_taskflow_api_virtualenv.py
[2026-02-25T08:24:57.040+0000] {processor.py:914} INFO - Processing file /home/ubuntu/airflow-venv/lib/python3.12/site-packages/airflow/example_dags/tutorial_taskflow_api_virtualenv.py for tasks to queue
[2026-02-25T08:24:57.042+0000] {logging_mixin.py:190} INFO - [2026-02-25T08:24:57.041+0000] {dagbag.py:588} INFO - Filling up the DagBag from /home/ubuntu/airflow-venv/lib/python3.12/site-packages/airflow/example_dags/tutorial_taskflow_api_virtualenv.py
[2026-02-25T08:24:57.043+0000] {logging_mixin.py:190} INFO - [2026-02-25T08:24:57.043+0000] {tutorial_taskflow_api_virtualenv.py:29} WARNING - The tutorial_taskflow_api_virtualenv example DAG requires virtualenv, please install it.
[2026-02-25T08:24:57.043+0000] {processor.py:927} WARNING - No viable dags retrieved from /home/ubuntu/airflow-venv/lib/python3.12/site-packages/airflow/example_dags/tutorial_taskflow_api_virtualenv.py
[2026-02-25T08:24:57.050+0000] {processor.py:208} INFO - Processing /home/ubuntu/airflow-venv/lib/python3.12/site-packages/airflow/example_dags/tutorial_taskflow_api_virtualenv.py took 0.014 seconds
[2026-02-25T08:25:46.651+0000] {processor.py:186} INFO - Started process (PID=2850) to work on /home/ubuntu/airflow-venv/lib/python3.12/site-packages/airflow/example_dags/tutorial_taskflow_api_virtualenv.py
[2026-02-25T08:25:46.652+0000] {processor.py:914} INFO - Processing file /home/ubuntu/airflow-venv/lib/python3.12/site-packages/airflow/example_dags/tutorial_taskflow_api_virtualenv.py for tasks to queue
[2026-02-25T08:25:46.653+0000] {logging_mixin.py:190} INFO - [2026-02-25T08:25:46.653+0000] {dagbag.py:588} INFO - Filling up the DagBag from /home/ubuntu/airflow-venv/lib/python3.12/site-packages/airflow/example_dags/tutorial_taskflow_api_virtualenv.py
[2026-02-25T08:25:46.655+0000] {logging_mixin.py:190} INFO - [2026-02-25T08:25:46.655+0000] {tutorial_taskflow_api_virtualenv.py:29} WARNING - The tutorial_taskflow_api_virtualenv example DAG requires virtualenv, please install it.
[2026-02-25T08:25:46.655+0000] {processor.py:927} WARNING - No viable dags retrieved from /home/ubuntu/airflow-venv/lib/python3.12/site-packages/airflow/example_dags/tutorial_taskflow_api_virtualenv.py
[2026-02-25T08:25:46.662+0000] {processor.py:208} INFO - Processing /home/ubuntu/airflow-venv/lib/python3.12/site-packages/airflow/example_dags/tutorial_taskflow_api_virtualenv.py took 0.015 seconds
[2026-02-25T08:26:37.303+0000] {processor.py:186} INFO - Started process (PID=2901) to work on /home/ubuntu/airflow-venv/lib/python3.12/site-packages/airflow/example_dags/tutorial_taskflow_api_virtualenv.py
[2026-02-25T08:26:37.305+0000] {processor.py:914} INFO - Processing file /home/ubuntu/airflow-venv/lib/python3.12/site-packages/airflow/example_dags/tutorial_taskflow_api_virtualenv.py for tasks to queue
[2026-02-25T08:26:37.306+0000] {logging_mixin.py:190} INFO - [2026-02-25T08:26:37.306+0000] {dagbag.py:588} INFO - Filling up the DagBag from /home/ubuntu/airflow-venv/lib/python3.12/site-packages/airflow/example_dags/tutorial_taskflow_api_virtualenv.py
[2026-02-25T08:26:37.307+0000] {logging_mixin.py:190} INFO - [2026-02-25T08:26:37.307+0000] {tutorial_taskflow_api_virtualenv.py:29} WARNING - The tutorial_taskflow_api_virtualenv example DAG requires virtualenv, please install it.
[2026-02-25T08:26:37.307+0000] {processor.py:927} WARNING - No viable dags retrieved from /home/ubuntu/airflow-venv/lib/python3.12/site-packages/airflow/example_dags/tutorial_taskflow_api_virtualenv.py
[2026-02-25T08:26:37.314+0000] {processor.py:208} INFO - Processing /home/ubuntu/airflow-venv/lib/python3.12/site-packages/airflow/example_dags/tutorial_taskflow_api_virtualenv.py took 0.014 seconds
[2026-02-25T08:27:26.727+0000] {processor.py:186} INFO - Started process (PID=2954) to work on /home/ubuntu/airflow-venv/lib/python3.12/site-packages/airflow/example_dags/tutorial_taskflow_api_virtualenv.py
[2026-02-25T08:27:26.728+0000] {processor.py:914} INFO - Processing file /home/ubuntu/airflow-venv/lib/python3.12/site-packages/airflow/example_dags/tutorial_taskflow_api_virtualenv.py for tasks to queue
[2026-02-25T08:27:26.729+0000] {logging_mixin.py:190} INFO - [2026-02-25T08:27:26.729+0000] {dagbag.py:588} INFO - Filling up the DagBag from /home/ubuntu/airflow-venv/lib/python3.12/site-packages/airflow/example_dags/tutorial_taskflow_api_virtualenv.py
[2026-02-25T08:27:26.731+0000] {logging_mixin.py:190} INFO - [2026-02-25T08:27:26.731+0000] {tutorial_taskflow_api_virtualenv.py:29} WARNING - The tutorial_taskflow_api_virtualenv example DAG requires virtualenv, please install it.
[2026-02-25T08:27:26.731+0000] {processor.py:927} WARNING - No viable dags retrieved from /home/ubuntu/airflow-venv/lib/python3.12/site-packages/airflow/example_dags/tutorial_taskflow_api_virtualenv.py
[2026-02-25T08:27:26.738+0000] {processor.py:208} INFO - Processing /home/ubuntu/airflow-venv/lib/python3.12/site-packages/airflow/example_dags/tutorial_taskflow_api_virtualenv.py took 0.014 seconds
[2026-02-25T08:28:18.740+0000] {processor.py:186} INFO - Started process (PID=3007) to work on /home/ubuntu/airflow-venv/lib/python3.12/site-packages/airflow/example_dags/tutorial_taskflow_api_virtualenv.py
[2026-02-25T08:28:18.741+0000] {processor.py:914} INFO - Processing file /home/ubuntu/airflow-venv/lib/python3.12/site-packages/airflow/example_dags/tutorial_taskflow_api_virtualenv.py for tasks to queue
[2026-02-25T08:28:18.743+0000] {logging_mixin.py:190} INFO - [2026-02-25T08:28:18.742+0000] {dagbag.py:588} INFO - Filling up the DagBag from /home/ubuntu/airflow-venv/lib/python3.12/site-packages/airflow/example_dags/tutorial_taskflow_api_virtualenv.py
[2026-02-25T08:28:18.745+0000] {logging_mixin.py:190} INFO - [2026-02-25T08:28:18.745+0000] {tutorial_taskflow_api_virtualenv.py:29} WARNING - The tutorial_taskflow_api_virtualenv example DAG requires virtualenv, please install it.
[2026-02-25T08:28:18.745+0000] {processor.py:927} WARNING - No viable dags retrieved from /home/ubuntu/airflow-venv/lib/python3.12/site-packages/airflow/example_dags/tutorial_taskflow_api_virtualenv.py
[2026-02-25T08:28:18.751+0000] {processor.py:208} INFO - Processing /home/ubuntu/airflow-venv/lib/python3.12/site-packages/airflow/example_dags/tutorial_taskflow_api_virtualenv.py took 0.015 seconds
[2026-02-25T08:29:10.425+0000] {processor.py:186} INFO - Started process (PID=3062) to work on /home/ubuntu/airflow-venv/lib/python3.12/site-packages/airflow/example_dags/tutorial_taskflow_api_virtualenv.py
[2026-02-25T08:29:10.426+0000] {processor.py:914} INFO - Processing file /home/ubuntu/airflow-venv/lib/python3.12/site-packages/airflow/example_dags/tutorial_taskflow_api_virtualenv.py for tasks to queue
[2026-02-25T08:29:10.427+0000] {logging_mixin.py:190} INFO - [2026-02-25T08:29:10.427+0000] {dagbag.py:588} INFO - Filling up the DagBag from /home/ubuntu/airflow-venv/lib/python3.12/site-packages/airflow/example_dags/tutorial_taskflow_api_virtualenv.py
[2026-02-25T08:29:10.429+0000] {logging_mixin.py:190} INFO - [2026-02-25T08:29:10.428+0000] {tutorial_taskflow_api_virtualenv.py:29} WARNING - The tutorial_taskflow_api_virtualenv example DAG requires virtualenv, please install it.
[2026-02-25T08:29:10.429+0000] {processor.py:927} WARNING - No viable dags retrieved from /home/ubuntu/airflow-venv/lib/python3.12/site-packages/airflow/example_dags/tutorial_taskflow_api_virtualenv.py
[2026-02-25T08:29:10.436+0000] {processor.py:208} INFO - Processing /home/ubuntu/airflow-venv/lib/python3.12/site-packages/airflow/example_dags/tutorial_taskflow_api_virtualenv.py took 0.015 seconds
[2026-02-25T08:30:02.104+0000] {processor.py:186} INFO - Started process (PID=3115) to work on /home/ubuntu/airflow-venv/lib/python3.12/site-packages/airflow/example_dags/tutorial_taskflow_api_virtualenv.py
[2026-02-25T08:30:02.106+0000] {processor.py:914} INFO - Processing file /home/ubuntu/airflow-venv/lib/python3.12/site-packages/airflow/example_dags/tutorial_taskflow_api_virtualenv.py for tasks to queue
[2026-02-25T08:30:02.107+0000] {logging_mixin.py:190} INFO - [2026-02-25T08:30:02.107+0000] {dagbag.py:588} INFO - Filling up the DagBag from /home/ubuntu/airflow-venv/lib/python3.12/site-packages/airflow/example_dags/tutorial_taskflow_api_virtualenv.py
[2026-02-25T08:30:02.108+0000] {logging_mixin.py:190} INFO - [2026-02-25T08:30:02.108+0000] {tutorial_taskflow_api_virtualenv.py:29} WARNING - The tutorial_taskflow_api_virtualenv example DAG requires virtualenv, please install it.
[2026-02-25T08:30:02.109+0000] {processor.py:927} WARNING - No viable dags retrieved from /home/ubuntu/airflow-venv/lib/python3.12/site-packages/airflow/example_dags/tutorial_taskflow_api_virtualenv.py
[2026-02-25T08:30:02.115+0000] {processor.py:208} INFO - Processing /home/ubuntu/airflow-venv/lib/python3.12/site-packages/airflow/example_dags/tutorial_taskflow_api_virtualenv.py took 0.014 seconds
[2026-02-25T08:30:52.296+0000] {processor.py:186} INFO - Started process (PID=3172) to work on /home/ubuntu/airflow-venv/lib/python3.12/site-packages/airflow/example_dags/tutorial_taskflow_api_virtualenv.py
[2026-02-25T08:30:52.297+0000] {processor.py:914} INFO - Processing file /home/ubuntu/airflow-venv/lib/python3.12/site-packages/airflow/example_dags/tutorial_taskflow_api_virtualenv.py for tasks to queue
[2026-02-25T08:30:52.298+0000] {logging_mixin.py:190} INFO - [2026-02-25T08:30:52.298+0000] {dagbag.py:588} INFO - Filling up the DagBag from /home/ubuntu/airflow-venv/lib/python3.12/site-packages/airflow/example_dags/tutorial_taskflow_api_virtualenv.py
[2026-02-25T08:30:52.300+0000] {logging_mixin.py:190} INFO - [2026-02-25T08:30:52.300+0000] {tutorial_taskflow_api_virtualenv.py:29} WARNING - The tutorial_taskflow_api_virtualenv example DAG requires virtualenv, please install it.
[2026-02-25T08:30:52.300+0000] {processor.py:927} WARNING - No viable dags retrieved from /home/ubuntu/airflow-venv/lib/python3.12/site-packages/airflow/example_dags/tutorial_taskflow_api_virtualenv.py
[2026-02-25T08:30:52.307+0000] {processor.py:208} INFO - Processing /home/ubuntu/airflow-venv/lib/python3.12/site-packages/airflow/example_dags/tutorial_taskflow_api_virtualenv.py took 0.015 seconds
[2026-02-25T09:42:37.629+0000] {processor.py:186} INFO - Started process (PID=1727) to work on /home/ubuntu/airflow-venv/lib/python3.12/site-packages/airflow/example_dags/tutorial_taskflow_api_virtualenv.py
[2026-02-25T09:42:37.631+0000] {processor.py:914} INFO - Processing file /home/ubuntu/airflow-venv/lib/python3.12/site-packages/airflow/example_dags/tutorial_taskflow_api_virtualenv.py for tasks to queue
[2026-02-25T09:42:37.632+0000] {logging_mixin.py:190} INFO - [2026-02-25T09:42:37.632+0000] {dagbag.py:588} INFO - Filling up the DagBag from /home/ubuntu/airflow-venv/lib/python3.12/site-packages/airflow/example_dags/tutorial_taskflow_api_virtualenv.py
[2026-02-25T09:42:37.634+0000] {logging_mixin.py:190} INFO - [2026-02-25T09:42:37.634+0000] {tutorial_taskflow_api_virtualenv.py:29} WARNING - The tutorial_taskflow_api_virtualenv example DAG requires virtualenv, please install it.
[2026-02-25T09:42:37.634+0000] {processor.py:927} WARNING - No viable dags retrieved from /home/ubuntu/airflow-venv/lib/python3.12/site-packages/airflow/example_dags/tutorial_taskflow_api_virtualenv.py
[2026-02-25T09:42:37.640+0000] {processor.py:208} INFO - Processing /home/ubuntu/airflow-venv/lib/python3.12/site-packages/airflow/example_dags/tutorial_taskflow_api_virtualenv.py took 0.014 seconds
[2026-02-25T09:43:31.471+0000] {processor.py:186} INFO - Started process (PID=2217) to work on /home/ubuntu/airflow-venv/lib/python3.12/site-packages/airflow/example_dags/tutorial_taskflow_api_virtualenv.py
[2026-02-25T09:43:31.473+0000] {processor.py:914} INFO - Processing file /home/ubuntu/airflow-venv/lib/python3.12/site-packages/airflow/example_dags/tutorial_taskflow_api_virtualenv.py for tasks to queue
[2026-02-25T09:43:31.474+0000] {logging_mixin.py:190} INFO - [2026-02-25T09:43:31.474+0000] {dagbag.py:588} INFO - Filling up the DagBag from /home/ubuntu/airflow-venv/lib/python3.12/site-packages/airflow/example_dags/tutorial_taskflow_api_virtualenv.py
[2026-02-25T09:43:31.475+0000] {logging_mixin.py:190} INFO - [2026-02-25T09:43:31.475+0000] {tutorial_taskflow_api_virtualenv.py:29} WARNING - The tutorial_taskflow_api_virtualenv example DAG requires virtualenv, please install it.
[2026-02-25T09:43:31.476+0000] {processor.py:927} WARNING - No viable dags retrieved from /home/ubuntu/airflow-venv/lib/python3.12/site-packages/airflow/example_dags/tutorial_taskflow_api_virtualenv.py
[2026-02-25T09:43:31.482+0000] {processor.py:208} INFO - Processing /home/ubuntu/airflow-venv/lib/python3.12/site-packages/airflow/example_dags/tutorial_taskflow_api_virtualenv.py took 0.014 seconds
[2026-02-25T09:44:20.311+0000] {processor.py:186} INFO - Started process (PID=2695) to work on /home/ubuntu/airflow-venv/lib/python3.12/site-packages/airflow/example_dags/tutorial_taskflow_api_virtualenv.py
[2026-02-25T09:44:20.312+0000] {processor.py:914} INFO - Processing file /home/ubuntu/airflow-venv/lib/python3.12/site-packages/airflow/example_dags/tutorial_taskflow_api_virtualenv.py for tasks to queue
[2026-02-25T09:44:20.313+0000] {logging_mixin.py:190} INFO - [2026-02-25T09:44:20.313+0000] {dagbag.py:588} INFO - Filling up the DagBag from /home/ubuntu/airflow-venv/lib/python3.12/site-packages/airflow/example_dags/tutorial_taskflow_api_virtualenv.py
[2026-02-25T09:44:20.315+0000] {logging_mixin.py:190} INFO - [2026-02-25T09:44:20.315+0000] {tutorial_taskflow_api_virtualenv.py:29} WARNING - The tutorial_taskflow_api_virtualenv example DAG requires virtualenv, please install it.
[2026-02-25T09:44:20.315+0000] {processor.py:927} WARNING - No viable dags retrieved from /home/ubuntu/airflow-venv/lib/python3.12/site-packages/airflow/example_dags/tutorial_taskflow_api_virtualenv.py
[2026-02-25T09:44:20.322+0000] {processor.py:208} INFO - Processing /home/ubuntu/airflow-venv/lib/python3.12/site-packages/airflow/example_dags/tutorial_taskflow_api_virtualenv.py took 0.014 seconds
[2026-02-25T09:45:06.555+0000] {processor.py:186} INFO - Started process (PID=2749) to work on /home/ubuntu/airflow-venv/lib/python3.12/site-packages/airflow/example_dags/tutorial_taskflow_api_virtualenv.py
[2026-02-25T09:45:06.556+0000] {processor.py:914} INFO - Processing file /home/ubuntu/airflow-venv/lib/python3.12/site-packages/airflow/example_dags/tutorial_taskflow_api_virtualenv.py for tasks to queue
[2026-02-25T09:45:06.557+0000] {logging_mixin.py:190} INFO - [2026-02-25T09:45:06.557+0000] {dagbag.py:588} INFO - Filling up the DagBag from /home/ubuntu/airflow-venv/lib/python3.12/site-packages/airflow/example_dags/tutorial_taskflow_api_virtualenv.py
[2026-02-25T09:45:06.559+0000] {logging_mixin.py:190} INFO - [2026-02-25T09:45:06.559+0000] {tutorial_taskflow_api_virtualenv.py:29} WARNING - The tutorial_taskflow_api_virtualenv example DAG requires virtualenv, please install it.
[2026-02-25T09:45:06.559+0000] {processor.py:927} WARNING - No viable dags retrieved from /home/ubuntu/airflow-venv/lib/python3.12/site-packages/airflow/example_dags/tutorial_taskflow_api_virtualenv.py
[2026-02-25T09:45:06.565+0000] {processor.py:208} INFO - Processing /home/ubuntu/airflow-venv/lib/python3.12/site-packages/airflow/example_dags/tutorial_taskflow_api_virtualenv.py took 0.014 seconds
[2026-02-25T09:45:56.754+0000] {processor.py:186} INFO - Started process (PID=2802) to work on /home/ubuntu/airflow-venv/lib/python3.12/site-packages/airflow/example_dags/tutorial_taskflow_api_virtualenv.py
[2026-02-25T09:45:56.756+0000] {processor.py:914} INFO - Processing file /home/ubuntu/airflow-venv/lib/python3.12/site-packages/airflow/example_dags/tutorial_taskflow_api_virtualenv.py for tasks to queue
[2026-02-25T09:45:56.757+0000] {logging_mixin.py:190} INFO - [2026-02-25T09:45:56.756+0000] {dagbag.py:588} INFO - Filling up the DagBag from /home/ubuntu/airflow-venv/lib/python3.12/site-packages/airflow/example_dags/tutorial_taskflow_api_virtualenv.py
[2026-02-25T09:45:56.758+0000] {logging_mixin.py:190} INFO - [2026-02-25T09:45:56.758+0000] {tutorial_taskflow_api_virtualenv.py:29} WARNING - The tutorial_taskflow_api_virtualenv example DAG requires virtualenv, please install it.
[2026-02-25T09:45:56.758+0000] {processor.py:927} WARNING - No viable dags retrieved from /home/ubuntu/airflow-venv/lib/python3.12/site-packages/airflow/example_dags/tutorial_taskflow_api_virtualenv.py
[2026-02-25T09:45:56.765+0000] {processor.py:208} INFO - Processing /home/ubuntu/airflow-venv/lib/python3.12/site-packages/airflow/example_dags/tutorial_taskflow_api_virtualenv.py took 0.014 seconds
[2026-02-25T09:46:48.066+0000] {processor.py:186} INFO - Started process (PID=2854) to work on /home/ubuntu/airflow-venv/lib/python3.12/site-packages/airflow/example_dags/tutorial_taskflow_api_virtualenv.py
[2026-02-25T09:46:48.067+0000] {processor.py:914} INFO - Processing file /home/ubuntu/airflow-venv/lib/python3.12/site-packages/airflow/example_dags/tutorial_taskflow_api_virtualenv.py for tasks to queue
[2026-02-25T09:46:48.068+0000] {logging_mixin.py:190} INFO - [2026-02-25T09:46:48.068+0000] {dagbag.py:588} INFO - Filling up the DagBag from /home/ubuntu/airflow-venv/lib/python3.12/site-packages/airflow/example_dags/tutorial_taskflow_api_virtualenv.py
[2026-02-25T09:46:48.069+0000] {logging_mixin.py:190} INFO - [2026-02-25T09:46:48.069+0000] {tutorial_taskflow_api_virtualenv.py:29} WARNING - The tutorial_taskflow_api_virtualenv example DAG requires virtualenv, please install it.
[2026-02-25T09:46:48.070+0000] {processor.py:927} WARNING - No viable dags retrieved from /home/ubuntu/airflow-venv/lib/python3.12/site-packages/airflow/example_dags/tutorial_taskflow_api_virtualenv.py
[2026-02-25T09:46:48.076+0000] {processor.py:208} INFO - Processing /home/ubuntu/airflow-venv/lib/python3.12/site-packages/airflow/example_dags/tutorial_taskflow_api_virtualenv.py took 0.014 seconds
[2026-02-25T09:47:36.285+0000] {processor.py:186} INFO - Started process (PID=2916) to work on /home/ubuntu/airflow-venv/lib/python3.12/site-packages/airflow/example_dags/tutorial_taskflow_api_virtualenv.py
[2026-02-25T09:47:36.287+0000] {processor.py:914} INFO - Processing file /home/ubuntu/airflow-venv/lib/python3.12/site-packages/airflow/example_dags/tutorial_taskflow_api_virtualenv.py for tasks to queue
[2026-02-25T09:47:36.288+0000] {logging_mixin.py:190} INFO - [2026-02-25T09:47:36.288+0000] {dagbag.py:588} INFO - Filling up the DagBag from /home/ubuntu/airflow-venv/lib/python3.12/site-packages/airflow/example_dags/tutorial_taskflow_api_virtualenv.py
[2026-02-25T09:47:36.290+0000] {logging_mixin.py:190} INFO - [2026-02-25T09:47:36.290+0000] {tutorial_taskflow_api_virtualenv.py:29} WARNING - The tutorial_taskflow_api_virtualenv example DAG requires virtualenv, please install it.
[2026-02-25T09:47:36.290+0000] {processor.py:927} WARNING - No viable dags retrieved from /home/ubuntu/airflow-venv/lib/python3.12/site-packages/airflow/example_dags/tutorial_taskflow_api_virtualenv.py
[2026-02-25T09:47:36.296+0000] {processor.py:208} INFO - Processing /home/ubuntu/airflow-venv/lib/python3.12/site-packages/airflow/example_dags/tutorial_taskflow_api_virtualenv.py took 0.014 seconds
[2026-02-25T09:48:27.061+0000] {processor.py:186} INFO - Started process (PID=2968) to work on /home/ubuntu/airflow-venv/lib/python3.12/site-packages/airflow/example_dags/tutorial_taskflow_api_virtualenv.py
[2026-02-25T09:48:27.063+0000] {processor.py:914} INFO - Processing file /home/ubuntu/airflow-venv/lib/python3.12/site-packages/airflow/example_dags/tutorial_taskflow_api_virtualenv.py for tasks to queue
[2026-02-25T09:48:27.064+0000] {logging_mixin.py:190} INFO - [2026-02-25T09:48:27.064+0000] {dagbag.py:588} INFO - Filling up the DagBag from /home/ubuntu/airflow-venv/lib/python3.12/site-packages/airflow/example_dags/tutorial_taskflow_api_virtualenv.py
[2026-02-25T09:48:27.065+0000] {logging_mixin.py:190} INFO - [2026-02-25T09:48:27.065+0000] {tutorial_taskflow_api_virtualenv.py:29} WARNING - The tutorial_taskflow_api_virtualenv example DAG requires virtualenv, please install it.
[2026-02-25T09:48:27.065+0000] {processor.py:927} WARNING - No viable dags retrieved from /home/ubuntu/airflow-venv/lib/python3.12/site-packages/airflow/example_dags/tutorial_taskflow_api_virtualenv.py
[2026-02-25T09:48:27.072+0000] {processor.py:208} INFO - Processing /home/ubuntu/airflow-venv/lib/python3.12/site-packages/airflow/example_dags/tutorial_taskflow_api_virtualenv.py took 0.014 seconds
[2026-02-25T09:49:21.200+0000] {processor.py:186} INFO - Started process (PID=3021) to work on /home/ubuntu/airflow-venv/lib/python3.12/site-packages/airflow/example_dags/tutorial_taskflow_api_virtualenv.py
[2026-02-25T09:49:21.201+0000] {processor.py:914} INFO - Processing file /home/ubuntu/airflow-venv/lib/python3.12/site-packages/airflow/example_dags/tutorial_taskflow_api_virtualenv.py for tasks to queue
[2026-02-25T09:49:21.202+0000] {logging_mixin.py:190} INFO - [2026-02-25T09:49:21.202+0000] {dagbag.py:588} INFO - Filling up the DagBag from /home/ubuntu/airflow-venv/lib/python3.12/site-packages/airflow/example_dags/tutorial_taskflow_api_virtualenv.py
[2026-02-25T09:49:21.204+0000] {logging_mixin.py:190} INFO - [2026-02-25T09:49:21.204+0000] {tutorial_taskflow_api_virtualenv.py:29} WARNING - The tutorial_taskflow_api_virtualenv example DAG requires virtualenv, please install it.
[2026-02-25T09:49:21.204+0000] {processor.py:927} WARNING - No viable dags retrieved from /home/ubuntu/airflow-venv/lib/python3.12/site-packages/airflow/example_dags/tutorial_taskflow_api_virtualenv.py
[2026-02-25T09:49:21.211+0000] {processor.py:208} INFO - Processing /home/ubuntu/airflow-venv/lib/python3.12/site-packages/airflow/example_dags/tutorial_taskflow_api_virtualenv.py took 0.014 seconds
[2026-02-25T09:50:15.636+0000] {processor.py:186} INFO - Started process (PID=3080) to work on /home/ubuntu/airflow-venv/lib/python3.12/site-packages/airflow/example_dags/tutorial_taskflow_api_virtualenv.py
[2026-02-25T09:50:15.637+0000] {processor.py:914} INFO - Processing file /home/ubuntu/airflow-venv/lib/python3.12/site-packages/airflow/example_dags/tutorial_taskflow_api_virtualenv.py for tasks to queue
[2026-02-25T09:50:15.638+0000] {logging_mixin.py:190} INFO - [2026-02-25T09:50:15.638+0000] {dagbag.py:588} INFO - Filling up the DagBag from /home/ubuntu/airflow-venv/lib/python3.12/site-packages/airflow/example_dags/tutorial_taskflow_api_virtualenv.py
[2026-02-25T09:50:15.640+0000] {logging_mixin.py:190} INFO - [2026-02-25T09:50:15.640+0000] {tutorial_taskflow_api_virtualenv.py:29} WARNING - The tutorial_taskflow_api_virtualenv example DAG requires virtualenv, please install it.
[2026-02-25T09:50:15.640+0000] {processor.py:927} WARNING - No viable dags retrieved from /home/ubuntu/airflow-venv/lib/python3.12/site-packages/airflow/example_dags/tutorial_taskflow_api_virtualenv.py
[2026-02-25T09:50:15.646+0000] {processor.py:208} INFO - Processing /home/ubuntu/airflow-venv/lib/python3.12/site-packages/airflow/example_dags/tutorial_taskflow_api_virtualenv.py took 0.014 seconds
[2026-02-25T09:51:01.882+0000] {processor.py:186} INFO - Started process (PID=3130) to work on /home/ubuntu/airflow-venv/lib/python3.12/site-packages/airflow/example_dags/tutorial_taskflow_api_virtualenv.py
[2026-02-25T09:51:01.883+0000] {processor.py:914} INFO - Processing file /home/ubuntu/airflow-venv/lib/python3.12/site-packages/airflow/example_dags/tutorial_taskflow_api_virtualenv.py for tasks to queue
[2026-02-25T09:51:01.885+0000] {logging_mixin.py:190} INFO - [2026-02-25T09:51:01.884+0000] {dagbag.py:588} INFO - Filling up the DagBag from /home/ubuntu/airflow-venv/lib/python3.12/site-packages/airflow/example_dags/tutorial_taskflow_api_virtualenv.py
[2026-02-25T09:51:01.886+0000] {logging_mixin.py:190} INFO - [2026-02-25T09:51:01.886+0000] {tutorial_taskflow_api_virtualenv.py:29} WARNING - The tutorial_taskflow_api_virtualenv example DAG requires virtualenv, please install it.
[2026-02-25T09:51:01.886+0000] {processor.py:927} WARNING - No viable dags retrieved from /home/ubuntu/airflow-venv/lib/python3.12/site-packages/airflow/example_dags/tutorial_taskflow_api_virtualenv.py
[2026-02-25T09:51:01.893+0000] {processor.py:208} INFO - Processing /home/ubuntu/airflow-venv/lib/python3.12/site-packages/airflow/example_dags/tutorial_taskflow_api_virtualenv.py took 0.014 seconds
[2026-02-25T09:51:50.389+0000] {processor.py:186} INFO - Started process (PID=3181) to work on /home/ubuntu/airflow-venv/lib/python3.12/site-packages/airflow/example_dags/tutorial_taskflow_api_virtualenv.py
[2026-02-25T09:51:50.391+0000] {processor.py:914} INFO - Processing file /home/ubuntu/airflow-venv/lib/python3.12/site-packages/airflow/example_dags/tutorial_taskflow_api_virtualenv.py for tasks to queue
[2026-02-25T09:51:50.392+0000] {logging_mixin.py:190} INFO - [2026-02-25T09:51:50.392+0000] {dagbag.py:588} INFO - Filling up the DagBag from /home/ubuntu/airflow-venv/lib/python3.12/site-packages/airflow/example_dags/tutorial_taskflow_api_virtualenv.py
[2026-02-25T09:51:50.393+0000] {logging_mixin.py:190} INFO - [2026-02-25T09:51:50.393+0000] {tutorial_taskflow_api_virtualenv.py:29} WARNING - The tutorial_taskflow_api_virtualenv example DAG requires virtualenv, please install it.
[2026-02-25T09:51:50.394+0000] {processor.py:927} WARNING - No viable dags retrieved from /home/ubuntu/airflow-venv/lib/python3.12/site-packages/airflow/example_dags/tutorial_taskflow_api_virtualenv.py
[2026-02-25T09:51:50.400+0000] {processor.py:208} INFO - Processing /home/ubuntu/airflow-venv/lib/python3.12/site-packages/airflow/example_dags/tutorial_taskflow_api_virtualenv.py took 0.014 seconds
[2026-02-25T09:52:39.913+0000] {processor.py:186} INFO - Started process (PID=3238) to work on /home/ubuntu/airflow-venv/lib/python3.12/site-packages/airflow/example_dags/tutorial_taskflow_api_virtualenv.py
[2026-02-25T09:52:39.914+0000] {processor.py:914} INFO - Processing file /home/ubuntu/airflow-venv/lib/python3.12/site-packages/airflow/example_dags/tutorial_taskflow_api_virtualenv.py for tasks to queue
[2026-02-25T09:52:39.916+0000] {logging_mixin.py:190} INFO - [2026-02-25T09:52:39.915+0000] {dagbag.py:588} INFO - Filling up the DagBag from /home/ubuntu/airflow-venv/lib/python3.12/site-packages/airflow/example_dags/tutorial_taskflow_api_virtualenv.py
[2026-02-25T09:52:39.917+0000] {logging_mixin.py:190} INFO - [2026-02-25T09:52:39.917+0000] {tutorial_taskflow_api_virtualenv.py:29} WARNING - The tutorial_taskflow_api_virtualenv example DAG requires virtualenv, please install it.
[2026-02-25T09:52:39.917+0000] {processor.py:927} WARNING - No viable dags retrieved from /home/ubuntu/airflow-venv/lib/python3.12/site-packages/airflow/example_dags/tutorial_taskflow_api_virtualenv.py
[2026-02-25T09:52:39.924+0000] {processor.py:208} INFO - Processing /home/ubuntu/airflow-venv/lib/python3.12/site-packages/airflow/example_dags/tutorial_taskflow_api_virtualenv.py took 0.014 seconds
[2026-02-25T09:53:27.886+0000] {processor.py:186} INFO - Started process (PID=3289) to work on /home/ubuntu/airflow-venv/lib/python3.12/site-packages/airflow/example_dags/tutorial_taskflow_api_virtualenv.py
[2026-02-25T09:53:27.888+0000] {processor.py:914} INFO - Processing file /home/ubuntu/airflow-venv/lib/python3.12/site-packages/airflow/example_dags/tutorial_taskflow_api_virtualenv.py for tasks to queue
[2026-02-25T09:53:27.889+0000] {logging_mixin.py:190} INFO - [2026-02-25T09:53:27.889+0000] {dagbag.py:588} INFO - Filling up the DagBag from /home/ubuntu/airflow-venv/lib/python3.12/site-packages/airflow/example_dags/tutorial_taskflow_api_virtualenv.py
[2026-02-25T09:53:27.891+0000] {logging_mixin.py:190} INFO - [2026-02-25T09:53:27.890+0000] {tutorial_taskflow_api_virtualenv.py:29} WARNING - The tutorial_taskflow_api_virtualenv example DAG requires virtualenv, please install it.
[2026-02-25T09:53:27.891+0000] {processor.py:927} WARNING - No viable dags retrieved from /home/ubuntu/airflow-venv/lib/python3.12/site-packages/airflow/example_dags/tutorial_taskflow_api_virtualenv.py
[2026-02-25T09:53:27.897+0000] {processor.py:208} INFO - Processing /home/ubuntu/airflow-venv/lib/python3.12/site-packages/airflow/example_dags/tutorial_taskflow_api_virtualenv.py took 0.014 seconds
[2026-02-25T09:54:17.012+0000] {processor.py:186} INFO - Started process (PID=3340) to work on /home/ubuntu/airflow-venv/lib/python3.12/site-packages/airflow/example_dags/tutorial_taskflow_api_virtualenv.py
[2026-02-25T09:54:17.013+0000] {processor.py:914} INFO - Processing file /home/ubuntu/airflow-venv/lib/python3.12/site-packages/airflow/example_dags/tutorial_taskflow_api_virtualenv.py for tasks to queue
[2026-02-25T09:54:17.015+0000] {logging_mixin.py:190} INFO - [2026-02-25T09:54:17.014+0000] {dagbag.py:588} INFO - Filling up the DagBag from /home/ubuntu/airflow-venv/lib/python3.12/site-packages/airflow/example_dags/tutorial_taskflow_api_virtualenv.py
[2026-02-25T09:54:17.016+0000] {logging_mixin.py:190} INFO - [2026-02-25T09:54:17.016+0000] {tutorial_taskflow_api_virtualenv.py:29} WARNING - The tutorial_taskflow_api_virtualenv example DAG requires virtualenv, please install it.
[2026-02-25T09:54:17.016+0000] {processor.py:927} WARNING - No viable dags retrieved from /home/ubuntu/airflow-venv/lib/python3.12/site-packages/airflow/example_dags/tutorial_taskflow_api_virtualenv.py
[2026-02-25T09:54:17.023+0000] {processor.py:208} INFO - Processing /home/ubuntu/airflow-venv/lib/python3.12/site-packages/airflow/example_dags/tutorial_taskflow_api_virtualenv.py took 0.014 seconds
[2026-02-25T09:55:07.763+0000] {processor.py:186} INFO - Started process (PID=3397) to work on /home/ubuntu/airflow-venv/lib/python3.12/site-packages/airflow/example_dags/tutorial_taskflow_api_virtualenv.py
[2026-02-25T09:55:07.764+0000] {processor.py:914} INFO - Processing file /home/ubuntu/airflow-venv/lib/python3.12/site-packages/airflow/example_dags/tutorial_taskflow_api_virtualenv.py for tasks to queue
[2026-02-25T09:55:07.765+0000] {logging_mixin.py:190} INFO - [2026-02-25T09:55:07.765+0000] {dagbag.py:588} INFO - Filling up the DagBag from /home/ubuntu/airflow-venv/lib/python3.12/site-packages/airflow/example_dags/tutorial_taskflow_api_virtualenv.py
[2026-02-25T09:55:07.767+0000] {logging_mixin.py:190} INFO - [2026-02-25T09:55:07.767+0000] {tutorial_taskflow_api_virtualenv.py:29} WARNING - The tutorial_taskflow_api_virtualenv example DAG requires virtualenv, please install it.
[2026-02-25T09:55:07.767+0000] {processor.py:927} WARNING - No viable dags retrieved from /home/ubuntu/airflow-venv/lib/python3.12/site-packages/airflow/example_dags/tutorial_taskflow_api_virtualenv.py
[2026-02-25T09:55:07.774+0000] {processor.py:208} INFO - Processing /home/ubuntu/airflow-venv/lib/python3.12/site-packages/airflow/example_dags/tutorial_taskflow_api_virtualenv.py took 0.014 seconds
[2026-02-25T09:55:56.837+0000] {processor.py:186} INFO - Started process (PID=3448) to work on /home/ubuntu/airflow-venv/lib/python3.12/site-packages/airflow/example_dags/tutorial_taskflow_api_virtualenv.py
[2026-02-25T09:55:56.838+0000] {processor.py:914} INFO - Processing file /home/ubuntu/airflow-venv/lib/python3.12/site-packages/airflow/example_dags/tutorial_taskflow_api_virtualenv.py for tasks to queue
[2026-02-25T09:55:56.839+0000] {logging_mixin.py:190} INFO - [2026-02-25T09:55:56.839+0000] {dagbag.py:588} INFO - Filling up the DagBag from /home/ubuntu/airflow-venv/lib/python3.12/site-packages/airflow/example_dags/tutorial_taskflow_api_virtualenv.py
[2026-02-25T09:55:56.841+0000] {logging_mixin.py:190} INFO - [2026-02-25T09:55:56.841+0000] {tutorial_taskflow_api_virtualenv.py:29} WARNING - The tutorial_taskflow_api_virtualenv example DAG requires virtualenv, please install it.
[2026-02-25T09:55:56.841+0000] {processor.py:927} WARNING - No viable dags retrieved from /home/ubuntu/airflow-venv/lib/python3.12/site-packages/airflow/example_dags/tutorial_taskflow_api_virtualenv.py
[2026-02-25T09:55:56.847+0000] {processor.py:208} INFO - Processing /home/ubuntu/airflow-venv/lib/python3.12/site-packages/airflow/example_dags/tutorial_taskflow_api_virtualenv.py took 0.014 seconds
[2026-02-25T09:56:45.915+0000] {processor.py:186} INFO - Started process (PID=3500) to work on /home/ubuntu/airflow-venv/lib/python3.12/site-packages/airflow/example_dags/tutorial_taskflow_api_virtualenv.py
[2026-02-25T09:56:45.916+0000] {processor.py:914} INFO - Processing file /home/ubuntu/airflow-venv/lib/python3.12/site-packages/airflow/example_dags/tutorial_taskflow_api_virtualenv.py for tasks to queue
[2026-02-25T09:56:45.917+0000] {logging_mixin.py:190} INFO - [2026-02-25T09:56:45.917+0000] {dagbag.py:588} INFO - Filling up the DagBag from /home/ubuntu/airflow-venv/lib/python3.12/site-packages/airflow/example_dags/tutorial_taskflow_api_virtualenv.py
[2026-02-25T09:56:45.919+0000] {logging_mixin.py:190} INFO - [2026-02-25T09:56:45.919+0000] {tutorial_taskflow_api_virtualenv.py:29} WARNING - The tutorial_taskflow_api_virtualenv example DAG requires virtualenv, please install it.
[2026-02-25T09:56:45.919+0000] {processor.py:927} WARNING - No viable dags retrieved from /home/ubuntu/airflow-venv/lib/python3.12/site-packages/airflow/example_dags/tutorial_taskflow_api_virtualenv.py
[2026-02-25T09:56:45.925+0000] {processor.py:208} INFO - Processing /home/ubuntu/airflow-venv/lib/python3.12/site-packages/airflow/example_dags/tutorial_taskflow_api_virtualenv.py took 0.014 seconds
[2026-02-25T09:57:36.138+0000] {processor.py:186} INFO - Started process (PID=3997) to work on /home/ubuntu/airflow-venv/lib/python3.12/site-packages/airflow/example_dags/tutorial_taskflow_api_virtualenv.py
[2026-02-25T09:57:36.139+0000] {processor.py:914} INFO - Processing file /home/ubuntu/airflow-venv/lib/python3.12/site-packages/airflow/example_dags/tutorial_taskflow_api_virtualenv.py for tasks to queue
[2026-02-25T09:57:36.140+0000] {logging_mixin.py:190} INFO - [2026-02-25T09:57:36.140+0000] {dagbag.py:588} INFO - Filling up the DagBag from /home/ubuntu/airflow-venv/lib/python3.12/site-packages/airflow/example_dags/tutorial_taskflow_api_virtualenv.py
[2026-02-25T09:57:36.142+0000] {logging_mixin.py:190} INFO - [2026-02-25T09:57:36.142+0000] {tutorial_taskflow_api_virtualenv.py:29} WARNING - The tutorial_taskflow_api_virtualenv example DAG requires virtualenv, please install it.
[2026-02-25T09:57:36.142+0000] {processor.py:927} WARNING - No viable dags retrieved from /home/ubuntu/airflow-venv/lib/python3.12/site-packages/airflow/example_dags/tutorial_taskflow_api_virtualenv.py
[2026-02-25T09:57:36.149+0000] {processor.py:208} INFO - Processing /home/ubuntu/airflow-venv/lib/python3.12/site-packages/airflow/example_dags/tutorial_taskflow_api_virtualenv.py took 0.014 seconds
[2026-02-25T09:58:28.595+0000] {processor.py:186} INFO - Started process (PID=4050) to work on /home/ubuntu/airflow-venv/lib/python3.12/site-packages/airflow/example_dags/tutorial_taskflow_api_virtualenv.py
[2026-02-25T09:58:28.596+0000] {processor.py:914} INFO - Processing file /home/ubuntu/airflow-venv/lib/python3.12/site-packages/airflow/example_dags/tutorial_taskflow_api_virtualenv.py for tasks to queue
[2026-02-25T09:58:28.597+0000] {logging_mixin.py:190} INFO - [2026-02-25T09:58:28.597+0000] {dagbag.py:588} INFO - Filling up the DagBag from /home/ubuntu/airflow-venv/lib/python3.12/site-packages/airflow/example_dags/tutorial_taskflow_api_virtualenv.py
[2026-02-25T09:58:28.599+0000] {logging_mixin.py:190} INFO - [2026-02-25T09:58:28.599+0000] {tutorial_taskflow_api_virtualenv.py:29} WARNING - The tutorial_taskflow_api_virtualenv example DAG requires virtualenv, please install it.
[2026-02-25T09:58:28.599+0000] {processor.py:927} WARNING - No viable dags retrieved from /home/ubuntu/airflow-venv/lib/python3.12/site-packages/airflow/example_dags/tutorial_taskflow_api_virtualenv.py
[2026-02-25T09:58:28.605+0000] {processor.py:208} INFO - Processing /home/ubuntu/airflow-venv/lib/python3.12/site-packages/airflow/example_dags/tutorial_taskflow_api_virtualenv.py took 0.014 seconds
[2026-02-25T09:59:16.832+0000] {processor.py:186} INFO - Started process (PID=4102) to work on /home/ubuntu/airflow-venv/lib/python3.12/site-packages/airflow/example_dags/tutorial_taskflow_api_virtualenv.py
[2026-02-25T09:59:16.834+0000] {processor.py:914} INFO - Processing file /home/ubuntu/airflow-venv/lib/python3.12/site-packages/airflow/example_dags/tutorial_taskflow_api_virtualenv.py for tasks to queue
[2026-02-25T09:59:16.835+0000] {logging_mixin.py:190} INFO - [2026-02-25T09:59:16.835+0000] {dagbag.py:588} INFO - Filling up the DagBag from /home/ubuntu/airflow-venv/lib/python3.12/site-packages/airflow/example_dags/tutorial_taskflow_api_virtualenv.py
[2026-02-25T09:59:16.837+0000] {logging_mixin.py:190} INFO - [2026-02-25T09:59:16.836+0000] {tutorial_taskflow_api_virtualenv.py:29} WARNING - The tutorial_taskflow_api_virtualenv example DAG requires virtualenv, please install it.
[2026-02-25T09:59:16.837+0000] {processor.py:927} WARNING - No viable dags retrieved from /home/ubuntu/airflow-venv/lib/python3.12/site-packages/airflow/example_dags/tutorial_taskflow_api_virtualenv.py
[2026-02-25T09:59:16.843+0000] {processor.py:208} INFO - Processing /home/ubuntu/airflow-venv/lib/python3.12/site-packages/airflow/example_dags/tutorial_taskflow_api_virtualenv.py took 0.014 seconds
[2026-02-25T10:00:04.751+0000] {processor.py:186} INFO - Started process (PID=4155) to work on /home/ubuntu/airflow-venv/lib/python3.12/site-packages/airflow/example_dags/tutorial_taskflow_api_virtualenv.py
[2026-02-25T10:00:04.752+0000] {processor.py:914} INFO - Processing file /home/ubuntu/airflow-venv/lib/python3.12/site-packages/airflow/example_dags/tutorial_taskflow_api_virtualenv.py for tasks to queue
[2026-02-25T10:00:04.753+0000] {logging_mixin.py:190} INFO - [2026-02-25T10:00:04.753+0000] {dagbag.py:588} INFO - Filling up the DagBag from /home/ubuntu/airflow-venv/lib/python3.12/site-packages/airflow/example_dags/tutorial_taskflow_api_virtualenv.py
[2026-02-25T10:00:04.755+0000] {logging_mixin.py:190} INFO - [2026-02-25T10:00:04.755+0000] {tutorial_taskflow_api_virtualenv.py:29} WARNING - The tutorial_taskflow_api_virtualenv example DAG requires virtualenv, please install it.
[2026-02-25T10:00:04.755+0000] {processor.py:927} WARNING - No viable dags retrieved from /home/ubuntu/airflow-venv/lib/python3.12/site-packages/airflow/example_dags/tutorial_taskflow_api_virtualenv.py
[2026-02-25T10:00:04.762+0000] {processor.py:208} INFO - Processing /home/ubuntu/airflow-venv/lib/python3.12/site-packages/airflow/example_dags/tutorial_taskflow_api_virtualenv.py took 0.014 seconds
[2026-02-25T10:00:55.564+0000] {processor.py:186} INFO - Started process (PID=4208) to work on /home/ubuntu/airflow-venv/lib/python3.12/site-packages/airflow/example_dags/tutorial_taskflow_api_virtualenv.py
[2026-02-25T10:00:55.566+0000] {processor.py:914} INFO - Processing file /home/ubuntu/airflow-venv/lib/python3.12/site-packages/airflow/example_dags/tutorial_taskflow_api_virtualenv.py for tasks to queue
[2026-02-25T10:00:55.567+0000] {logging_mixin.py:190} INFO - [2026-02-25T10:00:55.567+0000] {dagbag.py:588} INFO - Filling up the DagBag from /home/ubuntu/airflow-venv/lib/python3.12/site-packages/airflow/example_dags/tutorial_taskflow_api_virtualenv.py
[2026-02-25T10:00:55.569+0000] {logging_mixin.py:190} INFO - [2026-02-25T10:00:55.568+0000] {tutorial_taskflow_api_virtualenv.py:29} WARNING - The tutorial_taskflow_api_virtualenv example DAG requires virtualenv, please install it.
[2026-02-25T10:00:55.569+0000] {processor.py:927} WARNING - No viable dags retrieved from /home/ubuntu/airflow-venv/lib/python3.12/site-packages/airflow/example_dags/tutorial_taskflow_api_virtualenv.py
[2026-02-25T10:00:55.575+0000] {processor.py:208} INFO - Processing /home/ubuntu/airflow-venv/lib/python3.12/site-packages/airflow/example_dags/tutorial_taskflow_api_virtualenv.py took 0.015 seconds
[2026-02-25T10:01:47.500+0000] {processor.py:186} INFO - Started process (PID=4264) to work on /home/ubuntu/airflow-venv/lib/python3.12/site-packages/airflow/example_dags/tutorial_taskflow_api_virtualenv.py
[2026-02-25T10:01:47.502+0000] {processor.py:914} INFO - Processing file /home/ubuntu/airflow-venv/lib/python3.12/site-packages/airflow/example_dags/tutorial_taskflow_api_virtualenv.py for tasks to queue
[2026-02-25T10:01:47.503+0000] {logging_mixin.py:190} INFO - [2026-02-25T10:01:47.503+0000] {dagbag.py:588} INFO - Filling up the DagBag from /home/ubuntu/airflow-venv/lib/python3.12/site-packages/airflow/example_dags/tutorial_taskflow_api_virtualenv.py
[2026-02-25T10:01:47.505+0000] {logging_mixin.py:190} INFO - [2026-02-25T10:01:47.505+0000] {tutorial_taskflow_api_virtualenv.py:29} WARNING - The tutorial_taskflow_api_virtualenv example DAG requires virtualenv, please install it.
[2026-02-25T10:01:47.505+0000] {processor.py:927} WARNING - No viable dags retrieved from /home/ubuntu/airflow-venv/lib/python3.12/site-packages/airflow/example_dags/tutorial_taskflow_api_virtualenv.py
[2026-02-25T10:01:47.512+0000] {processor.py:208} INFO - Processing /home/ubuntu/airflow-venv/lib/python3.12/site-packages/airflow/example_dags/tutorial_taskflow_api_virtualenv.py took 0.015 seconds
[2026-02-25T10:02:38.136+0000] {processor.py:186} INFO - Started process (PID=4320) to work on /home/ubuntu/airflow-venv/lib/python3.12/site-packages/airflow/example_dags/tutorial_taskflow_api_virtualenv.py
[2026-02-25T10:02:38.138+0000] {processor.py:914} INFO - Processing file /home/ubuntu/airflow-venv/lib/python3.12/site-packages/airflow/example_dags/tutorial_taskflow_api_virtualenv.py for tasks to queue
[2026-02-25T10:02:38.139+0000] {logging_mixin.py:190} INFO - [2026-02-25T10:02:38.139+0000] {dagbag.py:588} INFO - Filling up the DagBag from /home/ubuntu/airflow-venv/lib/python3.12/site-packages/airflow/example_dags/tutorial_taskflow_api_virtualenv.py
[2026-02-25T10:02:38.141+0000] {logging_mixin.py:190} INFO - [2026-02-25T10:02:38.141+0000] {tutorial_taskflow_api_virtualenv.py:29} WARNING - The tutorial_taskflow_api_virtualenv example DAG requires virtualenv, please install it.
[2026-02-25T10:02:38.141+0000] {processor.py:927} WARNING - No viable dags retrieved from /home/ubuntu/airflow-venv/lib/python3.12/site-packages/airflow/example_dags/tutorial_taskflow_api_virtualenv.py
[2026-02-25T10:02:38.148+0000] {processor.py:208} INFO - Processing /home/ubuntu/airflow-venv/lib/python3.12/site-packages/airflow/example_dags/tutorial_taskflow_api_virtualenv.py took 0.015 seconds
[2026-02-25T10:03:26.884+0000] {processor.py:186} INFO - Started process (PID=4373) to work on /home/ubuntu/airflow-venv/lib/python3.12/site-packages/airflow/example_dags/tutorial_taskflow_api_virtualenv.py
[2026-02-25T10:03:26.885+0000] {processor.py:914} INFO - Processing file /home/ubuntu/airflow-venv/lib/python3.12/site-packages/airflow/example_dags/tutorial_taskflow_api_virtualenv.py for tasks to queue
[2026-02-25T10:03:26.886+0000] {logging_mixin.py:190} INFO - [2026-02-25T10:03:26.886+0000] {dagbag.py:588} INFO - Filling up the DagBag from /home/ubuntu/airflow-venv/lib/python3.12/site-packages/airflow/example_dags/tutorial_taskflow_api_virtualenv.py
[2026-02-25T10:03:26.888+0000] {logging_mixin.py:190} INFO - [2026-02-25T10:03:26.888+0000] {tutorial_taskflow_api_virtualenv.py:29} WARNING - The tutorial_taskflow_api_virtualenv example DAG requires virtualenv, please install it.
[2026-02-25T10:03:26.888+0000] {processor.py:927} WARNING - No viable dags retrieved from /home/ubuntu/airflow-venv/lib/python3.12/site-packages/airflow/example_dags/tutorial_taskflow_api_virtualenv.py
[2026-02-25T10:03:26.895+0000] {processor.py:208} INFO - Processing /home/ubuntu/airflow-venv/lib/python3.12/site-packages/airflow/example_dags/tutorial_taskflow_api_virtualenv.py took 0.015 seconds
[2026-02-25T10:05:22.305+0000] {processor.py:186} INFO - Started process (PID=1797) to work on /home/ubuntu/airflow-venv/lib/python3.12/site-packages/airflow/example_dags/tutorial_taskflow_api_virtualenv.py
[2026-02-25T10:05:22.307+0000] {processor.py:914} INFO - Processing file /home/ubuntu/airflow-venv/lib/python3.12/site-packages/airflow/example_dags/tutorial_taskflow_api_virtualenv.py for tasks to queue
[2026-02-25T10:05:22.308+0000] {logging_mixin.py:190} INFO - [2026-02-25T10:05:22.308+0000] {dagbag.py:588} INFO - Filling up the DagBag from /home/ubuntu/airflow-venv/lib/python3.12/site-packages/airflow/example_dags/tutorial_taskflow_api_virtualenv.py
[2026-02-25T10:05:22.310+0000] {logging_mixin.py:190} INFO - [2026-02-25T10:05:22.310+0000] {tutorial_taskflow_api_virtualenv.py:29} WARNING - The tutorial_taskflow_api_virtualenv example DAG requires virtualenv, please install it.
[2026-02-25T10:05:22.310+0000] {processor.py:927} WARNING - No viable dags retrieved from /home/ubuntu/airflow-venv/lib/python3.12/site-packages/airflow/example_dags/tutorial_taskflow_api_virtualenv.py
[2026-02-25T10:05:22.317+0000] {processor.py:208} INFO - Processing /home/ubuntu/airflow-venv/lib/python3.12/site-packages/airflow/example_dags/tutorial_taskflow_api_virtualenv.py took 0.015 seconds
[2026-02-25T10:06:16.142+0000] {processor.py:186} INFO - Started process (PID=2770) to work on /home/ubuntu/airflow-venv/lib/python3.12/site-packages/airflow/example_dags/tutorial_taskflow_api_virtualenv.py
[2026-02-25T10:06:16.143+0000] {processor.py:914} INFO - Processing file /home/ubuntu/airflow-venv/lib/python3.12/site-packages/airflow/example_dags/tutorial_taskflow_api_virtualenv.py for tasks to queue
[2026-02-25T10:06:16.144+0000] {logging_mixin.py:190} INFO - [2026-02-25T10:06:16.144+0000] {dagbag.py:588} INFO - Filling up the DagBag from /home/ubuntu/airflow-venv/lib/python3.12/site-packages/airflow/example_dags/tutorial_taskflow_api_virtualenv.py
[2026-02-25T10:06:16.146+0000] {logging_mixin.py:190} INFO - [2026-02-25T10:06:16.146+0000] {tutorial_taskflow_api_virtualenv.py:29} WARNING - The tutorial_taskflow_api_virtualenv example DAG requires virtualenv, please install it.
[2026-02-25T10:06:16.146+0000] {processor.py:927} WARNING - No viable dags retrieved from /home/ubuntu/airflow-venv/lib/python3.12/site-packages/airflow/example_dags/tutorial_taskflow_api_virtualenv.py
[2026-02-25T10:06:16.153+0000] {processor.py:208} INFO - Processing /home/ubuntu/airflow-venv/lib/python3.12/site-packages/airflow/example_dags/tutorial_taskflow_api_virtualenv.py took 0.014 seconds
[2026-02-25T10:07:04.984+0000] {processor.py:186} INFO - Started process (PID=2826) to work on /home/ubuntu/airflow-venv/lib/python3.12/site-packages/airflow/example_dags/tutorial_taskflow_api_virtualenv.py
[2026-02-25T10:07:04.985+0000] {processor.py:914} INFO - Processing file /home/ubuntu/airflow-venv/lib/python3.12/site-packages/airflow/example_dags/tutorial_taskflow_api_virtualenv.py for tasks to queue
[2026-02-25T10:07:04.986+0000] {logging_mixin.py:190} INFO - [2026-02-25T10:07:04.986+0000] {dagbag.py:588} INFO - Filling up the DagBag from /home/ubuntu/airflow-venv/lib/python3.12/site-packages/airflow/example_dags/tutorial_taskflow_api_virtualenv.py
[2026-02-25T10:07:04.988+0000] {logging_mixin.py:190} INFO - [2026-02-25T10:07:04.988+0000] {tutorial_taskflow_api_virtualenv.py:29} WARNING - The tutorial_taskflow_api_virtualenv example DAG requires virtualenv, please install it.
[2026-02-25T10:07:04.988+0000] {processor.py:927} WARNING - No viable dags retrieved from /home/ubuntu/airflow-venv/lib/python3.12/site-packages/airflow/example_dags/tutorial_taskflow_api_virtualenv.py
[2026-02-25T10:07:04.995+0000] {processor.py:208} INFO - Processing /home/ubuntu/airflow-venv/lib/python3.12/site-packages/airflow/example_dags/tutorial_taskflow_api_virtualenv.py took 0.014 seconds
[2026-02-25T10:07:51.235+0000] {processor.py:186} INFO - Started process (PID=2876) to work on /home/ubuntu/airflow-venv/lib/python3.12/site-packages/airflow/example_dags/tutorial_taskflow_api_virtualenv.py
[2026-02-25T10:07:51.236+0000] {processor.py:914} INFO - Processing file /home/ubuntu/airflow-venv/lib/python3.12/site-packages/airflow/example_dags/tutorial_taskflow_api_virtualenv.py for tasks to queue
[2026-02-25T10:07:51.237+0000] {logging_mixin.py:190} INFO - [2026-02-25T10:07:51.237+0000] {dagbag.py:588} INFO - Filling up the DagBag from /home/ubuntu/airflow-venv/lib/python3.12/site-packages/airflow/example_dags/tutorial_taskflow_api_virtualenv.py
[2026-02-25T10:07:51.239+0000] {logging_mixin.py:190} INFO - [2026-02-25T10:07:51.239+0000] {tutorial_taskflow_api_virtualenv.py:29} WARNING - The tutorial_taskflow_api_virtualenv example DAG requires virtualenv, please install it.
[2026-02-25T10:07:51.239+0000] {processor.py:927} WARNING - No viable dags retrieved from /home/ubuntu/airflow-venv/lib/python3.12/site-packages/airflow/example_dags/tutorial_taskflow_api_virtualenv.py
[2026-02-25T10:07:51.246+0000] {processor.py:208} INFO - Processing /home/ubuntu/airflow-venv/lib/python3.12/site-packages/airflow/example_dags/tutorial_taskflow_api_virtualenv.py took 0.014 seconds
[2026-02-25T10:08:41.426+0000] {processor.py:186} INFO - Started process (PID=2929) to work on /home/ubuntu/airflow-venv/lib/python3.12/site-packages/airflow/example_dags/tutorial_taskflow_api_virtualenv.py
[2026-02-25T10:08:41.428+0000] {processor.py:914} INFO - Processing file /home/ubuntu/airflow-venv/lib/python3.12/site-packages/airflow/example_dags/tutorial_taskflow_api_virtualenv.py for tasks to queue
[2026-02-25T10:08:41.429+0000] {logging_mixin.py:190} INFO - [2026-02-25T10:08:41.429+0000] {dagbag.py:588} INFO - Filling up the DagBag from /home/ubuntu/airflow-venv/lib/python3.12/site-packages/airflow/example_dags/tutorial_taskflow_api_virtualenv.py
[2026-02-25T10:08:41.431+0000] {logging_mixin.py:190} INFO - [2026-02-25T10:08:41.430+0000] {tutorial_taskflow_api_virtualenv.py:29} WARNING - The tutorial_taskflow_api_virtualenv example DAG requires virtualenv, please install it.
[2026-02-25T10:08:41.431+0000] {processor.py:927} WARNING - No viable dags retrieved from /home/ubuntu/airflow-venv/lib/python3.12/site-packages/airflow/example_dags/tutorial_taskflow_api_virtualenv.py
[2026-02-25T10:08:41.438+0000] {processor.py:208} INFO - Processing /home/ubuntu/airflow-venv/lib/python3.12/site-packages/airflow/example_dags/tutorial_taskflow_api_virtualenv.py took 0.015 seconds
[2026-02-25T10:09:32.738+0000] {processor.py:186} INFO - Started process (PID=2981) to work on /home/ubuntu/airflow-venv/lib/python3.12/site-packages/airflow/example_dags/tutorial_taskflow_api_virtualenv.py
[2026-02-25T10:09:32.740+0000] {processor.py:914} INFO - Processing file /home/ubuntu/airflow-venv/lib/python3.12/site-packages/airflow/example_dags/tutorial_taskflow_api_virtualenv.py for tasks to queue
[2026-02-25T10:09:32.741+0000] {logging_mixin.py:190} INFO - [2026-02-25T10:09:32.740+0000] {dagbag.py:588} INFO - Filling up the DagBag from /home/ubuntu/airflow-venv/lib/python3.12/site-packages/airflow/example_dags/tutorial_taskflow_api_virtualenv.py
[2026-02-25T10:09:32.742+0000] {logging_mixin.py:190} INFO - [2026-02-25T10:09:32.742+0000] {tutorial_taskflow_api_virtualenv.py:29} WARNING - The tutorial_taskflow_api_virtualenv example DAG requires virtualenv, please install it.
[2026-02-25T10:09:32.742+0000] {processor.py:927} WARNING - No viable dags retrieved from /home/ubuntu/airflow-venv/lib/python3.12/site-packages/airflow/example_dags/tutorial_taskflow_api_virtualenv.py
[2026-02-25T10:09:32.749+0000] {processor.py:208} INFO - Processing /home/ubuntu/airflow-venv/lib/python3.12/site-packages/airflow/example_dags/tutorial_taskflow_api_virtualenv.py took 0.014 seconds
[2026-02-25T10:10:20.961+0000] {processor.py:186} INFO - Started process (PID=3044) to work on /home/ubuntu/airflow-venv/lib/python3.12/site-packages/airflow/example_dags/tutorial_taskflow_api_virtualenv.py
[2026-02-25T10:10:20.962+0000] {processor.py:914} INFO - Processing file /home/ubuntu/airflow-venv/lib/python3.12/site-packages/airflow/example_dags/tutorial_taskflow_api_virtualenv.py for tasks to queue
[2026-02-25T10:10:20.964+0000] {logging_mixin.py:190} INFO - [2026-02-25T10:10:20.963+0000] {dagbag.py:588} INFO - Filling up the DagBag from /home/ubuntu/airflow-venv/lib/python3.12/site-packages/airflow/example_dags/tutorial_taskflow_api_virtualenv.py
[2026-02-25T10:10:20.965+0000] {logging_mixin.py:190} INFO - [2026-02-25T10:10:20.965+0000] {tutorial_taskflow_api_virtualenv.py:29} WARNING - The tutorial_taskflow_api_virtualenv example DAG requires virtualenv, please install it.
[2026-02-25T10:10:20.965+0000] {processor.py:927} WARNING - No viable dags retrieved from /home/ubuntu/airflow-venv/lib/python3.12/site-packages/airflow/example_dags/tutorial_taskflow_api_virtualenv.py
[2026-02-25T10:10:20.971+0000] {processor.py:208} INFO - Processing /home/ubuntu/airflow-venv/lib/python3.12/site-packages/airflow/example_dags/tutorial_taskflow_api_virtualenv.py took 0.014 seconds
[2026-02-25T10:11:11.735+0000] {processor.py:186} INFO - Started process (PID=3097) to work on /home/ubuntu/airflow-venv/lib/python3.12/site-packages/airflow/example_dags/tutorial_taskflow_api_virtualenv.py
[2026-02-25T10:11:11.737+0000] {processor.py:914} INFO - Processing file /home/ubuntu/airflow-venv/lib/python3.12/site-packages/airflow/example_dags/tutorial_taskflow_api_virtualenv.py for tasks to queue
[2026-02-25T10:11:11.738+0000] {logging_mixin.py:190} INFO - [2026-02-25T10:11:11.738+0000] {dagbag.py:588} INFO - Filling up the DagBag from /home/ubuntu/airflow-venv/lib/python3.12/site-packages/airflow/example_dags/tutorial_taskflow_api_virtualenv.py
[2026-02-25T10:11:11.739+0000] {logging_mixin.py:190} INFO - [2026-02-25T10:11:11.739+0000] {tutorial_taskflow_api_virtualenv.py:29} WARNING - The tutorial_taskflow_api_virtualenv example DAG requires virtualenv, please install it.
[2026-02-25T10:11:11.739+0000] {processor.py:927} WARNING - No viable dags retrieved from /home/ubuntu/airflow-venv/lib/python3.12/site-packages/airflow/example_dags/tutorial_taskflow_api_virtualenv.py
[2026-02-25T10:11:11.746+0000] {processor.py:208} INFO - Processing /home/ubuntu/airflow-venv/lib/python3.12/site-packages/airflow/example_dags/tutorial_taskflow_api_virtualenv.py took 0.014 seconds
[2026-02-25T10:12:04.745+0000] {processor.py:186} INFO - Started process (PID=3150) to work on /home/ubuntu/airflow-venv/lib/python3.12/site-packages/airflow/example_dags/tutorial_taskflow_api_virtualenv.py
[2026-02-25T10:12:04.746+0000] {processor.py:914} INFO - Processing file /home/ubuntu/airflow-venv/lib/python3.12/site-packages/airflow/example_dags/tutorial_taskflow_api_virtualenv.py for tasks to queue
[2026-02-25T10:12:04.748+0000] {logging_mixin.py:190} INFO - [2026-02-25T10:12:04.747+0000] {dagbag.py:588} INFO - Filling up the DagBag from /home/ubuntu/airflow-venv/lib/python3.12/site-packages/airflow/example_dags/tutorial_taskflow_api_virtualenv.py
[2026-02-25T10:12:04.749+0000] {logging_mixin.py:190} INFO - [2026-02-25T10:12:04.749+0000] {tutorial_taskflow_api_virtualenv.py:29} WARNING - The tutorial_taskflow_api_virtualenv example DAG requires virtualenv, please install it.
[2026-02-25T10:12:04.749+0000] {processor.py:927} WARNING - No viable dags retrieved from /home/ubuntu/airflow-venv/lib/python3.12/site-packages/airflow/example_dags/tutorial_taskflow_api_virtualenv.py
[2026-02-25T10:12:04.756+0000] {processor.py:208} INFO - Processing /home/ubuntu/airflow-venv/lib/python3.12/site-packages/airflow/example_dags/tutorial_taskflow_api_virtualenv.py took 0.014 seconds
[2026-02-25T10:12:57.462+0000] {processor.py:186} INFO - Started process (PID=3204) to work on /home/ubuntu/airflow-venv/lib/python3.12/site-packages/airflow/example_dags/tutorial_taskflow_api_virtualenv.py
[2026-02-25T10:12:57.463+0000] {processor.py:914} INFO - Processing file /home/ubuntu/airflow-venv/lib/python3.12/site-packages/airflow/example_dags/tutorial_taskflow_api_virtualenv.py for tasks to queue
[2026-02-25T10:12:57.464+0000] {logging_mixin.py:190} INFO - [2026-02-25T10:12:57.464+0000] {dagbag.py:588} INFO - Filling up the DagBag from /home/ubuntu/airflow-venv/lib/python3.12/site-packages/airflow/example_dags/tutorial_taskflow_api_virtualenv.py
[2026-02-25T10:12:57.466+0000] {logging_mixin.py:190} INFO - [2026-02-25T10:12:57.466+0000] {tutorial_taskflow_api_virtualenv.py:29} WARNING - The tutorial_taskflow_api_virtualenv example DAG requires virtualenv, please install it.
[2026-02-25T10:12:57.466+0000] {processor.py:927} WARNING - No viable dags retrieved from /home/ubuntu/airflow-venv/lib/python3.12/site-packages/airflow/example_dags/tutorial_taskflow_api_virtualenv.py
[2026-02-25T10:12:57.472+0000] {processor.py:208} INFO - Processing /home/ubuntu/airflow-venv/lib/python3.12/site-packages/airflow/example_dags/tutorial_taskflow_api_virtualenv.py took 0.014 seconds
[2026-02-25T10:13:45.450+0000] {processor.py:186} INFO - Started process (PID=3257) to work on /home/ubuntu/airflow-venv/lib/python3.12/site-packages/airflow/example_dags/tutorial_taskflow_api_virtualenv.py
[2026-02-25T10:13:45.451+0000] {processor.py:914} INFO - Processing file /home/ubuntu/airflow-venv/lib/python3.12/site-packages/airflow/example_dags/tutorial_taskflow_api_virtualenv.py for tasks to queue
[2026-02-25T10:13:45.452+0000] {logging_mixin.py:190} INFO - [2026-02-25T10:13:45.452+0000] {dagbag.py:588} INFO - Filling up the DagBag from /home/ubuntu/airflow-venv/lib/python3.12/site-packages/airflow/example_dags/tutorial_taskflow_api_virtualenv.py
[2026-02-25T10:13:45.454+0000] {logging_mixin.py:190} INFO - [2026-02-25T10:13:45.453+0000] {tutorial_taskflow_api_virtualenv.py:29} WARNING - The tutorial_taskflow_api_virtualenv example DAG requires virtualenv, please install it.
[2026-02-25T10:13:45.454+0000] {processor.py:927} WARNING - No viable dags retrieved from /home/ubuntu/airflow-venv/lib/python3.12/site-packages/airflow/example_dags/tutorial_taskflow_api_virtualenv.py
[2026-02-25T10:13:45.460+0000] {processor.py:208} INFO - Processing /home/ubuntu/airflow-venv/lib/python3.12/site-packages/airflow/example_dags/tutorial_taskflow_api_virtualenv.py took 0.014 seconds
[2026-02-25T10:14:35.103+0000] {processor.py:186} INFO - Started process (PID=3311) to work on /home/ubuntu/airflow-venv/lib/python3.12/site-packages/airflow/example_dags/tutorial_taskflow_api_virtualenv.py
[2026-02-25T10:14:35.104+0000] {processor.py:914} INFO - Processing file /home/ubuntu/airflow-venv/lib/python3.12/site-packages/airflow/example_dags/tutorial_taskflow_api_virtualenv.py for tasks to queue
[2026-02-25T10:14:35.106+0000] {logging_mixin.py:190} INFO - [2026-02-25T10:14:35.105+0000] {dagbag.py:588} INFO - Filling up the DagBag from /home/ubuntu/airflow-venv/lib/python3.12/site-packages/airflow/example_dags/tutorial_taskflow_api_virtualenv.py
[2026-02-25T10:14:35.107+0000] {logging_mixin.py:190} INFO - [2026-02-25T10:14:35.107+0000] {tutorial_taskflow_api_virtualenv.py:29} WARNING - The tutorial_taskflow_api_virtualenv example DAG requires virtualenv, please install it.
[2026-02-25T10:14:35.107+0000] {processor.py:927} WARNING - No viable dags retrieved from /home/ubuntu/airflow-venv/lib/python3.12/site-packages/airflow/example_dags/tutorial_taskflow_api_virtualenv.py
[2026-02-25T10:14:35.114+0000] {processor.py:208} INFO - Processing /home/ubuntu/airflow-venv/lib/python3.12/site-packages/airflow/example_dags/tutorial_taskflow_api_virtualenv.py took 0.015 seconds
[2026-02-25T10:15:24.631+0000] {processor.py:186} INFO - Started process (PID=3369) to work on /home/ubuntu/airflow-venv/lib/python3.12/site-packages/airflow/example_dags/tutorial_taskflow_api_virtualenv.py
[2026-02-25T10:15:24.632+0000] {processor.py:914} INFO - Processing file /home/ubuntu/airflow-venv/lib/python3.12/site-packages/airflow/example_dags/tutorial_taskflow_api_virtualenv.py for tasks to queue
[2026-02-25T10:15:24.634+0000] {logging_mixin.py:190} INFO - [2026-02-25T10:15:24.633+0000] {dagbag.py:588} INFO - Filling up the DagBag from /home/ubuntu/airflow-venv/lib/python3.12/site-packages/airflow/example_dags/tutorial_taskflow_api_virtualenv.py
[2026-02-25T10:15:24.635+0000] {logging_mixin.py:190} INFO - [2026-02-25T10:15:24.635+0000] {tutorial_taskflow_api_virtualenv.py:29} WARNING - The tutorial_taskflow_api_virtualenv example DAG requires virtualenv, please install it.
[2026-02-25T10:15:24.635+0000] {processor.py:927} WARNING - No viable dags retrieved from /home/ubuntu/airflow-venv/lib/python3.12/site-packages/airflow/example_dags/tutorial_taskflow_api_virtualenv.py
[2026-02-25T10:15:24.642+0000] {processor.py:208} INFO - Processing /home/ubuntu/airflow-venv/lib/python3.12/site-packages/airflow/example_dags/tutorial_taskflow_api_virtualenv.py took 0.014 seconds
[2026-02-25T10:16:11.594+0000] {processor.py:186} INFO - Started process (PID=3420) to work on /home/ubuntu/airflow-venv/lib/python3.12/site-packages/airflow/example_dags/tutorial_taskflow_api_virtualenv.py
[2026-02-25T10:16:11.595+0000] {processor.py:914} INFO - Processing file /home/ubuntu/airflow-venv/lib/python3.12/site-packages/airflow/example_dags/tutorial_taskflow_api_virtualenv.py for tasks to queue
[2026-02-25T10:16:11.597+0000] {logging_mixin.py:190} INFO - [2026-02-25T10:16:11.596+0000] {dagbag.py:588} INFO - Filling up the DagBag from /home/ubuntu/airflow-venv/lib/python3.12/site-packages/airflow/example_dags/tutorial_taskflow_api_virtualenv.py
[2026-02-25T10:16:11.598+0000] {logging_mixin.py:190} INFO - [2026-02-25T10:16:11.598+0000] {tutorial_taskflow_api_virtualenv.py:29} WARNING - The tutorial_taskflow_api_virtualenv example DAG requires virtualenv, please install it.
[2026-02-25T10:16:11.598+0000] {processor.py:927} WARNING - No viable dags retrieved from /home/ubuntu/airflow-venv/lib/python3.12/site-packages/airflow/example_dags/tutorial_taskflow_api_virtualenv.py
[2026-02-25T10:16:11.605+0000] {processor.py:208} INFO - Processing /home/ubuntu/airflow-venv/lib/python3.12/site-packages/airflow/example_dags/tutorial_taskflow_api_virtualenv.py took 0.014 seconds
[2026-02-25T10:17:03.814+0000] {processor.py:186} INFO - Started process (PID=3481) to work on /home/ubuntu/airflow-venv/lib/python3.12/site-packages/airflow/example_dags/tutorial_taskflow_api_virtualenv.py
[2026-02-25T10:17:03.815+0000] {processor.py:914} INFO - Processing file /home/ubuntu/airflow-venv/lib/python3.12/site-packages/airflow/example_dags/tutorial_taskflow_api_virtualenv.py for tasks to queue
[2026-02-25T10:17:03.816+0000] {logging_mixin.py:190} INFO - [2026-02-25T10:17:03.816+0000] {dagbag.py:588} INFO - Filling up the DagBag from /home/ubuntu/airflow-venv/lib/python3.12/site-packages/airflow/example_dags/tutorial_taskflow_api_virtualenv.py
[2026-02-25T10:17:03.817+0000] {logging_mixin.py:190} INFO - [2026-02-25T10:17:03.817+0000] {tutorial_taskflow_api_virtualenv.py:29} WARNING - The tutorial_taskflow_api_virtualenv example DAG requires virtualenv, please install it.
[2026-02-25T10:17:03.818+0000] {processor.py:927} WARNING - No viable dags retrieved from /home/ubuntu/airflow-venv/lib/python3.12/site-packages/airflow/example_dags/tutorial_taskflow_api_virtualenv.py
[2026-02-25T10:17:03.824+0000] {processor.py:208} INFO - Processing /home/ubuntu/airflow-venv/lib/python3.12/site-packages/airflow/example_dags/tutorial_taskflow_api_virtualenv.py took 0.014 seconds
[2026-02-25T10:17:55.302+0000] {processor.py:186} INFO - Started process (PID=3536) to work on /home/ubuntu/airflow-venv/lib/python3.12/site-packages/airflow/example_dags/tutorial_taskflow_api_virtualenv.py
[2026-02-25T10:17:55.303+0000] {processor.py:914} INFO - Processing file /home/ubuntu/airflow-venv/lib/python3.12/site-packages/airflow/example_dags/tutorial_taskflow_api_virtualenv.py for tasks to queue
[2026-02-25T10:17:55.304+0000] {logging_mixin.py:190} INFO - [2026-02-25T10:17:55.304+0000] {dagbag.py:588} INFO - Filling up the DagBag from /home/ubuntu/airflow-venv/lib/python3.12/site-packages/airflow/example_dags/tutorial_taskflow_api_virtualenv.py
[2026-02-25T10:17:55.306+0000] {logging_mixin.py:190} INFO - [2026-02-25T10:17:55.306+0000] {tutorial_taskflow_api_virtualenv.py:29} WARNING - The tutorial_taskflow_api_virtualenv example DAG requires virtualenv, please install it.
[2026-02-25T10:17:55.306+0000] {processor.py:927} WARNING - No viable dags retrieved from /home/ubuntu/airflow-venv/lib/python3.12/site-packages/airflow/example_dags/tutorial_taskflow_api_virtualenv.py
[2026-02-25T10:17:55.312+0000] {processor.py:208} INFO - Processing /home/ubuntu/airflow-venv/lib/python3.12/site-packages/airflow/example_dags/tutorial_taskflow_api_virtualenv.py took 0.014 seconds
[2026-02-25T10:18:45.934+0000] {processor.py:186} INFO - Started process (PID=3586) to work on /home/ubuntu/airflow-venv/lib/python3.12/site-packages/airflow/example_dags/tutorial_taskflow_api_virtualenv.py
[2026-02-25T10:18:45.935+0000] {processor.py:914} INFO - Processing file /home/ubuntu/airflow-venv/lib/python3.12/site-packages/airflow/example_dags/tutorial_taskflow_api_virtualenv.py for tasks to queue
[2026-02-25T10:18:45.937+0000] {logging_mixin.py:190} INFO - [2026-02-25T10:18:45.936+0000] {dagbag.py:588} INFO - Filling up the DagBag from /home/ubuntu/airflow-venv/lib/python3.12/site-packages/airflow/example_dags/tutorial_taskflow_api_virtualenv.py
[2026-02-25T10:18:45.938+0000] {logging_mixin.py:190} INFO - [2026-02-25T10:18:45.938+0000] {tutorial_taskflow_api_virtualenv.py:29} WARNING - The tutorial_taskflow_api_virtualenv example DAG requires virtualenv, please install it.
[2026-02-25T10:18:45.938+0000] {processor.py:927} WARNING - No viable dags retrieved from /home/ubuntu/airflow-venv/lib/python3.12/site-packages/airflow/example_dags/tutorial_taskflow_api_virtualenv.py
[2026-02-25T10:18:45.945+0000] {processor.py:208} INFO - Processing /home/ubuntu/airflow-venv/lib/python3.12/site-packages/airflow/example_dags/tutorial_taskflow_api_virtualenv.py took 0.014 seconds
[2026-02-25T10:19:37.698+0000] {processor.py:186} INFO - Started process (PID=3640) to work on /home/ubuntu/airflow-venv/lib/python3.12/site-packages/airflow/example_dags/tutorial_taskflow_api_virtualenv.py
[2026-02-25T10:19:37.700+0000] {processor.py:914} INFO - Processing file /home/ubuntu/airflow-venv/lib/python3.12/site-packages/airflow/example_dags/tutorial_taskflow_api_virtualenv.py for tasks to queue
[2026-02-25T10:19:37.701+0000] {logging_mixin.py:190} INFO - [2026-02-25T10:19:37.701+0000] {dagbag.py:588} INFO - Filling up the DagBag from /home/ubuntu/airflow-venv/lib/python3.12/site-packages/airflow/example_dags/tutorial_taskflow_api_virtualenv.py
[2026-02-25T10:19:37.702+0000] {logging_mixin.py:190} INFO - [2026-02-25T10:19:37.702+0000] {tutorial_taskflow_api_virtualenv.py:29} WARNING - The tutorial_taskflow_api_virtualenv example DAG requires virtualenv, please install it.
[2026-02-25T10:19:37.703+0000] {processor.py:927} WARNING - No viable dags retrieved from /home/ubuntu/airflow-venv/lib/python3.12/site-packages/airflow/example_dags/tutorial_taskflow_api_virtualenv.py
[2026-02-25T10:19:37.709+0000] {processor.py:208} INFO - Processing /home/ubuntu/airflow-venv/lib/python3.12/site-packages/airflow/example_dags/tutorial_taskflow_api_virtualenv.py took 0.014 seconds
[2026-02-25T10:20:27.234+0000] {processor.py:186} INFO - Started process (PID=3701) to work on /home/ubuntu/airflow-venv/lib/python3.12/site-packages/airflow/example_dags/tutorial_taskflow_api_virtualenv.py
[2026-02-25T10:20:27.235+0000] {processor.py:914} INFO - Processing file /home/ubuntu/airflow-venv/lib/python3.12/site-packages/airflow/example_dags/tutorial_taskflow_api_virtualenv.py for tasks to queue
[2026-02-25T10:20:27.237+0000] {logging_mixin.py:190} INFO - [2026-02-25T10:20:27.236+0000] {dagbag.py:588} INFO - Filling up the DagBag from /home/ubuntu/airflow-venv/lib/python3.12/site-packages/airflow/example_dags/tutorial_taskflow_api_virtualenv.py
[2026-02-25T10:20:27.238+0000] {logging_mixin.py:190} INFO - [2026-02-25T10:20:27.238+0000] {tutorial_taskflow_api_virtualenv.py:29} WARNING - The tutorial_taskflow_api_virtualenv example DAG requires virtualenv, please install it.
[2026-02-25T10:20:27.238+0000] {processor.py:927} WARNING - No viable dags retrieved from /home/ubuntu/airflow-venv/lib/python3.12/site-packages/airflow/example_dags/tutorial_taskflow_api_virtualenv.py
[2026-02-25T10:20:27.245+0000] {processor.py:208} INFO - Processing /home/ubuntu/airflow-venv/lib/python3.12/site-packages/airflow/example_dags/tutorial_taskflow_api_virtualenv.py took 0.014 seconds
[2026-02-25T10:21:14.211+0000] {processor.py:186} INFO - Started process (PID=3752) to work on /home/ubuntu/airflow-venv/lib/python3.12/site-packages/airflow/example_dags/tutorial_taskflow_api_virtualenv.py
[2026-02-25T10:21:14.212+0000] {processor.py:914} INFO - Processing file /home/ubuntu/airflow-venv/lib/python3.12/site-packages/airflow/example_dags/tutorial_taskflow_api_virtualenv.py for tasks to queue
[2026-02-25T10:21:14.213+0000] {logging_mixin.py:190} INFO - [2026-02-25T10:21:14.213+0000] {dagbag.py:588} INFO - Filling up the DagBag from /home/ubuntu/airflow-venv/lib/python3.12/site-packages/airflow/example_dags/tutorial_taskflow_api_virtualenv.py
[2026-02-25T10:21:14.215+0000] {logging_mixin.py:190} INFO - [2026-02-25T10:21:14.215+0000] {tutorial_taskflow_api_virtualenv.py:29} WARNING - The tutorial_taskflow_api_virtualenv example DAG requires virtualenv, please install it.
[2026-02-25T10:21:14.215+0000] {processor.py:927} WARNING - No viable dags retrieved from /home/ubuntu/airflow-venv/lib/python3.12/site-packages/airflow/example_dags/tutorial_taskflow_api_virtualenv.py
[2026-02-25T10:21:14.221+0000] {processor.py:208} INFO - Processing /home/ubuntu/airflow-venv/lib/python3.12/site-packages/airflow/example_dags/tutorial_taskflow_api_virtualenv.py took 0.014 seconds
[2026-02-25T10:22:04.431+0000] {processor.py:186} INFO - Started process (PID=3809) to work on /home/ubuntu/airflow-venv/lib/python3.12/site-packages/airflow/example_dags/tutorial_taskflow_api_virtualenv.py
[2026-02-25T10:22:04.432+0000] {processor.py:914} INFO - Processing file /home/ubuntu/airflow-venv/lib/python3.12/site-packages/airflow/example_dags/tutorial_taskflow_api_virtualenv.py for tasks to queue
[2026-02-25T10:22:04.434+0000] {logging_mixin.py:190} INFO - [2026-02-25T10:22:04.434+0000] {dagbag.py:588} INFO - Filling up the DagBag from /home/ubuntu/airflow-venv/lib/python3.12/site-packages/airflow/example_dags/tutorial_taskflow_api_virtualenv.py
[2026-02-25T10:22:04.435+0000] {logging_mixin.py:190} INFO - [2026-02-25T10:22:04.435+0000] {tutorial_taskflow_api_virtualenv.py:29} WARNING - The tutorial_taskflow_api_virtualenv example DAG requires virtualenv, please install it.
[2026-02-25T10:22:04.436+0000] {processor.py:927} WARNING - No viable dags retrieved from /home/ubuntu/airflow-venv/lib/python3.12/site-packages/airflow/example_dags/tutorial_taskflow_api_virtualenv.py
[2026-02-25T10:22:04.442+0000] {processor.py:208} INFO - Processing /home/ubuntu/airflow-venv/lib/python3.12/site-packages/airflow/example_dags/tutorial_taskflow_api_virtualenv.py took 0.014 seconds
[2026-02-25T10:22:55.145+0000] {processor.py:186} INFO - Started process (PID=3862) to work on /home/ubuntu/airflow-venv/lib/python3.12/site-packages/airflow/example_dags/tutorial_taskflow_api_virtualenv.py
[2026-02-25T10:22:55.146+0000] {processor.py:914} INFO - Processing file /home/ubuntu/airflow-venv/lib/python3.12/site-packages/airflow/example_dags/tutorial_taskflow_api_virtualenv.py for tasks to queue
[2026-02-25T10:22:55.148+0000] {logging_mixin.py:190} INFO - [2026-02-25T10:22:55.147+0000] {dagbag.py:588} INFO - Filling up the DagBag from /home/ubuntu/airflow-venv/lib/python3.12/site-packages/airflow/example_dags/tutorial_taskflow_api_virtualenv.py
[2026-02-25T10:22:55.149+0000] {logging_mixin.py:190} INFO - [2026-02-25T10:22:55.149+0000] {tutorial_taskflow_api_virtualenv.py:29} WARNING - The tutorial_taskflow_api_virtualenv example DAG requires virtualenv, please install it.
[2026-02-25T10:22:55.149+0000] {processor.py:927} WARNING - No viable dags retrieved from /home/ubuntu/airflow-venv/lib/python3.12/site-packages/airflow/example_dags/tutorial_taskflow_api_virtualenv.py
[2026-02-25T10:22:55.156+0000] {processor.py:208} INFO - Processing /home/ubuntu/airflow-venv/lib/python3.12/site-packages/airflow/example_dags/tutorial_taskflow_api_virtualenv.py took 0.014 seconds
[2026-02-25T10:23:47.098+0000] {processor.py:186} INFO - Started process (PID=3917) to work on /home/ubuntu/airflow-venv/lib/python3.12/site-packages/airflow/example_dags/tutorial_taskflow_api_virtualenv.py
[2026-02-25T10:23:47.099+0000] {processor.py:914} INFO - Processing file /home/ubuntu/airflow-venv/lib/python3.12/site-packages/airflow/example_dags/tutorial_taskflow_api_virtualenv.py for tasks to queue
[2026-02-25T10:23:47.100+0000] {logging_mixin.py:190} INFO - [2026-02-25T10:23:47.100+0000] {dagbag.py:588} INFO - Filling up the DagBag from /home/ubuntu/airflow-venv/lib/python3.12/site-packages/airflow/example_dags/tutorial_taskflow_api_virtualenv.py
[2026-02-25T10:23:47.102+0000] {logging_mixin.py:190} INFO - [2026-02-25T10:23:47.102+0000] {tutorial_taskflow_api_virtualenv.py:29} WARNING - The tutorial_taskflow_api_virtualenv example DAG requires virtualenv, please install it.
[2026-02-25T10:23:47.102+0000] {processor.py:927} WARNING - No viable dags retrieved from /home/ubuntu/airflow-venv/lib/python3.12/site-packages/airflow/example_dags/tutorial_taskflow_api_virtualenv.py
[2026-02-25T10:23:47.109+0000] {processor.py:208} INFO - Processing /home/ubuntu/airflow-venv/lib/python3.12/site-packages/airflow/example_dags/tutorial_taskflow_api_virtualenv.py took 0.014 seconds
[2026-02-25T10:24:39.553+0000] {processor.py:186} INFO - Started process (PID=3970) to work on /home/ubuntu/airflow-venv/lib/python3.12/site-packages/airflow/example_dags/tutorial_taskflow_api_virtualenv.py
[2026-02-25T10:24:39.555+0000] {processor.py:914} INFO - Processing file /home/ubuntu/airflow-venv/lib/python3.12/site-packages/airflow/example_dags/tutorial_taskflow_api_virtualenv.py for tasks to queue
[2026-02-25T10:24:39.556+0000] {logging_mixin.py:190} INFO - [2026-02-25T10:24:39.556+0000] {dagbag.py:588} INFO - Filling up the DagBag from /home/ubuntu/airflow-venv/lib/python3.12/site-packages/airflow/example_dags/tutorial_taskflow_api_virtualenv.py
[2026-02-25T10:24:39.557+0000] {logging_mixin.py:190} INFO - [2026-02-25T10:24:39.557+0000] {tutorial_taskflow_api_virtualenv.py:29} WARNING - The tutorial_taskflow_api_virtualenv example DAG requires virtualenv, please install it.
[2026-02-25T10:24:39.558+0000] {processor.py:927} WARNING - No viable dags retrieved from /home/ubuntu/airflow-venv/lib/python3.12/site-packages/airflow/example_dags/tutorial_taskflow_api_virtualenv.py
[2026-02-25T10:24:39.564+0000] {processor.py:208} INFO - Processing /home/ubuntu/airflow-venv/lib/python3.12/site-packages/airflow/example_dags/tutorial_taskflow_api_virtualenv.py took 0.014 seconds
[2026-02-25T10:25:29.754+0000] {processor.py:186} INFO - Started process (PID=4028) to work on /home/ubuntu/airflow-venv/lib/python3.12/site-packages/airflow/example_dags/tutorial_taskflow_api_virtualenv.py
[2026-02-25T10:25:29.755+0000] {processor.py:914} INFO - Processing file /home/ubuntu/airflow-venv/lib/python3.12/site-packages/airflow/example_dags/tutorial_taskflow_api_virtualenv.py for tasks to queue
[2026-02-25T10:25:29.756+0000] {logging_mixin.py:190} INFO - [2026-02-25T10:25:29.756+0000] {dagbag.py:588} INFO - Filling up the DagBag from /home/ubuntu/airflow-venv/lib/python3.12/site-packages/airflow/example_dags/tutorial_taskflow_api_virtualenv.py
[2026-02-25T10:25:29.758+0000] {logging_mixin.py:190} INFO - [2026-02-25T10:25:29.758+0000] {tutorial_taskflow_api_virtualenv.py:29} WARNING - The tutorial_taskflow_api_virtualenv example DAG requires virtualenv, please install it.
[2026-02-25T10:25:29.758+0000] {processor.py:927} WARNING - No viable dags retrieved from /home/ubuntu/airflow-venv/lib/python3.12/site-packages/airflow/example_dags/tutorial_taskflow_api_virtualenv.py
[2026-02-25T10:25:29.765+0000] {processor.py:208} INFO - Processing /home/ubuntu/airflow-venv/lib/python3.12/site-packages/airflow/example_dags/tutorial_taskflow_api_virtualenv.py took 0.014 seconds
[2026-02-25T10:26:20.974+0000] {processor.py:186} INFO - Started process (PID=4082) to work on /home/ubuntu/airflow-venv/lib/python3.12/site-packages/airflow/example_dags/tutorial_taskflow_api_virtualenv.py
[2026-02-25T10:26:20.975+0000] {processor.py:914} INFO - Processing file /home/ubuntu/airflow-venv/lib/python3.12/site-packages/airflow/example_dags/tutorial_taskflow_api_virtualenv.py for tasks to queue
[2026-02-25T10:26:20.976+0000] {logging_mixin.py:190} INFO - [2026-02-25T10:26:20.976+0000] {dagbag.py:588} INFO - Filling up the DagBag from /home/ubuntu/airflow-venv/lib/python3.12/site-packages/airflow/example_dags/tutorial_taskflow_api_virtualenv.py
[2026-02-25T10:26:20.978+0000] {logging_mixin.py:190} INFO - [2026-02-25T10:26:20.978+0000] {tutorial_taskflow_api_virtualenv.py:29} WARNING - The tutorial_taskflow_api_virtualenv example DAG requires virtualenv, please install it.
[2026-02-25T10:26:20.978+0000] {processor.py:927} WARNING - No viable dags retrieved from /home/ubuntu/airflow-venv/lib/python3.12/site-packages/airflow/example_dags/tutorial_taskflow_api_virtualenv.py
[2026-02-25T10:26:20.984+0000] {processor.py:208} INFO - Processing /home/ubuntu/airflow-venv/lib/python3.12/site-packages/airflow/example_dags/tutorial_taskflow_api_virtualenv.py took 0.014 seconds
[2026-02-25T10:27:12.439+0000] {processor.py:186} INFO - Started process (PID=4147) to work on /home/ubuntu/airflow-venv/lib/python3.12/site-packages/airflow/example_dags/tutorial_taskflow_api_virtualenv.py
[2026-02-25T10:27:12.440+0000] {processor.py:914} INFO - Processing file /home/ubuntu/airflow-venv/lib/python3.12/site-packages/airflow/example_dags/tutorial_taskflow_api_virtualenv.py for tasks to queue
[2026-02-25T10:27:12.441+0000] {logging_mixin.py:190} INFO - [2026-02-25T10:27:12.441+0000] {dagbag.py:588} INFO - Filling up the DagBag from /home/ubuntu/airflow-venv/lib/python3.12/site-packages/airflow/example_dags/tutorial_taskflow_api_virtualenv.py
[2026-02-25T10:27:12.442+0000] {logging_mixin.py:190} INFO - [2026-02-25T10:27:12.442+0000] {tutorial_taskflow_api_virtualenv.py:29} WARNING - The tutorial_taskflow_api_virtualenv example DAG requires virtualenv, please install it.
[2026-02-25T10:27:12.443+0000] {processor.py:927} WARNING - No viable dags retrieved from /home/ubuntu/airflow-venv/lib/python3.12/site-packages/airflow/example_dags/tutorial_taskflow_api_virtualenv.py
[2026-02-25T10:27:12.449+0000] {processor.py:208} INFO - Processing /home/ubuntu/airflow-venv/lib/python3.12/site-packages/airflow/example_dags/tutorial_taskflow_api_virtualenv.py took 0.014 seconds
[2026-02-25T10:28:03.551+0000] {processor.py:186} INFO - Started process (PID=4200) to work on /home/ubuntu/airflow-venv/lib/python3.12/site-packages/airflow/example_dags/tutorial_taskflow_api_virtualenv.py
[2026-02-25T10:28:03.552+0000] {processor.py:914} INFO - Processing file /home/ubuntu/airflow-venv/lib/python3.12/site-packages/airflow/example_dags/tutorial_taskflow_api_virtualenv.py for tasks to queue
[2026-02-25T10:28:03.553+0000] {logging_mixin.py:190} INFO - [2026-02-25T10:28:03.553+0000] {dagbag.py:588} INFO - Filling up the DagBag from /home/ubuntu/airflow-venv/lib/python3.12/site-packages/airflow/example_dags/tutorial_taskflow_api_virtualenv.py
[2026-02-25T10:28:03.555+0000] {logging_mixin.py:190} INFO - [2026-02-25T10:28:03.555+0000] {tutorial_taskflow_api_virtualenv.py:29} WARNING - The tutorial_taskflow_api_virtualenv example DAG requires virtualenv, please install it.
[2026-02-25T10:28:03.555+0000] {processor.py:927} WARNING - No viable dags retrieved from /home/ubuntu/airflow-venv/lib/python3.12/site-packages/airflow/example_dags/tutorial_taskflow_api_virtualenv.py
[2026-02-25T10:28:03.561+0000] {processor.py:208} INFO - Processing /home/ubuntu/airflow-venv/lib/python3.12/site-packages/airflow/example_dags/tutorial_taskflow_api_virtualenv.py took 0.014 seconds
[2026-02-25T10:28:52.208+0000] {processor.py:186} INFO - Started process (PID=4257) to work on /home/ubuntu/airflow-venv/lib/python3.12/site-packages/airflow/example_dags/tutorial_taskflow_api_virtualenv.py
[2026-02-25T10:28:52.209+0000] {processor.py:914} INFO - Processing file /home/ubuntu/airflow-venv/lib/python3.12/site-packages/airflow/example_dags/tutorial_taskflow_api_virtualenv.py for tasks to queue
[2026-02-25T10:28:52.210+0000] {logging_mixin.py:190} INFO - [2026-02-25T10:28:52.210+0000] {dagbag.py:588} INFO - Filling up the DagBag from /home/ubuntu/airflow-venv/lib/python3.12/site-packages/airflow/example_dags/tutorial_taskflow_api_virtualenv.py
[2026-02-25T10:28:52.212+0000] {logging_mixin.py:190} INFO - [2026-02-25T10:28:52.212+0000] {tutorial_taskflow_api_virtualenv.py:29} WARNING - The tutorial_taskflow_api_virtualenv example DAG requires virtualenv, please install it.
[2026-02-25T10:28:52.212+0000] {processor.py:927} WARNING - No viable dags retrieved from /home/ubuntu/airflow-venv/lib/python3.12/site-packages/airflow/example_dags/tutorial_taskflow_api_virtualenv.py
[2026-02-25T10:28:52.219+0000] {processor.py:208} INFO - Processing /home/ubuntu/airflow-venv/lib/python3.12/site-packages/airflow/example_dags/tutorial_taskflow_api_virtualenv.py took 0.015 seconds
[2026-02-25T10:29:42.326+0000] {processor.py:186} INFO - Started process (PID=4311) to work on /home/ubuntu/airflow-venv/lib/python3.12/site-packages/airflow/example_dags/tutorial_taskflow_api_virtualenv.py
[2026-02-25T10:29:42.328+0000] {processor.py:914} INFO - Processing file /home/ubuntu/airflow-venv/lib/python3.12/site-packages/airflow/example_dags/tutorial_taskflow_api_virtualenv.py for tasks to queue
[2026-02-25T10:29:42.329+0000] {logging_mixin.py:190} INFO - [2026-02-25T10:29:42.329+0000] {dagbag.py:588} INFO - Filling up the DagBag from /home/ubuntu/airflow-venv/lib/python3.12/site-packages/airflow/example_dags/tutorial_taskflow_api_virtualenv.py
[2026-02-25T10:29:42.331+0000] {logging_mixin.py:190} INFO - [2026-02-25T10:29:42.330+0000] {tutorial_taskflow_api_virtualenv.py:29} WARNING - The tutorial_taskflow_api_virtualenv example DAG requires virtualenv, please install it.
[2026-02-25T10:29:42.331+0000] {processor.py:927} WARNING - No viable dags retrieved from /home/ubuntu/airflow-venv/lib/python3.12/site-packages/airflow/example_dags/tutorial_taskflow_api_virtualenv.py
[2026-02-25T10:29:42.337+0000] {processor.py:208} INFO - Processing /home/ubuntu/airflow-venv/lib/python3.12/site-packages/airflow/example_dags/tutorial_taskflow_api_virtualenv.py took 0.014 seconds
[2026-02-25T10:30:29.983+0000] {processor.py:186} INFO - Started process (PID=4364) to work on /home/ubuntu/airflow-venv/lib/python3.12/site-packages/airflow/example_dags/tutorial_taskflow_api_virtualenv.py
[2026-02-25T10:30:29.984+0000] {processor.py:914} INFO - Processing file /home/ubuntu/airflow-venv/lib/python3.12/site-packages/airflow/example_dags/tutorial_taskflow_api_virtualenv.py for tasks to queue
[2026-02-25T10:30:29.985+0000] {logging_mixin.py:190} INFO - [2026-02-25T10:30:29.985+0000] {dagbag.py:588} INFO - Filling up the DagBag from /home/ubuntu/airflow-venv/lib/python3.12/site-packages/airflow/example_dags/tutorial_taskflow_api_virtualenv.py
[2026-02-25T10:30:29.986+0000] {logging_mixin.py:190} INFO - [2026-02-25T10:30:29.986+0000] {tutorial_taskflow_api_virtualenv.py:29} WARNING - The tutorial_taskflow_api_virtualenv example DAG requires virtualenv, please install it.
[2026-02-25T10:30:29.987+0000] {processor.py:927} WARNING - No viable dags retrieved from /home/ubuntu/airflow-venv/lib/python3.12/site-packages/airflow/example_dags/tutorial_taskflow_api_virtualenv.py
[2026-02-25T10:30:29.993+0000] {processor.py:208} INFO - Processing /home/ubuntu/airflow-venv/lib/python3.12/site-packages/airflow/example_dags/tutorial_taskflow_api_virtualenv.py took 0.014 seconds
[2026-02-25T10:31:18.750+0000] {processor.py:186} INFO - Started process (PID=4416) to work on /home/ubuntu/airflow-venv/lib/python3.12/site-packages/airflow/example_dags/tutorial_taskflow_api_virtualenv.py
[2026-02-25T10:31:18.751+0000] {processor.py:914} INFO - Processing file /home/ubuntu/airflow-venv/lib/python3.12/site-packages/airflow/example_dags/tutorial_taskflow_api_virtualenv.py for tasks to queue
[2026-02-25T10:31:18.753+0000] {logging_mixin.py:190} INFO - [2026-02-25T10:31:18.752+0000] {dagbag.py:588} INFO - Filling up the DagBag from /home/ubuntu/airflow-venv/lib/python3.12/site-packages/airflow/example_dags/tutorial_taskflow_api_virtualenv.py
[2026-02-25T10:31:18.754+0000] {logging_mixin.py:190} INFO - [2026-02-25T10:31:18.754+0000] {tutorial_taskflow_api_virtualenv.py:29} WARNING - The tutorial_taskflow_api_virtualenv example DAG requires virtualenv, please install it.
[2026-02-25T10:31:18.754+0000] {processor.py:927} WARNING - No viable dags retrieved from /home/ubuntu/airflow-venv/lib/python3.12/site-packages/airflow/example_dags/tutorial_taskflow_api_virtualenv.py
[2026-02-25T10:31:18.761+0000] {processor.py:208} INFO - Processing /home/ubuntu/airflow-venv/lib/python3.12/site-packages/airflow/example_dags/tutorial_taskflow_api_virtualenv.py took 0.014 seconds
[2026-02-25T10:32:08.808+0000] {processor.py:186} INFO - Started process (PID=4467) to work on /home/ubuntu/airflow-venv/lib/python3.12/site-packages/airflow/example_dags/tutorial_taskflow_api_virtualenv.py
[2026-02-25T10:32:08.810+0000] {processor.py:914} INFO - Processing file /home/ubuntu/airflow-venv/lib/python3.12/site-packages/airflow/example_dags/tutorial_taskflow_api_virtualenv.py for tasks to queue
[2026-02-25T10:32:08.811+0000] {logging_mixin.py:190} INFO - [2026-02-25T10:32:08.811+0000] {dagbag.py:588} INFO - Filling up the DagBag from /home/ubuntu/airflow-venv/lib/python3.12/site-packages/airflow/example_dags/tutorial_taskflow_api_virtualenv.py
[2026-02-25T10:32:08.813+0000] {logging_mixin.py:190} INFO - [2026-02-25T10:32:08.812+0000] {tutorial_taskflow_api_virtualenv.py:29} WARNING - The tutorial_taskflow_api_virtualenv example DAG requires virtualenv, please install it.
[2026-02-25T10:32:08.813+0000] {processor.py:927} WARNING - No viable dags retrieved from /home/ubuntu/airflow-venv/lib/python3.12/site-packages/airflow/example_dags/tutorial_taskflow_api_virtualenv.py
[2026-02-25T10:32:08.819+0000] {processor.py:208} INFO - Processing /home/ubuntu/airflow-venv/lib/python3.12/site-packages/airflow/example_dags/tutorial_taskflow_api_virtualenv.py took 0.014 seconds
[2026-02-25T10:32:59.857+0000] {processor.py:186} INFO - Started process (PID=4520) to work on /home/ubuntu/airflow-venv/lib/python3.12/site-packages/airflow/example_dags/tutorial_taskflow_api_virtualenv.py
[2026-02-25T10:32:59.858+0000] {processor.py:914} INFO - Processing file /home/ubuntu/airflow-venv/lib/python3.12/site-packages/airflow/example_dags/tutorial_taskflow_api_virtualenv.py for tasks to queue
[2026-02-25T10:32:59.860+0000] {logging_mixin.py:190} INFO - [2026-02-25T10:32:59.859+0000] {dagbag.py:588} INFO - Filling up the DagBag from /home/ubuntu/airflow-venv/lib/python3.12/site-packages/airflow/example_dags/tutorial_taskflow_api_virtualenv.py
[2026-02-25T10:32:59.861+0000] {logging_mixin.py:190} INFO - [2026-02-25T10:32:59.861+0000] {tutorial_taskflow_api_virtualenv.py:29} WARNING - The tutorial_taskflow_api_virtualenv example DAG requires virtualenv, please install it.
[2026-02-25T10:32:59.861+0000] {processor.py:927} WARNING - No viable dags retrieved from /home/ubuntu/airflow-venv/lib/python3.12/site-packages/airflow/example_dags/tutorial_taskflow_api_virtualenv.py
[2026-02-25T10:32:59.868+0000] {processor.py:208} INFO - Processing /home/ubuntu/airflow-venv/lib/python3.12/site-packages/airflow/example_dags/tutorial_taskflow_api_virtualenv.py took 0.014 seconds
[2026-02-25T10:46:21.953+0000] {processor.py:186} INFO - Started process (PID=5778) to work on /home/ubuntu/airflow-venv/lib/python3.12/site-packages/airflow/example_dags/tutorial_taskflow_api_virtualenv.py
[2026-02-25T10:46:21.954+0000] {processor.py:914} INFO - Processing file /home/ubuntu/airflow-venv/lib/python3.12/site-packages/airflow/example_dags/tutorial_taskflow_api_virtualenv.py for tasks to queue
[2026-02-25T10:46:21.955+0000] {logging_mixin.py:190} INFO - [2026-02-25T10:46:21.955+0000] {dagbag.py:588} INFO - Filling up the DagBag from /home/ubuntu/airflow-venv/lib/python3.12/site-packages/airflow/example_dags/tutorial_taskflow_api_virtualenv.py
[2026-02-25T10:46:21.957+0000] {logging_mixin.py:190} INFO - [2026-02-25T10:46:21.956+0000] {tutorial_taskflow_api_virtualenv.py:29} WARNING - The tutorial_taskflow_api_virtualenv example DAG requires virtualenv, please install it.
[2026-02-25T10:46:21.957+0000] {processor.py:927} WARNING - No viable dags retrieved from /home/ubuntu/airflow-venv/lib/python3.12/site-packages/airflow/example_dags/tutorial_taskflow_api_virtualenv.py
[2026-02-25T10:46:21.963+0000] {processor.py:208} INFO - Processing /home/ubuntu/airflow-venv/lib/python3.12/site-packages/airflow/example_dags/tutorial_taskflow_api_virtualenv.py took 0.014 seconds
[2026-02-25T10:47:16.109+0000] {processor.py:186} INFO - Started process (PID=5850) to work on /home/ubuntu/airflow-venv/lib/python3.12/site-packages/airflow/example_dags/tutorial_taskflow_api_virtualenv.py
[2026-02-25T10:47:16.110+0000] {processor.py:914} INFO - Processing file /home/ubuntu/airflow-venv/lib/python3.12/site-packages/airflow/example_dags/tutorial_taskflow_api_virtualenv.py for tasks to queue
[2026-02-25T10:47:16.111+0000] {logging_mixin.py:190} INFO - [2026-02-25T10:47:16.111+0000] {dagbag.py:588} INFO - Filling up the DagBag from /home/ubuntu/airflow-venv/lib/python3.12/site-packages/airflow/example_dags/tutorial_taskflow_api_virtualenv.py
[2026-02-25T10:47:16.113+0000] {logging_mixin.py:190} INFO - [2026-02-25T10:47:16.113+0000] {tutorial_taskflow_api_virtualenv.py:29} WARNING - The tutorial_taskflow_api_virtualenv example DAG requires virtualenv, please install it.
[2026-02-25T10:47:16.113+0000] {processor.py:927} WARNING - No viable dags retrieved from /home/ubuntu/airflow-venv/lib/python3.12/site-packages/airflow/example_dags/tutorial_taskflow_api_virtualenv.py
[2026-02-25T10:47:16.120+0000] {processor.py:208} INFO - Processing /home/ubuntu/airflow-venv/lib/python3.12/site-packages/airflow/example_dags/tutorial_taskflow_api_virtualenv.py took 0.014 seconds
[2026-02-25T10:48:06.349+0000] {processor.py:186} INFO - Started process (PID=6268) to work on /home/ubuntu/airflow-venv/lib/python3.12/site-packages/airflow/example_dags/tutorial_taskflow_api_virtualenv.py
[2026-02-25T10:48:06.350+0000] {processor.py:914} INFO - Processing file /home/ubuntu/airflow-venv/lib/python3.12/site-packages/airflow/example_dags/tutorial_taskflow_api_virtualenv.py for tasks to queue
[2026-02-25T10:48:06.352+0000] {logging_mixin.py:190} INFO - [2026-02-25T10:48:06.351+0000] {dagbag.py:588} INFO - Filling up the DagBag from /home/ubuntu/airflow-venv/lib/python3.12/site-packages/airflow/example_dags/tutorial_taskflow_api_virtualenv.py
[2026-02-25T10:48:06.353+0000] {logging_mixin.py:190} INFO - [2026-02-25T10:48:06.353+0000] {tutorial_taskflow_api_virtualenv.py:29} WARNING - The tutorial_taskflow_api_virtualenv example DAG requires virtualenv, please install it.
[2026-02-25T10:48:06.353+0000] {processor.py:927} WARNING - No viable dags retrieved from /home/ubuntu/airflow-venv/lib/python3.12/site-packages/airflow/example_dags/tutorial_taskflow_api_virtualenv.py
[2026-02-25T10:48:06.360+0000] {processor.py:208} INFO - Processing /home/ubuntu/airflow-venv/lib/python3.12/site-packages/airflow/example_dags/tutorial_taskflow_api_virtualenv.py took 0.014 seconds
[2026-02-25T10:48:56.009+0000] {processor.py:186} INFO - Started process (PID=6323) to work on /home/ubuntu/airflow-venv/lib/python3.12/site-packages/airflow/example_dags/tutorial_taskflow_api_virtualenv.py
[2026-02-25T10:48:56.010+0000] {processor.py:914} INFO - Processing file /home/ubuntu/airflow-venv/lib/python3.12/site-packages/airflow/example_dags/tutorial_taskflow_api_virtualenv.py for tasks to queue
[2026-02-25T10:48:56.012+0000] {logging_mixin.py:190} INFO - [2026-02-25T10:48:56.011+0000] {dagbag.py:588} INFO - Filling up the DagBag from /home/ubuntu/airflow-venv/lib/python3.12/site-packages/airflow/example_dags/tutorial_taskflow_api_virtualenv.py
[2026-02-25T10:48:56.013+0000] {logging_mixin.py:190} INFO - [2026-02-25T10:48:56.013+0000] {tutorial_taskflow_api_virtualenv.py:29} WARNING - The tutorial_taskflow_api_virtualenv example DAG requires virtualenv, please install it.
[2026-02-25T10:48:56.013+0000] {processor.py:927} WARNING - No viable dags retrieved from /home/ubuntu/airflow-venv/lib/python3.12/site-packages/airflow/example_dags/tutorial_taskflow_api_virtualenv.py
[2026-02-25T10:48:56.020+0000] {processor.py:208} INFO - Processing /home/ubuntu/airflow-venv/lib/python3.12/site-packages/airflow/example_dags/tutorial_taskflow_api_virtualenv.py took 0.014 seconds
[2026-02-25T10:49:47.330+0000] {processor.py:186} INFO - Started process (PID=6382) to work on /home/ubuntu/airflow-venv/lib/python3.12/site-packages/airflow/example_dags/tutorial_taskflow_api_virtualenv.py
[2026-02-25T10:49:47.331+0000] {processor.py:914} INFO - Processing file /home/ubuntu/airflow-venv/lib/python3.12/site-packages/airflow/example_dags/tutorial_taskflow_api_virtualenv.py for tasks to queue
[2026-02-25T10:49:47.332+0000] {logging_mixin.py:190} INFO - [2026-02-25T10:49:47.332+0000] {dagbag.py:588} INFO - Filling up the DagBag from /home/ubuntu/airflow-venv/lib/python3.12/site-packages/airflow/example_dags/tutorial_taskflow_api_virtualenv.py
[2026-02-25T10:49:47.334+0000] {logging_mixin.py:190} INFO - [2026-02-25T10:49:47.334+0000] {tutorial_taskflow_api_virtualenv.py:29} WARNING - The tutorial_taskflow_api_virtualenv example DAG requires virtualenv, please install it.
[2026-02-25T10:49:47.334+0000] {processor.py:927} WARNING - No viable dags retrieved from /home/ubuntu/airflow-venv/lib/python3.12/site-packages/airflow/example_dags/tutorial_taskflow_api_virtualenv.py
[2026-02-25T10:49:47.341+0000] {processor.py:208} INFO - Processing /home/ubuntu/airflow-venv/lib/python3.12/site-packages/airflow/example_dags/tutorial_taskflow_api_virtualenv.py took 0.015 seconds
[2026-02-25T10:50:34.120+0000] {processor.py:186} INFO - Started process (PID=6435) to work on /home/ubuntu/airflow-venv/lib/python3.12/site-packages/airflow/example_dags/tutorial_taskflow_api_virtualenv.py
[2026-02-25T10:50:34.121+0000] {processor.py:914} INFO - Processing file /home/ubuntu/airflow-venv/lib/python3.12/site-packages/airflow/example_dags/tutorial_taskflow_api_virtualenv.py for tasks to queue
[2026-02-25T10:50:34.122+0000] {logging_mixin.py:190} INFO - [2026-02-25T10:50:34.122+0000] {dagbag.py:588} INFO - Filling up the DagBag from /home/ubuntu/airflow-venv/lib/python3.12/site-packages/airflow/example_dags/tutorial_taskflow_api_virtualenv.py
[2026-02-25T10:50:34.123+0000] {logging_mixin.py:190} INFO - [2026-02-25T10:50:34.123+0000] {tutorial_taskflow_api_virtualenv.py:29} WARNING - The tutorial_taskflow_api_virtualenv example DAG requires virtualenv, please install it.
[2026-02-25T10:50:34.124+0000] {processor.py:927} WARNING - No viable dags retrieved from /home/ubuntu/airflow-venv/lib/python3.12/site-packages/airflow/example_dags/tutorial_taskflow_api_virtualenv.py
[2026-02-25T10:50:34.130+0000] {processor.py:208} INFO - Processing /home/ubuntu/airflow-venv/lib/python3.12/site-packages/airflow/example_dags/tutorial_taskflow_api_virtualenv.py took 0.013 seconds
[2026-02-25T10:51:21.885+0000] {processor.py:186} INFO - Started process (PID=6492) to work on /home/ubuntu/airflow-venv/lib/python3.12/site-packages/airflow/example_dags/tutorial_taskflow_api_virtualenv.py
[2026-02-25T10:51:21.886+0000] {processor.py:914} INFO - Processing file /home/ubuntu/airflow-venv/lib/python3.12/site-packages/airflow/example_dags/tutorial_taskflow_api_virtualenv.py for tasks to queue
[2026-02-25T10:51:21.887+0000] {logging_mixin.py:190} INFO - [2026-02-25T10:51:21.887+0000] {dagbag.py:588} INFO - Filling up the DagBag from /home/ubuntu/airflow-venv/lib/python3.12/site-packages/airflow/example_dags/tutorial_taskflow_api_virtualenv.py
[2026-02-25T10:51:21.889+0000] {logging_mixin.py:190} INFO - [2026-02-25T10:51:21.889+0000] {tutorial_taskflow_api_virtualenv.py:29} WARNING - The tutorial_taskflow_api_virtualenv example DAG requires virtualenv, please install it.
[2026-02-25T10:51:21.889+0000] {processor.py:927} WARNING - No viable dags retrieved from /home/ubuntu/airflow-venv/lib/python3.12/site-packages/airflow/example_dags/tutorial_taskflow_api_virtualenv.py
[2026-02-25T10:51:21.895+0000] {processor.py:208} INFO - Processing /home/ubuntu/airflow-venv/lib/python3.12/site-packages/airflow/example_dags/tutorial_taskflow_api_virtualenv.py took 0.014 seconds
[2026-02-25T10:52:15.672+0000] {processor.py:186} INFO - Started process (PID=6561) to work on /home/ubuntu/airflow-venv/lib/python3.12/site-packages/airflow/example_dags/tutorial_taskflow_api_virtualenv.py
[2026-02-25T10:52:15.673+0000] {processor.py:914} INFO - Processing file /home/ubuntu/airflow-venv/lib/python3.12/site-packages/airflow/example_dags/tutorial_taskflow_api_virtualenv.py for tasks to queue
[2026-02-25T10:52:15.674+0000] {logging_mixin.py:190} INFO - [2026-02-25T10:52:15.674+0000] {dagbag.py:588} INFO - Filling up the DagBag from /home/ubuntu/airflow-venv/lib/python3.12/site-packages/airflow/example_dags/tutorial_taskflow_api_virtualenv.py
[2026-02-25T10:52:15.676+0000] {logging_mixin.py:190} INFO - [2026-02-25T10:52:15.676+0000] {tutorial_taskflow_api_virtualenv.py:29} WARNING - The tutorial_taskflow_api_virtualenv example DAG requires virtualenv, please install it.
[2026-02-25T10:52:15.676+0000] {processor.py:927} WARNING - No viable dags retrieved from /home/ubuntu/airflow-venv/lib/python3.12/site-packages/airflow/example_dags/tutorial_taskflow_api_virtualenv.py
[2026-02-25T10:52:15.683+0000] {processor.py:208} INFO - Processing /home/ubuntu/airflow-venv/lib/python3.12/site-packages/airflow/example_dags/tutorial_taskflow_api_virtualenv.py took 0.014 seconds
[2026-02-25T10:57:28.438+0000] {processor.py:186} INFO - Started process (PID=6977) to work on /home/ubuntu/airflow-venv/lib/python3.12/site-packages/airflow/example_dags/tutorial_taskflow_api_virtualenv.py
[2026-02-25T10:57:28.439+0000] {processor.py:914} INFO - Processing file /home/ubuntu/airflow-venv/lib/python3.12/site-packages/airflow/example_dags/tutorial_taskflow_api_virtualenv.py for tasks to queue
[2026-02-25T10:57:28.440+0000] {logging_mixin.py:190} INFO - [2026-02-25T10:57:28.440+0000] {dagbag.py:588} INFO - Filling up the DagBag from /home/ubuntu/airflow-venv/lib/python3.12/site-packages/airflow/example_dags/tutorial_taskflow_api_virtualenv.py
[2026-02-25T10:57:28.441+0000] {logging_mixin.py:190} INFO - [2026-02-25T10:57:28.441+0000] {tutorial_taskflow_api_virtualenv.py:29} WARNING - The tutorial_taskflow_api_virtualenv example DAG requires virtualenv, please install it.
[2026-02-25T10:57:28.442+0000] {processor.py:927} WARNING - No viable dags retrieved from /home/ubuntu/airflow-venv/lib/python3.12/site-packages/airflow/example_dags/tutorial_taskflow_api_virtualenv.py
[2026-02-25T10:57:28.448+0000] {processor.py:208} INFO - Processing /home/ubuntu/airflow-venv/lib/python3.12/site-packages/airflow/example_dags/tutorial_taskflow_api_virtualenv.py took 0.013 seconds
[2026-02-25T10:58:22.290+0000] {processor.py:186} INFO - Started process (PID=7405) to work on /home/ubuntu/airflow-venv/lib/python3.12/site-packages/airflow/example_dags/tutorial_taskflow_api_virtualenv.py
[2026-02-25T10:58:22.291+0000] {processor.py:914} INFO - Processing file /home/ubuntu/airflow-venv/lib/python3.12/site-packages/airflow/example_dags/tutorial_taskflow_api_virtualenv.py for tasks to queue
[2026-02-25T10:58:22.292+0000] {logging_mixin.py:190} INFO - [2026-02-25T10:58:22.292+0000] {dagbag.py:588} INFO - Filling up the DagBag from /home/ubuntu/airflow-venv/lib/python3.12/site-packages/airflow/example_dags/tutorial_taskflow_api_virtualenv.py
[2026-02-25T10:58:22.294+0000] {logging_mixin.py:190} INFO - [2026-02-25T10:58:22.293+0000] {tutorial_taskflow_api_virtualenv.py:29} WARNING - The tutorial_taskflow_api_virtualenv example DAG requires virtualenv, please install it.
[2026-02-25T10:58:22.294+0000] {processor.py:927} WARNING - No viable dags retrieved from /home/ubuntu/airflow-venv/lib/python3.12/site-packages/airflow/example_dags/tutorial_taskflow_api_virtualenv.py
[2026-02-25T10:58:22.300+0000] {processor.py:208} INFO - Processing /home/ubuntu/airflow-venv/lib/python3.12/site-packages/airflow/example_dags/tutorial_taskflow_api_virtualenv.py took 0.014 seconds
[2026-02-25T10:59:12.272+0000] {processor.py:186} INFO - Started process (PID=7463) to work on /home/ubuntu/airflow-venv/lib/python3.12/site-packages/airflow/example_dags/tutorial_taskflow_api_virtualenv.py
[2026-02-25T10:59:12.273+0000] {processor.py:914} INFO - Processing file /home/ubuntu/airflow-venv/lib/python3.12/site-packages/airflow/example_dags/tutorial_taskflow_api_virtualenv.py for tasks to queue
[2026-02-25T10:59:12.274+0000] {logging_mixin.py:190} INFO - [2026-02-25T10:59:12.274+0000] {dagbag.py:588} INFO - Filling up the DagBag from /home/ubuntu/airflow-venv/lib/python3.12/site-packages/airflow/example_dags/tutorial_taskflow_api_virtualenv.py
[2026-02-25T10:59:12.276+0000] {logging_mixin.py:190} INFO - [2026-02-25T10:59:12.276+0000] {tutorial_taskflow_api_virtualenv.py:29} WARNING - The tutorial_taskflow_api_virtualenv example DAG requires virtualenv, please install it.
[2026-02-25T10:59:12.276+0000] {processor.py:927} WARNING - No viable dags retrieved from /home/ubuntu/airflow-venv/lib/python3.12/site-packages/airflow/example_dags/tutorial_taskflow_api_virtualenv.py
[2026-02-25T10:59:12.283+0000] {processor.py:208} INFO - Processing /home/ubuntu/airflow-venv/lib/python3.12/site-packages/airflow/example_dags/tutorial_taskflow_api_virtualenv.py took 0.014 seconds
[2026-02-25T11:00:00.785+0000] {processor.py:186} INFO - Started process (PID=7871) to work on /home/ubuntu/airflow-venv/lib/python3.12/site-packages/airflow/example_dags/tutorial_taskflow_api_virtualenv.py
[2026-02-25T11:00:00.787+0000] {processor.py:914} INFO - Processing file /home/ubuntu/airflow-venv/lib/python3.12/site-packages/airflow/example_dags/tutorial_taskflow_api_virtualenv.py for tasks to queue
[2026-02-25T11:00:00.788+0000] {logging_mixin.py:190} INFO - [2026-02-25T11:00:00.788+0000] {dagbag.py:588} INFO - Filling up the DagBag from /home/ubuntu/airflow-venv/lib/python3.12/site-packages/airflow/example_dags/tutorial_taskflow_api_virtualenv.py
[2026-02-25T11:00:00.789+0000] {logging_mixin.py:190} INFO - [2026-02-25T11:00:00.789+0000] {tutorial_taskflow_api_virtualenv.py:29} WARNING - The tutorial_taskflow_api_virtualenv example DAG requires virtualenv, please install it.
[2026-02-25T11:00:00.789+0000] {processor.py:927} WARNING - No viable dags retrieved from /home/ubuntu/airflow-venv/lib/python3.12/site-packages/airflow/example_dags/tutorial_taskflow_api_virtualenv.py
[2026-02-25T11:00:00.796+0000] {processor.py:208} INFO - Processing /home/ubuntu/airflow-venv/lib/python3.12/site-packages/airflow/example_dags/tutorial_taskflow_api_virtualenv.py took 0.014 seconds
[2026-02-25T11:00:25.515+0000] {processor.py:186} INFO - Started process (PID=7929) to work on /home/ubuntu/airflow-venv/lib/python3.12/site-packages/airflow/example_dags/tutorial_taskflow_api_virtualenv.py
[2026-02-25T11:00:25.516+0000] {processor.py:914} INFO - Processing file /home/ubuntu/airflow-venv/lib/python3.12/site-packages/airflow/example_dags/tutorial_taskflow_api_virtualenv.py for tasks to queue
[2026-02-25T11:00:25.517+0000] {logging_mixin.py:190} INFO - [2026-02-25T11:00:25.517+0000] {dagbag.py:588} INFO - Filling up the DagBag from /home/ubuntu/airflow-venv/lib/python3.12/site-packages/airflow/example_dags/tutorial_taskflow_api_virtualenv.py
[2026-02-25T11:00:25.519+0000] {logging_mixin.py:190} INFO - [2026-02-25T11:00:25.519+0000] {tutorial_taskflow_api_virtualenv.py:29} WARNING - The tutorial_taskflow_api_virtualenv example DAG requires virtualenv, please install it.
[2026-02-25T11:00:25.519+0000] {processor.py:927} WARNING - No viable dags retrieved from /home/ubuntu/airflow-venv/lib/python3.12/site-packages/airflow/example_dags/tutorial_taskflow_api_virtualenv.py
[2026-02-25T11:00:25.526+0000] {processor.py:208} INFO - Processing /home/ubuntu/airflow-venv/lib/python3.12/site-packages/airflow/example_dags/tutorial_taskflow_api_virtualenv.py took 0.014 seconds
[2026-02-25T11:00:54.842+0000] {processor.py:186} INFO - Started process (PID=7992) to work on /home/ubuntu/airflow-venv/lib/python3.12/site-packages/airflow/example_dags/tutorial_taskflow_api_virtualenv.py
[2026-02-25T11:00:54.843+0000] {processor.py:914} INFO - Processing file /home/ubuntu/airflow-venv/lib/python3.12/site-packages/airflow/example_dags/tutorial_taskflow_api_virtualenv.py for tasks to queue
[2026-02-25T11:00:54.844+0000] {logging_mixin.py:190} INFO - [2026-02-25T11:00:54.844+0000] {dagbag.py:588} INFO - Filling up the DagBag from /home/ubuntu/airflow-venv/lib/python3.12/site-packages/airflow/example_dags/tutorial_taskflow_api_virtualenv.py
[2026-02-25T11:00:54.846+0000] {logging_mixin.py:190} INFO - [2026-02-25T11:00:54.846+0000] {tutorial_taskflow_api_virtualenv.py:29} WARNING - The tutorial_taskflow_api_virtualenv example DAG requires virtualenv, please install it.
[2026-02-25T11:00:54.846+0000] {processor.py:927} WARNING - No viable dags retrieved from /home/ubuntu/airflow-venv/lib/python3.12/site-packages/airflow/example_dags/tutorial_taskflow_api_virtualenv.py
[2026-02-25T11:00:54.853+0000] {processor.py:208} INFO - Processing /home/ubuntu/airflow-venv/lib/python3.12/site-packages/airflow/example_dags/tutorial_taskflow_api_virtualenv.py took 0.016 seconds
[2026-02-25T11:05:16.045+0000] {processor.py:186} INFO - Started process (PID=8046) to work on /home/ubuntu/airflow-venv/lib/python3.12/site-packages/airflow/example_dags/tutorial_taskflow_api_virtualenv.py
[2026-02-25T11:05:16.046+0000] {processor.py:914} INFO - Processing file /home/ubuntu/airflow-venv/lib/python3.12/site-packages/airflow/example_dags/tutorial_taskflow_api_virtualenv.py for tasks to queue
[2026-02-25T11:05:16.047+0000] {logging_mixin.py:190} INFO - [2026-02-25T11:05:16.047+0000] {dagbag.py:588} INFO - Filling up the DagBag from /home/ubuntu/airflow-venv/lib/python3.12/site-packages/airflow/example_dags/tutorial_taskflow_api_virtualenv.py
[2026-02-25T11:05:16.049+0000] {logging_mixin.py:190} INFO - [2026-02-25T11:05:16.049+0000] {tutorial_taskflow_api_virtualenv.py:29} WARNING - The tutorial_taskflow_api_virtualenv example DAG requires virtualenv, please install it.
[2026-02-25T11:05:16.049+0000] {processor.py:927} WARNING - No viable dags retrieved from /home/ubuntu/airflow-venv/lib/python3.12/site-packages/airflow/example_dags/tutorial_taskflow_api_virtualenv.py
[2026-02-25T11:05:16.056+0000] {processor.py:208} INFO - Processing /home/ubuntu/airflow-venv/lib/python3.12/site-packages/airflow/example_dags/tutorial_taskflow_api_virtualenv.py took 0.014 seconds
[2026-02-25T11:05:49.769+0000] {processor.py:186} INFO - Started process (PID=8096) to work on /home/ubuntu/airflow-venv/lib/python3.12/site-packages/airflow/example_dags/tutorial_taskflow_api_virtualenv.py
[2026-02-25T11:05:49.770+0000] {processor.py:914} INFO - Processing file /home/ubuntu/airflow-venv/lib/python3.12/site-packages/airflow/example_dags/tutorial_taskflow_api_virtualenv.py for tasks to queue
[2026-02-25T11:05:49.771+0000] {logging_mixin.py:190} INFO - [2026-02-25T11:05:49.771+0000] {dagbag.py:588} INFO - Filling up the DagBag from /home/ubuntu/airflow-venv/lib/python3.12/site-packages/airflow/example_dags/tutorial_taskflow_api_virtualenv.py
[2026-02-25T11:05:49.773+0000] {logging_mixin.py:190} INFO - [2026-02-25T11:05:49.772+0000] {tutorial_taskflow_api_virtualenv.py:29} WARNING - The tutorial_taskflow_api_virtualenv example DAG requires virtualenv, please install it.
[2026-02-25T11:05:49.773+0000] {processor.py:927} WARNING - No viable dags retrieved from /home/ubuntu/airflow-venv/lib/python3.12/site-packages/airflow/example_dags/tutorial_taskflow_api_virtualenv.py
[2026-02-25T11:05:49.779+0000] {processor.py:208} INFO - Processing /home/ubuntu/airflow-venv/lib/python3.12/site-packages/airflow/example_dags/tutorial_taskflow_api_virtualenv.py took 0.014 seconds
[2026-02-25T11:06:09.896+0000] {processor.py:186} INFO - Started process (PID=8140) to work on /home/ubuntu/airflow-venv/lib/python3.12/site-packages/airflow/example_dags/tutorial_taskflow_api_virtualenv.py
[2026-02-25T11:06:09.896+0000] {processor.py:914} INFO - Processing file /home/ubuntu/airflow-venv/lib/python3.12/site-packages/airflow/example_dags/tutorial_taskflow_api_virtualenv.py for tasks to queue
[2026-02-25T11:06:09.898+0000] {logging_mixin.py:190} INFO - [2026-02-25T11:06:09.897+0000] {dagbag.py:588} INFO - Filling up the DagBag from /home/ubuntu/airflow-venv/lib/python3.12/site-packages/airflow/example_dags/tutorial_taskflow_api_virtualenv.py
[2026-02-25T11:06:09.899+0000] {logging_mixin.py:190} INFO - [2026-02-25T11:06:09.899+0000] {tutorial_taskflow_api_virtualenv.py:29} WARNING - The tutorial_taskflow_api_virtualenv example DAG requires virtualenv, please install it.
[2026-02-25T11:06:09.900+0000] {processor.py:927} WARNING - No viable dags retrieved from /home/ubuntu/airflow-venv/lib/python3.12/site-packages/airflow/example_dags/tutorial_taskflow_api_virtualenv.py
[2026-02-25T11:06:09.906+0000] {processor.py:208} INFO - Processing /home/ubuntu/airflow-venv/lib/python3.12/site-packages/airflow/example_dags/tutorial_taskflow_api_virtualenv.py took 0.014 seconds
[2026-02-25T11:06:43.620+0000] {processor.py:186} INFO - Started process (PID=8211) to work on /home/ubuntu/airflow-venv/lib/python3.12/site-packages/airflow/example_dags/tutorial_taskflow_api_virtualenv.py
[2026-02-25T11:06:43.622+0000] {processor.py:914} INFO - Processing file /home/ubuntu/airflow-venv/lib/python3.12/site-packages/airflow/example_dags/tutorial_taskflow_api_virtualenv.py for tasks to queue
[2026-02-25T11:06:43.623+0000] {logging_mixin.py:190} INFO - [2026-02-25T11:06:43.623+0000] {dagbag.py:588} INFO - Filling up the DagBag from /home/ubuntu/airflow-venv/lib/python3.12/site-packages/airflow/example_dags/tutorial_taskflow_api_virtualenv.py
[2026-02-25T11:06:43.624+0000] {logging_mixin.py:190} INFO - [2026-02-25T11:06:43.624+0000] {tutorial_taskflow_api_virtualenv.py:29} WARNING - The tutorial_taskflow_api_virtualenv example DAG requires virtualenv, please install it.
[2026-02-25T11:06:43.625+0000] {processor.py:927} WARNING - No viable dags retrieved from /home/ubuntu/airflow-venv/lib/python3.12/site-packages/airflow/example_dags/tutorial_taskflow_api_virtualenv.py
[2026-02-25T11:06:43.631+0000] {processor.py:208} INFO - Processing /home/ubuntu/airflow-venv/lib/python3.12/site-packages/airflow/example_dags/tutorial_taskflow_api_virtualenv.py took 0.015 seconds
[2026-02-25T11:06:58.754+0000] {processor.py:186} INFO - Started process (PID=8242) to work on /home/ubuntu/airflow-venv/lib/python3.12/site-packages/airflow/example_dags/tutorial_taskflow_api_virtualenv.py
[2026-02-25T11:06:58.754+0000] {processor.py:914} INFO - Processing file /home/ubuntu/airflow-venv/lib/python3.12/site-packages/airflow/example_dags/tutorial_taskflow_api_virtualenv.py for tasks to queue
[2026-02-25T11:06:58.756+0000] {logging_mixin.py:190} INFO - [2026-02-25T11:06:58.755+0000] {dagbag.py:588} INFO - Filling up the DagBag from /home/ubuntu/airflow-venv/lib/python3.12/site-packages/airflow/example_dags/tutorial_taskflow_api_virtualenv.py
[2026-02-25T11:06:58.757+0000] {logging_mixin.py:190} INFO - [2026-02-25T11:06:58.757+0000] {tutorial_taskflow_api_virtualenv.py:29} WARNING - The tutorial_taskflow_api_virtualenv example DAG requires virtualenv, please install it.
[2026-02-25T11:06:58.757+0000] {processor.py:927} WARNING - No viable dags retrieved from /home/ubuntu/airflow-venv/lib/python3.12/site-packages/airflow/example_dags/tutorial_taskflow_api_virtualenv.py
[2026-02-25T11:06:58.764+0000] {processor.py:208} INFO - Processing /home/ubuntu/airflow-venv/lib/python3.12/site-packages/airflow/example_dags/tutorial_taskflow_api_virtualenv.py took 0.014 seconds
[2026-02-25T11:07:32.485+0000] {processor.py:186} INFO - Started process (PID=8315) to work on /home/ubuntu/airflow-venv/lib/python3.12/site-packages/airflow/example_dags/tutorial_taskflow_api_virtualenv.py
[2026-02-25T11:07:32.486+0000] {processor.py:914} INFO - Processing file /home/ubuntu/airflow-venv/lib/python3.12/site-packages/airflow/example_dags/tutorial_taskflow_api_virtualenv.py for tasks to queue
[2026-02-25T11:07:32.487+0000] {logging_mixin.py:190} INFO - [2026-02-25T11:07:32.487+0000] {dagbag.py:588} INFO - Filling up the DagBag from /home/ubuntu/airflow-venv/lib/python3.12/site-packages/airflow/example_dags/tutorial_taskflow_api_virtualenv.py
[2026-02-25T11:07:32.489+0000] {logging_mixin.py:190} INFO - [2026-02-25T11:07:32.489+0000] {tutorial_taskflow_api_virtualenv.py:29} WARNING - The tutorial_taskflow_api_virtualenv example DAG requires virtualenv, please install it.
[2026-02-25T11:07:32.489+0000] {processor.py:927} WARNING - No viable dags retrieved from /home/ubuntu/airflow-venv/lib/python3.12/site-packages/airflow/example_dags/tutorial_taskflow_api_virtualenv.py
[2026-02-25T11:07:32.496+0000] {processor.py:208} INFO - Processing /home/ubuntu/airflow-venv/lib/python3.12/site-packages/airflow/example_dags/tutorial_taskflow_api_virtualenv.py took 0.014 seconds
[2026-02-25T11:07:45.005+0000] {processor.py:186} INFO - Started process (PID=8342) to work on /home/ubuntu/airflow-venv/lib/python3.12/site-packages/airflow/example_dags/tutorial_taskflow_api_virtualenv.py
[2026-02-25T11:07:45.005+0000] {processor.py:914} INFO - Processing file /home/ubuntu/airflow-venv/lib/python3.12/site-packages/airflow/example_dags/tutorial_taskflow_api_virtualenv.py for tasks to queue
[2026-02-25T11:07:45.007+0000] {logging_mixin.py:190} INFO - [2026-02-25T11:07:45.006+0000] {dagbag.py:588} INFO - Filling up the DagBag from /home/ubuntu/airflow-venv/lib/python3.12/site-packages/airflow/example_dags/tutorial_taskflow_api_virtualenv.py
[2026-02-25T11:07:45.008+0000] {logging_mixin.py:190} INFO - [2026-02-25T11:07:45.008+0000] {tutorial_taskflow_api_virtualenv.py:29} WARNING - The tutorial_taskflow_api_virtualenv example DAG requires virtualenv, please install it.
[2026-02-25T11:07:45.008+0000] {processor.py:927} WARNING - No viable dags retrieved from /home/ubuntu/airflow-venv/lib/python3.12/site-packages/airflow/example_dags/tutorial_taskflow_api_virtualenv.py
[2026-02-25T11:07:45.015+0000] {processor.py:208} INFO - Processing /home/ubuntu/airflow-venv/lib/python3.12/site-packages/airflow/example_dags/tutorial_taskflow_api_virtualenv.py took 0.014 seconds
[2026-02-25T11:08:18.732+0000] {processor.py:186} INFO - Started process (PID=8426) to work on /home/ubuntu/airflow-venv/lib/python3.12/site-packages/airflow/example_dags/tutorial_taskflow_api_virtualenv.py
[2026-02-25T11:08:18.733+0000] {processor.py:914} INFO - Processing file /home/ubuntu/airflow-venv/lib/python3.12/site-packages/airflow/example_dags/tutorial_taskflow_api_virtualenv.py for tasks to queue
[2026-02-25T11:08:18.734+0000] {logging_mixin.py:190} INFO - [2026-02-25T11:08:18.734+0000] {dagbag.py:588} INFO - Filling up the DagBag from /home/ubuntu/airflow-venv/lib/python3.12/site-packages/airflow/example_dags/tutorial_taskflow_api_virtualenv.py
[2026-02-25T11:08:18.736+0000] {logging_mixin.py:190} INFO - [2026-02-25T11:08:18.736+0000] {tutorial_taskflow_api_virtualenv.py:29} WARNING - The tutorial_taskflow_api_virtualenv example DAG requires virtualenv, please install it.
[2026-02-25T11:08:18.736+0000] {processor.py:927} WARNING - No viable dags retrieved from /home/ubuntu/airflow-venv/lib/python3.12/site-packages/airflow/example_dags/tutorial_taskflow_api_virtualenv.py
[2026-02-25T11:08:18.744+0000] {processor.py:208} INFO - Processing /home/ubuntu/airflow-venv/lib/python3.12/site-packages/airflow/example_dags/tutorial_taskflow_api_virtualenv.py took 0.015 seconds
[2026-02-25T11:08:35.236+0000] {processor.py:186} INFO - Started process (PID=8467) to work on /home/ubuntu/airflow-venv/lib/python3.12/site-packages/airflow/example_dags/tutorial_taskflow_api_virtualenv.py
[2026-02-25T11:08:35.237+0000] {processor.py:914} INFO - Processing file /home/ubuntu/airflow-venv/lib/python3.12/site-packages/airflow/example_dags/tutorial_taskflow_api_virtualenv.py for tasks to queue
[2026-02-25T11:08:35.238+0000] {logging_mixin.py:190} INFO - [2026-02-25T11:08:35.238+0000] {dagbag.py:588} INFO - Filling up the DagBag from /home/ubuntu/airflow-venv/lib/python3.12/site-packages/airflow/example_dags/tutorial_taskflow_api_virtualenv.py
[2026-02-25T11:08:35.240+0000] {logging_mixin.py:190} INFO - [2026-02-25T11:08:35.240+0000] {tutorial_taskflow_api_virtualenv.py:29} WARNING - The tutorial_taskflow_api_virtualenv example DAG requires virtualenv, please install it.
[2026-02-25T11:08:35.241+0000] {processor.py:927} WARNING - No viable dags retrieved from /home/ubuntu/airflow-venv/lib/python3.12/site-packages/airflow/example_dags/tutorial_taskflow_api_virtualenv.py
[2026-02-25T11:08:35.250+0000] {processor.py:208} INFO - Processing /home/ubuntu/airflow-venv/lib/python3.12/site-packages/airflow/example_dags/tutorial_taskflow_api_virtualenv.py took 0.019 seconds
[2026-02-25T11:09:08.349+0000] {processor.py:186} INFO - Started process (PID=8536) to work on /home/ubuntu/airflow-venv/lib/python3.12/site-packages/airflow/example_dags/tutorial_taskflow_api_virtualenv.py
[2026-02-25T11:09:08.351+0000] {processor.py:914} INFO - Processing file /home/ubuntu/airflow-venv/lib/python3.12/site-packages/airflow/example_dags/tutorial_taskflow_api_virtualenv.py for tasks to queue
[2026-02-25T11:09:08.352+0000] {logging_mixin.py:190} INFO - [2026-02-25T11:09:08.352+0000] {dagbag.py:588} INFO - Filling up the DagBag from /home/ubuntu/airflow-venv/lib/python3.12/site-packages/airflow/example_dags/tutorial_taskflow_api_virtualenv.py
[2026-02-25T11:09:08.354+0000] {logging_mixin.py:190} INFO - [2026-02-25T11:09:08.353+0000] {tutorial_taskflow_api_virtualenv.py:29} WARNING - The tutorial_taskflow_api_virtualenv example DAG requires virtualenv, please install it.
[2026-02-25T11:09:08.354+0000] {processor.py:927} WARNING - No viable dags retrieved from /home/ubuntu/airflow-venv/lib/python3.12/site-packages/airflow/example_dags/tutorial_taskflow_api_virtualenv.py
[2026-02-25T11:09:08.361+0000] {processor.py:208} INFO - Processing /home/ubuntu/airflow-venv/lib/python3.12/site-packages/airflow/example_dags/tutorial_taskflow_api_virtualenv.py took 0.015 seconds
[2026-02-25T11:09:26.829+0000] {processor.py:186} INFO - Started process (PID=8576) to work on /home/ubuntu/airflow-venv/lib/python3.12/site-packages/airflow/example_dags/tutorial_taskflow_api_virtualenv.py
[2026-02-25T11:09:26.830+0000] {processor.py:914} INFO - Processing file /home/ubuntu/airflow-venv/lib/python3.12/site-packages/airflow/example_dags/tutorial_taskflow_api_virtualenv.py for tasks to queue
[2026-02-25T11:09:26.831+0000] {logging_mixin.py:190} INFO - [2026-02-25T11:09:26.831+0000] {dagbag.py:588} INFO - Filling up the DagBag from /home/ubuntu/airflow-venv/lib/python3.12/site-packages/airflow/example_dags/tutorial_taskflow_api_virtualenv.py
[2026-02-25T11:09:26.833+0000] {logging_mixin.py:190} INFO - [2026-02-25T11:09:26.833+0000] {tutorial_taskflow_api_virtualenv.py:29} WARNING - The tutorial_taskflow_api_virtualenv example DAG requires virtualenv, please install it.
[2026-02-25T11:09:26.833+0000] {processor.py:927} WARNING - No viable dags retrieved from /home/ubuntu/airflow-venv/lib/python3.12/site-packages/airflow/example_dags/tutorial_taskflow_api_virtualenv.py
[2026-02-25T11:09:26.840+0000] {processor.py:208} INFO - Processing /home/ubuntu/airflow-venv/lib/python3.12/site-packages/airflow/example_dags/tutorial_taskflow_api_virtualenv.py took 0.014 seconds
[2026-02-25T11:09:59.000+0000] {processor.py:186} INFO - Started process (PID=8643) to work on /home/ubuntu/airflow-venv/lib/python3.12/site-packages/airflow/example_dags/tutorial_taskflow_api_virtualenv.py
[2026-02-25T11:09:59.001+0000] {processor.py:914} INFO - Processing file /home/ubuntu/airflow-venv/lib/python3.12/site-packages/airflow/example_dags/tutorial_taskflow_api_virtualenv.py for tasks to queue
[2026-02-25T11:09:59.003+0000] {logging_mixin.py:190} INFO - [2026-02-25T11:09:59.002+0000] {dagbag.py:588} INFO - Filling up the DagBag from /home/ubuntu/airflow-venv/lib/python3.12/site-packages/airflow/example_dags/tutorial_taskflow_api_virtualenv.py
[2026-02-25T11:09:59.004+0000] {logging_mixin.py:190} INFO - [2026-02-25T11:09:59.004+0000] {tutorial_taskflow_api_virtualenv.py:29} WARNING - The tutorial_taskflow_api_virtualenv example DAG requires virtualenv, please install it.
[2026-02-25T11:09:59.004+0000] {processor.py:927} WARNING - No viable dags retrieved from /home/ubuntu/airflow-venv/lib/python3.12/site-packages/airflow/example_dags/tutorial_taskflow_api_virtualenv.py
[2026-02-25T11:09:59.011+0000] {processor.py:208} INFO - Processing /home/ubuntu/airflow-venv/lib/python3.12/site-packages/airflow/example_dags/tutorial_taskflow_api_virtualenv.py took 0.015 seconds
[2026-02-25T11:10:15.858+0000] {processor.py:186} INFO - Started process (PID=8682) to work on /home/ubuntu/airflow-venv/lib/python3.12/site-packages/airflow/example_dags/tutorial_taskflow_api_virtualenv.py
[2026-02-25T11:10:15.859+0000] {processor.py:914} INFO - Processing file /home/ubuntu/airflow-venv/lib/python3.12/site-packages/airflow/example_dags/tutorial_taskflow_api_virtualenv.py for tasks to queue
[2026-02-25T11:10:15.860+0000] {logging_mixin.py:190} INFO - [2026-02-25T11:10:15.860+0000] {dagbag.py:588} INFO - Filling up the DagBag from /home/ubuntu/airflow-venv/lib/python3.12/site-packages/airflow/example_dags/tutorial_taskflow_api_virtualenv.py
[2026-02-25T11:10:15.862+0000] {logging_mixin.py:190} INFO - [2026-02-25T11:10:15.862+0000] {tutorial_taskflow_api_virtualenv.py:29} WARNING - The tutorial_taskflow_api_virtualenv example DAG requires virtualenv, please install it.
[2026-02-25T11:10:15.862+0000] {processor.py:927} WARNING - No viable dags retrieved from /home/ubuntu/airflow-venv/lib/python3.12/site-packages/airflow/example_dags/tutorial_taskflow_api_virtualenv.py
[2026-02-25T11:10:15.869+0000] {processor.py:208} INFO - Processing /home/ubuntu/airflow-venv/lib/python3.12/site-packages/airflow/example_dags/tutorial_taskflow_api_virtualenv.py took 0.016 seconds
[2026-02-25T11:10:48.571+0000] {processor.py:186} INFO - Started process (PID=8749) to work on /home/ubuntu/airflow-venv/lib/python3.12/site-packages/airflow/example_dags/tutorial_taskflow_api_virtualenv.py
[2026-02-25T11:10:48.572+0000] {processor.py:914} INFO - Processing file /home/ubuntu/airflow-venv/lib/python3.12/site-packages/airflow/example_dags/tutorial_taskflow_api_virtualenv.py for tasks to queue
[2026-02-25T11:10:48.574+0000] {logging_mixin.py:190} INFO - [2026-02-25T11:10:48.573+0000] {dagbag.py:588} INFO - Filling up the DagBag from /home/ubuntu/airflow-venv/lib/python3.12/site-packages/airflow/example_dags/tutorial_taskflow_api_virtualenv.py
[2026-02-25T11:10:48.575+0000] {logging_mixin.py:190} INFO - [2026-02-25T11:10:48.575+0000] {tutorial_taskflow_api_virtualenv.py:29} WARNING - The tutorial_taskflow_api_virtualenv example DAG requires virtualenv, please install it.
[2026-02-25T11:10:48.575+0000] {processor.py:927} WARNING - No viable dags retrieved from /home/ubuntu/airflow-venv/lib/python3.12/site-packages/airflow/example_dags/tutorial_taskflow_api_virtualenv.py
[2026-02-25T11:10:48.582+0000] {processor.py:208} INFO - Processing /home/ubuntu/airflow-venv/lib/python3.12/site-packages/airflow/example_dags/tutorial_taskflow_api_virtualenv.py took 0.014 seconds
[2026-02-25T11:11:05.521+0000] {processor.py:186} INFO - Started process (PID=8784) to work on /home/ubuntu/airflow-venv/lib/python3.12/site-packages/airflow/example_dags/tutorial_taskflow_api_virtualenv.py
[2026-02-25T11:11:05.521+0000] {processor.py:914} INFO - Processing file /home/ubuntu/airflow-venv/lib/python3.12/site-packages/airflow/example_dags/tutorial_taskflow_api_virtualenv.py for tasks to queue
[2026-02-25T11:11:05.523+0000] {logging_mixin.py:190} INFO - [2026-02-25T11:11:05.522+0000] {dagbag.py:588} INFO - Filling up the DagBag from /home/ubuntu/airflow-venv/lib/python3.12/site-packages/airflow/example_dags/tutorial_taskflow_api_virtualenv.py
[2026-02-25T11:11:05.524+0000] {logging_mixin.py:190} INFO - [2026-02-25T11:11:05.524+0000] {tutorial_taskflow_api_virtualenv.py:29} WARNING - The tutorial_taskflow_api_virtualenv example DAG requires virtualenv, please install it.
[2026-02-25T11:11:05.524+0000] {processor.py:927} WARNING - No viable dags retrieved from /home/ubuntu/airflow-venv/lib/python3.12/site-packages/airflow/example_dags/tutorial_taskflow_api_virtualenv.py
[2026-02-25T11:11:05.531+0000] {processor.py:208} INFO - Processing /home/ubuntu/airflow-venv/lib/python3.12/site-packages/airflow/example_dags/tutorial_taskflow_api_virtualenv.py took 0.014 seconds
[2026-02-25T11:11:41.596+0000] {processor.py:186} INFO - Started process (PID=8859) to work on /home/ubuntu/airflow-venv/lib/python3.12/site-packages/airflow/example_dags/tutorial_taskflow_api_virtualenv.py
[2026-02-25T11:11:41.597+0000] {processor.py:914} INFO - Processing file /home/ubuntu/airflow-venv/lib/python3.12/site-packages/airflow/example_dags/tutorial_taskflow_api_virtualenv.py for tasks to queue
[2026-02-25T11:11:41.599+0000] {logging_mixin.py:190} INFO - [2026-02-25T11:11:41.598+0000] {dagbag.py:588} INFO - Filling up the DagBag from /home/ubuntu/airflow-venv/lib/python3.12/site-packages/airflow/example_dags/tutorial_taskflow_api_virtualenv.py
[2026-02-25T11:11:41.600+0000] {logging_mixin.py:190} INFO - [2026-02-25T11:11:41.600+0000] {tutorial_taskflow_api_virtualenv.py:29} WARNING - The tutorial_taskflow_api_virtualenv example DAG requires virtualenv, please install it.
[2026-02-25T11:11:41.600+0000] {processor.py:927} WARNING - No viable dags retrieved from /home/ubuntu/airflow-venv/lib/python3.12/site-packages/airflow/example_dags/tutorial_taskflow_api_virtualenv.py
[2026-02-25T11:11:41.608+0000] {processor.py:208} INFO - Processing /home/ubuntu/airflow-venv/lib/python3.12/site-packages/airflow/example_dags/tutorial_taskflow_api_virtualenv.py took 0.016 seconds
[2026-02-25T11:11:58.189+0000] {processor.py:186} INFO - Started process (PID=8897) to work on /home/ubuntu/airflow-venv/lib/python3.12/site-packages/airflow/example_dags/tutorial_taskflow_api_virtualenv.py
[2026-02-25T11:11:58.190+0000] {processor.py:914} INFO - Processing file /home/ubuntu/airflow-venv/lib/python3.12/site-packages/airflow/example_dags/tutorial_taskflow_api_virtualenv.py for tasks to queue
[2026-02-25T11:11:58.191+0000] {logging_mixin.py:190} INFO - [2026-02-25T11:11:58.191+0000] {dagbag.py:588} INFO - Filling up the DagBag from /home/ubuntu/airflow-venv/lib/python3.12/site-packages/airflow/example_dags/tutorial_taskflow_api_virtualenv.py
[2026-02-25T11:11:58.193+0000] {logging_mixin.py:190} INFO - [2026-02-25T11:11:58.193+0000] {tutorial_taskflow_api_virtualenv.py:29} WARNING - The tutorial_taskflow_api_virtualenv example DAG requires virtualenv, please install it.
[2026-02-25T11:11:58.193+0000] {processor.py:927} WARNING - No viable dags retrieved from /home/ubuntu/airflow-venv/lib/python3.12/site-packages/airflow/example_dags/tutorial_taskflow_api_virtualenv.py
[2026-02-25T11:11:58.200+0000] {processor.py:208} INFO - Processing /home/ubuntu/airflow-venv/lib/python3.12/site-packages/airflow/example_dags/tutorial_taskflow_api_virtualenv.py took 0.015 seconds
[2026-02-25T11:12:37.406+0000] {processor.py:186} INFO - Started process (PID=8976) to work on /home/ubuntu/airflow-venv/lib/python3.12/site-packages/airflow/example_dags/tutorial_taskflow_api_virtualenv.py
[2026-02-25T11:12:37.408+0000] {processor.py:914} INFO - Processing file /home/ubuntu/airflow-venv/lib/python3.12/site-packages/airflow/example_dags/tutorial_taskflow_api_virtualenv.py for tasks to queue
[2026-02-25T11:12:37.409+0000] {logging_mixin.py:190} INFO - [2026-02-25T11:12:37.409+0000] {dagbag.py:588} INFO - Filling up the DagBag from /home/ubuntu/airflow-venv/lib/python3.12/site-packages/airflow/example_dags/tutorial_taskflow_api_virtualenv.py
[2026-02-25T11:12:37.411+0000] {logging_mixin.py:190} INFO - [2026-02-25T11:12:37.411+0000] {tutorial_taskflow_api_virtualenv.py:29} WARNING - The tutorial_taskflow_api_virtualenv example DAG requires virtualenv, please install it.
[2026-02-25T11:12:37.411+0000] {processor.py:927} WARNING - No viable dags retrieved from /home/ubuntu/airflow-venv/lib/python3.12/site-packages/airflow/example_dags/tutorial_taskflow_api_virtualenv.py
[2026-02-25T11:12:37.418+0000] {processor.py:208} INFO - Processing /home/ubuntu/airflow-venv/lib/python3.12/site-packages/airflow/example_dags/tutorial_taskflow_api_virtualenv.py took 0.016 seconds
[2026-02-25T11:12:49.065+0000] {processor.py:186} INFO - Started process (PID=8999) to work on /home/ubuntu/airflow-venv/lib/python3.12/site-packages/airflow/example_dags/tutorial_taskflow_api_virtualenv.py
[2026-02-25T11:12:49.065+0000] {processor.py:914} INFO - Processing file /home/ubuntu/airflow-venv/lib/python3.12/site-packages/airflow/example_dags/tutorial_taskflow_api_virtualenv.py for tasks to queue
[2026-02-25T11:12:49.067+0000] {logging_mixin.py:190} INFO - [2026-02-25T11:12:49.066+0000] {dagbag.py:588} INFO - Filling up the DagBag from /home/ubuntu/airflow-venv/lib/python3.12/site-packages/airflow/example_dags/tutorial_taskflow_api_virtualenv.py
[2026-02-25T11:12:49.068+0000] {logging_mixin.py:190} INFO - [2026-02-25T11:12:49.068+0000] {tutorial_taskflow_api_virtualenv.py:29} WARNING - The tutorial_taskflow_api_virtualenv example DAG requires virtualenv, please install it.
[2026-02-25T11:12:49.068+0000] {processor.py:927} WARNING - No viable dags retrieved from /home/ubuntu/airflow-venv/lib/python3.12/site-packages/airflow/example_dags/tutorial_taskflow_api_virtualenv.py
[2026-02-25T11:12:49.076+0000] {processor.py:208} INFO - Processing /home/ubuntu/airflow-venv/lib/python3.12/site-packages/airflow/example_dags/tutorial_taskflow_api_virtualenv.py took 0.015 seconds
[2026-02-25T11:13:31.530+0000] {processor.py:186} INFO - Started process (PID=9088) to work on /home/ubuntu/airflow-venv/lib/python3.12/site-packages/airflow/example_dags/tutorial_taskflow_api_virtualenv.py
[2026-02-25T11:13:31.532+0000] {processor.py:914} INFO - Processing file /home/ubuntu/airflow-venv/lib/python3.12/site-packages/airflow/example_dags/tutorial_taskflow_api_virtualenv.py for tasks to queue
[2026-02-25T11:13:31.533+0000] {logging_mixin.py:190} INFO - [2026-02-25T11:13:31.533+0000] {dagbag.py:588} INFO - Filling up the DagBag from /home/ubuntu/airflow-venv/lib/python3.12/site-packages/airflow/example_dags/tutorial_taskflow_api_virtualenv.py
[2026-02-25T11:13:31.535+0000] {logging_mixin.py:190} INFO - [2026-02-25T11:13:31.535+0000] {tutorial_taskflow_api_virtualenv.py:29} WARNING - The tutorial_taskflow_api_virtualenv example DAG requires virtualenv, please install it.
[2026-02-25T11:13:31.535+0000] {processor.py:927} WARNING - No viable dags retrieved from /home/ubuntu/airflow-venv/lib/python3.12/site-packages/airflow/example_dags/tutorial_taskflow_api_virtualenv.py
[2026-02-25T11:13:31.542+0000] {processor.py:208} INFO - Processing /home/ubuntu/airflow-venv/lib/python3.12/site-packages/airflow/example_dags/tutorial_taskflow_api_virtualenv.py took 0.016 seconds
[2026-02-25T11:13:42.597+0000] {processor.py:186} INFO - Started process (PID=9109) to work on /home/ubuntu/airflow-venv/lib/python3.12/site-packages/airflow/example_dags/tutorial_taskflow_api_virtualenv.py
[2026-02-25T11:13:42.597+0000] {processor.py:914} INFO - Processing file /home/ubuntu/airflow-venv/lib/python3.12/site-packages/airflow/example_dags/tutorial_taskflow_api_virtualenv.py for tasks to queue
[2026-02-25T11:13:42.598+0000] {logging_mixin.py:190} INFO - [2026-02-25T11:13:42.598+0000] {dagbag.py:588} INFO - Filling up the DagBag from /home/ubuntu/airflow-venv/lib/python3.12/site-packages/airflow/example_dags/tutorial_taskflow_api_virtualenv.py
[2026-02-25T11:13:42.600+0000] {logging_mixin.py:190} INFO - [2026-02-25T11:13:42.600+0000] {tutorial_taskflow_api_virtualenv.py:29} WARNING - The tutorial_taskflow_api_virtualenv example DAG requires virtualenv, please install it.
[2026-02-25T11:13:42.600+0000] {processor.py:927} WARNING - No viable dags retrieved from /home/ubuntu/airflow-venv/lib/python3.12/site-packages/airflow/example_dags/tutorial_taskflow_api_virtualenv.py
[2026-02-25T11:13:42.607+0000] {processor.py:208} INFO - Processing /home/ubuntu/airflow-venv/lib/python3.12/site-packages/airflow/example_dags/tutorial_taskflow_api_virtualenv.py took 0.015 seconds
[2026-02-25T11:14:24.093+0000] {processor.py:186} INFO - Started process (PID=9195) to work on /home/ubuntu/airflow-venv/lib/python3.12/site-packages/airflow/example_dags/tutorial_taskflow_api_virtualenv.py
[2026-02-25T11:14:24.094+0000] {processor.py:914} INFO - Processing file /home/ubuntu/airflow-venv/lib/python3.12/site-packages/airflow/example_dags/tutorial_taskflow_api_virtualenv.py for tasks to queue
[2026-02-25T11:14:24.095+0000] {logging_mixin.py:190} INFO - [2026-02-25T11:14:24.095+0000] {dagbag.py:588} INFO - Filling up the DagBag from /home/ubuntu/airflow-venv/lib/python3.12/site-packages/airflow/example_dags/tutorial_taskflow_api_virtualenv.py
[2026-02-25T11:14:24.097+0000] {logging_mixin.py:190} INFO - [2026-02-25T11:14:24.097+0000] {tutorial_taskflow_api_virtualenv.py:29} WARNING - The tutorial_taskflow_api_virtualenv example DAG requires virtualenv, please install it.
[2026-02-25T11:14:24.097+0000] {processor.py:927} WARNING - No viable dags retrieved from /home/ubuntu/airflow-venv/lib/python3.12/site-packages/airflow/example_dags/tutorial_taskflow_api_virtualenv.py
[2026-02-25T11:14:24.104+0000] {processor.py:208} INFO - Processing /home/ubuntu/airflow-venv/lib/python3.12/site-packages/airflow/example_dags/tutorial_taskflow_api_virtualenv.py took 0.015 seconds
[2026-02-25T11:14:31.654+0000] {processor.py:186} INFO - Started process (PID=9211) to work on /home/ubuntu/airflow-venv/lib/python3.12/site-packages/airflow/example_dags/tutorial_taskflow_api_virtualenv.py
[2026-02-25T11:14:31.655+0000] {processor.py:914} INFO - Processing file /home/ubuntu/airflow-venv/lib/python3.12/site-packages/airflow/example_dags/tutorial_taskflow_api_virtualenv.py for tasks to queue
[2026-02-25T11:14:31.656+0000] {logging_mixin.py:190} INFO - [2026-02-25T11:14:31.656+0000] {dagbag.py:588} INFO - Filling up the DagBag from /home/ubuntu/airflow-venv/lib/python3.12/site-packages/airflow/example_dags/tutorial_taskflow_api_virtualenv.py
[2026-02-25T11:14:31.658+0000] {logging_mixin.py:190} INFO - [2026-02-25T11:14:31.657+0000] {tutorial_taskflow_api_virtualenv.py:29} WARNING - The tutorial_taskflow_api_virtualenv example DAG requires virtualenv, please install it.
[2026-02-25T11:14:31.658+0000] {processor.py:927} WARNING - No viable dags retrieved from /home/ubuntu/airflow-venv/lib/python3.12/site-packages/airflow/example_dags/tutorial_taskflow_api_virtualenv.py
[2026-02-25T11:14:31.665+0000] {processor.py:208} INFO - Processing /home/ubuntu/airflow-venv/lib/python3.12/site-packages/airflow/example_dags/tutorial_taskflow_api_virtualenv.py took 0.015 seconds
[2026-02-25T11:15:18.598+0000] {processor.py:186} INFO - Started process (PID=9313) to work on /home/ubuntu/airflow-venv/lib/python3.12/site-packages/airflow/example_dags/tutorial_taskflow_api_virtualenv.py
[2026-02-25T11:15:18.599+0000] {processor.py:914} INFO - Processing file /home/ubuntu/airflow-venv/lib/python3.12/site-packages/airflow/example_dags/tutorial_taskflow_api_virtualenv.py for tasks to queue
[2026-02-25T11:15:18.600+0000] {logging_mixin.py:190} INFO - [2026-02-25T11:15:18.600+0000] {dagbag.py:588} INFO - Filling up the DagBag from /home/ubuntu/airflow-venv/lib/python3.12/site-packages/airflow/example_dags/tutorial_taskflow_api_virtualenv.py
[2026-02-25T11:15:18.602+0000] {logging_mixin.py:190} INFO - [2026-02-25T11:15:18.602+0000] {tutorial_taskflow_api_virtualenv.py:29} WARNING - The tutorial_taskflow_api_virtualenv example DAG requires virtualenv, please install it.
[2026-02-25T11:15:18.602+0000] {processor.py:927} WARNING - No viable dags retrieved from /home/ubuntu/airflow-venv/lib/python3.12/site-packages/airflow/example_dags/tutorial_taskflow_api_virtualenv.py
[2026-02-25T11:15:18.610+0000] {processor.py:208} INFO - Processing /home/ubuntu/airflow-venv/lib/python3.12/site-packages/airflow/example_dags/tutorial_taskflow_api_virtualenv.py took 0.016 seconds
[2026-02-25T11:15:18.746+0000] {processor.py:186} INFO - Started process (PID=9314) to work on /home/ubuntu/airflow-venv/lib/python3.12/site-packages/airflow/example_dags/tutorial_taskflow_api_virtualenv.py
[2026-02-25T11:15:18.746+0000] {processor.py:914} INFO - Processing file /home/ubuntu/airflow-venv/lib/python3.12/site-packages/airflow/example_dags/tutorial_taskflow_api_virtualenv.py for tasks to queue
[2026-02-25T11:15:18.748+0000] {logging_mixin.py:190} INFO - [2026-02-25T11:15:18.747+0000] {dagbag.py:588} INFO - Filling up the DagBag from /home/ubuntu/airflow-venv/lib/python3.12/site-packages/airflow/example_dags/tutorial_taskflow_api_virtualenv.py
[2026-02-25T11:15:18.749+0000] {logging_mixin.py:190} INFO - [2026-02-25T11:15:18.749+0000] {tutorial_taskflow_api_virtualenv.py:29} WARNING - The tutorial_taskflow_api_virtualenv example DAG requires virtualenv, please install it.
[2026-02-25T11:15:18.749+0000] {processor.py:927} WARNING - No viable dags retrieved from /home/ubuntu/airflow-venv/lib/python3.12/site-packages/airflow/example_dags/tutorial_taskflow_api_virtualenv.py
[2026-02-25T11:15:18.757+0000] {processor.py:208} INFO - Processing /home/ubuntu/airflow-venv/lib/python3.12/site-packages/airflow/example_dags/tutorial_taskflow_api_virtualenv.py took 0.015 seconds
[2026-02-25T11:16:05.125+0000] {processor.py:186} INFO - Started process (PID=9413) to work on /home/ubuntu/airflow-venv/lib/python3.12/site-packages/airflow/example_dags/tutorial_taskflow_api_virtualenv.py
[2026-02-25T11:16:05.126+0000] {processor.py:914} INFO - Processing file /home/ubuntu/airflow-venv/lib/python3.12/site-packages/airflow/example_dags/tutorial_taskflow_api_virtualenv.py for tasks to queue
[2026-02-25T11:16:05.127+0000] {logging_mixin.py:190} INFO - [2026-02-25T11:16:05.127+0000] {dagbag.py:588} INFO - Filling up the DagBag from /home/ubuntu/airflow-venv/lib/python3.12/site-packages/airflow/example_dags/tutorial_taskflow_api_virtualenv.py
[2026-02-25T11:16:05.129+0000] {logging_mixin.py:190} INFO - [2026-02-25T11:16:05.129+0000] {tutorial_taskflow_api_virtualenv.py:29} WARNING - The tutorial_taskflow_api_virtualenv example DAG requires virtualenv, please install it.
[2026-02-25T11:16:05.129+0000] {processor.py:927} WARNING - No viable dags retrieved from /home/ubuntu/airflow-venv/lib/python3.12/site-packages/airflow/example_dags/tutorial_taskflow_api_virtualenv.py
[2026-02-25T11:16:05.136+0000] {processor.py:208} INFO - Processing /home/ubuntu/airflow-venv/lib/python3.12/site-packages/airflow/example_dags/tutorial_taskflow_api_virtualenv.py took 0.015 seconds
[2026-02-25T11:16:07.958+0000] {processor.py:186} INFO - Started process (PID=9419) to work on /home/ubuntu/airflow-venv/lib/python3.12/site-packages/airflow/example_dags/tutorial_taskflow_api_virtualenv.py
[2026-02-25T11:16:07.958+0000] {processor.py:914} INFO - Processing file /home/ubuntu/airflow-venv/lib/python3.12/site-packages/airflow/example_dags/tutorial_taskflow_api_virtualenv.py for tasks to queue
[2026-02-25T11:16:07.960+0000] {logging_mixin.py:190} INFO - [2026-02-25T11:16:07.959+0000] {dagbag.py:588} INFO - Filling up the DagBag from /home/ubuntu/airflow-venv/lib/python3.12/site-packages/airflow/example_dags/tutorial_taskflow_api_virtualenv.py
[2026-02-25T11:16:07.961+0000] {logging_mixin.py:190} INFO - [2026-02-25T11:16:07.961+0000] {tutorial_taskflow_api_virtualenv.py:29} WARNING - The tutorial_taskflow_api_virtualenv example DAG requires virtualenv, please install it.
[2026-02-25T11:16:07.961+0000] {processor.py:927} WARNING - No viable dags retrieved from /home/ubuntu/airflow-venv/lib/python3.12/site-packages/airflow/example_dags/tutorial_taskflow_api_virtualenv.py
[2026-02-25T11:16:07.977+0000] {processor.py:208} INFO - Processing /home/ubuntu/airflow-venv/lib/python3.12/site-packages/airflow/example_dags/tutorial_taskflow_api_virtualenv.py took 0.023 seconds
[2026-02-25T11:16:54.435+0000] {processor.py:186} INFO - Started process (PID=9517) to work on /home/ubuntu/airflow-venv/lib/python3.12/site-packages/airflow/example_dags/tutorial_taskflow_api_virtualenv.py
[2026-02-25T11:16:54.436+0000] {processor.py:914} INFO - Processing file /home/ubuntu/airflow-venv/lib/python3.12/site-packages/airflow/example_dags/tutorial_taskflow_api_virtualenv.py for tasks to queue
[2026-02-25T11:16:54.437+0000] {logging_mixin.py:190} INFO - [2026-02-25T11:16:54.437+0000] {dagbag.py:588} INFO - Filling up the DagBag from /home/ubuntu/airflow-venv/lib/python3.12/site-packages/airflow/example_dags/tutorial_taskflow_api_virtualenv.py
[2026-02-25T11:16:54.439+0000] {logging_mixin.py:190} INFO - [2026-02-25T11:16:54.439+0000] {tutorial_taskflow_api_virtualenv.py:29} WARNING - The tutorial_taskflow_api_virtualenv example DAG requires virtualenv, please install it.
[2026-02-25T11:16:54.439+0000] {processor.py:927} WARNING - No viable dags retrieved from /home/ubuntu/airflow-venv/lib/python3.12/site-packages/airflow/example_dags/tutorial_taskflow_api_virtualenv.py
[2026-02-25T11:16:54.446+0000] {processor.py:208} INFO - Processing /home/ubuntu/airflow-venv/lib/python3.12/site-packages/airflow/example_dags/tutorial_taskflow_api_virtualenv.py took 0.015 seconds
[2026-02-25T11:16:58.751+0000] {processor.py:186} INFO - Started process (PID=9525) to work on /home/ubuntu/airflow-venv/lib/python3.12/site-packages/airflow/example_dags/tutorial_taskflow_api_virtualenv.py
[2026-02-25T11:16:58.752+0000] {processor.py:914} INFO - Processing file /home/ubuntu/airflow-venv/lib/python3.12/site-packages/airflow/example_dags/tutorial_taskflow_api_virtualenv.py for tasks to queue
[2026-02-25T11:16:58.753+0000] {logging_mixin.py:190} INFO - [2026-02-25T11:16:58.753+0000] {dagbag.py:588} INFO - Filling up the DagBag from /home/ubuntu/airflow-venv/lib/python3.12/site-packages/airflow/example_dags/tutorial_taskflow_api_virtualenv.py
[2026-02-25T11:16:58.755+0000] {logging_mixin.py:190} INFO - [2026-02-25T11:16:58.755+0000] {tutorial_taskflow_api_virtualenv.py:29} WARNING - The tutorial_taskflow_api_virtualenv example DAG requires virtualenv, please install it.
[2026-02-25T11:16:58.755+0000] {processor.py:927} WARNING - No viable dags retrieved from /home/ubuntu/airflow-venv/lib/python3.12/site-packages/airflow/example_dags/tutorial_taskflow_api_virtualenv.py
[2026-02-25T11:16:58.764+0000] {processor.py:208} INFO - Processing /home/ubuntu/airflow-venv/lib/python3.12/site-packages/airflow/example_dags/tutorial_taskflow_api_virtualenv.py took 0.017 seconds
[2026-02-25T11:17:43.238+0000] {processor.py:186} INFO - Started process (PID=9623) to work on /home/ubuntu/airflow-venv/lib/python3.12/site-packages/airflow/example_dags/tutorial_taskflow_api_virtualenv.py
[2026-02-25T11:17:43.239+0000] {processor.py:914} INFO - Processing file /home/ubuntu/airflow-venv/lib/python3.12/site-packages/airflow/example_dags/tutorial_taskflow_api_virtualenv.py for tasks to queue
[2026-02-25T11:17:43.240+0000] {logging_mixin.py:190} INFO - [2026-02-25T11:17:43.240+0000] {dagbag.py:588} INFO - Filling up the DagBag from /home/ubuntu/airflow-venv/lib/python3.12/site-packages/airflow/example_dags/tutorial_taskflow_api_virtualenv.py
[2026-02-25T11:17:43.242+0000] {logging_mixin.py:190} INFO - [2026-02-25T11:17:43.242+0000] {tutorial_taskflow_api_virtualenv.py:29} WARNING - The tutorial_taskflow_api_virtualenv example DAG requires virtualenv, please install it.
[2026-02-25T11:17:43.242+0000] {processor.py:927} WARNING - No viable dags retrieved from /home/ubuntu/airflow-venv/lib/python3.12/site-packages/airflow/example_dags/tutorial_taskflow_api_virtualenv.py
[2026-02-25T11:17:43.250+0000] {processor.py:208} INFO - Processing /home/ubuntu/airflow-venv/lib/python3.12/site-packages/airflow/example_dags/tutorial_taskflow_api_virtualenv.py took 0.016 seconds
[2026-02-25T11:17:47.200+0000] {processor.py:186} INFO - Started process (PID=9631) to work on /home/ubuntu/airflow-venv/lib/python3.12/site-packages/airflow/example_dags/tutorial_taskflow_api_virtualenv.py
[2026-02-25T11:17:47.201+0000] {processor.py:914} INFO - Processing file /home/ubuntu/airflow-venv/lib/python3.12/site-packages/airflow/example_dags/tutorial_taskflow_api_virtualenv.py for tasks to queue
[2026-02-25T11:17:47.202+0000] {logging_mixin.py:190} INFO - [2026-02-25T11:17:47.202+0000] {dagbag.py:588} INFO - Filling up the DagBag from /home/ubuntu/airflow-venv/lib/python3.12/site-packages/airflow/example_dags/tutorial_taskflow_api_virtualenv.py
[2026-02-25T11:17:47.204+0000] {logging_mixin.py:190} INFO - [2026-02-25T11:17:47.204+0000] {tutorial_taskflow_api_virtualenv.py:29} WARNING - The tutorial_taskflow_api_virtualenv example DAG requires virtualenv, please install it.
[2026-02-25T11:17:47.204+0000] {processor.py:927} WARNING - No viable dags retrieved from /home/ubuntu/airflow-venv/lib/python3.12/site-packages/airflow/example_dags/tutorial_taskflow_api_virtualenv.py
[2026-02-25T11:17:47.212+0000] {processor.py:208} INFO - Processing /home/ubuntu/airflow-venv/lib/python3.12/site-packages/airflow/example_dags/tutorial_taskflow_api_virtualenv.py took 0.016 seconds
[2026-02-25T11:18:36.327+0000] {processor.py:186} INFO - Started process (PID=9732) to work on /home/ubuntu/airflow-venv/lib/python3.12/site-packages/airflow/example_dags/tutorial_taskflow_api_virtualenv.py
[2026-02-25T11:18:36.328+0000] {processor.py:914} INFO - Processing file /home/ubuntu/airflow-venv/lib/python3.12/site-packages/airflow/example_dags/tutorial_taskflow_api_virtualenv.py for tasks to queue
[2026-02-25T11:18:36.330+0000] {logging_mixin.py:190} INFO - [2026-02-25T11:18:36.330+0000] {dagbag.py:588} INFO - Filling up the DagBag from /home/ubuntu/airflow-venv/lib/python3.12/site-packages/airflow/example_dags/tutorial_taskflow_api_virtualenv.py
[2026-02-25T11:18:36.331+0000] {logging_mixin.py:190} INFO - [2026-02-25T11:18:36.331+0000] {tutorial_taskflow_api_virtualenv.py:29} WARNING - The tutorial_taskflow_api_virtualenv example DAG requires virtualenv, please install it.
[2026-02-25T11:18:36.332+0000] {processor.py:927} WARNING - No viable dags retrieved from /home/ubuntu/airflow-venv/lib/python3.12/site-packages/airflow/example_dags/tutorial_taskflow_api_virtualenv.py
[2026-02-25T11:18:36.339+0000] {processor.py:208} INFO - Processing /home/ubuntu/airflow-venv/lib/python3.12/site-packages/airflow/example_dags/tutorial_taskflow_api_virtualenv.py took 0.015 seconds
[2026-02-25T11:18:38.229+0000] {processor.py:186} INFO - Started process (PID=9736) to work on /home/ubuntu/airflow-venv/lib/python3.12/site-packages/airflow/example_dags/tutorial_taskflow_api_virtualenv.py
[2026-02-25T11:18:38.230+0000] {processor.py:914} INFO - Processing file /home/ubuntu/airflow-venv/lib/python3.12/site-packages/airflow/example_dags/tutorial_taskflow_api_virtualenv.py for tasks to queue
[2026-02-25T11:18:38.231+0000] {logging_mixin.py:190} INFO - [2026-02-25T11:18:38.231+0000] {dagbag.py:588} INFO - Filling up the DagBag from /home/ubuntu/airflow-venv/lib/python3.12/site-packages/airflow/example_dags/tutorial_taskflow_api_virtualenv.py
[2026-02-25T11:18:38.233+0000] {logging_mixin.py:190} INFO - [2026-02-25T11:18:38.233+0000] {tutorial_taskflow_api_virtualenv.py:29} WARNING - The tutorial_taskflow_api_virtualenv example DAG requires virtualenv, please install it.
[2026-02-25T11:18:38.233+0000] {processor.py:927} WARNING - No viable dags retrieved from /home/ubuntu/airflow-venv/lib/python3.12/site-packages/airflow/example_dags/tutorial_taskflow_api_virtualenv.py
[2026-02-25T11:18:38.240+0000] {processor.py:208} INFO - Processing /home/ubuntu/airflow-venv/lib/python3.12/site-packages/airflow/example_dags/tutorial_taskflow_api_virtualenv.py took 0.015 seconds
[2026-02-25T11:19:26.676+0000] {processor.py:186} INFO - Started process (PID=9840) to work on /home/ubuntu/airflow-venv/lib/python3.12/site-packages/airflow/example_dags/tutorial_taskflow_api_virtualenv.py
[2026-02-25T11:19:26.677+0000] {processor.py:914} INFO - Processing file /home/ubuntu/airflow-venv/lib/python3.12/site-packages/airflow/example_dags/tutorial_taskflow_api_virtualenv.py for tasks to queue
[2026-02-25T11:19:26.679+0000] {logging_mixin.py:190} INFO - [2026-02-25T11:19:26.678+0000] {dagbag.py:588} INFO - Filling up the DagBag from /home/ubuntu/airflow-venv/lib/python3.12/site-packages/airflow/example_dags/tutorial_taskflow_api_virtualenv.py
[2026-02-25T11:19:26.680+0000] {logging_mixin.py:190} INFO - [2026-02-25T11:19:26.680+0000] {tutorial_taskflow_api_virtualenv.py:29} WARNING - The tutorial_taskflow_api_virtualenv example DAG requires virtualenv, please install it.
[2026-02-25T11:19:26.681+0000] {processor.py:927} WARNING - No viable dags retrieved from /home/ubuntu/airflow-venv/lib/python3.12/site-packages/airflow/example_dags/tutorial_taskflow_api_virtualenv.py
[2026-02-25T11:19:26.688+0000] {processor.py:208} INFO - Processing /home/ubuntu/airflow-venv/lib/python3.12/site-packages/airflow/example_dags/tutorial_taskflow_api_virtualenv.py took 0.016 seconds
[2026-02-25T11:19:26.879+0000] {processor.py:186} INFO - Started process (PID=9841) to work on /home/ubuntu/airflow-venv/lib/python3.12/site-packages/airflow/example_dags/tutorial_taskflow_api_virtualenv.py
[2026-02-25T11:19:26.879+0000] {processor.py:914} INFO - Processing file /home/ubuntu/airflow-venv/lib/python3.12/site-packages/airflow/example_dags/tutorial_taskflow_api_virtualenv.py for tasks to queue
[2026-02-25T11:19:26.881+0000] {logging_mixin.py:190} INFO - [2026-02-25T11:19:26.881+0000] {dagbag.py:588} INFO - Filling up the DagBag from /home/ubuntu/airflow-venv/lib/python3.12/site-packages/airflow/example_dags/tutorial_taskflow_api_virtualenv.py
[2026-02-25T11:19:26.883+0000] {logging_mixin.py:190} INFO - [2026-02-25T11:19:26.882+0000] {tutorial_taskflow_api_virtualenv.py:29} WARNING - The tutorial_taskflow_api_virtualenv example DAG requires virtualenv, please install it.
[2026-02-25T11:19:26.883+0000] {processor.py:927} WARNING - No viable dags retrieved from /home/ubuntu/airflow-venv/lib/python3.12/site-packages/airflow/example_dags/tutorial_taskflow_api_virtualenv.py
[2026-02-25T11:19:26.890+0000] {processor.py:208} INFO - Processing /home/ubuntu/airflow-venv/lib/python3.12/site-packages/airflow/example_dags/tutorial_taskflow_api_virtualenv.py took 0.015 seconds
[2026-02-25T11:20:15.792+0000] {processor.py:186} INFO - Started process (PID=9944) to work on /home/ubuntu/airflow-venv/lib/python3.12/site-packages/airflow/example_dags/tutorial_taskflow_api_virtualenv.py
[2026-02-25T11:20:15.794+0000] {processor.py:914} INFO - Processing file /home/ubuntu/airflow-venv/lib/python3.12/site-packages/airflow/example_dags/tutorial_taskflow_api_virtualenv.py for tasks to queue
[2026-02-25T11:20:15.795+0000] {logging_mixin.py:190} INFO - [2026-02-25T11:20:15.795+0000] {dagbag.py:588} INFO - Filling up the DagBag from /home/ubuntu/airflow-venv/lib/python3.12/site-packages/airflow/example_dags/tutorial_taskflow_api_virtualenv.py
[2026-02-25T11:20:15.797+0000] {logging_mixin.py:190} INFO - [2026-02-25T11:20:15.797+0000] {tutorial_taskflow_api_virtualenv.py:29} WARNING - The tutorial_taskflow_api_virtualenv example DAG requires virtualenv, please install it.
[2026-02-25T11:20:15.797+0000] {processor.py:927} WARNING - No viable dags retrieved from /home/ubuntu/airflow-venv/lib/python3.12/site-packages/airflow/example_dags/tutorial_taskflow_api_virtualenv.py
[2026-02-25T11:20:15.804+0000] {processor.py:208} INFO - Processing /home/ubuntu/airflow-venv/lib/python3.12/site-packages/airflow/example_dags/tutorial_taskflow_api_virtualenv.py took 0.016 seconds
[2026-02-25T11:20:16.901+0000] {processor.py:186} INFO - Started process (PID=9945) to work on /home/ubuntu/airflow-venv/lib/python3.12/site-packages/airflow/example_dags/tutorial_taskflow_api_virtualenv.py
[2026-02-25T11:20:16.902+0000] {processor.py:914} INFO - Processing file /home/ubuntu/airflow-venv/lib/python3.12/site-packages/airflow/example_dags/tutorial_taskflow_api_virtualenv.py for tasks to queue
[2026-02-25T11:20:16.903+0000] {logging_mixin.py:190} INFO - [2026-02-25T11:20:16.903+0000] {dagbag.py:588} INFO - Filling up the DagBag from /home/ubuntu/airflow-venv/lib/python3.12/site-packages/airflow/example_dags/tutorial_taskflow_api_virtualenv.py
[2026-02-25T11:20:16.905+0000] {logging_mixin.py:190} INFO - [2026-02-25T11:20:16.905+0000] {tutorial_taskflow_api_virtualenv.py:29} WARNING - The tutorial_taskflow_api_virtualenv example DAG requires virtualenv, please install it.
[2026-02-25T11:20:16.905+0000] {processor.py:927} WARNING - No viable dags retrieved from /home/ubuntu/airflow-venv/lib/python3.12/site-packages/airflow/example_dags/tutorial_taskflow_api_virtualenv.py
[2026-02-25T11:20:16.913+0000] {processor.py:208} INFO - Processing /home/ubuntu/airflow-venv/lib/python3.12/site-packages/airflow/example_dags/tutorial_taskflow_api_virtualenv.py took 0.017 seconds
[2026-02-25T11:21:05.290+0000] {processor.py:186} INFO - Started process (PID=10048) to work on /home/ubuntu/airflow-venv/lib/python3.12/site-packages/airflow/example_dags/tutorial_taskflow_api_virtualenv.py
[2026-02-25T11:21:05.291+0000] {processor.py:914} INFO - Processing file /home/ubuntu/airflow-venv/lib/python3.12/site-packages/airflow/example_dags/tutorial_taskflow_api_virtualenv.py for tasks to queue
[2026-02-25T11:21:05.293+0000] {logging_mixin.py:190} INFO - [2026-02-25T11:21:05.293+0000] {dagbag.py:588} INFO - Filling up the DagBag from /home/ubuntu/airflow-venv/lib/python3.12/site-packages/airflow/example_dags/tutorial_taskflow_api_virtualenv.py
[2026-02-25T11:21:05.295+0000] {logging_mixin.py:190} INFO - [2026-02-25T11:21:05.294+0000] {tutorial_taskflow_api_virtualenv.py:29} WARNING - The tutorial_taskflow_api_virtualenv example DAG requires virtualenv, please install it.
[2026-02-25T11:21:05.295+0000] {processor.py:927} WARNING - No viable dags retrieved from /home/ubuntu/airflow-venv/lib/python3.12/site-packages/airflow/example_dags/tutorial_taskflow_api_virtualenv.py
[2026-02-25T11:21:05.302+0000] {processor.py:208} INFO - Processing /home/ubuntu/airflow-venv/lib/python3.12/site-packages/airflow/example_dags/tutorial_taskflow_api_virtualenv.py took 0.015 seconds
[2026-02-25T11:21:06.011+0000] {processor.py:186} INFO - Started process (PID=10049) to work on /home/ubuntu/airflow-venv/lib/python3.12/site-packages/airflow/example_dags/tutorial_taskflow_api_virtualenv.py
[2026-02-25T11:21:06.012+0000] {processor.py:914} INFO - Processing file /home/ubuntu/airflow-venv/lib/python3.12/site-packages/airflow/example_dags/tutorial_taskflow_api_virtualenv.py for tasks to queue
[2026-02-25T11:21:06.013+0000] {logging_mixin.py:190} INFO - [2026-02-25T11:21:06.013+0000] {dagbag.py:588} INFO - Filling up the DagBag from /home/ubuntu/airflow-venv/lib/python3.12/site-packages/airflow/example_dags/tutorial_taskflow_api_virtualenv.py
[2026-02-25T11:21:06.015+0000] {logging_mixin.py:190} INFO - [2026-02-25T11:21:06.014+0000] {tutorial_taskflow_api_virtualenv.py:29} WARNING - The tutorial_taskflow_api_virtualenv example DAG requires virtualenv, please install it.
[2026-02-25T11:21:06.015+0000] {processor.py:927} WARNING - No viable dags retrieved from /home/ubuntu/airflow-venv/lib/python3.12/site-packages/airflow/example_dags/tutorial_taskflow_api_virtualenv.py
[2026-02-25T11:21:06.022+0000] {processor.py:208} INFO - Processing /home/ubuntu/airflow-venv/lib/python3.12/site-packages/airflow/example_dags/tutorial_taskflow_api_virtualenv.py took 0.014 seconds
[2026-02-25T11:21:53.666+0000] {processor.py:186} INFO - Started process (PID=10150) to work on /home/ubuntu/airflow-venv/lib/python3.12/site-packages/airflow/example_dags/tutorial_taskflow_api_virtualenv.py
[2026-02-25T11:21:53.667+0000] {processor.py:914} INFO - Processing file /home/ubuntu/airflow-venv/lib/python3.12/site-packages/airflow/example_dags/tutorial_taskflow_api_virtualenv.py for tasks to queue
[2026-02-25T11:21:53.668+0000] {logging_mixin.py:190} INFO - [2026-02-25T11:21:53.668+0000] {dagbag.py:588} INFO - Filling up the DagBag from /home/ubuntu/airflow-venv/lib/python3.12/site-packages/airflow/example_dags/tutorial_taskflow_api_virtualenv.py
[2026-02-25T11:21:53.670+0000] {logging_mixin.py:190} INFO - [2026-02-25T11:21:53.670+0000] {tutorial_taskflow_api_virtualenv.py:29} WARNING - The tutorial_taskflow_api_virtualenv example DAG requires virtualenv, please install it.
[2026-02-25T11:21:53.670+0000] {processor.py:927} WARNING - No viable dags retrieved from /home/ubuntu/airflow-venv/lib/python3.12/site-packages/airflow/example_dags/tutorial_taskflow_api_virtualenv.py
[2026-02-25T11:21:53.677+0000] {processor.py:208} INFO - Processing /home/ubuntu/airflow-venv/lib/python3.12/site-packages/airflow/example_dags/tutorial_taskflow_api_virtualenv.py took 0.015 seconds
[2026-02-25T11:21:57.089+0000] {processor.py:186} INFO - Started process (PID=10158) to work on /home/ubuntu/airflow-venv/lib/python3.12/site-packages/airflow/example_dags/tutorial_taskflow_api_virtualenv.py
[2026-02-25T11:21:57.090+0000] {processor.py:914} INFO - Processing file /home/ubuntu/airflow-venv/lib/python3.12/site-packages/airflow/example_dags/tutorial_taskflow_api_virtualenv.py for tasks to queue
[2026-02-25T11:21:57.091+0000] {logging_mixin.py:190} INFO - [2026-02-25T11:21:57.091+0000] {dagbag.py:588} INFO - Filling up the DagBag from /home/ubuntu/airflow-venv/lib/python3.12/site-packages/airflow/example_dags/tutorial_taskflow_api_virtualenv.py
[2026-02-25T11:21:57.093+0000] {logging_mixin.py:190} INFO - [2026-02-25T11:21:57.093+0000] {tutorial_taskflow_api_virtualenv.py:29} WARNING - The tutorial_taskflow_api_virtualenv example DAG requires virtualenv, please install it.
[2026-02-25T11:21:57.094+0000] {processor.py:927} WARNING - No viable dags retrieved from /home/ubuntu/airflow-venv/lib/python3.12/site-packages/airflow/example_dags/tutorial_taskflow_api_virtualenv.py
[2026-02-25T11:21:57.103+0000] {processor.py:208} INFO - Processing /home/ubuntu/airflow-venv/lib/python3.12/site-packages/airflow/example_dags/tutorial_taskflow_api_virtualenv.py took 0.019 seconds
[2026-02-25T11:22:45.896+0000] {processor.py:186} INFO - Started process (PID=10258) to work on /home/ubuntu/airflow-venv/lib/python3.12/site-packages/airflow/example_dags/tutorial_taskflow_api_virtualenv.py
[2026-02-25T11:22:45.897+0000] {processor.py:914} INFO - Processing file /home/ubuntu/airflow-venv/lib/python3.12/site-packages/airflow/example_dags/tutorial_taskflow_api_virtualenv.py for tasks to queue
[2026-02-25T11:22:45.898+0000] {logging_mixin.py:190} INFO - [2026-02-25T11:22:45.898+0000] {dagbag.py:588} INFO - Filling up the DagBag from /home/ubuntu/airflow-venv/lib/python3.12/site-packages/airflow/example_dags/tutorial_taskflow_api_virtualenv.py
[2026-02-25T11:22:45.900+0000] {logging_mixin.py:190} INFO - [2026-02-25T11:22:45.900+0000] {tutorial_taskflow_api_virtualenv.py:29} WARNING - The tutorial_taskflow_api_virtualenv example DAG requires virtualenv, please install it.
[2026-02-25T11:22:45.900+0000] {processor.py:927} WARNING - No viable dags retrieved from /home/ubuntu/airflow-venv/lib/python3.12/site-packages/airflow/example_dags/tutorial_taskflow_api_virtualenv.py
[2026-02-25T11:22:45.907+0000] {processor.py:208} INFO - Processing /home/ubuntu/airflow-venv/lib/python3.12/site-packages/airflow/example_dags/tutorial_taskflow_api_virtualenv.py took 0.016 seconds
[2026-02-25T11:22:48.852+0000] {processor.py:186} INFO - Started process (PID=10266) to work on /home/ubuntu/airflow-venv/lib/python3.12/site-packages/airflow/example_dags/tutorial_taskflow_api_virtualenv.py
[2026-02-25T11:22:48.852+0000] {processor.py:914} INFO - Processing file /home/ubuntu/airflow-venv/lib/python3.12/site-packages/airflow/example_dags/tutorial_taskflow_api_virtualenv.py for tasks to queue
[2026-02-25T11:22:48.854+0000] {logging_mixin.py:190} INFO - [2026-02-25T11:22:48.853+0000] {dagbag.py:588} INFO - Filling up the DagBag from /home/ubuntu/airflow-venv/lib/python3.12/site-packages/airflow/example_dags/tutorial_taskflow_api_virtualenv.py
[2026-02-25T11:22:48.855+0000] {logging_mixin.py:190} INFO - [2026-02-25T11:22:48.855+0000] {tutorial_taskflow_api_virtualenv.py:29} WARNING - The tutorial_taskflow_api_virtualenv example DAG requires virtualenv, please install it.
[2026-02-25T11:22:48.856+0000] {processor.py:927} WARNING - No viable dags retrieved from /home/ubuntu/airflow-venv/lib/python3.12/site-packages/airflow/example_dags/tutorial_taskflow_api_virtualenv.py
[2026-02-25T11:22:48.863+0000] {processor.py:208} INFO - Processing /home/ubuntu/airflow-venv/lib/python3.12/site-packages/airflow/example_dags/tutorial_taskflow_api_virtualenv.py took 0.015 seconds
[2026-02-25T11:23:34.974+0000] {processor.py:186} INFO - Started process (PID=10361) to work on /home/ubuntu/airflow-venv/lib/python3.12/site-packages/airflow/example_dags/tutorial_taskflow_api_virtualenv.py
[2026-02-25T11:23:34.975+0000] {processor.py:914} INFO - Processing file /home/ubuntu/airflow-venv/lib/python3.12/site-packages/airflow/example_dags/tutorial_taskflow_api_virtualenv.py for tasks to queue
[2026-02-25T11:23:34.976+0000] {logging_mixin.py:190} INFO - [2026-02-25T11:23:34.976+0000] {dagbag.py:588} INFO - Filling up the DagBag from /home/ubuntu/airflow-venv/lib/python3.12/site-packages/airflow/example_dags/tutorial_taskflow_api_virtualenv.py
[2026-02-25T11:23:34.978+0000] {logging_mixin.py:190} INFO - [2026-02-25T11:23:34.978+0000] {tutorial_taskflow_api_virtualenv.py:29} WARNING - The tutorial_taskflow_api_virtualenv example DAG requires virtualenv, please install it.
[2026-02-25T11:23:34.978+0000] {processor.py:927} WARNING - No viable dags retrieved from /home/ubuntu/airflow-venv/lib/python3.12/site-packages/airflow/example_dags/tutorial_taskflow_api_virtualenv.py
[2026-02-25T11:23:34.985+0000] {processor.py:208} INFO - Processing /home/ubuntu/airflow-venv/lib/python3.12/site-packages/airflow/example_dags/tutorial_taskflow_api_virtualenv.py took 0.015 seconds
[2026-02-25T11:23:39.911+0000] {processor.py:186} INFO - Started process (PID=10371) to work on /home/ubuntu/airflow-venv/lib/python3.12/site-packages/airflow/example_dags/tutorial_taskflow_api_virtualenv.py
[2026-02-25T11:23:39.912+0000] {processor.py:914} INFO - Processing file /home/ubuntu/airflow-venv/lib/python3.12/site-packages/airflow/example_dags/tutorial_taskflow_api_virtualenv.py for tasks to queue
[2026-02-25T11:23:39.913+0000] {logging_mixin.py:190} INFO - [2026-02-25T11:23:39.913+0000] {dagbag.py:588} INFO - Filling up the DagBag from /home/ubuntu/airflow-venv/lib/python3.12/site-packages/airflow/example_dags/tutorial_taskflow_api_virtualenv.py
[2026-02-25T11:23:39.915+0000] {logging_mixin.py:190} INFO - [2026-02-25T11:23:39.915+0000] {tutorial_taskflow_api_virtualenv.py:29} WARNING - The tutorial_taskflow_api_virtualenv example DAG requires virtualenv, please install it.
[2026-02-25T11:23:39.915+0000] {processor.py:927} WARNING - No viable dags retrieved from /home/ubuntu/airflow-venv/lib/python3.12/site-packages/airflow/example_dags/tutorial_taskflow_api_virtualenv.py
[2026-02-25T11:23:39.922+0000] {processor.py:208} INFO - Processing /home/ubuntu/airflow-venv/lib/python3.12/site-packages/airflow/example_dags/tutorial_taskflow_api_virtualenv.py took 0.015 seconds
[2026-02-25T11:24:25.460+0000] {processor.py:186} INFO - Started process (PID=10467) to work on /home/ubuntu/airflow-venv/lib/python3.12/site-packages/airflow/example_dags/tutorial_taskflow_api_virtualenv.py
[2026-02-25T11:24:25.461+0000] {processor.py:914} INFO - Processing file /home/ubuntu/airflow-venv/lib/python3.12/site-packages/airflow/example_dags/tutorial_taskflow_api_virtualenv.py for tasks to queue
[2026-02-25T11:24:25.462+0000] {logging_mixin.py:190} INFO - [2026-02-25T11:24:25.462+0000] {dagbag.py:588} INFO - Filling up the DagBag from /home/ubuntu/airflow-venv/lib/python3.12/site-packages/airflow/example_dags/tutorial_taskflow_api_virtualenv.py
[2026-02-25T11:24:25.464+0000] {logging_mixin.py:190} INFO - [2026-02-25T11:24:25.464+0000] {tutorial_taskflow_api_virtualenv.py:29} WARNING - The tutorial_taskflow_api_virtualenv example DAG requires virtualenv, please install it.
[2026-02-25T11:24:25.464+0000] {processor.py:927} WARNING - No viable dags retrieved from /home/ubuntu/airflow-venv/lib/python3.12/site-packages/airflow/example_dags/tutorial_taskflow_api_virtualenv.py
[2026-02-25T11:24:25.471+0000] {processor.py:208} INFO - Processing /home/ubuntu/airflow-venv/lib/python3.12/site-packages/airflow/example_dags/tutorial_taskflow_api_virtualenv.py took 0.015 seconds
[2026-02-25T11:24:27.897+0000] {processor.py:186} INFO - Started process (PID=10472) to work on /home/ubuntu/airflow-venv/lib/python3.12/site-packages/airflow/example_dags/tutorial_taskflow_api_virtualenv.py
[2026-02-25T11:24:27.898+0000] {processor.py:914} INFO - Processing file /home/ubuntu/airflow-venv/lib/python3.12/site-packages/airflow/example_dags/tutorial_taskflow_api_virtualenv.py for tasks to queue
[2026-02-25T11:24:27.900+0000] {logging_mixin.py:190} INFO - [2026-02-25T11:24:27.899+0000] {dagbag.py:588} INFO - Filling up the DagBag from /home/ubuntu/airflow-venv/lib/python3.12/site-packages/airflow/example_dags/tutorial_taskflow_api_virtualenv.py
[2026-02-25T11:24:27.901+0000] {logging_mixin.py:190} INFO - [2026-02-25T11:24:27.901+0000] {tutorial_taskflow_api_virtualenv.py:29} WARNING - The tutorial_taskflow_api_virtualenv example DAG requires virtualenv, please install it.
[2026-02-25T11:24:27.902+0000] {processor.py:927} WARNING - No viable dags retrieved from /home/ubuntu/airflow-venv/lib/python3.12/site-packages/airflow/example_dags/tutorial_taskflow_api_virtualenv.py
[2026-02-25T11:24:27.909+0000] {processor.py:208} INFO - Processing /home/ubuntu/airflow-venv/lib/python3.12/site-packages/airflow/example_dags/tutorial_taskflow_api_virtualenv.py took 0.016 seconds
[2026-02-25T11:25:17.103+0000] {processor.py:186} INFO - Started process (PID=10577) to work on /home/ubuntu/airflow-venv/lib/python3.12/site-packages/airflow/example_dags/tutorial_taskflow_api_virtualenv.py
[2026-02-25T11:25:17.104+0000] {processor.py:914} INFO - Processing file /home/ubuntu/airflow-venv/lib/python3.12/site-packages/airflow/example_dags/tutorial_taskflow_api_virtualenv.py for tasks to queue
[2026-02-25T11:25:17.106+0000] {logging_mixin.py:190} INFO - [2026-02-25T11:25:17.106+0000] {dagbag.py:588} INFO - Filling up the DagBag from /home/ubuntu/airflow-venv/lib/python3.12/site-packages/airflow/example_dags/tutorial_taskflow_api_virtualenv.py
[2026-02-25T11:25:17.108+0000] {logging_mixin.py:190} INFO - [2026-02-25T11:25:17.107+0000] {tutorial_taskflow_api_virtualenv.py:29} WARNING - The tutorial_taskflow_api_virtualenv example DAG requires virtualenv, please install it.
[2026-02-25T11:25:17.108+0000] {processor.py:927} WARNING - No viable dags retrieved from /home/ubuntu/airflow-venv/lib/python3.12/site-packages/airflow/example_dags/tutorial_taskflow_api_virtualenv.py
[2026-02-25T11:25:17.115+0000] {processor.py:208} INFO - Processing /home/ubuntu/airflow-venv/lib/python3.12/site-packages/airflow/example_dags/tutorial_taskflow_api_virtualenv.py took 0.016 seconds
[2026-02-25T11:25:19.997+0000] {processor.py:186} INFO - Started process (PID=10585) to work on /home/ubuntu/airflow-venv/lib/python3.12/site-packages/airflow/example_dags/tutorial_taskflow_api_virtualenv.py
[2026-02-25T11:25:19.997+0000] {processor.py:914} INFO - Processing file /home/ubuntu/airflow-venv/lib/python3.12/site-packages/airflow/example_dags/tutorial_taskflow_api_virtualenv.py for tasks to queue
[2026-02-25T11:25:19.999+0000] {logging_mixin.py:190} INFO - [2026-02-25T11:25:19.998+0000] {dagbag.py:588} INFO - Filling up the DagBag from /home/ubuntu/airflow-venv/lib/python3.12/site-packages/airflow/example_dags/tutorial_taskflow_api_virtualenv.py
[2026-02-25T11:25:20.000+0000] {logging_mixin.py:190} INFO - [2026-02-25T11:25:20.000+0000] {tutorial_taskflow_api_virtualenv.py:29} WARNING - The tutorial_taskflow_api_virtualenv example DAG requires virtualenv, please install it.
[2026-02-25T11:25:20.001+0000] {processor.py:927} WARNING - No viable dags retrieved from /home/ubuntu/airflow-venv/lib/python3.12/site-packages/airflow/example_dags/tutorial_taskflow_api_virtualenv.py
[2026-02-25T11:25:20.008+0000] {processor.py:208} INFO - Processing /home/ubuntu/airflow-venv/lib/python3.12/site-packages/airflow/example_dags/tutorial_taskflow_api_virtualenv.py took 0.015 seconds
[2026-02-25T11:26:05.039+0000] {processor.py:186} INFO - Started process (PID=10677) to work on /home/ubuntu/airflow-venv/lib/python3.12/site-packages/airflow/example_dags/tutorial_taskflow_api_virtualenv.py
[2026-02-25T11:26:05.041+0000] {processor.py:914} INFO - Processing file /home/ubuntu/airflow-venv/lib/python3.12/site-packages/airflow/example_dags/tutorial_taskflow_api_virtualenv.py for tasks to queue
[2026-02-25T11:26:05.043+0000] {logging_mixin.py:190} INFO - [2026-02-25T11:26:05.042+0000] {dagbag.py:588} INFO - Filling up the DagBag from /home/ubuntu/airflow-venv/lib/python3.12/site-packages/airflow/example_dags/tutorial_taskflow_api_virtualenv.py
[2026-02-25T11:26:05.044+0000] {logging_mixin.py:190} INFO - [2026-02-25T11:26:05.044+0000] {tutorial_taskflow_api_virtualenv.py:29} WARNING - The tutorial_taskflow_api_virtualenv example DAG requires virtualenv, please install it.
[2026-02-25T11:26:05.045+0000] {processor.py:927} WARNING - No viable dags retrieved from /home/ubuntu/airflow-venv/lib/python3.12/site-packages/airflow/example_dags/tutorial_taskflow_api_virtualenv.py
[2026-02-25T11:26:05.052+0000] {processor.py:208} INFO - Processing /home/ubuntu/airflow-venv/lib/python3.12/site-packages/airflow/example_dags/tutorial_taskflow_api_virtualenv.py took 0.017 seconds
[2026-02-25T11:26:11.340+0000] {processor.py:186} INFO - Started process (PID=10692) to work on /home/ubuntu/airflow-venv/lib/python3.12/site-packages/airflow/example_dags/tutorial_taskflow_api_virtualenv.py
[2026-02-25T11:26:11.340+0000] {processor.py:914} INFO - Processing file /home/ubuntu/airflow-venv/lib/python3.12/site-packages/airflow/example_dags/tutorial_taskflow_api_virtualenv.py for tasks to queue
[2026-02-25T11:26:11.342+0000] {logging_mixin.py:190} INFO - [2026-02-25T11:26:11.342+0000] {dagbag.py:588} INFO - Filling up the DagBag from /home/ubuntu/airflow-venv/lib/python3.12/site-packages/airflow/example_dags/tutorial_taskflow_api_virtualenv.py
[2026-02-25T11:26:11.345+0000] {logging_mixin.py:190} INFO - [2026-02-25T11:26:11.345+0000] {tutorial_taskflow_api_virtualenv.py:29} WARNING - The tutorial_taskflow_api_virtualenv example DAG requires virtualenv, please install it.
[2026-02-25T11:26:11.345+0000] {processor.py:927} WARNING - No viable dags retrieved from /home/ubuntu/airflow-venv/lib/python3.12/site-packages/airflow/example_dags/tutorial_taskflow_api_virtualenv.py
[2026-02-25T11:26:11.354+0000] {processor.py:208} INFO - Processing /home/ubuntu/airflow-venv/lib/python3.12/site-packages/airflow/example_dags/tutorial_taskflow_api_virtualenv.py took 0.020 seconds
[2026-02-25T11:26:53.833+0000] {processor.py:186} INFO - Started process (PID=10781) to work on /home/ubuntu/airflow-venv/lib/python3.12/site-packages/airflow/example_dags/tutorial_taskflow_api_virtualenv.py
[2026-02-25T11:26:53.834+0000] {processor.py:914} INFO - Processing file /home/ubuntu/airflow-venv/lib/python3.12/site-packages/airflow/example_dags/tutorial_taskflow_api_virtualenv.py for tasks to queue
[2026-02-25T11:26:53.836+0000] {logging_mixin.py:190} INFO - [2026-02-25T11:26:53.835+0000] {dagbag.py:588} INFO - Filling up the DagBag from /home/ubuntu/airflow-venv/lib/python3.12/site-packages/airflow/example_dags/tutorial_taskflow_api_virtualenv.py
[2026-02-25T11:26:53.837+0000] {logging_mixin.py:190} INFO - [2026-02-25T11:26:53.837+0000] {tutorial_taskflow_api_virtualenv.py:29} WARNING - The tutorial_taskflow_api_virtualenv example DAG requires virtualenv, please install it.
[2026-02-25T11:26:53.838+0000] {processor.py:927} WARNING - No viable dags retrieved from /home/ubuntu/airflow-venv/lib/python3.12/site-packages/airflow/example_dags/tutorial_taskflow_api_virtualenv.py
[2026-02-25T11:26:53.845+0000] {processor.py:208} INFO - Processing /home/ubuntu/airflow-venv/lib/python3.12/site-packages/airflow/example_dags/tutorial_taskflow_api_virtualenv.py took 0.016 seconds
[2026-02-25T11:27:01.977+0000] {processor.py:186} INFO - Started process (PID=10797) to work on /home/ubuntu/airflow-venv/lib/python3.12/site-packages/airflow/example_dags/tutorial_taskflow_api_virtualenv.py
[2026-02-25T11:27:01.978+0000] {processor.py:914} INFO - Processing file /home/ubuntu/airflow-venv/lib/python3.12/site-packages/airflow/example_dags/tutorial_taskflow_api_virtualenv.py for tasks to queue
[2026-02-25T11:27:01.979+0000] {logging_mixin.py:190} INFO - [2026-02-25T11:27:01.979+0000] {dagbag.py:588} INFO - Filling up the DagBag from /home/ubuntu/airflow-venv/lib/python3.12/site-packages/airflow/example_dags/tutorial_taskflow_api_virtualenv.py
[2026-02-25T11:27:01.981+0000] {logging_mixin.py:190} INFO - [2026-02-25T11:27:01.980+0000] {tutorial_taskflow_api_virtualenv.py:29} WARNING - The tutorial_taskflow_api_virtualenv example DAG requires virtualenv, please install it.
[2026-02-25T11:27:01.981+0000] {processor.py:927} WARNING - No viable dags retrieved from /home/ubuntu/airflow-venv/lib/python3.12/site-packages/airflow/example_dags/tutorial_taskflow_api_virtualenv.py
[2026-02-25T11:27:01.988+0000] {processor.py:208} INFO - Processing /home/ubuntu/airflow-venv/lib/python3.12/site-packages/airflow/example_dags/tutorial_taskflow_api_virtualenv.py took 0.015 seconds
[2026-02-25T11:27:44.961+0000] {processor.py:186} INFO - Started process (PID=10886) to work on /home/ubuntu/airflow-venv/lib/python3.12/site-packages/airflow/example_dags/tutorial_taskflow_api_virtualenv.py
[2026-02-25T11:27:44.963+0000] {processor.py:914} INFO - Processing file /home/ubuntu/airflow-venv/lib/python3.12/site-packages/airflow/example_dags/tutorial_taskflow_api_virtualenv.py for tasks to queue
[2026-02-25T11:27:44.965+0000] {logging_mixin.py:190} INFO - [2026-02-25T11:27:44.965+0000] {dagbag.py:588} INFO - Filling up the DagBag from /home/ubuntu/airflow-venv/lib/python3.12/site-packages/airflow/example_dags/tutorial_taskflow_api_virtualenv.py
[2026-02-25T11:27:44.967+0000] {logging_mixin.py:190} INFO - [2026-02-25T11:27:44.967+0000] {tutorial_taskflow_api_virtualenv.py:29} WARNING - The tutorial_taskflow_api_virtualenv example DAG requires virtualenv, please install it.
[2026-02-25T11:27:44.967+0000] {processor.py:927} WARNING - No viable dags retrieved from /home/ubuntu/airflow-venv/lib/python3.12/site-packages/airflow/example_dags/tutorial_taskflow_api_virtualenv.py
[2026-02-25T11:27:44.974+0000] {processor.py:208} INFO - Processing /home/ubuntu/airflow-venv/lib/python3.12/site-packages/airflow/example_dags/tutorial_taskflow_api_virtualenv.py took 0.017 seconds
[2026-02-25T11:27:52.635+0000] {processor.py:186} INFO - Started process (PID=10902) to work on /home/ubuntu/airflow-venv/lib/python3.12/site-packages/airflow/example_dags/tutorial_taskflow_api_virtualenv.py
[2026-02-25T11:27:52.636+0000] {processor.py:914} INFO - Processing file /home/ubuntu/airflow-venv/lib/python3.12/site-packages/airflow/example_dags/tutorial_taskflow_api_virtualenv.py for tasks to queue
[2026-02-25T11:27:52.637+0000] {logging_mixin.py:190} INFO - [2026-02-25T11:27:52.637+0000] {dagbag.py:588} INFO - Filling up the DagBag from /home/ubuntu/airflow-venv/lib/python3.12/site-packages/airflow/example_dags/tutorial_taskflow_api_virtualenv.py
[2026-02-25T11:27:52.639+0000] {logging_mixin.py:190} INFO - [2026-02-25T11:27:52.639+0000] {tutorial_taskflow_api_virtualenv.py:29} WARNING - The tutorial_taskflow_api_virtualenv example DAG requires virtualenv, please install it.
[2026-02-25T11:27:52.639+0000] {processor.py:927} WARNING - No viable dags retrieved from /home/ubuntu/airflow-venv/lib/python3.12/site-packages/airflow/example_dags/tutorial_taskflow_api_virtualenv.py
[2026-02-25T11:27:52.647+0000] {processor.py:208} INFO - Processing /home/ubuntu/airflow-venv/lib/python3.12/site-packages/airflow/example_dags/tutorial_taskflow_api_virtualenv.py took 0.016 seconds
[2026-02-25T11:28:36.224+0000] {processor.py:186} INFO - Started process (PID=10992) to work on /home/ubuntu/airflow-venv/lib/python3.12/site-packages/airflow/example_dags/tutorial_taskflow_api_virtualenv.py
[2026-02-25T11:28:36.226+0000] {processor.py:914} INFO - Processing file /home/ubuntu/airflow-venv/lib/python3.12/site-packages/airflow/example_dags/tutorial_taskflow_api_virtualenv.py for tasks to queue
[2026-02-25T11:28:36.227+0000] {logging_mixin.py:190} INFO - [2026-02-25T11:28:36.227+0000] {dagbag.py:588} INFO - Filling up the DagBag from /home/ubuntu/airflow-venv/lib/python3.12/site-packages/airflow/example_dags/tutorial_taskflow_api_virtualenv.py
[2026-02-25T11:28:36.229+0000] {logging_mixin.py:190} INFO - [2026-02-25T11:28:36.229+0000] {tutorial_taskflow_api_virtualenv.py:29} WARNING - The tutorial_taskflow_api_virtualenv example DAG requires virtualenv, please install it.
[2026-02-25T11:28:36.229+0000] {processor.py:927} WARNING - No viable dags retrieved from /home/ubuntu/airflow-venv/lib/python3.12/site-packages/airflow/example_dags/tutorial_taskflow_api_virtualenv.py
[2026-02-25T11:28:36.237+0000] {processor.py:208} INFO - Processing /home/ubuntu/airflow-venv/lib/python3.12/site-packages/airflow/example_dags/tutorial_taskflow_api_virtualenv.py took 0.016 seconds
[2026-02-25T11:28:40.311+0000] {processor.py:186} INFO - Started process (PID=11003) to work on /home/ubuntu/airflow-venv/lib/python3.12/site-packages/airflow/example_dags/tutorial_taskflow_api_virtualenv.py
[2026-02-25T11:28:40.312+0000] {processor.py:914} INFO - Processing file /home/ubuntu/airflow-venv/lib/python3.12/site-packages/airflow/example_dags/tutorial_taskflow_api_virtualenv.py for tasks to queue
[2026-02-25T11:28:40.313+0000] {logging_mixin.py:190} INFO - [2026-02-25T11:28:40.313+0000] {dagbag.py:588} INFO - Filling up the DagBag from /home/ubuntu/airflow-venv/lib/python3.12/site-packages/airflow/example_dags/tutorial_taskflow_api_virtualenv.py
[2026-02-25T11:28:40.315+0000] {logging_mixin.py:190} INFO - [2026-02-25T11:28:40.315+0000] {tutorial_taskflow_api_virtualenv.py:29} WARNING - The tutorial_taskflow_api_virtualenv example DAG requires virtualenv, please install it.
[2026-02-25T11:28:40.315+0000] {processor.py:927} WARNING - No viable dags retrieved from /home/ubuntu/airflow-venv/lib/python3.12/site-packages/airflow/example_dags/tutorial_taskflow_api_virtualenv.py
[2026-02-25T11:28:40.323+0000] {processor.py:208} INFO - Processing /home/ubuntu/airflow-venv/lib/python3.12/site-packages/airflow/example_dags/tutorial_taskflow_api_virtualenv.py took 0.015 seconds
[2026-02-25T11:29:27.437+0000] {processor.py:186} INFO - Started process (PID=11098) to work on /home/ubuntu/airflow-venv/lib/python3.12/site-packages/airflow/example_dags/tutorial_taskflow_api_virtualenv.py
[2026-02-25T11:29:27.438+0000] {processor.py:914} INFO - Processing file /home/ubuntu/airflow-venv/lib/python3.12/site-packages/airflow/example_dags/tutorial_taskflow_api_virtualenv.py for tasks to queue
[2026-02-25T11:29:27.440+0000] {logging_mixin.py:190} INFO - [2026-02-25T11:29:27.439+0000] {dagbag.py:588} INFO - Filling up the DagBag from /home/ubuntu/airflow-venv/lib/python3.12/site-packages/airflow/example_dags/tutorial_taskflow_api_virtualenv.py
[2026-02-25T11:29:27.442+0000] {logging_mixin.py:190} INFO - [2026-02-25T11:29:27.441+0000] {tutorial_taskflow_api_virtualenv.py:29} WARNING - The tutorial_taskflow_api_virtualenv example DAG requires virtualenv, please install it.
[2026-02-25T11:29:27.442+0000] {processor.py:927} WARNING - No viable dags retrieved from /home/ubuntu/airflow-venv/lib/python3.12/site-packages/airflow/example_dags/tutorial_taskflow_api_virtualenv.py
[2026-02-25T11:29:27.449+0000] {processor.py:208} INFO - Processing /home/ubuntu/airflow-venv/lib/python3.12/site-packages/airflow/example_dags/tutorial_taskflow_api_virtualenv.py took 0.016 seconds
[2026-02-25T11:29:31.578+0000] {processor.py:186} INFO - Started process (PID=11107) to work on /home/ubuntu/airflow-venv/lib/python3.12/site-packages/airflow/example_dags/tutorial_taskflow_api_virtualenv.py
[2026-02-25T11:29:31.579+0000] {processor.py:914} INFO - Processing file /home/ubuntu/airflow-venv/lib/python3.12/site-packages/airflow/example_dags/tutorial_taskflow_api_virtualenv.py for tasks to queue
[2026-02-25T11:29:31.580+0000] {logging_mixin.py:190} INFO - [2026-02-25T11:29:31.580+0000] {dagbag.py:588} INFO - Filling up the DagBag from /home/ubuntu/airflow-venv/lib/python3.12/site-packages/airflow/example_dags/tutorial_taskflow_api_virtualenv.py
[2026-02-25T11:29:31.582+0000] {logging_mixin.py:190} INFO - [2026-02-25T11:29:31.582+0000] {tutorial_taskflow_api_virtualenv.py:29} WARNING - The tutorial_taskflow_api_virtualenv example DAG requires virtualenv, please install it.
[2026-02-25T11:29:31.582+0000] {processor.py:927} WARNING - No viable dags retrieved from /home/ubuntu/airflow-venv/lib/python3.12/site-packages/airflow/example_dags/tutorial_taskflow_api_virtualenv.py
[2026-02-25T11:29:31.589+0000] {processor.py:208} INFO - Processing /home/ubuntu/airflow-venv/lib/python3.12/site-packages/airflow/example_dags/tutorial_taskflow_api_virtualenv.py took 0.015 seconds
[2026-02-25T11:30:18.456+0000] {processor.py:186} INFO - Started process (PID=11213) to work on /home/ubuntu/airflow-venv/lib/python3.12/site-packages/airflow/example_dags/tutorial_taskflow_api_virtualenv.py
[2026-02-25T11:30:18.457+0000] {processor.py:914} INFO - Processing file /home/ubuntu/airflow-venv/lib/python3.12/site-packages/airflow/example_dags/tutorial_taskflow_api_virtualenv.py for tasks to queue
[2026-02-25T11:30:18.458+0000] {logging_mixin.py:190} INFO - [2026-02-25T11:30:18.458+0000] {dagbag.py:588} INFO - Filling up the DagBag from /home/ubuntu/airflow-venv/lib/python3.12/site-packages/airflow/example_dags/tutorial_taskflow_api_virtualenv.py
[2026-02-25T11:30:18.460+0000] {logging_mixin.py:190} INFO - [2026-02-25T11:30:18.460+0000] {tutorial_taskflow_api_virtualenv.py:29} WARNING - The tutorial_taskflow_api_virtualenv example DAG requires virtualenv, please install it.
[2026-02-25T11:30:18.460+0000] {processor.py:927} WARNING - No viable dags retrieved from /home/ubuntu/airflow-venv/lib/python3.12/site-packages/airflow/example_dags/tutorial_taskflow_api_virtualenv.py
[2026-02-25T11:30:18.468+0000] {processor.py:208} INFO - Processing /home/ubuntu/airflow-venv/lib/python3.12/site-packages/airflow/example_dags/tutorial_taskflow_api_virtualenv.py took 0.016 seconds
[2026-02-25T11:30:18.979+0000] {processor.py:186} INFO - Started process (PID=11214) to work on /home/ubuntu/airflow-venv/lib/python3.12/site-packages/airflow/example_dags/tutorial_taskflow_api_virtualenv.py
[2026-02-25T11:30:18.980+0000] {processor.py:914} INFO - Processing file /home/ubuntu/airflow-venv/lib/python3.12/site-packages/airflow/example_dags/tutorial_taskflow_api_virtualenv.py for tasks to queue
[2026-02-25T11:30:18.981+0000] {logging_mixin.py:190} INFO - [2026-02-25T11:30:18.981+0000] {dagbag.py:588} INFO - Filling up the DagBag from /home/ubuntu/airflow-venv/lib/python3.12/site-packages/airflow/example_dags/tutorial_taskflow_api_virtualenv.py
[2026-02-25T11:30:18.983+0000] {logging_mixin.py:190} INFO - [2026-02-25T11:30:18.983+0000] {tutorial_taskflow_api_virtualenv.py:29} WARNING - The tutorial_taskflow_api_virtualenv example DAG requires virtualenv, please install it.
[2026-02-25T11:30:18.983+0000] {processor.py:927} WARNING - No viable dags retrieved from /home/ubuntu/airflow-venv/lib/python3.12/site-packages/airflow/example_dags/tutorial_taskflow_api_virtualenv.py
[2026-02-25T11:30:18.990+0000] {processor.py:208} INFO - Processing /home/ubuntu/airflow-venv/lib/python3.12/site-packages/airflow/example_dags/tutorial_taskflow_api_virtualenv.py took 0.015 seconds
[2026-02-25T11:31:06.067+0000] {processor.py:186} INFO - Started process (PID=11312) to work on /home/ubuntu/airflow-venv/lib/python3.12/site-packages/airflow/example_dags/tutorial_taskflow_api_virtualenv.py
[2026-02-25T11:31:06.068+0000] {processor.py:914} INFO - Processing file /home/ubuntu/airflow-venv/lib/python3.12/site-packages/airflow/example_dags/tutorial_taskflow_api_virtualenv.py for tasks to queue
[2026-02-25T11:31:06.070+0000] {logging_mixin.py:190} INFO - [2026-02-25T11:31:06.070+0000] {dagbag.py:588} INFO - Filling up the DagBag from /home/ubuntu/airflow-venv/lib/python3.12/site-packages/airflow/example_dags/tutorial_taskflow_api_virtualenv.py
[2026-02-25T11:31:06.072+0000] {logging_mixin.py:190} INFO - [2026-02-25T11:31:06.071+0000] {tutorial_taskflow_api_virtualenv.py:29} WARNING - The tutorial_taskflow_api_virtualenv example DAG requires virtualenv, please install it.
[2026-02-25T11:31:06.072+0000] {processor.py:927} WARNING - No viable dags retrieved from /home/ubuntu/airflow-venv/lib/python3.12/site-packages/airflow/example_dags/tutorial_taskflow_api_virtualenv.py
[2026-02-25T11:31:06.079+0000] {processor.py:208} INFO - Processing /home/ubuntu/airflow-venv/lib/python3.12/site-packages/airflow/example_dags/tutorial_taskflow_api_virtualenv.py took 0.015 seconds
[2026-02-25T11:31:06.311+0000] {processor.py:186} INFO - Started process (PID=11313) to work on /home/ubuntu/airflow-venv/lib/python3.12/site-packages/airflow/example_dags/tutorial_taskflow_api_virtualenv.py
[2026-02-25T11:31:06.312+0000] {processor.py:914} INFO - Processing file /home/ubuntu/airflow-venv/lib/python3.12/site-packages/airflow/example_dags/tutorial_taskflow_api_virtualenv.py for tasks to queue
[2026-02-25T11:31:06.313+0000] {logging_mixin.py:190} INFO - [2026-02-25T11:31:06.313+0000] {dagbag.py:588} INFO - Filling up the DagBag from /home/ubuntu/airflow-venv/lib/python3.12/site-packages/airflow/example_dags/tutorial_taskflow_api_virtualenv.py
[2026-02-25T11:31:06.315+0000] {logging_mixin.py:190} INFO - [2026-02-25T11:31:06.315+0000] {tutorial_taskflow_api_virtualenv.py:29} WARNING - The tutorial_taskflow_api_virtualenv example DAG requires virtualenv, please install it.
[2026-02-25T11:31:06.315+0000] {processor.py:927} WARNING - No viable dags retrieved from /home/ubuntu/airflow-venv/lib/python3.12/site-packages/airflow/example_dags/tutorial_taskflow_api_virtualenv.py
[2026-02-25T11:31:06.322+0000] {processor.py:208} INFO - Processing /home/ubuntu/airflow-venv/lib/python3.12/site-packages/airflow/example_dags/tutorial_taskflow_api_virtualenv.py took 0.015 seconds
[2026-02-25T11:31:54.539+0000] {processor.py:186} INFO - Started process (PID=11413) to work on /home/ubuntu/airflow-venv/lib/python3.12/site-packages/airflow/example_dags/tutorial_taskflow_api_virtualenv.py
[2026-02-25T11:31:54.540+0000] {processor.py:914} INFO - Processing file /home/ubuntu/airflow-venv/lib/python3.12/site-packages/airflow/example_dags/tutorial_taskflow_api_virtualenv.py for tasks to queue
[2026-02-25T11:31:54.542+0000] {logging_mixin.py:190} INFO - [2026-02-25T11:31:54.541+0000] {dagbag.py:588} INFO - Filling up the DagBag from /home/ubuntu/airflow-venv/lib/python3.12/site-packages/airflow/example_dags/tutorial_taskflow_api_virtualenv.py
[2026-02-25T11:31:54.543+0000] {logging_mixin.py:190} INFO - [2026-02-25T11:31:54.543+0000] {tutorial_taskflow_api_virtualenv.py:29} WARNING - The tutorial_taskflow_api_virtualenv example DAG requires virtualenv, please install it.
[2026-02-25T11:31:54.544+0000] {processor.py:927} WARNING - No viable dags retrieved from /home/ubuntu/airflow-venv/lib/python3.12/site-packages/airflow/example_dags/tutorial_taskflow_api_virtualenv.py
[2026-02-25T11:31:54.550+0000] {processor.py:208} INFO - Processing /home/ubuntu/airflow-venv/lib/python3.12/site-packages/airflow/example_dags/tutorial_taskflow_api_virtualenv.py took 0.015 seconds
[2026-02-25T11:31:55.157+0000] {processor.py:186} INFO - Started process (PID=11414) to work on /home/ubuntu/airflow-venv/lib/python3.12/site-packages/airflow/example_dags/tutorial_taskflow_api_virtualenv.py
[2026-02-25T11:31:55.158+0000] {processor.py:914} INFO - Processing file /home/ubuntu/airflow-venv/lib/python3.12/site-packages/airflow/example_dags/tutorial_taskflow_api_virtualenv.py for tasks to queue
[2026-02-25T11:31:55.159+0000] {logging_mixin.py:190} INFO - [2026-02-25T11:31:55.159+0000] {dagbag.py:588} INFO - Filling up the DagBag from /home/ubuntu/airflow-venv/lib/python3.12/site-packages/airflow/example_dags/tutorial_taskflow_api_virtualenv.py
[2026-02-25T11:31:55.161+0000] {logging_mixin.py:190} INFO - [2026-02-25T11:31:55.161+0000] {tutorial_taskflow_api_virtualenv.py:29} WARNING - The tutorial_taskflow_api_virtualenv example DAG requires virtualenv, please install it.
[2026-02-25T11:31:55.161+0000] {processor.py:927} WARNING - No viable dags retrieved from /home/ubuntu/airflow-venv/lib/python3.12/site-packages/airflow/example_dags/tutorial_taskflow_api_virtualenv.py
[2026-02-25T11:31:55.168+0000] {processor.py:208} INFO - Processing /home/ubuntu/airflow-venv/lib/python3.12/site-packages/airflow/example_dags/tutorial_taskflow_api_virtualenv.py took 0.015 seconds
[2026-02-25T11:32:45.196+0000] {processor.py:186} INFO - Started process (PID=11519) to work on /home/ubuntu/airflow-venv/lib/python3.12/site-packages/airflow/example_dags/tutorial_taskflow_api_virtualenv.py
[2026-02-25T11:32:45.197+0000] {processor.py:914} INFO - Processing file /home/ubuntu/airflow-venv/lib/python3.12/site-packages/airflow/example_dags/tutorial_taskflow_api_virtualenv.py for tasks to queue
[2026-02-25T11:32:45.198+0000] {logging_mixin.py:190} INFO - [2026-02-25T11:32:45.198+0000] {dagbag.py:588} INFO - Filling up the DagBag from /home/ubuntu/airflow-venv/lib/python3.12/site-packages/airflow/example_dags/tutorial_taskflow_api_virtualenv.py
[2026-02-25T11:32:45.200+0000] {logging_mixin.py:190} INFO - [2026-02-25T11:32:45.200+0000] {tutorial_taskflow_api_virtualenv.py:29} WARNING - The tutorial_taskflow_api_virtualenv example DAG requires virtualenv, please install it.
[2026-02-25T11:32:45.200+0000] {processor.py:927} WARNING - No viable dags retrieved from /home/ubuntu/airflow-venv/lib/python3.12/site-packages/airflow/example_dags/tutorial_taskflow_api_virtualenv.py
[2026-02-25T11:32:45.207+0000] {processor.py:208} INFO - Processing /home/ubuntu/airflow-venv/lib/python3.12/site-packages/airflow/example_dags/tutorial_taskflow_api_virtualenv.py took 0.016 seconds
[2026-02-25T11:32:45.409+0000] {processor.py:186} INFO - Started process (PID=11520) to work on /home/ubuntu/airflow-venv/lib/python3.12/site-packages/airflow/example_dags/tutorial_taskflow_api_virtualenv.py
[2026-02-25T11:32:45.409+0000] {processor.py:914} INFO - Processing file /home/ubuntu/airflow-venv/lib/python3.12/site-packages/airflow/example_dags/tutorial_taskflow_api_virtualenv.py for tasks to queue
[2026-02-25T11:32:45.411+0000] {logging_mixin.py:190} INFO - [2026-02-25T11:32:45.411+0000] {dagbag.py:588} INFO - Filling up the DagBag from /home/ubuntu/airflow-venv/lib/python3.12/site-packages/airflow/example_dags/tutorial_taskflow_api_virtualenv.py
[2026-02-25T11:32:45.413+0000] {logging_mixin.py:190} INFO - [2026-02-25T11:32:45.412+0000] {tutorial_taskflow_api_virtualenv.py:29} WARNING - The tutorial_taskflow_api_virtualenv example DAG requires virtualenv, please install it.
[2026-02-25T11:32:45.413+0000] {processor.py:927} WARNING - No viable dags retrieved from /home/ubuntu/airflow-venv/lib/python3.12/site-packages/airflow/example_dags/tutorial_taskflow_api_virtualenv.py
[2026-02-25T11:32:45.420+0000] {processor.py:208} INFO - Processing /home/ubuntu/airflow-venv/lib/python3.12/site-packages/airflow/example_dags/tutorial_taskflow_api_virtualenv.py took 0.015 seconds
[2026-02-25T11:33:32.522+0000] {processor.py:186} INFO - Started process (PID=11619) to work on /home/ubuntu/airflow-venv/lib/python3.12/site-packages/airflow/example_dags/tutorial_taskflow_api_virtualenv.py
[2026-02-25T11:33:32.523+0000] {processor.py:914} INFO - Processing file /home/ubuntu/airflow-venv/lib/python3.12/site-packages/airflow/example_dags/tutorial_taskflow_api_virtualenv.py for tasks to queue
[2026-02-25T11:33:32.524+0000] {logging_mixin.py:190} INFO - [2026-02-25T11:33:32.524+0000] {dagbag.py:588} INFO - Filling up the DagBag from /home/ubuntu/airflow-venv/lib/python3.12/site-packages/airflow/example_dags/tutorial_taskflow_api_virtualenv.py
[2026-02-25T11:33:32.526+0000] {logging_mixin.py:190} INFO - [2026-02-25T11:33:32.526+0000] {tutorial_taskflow_api_virtualenv.py:29} WARNING - The tutorial_taskflow_api_virtualenv example DAG requires virtualenv, please install it.
[2026-02-25T11:33:32.526+0000] {processor.py:927} WARNING - No viable dags retrieved from /home/ubuntu/airflow-venv/lib/python3.12/site-packages/airflow/example_dags/tutorial_taskflow_api_virtualenv.py
[2026-02-25T11:33:32.533+0000] {processor.py:208} INFO - Processing /home/ubuntu/airflow-venv/lib/python3.12/site-packages/airflow/example_dags/tutorial_taskflow_api_virtualenv.py took 0.016 seconds
[2026-02-25T11:33:35.767+0000] {processor.py:186} INFO - Started process (PID=11626) to work on /home/ubuntu/airflow-venv/lib/python3.12/site-packages/airflow/example_dags/tutorial_taskflow_api_virtualenv.py
[2026-02-25T11:33:35.767+0000] {processor.py:914} INFO - Processing file /home/ubuntu/airflow-venv/lib/python3.12/site-packages/airflow/example_dags/tutorial_taskflow_api_virtualenv.py for tasks to queue
[2026-02-25T11:33:35.769+0000] {logging_mixin.py:190} INFO - [2026-02-25T11:33:35.769+0000] {dagbag.py:588} INFO - Filling up the DagBag from /home/ubuntu/airflow-venv/lib/python3.12/site-packages/airflow/example_dags/tutorial_taskflow_api_virtualenv.py
[2026-02-25T11:33:35.771+0000] {logging_mixin.py:190} INFO - [2026-02-25T11:33:35.770+0000] {tutorial_taskflow_api_virtualenv.py:29} WARNING - The tutorial_taskflow_api_virtualenv example DAG requires virtualenv, please install it.
[2026-02-25T11:33:35.771+0000] {processor.py:927} WARNING - No viable dags retrieved from /home/ubuntu/airflow-venv/lib/python3.12/site-packages/airflow/example_dags/tutorial_taskflow_api_virtualenv.py
[2026-02-25T11:33:35.778+0000] {processor.py:208} INFO - Processing /home/ubuntu/airflow-venv/lib/python3.12/site-packages/airflow/example_dags/tutorial_taskflow_api_virtualenv.py took 0.015 seconds
[2026-02-25T11:34:18.621+0000] {processor.py:186} INFO - Started process (PID=11716) to work on /home/ubuntu/airflow-venv/lib/python3.12/site-packages/airflow/example_dags/tutorial_taskflow_api_virtualenv.py
[2026-02-25T11:34:18.622+0000] {processor.py:914} INFO - Processing file /home/ubuntu/airflow-venv/lib/python3.12/site-packages/airflow/example_dags/tutorial_taskflow_api_virtualenv.py for tasks to queue
[2026-02-25T11:34:18.624+0000] {logging_mixin.py:190} INFO - [2026-02-25T11:34:18.623+0000] {dagbag.py:588} INFO - Filling up the DagBag from /home/ubuntu/airflow-venv/lib/python3.12/site-packages/airflow/example_dags/tutorial_taskflow_api_virtualenv.py
[2026-02-25T11:34:18.625+0000] {logging_mixin.py:190} INFO - [2026-02-25T11:34:18.625+0000] {tutorial_taskflow_api_virtualenv.py:29} WARNING - The tutorial_taskflow_api_virtualenv example DAG requires virtualenv, please install it.
[2026-02-25T11:34:18.625+0000] {processor.py:927} WARNING - No viable dags retrieved from /home/ubuntu/airflow-venv/lib/python3.12/site-packages/airflow/example_dags/tutorial_taskflow_api_virtualenv.py
[2026-02-25T11:34:18.633+0000] {processor.py:208} INFO - Processing /home/ubuntu/airflow-venv/lib/python3.12/site-packages/airflow/example_dags/tutorial_taskflow_api_virtualenv.py took 0.016 seconds
[2026-02-25T11:34:25.281+0000] {processor.py:186} INFO - Started process (PID=11730) to work on /home/ubuntu/airflow-venv/lib/python3.12/site-packages/airflow/example_dags/tutorial_taskflow_api_virtualenv.py
[2026-02-25T11:34:25.282+0000] {processor.py:914} INFO - Processing file /home/ubuntu/airflow-venv/lib/python3.12/site-packages/airflow/example_dags/tutorial_taskflow_api_virtualenv.py for tasks to queue
[2026-02-25T11:34:25.283+0000] {logging_mixin.py:190} INFO - [2026-02-25T11:34:25.283+0000] {dagbag.py:588} INFO - Filling up the DagBag from /home/ubuntu/airflow-venv/lib/python3.12/site-packages/airflow/example_dags/tutorial_taskflow_api_virtualenv.py
[2026-02-25T11:34:25.285+0000] {logging_mixin.py:190} INFO - [2026-02-25T11:34:25.285+0000] {tutorial_taskflow_api_virtualenv.py:29} WARNING - The tutorial_taskflow_api_virtualenv example DAG requires virtualenv, please install it.
[2026-02-25T11:34:25.285+0000] {processor.py:927} WARNING - No viable dags retrieved from /home/ubuntu/airflow-venv/lib/python3.12/site-packages/airflow/example_dags/tutorial_taskflow_api_virtualenv.py
[2026-02-25T11:34:25.293+0000] {processor.py:208} INFO - Processing /home/ubuntu/airflow-venv/lib/python3.12/site-packages/airflow/example_dags/tutorial_taskflow_api_virtualenv.py took 0.015 seconds
[2026-02-25T11:35:07.018+0000] {processor.py:186} INFO - Started process (PID=11833) to work on /home/ubuntu/airflow-venv/lib/python3.12/site-packages/airflow/example_dags/tutorial_taskflow_api_virtualenv.py
[2026-02-25T11:35:07.019+0000] {processor.py:914} INFO - Processing file /home/ubuntu/airflow-venv/lib/python3.12/site-packages/airflow/example_dags/tutorial_taskflow_api_virtualenv.py for tasks to queue
[2026-02-25T11:35:07.021+0000] {logging_mixin.py:190} INFO - [2026-02-25T11:35:07.021+0000] {dagbag.py:588} INFO - Filling up the DagBag from /home/ubuntu/airflow-venv/lib/python3.12/site-packages/airflow/example_dags/tutorial_taskflow_api_virtualenv.py
[2026-02-25T11:35:07.023+0000] {logging_mixin.py:190} INFO - [2026-02-25T11:35:07.022+0000] {tutorial_taskflow_api_virtualenv.py:29} WARNING - The tutorial_taskflow_api_virtualenv example DAG requires virtualenv, please install it.
[2026-02-25T11:35:07.023+0000] {processor.py:927} WARNING - No viable dags retrieved from /home/ubuntu/airflow-venv/lib/python3.12/site-packages/airflow/example_dags/tutorial_taskflow_api_virtualenv.py
[2026-02-25T11:35:07.030+0000] {processor.py:208} INFO - Processing /home/ubuntu/airflow-venv/lib/python3.12/site-packages/airflow/example_dags/tutorial_taskflow_api_virtualenv.py took 0.016 seconds
[2026-02-25T11:35:16.884+0000] {processor.py:186} INFO - Started process (PID=11856) to work on /home/ubuntu/airflow-venv/lib/python3.12/site-packages/airflow/example_dags/tutorial_taskflow_api_virtualenv.py
[2026-02-25T11:35:16.884+0000] {processor.py:914} INFO - Processing file /home/ubuntu/airflow-venv/lib/python3.12/site-packages/airflow/example_dags/tutorial_taskflow_api_virtualenv.py for tasks to queue
[2026-02-25T11:35:16.886+0000] {logging_mixin.py:190} INFO - [2026-02-25T11:35:16.885+0000] {dagbag.py:588} INFO - Filling up the DagBag from /home/ubuntu/airflow-venv/lib/python3.12/site-packages/airflow/example_dags/tutorial_taskflow_api_virtualenv.py
[2026-02-25T11:35:16.887+0000] {logging_mixin.py:190} INFO - [2026-02-25T11:35:16.887+0000] {tutorial_taskflow_api_virtualenv.py:29} WARNING - The tutorial_taskflow_api_virtualenv example DAG requires virtualenv, please install it.
[2026-02-25T11:35:16.887+0000] {processor.py:927} WARNING - No viable dags retrieved from /home/ubuntu/airflow-venv/lib/python3.12/site-packages/airflow/example_dags/tutorial_taskflow_api_virtualenv.py
[2026-02-25T11:35:16.895+0000] {processor.py:208} INFO - Processing /home/ubuntu/airflow-venv/lib/python3.12/site-packages/airflow/example_dags/tutorial_taskflow_api_virtualenv.py took 0.015 seconds
[2026-02-25T11:35:55.305+0000] {processor.py:186} INFO - Started process (PID=11939) to work on /home/ubuntu/airflow-venv/lib/python3.12/site-packages/airflow/example_dags/tutorial_taskflow_api_virtualenv.py
[2026-02-25T11:35:55.306+0000] {processor.py:914} INFO - Processing file /home/ubuntu/airflow-venv/lib/python3.12/site-packages/airflow/example_dags/tutorial_taskflow_api_virtualenv.py for tasks to queue
[2026-02-25T11:35:55.308+0000] {logging_mixin.py:190} INFO - [2026-02-25T11:35:55.307+0000] {dagbag.py:588} INFO - Filling up the DagBag from /home/ubuntu/airflow-venv/lib/python3.12/site-packages/airflow/example_dags/tutorial_taskflow_api_virtualenv.py
[2026-02-25T11:35:55.309+0000] {logging_mixin.py:190} INFO - [2026-02-25T11:35:55.309+0000] {tutorial_taskflow_api_virtualenv.py:29} WARNING - The tutorial_taskflow_api_virtualenv example DAG requires virtualenv, please install it.
[2026-02-25T11:35:55.310+0000] {processor.py:927} WARNING - No viable dags retrieved from /home/ubuntu/airflow-venv/lib/python3.12/site-packages/airflow/example_dags/tutorial_taskflow_api_virtualenv.py
[2026-02-25T11:35:55.317+0000] {processor.py:208} INFO - Processing /home/ubuntu/airflow-venv/lib/python3.12/site-packages/airflow/example_dags/tutorial_taskflow_api_virtualenv.py took 0.017 seconds
[2026-02-25T11:36:04.606+0000] {processor.py:186} INFO - Started process (PID=11959) to work on /home/ubuntu/airflow-venv/lib/python3.12/site-packages/airflow/example_dags/tutorial_taskflow_api_virtualenv.py
[2026-02-25T11:36:04.607+0000] {processor.py:914} INFO - Processing file /home/ubuntu/airflow-venv/lib/python3.12/site-packages/airflow/example_dags/tutorial_taskflow_api_virtualenv.py for tasks to queue
[2026-02-25T11:36:04.608+0000] {logging_mixin.py:190} INFO - [2026-02-25T11:36:04.608+0000] {dagbag.py:588} INFO - Filling up the DagBag from /home/ubuntu/airflow-venv/lib/python3.12/site-packages/airflow/example_dags/tutorial_taskflow_api_virtualenv.py
[2026-02-25T11:36:04.610+0000] {logging_mixin.py:190} INFO - [2026-02-25T11:36:04.610+0000] {tutorial_taskflow_api_virtualenv.py:29} WARNING - The tutorial_taskflow_api_virtualenv example DAG requires virtualenv, please install it.
[2026-02-25T11:36:04.610+0000] {processor.py:927} WARNING - No viable dags retrieved from /home/ubuntu/airflow-venv/lib/python3.12/site-packages/airflow/example_dags/tutorial_taskflow_api_virtualenv.py
[2026-02-25T11:36:04.617+0000] {processor.py:208} INFO - Processing /home/ubuntu/airflow-venv/lib/python3.12/site-packages/airflow/example_dags/tutorial_taskflow_api_virtualenv.py took 0.015 seconds
[2026-02-25T11:36:46.426+0000] {processor.py:186} INFO - Started process (PID=12142) to work on /home/ubuntu/airflow-venv/lib/python3.12/site-packages/airflow/example_dags/tutorial_taskflow_api_virtualenv.py
[2026-02-25T11:36:46.428+0000] {processor.py:914} INFO - Processing file /home/ubuntu/airflow-venv/lib/python3.12/site-packages/airflow/example_dags/tutorial_taskflow_api_virtualenv.py for tasks to queue
[2026-02-25T11:36:46.429+0000] {logging_mixin.py:190} INFO - [2026-02-25T11:36:46.429+0000] {dagbag.py:588} INFO - Filling up the DagBag from /home/ubuntu/airflow-venv/lib/python3.12/site-packages/airflow/example_dags/tutorial_taskflow_api_virtualenv.py
[2026-02-25T11:36:46.431+0000] {logging_mixin.py:190} INFO - [2026-02-25T11:36:46.431+0000] {tutorial_taskflow_api_virtualenv.py:29} WARNING - The tutorial_taskflow_api_virtualenv example DAG requires virtualenv, please install it.
[2026-02-25T11:36:46.431+0000] {processor.py:927} WARNING - No viable dags retrieved from /home/ubuntu/airflow-venv/lib/python3.12/site-packages/airflow/example_dags/tutorial_taskflow_api_virtualenv.py
[2026-02-25T11:36:46.438+0000] {processor.py:208} INFO - Processing /home/ubuntu/airflow-venv/lib/python3.12/site-packages/airflow/example_dags/tutorial_taskflow_api_virtualenv.py took 0.016 seconds
[2026-02-25T11:36:55.793+0000] {processor.py:186} INFO - Started process (PID=12163) to work on /home/ubuntu/airflow-venv/lib/python3.12/site-packages/airflow/example_dags/tutorial_taskflow_api_virtualenv.py
[2026-02-25T11:36:55.794+0000] {processor.py:914} INFO - Processing file /home/ubuntu/airflow-venv/lib/python3.12/site-packages/airflow/example_dags/tutorial_taskflow_api_virtualenv.py for tasks to queue
[2026-02-25T11:36:55.796+0000] {logging_mixin.py:190} INFO - [2026-02-25T11:36:55.795+0000] {dagbag.py:588} INFO - Filling up the DagBag from /home/ubuntu/airflow-venv/lib/python3.12/site-packages/airflow/example_dags/tutorial_taskflow_api_virtualenv.py
[2026-02-25T11:36:55.797+0000] {logging_mixin.py:190} INFO - [2026-02-25T11:36:55.797+0000] {tutorial_taskflow_api_virtualenv.py:29} WARNING - The tutorial_taskflow_api_virtualenv example DAG requires virtualenv, please install it.
[2026-02-25T11:36:55.797+0000] {processor.py:927} WARNING - No viable dags retrieved from /home/ubuntu/airflow-venv/lib/python3.12/site-packages/airflow/example_dags/tutorial_taskflow_api_virtualenv.py
[2026-02-25T11:36:55.805+0000] {processor.py:208} INFO - Processing /home/ubuntu/airflow-venv/lib/python3.12/site-packages/airflow/example_dags/tutorial_taskflow_api_virtualenv.py took 0.015 seconds
[2026-02-25T11:37:36.899+0000] {processor.py:186} INFO - Started process (PID=12247) to work on /home/ubuntu/airflow-venv/lib/python3.12/site-packages/airflow/example_dags/tutorial_taskflow_api_virtualenv.py
[2026-02-25T11:37:36.901+0000] {processor.py:914} INFO - Processing file /home/ubuntu/airflow-venv/lib/python3.12/site-packages/airflow/example_dags/tutorial_taskflow_api_virtualenv.py for tasks to queue
[2026-02-25T11:37:36.903+0000] {logging_mixin.py:190} INFO - [2026-02-25T11:37:36.902+0000] {dagbag.py:588} INFO - Filling up the DagBag from /home/ubuntu/airflow-venv/lib/python3.12/site-packages/airflow/example_dags/tutorial_taskflow_api_virtualenv.py
[2026-02-25T11:37:36.905+0000] {logging_mixin.py:190} INFO - [2026-02-25T11:37:36.905+0000] {tutorial_taskflow_api_virtualenv.py:29} WARNING - The tutorial_taskflow_api_virtualenv example DAG requires virtualenv, please install it.
[2026-02-25T11:37:36.905+0000] {processor.py:927} WARNING - No viable dags retrieved from /home/ubuntu/airflow-venv/lib/python3.12/site-packages/airflow/example_dags/tutorial_taskflow_api_virtualenv.py
[2026-02-25T11:37:36.914+0000] {processor.py:208} INFO - Processing /home/ubuntu/airflow-venv/lib/python3.12/site-packages/airflow/example_dags/tutorial_taskflow_api_virtualenv.py took 0.019 seconds
[2026-02-25T11:37:47.195+0000] {processor.py:186} INFO - Started process (PID=12270) to work on /home/ubuntu/airflow-venv/lib/python3.12/site-packages/airflow/example_dags/tutorial_taskflow_api_virtualenv.py
[2026-02-25T11:37:47.195+0000] {processor.py:914} INFO - Processing file /home/ubuntu/airflow-venv/lib/python3.12/site-packages/airflow/example_dags/tutorial_taskflow_api_virtualenv.py for tasks to queue
[2026-02-25T11:37:47.197+0000] {logging_mixin.py:190} INFO - [2026-02-25T11:37:47.196+0000] {dagbag.py:588} INFO - Filling up the DagBag from /home/ubuntu/airflow-venv/lib/python3.12/site-packages/airflow/example_dags/tutorial_taskflow_api_virtualenv.py
[2026-02-25T11:37:47.198+0000] {logging_mixin.py:190} INFO - [2026-02-25T11:37:47.198+0000] {tutorial_taskflow_api_virtualenv.py:29} WARNING - The tutorial_taskflow_api_virtualenv example DAG requires virtualenv, please install it.
[2026-02-25T11:37:47.198+0000] {processor.py:927} WARNING - No viable dags retrieved from /home/ubuntu/airflow-venv/lib/python3.12/site-packages/airflow/example_dags/tutorial_taskflow_api_virtualenv.py
[2026-02-25T11:37:47.206+0000] {processor.py:208} INFO - Processing /home/ubuntu/airflow-venv/lib/python3.12/site-packages/airflow/example_dags/tutorial_taskflow_api_virtualenv.py took 0.015 seconds
[2026-02-25T11:42:34.645+0000] {processor.py:186} INFO - Started process (PID=1682) to work on /home/ubuntu/airflow-venv/lib/python3.12/site-packages/airflow/example_dags/tutorial_taskflow_api_virtualenv.py
[2026-02-25T11:42:34.647+0000] {processor.py:914} INFO - Processing file /home/ubuntu/airflow-venv/lib/python3.12/site-packages/airflow/example_dags/tutorial_taskflow_api_virtualenv.py for tasks to queue
[2026-02-25T11:42:34.648+0000] {logging_mixin.py:190} INFO - [2026-02-25T11:42:34.648+0000] {dagbag.py:588} INFO - Filling up the DagBag from /home/ubuntu/airflow-venv/lib/python3.12/site-packages/airflow/example_dags/tutorial_taskflow_api_virtualenv.py
[2026-02-25T11:42:34.650+0000] {logging_mixin.py:190} INFO - [2026-02-25T11:42:34.650+0000] {tutorial_taskflow_api_virtualenv.py:29} WARNING - The tutorial_taskflow_api_virtualenv example DAG requires virtualenv, please install it.
[2026-02-25T11:42:34.650+0000] {processor.py:927} WARNING - No viable dags retrieved from /home/ubuntu/airflow-venv/lib/python3.12/site-packages/airflow/example_dags/tutorial_taskflow_api_virtualenv.py
[2026-02-25T11:42:34.657+0000] {processor.py:208} INFO - Processing /home/ubuntu/airflow-venv/lib/python3.12/site-packages/airflow/example_dags/tutorial_taskflow_api_virtualenv.py took 0.016 seconds
[2026-02-25T11:43:28.480+0000] {processor.py:186} INFO - Started process (PID=2109) to work on /home/ubuntu/airflow-venv/lib/python3.12/site-packages/airflow/example_dags/tutorial_taskflow_api_virtualenv.py
[2026-02-25T11:43:28.482+0000] {processor.py:914} INFO - Processing file /home/ubuntu/airflow-venv/lib/python3.12/site-packages/airflow/example_dags/tutorial_taskflow_api_virtualenv.py for tasks to queue
[2026-02-25T11:43:28.483+0000] {logging_mixin.py:190} INFO - [2026-02-25T11:43:28.483+0000] {dagbag.py:588} INFO - Filling up the DagBag from /home/ubuntu/airflow-venv/lib/python3.12/site-packages/airflow/example_dags/tutorial_taskflow_api_virtualenv.py
[2026-02-25T11:43:28.485+0000] {logging_mixin.py:190} INFO - [2026-02-25T11:43:28.485+0000] {tutorial_taskflow_api_virtualenv.py:29} WARNING - The tutorial_taskflow_api_virtualenv example DAG requires virtualenv, please install it.
[2026-02-25T11:43:28.485+0000] {processor.py:927} WARNING - No viable dags retrieved from /home/ubuntu/airflow-venv/lib/python3.12/site-packages/airflow/example_dags/tutorial_taskflow_api_virtualenv.py
[2026-02-25T11:43:28.492+0000] {processor.py:208} INFO - Processing /home/ubuntu/airflow-venv/lib/python3.12/site-packages/airflow/example_dags/tutorial_taskflow_api_virtualenv.py took 0.015 seconds
[2026-02-25T11:44:17.339+0000] {processor.py:186} INFO - Started process (PID=2524) to work on /home/ubuntu/airflow-venv/lib/python3.12/site-packages/airflow/example_dags/tutorial_taskflow_api_virtualenv.py
[2026-02-25T11:44:17.341+0000] {processor.py:914} INFO - Processing file /home/ubuntu/airflow-venv/lib/python3.12/site-packages/airflow/example_dags/tutorial_taskflow_api_virtualenv.py for tasks to queue
[2026-02-25T11:44:17.342+0000] {logging_mixin.py:190} INFO - [2026-02-25T11:44:17.342+0000] {dagbag.py:588} INFO - Filling up the DagBag from /home/ubuntu/airflow-venv/lib/python3.12/site-packages/airflow/example_dags/tutorial_taskflow_api_virtualenv.py
[2026-02-25T11:44:17.343+0000] {logging_mixin.py:190} INFO - [2026-02-25T11:44:17.343+0000] {tutorial_taskflow_api_virtualenv.py:29} WARNING - The tutorial_taskflow_api_virtualenv example DAG requires virtualenv, please install it.
[2026-02-25T11:44:17.343+0000] {processor.py:927} WARNING - No viable dags retrieved from /home/ubuntu/airflow-venv/lib/python3.12/site-packages/airflow/example_dags/tutorial_taskflow_api_virtualenv.py
[2026-02-25T11:44:17.350+0000] {processor.py:208} INFO - Processing /home/ubuntu/airflow-venv/lib/python3.12/site-packages/airflow/example_dags/tutorial_taskflow_api_virtualenv.py took 0.014 seconds
[2026-02-25T11:45:03.590+0000] {processor.py:186} INFO - Started process (PID=2577) to work on /home/ubuntu/airflow-venv/lib/python3.12/site-packages/airflow/example_dags/tutorial_taskflow_api_virtualenv.py
[2026-02-25T11:45:03.591+0000] {processor.py:914} INFO - Processing file /home/ubuntu/airflow-venv/lib/python3.12/site-packages/airflow/example_dags/tutorial_taskflow_api_virtualenv.py for tasks to queue
[2026-02-25T11:45:03.593+0000] {logging_mixin.py:190} INFO - [2026-02-25T11:45:03.593+0000] {dagbag.py:588} INFO - Filling up the DagBag from /home/ubuntu/airflow-venv/lib/python3.12/site-packages/airflow/example_dags/tutorial_taskflow_api_virtualenv.py
[2026-02-25T11:45:03.595+0000] {logging_mixin.py:190} INFO - [2026-02-25T11:45:03.594+0000] {tutorial_taskflow_api_virtualenv.py:29} WARNING - The tutorial_taskflow_api_virtualenv example DAG requires virtualenv, please install it.
[2026-02-25T11:45:03.595+0000] {processor.py:927} WARNING - No viable dags retrieved from /home/ubuntu/airflow-venv/lib/python3.12/site-packages/airflow/example_dags/tutorial_taskflow_api_virtualenv.py
[2026-02-25T11:45:03.602+0000] {processor.py:208} INFO - Processing /home/ubuntu/airflow-venv/lib/python3.12/site-packages/airflow/example_dags/tutorial_taskflow_api_virtualenv.py took 0.016 seconds
[2026-02-25T11:45:57.242+0000] {processor.py:186} INFO - Started process (PID=2641) to work on /home/ubuntu/airflow-venv/lib/python3.12/site-packages/airflow/example_dags/tutorial_taskflow_api_virtualenv.py
[2026-02-25T11:45:57.244+0000] {processor.py:914} INFO - Processing file /home/ubuntu/airflow-venv/lib/python3.12/site-packages/airflow/example_dags/tutorial_taskflow_api_virtualenv.py for tasks to queue
[2026-02-25T11:45:57.245+0000] {logging_mixin.py:190} INFO - [2026-02-25T11:45:57.245+0000] {dagbag.py:588} INFO - Filling up the DagBag from /home/ubuntu/airflow-venv/lib/python3.12/site-packages/airflow/example_dags/tutorial_taskflow_api_virtualenv.py
[2026-02-25T11:45:57.247+0000] {logging_mixin.py:190} INFO - [2026-02-25T11:45:57.246+0000] {tutorial_taskflow_api_virtualenv.py:29} WARNING - The tutorial_taskflow_api_virtualenv example DAG requires virtualenv, please install it.
[2026-02-25T11:45:57.247+0000] {processor.py:927} WARNING - No viable dags retrieved from /home/ubuntu/airflow-venv/lib/python3.12/site-packages/airflow/example_dags/tutorial_taskflow_api_virtualenv.py
[2026-02-25T11:45:57.254+0000] {processor.py:208} INFO - Processing /home/ubuntu/airflow-venv/lib/python3.12/site-packages/airflow/example_dags/tutorial_taskflow_api_virtualenv.py took 0.015 seconds
[2026-02-25T12:38:54.343+0000] {processor.py:186} INFO - Started process (PID=1670) to work on /home/ubuntu/airflow-venv/lib/python3.12/site-packages/airflow/example_dags/tutorial_taskflow_api_virtualenv.py
[2026-02-25T12:38:54.345+0000] {processor.py:914} INFO - Processing file /home/ubuntu/airflow-venv/lib/python3.12/site-packages/airflow/example_dags/tutorial_taskflow_api_virtualenv.py for tasks to queue
[2026-02-25T12:38:54.346+0000] {logging_mixin.py:190} INFO - [2026-02-25T12:38:54.346+0000] {dagbag.py:588} INFO - Filling up the DagBag from /home/ubuntu/airflow-venv/lib/python3.12/site-packages/airflow/example_dags/tutorial_taskflow_api_virtualenv.py
[2026-02-25T12:38:54.348+0000] {logging_mixin.py:190} INFO - [2026-02-25T12:38:54.347+0000] {tutorial_taskflow_api_virtualenv.py:29} WARNING - The tutorial_taskflow_api_virtualenv example DAG requires virtualenv, please install it.
[2026-02-25T12:38:54.348+0000] {processor.py:927} WARNING - No viable dags retrieved from /home/ubuntu/airflow-venv/lib/python3.12/site-packages/airflow/example_dags/tutorial_taskflow_api_virtualenv.py
[2026-02-25T12:38:54.354+0000] {processor.py:208} INFO - Processing /home/ubuntu/airflow-venv/lib/python3.12/site-packages/airflow/example_dags/tutorial_taskflow_api_virtualenv.py took 0.015 seconds
[2026-02-25T12:39:48.182+0000] {processor.py:186} INFO - Started process (PID=2157) to work on /home/ubuntu/airflow-venv/lib/python3.12/site-packages/airflow/example_dags/tutorial_taskflow_api_virtualenv.py
[2026-02-25T12:39:48.183+0000] {processor.py:914} INFO - Processing file /home/ubuntu/airflow-venv/lib/python3.12/site-packages/airflow/example_dags/tutorial_taskflow_api_virtualenv.py for tasks to queue
[2026-02-25T12:39:48.185+0000] {logging_mixin.py:190} INFO - [2026-02-25T12:39:48.184+0000] {dagbag.py:588} INFO - Filling up the DagBag from /home/ubuntu/airflow-venv/lib/python3.12/site-packages/airflow/example_dags/tutorial_taskflow_api_virtualenv.py
[2026-02-25T12:39:48.186+0000] {logging_mixin.py:190} INFO - [2026-02-25T12:39:48.186+0000] {tutorial_taskflow_api_virtualenv.py:29} WARNING - The tutorial_taskflow_api_virtualenv example DAG requires virtualenv, please install it.
[2026-02-25T12:39:48.186+0000] {processor.py:927} WARNING - No viable dags retrieved from /home/ubuntu/airflow-venv/lib/python3.12/site-packages/airflow/example_dags/tutorial_taskflow_api_virtualenv.py
[2026-02-25T12:39:48.193+0000] {processor.py:208} INFO - Processing /home/ubuntu/airflow-venv/lib/python3.12/site-packages/airflow/example_dags/tutorial_taskflow_api_virtualenv.py took 0.014 seconds
[2026-02-25T12:40:37.016+0000] {processor.py:186} INFO - Started process (PID=2212) to work on /home/ubuntu/airflow-venv/lib/python3.12/site-packages/airflow/example_dags/tutorial_taskflow_api_virtualenv.py
[2026-02-25T12:40:37.017+0000] {processor.py:914} INFO - Processing file /home/ubuntu/airflow-venv/lib/python3.12/site-packages/airflow/example_dags/tutorial_taskflow_api_virtualenv.py for tasks to queue
[2026-02-25T12:40:37.018+0000] {logging_mixin.py:190} INFO - [2026-02-25T12:40:37.018+0000] {dagbag.py:588} INFO - Filling up the DagBag from /home/ubuntu/airflow-venv/lib/python3.12/site-packages/airflow/example_dags/tutorial_taskflow_api_virtualenv.py
[2026-02-25T12:40:37.020+0000] {logging_mixin.py:190} INFO - [2026-02-25T12:40:37.020+0000] {tutorial_taskflow_api_virtualenv.py:29} WARNING - The tutorial_taskflow_api_virtualenv example DAG requires virtualenv, please install it.
[2026-02-25T12:40:37.020+0000] {processor.py:927} WARNING - No viable dags retrieved from /home/ubuntu/airflow-venv/lib/python3.12/site-packages/airflow/example_dags/tutorial_taskflow_api_virtualenv.py
[2026-02-25T12:40:37.027+0000] {processor.py:208} INFO - Processing /home/ubuntu/airflow-venv/lib/python3.12/site-packages/airflow/example_dags/tutorial_taskflow_api_virtualenv.py took 0.014 seconds
[2026-02-25T12:41:23.275+0000] {processor.py:186} INFO - Started process (PID=2626) to work on /home/ubuntu/airflow-venv/lib/python3.12/site-packages/airflow/example_dags/tutorial_taskflow_api_virtualenv.py
[2026-02-25T12:41:23.276+0000] {processor.py:914} INFO - Processing file /home/ubuntu/airflow-venv/lib/python3.12/site-packages/airflow/example_dags/tutorial_taskflow_api_virtualenv.py for tasks to queue
[2026-02-25T12:41:23.278+0000] {logging_mixin.py:190} INFO - [2026-02-25T12:41:23.277+0000] {dagbag.py:588} INFO - Filling up the DagBag from /home/ubuntu/airflow-venv/lib/python3.12/site-packages/airflow/example_dags/tutorial_taskflow_api_virtualenv.py
[2026-02-25T12:41:23.279+0000] {logging_mixin.py:190} INFO - [2026-02-25T12:41:23.279+0000] {tutorial_taskflow_api_virtualenv.py:29} WARNING - The tutorial_taskflow_api_virtualenv example DAG requires virtualenv, please install it.
[2026-02-25T12:41:23.279+0000] {processor.py:927} WARNING - No viable dags retrieved from /home/ubuntu/airflow-venv/lib/python3.12/site-packages/airflow/example_dags/tutorial_taskflow_api_virtualenv.py
[2026-02-25T12:41:23.286+0000] {processor.py:208} INFO - Processing /home/ubuntu/airflow-venv/lib/python3.12/site-packages/airflow/example_dags/tutorial_taskflow_api_virtualenv.py took 0.014 seconds
[2026-02-25T12:42:13.459+0000] {processor.py:186} INFO - Started process (PID=2680) to work on /home/ubuntu/airflow-venv/lib/python3.12/site-packages/airflow/example_dags/tutorial_taskflow_api_virtualenv.py
[2026-02-25T12:42:13.461+0000] {processor.py:914} INFO - Processing file /home/ubuntu/airflow-venv/lib/python3.12/site-packages/airflow/example_dags/tutorial_taskflow_api_virtualenv.py for tasks to queue
[2026-02-25T12:42:13.462+0000] {logging_mixin.py:190} INFO - [2026-02-25T12:42:13.461+0000] {dagbag.py:588} INFO - Filling up the DagBag from /home/ubuntu/airflow-venv/lib/python3.12/site-packages/airflow/example_dags/tutorial_taskflow_api_virtualenv.py
[2026-02-25T12:42:13.463+0000] {logging_mixin.py:190} INFO - [2026-02-25T12:42:13.463+0000] {tutorial_taskflow_api_virtualenv.py:29} WARNING - The tutorial_taskflow_api_virtualenv example DAG requires virtualenv, please install it.
[2026-02-25T12:42:13.463+0000] {processor.py:927} WARNING - No viable dags retrieved from /home/ubuntu/airflow-venv/lib/python3.12/site-packages/airflow/example_dags/tutorial_taskflow_api_virtualenv.py
[2026-02-25T12:42:13.470+0000] {processor.py:208} INFO - Processing /home/ubuntu/airflow-venv/lib/python3.12/site-packages/airflow/example_dags/tutorial_taskflow_api_virtualenv.py took 0.014 seconds
[2026-02-25T12:43:04.772+0000] {processor.py:186} INFO - Started process (PID=2734) to work on /home/ubuntu/airflow-venv/lib/python3.12/site-packages/airflow/example_dags/tutorial_taskflow_api_virtualenv.py
[2026-02-25T12:43:04.773+0000] {processor.py:914} INFO - Processing file /home/ubuntu/airflow-venv/lib/python3.12/site-packages/airflow/example_dags/tutorial_taskflow_api_virtualenv.py for tasks to queue
[2026-02-25T12:43:04.774+0000] {logging_mixin.py:190} INFO - [2026-02-25T12:43:04.774+0000] {dagbag.py:588} INFO - Filling up the DagBag from /home/ubuntu/airflow-venv/lib/python3.12/site-packages/airflow/example_dags/tutorial_taskflow_api_virtualenv.py
[2026-02-25T12:43:04.776+0000] {logging_mixin.py:190} INFO - [2026-02-25T12:43:04.776+0000] {tutorial_taskflow_api_virtualenv.py:29} WARNING - The tutorial_taskflow_api_virtualenv example DAG requires virtualenv, please install it.
[2026-02-25T12:43:04.776+0000] {processor.py:927} WARNING - No viable dags retrieved from /home/ubuntu/airflow-venv/lib/python3.12/site-packages/airflow/example_dags/tutorial_taskflow_api_virtualenv.py
[2026-02-25T12:43:04.783+0000] {processor.py:208} INFO - Processing /home/ubuntu/airflow-venv/lib/python3.12/site-packages/airflow/example_dags/tutorial_taskflow_api_virtualenv.py took 0.014 seconds
[2026-02-25T12:43:52.994+0000] {processor.py:186} INFO - Started process (PID=2794) to work on /home/ubuntu/airflow-venv/lib/python3.12/site-packages/airflow/example_dags/tutorial_taskflow_api_virtualenv.py
[2026-02-25T12:43:52.996+0000] {processor.py:914} INFO - Processing file /home/ubuntu/airflow-venv/lib/python3.12/site-packages/airflow/example_dags/tutorial_taskflow_api_virtualenv.py for tasks to queue
[2026-02-25T12:43:52.997+0000] {logging_mixin.py:190} INFO - [2026-02-25T12:43:52.996+0000] {dagbag.py:588} INFO - Filling up the DagBag from /home/ubuntu/airflow-venv/lib/python3.12/site-packages/airflow/example_dags/tutorial_taskflow_api_virtualenv.py
[2026-02-25T12:43:52.998+0000] {logging_mixin.py:190} INFO - [2026-02-25T12:43:52.998+0000] {tutorial_taskflow_api_virtualenv.py:29} WARNING - The tutorial_taskflow_api_virtualenv example DAG requires virtualenv, please install it.
[2026-02-25T12:43:52.998+0000] {processor.py:927} WARNING - No viable dags retrieved from /home/ubuntu/airflow-venv/lib/python3.12/site-packages/airflow/example_dags/tutorial_taskflow_api_virtualenv.py
[2026-02-25T12:43:53.005+0000] {processor.py:208} INFO - Processing /home/ubuntu/airflow-venv/lib/python3.12/site-packages/airflow/example_dags/tutorial_taskflow_api_virtualenv.py took 0.014 seconds
[2026-02-25T12:44:43.771+0000] {processor.py:186} INFO - Started process (PID=2846) to work on /home/ubuntu/airflow-venv/lib/python3.12/site-packages/airflow/example_dags/tutorial_taskflow_api_virtualenv.py
[2026-02-25T12:44:43.772+0000] {processor.py:914} INFO - Processing file /home/ubuntu/airflow-venv/lib/python3.12/site-packages/airflow/example_dags/tutorial_taskflow_api_virtualenv.py for tasks to queue
[2026-02-25T12:44:43.773+0000] {logging_mixin.py:190} INFO - [2026-02-25T12:44:43.773+0000] {dagbag.py:588} INFO - Filling up the DagBag from /home/ubuntu/airflow-venv/lib/python3.12/site-packages/airflow/example_dags/tutorial_taskflow_api_virtualenv.py
[2026-02-25T12:44:43.775+0000] {logging_mixin.py:190} INFO - [2026-02-25T12:44:43.775+0000] {tutorial_taskflow_api_virtualenv.py:29} WARNING - The tutorial_taskflow_api_virtualenv example DAG requires virtualenv, please install it.
[2026-02-25T12:44:43.775+0000] {processor.py:927} WARNING - No viable dags retrieved from /home/ubuntu/airflow-venv/lib/python3.12/site-packages/airflow/example_dags/tutorial_taskflow_api_virtualenv.py
[2026-02-25T12:44:43.782+0000] {processor.py:208} INFO - Processing /home/ubuntu/airflow-venv/lib/python3.12/site-packages/airflow/example_dags/tutorial_taskflow_api_virtualenv.py took 0.014 seconds
[2026-02-25T12:45:36.778+0000] {processor.py:186} INFO - Started process (PID=2902) to work on /home/ubuntu/airflow-venv/lib/python3.12/site-packages/airflow/example_dags/tutorial_taskflow_api_virtualenv.py
[2026-02-25T12:45:36.780+0000] {processor.py:914} INFO - Processing file /home/ubuntu/airflow-venv/lib/python3.12/site-packages/airflow/example_dags/tutorial_taskflow_api_virtualenv.py for tasks to queue
[2026-02-25T12:45:36.781+0000] {logging_mixin.py:190} INFO - [2026-02-25T12:45:36.781+0000] {dagbag.py:588} INFO - Filling up the DagBag from /home/ubuntu/airflow-venv/lib/python3.12/site-packages/airflow/example_dags/tutorial_taskflow_api_virtualenv.py
[2026-02-25T12:45:36.783+0000] {logging_mixin.py:190} INFO - [2026-02-25T12:45:36.782+0000] {tutorial_taskflow_api_virtualenv.py:29} WARNING - The tutorial_taskflow_api_virtualenv example DAG requires virtualenv, please install it.
[2026-02-25T12:45:36.783+0000] {processor.py:927} WARNING - No viable dags retrieved from /home/ubuntu/airflow-venv/lib/python3.12/site-packages/airflow/example_dags/tutorial_taskflow_api_virtualenv.py
[2026-02-25T12:45:36.789+0000] {processor.py:208} INFO - Processing /home/ubuntu/airflow-venv/lib/python3.12/site-packages/airflow/example_dags/tutorial_taskflow_api_virtualenv.py took 0.014 seconds
[2026-02-25T12:46:29.498+0000] {processor.py:186} INFO - Started process (PID=2956) to work on /home/ubuntu/airflow-venv/lib/python3.12/site-packages/airflow/example_dags/tutorial_taskflow_api_virtualenv.py
[2026-02-25T12:46:29.499+0000] {processor.py:914} INFO - Processing file /home/ubuntu/airflow-venv/lib/python3.12/site-packages/airflow/example_dags/tutorial_taskflow_api_virtualenv.py for tasks to queue
[2026-02-25T12:46:29.501+0000] {logging_mixin.py:190} INFO - [2026-02-25T12:46:29.500+0000] {dagbag.py:588} INFO - Filling up the DagBag from /home/ubuntu/airflow-venv/lib/python3.12/site-packages/airflow/example_dags/tutorial_taskflow_api_virtualenv.py
[2026-02-25T12:46:29.502+0000] {logging_mixin.py:190} INFO - [2026-02-25T12:46:29.502+0000] {tutorial_taskflow_api_virtualenv.py:29} WARNING - The tutorial_taskflow_api_virtualenv example DAG requires virtualenv, please install it.
[2026-02-25T12:46:29.502+0000] {processor.py:927} WARNING - No viable dags retrieved from /home/ubuntu/airflow-venv/lib/python3.12/site-packages/airflow/example_dags/tutorial_taskflow_api_virtualenv.py
[2026-02-25T12:46:29.509+0000] {processor.py:208} INFO - Processing /home/ubuntu/airflow-venv/lib/python3.12/site-packages/airflow/example_dags/tutorial_taskflow_api_virtualenv.py took 0.014 seconds
[2026-02-25T12:47:17.486+0000] {processor.py:186} INFO - Started process (PID=3008) to work on /home/ubuntu/airflow-venv/lib/python3.12/site-packages/airflow/example_dags/tutorial_taskflow_api_virtualenv.py
[2026-02-25T12:47:17.487+0000] {processor.py:914} INFO - Processing file /home/ubuntu/airflow-venv/lib/python3.12/site-packages/airflow/example_dags/tutorial_taskflow_api_virtualenv.py for tasks to queue
[2026-02-25T12:47:17.488+0000] {logging_mixin.py:190} INFO - [2026-02-25T12:47:17.488+0000] {dagbag.py:588} INFO - Filling up the DagBag from /home/ubuntu/airflow-venv/lib/python3.12/site-packages/airflow/example_dags/tutorial_taskflow_api_virtualenv.py
[2026-02-25T12:47:17.490+0000] {logging_mixin.py:190} INFO - [2026-02-25T12:47:17.490+0000] {tutorial_taskflow_api_virtualenv.py:29} WARNING - The tutorial_taskflow_api_virtualenv example DAG requires virtualenv, please install it.
[2026-02-25T12:47:17.490+0000] {processor.py:927} WARNING - No viable dags retrieved from /home/ubuntu/airflow-venv/lib/python3.12/site-packages/airflow/example_dags/tutorial_taskflow_api_virtualenv.py
[2026-02-25T12:47:17.497+0000] {processor.py:208} INFO - Processing /home/ubuntu/airflow-venv/lib/python3.12/site-packages/airflow/example_dags/tutorial_taskflow_api_virtualenv.py took 0.014 seconds
[2026-02-25T12:48:07.137+0000] {processor.py:186} INFO - Started process (PID=3063) to work on /home/ubuntu/airflow-venv/lib/python3.12/site-packages/airflow/example_dags/tutorial_taskflow_api_virtualenv.py
[2026-02-25T12:48:07.138+0000] {processor.py:914} INFO - Processing file /home/ubuntu/airflow-venv/lib/python3.12/site-packages/airflow/example_dags/tutorial_taskflow_api_virtualenv.py for tasks to queue
[2026-02-25T12:48:07.139+0000] {logging_mixin.py:190} INFO - [2026-02-25T12:48:07.139+0000] {dagbag.py:588} INFO - Filling up the DagBag from /home/ubuntu/airflow-venv/lib/python3.12/site-packages/airflow/example_dags/tutorial_taskflow_api_virtualenv.py
[2026-02-25T12:48:07.141+0000] {logging_mixin.py:190} INFO - [2026-02-25T12:48:07.141+0000] {tutorial_taskflow_api_virtualenv.py:29} WARNING - The tutorial_taskflow_api_virtualenv example DAG requires virtualenv, please install it.
[2026-02-25T12:48:07.141+0000] {processor.py:927} WARNING - No viable dags retrieved from /home/ubuntu/airflow-venv/lib/python3.12/site-packages/airflow/example_dags/tutorial_taskflow_api_virtualenv.py
[2026-02-25T12:48:07.148+0000] {processor.py:208} INFO - Processing /home/ubuntu/airflow-venv/lib/python3.12/site-packages/airflow/example_dags/tutorial_taskflow_api_virtualenv.py took 0.015 seconds
[2026-02-25T12:48:56.661+0000] {processor.py:186} INFO - Started process (PID=3115) to work on /home/ubuntu/airflow-venv/lib/python3.12/site-packages/airflow/example_dags/tutorial_taskflow_api_virtualenv.py
[2026-02-25T12:48:56.662+0000] {processor.py:914} INFO - Processing file /home/ubuntu/airflow-venv/lib/python3.12/site-packages/airflow/example_dags/tutorial_taskflow_api_virtualenv.py for tasks to queue
[2026-02-25T12:48:56.663+0000] {logging_mixin.py:190} INFO - [2026-02-25T12:48:56.663+0000] {dagbag.py:588} INFO - Filling up the DagBag from /home/ubuntu/airflow-venv/lib/python3.12/site-packages/airflow/example_dags/tutorial_taskflow_api_virtualenv.py
[2026-02-25T12:48:56.665+0000] {logging_mixin.py:190} INFO - [2026-02-25T12:48:56.665+0000] {tutorial_taskflow_api_virtualenv.py:29} WARNING - The tutorial_taskflow_api_virtualenv example DAG requires virtualenv, please install it.
[2026-02-25T12:48:56.665+0000] {processor.py:927} WARNING - No viable dags retrieved from /home/ubuntu/airflow-venv/lib/python3.12/site-packages/airflow/example_dags/tutorial_taskflow_api_virtualenv.py
[2026-02-25T12:48:56.672+0000] {processor.py:208} INFO - Processing /home/ubuntu/airflow-venv/lib/python3.12/site-packages/airflow/example_dags/tutorial_taskflow_api_virtualenv.py took 0.014 seconds
[2026-02-25T12:49:44.628+0000] {processor.py:186} INFO - Started process (PID=3165) to work on /home/ubuntu/airflow-venv/lib/python3.12/site-packages/airflow/example_dags/tutorial_taskflow_api_virtualenv.py
[2026-02-25T12:49:44.629+0000] {processor.py:914} INFO - Processing file /home/ubuntu/airflow-venv/lib/python3.12/site-packages/airflow/example_dags/tutorial_taskflow_api_virtualenv.py for tasks to queue
[2026-02-25T12:49:44.630+0000] {logging_mixin.py:190} INFO - [2026-02-25T12:49:44.630+0000] {dagbag.py:588} INFO - Filling up the DagBag from /home/ubuntu/airflow-venv/lib/python3.12/site-packages/airflow/example_dags/tutorial_taskflow_api_virtualenv.py
[2026-02-25T12:49:44.632+0000] {logging_mixin.py:190} INFO - [2026-02-25T12:49:44.632+0000] {tutorial_taskflow_api_virtualenv.py:29} WARNING - The tutorial_taskflow_api_virtualenv example DAG requires virtualenv, please install it.
[2026-02-25T12:49:44.632+0000] {processor.py:927} WARNING - No viable dags retrieved from /home/ubuntu/airflow-venv/lib/python3.12/site-packages/airflow/example_dags/tutorial_taskflow_api_virtualenv.py
[2026-02-25T12:49:44.639+0000] {processor.py:208} INFO - Processing /home/ubuntu/airflow-venv/lib/python3.12/site-packages/airflow/example_dags/tutorial_taskflow_api_virtualenv.py took 0.014 seconds
[2026-02-25T12:50:34.884+0000] {processor.py:186} INFO - Started process (PID=3216) to work on /home/ubuntu/airflow-venv/lib/python3.12/site-packages/airflow/example_dags/tutorial_taskflow_api_virtualenv.py
[2026-02-25T12:50:34.886+0000] {processor.py:914} INFO - Processing file /home/ubuntu/airflow-venv/lib/python3.12/site-packages/airflow/example_dags/tutorial_taskflow_api_virtualenv.py for tasks to queue
[2026-02-25T12:50:34.887+0000] {logging_mixin.py:190} INFO - [2026-02-25T12:50:34.887+0000] {dagbag.py:588} INFO - Filling up the DagBag from /home/ubuntu/airflow-venv/lib/python3.12/site-packages/airflow/example_dags/tutorial_taskflow_api_virtualenv.py
[2026-02-25T12:50:34.888+0000] {logging_mixin.py:190} INFO - [2026-02-25T12:50:34.888+0000] {tutorial_taskflow_api_virtualenv.py:29} WARNING - The tutorial_taskflow_api_virtualenv example DAG requires virtualenv, please install it.
[2026-02-25T12:50:34.888+0000] {processor.py:927} WARNING - No viable dags retrieved from /home/ubuntu/airflow-venv/lib/python3.12/site-packages/airflow/example_dags/tutorial_taskflow_api_virtualenv.py
[2026-02-25T12:50:34.895+0000] {processor.py:208} INFO - Processing /home/ubuntu/airflow-venv/lib/python3.12/site-packages/airflow/example_dags/tutorial_taskflow_api_virtualenv.py took 0.014 seconds
[2026-02-25T12:51:24.695+0000] {processor.py:186} INFO - Started process (PID=3273) to work on /home/ubuntu/airflow-venv/lib/python3.12/site-packages/airflow/example_dags/tutorial_taskflow_api_virtualenv.py
[2026-02-25T12:51:24.696+0000] {processor.py:914} INFO - Processing file /home/ubuntu/airflow-venv/lib/python3.12/site-packages/airflow/example_dags/tutorial_taskflow_api_virtualenv.py for tasks to queue
[2026-02-25T12:51:24.698+0000] {logging_mixin.py:190} INFO - [2026-02-25T12:51:24.698+0000] {dagbag.py:588} INFO - Filling up the DagBag from /home/ubuntu/airflow-venv/lib/python3.12/site-packages/airflow/example_dags/tutorial_taskflow_api_virtualenv.py
[2026-02-25T12:51:24.699+0000] {logging_mixin.py:190} INFO - [2026-02-25T12:51:24.699+0000] {tutorial_taskflow_api_virtualenv.py:29} WARNING - The tutorial_taskflow_api_virtualenv example DAG requires virtualenv, please install it.
[2026-02-25T12:51:24.700+0000] {processor.py:927} WARNING - No viable dags retrieved from /home/ubuntu/airflow-venv/lib/python3.12/site-packages/airflow/example_dags/tutorial_taskflow_api_virtualenv.py
[2026-02-25T12:51:24.706+0000] {processor.py:208} INFO - Processing /home/ubuntu/airflow-venv/lib/python3.12/site-packages/airflow/example_dags/tutorial_taskflow_api_virtualenv.py took 0.014 seconds
[2026-02-25T12:52:13.514+0000] {processor.py:186} INFO - Started process (PID=3327) to work on /home/ubuntu/airflow-venv/lib/python3.12/site-packages/airflow/example_dags/tutorial_taskflow_api_virtualenv.py
[2026-02-25T12:52:13.515+0000] {processor.py:914} INFO - Processing file /home/ubuntu/airflow-venv/lib/python3.12/site-packages/airflow/example_dags/tutorial_taskflow_api_virtualenv.py for tasks to queue
[2026-02-25T12:52:13.516+0000] {logging_mixin.py:190} INFO - [2026-02-25T12:52:13.516+0000] {dagbag.py:588} INFO - Filling up the DagBag from /home/ubuntu/airflow-venv/lib/python3.12/site-packages/airflow/example_dags/tutorial_taskflow_api_virtualenv.py
[2026-02-25T12:52:13.518+0000] {logging_mixin.py:190} INFO - [2026-02-25T12:52:13.518+0000] {tutorial_taskflow_api_virtualenv.py:29} WARNING - The tutorial_taskflow_api_virtualenv example DAG requires virtualenv, please install it.
[2026-02-25T12:52:13.518+0000] {processor.py:927} WARNING - No viable dags retrieved from /home/ubuntu/airflow-venv/lib/python3.12/site-packages/airflow/example_dags/tutorial_taskflow_api_virtualenv.py
[2026-02-25T12:52:13.525+0000] {processor.py:208} INFO - Processing /home/ubuntu/airflow-venv/lib/python3.12/site-packages/airflow/example_dags/tutorial_taskflow_api_virtualenv.py took 0.014 seconds
[2026-02-25T12:53:01.754+0000] {processor.py:186} INFO - Started process (PID=3383) to work on /home/ubuntu/airflow-venv/lib/python3.12/site-packages/airflow/example_dags/tutorial_taskflow_api_virtualenv.py
[2026-02-25T12:53:01.755+0000] {processor.py:914} INFO - Processing file /home/ubuntu/airflow-venv/lib/python3.12/site-packages/airflow/example_dags/tutorial_taskflow_api_virtualenv.py for tasks to queue
[2026-02-25T12:53:01.757+0000] {logging_mixin.py:190} INFO - [2026-02-25T12:53:01.757+0000] {dagbag.py:588} INFO - Filling up the DagBag from /home/ubuntu/airflow-venv/lib/python3.12/site-packages/airflow/example_dags/tutorial_taskflow_api_virtualenv.py
[2026-02-25T12:53:01.758+0000] {logging_mixin.py:190} INFO - [2026-02-25T12:53:01.758+0000] {tutorial_taskflow_api_virtualenv.py:29} WARNING - The tutorial_taskflow_api_virtualenv example DAG requires virtualenv, please install it.
[2026-02-25T12:53:01.759+0000] {processor.py:927} WARNING - No viable dags retrieved from /home/ubuntu/airflow-venv/lib/python3.12/site-packages/airflow/example_dags/tutorial_taskflow_api_virtualenv.py
[2026-02-25T12:53:01.765+0000] {processor.py:208} INFO - Processing /home/ubuntu/airflow-venv/lib/python3.12/site-packages/airflow/example_dags/tutorial_taskflow_api_virtualenv.py took 0.014 seconds
[2026-02-25T12:53:52.386+0000] {processor.py:186} INFO - Started process (PID=3440) to work on /home/ubuntu/airflow-venv/lib/python3.12/site-packages/airflow/example_dags/tutorial_taskflow_api_virtualenv.py
[2026-02-25T12:53:52.387+0000] {processor.py:914} INFO - Processing file /home/ubuntu/airflow-venv/lib/python3.12/site-packages/airflow/example_dags/tutorial_taskflow_api_virtualenv.py for tasks to queue
[2026-02-25T12:53:52.389+0000] {logging_mixin.py:190} INFO - [2026-02-25T12:53:52.388+0000] {dagbag.py:588} INFO - Filling up the DagBag from /home/ubuntu/airflow-venv/lib/python3.12/site-packages/airflow/example_dags/tutorial_taskflow_api_virtualenv.py
[2026-02-25T12:53:52.390+0000] {logging_mixin.py:190} INFO - [2026-02-25T12:53:52.390+0000] {tutorial_taskflow_api_virtualenv.py:29} WARNING - The tutorial_taskflow_api_virtualenv example DAG requires virtualenv, please install it.
[2026-02-25T12:53:52.390+0000] {processor.py:927} WARNING - No viable dags retrieved from /home/ubuntu/airflow-venv/lib/python3.12/site-packages/airflow/example_dags/tutorial_taskflow_api_virtualenv.py
[2026-02-25T12:53:52.397+0000] {processor.py:208} INFO - Processing /home/ubuntu/airflow-venv/lib/python3.12/site-packages/airflow/example_dags/tutorial_taskflow_api_virtualenv.py took 0.014 seconds
[2026-02-25T12:54:40.412+0000] {processor.py:186} INFO - Started process (PID=3491) to work on /home/ubuntu/airflow-venv/lib/python3.12/site-packages/airflow/example_dags/tutorial_taskflow_api_virtualenv.py
[2026-02-25T12:54:40.413+0000] {processor.py:914} INFO - Processing file /home/ubuntu/airflow-venv/lib/python3.12/site-packages/airflow/example_dags/tutorial_taskflow_api_virtualenv.py for tasks to queue
[2026-02-25T12:54:40.415+0000] {logging_mixin.py:190} INFO - [2026-02-25T12:54:40.414+0000] {dagbag.py:588} INFO - Filling up the DagBag from /home/ubuntu/airflow-venv/lib/python3.12/site-packages/airflow/example_dags/tutorial_taskflow_api_virtualenv.py
[2026-02-25T12:54:40.416+0000] {logging_mixin.py:190} INFO - [2026-02-25T12:54:40.416+0000] {tutorial_taskflow_api_virtualenv.py:29} WARNING - The tutorial_taskflow_api_virtualenv example DAG requires virtualenv, please install it.
[2026-02-25T12:54:40.416+0000] {processor.py:927} WARNING - No viable dags retrieved from /home/ubuntu/airflow-venv/lib/python3.12/site-packages/airflow/example_dags/tutorial_taskflow_api_virtualenv.py
[2026-02-25T12:54:40.423+0000] {processor.py:208} INFO - Processing /home/ubuntu/airflow-venv/lib/python3.12/site-packages/airflow/example_dags/tutorial_taskflow_api_virtualenv.py took 0.014 seconds
[2026-02-25T12:55:28.859+0000] {processor.py:186} INFO - Started process (PID=3546) to work on /home/ubuntu/airflow-venv/lib/python3.12/site-packages/airflow/example_dags/tutorial_taskflow_api_virtualenv.py
[2026-02-25T12:55:28.861+0000] {processor.py:914} INFO - Processing file /home/ubuntu/airflow-venv/lib/python3.12/site-packages/airflow/example_dags/tutorial_taskflow_api_virtualenv.py for tasks to queue
[2026-02-25T12:55:28.862+0000] {logging_mixin.py:190} INFO - [2026-02-25T12:55:28.862+0000] {dagbag.py:588} INFO - Filling up the DagBag from /home/ubuntu/airflow-venv/lib/python3.12/site-packages/airflow/example_dags/tutorial_taskflow_api_virtualenv.py
[2026-02-25T12:55:28.864+0000] {logging_mixin.py:190} INFO - [2026-02-25T12:55:28.863+0000] {tutorial_taskflow_api_virtualenv.py:29} WARNING - The tutorial_taskflow_api_virtualenv example DAG requires virtualenv, please install it.
[2026-02-25T12:55:28.864+0000] {processor.py:927} WARNING - No viable dags retrieved from /home/ubuntu/airflow-venv/lib/python3.12/site-packages/airflow/example_dags/tutorial_taskflow_api_virtualenv.py
[2026-02-25T12:55:28.870+0000] {processor.py:208} INFO - Processing /home/ubuntu/airflow-venv/lib/python3.12/site-packages/airflow/example_dags/tutorial_taskflow_api_virtualenv.py took 0.015 seconds
[2026-02-25T12:56:17.974+0000] {processor.py:186} INFO - Started process (PID=3598) to work on /home/ubuntu/airflow-venv/lib/python3.12/site-packages/airflow/example_dags/tutorial_taskflow_api_virtualenv.py
[2026-02-25T12:56:17.975+0000] {processor.py:914} INFO - Processing file /home/ubuntu/airflow-venv/lib/python3.12/site-packages/airflow/example_dags/tutorial_taskflow_api_virtualenv.py for tasks to queue
[2026-02-25T12:56:17.977+0000] {logging_mixin.py:190} INFO - [2026-02-25T12:56:17.976+0000] {dagbag.py:588} INFO - Filling up the DagBag from /home/ubuntu/airflow-venv/lib/python3.12/site-packages/airflow/example_dags/tutorial_taskflow_api_virtualenv.py
[2026-02-25T12:56:17.978+0000] {logging_mixin.py:190} INFO - [2026-02-25T12:56:17.978+0000] {tutorial_taskflow_api_virtualenv.py:29} WARNING - The tutorial_taskflow_api_virtualenv example DAG requires virtualenv, please install it.
[2026-02-25T12:56:17.978+0000] {processor.py:927} WARNING - No viable dags retrieved from /home/ubuntu/airflow-venv/lib/python3.12/site-packages/airflow/example_dags/tutorial_taskflow_api_virtualenv.py
[2026-02-25T12:56:17.985+0000] {processor.py:208} INFO - Processing /home/ubuntu/airflow-venv/lib/python3.12/site-packages/airflow/example_dags/tutorial_taskflow_api_virtualenv.py took 0.014 seconds
[2026-02-25T12:57:09.283+0000] {processor.py:186} INFO - Started process (PID=3651) to work on /home/ubuntu/airflow-venv/lib/python3.12/site-packages/airflow/example_dags/tutorial_taskflow_api_virtualenv.py
[2026-02-25T12:57:09.285+0000] {processor.py:914} INFO - Processing file /home/ubuntu/airflow-venv/lib/python3.12/site-packages/airflow/example_dags/tutorial_taskflow_api_virtualenv.py for tasks to queue
[2026-02-25T12:57:09.286+0000] {logging_mixin.py:190} INFO - [2026-02-25T12:57:09.286+0000] {dagbag.py:588} INFO - Filling up the DagBag from /home/ubuntu/airflow-venv/lib/python3.12/site-packages/airflow/example_dags/tutorial_taskflow_api_virtualenv.py
[2026-02-25T12:57:09.288+0000] {logging_mixin.py:190} INFO - [2026-02-25T12:57:09.287+0000] {tutorial_taskflow_api_virtualenv.py:29} WARNING - The tutorial_taskflow_api_virtualenv example DAG requires virtualenv, please install it.
[2026-02-25T12:57:09.288+0000] {processor.py:927} WARNING - No viable dags retrieved from /home/ubuntu/airflow-venv/lib/python3.12/site-packages/airflow/example_dags/tutorial_taskflow_api_virtualenv.py
[2026-02-25T12:57:09.294+0000] {processor.py:208} INFO - Processing /home/ubuntu/airflow-venv/lib/python3.12/site-packages/airflow/example_dags/tutorial_taskflow_api_virtualenv.py took 0.014 seconds
[2026-02-25T12:58:02.056+0000] {processor.py:186} INFO - Started process (PID=3706) to work on /home/ubuntu/airflow-venv/lib/python3.12/site-packages/airflow/example_dags/tutorial_taskflow_api_virtualenv.py
[2026-02-25T12:58:02.058+0000] {processor.py:914} INFO - Processing file /home/ubuntu/airflow-venv/lib/python3.12/site-packages/airflow/example_dags/tutorial_taskflow_api_virtualenv.py for tasks to queue
[2026-02-25T12:58:02.059+0000] {logging_mixin.py:190} INFO - [2026-02-25T12:58:02.059+0000] {dagbag.py:588} INFO - Filling up the DagBag from /home/ubuntu/airflow-venv/lib/python3.12/site-packages/airflow/example_dags/tutorial_taskflow_api_virtualenv.py
[2026-02-25T12:58:02.060+0000] {logging_mixin.py:190} INFO - [2026-02-25T12:58:02.060+0000] {tutorial_taskflow_api_virtualenv.py:29} WARNING - The tutorial_taskflow_api_virtualenv example DAG requires virtualenv, please install it.
[2026-02-25T12:58:02.061+0000] {processor.py:927} WARNING - No viable dags retrieved from /home/ubuntu/airflow-venv/lib/python3.12/site-packages/airflow/example_dags/tutorial_taskflow_api_virtualenv.py
[2026-02-25T12:58:02.067+0000] {processor.py:208} INFO - Processing /home/ubuntu/airflow-venv/lib/python3.12/site-packages/airflow/example_dags/tutorial_taskflow_api_virtualenv.py took 0.014 seconds
[2026-02-25T12:58:50.613+0000] {processor.py:186} INFO - Started process (PID=3757) to work on /home/ubuntu/airflow-venv/lib/python3.12/site-packages/airflow/example_dags/tutorial_taskflow_api_virtualenv.py
[2026-02-25T12:58:50.615+0000] {processor.py:914} INFO - Processing file /home/ubuntu/airflow-venv/lib/python3.12/site-packages/airflow/example_dags/tutorial_taskflow_api_virtualenv.py for tasks to queue
[2026-02-25T12:58:50.616+0000] {logging_mixin.py:190} INFO - [2026-02-25T12:58:50.616+0000] {dagbag.py:588} INFO - Filling up the DagBag from /home/ubuntu/airflow-venv/lib/python3.12/site-packages/airflow/example_dags/tutorial_taskflow_api_virtualenv.py
[2026-02-25T12:58:50.617+0000] {logging_mixin.py:190} INFO - [2026-02-25T12:58:50.617+0000] {tutorial_taskflow_api_virtualenv.py:29} WARNING - The tutorial_taskflow_api_virtualenv example DAG requires virtualenv, please install it.
[2026-02-25T12:58:50.618+0000] {processor.py:927} WARNING - No viable dags retrieved from /home/ubuntu/airflow-venv/lib/python3.12/site-packages/airflow/example_dags/tutorial_taskflow_api_virtualenv.py
[2026-02-25T12:58:50.624+0000] {processor.py:208} INFO - Processing /home/ubuntu/airflow-venv/lib/python3.12/site-packages/airflow/example_dags/tutorial_taskflow_api_virtualenv.py took 0.014 seconds
[2026-02-25T12:59:42.689+0000] {processor.py:186} INFO - Started process (PID=3812) to work on /home/ubuntu/airflow-venv/lib/python3.12/site-packages/airflow/example_dags/tutorial_taskflow_api_virtualenv.py
[2026-02-25T12:59:42.691+0000] {processor.py:914} INFO - Processing file /home/ubuntu/airflow-venv/lib/python3.12/site-packages/airflow/example_dags/tutorial_taskflow_api_virtualenv.py for tasks to queue
[2026-02-25T12:59:42.692+0000] {logging_mixin.py:190} INFO - [2026-02-25T12:59:42.692+0000] {dagbag.py:588} INFO - Filling up the DagBag from /home/ubuntu/airflow-venv/lib/python3.12/site-packages/airflow/example_dags/tutorial_taskflow_api_virtualenv.py
[2026-02-25T12:59:42.693+0000] {logging_mixin.py:190} INFO - [2026-02-25T12:59:42.693+0000] {tutorial_taskflow_api_virtualenv.py:29} WARNING - The tutorial_taskflow_api_virtualenv example DAG requires virtualenv, please install it.
[2026-02-25T12:59:42.694+0000] {processor.py:927} WARNING - No viable dags retrieved from /home/ubuntu/airflow-venv/lib/python3.12/site-packages/airflow/example_dags/tutorial_taskflow_api_virtualenv.py
[2026-02-25T12:59:42.700+0000] {processor.py:208} INFO - Processing /home/ubuntu/airflow-venv/lib/python3.12/site-packages/airflow/example_dags/tutorial_taskflow_api_virtualenv.py took 0.014 seconds
[2026-02-25T13:00:29.315+0000] {processor.py:186} INFO - Started process (PID=3864) to work on /home/ubuntu/airflow-venv/lib/python3.12/site-packages/airflow/example_dags/tutorial_taskflow_api_virtualenv.py
[2026-02-25T13:00:29.316+0000] {processor.py:914} INFO - Processing file /home/ubuntu/airflow-venv/lib/python3.12/site-packages/airflow/example_dags/tutorial_taskflow_api_virtualenv.py for tasks to queue
[2026-02-25T13:00:29.317+0000] {logging_mixin.py:190} INFO - [2026-02-25T13:00:29.317+0000] {dagbag.py:588} INFO - Filling up the DagBag from /home/ubuntu/airflow-venv/lib/python3.12/site-packages/airflow/example_dags/tutorial_taskflow_api_virtualenv.py
[2026-02-25T13:00:29.319+0000] {logging_mixin.py:190} INFO - [2026-02-25T13:00:29.318+0000] {tutorial_taskflow_api_virtualenv.py:29} WARNING - The tutorial_taskflow_api_virtualenv example DAG requires virtualenv, please install it.
[2026-02-25T13:00:29.319+0000] {processor.py:927} WARNING - No viable dags retrieved from /home/ubuntu/airflow-venv/lib/python3.12/site-packages/airflow/example_dags/tutorial_taskflow_api_virtualenv.py
[2026-02-25T13:00:29.325+0000] {processor.py:208} INFO - Processing /home/ubuntu/airflow-venv/lib/python3.12/site-packages/airflow/example_dags/tutorial_taskflow_api_virtualenv.py took 0.014 seconds
[2026-02-25T13:01:17.768+0000] {processor.py:186} INFO - Started process (PID=3917) to work on /home/ubuntu/airflow-venv/lib/python3.12/site-packages/airflow/example_dags/tutorial_taskflow_api_virtualenv.py
[2026-02-25T13:01:17.769+0000] {processor.py:914} INFO - Processing file /home/ubuntu/airflow-venv/lib/python3.12/site-packages/airflow/example_dags/tutorial_taskflow_api_virtualenv.py for tasks to queue
[2026-02-25T13:01:17.771+0000] {logging_mixin.py:190} INFO - [2026-02-25T13:01:17.770+0000] {dagbag.py:588} INFO - Filling up the DagBag from /home/ubuntu/airflow-venv/lib/python3.12/site-packages/airflow/example_dags/tutorial_taskflow_api_virtualenv.py
[2026-02-25T13:01:17.772+0000] {logging_mixin.py:190} INFO - [2026-02-25T13:01:17.772+0000] {tutorial_taskflow_api_virtualenv.py:29} WARNING - The tutorial_taskflow_api_virtualenv example DAG requires virtualenv, please install it.
[2026-02-25T13:01:17.772+0000] {processor.py:927} WARNING - No viable dags retrieved from /home/ubuntu/airflow-venv/lib/python3.12/site-packages/airflow/example_dags/tutorial_taskflow_api_virtualenv.py
[2026-02-25T13:01:17.779+0000] {processor.py:208} INFO - Processing /home/ubuntu/airflow-venv/lib/python3.12/site-packages/airflow/example_dags/tutorial_taskflow_api_virtualenv.py took 0.014 seconds
[2026-02-25T13:02:24.807+0000] {processor.py:186} INFO - Started process (PID=3961) to work on /home/ubuntu/airflow-venv/lib/python3.12/site-packages/airflow/example_dags/tutorial_taskflow_api_virtualenv.py
[2026-02-25T13:02:24.808+0000] {processor.py:914} INFO - Processing file /home/ubuntu/airflow-venv/lib/python3.12/site-packages/airflow/example_dags/tutorial_taskflow_api_virtualenv.py for tasks to queue
[2026-02-25T13:02:24.809+0000] {logging_mixin.py:190} INFO - [2026-02-25T13:02:24.809+0000] {dagbag.py:588} INFO - Filling up the DagBag from /home/ubuntu/airflow-venv/lib/python3.12/site-packages/airflow/example_dags/tutorial_taskflow_api_virtualenv.py
[2026-02-25T13:02:24.810+0000] {logging_mixin.py:190} INFO - [2026-02-25T13:02:24.810+0000] {tutorial_taskflow_api_virtualenv.py:29} WARNING - The tutorial_taskflow_api_virtualenv example DAG requires virtualenv, please install it.
[2026-02-25T13:02:24.810+0000] {processor.py:927} WARNING - No viable dags retrieved from /home/ubuntu/airflow-venv/lib/python3.12/site-packages/airflow/example_dags/tutorial_taskflow_api_virtualenv.py
[2026-02-25T13:02:24.817+0000] {processor.py:208} INFO - Processing /home/ubuntu/airflow-venv/lib/python3.12/site-packages/airflow/example_dags/tutorial_taskflow_api_virtualenv.py took 0.013 seconds
[2026-02-25T13:03:24.845+0000] {processor.py:186} INFO - Started process (PID=4022) to work on /home/ubuntu/airflow-venv/lib/python3.12/site-packages/airflow/example_dags/tutorial_taskflow_api_virtualenv.py
[2026-02-25T13:03:24.847+0000] {processor.py:914} INFO - Processing file /home/ubuntu/airflow-venv/lib/python3.12/site-packages/airflow/example_dags/tutorial_taskflow_api_virtualenv.py for tasks to queue
[2026-02-25T13:03:24.848+0000] {logging_mixin.py:190} INFO - [2026-02-25T13:03:24.848+0000] {dagbag.py:588} INFO - Filling up the DagBag from /home/ubuntu/airflow-venv/lib/python3.12/site-packages/airflow/example_dags/tutorial_taskflow_api_virtualenv.py
[2026-02-25T13:03:24.849+0000] {logging_mixin.py:190} INFO - [2026-02-25T13:03:24.849+0000] {tutorial_taskflow_api_virtualenv.py:29} WARNING - The tutorial_taskflow_api_virtualenv example DAG requires virtualenv, please install it.
[2026-02-25T13:03:24.850+0000] {processor.py:927} WARNING - No viable dags retrieved from /home/ubuntu/airflow-venv/lib/python3.12/site-packages/airflow/example_dags/tutorial_taskflow_api_virtualenv.py
[2026-02-25T13:03:24.856+0000] {processor.py:208} INFO - Processing /home/ubuntu/airflow-venv/lib/python3.12/site-packages/airflow/example_dags/tutorial_taskflow_api_virtualenv.py took 0.014 seconds
[2026-02-25T13:04:16.159+0000] {processor.py:186} INFO - Started process (PID=4076) to work on /home/ubuntu/airflow-venv/lib/python3.12/site-packages/airflow/example_dags/tutorial_taskflow_api_virtualenv.py
[2026-02-25T13:04:16.160+0000] {processor.py:914} INFO - Processing file /home/ubuntu/airflow-venv/lib/python3.12/site-packages/airflow/example_dags/tutorial_taskflow_api_virtualenv.py for tasks to queue
[2026-02-25T13:04:16.162+0000] {logging_mixin.py:190} INFO - [2026-02-25T13:04:16.161+0000] {dagbag.py:588} INFO - Filling up the DagBag from /home/ubuntu/airflow-venv/lib/python3.12/site-packages/airflow/example_dags/tutorial_taskflow_api_virtualenv.py
[2026-02-25T13:04:16.163+0000] {logging_mixin.py:190} INFO - [2026-02-25T13:04:16.163+0000] {tutorial_taskflow_api_virtualenv.py:29} WARNING - The tutorial_taskflow_api_virtualenv example DAG requires virtualenv, please install it.
[2026-02-25T13:04:16.163+0000] {processor.py:927} WARNING - No viable dags retrieved from /home/ubuntu/airflow-venv/lib/python3.12/site-packages/airflow/example_dags/tutorial_taskflow_api_virtualenv.py
[2026-02-25T13:04:16.170+0000] {processor.py:208} INFO - Processing /home/ubuntu/airflow-venv/lib/python3.12/site-packages/airflow/example_dags/tutorial_taskflow_api_virtualenv.py took 0.014 seconds
[2026-02-25T13:05:17.828+0000] {processor.py:186} INFO - Started process (PID=4132) to work on /home/ubuntu/airflow-venv/lib/python3.12/site-packages/airflow/example_dags/tutorial_taskflow_api_virtualenv.py
[2026-02-25T13:05:17.829+0000] {processor.py:914} INFO - Processing file /home/ubuntu/airflow-venv/lib/python3.12/site-packages/airflow/example_dags/tutorial_taskflow_api_virtualenv.py for tasks to queue
[2026-02-25T13:05:17.831+0000] {logging_mixin.py:190} INFO - [2026-02-25T13:05:17.830+0000] {dagbag.py:588} INFO - Filling up the DagBag from /home/ubuntu/airflow-venv/lib/python3.12/site-packages/airflow/example_dags/tutorial_taskflow_api_virtualenv.py
[2026-02-25T13:05:17.832+0000] {logging_mixin.py:190} INFO - [2026-02-25T13:05:17.832+0000] {tutorial_taskflow_api_virtualenv.py:29} WARNING - The tutorial_taskflow_api_virtualenv example DAG requires virtualenv, please install it.
[2026-02-25T13:05:17.832+0000] {processor.py:927} WARNING - No viable dags retrieved from /home/ubuntu/airflow-venv/lib/python3.12/site-packages/airflow/example_dags/tutorial_taskflow_api_virtualenv.py
[2026-02-25T13:05:17.838+0000] {processor.py:208} INFO - Processing /home/ubuntu/airflow-venv/lib/python3.12/site-packages/airflow/example_dags/tutorial_taskflow_api_virtualenv.py took 0.014 seconds
[2026-02-25T13:09:01.370+0000] {processor.py:186} INFO - Started process (PID=1671) to work on /home/ubuntu/airflow-venv/lib/python3.12/site-packages/airflow/example_dags/tutorial_taskflow_api_virtualenv.py
[2026-02-25T13:09:01.372+0000] {processor.py:914} INFO - Processing file /home/ubuntu/airflow-venv/lib/python3.12/site-packages/airflow/example_dags/tutorial_taskflow_api_virtualenv.py for tasks to queue
[2026-02-25T13:09:01.373+0000] {logging_mixin.py:190} INFO - [2026-02-25T13:09:01.373+0000] {dagbag.py:588} INFO - Filling up the DagBag from /home/ubuntu/airflow-venv/lib/python3.12/site-packages/airflow/example_dags/tutorial_taskflow_api_virtualenv.py
[2026-02-25T13:09:01.375+0000] {logging_mixin.py:190} INFO - [2026-02-25T13:09:01.374+0000] {tutorial_taskflow_api_virtualenv.py:29} WARNING - The tutorial_taskflow_api_virtualenv example DAG requires virtualenv, please install it.
[2026-02-25T13:09:01.375+0000] {processor.py:927} WARNING - No viable dags retrieved from /home/ubuntu/airflow-venv/lib/python3.12/site-packages/airflow/example_dags/tutorial_taskflow_api_virtualenv.py
[2026-02-25T13:09:01.382+0000] {processor.py:208} INFO - Processing /home/ubuntu/airflow-venv/lib/python3.12/site-packages/airflow/example_dags/tutorial_taskflow_api_virtualenv.py took 0.016 seconds
[2026-02-25T13:09:55.206+0000] {processor.py:186} INFO - Started process (PID=2163) to work on /home/ubuntu/airflow-venv/lib/python3.12/site-packages/airflow/example_dags/tutorial_taskflow_api_virtualenv.py
[2026-02-25T13:09:55.207+0000] {processor.py:914} INFO - Processing file /home/ubuntu/airflow-venv/lib/python3.12/site-packages/airflow/example_dags/tutorial_taskflow_api_virtualenv.py for tasks to queue
[2026-02-25T13:09:55.209+0000] {logging_mixin.py:190} INFO - [2026-02-25T13:09:55.208+0000] {dagbag.py:588} INFO - Filling up the DagBag from /home/ubuntu/airflow-venv/lib/python3.12/site-packages/airflow/example_dags/tutorial_taskflow_api_virtualenv.py
[2026-02-25T13:09:55.210+0000] {logging_mixin.py:190} INFO - [2026-02-25T13:09:55.210+0000] {tutorial_taskflow_api_virtualenv.py:29} WARNING - The tutorial_taskflow_api_virtualenv example DAG requires virtualenv, please install it.
[2026-02-25T13:09:55.211+0000] {processor.py:927} WARNING - No viable dags retrieved from /home/ubuntu/airflow-venv/lib/python3.12/site-packages/airflow/example_dags/tutorial_taskflow_api_virtualenv.py
[2026-02-25T13:09:55.218+0000] {processor.py:208} INFO - Processing /home/ubuntu/airflow-venv/lib/python3.12/site-packages/airflow/example_dags/tutorial_taskflow_api_virtualenv.py took 0.016 seconds
[2026-02-25T13:10:44.091+0000] {processor.py:186} INFO - Started process (PID=2217) to work on /home/ubuntu/airflow-venv/lib/python3.12/site-packages/airflow/example_dags/tutorial_taskflow_api_virtualenv.py
[2026-02-25T13:10:44.092+0000] {processor.py:914} INFO - Processing file /home/ubuntu/airflow-venv/lib/python3.12/site-packages/airflow/example_dags/tutorial_taskflow_api_virtualenv.py for tasks to queue
[2026-02-25T13:10:44.093+0000] {logging_mixin.py:190} INFO - [2026-02-25T13:10:44.093+0000] {dagbag.py:588} INFO - Filling up the DagBag from /home/ubuntu/airflow-venv/lib/python3.12/site-packages/airflow/example_dags/tutorial_taskflow_api_virtualenv.py
[2026-02-25T13:10:44.095+0000] {logging_mixin.py:190} INFO - [2026-02-25T13:10:44.095+0000] {tutorial_taskflow_api_virtualenv.py:29} WARNING - The tutorial_taskflow_api_virtualenv example DAG requires virtualenv, please install it.
[2026-02-25T13:10:44.095+0000] {processor.py:927} WARNING - No viable dags retrieved from /home/ubuntu/airflow-venv/lib/python3.12/site-packages/airflow/example_dags/tutorial_taskflow_api_virtualenv.py
[2026-02-25T13:10:44.102+0000] {processor.py:208} INFO - Processing /home/ubuntu/airflow-venv/lib/python3.12/site-packages/airflow/example_dags/tutorial_taskflow_api_virtualenv.py took 0.015 seconds
[2026-02-25T13:11:30.352+0000] {processor.py:186} INFO - Started process (PID=2631) to work on /home/ubuntu/airflow-venv/lib/python3.12/site-packages/airflow/example_dags/tutorial_taskflow_api_virtualenv.py
[2026-02-25T13:11:30.354+0000] {processor.py:914} INFO - Processing file /home/ubuntu/airflow-venv/lib/python3.12/site-packages/airflow/example_dags/tutorial_taskflow_api_virtualenv.py for tasks to queue
[2026-02-25T13:11:30.355+0000] {logging_mixin.py:190} INFO - [2026-02-25T13:11:30.355+0000] {dagbag.py:588} INFO - Filling up the DagBag from /home/ubuntu/airflow-venv/lib/python3.12/site-packages/airflow/example_dags/tutorial_taskflow_api_virtualenv.py
[2026-02-25T13:11:30.357+0000] {logging_mixin.py:190} INFO - [2026-02-25T13:11:30.357+0000] {tutorial_taskflow_api_virtualenv.py:29} WARNING - The tutorial_taskflow_api_virtualenv example DAG requires virtualenv, please install it.
[2026-02-25T13:11:30.357+0000] {processor.py:927} WARNING - No viable dags retrieved from /home/ubuntu/airflow-venv/lib/python3.12/site-packages/airflow/example_dags/tutorial_taskflow_api_virtualenv.py
[2026-02-25T13:11:30.364+0000] {processor.py:208} INFO - Processing /home/ubuntu/airflow-venv/lib/python3.12/site-packages/airflow/example_dags/tutorial_taskflow_api_virtualenv.py took 0.015 seconds
[2026-02-25T13:15:12.676+0000] {processor.py:186} INFO - Started process (PID=3038) to work on /home/ubuntu/airflow-venv/lib/python3.12/site-packages/airflow/example_dags/tutorial_taskflow_api_virtualenv.py
[2026-02-25T13:15:12.677+0000] {processor.py:914} INFO - Processing file /home/ubuntu/airflow-venv/lib/python3.12/site-packages/airflow/example_dags/tutorial_taskflow_api_virtualenv.py for tasks to queue
[2026-02-25T13:15:12.678+0000] {logging_mixin.py:190} INFO - [2026-02-25T13:15:12.678+0000] {dagbag.py:588} INFO - Filling up the DagBag from /home/ubuntu/airflow-venv/lib/python3.12/site-packages/airflow/example_dags/tutorial_taskflow_api_virtualenv.py
[2026-02-25T13:15:12.680+0000] {logging_mixin.py:190} INFO - [2026-02-25T13:15:12.680+0000] {tutorial_taskflow_api_virtualenv.py:29} WARNING - The tutorial_taskflow_api_virtualenv example DAG requires virtualenv, please install it.
[2026-02-25T13:15:12.680+0000] {processor.py:927} WARNING - No viable dags retrieved from /home/ubuntu/airflow-venv/lib/python3.12/site-packages/airflow/example_dags/tutorial_taskflow_api_virtualenv.py
[2026-02-25T13:15:12.687+0000] {processor.py:208} INFO - Processing /home/ubuntu/airflow-venv/lib/python3.12/site-packages/airflow/example_dags/tutorial_taskflow_api_virtualenv.py took 0.015 seconds
[2026-02-25T13:16:08.158+0000] {processor.py:186} INFO - Started process (PID=3102) to work on /home/ubuntu/airflow-venv/lib/python3.12/site-packages/airflow/example_dags/tutorial_taskflow_api_virtualenv.py
[2026-02-25T13:16:08.159+0000] {processor.py:914} INFO - Processing file /home/ubuntu/airflow-venv/lib/python3.12/site-packages/airflow/example_dags/tutorial_taskflow_api_virtualenv.py for tasks to queue
[2026-02-25T13:16:08.161+0000] {logging_mixin.py:190} INFO - [2026-02-25T13:16:08.160+0000] {dagbag.py:588} INFO - Filling up the DagBag from /home/ubuntu/airflow-venv/lib/python3.12/site-packages/airflow/example_dags/tutorial_taskflow_api_virtualenv.py
[2026-02-25T13:16:08.162+0000] {logging_mixin.py:190} INFO - [2026-02-25T13:16:08.162+0000] {tutorial_taskflow_api_virtualenv.py:29} WARNING - The tutorial_taskflow_api_virtualenv example DAG requires virtualenv, please install it.
[2026-02-25T13:16:08.162+0000] {processor.py:927} WARNING - No viable dags retrieved from /home/ubuntu/airflow-venv/lib/python3.12/site-packages/airflow/example_dags/tutorial_taskflow_api_virtualenv.py
[2026-02-25T13:16:08.170+0000] {processor.py:208} INFO - Processing /home/ubuntu/airflow-venv/lib/python3.12/site-packages/airflow/example_dags/tutorial_taskflow_api_virtualenv.py took 0.015 seconds
[2026-02-25T13:17:00.610+0000] {processor.py:186} INFO - Started process (PID=3159) to work on /home/ubuntu/airflow-venv/lib/python3.12/site-packages/airflow/example_dags/tutorial_taskflow_api_virtualenv.py
[2026-02-25T13:17:00.612+0000] {processor.py:914} INFO - Processing file /home/ubuntu/airflow-venv/lib/python3.12/site-packages/airflow/example_dags/tutorial_taskflow_api_virtualenv.py for tasks to queue
[2026-02-25T13:17:00.613+0000] {logging_mixin.py:190} INFO - [2026-02-25T13:17:00.613+0000] {dagbag.py:588} INFO - Filling up the DagBag from /home/ubuntu/airflow-venv/lib/python3.12/site-packages/airflow/example_dags/tutorial_taskflow_api_virtualenv.py
[2026-02-25T13:17:00.614+0000] {logging_mixin.py:190} INFO - [2026-02-25T13:17:00.614+0000] {tutorial_taskflow_api_virtualenv.py:29} WARNING - The tutorial_taskflow_api_virtualenv example DAG requires virtualenv, please install it.
[2026-02-25T13:17:00.615+0000] {processor.py:927} WARNING - No viable dags retrieved from /home/ubuntu/airflow-venv/lib/python3.12/site-packages/airflow/example_dags/tutorial_taskflow_api_virtualenv.py
[2026-02-25T13:17:00.622+0000] {processor.py:208} INFO - Processing /home/ubuntu/airflow-venv/lib/python3.12/site-packages/airflow/example_dags/tutorial_taskflow_api_virtualenv.py took 0.015 seconds
[2026-02-25T13:17:50.609+0000] {processor.py:186} INFO - Started process (PID=3214) to work on /home/ubuntu/airflow-venv/lib/python3.12/site-packages/airflow/example_dags/tutorial_taskflow_api_virtualenv.py
[2026-02-25T13:17:50.610+0000] {processor.py:914} INFO - Processing file /home/ubuntu/airflow-venv/lib/python3.12/site-packages/airflow/example_dags/tutorial_taskflow_api_virtualenv.py for tasks to queue
[2026-02-25T13:17:50.612+0000] {logging_mixin.py:190} INFO - [2026-02-25T13:17:50.611+0000] {dagbag.py:588} INFO - Filling up the DagBag from /home/ubuntu/airflow-venv/lib/python3.12/site-packages/airflow/example_dags/tutorial_taskflow_api_virtualenv.py
[2026-02-25T13:17:50.613+0000] {logging_mixin.py:190} INFO - [2026-02-25T13:17:50.613+0000] {tutorial_taskflow_api_virtualenv.py:29} WARNING - The tutorial_taskflow_api_virtualenv example DAG requires virtualenv, please install it.
[2026-02-25T13:17:50.614+0000] {processor.py:927} WARNING - No viable dags retrieved from /home/ubuntu/airflow-venv/lib/python3.12/site-packages/airflow/example_dags/tutorial_taskflow_api_virtualenv.py
[2026-02-25T13:17:50.621+0000] {processor.py:208} INFO - Processing /home/ubuntu/airflow-venv/lib/python3.12/site-packages/airflow/example_dags/tutorial_taskflow_api_virtualenv.py took 0.015 seconds
[2026-02-25T13:18:41.275+0000] {processor.py:186} INFO - Started process (PID=3270) to work on /home/ubuntu/airflow-venv/lib/python3.12/site-packages/airflow/example_dags/tutorial_taskflow_api_virtualenv.py
[2026-02-25T13:18:41.276+0000] {processor.py:914} INFO - Processing file /home/ubuntu/airflow-venv/lib/python3.12/site-packages/airflow/example_dags/tutorial_taskflow_api_virtualenv.py for tasks to queue
[2026-02-25T13:18:41.277+0000] {logging_mixin.py:190} INFO - [2026-02-25T13:18:41.277+0000] {dagbag.py:588} INFO - Filling up the DagBag from /home/ubuntu/airflow-venv/lib/python3.12/site-packages/airflow/example_dags/tutorial_taskflow_api_virtualenv.py
[2026-02-25T13:18:41.279+0000] {logging_mixin.py:190} INFO - [2026-02-25T13:18:41.279+0000] {tutorial_taskflow_api_virtualenv.py:29} WARNING - The tutorial_taskflow_api_virtualenv example DAG requires virtualenv, please install it.
[2026-02-25T13:18:41.279+0000] {processor.py:927} WARNING - No viable dags retrieved from /home/ubuntu/airflow-venv/lib/python3.12/site-packages/airflow/example_dags/tutorial_taskflow_api_virtualenv.py
[2026-02-25T13:18:41.287+0000] {processor.py:208} INFO - Processing /home/ubuntu/airflow-venv/lib/python3.12/site-packages/airflow/example_dags/tutorial_taskflow_api_virtualenv.py took 0.016 seconds
[2026-02-25T13:19:33.167+0000] {processor.py:186} INFO - Started process (PID=3340) to work on /home/ubuntu/airflow-venv/lib/python3.12/site-packages/airflow/example_dags/tutorial_taskflow_api_virtualenv.py
[2026-02-25T13:19:33.168+0000] {processor.py:914} INFO - Processing file /home/ubuntu/airflow-venv/lib/python3.12/site-packages/airflow/example_dags/tutorial_taskflow_api_virtualenv.py for tasks to queue
[2026-02-25T13:19:33.169+0000] {logging_mixin.py:190} INFO - [2026-02-25T13:19:33.169+0000] {dagbag.py:588} INFO - Filling up the DagBag from /home/ubuntu/airflow-venv/lib/python3.12/site-packages/airflow/example_dags/tutorial_taskflow_api_virtualenv.py
[2026-02-25T13:19:33.171+0000] {logging_mixin.py:190} INFO - [2026-02-25T13:19:33.171+0000] {tutorial_taskflow_api_virtualenv.py:29} WARNING - The tutorial_taskflow_api_virtualenv example DAG requires virtualenv, please install it.
[2026-02-25T13:19:33.171+0000] {processor.py:927} WARNING - No viable dags retrieved from /home/ubuntu/airflow-venv/lib/python3.12/site-packages/airflow/example_dags/tutorial_taskflow_api_virtualenv.py
[2026-02-25T13:19:33.178+0000] {processor.py:208} INFO - Processing /home/ubuntu/airflow-venv/lib/python3.12/site-packages/airflow/example_dags/tutorial_taskflow_api_virtualenv.py took 0.015 seconds
[2026-02-25T13:20:23.825+0000] {processor.py:186} INFO - Started process (PID=3396) to work on /home/ubuntu/airflow-venv/lib/python3.12/site-packages/airflow/example_dags/tutorial_taskflow_api_virtualenv.py
[2026-02-25T13:20:23.826+0000] {processor.py:914} INFO - Processing file /home/ubuntu/airflow-venv/lib/python3.12/site-packages/airflow/example_dags/tutorial_taskflow_api_virtualenv.py for tasks to queue
[2026-02-25T13:20:23.828+0000] {logging_mixin.py:190} INFO - [2026-02-25T13:20:23.827+0000] {dagbag.py:588} INFO - Filling up the DagBag from /home/ubuntu/airflow-venv/lib/python3.12/site-packages/airflow/example_dags/tutorial_taskflow_api_virtualenv.py
[2026-02-25T13:20:23.829+0000] {logging_mixin.py:190} INFO - [2026-02-25T13:20:23.829+0000] {tutorial_taskflow_api_virtualenv.py:29} WARNING - The tutorial_taskflow_api_virtualenv example DAG requires virtualenv, please install it.
[2026-02-25T13:20:23.829+0000] {processor.py:927} WARNING - No viable dags retrieved from /home/ubuntu/airflow-venv/lib/python3.12/site-packages/airflow/example_dags/tutorial_taskflow_api_virtualenv.py
[2026-02-25T13:20:23.836+0000] {processor.py:208} INFO - Processing /home/ubuntu/airflow-venv/lib/python3.12/site-packages/airflow/example_dags/tutorial_taskflow_api_virtualenv.py took 0.015 seconds
[2026-02-25T13:21:20.645+0000] {processor.py:186} INFO - Started process (PID=3451) to work on /home/ubuntu/airflow-venv/lib/python3.12/site-packages/airflow/example_dags/tutorial_taskflow_api_virtualenv.py
[2026-02-25T13:21:20.646+0000] {processor.py:914} INFO - Processing file /home/ubuntu/airflow-venv/lib/python3.12/site-packages/airflow/example_dags/tutorial_taskflow_api_virtualenv.py for tasks to queue
[2026-02-25T13:21:20.647+0000] {logging_mixin.py:190} INFO - [2026-02-25T13:21:20.647+0000] {dagbag.py:588} INFO - Filling up the DagBag from /home/ubuntu/airflow-venv/lib/python3.12/site-packages/airflow/example_dags/tutorial_taskflow_api_virtualenv.py
[2026-02-25T13:21:20.649+0000] {logging_mixin.py:190} INFO - [2026-02-25T13:21:20.649+0000] {tutorial_taskflow_api_virtualenv.py:29} WARNING - The tutorial_taskflow_api_virtualenv example DAG requires virtualenv, please install it.
[2026-02-25T13:21:20.649+0000] {processor.py:927} WARNING - No viable dags retrieved from /home/ubuntu/airflow-venv/lib/python3.12/site-packages/airflow/example_dags/tutorial_taskflow_api_virtualenv.py
[2026-02-25T13:21:20.657+0000] {processor.py:208} INFO - Processing /home/ubuntu/airflow-venv/lib/python3.12/site-packages/airflow/example_dags/tutorial_taskflow_api_virtualenv.py took 0.016 seconds
[2026-02-25T13:22:14.722+0000] {processor.py:186} INFO - Started process (PID=3507) to work on /home/ubuntu/airflow-venv/lib/python3.12/site-packages/airflow/example_dags/tutorial_taskflow_api_virtualenv.py
[2026-02-25T13:22:14.724+0000] {processor.py:914} INFO - Processing file /home/ubuntu/airflow-venv/lib/python3.12/site-packages/airflow/example_dags/tutorial_taskflow_api_virtualenv.py for tasks to queue
[2026-02-25T13:22:14.725+0000] {logging_mixin.py:190} INFO - [2026-02-25T13:22:14.725+0000] {dagbag.py:588} INFO - Filling up the DagBag from /home/ubuntu/airflow-venv/lib/python3.12/site-packages/airflow/example_dags/tutorial_taskflow_api_virtualenv.py
[2026-02-25T13:22:14.727+0000] {logging_mixin.py:190} INFO - [2026-02-25T13:22:14.726+0000] {tutorial_taskflow_api_virtualenv.py:29} WARNING - The tutorial_taskflow_api_virtualenv example DAG requires virtualenv, please install it.
[2026-02-25T13:22:14.727+0000] {processor.py:927} WARNING - No viable dags retrieved from /home/ubuntu/airflow-venv/lib/python3.12/site-packages/airflow/example_dags/tutorial_taskflow_api_virtualenv.py
[2026-02-25T13:22:14.734+0000] {processor.py:208} INFO - Processing /home/ubuntu/airflow-venv/lib/python3.12/site-packages/airflow/example_dags/tutorial_taskflow_api_virtualenv.py took 0.015 seconds
[2026-02-25T13:23:07.002+0000] {processor.py:186} INFO - Started process (PID=3601) to work on /home/ubuntu/airflow-venv/lib/python3.12/site-packages/airflow/example_dags/tutorial_taskflow_api_virtualenv.py
[2026-02-25T13:23:07.004+0000] {processor.py:914} INFO - Processing file /home/ubuntu/airflow-venv/lib/python3.12/site-packages/airflow/example_dags/tutorial_taskflow_api_virtualenv.py for tasks to queue
[2026-02-25T13:23:07.005+0000] {logging_mixin.py:190} INFO - [2026-02-25T13:23:07.005+0000] {dagbag.py:588} INFO - Filling up the DagBag from /home/ubuntu/airflow-venv/lib/python3.12/site-packages/airflow/example_dags/tutorial_taskflow_api_virtualenv.py
[2026-02-25T13:23:07.007+0000] {logging_mixin.py:190} INFO - [2026-02-25T13:23:07.007+0000] {tutorial_taskflow_api_virtualenv.py:29} WARNING - The tutorial_taskflow_api_virtualenv example DAG requires virtualenv, please install it.
[2026-02-25T13:23:07.007+0000] {processor.py:927} WARNING - No viable dags retrieved from /home/ubuntu/airflow-venv/lib/python3.12/site-packages/airflow/example_dags/tutorial_taskflow_api_virtualenv.py
[2026-02-25T13:23:07.015+0000] {processor.py:208} INFO - Processing /home/ubuntu/airflow-venv/lib/python3.12/site-packages/airflow/example_dags/tutorial_taskflow_api_virtualenv.py took 0.016 seconds
[2026-02-25T13:25:15.466+0000] {processor.py:186} INFO - Started process (PID=3665) to work on /home/ubuntu/airflow-venv/lib/python3.12/site-packages/airflow/example_dags/tutorial_taskflow_api_virtualenv.py
[2026-02-25T13:25:15.467+0000] {processor.py:914} INFO - Processing file /home/ubuntu/airflow-venv/lib/python3.12/site-packages/airflow/example_dags/tutorial_taskflow_api_virtualenv.py for tasks to queue
[2026-02-25T13:25:15.469+0000] {logging_mixin.py:190} INFO - [2026-02-25T13:25:15.468+0000] {dagbag.py:588} INFO - Filling up the DagBag from /home/ubuntu/airflow-venv/lib/python3.12/site-packages/airflow/example_dags/tutorial_taskflow_api_virtualenv.py
[2026-02-25T13:25:15.470+0000] {logging_mixin.py:190} INFO - [2026-02-25T13:25:15.470+0000] {tutorial_taskflow_api_virtualenv.py:29} WARNING - The tutorial_taskflow_api_virtualenv example DAG requires virtualenv, please install it.
[2026-02-25T13:25:15.470+0000] {processor.py:927} WARNING - No viable dags retrieved from /home/ubuntu/airflow-venv/lib/python3.12/site-packages/airflow/example_dags/tutorial_taskflow_api_virtualenv.py
[2026-02-25T13:25:15.478+0000] {processor.py:208} INFO - Processing /home/ubuntu/airflow-venv/lib/python3.12/site-packages/airflow/example_dags/tutorial_taskflow_api_virtualenv.py took 0.015 seconds
[2026-02-25T13:35:32.452+0000] {processor.py:186} INFO - Started process (PID=1678) to work on /home/ubuntu/airflow-venv/lib/python3.12/site-packages/airflow/example_dags/tutorial_taskflow_api_virtualenv.py
[2026-02-25T13:35:32.454+0000] {processor.py:914} INFO - Processing file /home/ubuntu/airflow-venv/lib/python3.12/site-packages/airflow/example_dags/tutorial_taskflow_api_virtualenv.py for tasks to queue
[2026-02-25T13:35:32.455+0000] {logging_mixin.py:190} INFO - [2026-02-25T13:35:32.455+0000] {dagbag.py:588} INFO - Filling up the DagBag from /home/ubuntu/airflow-venv/lib/python3.12/site-packages/airflow/example_dags/tutorial_taskflow_api_virtualenv.py
[2026-02-25T13:35:32.457+0000] {logging_mixin.py:190} INFO - [2026-02-25T13:35:32.457+0000] {tutorial_taskflow_api_virtualenv.py:29} WARNING - The tutorial_taskflow_api_virtualenv example DAG requires virtualenv, please install it.
[2026-02-25T13:35:32.457+0000] {processor.py:927} WARNING - No viable dags retrieved from /home/ubuntu/airflow-venv/lib/python3.12/site-packages/airflow/example_dags/tutorial_taskflow_api_virtualenv.py
[2026-02-25T13:35:32.463+0000] {processor.py:208} INFO - Processing /home/ubuntu/airflow-venv/lib/python3.12/site-packages/airflow/example_dags/tutorial_taskflow_api_virtualenv.py took 0.014 seconds
[2026-02-25T13:36:26.291+0000] {processor.py:186} INFO - Started process (PID=2118) to work on /home/ubuntu/airflow-venv/lib/python3.12/site-packages/airflow/example_dags/tutorial_taskflow_api_virtualenv.py
[2026-02-25T13:36:26.292+0000] {processor.py:914} INFO - Processing file /home/ubuntu/airflow-venv/lib/python3.12/site-packages/airflow/example_dags/tutorial_taskflow_api_virtualenv.py for tasks to queue
[2026-02-25T13:36:26.293+0000] {logging_mixin.py:190} INFO - [2026-02-25T13:36:26.293+0000] {dagbag.py:588} INFO - Filling up the DagBag from /home/ubuntu/airflow-venv/lib/python3.12/site-packages/airflow/example_dags/tutorial_taskflow_api_virtualenv.py
[2026-02-25T13:36:26.295+0000] {logging_mixin.py:190} INFO - [2026-02-25T13:36:26.295+0000] {tutorial_taskflow_api_virtualenv.py:29} WARNING - The tutorial_taskflow_api_virtualenv example DAG requires virtualenv, please install it.
[2026-02-25T13:36:26.295+0000] {processor.py:927} WARNING - No viable dags retrieved from /home/ubuntu/airflow-venv/lib/python3.12/site-packages/airflow/example_dags/tutorial_taskflow_api_virtualenv.py
[2026-02-25T13:36:26.302+0000] {processor.py:208} INFO - Processing /home/ubuntu/airflow-venv/lib/python3.12/site-packages/airflow/example_dags/tutorial_taskflow_api_virtualenv.py took 0.014 seconds
[2026-02-25T13:37:15.128+0000] {processor.py:186} INFO - Started process (PID=2548) to work on /home/ubuntu/airflow-venv/lib/python3.12/site-packages/airflow/example_dags/tutorial_taskflow_api_virtualenv.py
[2026-02-25T13:37:15.129+0000] {processor.py:914} INFO - Processing file /home/ubuntu/airflow-venv/lib/python3.12/site-packages/airflow/example_dags/tutorial_taskflow_api_virtualenv.py for tasks to queue
[2026-02-25T13:37:15.130+0000] {logging_mixin.py:190} INFO - [2026-02-25T13:37:15.130+0000] {dagbag.py:588} INFO - Filling up the DagBag from /home/ubuntu/airflow-venv/lib/python3.12/site-packages/airflow/example_dags/tutorial_taskflow_api_virtualenv.py
[2026-02-25T13:37:15.132+0000] {logging_mixin.py:190} INFO - [2026-02-25T13:37:15.131+0000] {tutorial_taskflow_api_virtualenv.py:29} WARNING - The tutorial_taskflow_api_virtualenv example DAG requires virtualenv, please install it.
[2026-02-25T13:37:15.132+0000] {processor.py:927} WARNING - No viable dags retrieved from /home/ubuntu/airflow-venv/lib/python3.12/site-packages/airflow/example_dags/tutorial_taskflow_api_virtualenv.py
[2026-02-25T13:37:15.138+0000] {processor.py:208} INFO - Processing /home/ubuntu/airflow-venv/lib/python3.12/site-packages/airflow/example_dags/tutorial_taskflow_api_virtualenv.py took 0.014 seconds
[2026-02-25T13:38:04.759+0000] {processor.py:186} INFO - Started process (PID=2605) to work on /home/ubuntu/airflow-venv/lib/python3.12/site-packages/airflow/example_dags/tutorial_taskflow_api_virtualenv.py
[2026-02-25T13:38:04.760+0000] {processor.py:914} INFO - Processing file /home/ubuntu/airflow-venv/lib/python3.12/site-packages/airflow/example_dags/tutorial_taskflow_api_virtualenv.py for tasks to queue
[2026-02-25T13:38:04.761+0000] {logging_mixin.py:190} INFO - [2026-02-25T13:38:04.761+0000] {dagbag.py:588} INFO - Filling up the DagBag from /home/ubuntu/airflow-venv/lib/python3.12/site-packages/airflow/example_dags/tutorial_taskflow_api_virtualenv.py
[2026-02-25T13:38:04.763+0000] {logging_mixin.py:190} INFO - [2026-02-25T13:38:04.762+0000] {tutorial_taskflow_api_virtualenv.py:29} WARNING - The tutorial_taskflow_api_virtualenv example DAG requires virtualenv, please install it.
[2026-02-25T13:38:04.763+0000] {processor.py:927} WARNING - No viable dags retrieved from /home/ubuntu/airflow-venv/lib/python3.12/site-packages/airflow/example_dags/tutorial_taskflow_api_virtualenv.py
[2026-02-25T13:38:04.769+0000] {processor.py:208} INFO - Processing /home/ubuntu/airflow-venv/lib/python3.12/site-packages/airflow/example_dags/tutorial_taskflow_api_virtualenv.py took 0.014 seconds
[2026-02-25T13:38:56.711+0000] {processor.py:186} INFO - Started process (PID=2660) to work on /home/ubuntu/airflow-venv/lib/python3.12/site-packages/airflow/example_dags/tutorial_taskflow_api_virtualenv.py
[2026-02-25T13:38:56.712+0000] {processor.py:914} INFO - Processing file /home/ubuntu/airflow-venv/lib/python3.12/site-packages/airflow/example_dags/tutorial_taskflow_api_virtualenv.py for tasks to queue
[2026-02-25T13:38:56.713+0000] {logging_mixin.py:190} INFO - [2026-02-25T13:38:56.713+0000] {dagbag.py:588} INFO - Filling up the DagBag from /home/ubuntu/airflow-venv/lib/python3.12/site-packages/airflow/example_dags/tutorial_taskflow_api_virtualenv.py
[2026-02-25T13:38:56.715+0000] {logging_mixin.py:190} INFO - [2026-02-25T13:38:56.715+0000] {tutorial_taskflow_api_virtualenv.py:29} WARNING - The tutorial_taskflow_api_virtualenv example DAG requires virtualenv, please install it.
[2026-02-25T13:38:56.715+0000] {processor.py:927} WARNING - No viable dags retrieved from /home/ubuntu/airflow-venv/lib/python3.12/site-packages/airflow/example_dags/tutorial_taskflow_api_virtualenv.py
[2026-02-25T13:38:56.721+0000] {processor.py:208} INFO - Processing /home/ubuntu/airflow-venv/lib/python3.12/site-packages/airflow/example_dags/tutorial_taskflow_api_virtualenv.py took 0.014 seconds
[2026-02-25T13:39:49.154+0000] {processor.py:186} INFO - Started process (PID=2723) to work on /home/ubuntu/airflow-venv/lib/python3.12/site-packages/airflow/example_dags/tutorial_taskflow_api_virtualenv.py
[2026-02-25T13:39:49.156+0000] {processor.py:914} INFO - Processing file /home/ubuntu/airflow-venv/lib/python3.12/site-packages/airflow/example_dags/tutorial_taskflow_api_virtualenv.py for tasks to queue
[2026-02-25T13:39:49.157+0000] {logging_mixin.py:190} INFO - [2026-02-25T13:39:49.157+0000] {dagbag.py:588} INFO - Filling up the DagBag from /home/ubuntu/airflow-venv/lib/python3.12/site-packages/airflow/example_dags/tutorial_taskflow_api_virtualenv.py
[2026-02-25T13:39:49.158+0000] {logging_mixin.py:190} INFO - [2026-02-25T13:39:49.158+0000] {tutorial_taskflow_api_virtualenv.py:29} WARNING - The tutorial_taskflow_api_virtualenv example DAG requires virtualenv, please install it.
[2026-02-25T13:39:49.159+0000] {processor.py:927} WARNING - No viable dags retrieved from /home/ubuntu/airflow-venv/lib/python3.12/site-packages/airflow/example_dags/tutorial_taskflow_api_virtualenv.py
[2026-02-25T13:39:49.165+0000] {processor.py:208} INFO - Processing /home/ubuntu/airflow-venv/lib/python3.12/site-packages/airflow/example_dags/tutorial_taskflow_api_virtualenv.py took 0.014 seconds
[2026-02-25T13:40:37.757+0000] {processor.py:186} INFO - Started process (PID=2777) to work on /home/ubuntu/airflow-venv/lib/python3.12/site-packages/airflow/example_dags/tutorial_taskflow_api_virtualenv.py
[2026-02-25T13:40:37.758+0000] {processor.py:914} INFO - Processing file /home/ubuntu/airflow-venv/lib/python3.12/site-packages/airflow/example_dags/tutorial_taskflow_api_virtualenv.py for tasks to queue
[2026-02-25T13:40:37.759+0000] {logging_mixin.py:190} INFO - [2026-02-25T13:40:37.759+0000] {dagbag.py:588} INFO - Filling up the DagBag from /home/ubuntu/airflow-venv/lib/python3.12/site-packages/airflow/example_dags/tutorial_taskflow_api_virtualenv.py
[2026-02-25T13:40:37.761+0000] {logging_mixin.py:190} INFO - [2026-02-25T13:40:37.761+0000] {tutorial_taskflow_api_virtualenv.py:29} WARNING - The tutorial_taskflow_api_virtualenv example DAG requires virtualenv, please install it.
[2026-02-25T13:40:37.761+0000] {processor.py:927} WARNING - No viable dags retrieved from /home/ubuntu/airflow-venv/lib/python3.12/site-packages/airflow/example_dags/tutorial_taskflow_api_virtualenv.py
[2026-02-25T13:40:37.768+0000] {processor.py:208} INFO - Processing /home/ubuntu/airflow-venv/lib/python3.12/site-packages/airflow/example_dags/tutorial_taskflow_api_virtualenv.py took 0.014 seconds
[2026-02-25T13:41:25.850+0000] {processor.py:186} INFO - Started process (PID=2828) to work on /home/ubuntu/airflow-venv/lib/python3.12/site-packages/airflow/example_dags/tutorial_taskflow_api_virtualenv.py
[2026-02-25T13:41:25.851+0000] {processor.py:914} INFO - Processing file /home/ubuntu/airflow-venv/lib/python3.12/site-packages/airflow/example_dags/tutorial_taskflow_api_virtualenv.py for tasks to queue
[2026-02-25T13:41:25.853+0000] {logging_mixin.py:190} INFO - [2026-02-25T13:41:25.852+0000] {dagbag.py:588} INFO - Filling up the DagBag from /home/ubuntu/airflow-venv/lib/python3.12/site-packages/airflow/example_dags/tutorial_taskflow_api_virtualenv.py
[2026-02-25T13:41:25.854+0000] {logging_mixin.py:190} INFO - [2026-02-25T13:41:25.854+0000] {tutorial_taskflow_api_virtualenv.py:29} WARNING - The tutorial_taskflow_api_virtualenv example DAG requires virtualenv, please install it.
[2026-02-25T13:41:25.854+0000] {processor.py:927} WARNING - No viable dags retrieved from /home/ubuntu/airflow-venv/lib/python3.12/site-packages/airflow/example_dags/tutorial_taskflow_api_virtualenv.py
[2026-02-25T13:41:25.861+0000] {processor.py:208} INFO - Processing /home/ubuntu/airflow-venv/lib/python3.12/site-packages/airflow/example_dags/tutorial_taskflow_api_virtualenv.py took 0.014 seconds
[2026-02-25T13:42:19.866+0000] {processor.py:186} INFO - Started process (PID=2885) to work on /home/ubuntu/airflow-venv/lib/python3.12/site-packages/airflow/example_dags/tutorial_taskflow_api_virtualenv.py
[2026-02-25T13:42:19.867+0000] {processor.py:914} INFO - Processing file /home/ubuntu/airflow-venv/lib/python3.12/site-packages/airflow/example_dags/tutorial_taskflow_api_virtualenv.py for tasks to queue
[2026-02-25T13:42:19.868+0000] {logging_mixin.py:190} INFO - [2026-02-25T13:42:19.868+0000] {dagbag.py:588} INFO - Filling up the DagBag from /home/ubuntu/airflow-venv/lib/python3.12/site-packages/airflow/example_dags/tutorial_taskflow_api_virtualenv.py
[2026-02-25T13:42:19.870+0000] {logging_mixin.py:190} INFO - [2026-02-25T13:42:19.870+0000] {tutorial_taskflow_api_virtualenv.py:29} WARNING - The tutorial_taskflow_api_virtualenv example DAG requires virtualenv, please install it.
[2026-02-25T13:42:19.870+0000] {processor.py:927} WARNING - No viable dags retrieved from /home/ubuntu/airflow-venv/lib/python3.12/site-packages/airflow/example_dags/tutorial_taskflow_api_virtualenv.py
[2026-02-25T13:42:19.877+0000] {processor.py:208} INFO - Processing /home/ubuntu/airflow-venv/lib/python3.12/site-packages/airflow/example_dags/tutorial_taskflow_api_virtualenv.py took 0.015 seconds
[2026-02-25T13:43:13.461+0000] {processor.py:186} INFO - Started process (PID=2940) to work on /home/ubuntu/airflow-venv/lib/python3.12/site-packages/airflow/example_dags/tutorial_taskflow_api_virtualenv.py
[2026-02-25T13:43:13.462+0000] {processor.py:914} INFO - Processing file /home/ubuntu/airflow-venv/lib/python3.12/site-packages/airflow/example_dags/tutorial_taskflow_api_virtualenv.py for tasks to queue
[2026-02-25T13:43:13.463+0000] {logging_mixin.py:190} INFO - [2026-02-25T13:43:13.463+0000] {dagbag.py:588} INFO - Filling up the DagBag from /home/ubuntu/airflow-venv/lib/python3.12/site-packages/airflow/example_dags/tutorial_taskflow_api_virtualenv.py
[2026-02-25T13:43:13.465+0000] {logging_mixin.py:190} INFO - [2026-02-25T13:43:13.465+0000] {tutorial_taskflow_api_virtualenv.py:29} WARNING - The tutorial_taskflow_api_virtualenv example DAG requires virtualenv, please install it.
[2026-02-25T13:43:13.465+0000] {processor.py:927} WARNING - No viable dags retrieved from /home/ubuntu/airflow-venv/lib/python3.12/site-packages/airflow/example_dags/tutorial_taskflow_api_virtualenv.py
[2026-02-25T13:43:13.472+0000] {processor.py:208} INFO - Processing /home/ubuntu/airflow-venv/lib/python3.12/site-packages/airflow/example_dags/tutorial_taskflow_api_virtualenv.py took 0.015 seconds
[2026-02-25T13:44:05.126+0000] {processor.py:186} INFO - Started process (PID=2992) to work on /home/ubuntu/airflow-venv/lib/python3.12/site-packages/airflow/example_dags/tutorial_taskflow_api_virtualenv.py
[2026-02-25T13:44:05.127+0000] {processor.py:914} INFO - Processing file /home/ubuntu/airflow-venv/lib/python3.12/site-packages/airflow/example_dags/tutorial_taskflow_api_virtualenv.py for tasks to queue
[2026-02-25T13:44:05.128+0000] {logging_mixin.py:190} INFO - [2026-02-25T13:44:05.128+0000] {dagbag.py:588} INFO - Filling up the DagBag from /home/ubuntu/airflow-venv/lib/python3.12/site-packages/airflow/example_dags/tutorial_taskflow_api_virtualenv.py
[2026-02-25T13:44:05.130+0000] {logging_mixin.py:190} INFO - [2026-02-25T13:44:05.130+0000] {tutorial_taskflow_api_virtualenv.py:29} WARNING - The tutorial_taskflow_api_virtualenv example DAG requires virtualenv, please install it.
[2026-02-25T13:44:05.130+0000] {processor.py:927} WARNING - No viable dags retrieved from /home/ubuntu/airflow-venv/lib/python3.12/site-packages/airflow/example_dags/tutorial_taskflow_api_virtualenv.py
[2026-02-25T13:44:05.137+0000] {processor.py:208} INFO - Processing /home/ubuntu/airflow-venv/lib/python3.12/site-packages/airflow/example_dags/tutorial_taskflow_api_virtualenv.py took 0.014 seconds
[2026-02-25T13:44:57.912+0000] {processor.py:186} INFO - Started process (PID=3050) to work on /home/ubuntu/airflow-venv/lib/python3.12/site-packages/airflow/example_dags/tutorial_taskflow_api_virtualenv.py
[2026-02-25T13:44:57.913+0000] {processor.py:914} INFO - Processing file /home/ubuntu/airflow-venv/lib/python3.12/site-packages/airflow/example_dags/tutorial_taskflow_api_virtualenv.py for tasks to queue
[2026-02-25T13:44:57.914+0000] {logging_mixin.py:190} INFO - [2026-02-25T13:44:57.914+0000] {dagbag.py:588} INFO - Filling up the DagBag from /home/ubuntu/airflow-venv/lib/python3.12/site-packages/airflow/example_dags/tutorial_taskflow_api_virtualenv.py
[2026-02-25T13:44:57.916+0000] {logging_mixin.py:190} INFO - [2026-02-25T13:44:57.916+0000] {tutorial_taskflow_api_virtualenv.py:29} WARNING - The tutorial_taskflow_api_virtualenv example DAG requires virtualenv, please install it.
[2026-02-25T13:44:57.916+0000] {processor.py:927} WARNING - No viable dags retrieved from /home/ubuntu/airflow-venv/lib/python3.12/site-packages/airflow/example_dags/tutorial_taskflow_api_virtualenv.py
[2026-02-25T13:44:57.922+0000] {processor.py:208} INFO - Processing /home/ubuntu/airflow-venv/lib/python3.12/site-packages/airflow/example_dags/tutorial_taskflow_api_virtualenv.py took 0.014 seconds
[2026-02-25T13:45:47.377+0000] {processor.py:186} INFO - Started process (PID=3106) to work on /home/ubuntu/airflow-venv/lib/python3.12/site-packages/airflow/example_dags/tutorial_taskflow_api_virtualenv.py
[2026-02-25T13:45:47.379+0000] {processor.py:914} INFO - Processing file /home/ubuntu/airflow-venv/lib/python3.12/site-packages/airflow/example_dags/tutorial_taskflow_api_virtualenv.py for tasks to queue
[2026-02-25T13:45:47.380+0000] {logging_mixin.py:190} INFO - [2026-02-25T13:45:47.380+0000] {dagbag.py:588} INFO - Filling up the DagBag from /home/ubuntu/airflow-venv/lib/python3.12/site-packages/airflow/example_dags/tutorial_taskflow_api_virtualenv.py
[2026-02-25T13:45:47.381+0000] {logging_mixin.py:190} INFO - [2026-02-25T13:45:47.381+0000] {tutorial_taskflow_api_virtualenv.py:29} WARNING - The tutorial_taskflow_api_virtualenv example DAG requires virtualenv, please install it.
[2026-02-25T13:45:47.382+0000] {processor.py:927} WARNING - No viable dags retrieved from /home/ubuntu/airflow-venv/lib/python3.12/site-packages/airflow/example_dags/tutorial_taskflow_api_virtualenv.py
[2026-02-25T13:45:47.388+0000] {processor.py:208} INFO - Processing /home/ubuntu/airflow-venv/lib/python3.12/site-packages/airflow/example_dags/tutorial_taskflow_api_virtualenv.py took 0.015 seconds
[2026-02-25T13:46:36.918+0000] {processor.py:186} INFO - Started process (PID=3157) to work on /home/ubuntu/airflow-venv/lib/python3.12/site-packages/airflow/example_dags/tutorial_taskflow_api_virtualenv.py
[2026-02-25T13:46:36.919+0000] {processor.py:914} INFO - Processing file /home/ubuntu/airflow-venv/lib/python3.12/site-packages/airflow/example_dags/tutorial_taskflow_api_virtualenv.py for tasks to queue
[2026-02-25T13:46:36.920+0000] {logging_mixin.py:190} INFO - [2026-02-25T13:46:36.920+0000] {dagbag.py:588} INFO - Filling up the DagBag from /home/ubuntu/airflow-venv/lib/python3.12/site-packages/airflow/example_dags/tutorial_taskflow_api_virtualenv.py
[2026-02-25T13:46:36.922+0000] {logging_mixin.py:190} INFO - [2026-02-25T13:46:36.922+0000] {tutorial_taskflow_api_virtualenv.py:29} WARNING - The tutorial_taskflow_api_virtualenv example DAG requires virtualenv, please install it.
[2026-02-25T13:46:36.922+0000] {processor.py:927} WARNING - No viable dags retrieved from /home/ubuntu/airflow-venv/lib/python3.12/site-packages/airflow/example_dags/tutorial_taskflow_api_virtualenv.py
[2026-02-25T13:46:36.929+0000] {processor.py:208} INFO - Processing /home/ubuntu/airflow-venv/lib/python3.12/site-packages/airflow/example_dags/tutorial_taskflow_api_virtualenv.py took 0.015 seconds
[2026-02-25T13:47:25.286+0000] {processor.py:186} INFO - Started process (PID=3210) to work on /home/ubuntu/airflow-venv/lib/python3.12/site-packages/airflow/example_dags/tutorial_taskflow_api_virtualenv.py
[2026-02-25T13:47:25.287+0000] {processor.py:914} INFO - Processing file /home/ubuntu/airflow-venv/lib/python3.12/site-packages/airflow/example_dags/tutorial_taskflow_api_virtualenv.py for tasks to queue
[2026-02-25T13:47:25.288+0000] {logging_mixin.py:190} INFO - [2026-02-25T13:47:25.288+0000] {dagbag.py:588} INFO - Filling up the DagBag from /home/ubuntu/airflow-venv/lib/python3.12/site-packages/airflow/example_dags/tutorial_taskflow_api_virtualenv.py
[2026-02-25T13:47:25.290+0000] {logging_mixin.py:190} INFO - [2026-02-25T13:47:25.290+0000] {tutorial_taskflow_api_virtualenv.py:29} WARNING - The tutorial_taskflow_api_virtualenv example DAG requires virtualenv, please install it.
[2026-02-25T13:47:25.290+0000] {processor.py:927} WARNING - No viable dags retrieved from /home/ubuntu/airflow-venv/lib/python3.12/site-packages/airflow/example_dags/tutorial_taskflow_api_virtualenv.py
[2026-02-25T13:47:25.297+0000] {processor.py:208} INFO - Processing /home/ubuntu/airflow-venv/lib/python3.12/site-packages/airflow/example_dags/tutorial_taskflow_api_virtualenv.py took 0.015 seconds
[2026-02-25T13:48:14.073+0000] {processor.py:186} INFO - Started process (PID=3261) to work on /home/ubuntu/airflow-venv/lib/python3.12/site-packages/airflow/example_dags/tutorial_taskflow_api_virtualenv.py
[2026-02-25T13:48:14.074+0000] {processor.py:914} INFO - Processing file /home/ubuntu/airflow-venv/lib/python3.12/site-packages/airflow/example_dags/tutorial_taskflow_api_virtualenv.py for tasks to queue
[2026-02-25T13:48:14.076+0000] {logging_mixin.py:190} INFO - [2026-02-25T13:48:14.075+0000] {dagbag.py:588} INFO - Filling up the DagBag from /home/ubuntu/airflow-venv/lib/python3.12/site-packages/airflow/example_dags/tutorial_taskflow_api_virtualenv.py
[2026-02-25T13:48:14.077+0000] {logging_mixin.py:190} INFO - [2026-02-25T13:48:14.077+0000] {tutorial_taskflow_api_virtualenv.py:29} WARNING - The tutorial_taskflow_api_virtualenv example DAG requires virtualenv, please install it.
[2026-02-25T13:48:14.077+0000] {processor.py:927} WARNING - No viable dags retrieved from /home/ubuntu/airflow-venv/lib/python3.12/site-packages/airflow/example_dags/tutorial_taskflow_api_virtualenv.py
[2026-02-25T13:48:14.084+0000] {processor.py:208} INFO - Processing /home/ubuntu/airflow-venv/lib/python3.12/site-packages/airflow/example_dags/tutorial_taskflow_api_virtualenv.py took 0.014 seconds
[2026-02-25T13:49:08.261+0000] {processor.py:186} INFO - Started process (PID=3317) to work on /home/ubuntu/airflow-venv/lib/python3.12/site-packages/airflow/example_dags/tutorial_taskflow_api_virtualenv.py
[2026-02-25T13:49:08.263+0000] {processor.py:914} INFO - Processing file /home/ubuntu/airflow-venv/lib/python3.12/site-packages/airflow/example_dags/tutorial_taskflow_api_virtualenv.py for tasks to queue
[2026-02-25T13:49:08.264+0000] {logging_mixin.py:190} INFO - [2026-02-25T13:49:08.264+0000] {dagbag.py:588} INFO - Filling up the DagBag from /home/ubuntu/airflow-venv/lib/python3.12/site-packages/airflow/example_dags/tutorial_taskflow_api_virtualenv.py
[2026-02-25T13:49:08.266+0000] {logging_mixin.py:190} INFO - [2026-02-25T13:49:08.266+0000] {tutorial_taskflow_api_virtualenv.py:29} WARNING - The tutorial_taskflow_api_virtualenv example DAG requires virtualenv, please install it.
[2026-02-25T13:49:08.266+0000] {processor.py:927} WARNING - No viable dags retrieved from /home/ubuntu/airflow-venv/lib/python3.12/site-packages/airflow/example_dags/tutorial_taskflow_api_virtualenv.py
[2026-02-25T13:49:08.273+0000] {processor.py:208} INFO - Processing /home/ubuntu/airflow-venv/lib/python3.12/site-packages/airflow/example_dags/tutorial_taskflow_api_virtualenv.py took 0.015 seconds
[2026-02-25T13:49:58.154+0000] {processor.py:186} INFO - Started process (PID=3374) to work on /home/ubuntu/airflow-venv/lib/python3.12/site-packages/airflow/example_dags/tutorial_taskflow_api_virtualenv.py
[2026-02-25T13:49:58.155+0000] {processor.py:914} INFO - Processing file /home/ubuntu/airflow-venv/lib/python3.12/site-packages/airflow/example_dags/tutorial_taskflow_api_virtualenv.py for tasks to queue
[2026-02-25T13:49:58.156+0000] {logging_mixin.py:190} INFO - [2026-02-25T13:49:58.156+0000] {dagbag.py:588} INFO - Filling up the DagBag from /home/ubuntu/airflow-venv/lib/python3.12/site-packages/airflow/example_dags/tutorial_taskflow_api_virtualenv.py
[2026-02-25T13:49:58.158+0000] {logging_mixin.py:190} INFO - [2026-02-25T13:49:58.158+0000] {tutorial_taskflow_api_virtualenv.py:29} WARNING - The tutorial_taskflow_api_virtualenv example DAG requires virtualenv, please install it.
[2026-02-25T13:49:58.158+0000] {processor.py:927} WARNING - No viable dags retrieved from /home/ubuntu/airflow-venv/lib/python3.12/site-packages/airflow/example_dags/tutorial_taskflow_api_virtualenv.py
[2026-02-25T13:49:58.165+0000] {processor.py:208} INFO - Processing /home/ubuntu/airflow-venv/lib/python3.12/site-packages/airflow/example_dags/tutorial_taskflow_api_virtualenv.py took 0.014 seconds
[2026-02-25T13:50:46.923+0000] {processor.py:186} INFO - Started process (PID=3427) to work on /home/ubuntu/airflow-venv/lib/python3.12/site-packages/airflow/example_dags/tutorial_taskflow_api_virtualenv.py
[2026-02-25T13:50:46.924+0000] {processor.py:914} INFO - Processing file /home/ubuntu/airflow-venv/lib/python3.12/site-packages/airflow/example_dags/tutorial_taskflow_api_virtualenv.py for tasks to queue
[2026-02-25T13:50:46.926+0000] {logging_mixin.py:190} INFO - [2026-02-25T13:50:46.926+0000] {dagbag.py:588} INFO - Filling up the DagBag from /home/ubuntu/airflow-venv/lib/python3.12/site-packages/airflow/example_dags/tutorial_taskflow_api_virtualenv.py
[2026-02-25T13:50:46.927+0000] {logging_mixin.py:190} INFO - [2026-02-25T13:50:46.927+0000] {tutorial_taskflow_api_virtualenv.py:29} WARNING - The tutorial_taskflow_api_virtualenv example DAG requires virtualenv, please install it.
[2026-02-25T13:50:46.928+0000] {processor.py:927} WARNING - No viable dags retrieved from /home/ubuntu/airflow-venv/lib/python3.12/site-packages/airflow/example_dags/tutorial_taskflow_api_virtualenv.py
[2026-02-25T13:50:46.934+0000] {processor.py:208} INFO - Processing /home/ubuntu/airflow-venv/lib/python3.12/site-packages/airflow/example_dags/tutorial_taskflow_api_virtualenv.py took 0.014 seconds
[2026-02-25T13:51:39.425+0000] {processor.py:186} INFO - Started process (PID=3483) to work on /home/ubuntu/airflow-venv/lib/python3.12/site-packages/airflow/example_dags/tutorial_taskflow_api_virtualenv.py
[2026-02-25T13:51:39.427+0000] {processor.py:914} INFO - Processing file /home/ubuntu/airflow-venv/lib/python3.12/site-packages/airflow/example_dags/tutorial_taskflow_api_virtualenv.py for tasks to queue
[2026-02-25T13:51:39.428+0000] {logging_mixin.py:190} INFO - [2026-02-25T13:51:39.428+0000] {dagbag.py:588} INFO - Filling up the DagBag from /home/ubuntu/airflow-venv/lib/python3.12/site-packages/airflow/example_dags/tutorial_taskflow_api_virtualenv.py
[2026-02-25T13:51:39.430+0000] {logging_mixin.py:190} INFO - [2026-02-25T13:51:39.430+0000] {tutorial_taskflow_api_virtualenv.py:29} WARNING - The tutorial_taskflow_api_virtualenv example DAG requires virtualenv, please install it.
[2026-02-25T13:51:39.430+0000] {processor.py:927} WARNING - No viable dags retrieved from /home/ubuntu/airflow-venv/lib/python3.12/site-packages/airflow/example_dags/tutorial_taskflow_api_virtualenv.py
[2026-02-25T13:51:39.437+0000] {processor.py:208} INFO - Processing /home/ubuntu/airflow-venv/lib/python3.12/site-packages/airflow/example_dags/tutorial_taskflow_api_virtualenv.py took 0.015 seconds
[2026-02-25T13:52:28.947+0000] {processor.py:186} INFO - Started process (PID=3536) to work on /home/ubuntu/airflow-venv/lib/python3.12/site-packages/airflow/example_dags/tutorial_taskflow_api_virtualenv.py
[2026-02-25T13:52:28.948+0000] {processor.py:914} INFO - Processing file /home/ubuntu/airflow-venv/lib/python3.12/site-packages/airflow/example_dags/tutorial_taskflow_api_virtualenv.py for tasks to queue
[2026-02-25T13:52:28.949+0000] {logging_mixin.py:190} INFO - [2026-02-25T13:52:28.949+0000] {dagbag.py:588} INFO - Filling up the DagBag from /home/ubuntu/airflow-venv/lib/python3.12/site-packages/airflow/example_dags/tutorial_taskflow_api_virtualenv.py
[2026-02-25T13:52:28.951+0000] {logging_mixin.py:190} INFO - [2026-02-25T13:52:28.951+0000] {tutorial_taskflow_api_virtualenv.py:29} WARNING - The tutorial_taskflow_api_virtualenv example DAG requires virtualenv, please install it.
[2026-02-25T13:52:28.951+0000] {processor.py:927} WARNING - No viable dags retrieved from /home/ubuntu/airflow-venv/lib/python3.12/site-packages/airflow/example_dags/tutorial_taskflow_api_virtualenv.py
[2026-02-25T13:52:28.958+0000] {processor.py:208} INFO - Processing /home/ubuntu/airflow-venv/lib/python3.12/site-packages/airflow/example_dags/tutorial_taskflow_api_virtualenv.py took 0.014 seconds
[2026-02-25T13:53:19.173+0000] {processor.py:186} INFO - Started process (PID=3588) to work on /home/ubuntu/airflow-venv/lib/python3.12/site-packages/airflow/example_dags/tutorial_taskflow_api_virtualenv.py
[2026-02-25T13:53:19.174+0000] {processor.py:914} INFO - Processing file /home/ubuntu/airflow-venv/lib/python3.12/site-packages/airflow/example_dags/tutorial_taskflow_api_virtualenv.py for tasks to queue
[2026-02-25T13:53:19.176+0000] {logging_mixin.py:190} INFO - [2026-02-25T13:53:19.175+0000] {dagbag.py:588} INFO - Filling up the DagBag from /home/ubuntu/airflow-venv/lib/python3.12/site-packages/airflow/example_dags/tutorial_taskflow_api_virtualenv.py
[2026-02-25T13:53:19.177+0000] {logging_mixin.py:190} INFO - [2026-02-25T13:53:19.177+0000] {tutorial_taskflow_api_virtualenv.py:29} WARNING - The tutorial_taskflow_api_virtualenv example DAG requires virtualenv, please install it.
[2026-02-25T13:53:19.177+0000] {processor.py:927} WARNING - No viable dags retrieved from /home/ubuntu/airflow-venv/lib/python3.12/site-packages/airflow/example_dags/tutorial_taskflow_api_virtualenv.py
[2026-02-25T13:53:19.184+0000] {processor.py:208} INFO - Processing /home/ubuntu/airflow-venv/lib/python3.12/site-packages/airflow/example_dags/tutorial_taskflow_api_virtualenv.py took 0.014 seconds
[2026-02-25T13:54:08.760+0000] {processor.py:186} INFO - Started process (PID=3652) to work on /home/ubuntu/airflow-venv/lib/python3.12/site-packages/airflow/example_dags/tutorial_taskflow_api_virtualenv.py
[2026-02-25T13:54:08.761+0000] {processor.py:914} INFO - Processing file /home/ubuntu/airflow-venv/lib/python3.12/site-packages/airflow/example_dags/tutorial_taskflow_api_virtualenv.py for tasks to queue
[2026-02-25T13:54:08.762+0000] {logging_mixin.py:190} INFO - [2026-02-25T13:54:08.762+0000] {dagbag.py:588} INFO - Filling up the DagBag from /home/ubuntu/airflow-venv/lib/python3.12/site-packages/airflow/example_dags/tutorial_taskflow_api_virtualenv.py
[2026-02-25T13:54:08.764+0000] {logging_mixin.py:190} INFO - [2026-02-25T13:54:08.764+0000] {tutorial_taskflow_api_virtualenv.py:29} WARNING - The tutorial_taskflow_api_virtualenv example DAG requires virtualenv, please install it.
[2026-02-25T13:54:08.764+0000] {processor.py:927} WARNING - No viable dags retrieved from /home/ubuntu/airflow-venv/lib/python3.12/site-packages/airflow/example_dags/tutorial_taskflow_api_virtualenv.py
[2026-02-25T13:54:08.771+0000] {processor.py:208} INFO - Processing /home/ubuntu/airflow-venv/lib/python3.12/site-packages/airflow/example_dags/tutorial_taskflow_api_virtualenv.py took 0.015 seconds
[2026-02-25T13:54:59.531+0000] {processor.py:186} INFO - Started process (PID=3705) to work on /home/ubuntu/airflow-venv/lib/python3.12/site-packages/airflow/example_dags/tutorial_taskflow_api_virtualenv.py
[2026-02-25T13:54:59.532+0000] {processor.py:914} INFO - Processing file /home/ubuntu/airflow-venv/lib/python3.12/site-packages/airflow/example_dags/tutorial_taskflow_api_virtualenv.py for tasks to queue
[2026-02-25T13:54:59.533+0000] {logging_mixin.py:190} INFO - [2026-02-25T13:54:59.533+0000] {dagbag.py:588} INFO - Filling up the DagBag from /home/ubuntu/airflow-venv/lib/python3.12/site-packages/airflow/example_dags/tutorial_taskflow_api_virtualenv.py
[2026-02-25T13:54:59.535+0000] {logging_mixin.py:190} INFO - [2026-02-25T13:54:59.535+0000] {tutorial_taskflow_api_virtualenv.py:29} WARNING - The tutorial_taskflow_api_virtualenv example DAG requires virtualenv, please install it.
[2026-02-25T13:54:59.535+0000] {processor.py:927} WARNING - No viable dags retrieved from /home/ubuntu/airflow-venv/lib/python3.12/site-packages/airflow/example_dags/tutorial_taskflow_api_virtualenv.py
[2026-02-25T13:54:59.541+0000] {processor.py:208} INFO - Processing /home/ubuntu/airflow-venv/lib/python3.12/site-packages/airflow/example_dags/tutorial_taskflow_api_virtualenv.py took 0.014 seconds
[2026-02-25T14:08:26.781+0000] {processor.py:186} INFO - Started process (PID=2061) to work on /home/ubuntu/airflow-venv/lib/python3.12/site-packages/airflow/example_dags/tutorial_taskflow_api_virtualenv.py
[2026-02-25T14:08:26.784+0000] {processor.py:914} INFO - Processing file /home/ubuntu/airflow-venv/lib/python3.12/site-packages/airflow/example_dags/tutorial_taskflow_api_virtualenv.py for tasks to queue
[2026-02-25T14:08:26.785+0000] {logging_mixin.py:190} INFO - [2026-02-25T14:08:26.785+0000] {dagbag.py:588} INFO - Filling up the DagBag from /home/ubuntu/airflow-venv/lib/python3.12/site-packages/airflow/example_dags/tutorial_taskflow_api_virtualenv.py
[2026-02-25T14:08:26.787+0000] {logging_mixin.py:190} INFO - [2026-02-25T14:08:26.786+0000] {tutorial_taskflow_api_virtualenv.py:29} WARNING - The tutorial_taskflow_api_virtualenv example DAG requires virtualenv, please install it.
[2026-02-25T14:08:26.787+0000] {processor.py:927} WARNING - No viable dags retrieved from /home/ubuntu/airflow-venv/lib/python3.12/site-packages/airflow/example_dags/tutorial_taskflow_api_virtualenv.py
[2026-02-25T14:08:26.793+0000] {processor.py:208} INFO - Processing /home/ubuntu/airflow-venv/lib/python3.12/site-packages/airflow/example_dags/tutorial_taskflow_api_virtualenv.py took 0.015 seconds
[2026-02-25T14:09:20.997+0000] {processor.py:186} INFO - Started process (PID=2125) to work on /home/ubuntu/airflow-venv/lib/python3.12/site-packages/airflow/example_dags/tutorial_taskflow_api_virtualenv.py
[2026-02-25T14:09:20.998+0000] {processor.py:914} INFO - Processing file /home/ubuntu/airflow-venv/lib/python3.12/site-packages/airflow/example_dags/tutorial_taskflow_api_virtualenv.py for tasks to queue
[2026-02-25T14:09:21.000+0000] {logging_mixin.py:190} INFO - [2026-02-25T14:09:20.999+0000] {dagbag.py:588} INFO - Filling up the DagBag from /home/ubuntu/airflow-venv/lib/python3.12/site-packages/airflow/example_dags/tutorial_taskflow_api_virtualenv.py
[2026-02-25T14:09:21.001+0000] {logging_mixin.py:190} INFO - [2026-02-25T14:09:21.001+0000] {tutorial_taskflow_api_virtualenv.py:29} WARNING - The tutorial_taskflow_api_virtualenv example DAG requires virtualenv, please install it.
[2026-02-25T14:09:21.001+0000] {processor.py:927} WARNING - No viable dags retrieved from /home/ubuntu/airflow-venv/lib/python3.12/site-packages/airflow/example_dags/tutorial_taskflow_api_virtualenv.py
[2026-02-25T14:09:21.008+0000] {processor.py:208} INFO - Processing /home/ubuntu/airflow-venv/lib/python3.12/site-packages/airflow/example_dags/tutorial_taskflow_api_virtualenv.py took 0.014 seconds
[2026-02-25T14:10:11.534+0000] {processor.py:186} INFO - Started process (PID=2182) to work on /home/ubuntu/airflow-venv/lib/python3.12/site-packages/airflow/example_dags/tutorial_taskflow_api_virtualenv.py
[2026-02-25T14:10:11.535+0000] {processor.py:914} INFO - Processing file /home/ubuntu/airflow-venv/lib/python3.12/site-packages/airflow/example_dags/tutorial_taskflow_api_virtualenv.py for tasks to queue
[2026-02-25T14:10:11.536+0000] {logging_mixin.py:190} INFO - [2026-02-25T14:10:11.536+0000] {dagbag.py:588} INFO - Filling up the DagBag from /home/ubuntu/airflow-venv/lib/python3.12/site-packages/airflow/example_dags/tutorial_taskflow_api_virtualenv.py
[2026-02-25T14:10:11.538+0000] {logging_mixin.py:190} INFO - [2026-02-25T14:10:11.537+0000] {tutorial_taskflow_api_virtualenv.py:29} WARNING - The tutorial_taskflow_api_virtualenv example DAG requires virtualenv, please install it.
[2026-02-25T14:10:11.538+0000] {processor.py:927} WARNING - No viable dags retrieved from /home/ubuntu/airflow-venv/lib/python3.12/site-packages/airflow/example_dags/tutorial_taskflow_api_virtualenv.py
[2026-02-25T14:10:11.545+0000] {processor.py:208} INFO - Processing /home/ubuntu/airflow-venv/lib/python3.12/site-packages/airflow/example_dags/tutorial_taskflow_api_virtualenv.py took 0.014 seconds
[2026-02-25T14:11:00.906+0000] {processor.py:186} INFO - Started process (PID=2232) to work on /home/ubuntu/airflow-venv/lib/python3.12/site-packages/airflow/example_dags/tutorial_taskflow_api_virtualenv.py
[2026-02-25T14:11:00.907+0000] {processor.py:914} INFO - Processing file /home/ubuntu/airflow-venv/lib/python3.12/site-packages/airflow/example_dags/tutorial_taskflow_api_virtualenv.py for tasks to queue
[2026-02-25T14:11:00.908+0000] {logging_mixin.py:190} INFO - [2026-02-25T14:11:00.908+0000] {dagbag.py:588} INFO - Filling up the DagBag from /home/ubuntu/airflow-venv/lib/python3.12/site-packages/airflow/example_dags/tutorial_taskflow_api_virtualenv.py
[2026-02-25T14:11:00.910+0000] {logging_mixin.py:190} INFO - [2026-02-25T14:11:00.910+0000] {tutorial_taskflow_api_virtualenv.py:29} WARNING - The tutorial_taskflow_api_virtualenv example DAG requires virtualenv, please install it.
[2026-02-25T14:11:00.910+0000] {processor.py:927} WARNING - No viable dags retrieved from /home/ubuntu/airflow-venv/lib/python3.12/site-packages/airflow/example_dags/tutorial_taskflow_api_virtualenv.py
[2026-02-25T14:11:00.918+0000] {processor.py:208} INFO - Processing /home/ubuntu/airflow-venv/lib/python3.12/site-packages/airflow/example_dags/tutorial_taskflow_api_virtualenv.py took 0.015 seconds
[2026-02-25T14:11:51.078+0000] {processor.py:186} INFO - Started process (PID=2284) to work on /home/ubuntu/airflow-venv/lib/python3.12/site-packages/airflow/example_dags/tutorial_taskflow_api_virtualenv.py
[2026-02-25T14:11:51.079+0000] {processor.py:914} INFO - Processing file /home/ubuntu/airflow-venv/lib/python3.12/site-packages/airflow/example_dags/tutorial_taskflow_api_virtualenv.py for tasks to queue
[2026-02-25T14:11:51.080+0000] {logging_mixin.py:190} INFO - [2026-02-25T14:11:51.080+0000] {dagbag.py:588} INFO - Filling up the DagBag from /home/ubuntu/airflow-venv/lib/python3.12/site-packages/airflow/example_dags/tutorial_taskflow_api_virtualenv.py
[2026-02-25T14:11:51.082+0000] {logging_mixin.py:190} INFO - [2026-02-25T14:11:51.082+0000] {tutorial_taskflow_api_virtualenv.py:29} WARNING - The tutorial_taskflow_api_virtualenv example DAG requires virtualenv, please install it.
[2026-02-25T14:11:51.082+0000] {processor.py:927} WARNING - No viable dags retrieved from /home/ubuntu/airflow-venv/lib/python3.12/site-packages/airflow/example_dags/tutorial_taskflow_api_virtualenv.py
[2026-02-25T14:11:51.089+0000] {processor.py:208} INFO - Processing /home/ubuntu/airflow-venv/lib/python3.12/site-packages/airflow/example_dags/tutorial_taskflow_api_virtualenv.py took 0.015 seconds
[2026-02-25T14:12:38.949+0000] {processor.py:186} INFO - Started process (PID=2345) to work on /home/ubuntu/airflow-venv/lib/python3.12/site-packages/airflow/example_dags/tutorial_taskflow_api_virtualenv.py
[2026-02-25T14:12:38.950+0000] {processor.py:914} INFO - Processing file /home/ubuntu/airflow-venv/lib/python3.12/site-packages/airflow/example_dags/tutorial_taskflow_api_virtualenv.py for tasks to queue
[2026-02-25T14:12:38.951+0000] {logging_mixin.py:190} INFO - [2026-02-25T14:12:38.951+0000] {dagbag.py:588} INFO - Filling up the DagBag from /home/ubuntu/airflow-venv/lib/python3.12/site-packages/airflow/example_dags/tutorial_taskflow_api_virtualenv.py
[2026-02-25T14:12:38.953+0000] {logging_mixin.py:190} INFO - [2026-02-25T14:12:38.953+0000] {tutorial_taskflow_api_virtualenv.py:29} WARNING - The tutorial_taskflow_api_virtualenv example DAG requires virtualenv, please install it.
[2026-02-25T14:12:38.953+0000] {processor.py:927} WARNING - No viable dags retrieved from /home/ubuntu/airflow-venv/lib/python3.12/site-packages/airflow/example_dags/tutorial_taskflow_api_virtualenv.py
[2026-02-25T14:12:38.960+0000] {processor.py:208} INFO - Processing /home/ubuntu/airflow-venv/lib/python3.12/site-packages/airflow/example_dags/tutorial_taskflow_api_virtualenv.py took 0.015 seconds
[2026-02-25T14:13:26.006+0000] {processor.py:186} INFO - Started process (PID=2396) to work on /home/ubuntu/airflow-venv/lib/python3.12/site-packages/airflow/example_dags/tutorial_taskflow_api_virtualenv.py
[2026-02-25T14:13:26.008+0000] {processor.py:914} INFO - Processing file /home/ubuntu/airflow-venv/lib/python3.12/site-packages/airflow/example_dags/tutorial_taskflow_api_virtualenv.py for tasks to queue
[2026-02-25T14:13:26.009+0000] {logging_mixin.py:190} INFO - [2026-02-25T14:13:26.009+0000] {dagbag.py:588} INFO - Filling up the DagBag from /home/ubuntu/airflow-venv/lib/python3.12/site-packages/airflow/example_dags/tutorial_taskflow_api_virtualenv.py
[2026-02-25T14:13:26.010+0000] {logging_mixin.py:190} INFO - [2026-02-25T14:13:26.010+0000] {tutorial_taskflow_api_virtualenv.py:29} WARNING - The tutorial_taskflow_api_virtualenv example DAG requires virtualenv, please install it.
[2026-02-25T14:13:26.011+0000] {processor.py:927} WARNING - No viable dags retrieved from /home/ubuntu/airflow-venv/lib/python3.12/site-packages/airflow/example_dags/tutorial_taskflow_api_virtualenv.py
[2026-02-25T14:13:26.017+0000] {processor.py:208} INFO - Processing /home/ubuntu/airflow-venv/lib/python3.12/site-packages/airflow/example_dags/tutorial_taskflow_api_virtualenv.py took 0.015 seconds
[2026-02-25T14:14:22.069+0000] {processor.py:186} INFO - Started process (PID=2450) to work on /home/ubuntu/airflow-venv/lib/python3.12/site-packages/airflow/example_dags/tutorial_taskflow_api_virtualenv.py
[2026-02-25T14:14:22.071+0000] {processor.py:914} INFO - Processing file /home/ubuntu/airflow-venv/lib/python3.12/site-packages/airflow/example_dags/tutorial_taskflow_api_virtualenv.py for tasks to queue
[2026-02-25T14:14:22.072+0000] {logging_mixin.py:190} INFO - [2026-02-25T14:14:22.072+0000] {dagbag.py:588} INFO - Filling up the DagBag from /home/ubuntu/airflow-venv/lib/python3.12/site-packages/airflow/example_dags/tutorial_taskflow_api_virtualenv.py
[2026-02-25T14:14:22.073+0000] {logging_mixin.py:190} INFO - [2026-02-25T14:14:22.073+0000] {tutorial_taskflow_api_virtualenv.py:29} WARNING - The tutorial_taskflow_api_virtualenv example DAG requires virtualenv, please install it.
[2026-02-25T14:14:22.074+0000] {processor.py:927} WARNING - No viable dags retrieved from /home/ubuntu/airflow-venv/lib/python3.12/site-packages/airflow/example_dags/tutorial_taskflow_api_virtualenv.py
[2026-02-25T14:14:22.164+0000] {processor.py:208} INFO - Processing /home/ubuntu/airflow-venv/lib/python3.12/site-packages/airflow/example_dags/tutorial_taskflow_api_virtualenv.py took 0.098 seconds
[2026-02-25T14:15:14.377+0000] {processor.py:186} INFO - Started process (PID=2508) to work on /home/ubuntu/airflow-venv/lib/python3.12/site-packages/airflow/example_dags/tutorial_taskflow_api_virtualenv.py
[2026-02-25T14:15:14.379+0000] {processor.py:914} INFO - Processing file /home/ubuntu/airflow-venv/lib/python3.12/site-packages/airflow/example_dags/tutorial_taskflow_api_virtualenv.py for tasks to queue
[2026-02-25T14:15:14.380+0000] {logging_mixin.py:190} INFO - [2026-02-25T14:15:14.380+0000] {dagbag.py:588} INFO - Filling up the DagBag from /home/ubuntu/airflow-venv/lib/python3.12/site-packages/airflow/example_dags/tutorial_taskflow_api_virtualenv.py
[2026-02-25T14:15:14.382+0000] {logging_mixin.py:190} INFO - [2026-02-25T14:15:14.382+0000] {tutorial_taskflow_api_virtualenv.py:29} WARNING - The tutorial_taskflow_api_virtualenv example DAG requires virtualenv, please install it.
[2026-02-25T14:15:14.382+0000] {processor.py:927} WARNING - No viable dags retrieved from /home/ubuntu/airflow-venv/lib/python3.12/site-packages/airflow/example_dags/tutorial_taskflow_api_virtualenv.py
[2026-02-25T14:15:14.389+0000] {processor.py:208} INFO - Processing /home/ubuntu/airflow-venv/lib/python3.12/site-packages/airflow/example_dags/tutorial_taskflow_api_virtualenv.py took 0.016 seconds
[2026-02-25T14:16:05.712+0000] {processor.py:186} INFO - Started process (PID=2561) to work on /home/ubuntu/airflow-venv/lib/python3.12/site-packages/airflow/example_dags/tutorial_taskflow_api_virtualenv.py
[2026-02-25T14:16:05.714+0000] {processor.py:914} INFO - Processing file /home/ubuntu/airflow-venv/lib/python3.12/site-packages/airflow/example_dags/tutorial_taskflow_api_virtualenv.py for tasks to queue
[2026-02-25T14:16:05.715+0000] {logging_mixin.py:190} INFO - [2026-02-25T14:16:05.715+0000] {dagbag.py:588} INFO - Filling up the DagBag from /home/ubuntu/airflow-venv/lib/python3.12/site-packages/airflow/example_dags/tutorial_taskflow_api_virtualenv.py
[2026-02-25T14:16:05.717+0000] {logging_mixin.py:190} INFO - [2026-02-25T14:16:05.716+0000] {tutorial_taskflow_api_virtualenv.py:29} WARNING - The tutorial_taskflow_api_virtualenv example DAG requires virtualenv, please install it.
[2026-02-25T14:16:05.717+0000] {processor.py:927} WARNING - No viable dags retrieved from /home/ubuntu/airflow-venv/lib/python3.12/site-packages/airflow/example_dags/tutorial_taskflow_api_virtualenv.py
[2026-02-25T14:16:05.724+0000] {processor.py:208} INFO - Processing /home/ubuntu/airflow-venv/lib/python3.12/site-packages/airflow/example_dags/tutorial_taskflow_api_virtualenv.py took 0.015 seconds
[2026-02-25T14:16:53.114+0000] {processor.py:186} INFO - Started process (PID=2611) to work on /home/ubuntu/airflow-venv/lib/python3.12/site-packages/airflow/example_dags/tutorial_taskflow_api_virtualenv.py
[2026-02-25T14:16:53.115+0000] {processor.py:914} INFO - Processing file /home/ubuntu/airflow-venv/lib/python3.12/site-packages/airflow/example_dags/tutorial_taskflow_api_virtualenv.py for tasks to queue
[2026-02-25T14:16:53.116+0000] {logging_mixin.py:190} INFO - [2026-02-25T14:16:53.116+0000] {dagbag.py:588} INFO - Filling up the DagBag from /home/ubuntu/airflow-venv/lib/python3.12/site-packages/airflow/example_dags/tutorial_taskflow_api_virtualenv.py
[2026-02-25T14:16:53.118+0000] {logging_mixin.py:190} INFO - [2026-02-25T14:16:53.118+0000] {tutorial_taskflow_api_virtualenv.py:29} WARNING - The tutorial_taskflow_api_virtualenv example DAG requires virtualenv, please install it.
[2026-02-25T14:16:53.118+0000] {processor.py:927} WARNING - No viable dags retrieved from /home/ubuntu/airflow-venv/lib/python3.12/site-packages/airflow/example_dags/tutorial_taskflow_api_virtualenv.py
[2026-02-25T14:16:53.125+0000] {processor.py:208} INFO - Processing /home/ubuntu/airflow-venv/lib/python3.12/site-packages/airflow/example_dags/tutorial_taskflow_api_virtualenv.py took 0.015 seconds
[2026-02-25T14:17:43.373+0000] {processor.py:186} INFO - Started process (PID=2670) to work on /home/ubuntu/airflow-venv/lib/python3.12/site-packages/airflow/example_dags/tutorial_taskflow_api_virtualenv.py
[2026-02-25T14:17:43.375+0000] {processor.py:914} INFO - Processing file /home/ubuntu/airflow-venv/lib/python3.12/site-packages/airflow/example_dags/tutorial_taskflow_api_virtualenv.py for tasks to queue
[2026-02-25T14:17:43.376+0000] {logging_mixin.py:190} INFO - [2026-02-25T14:17:43.376+0000] {dagbag.py:588} INFO - Filling up the DagBag from /home/ubuntu/airflow-venv/lib/python3.12/site-packages/airflow/example_dags/tutorial_taskflow_api_virtualenv.py
[2026-02-25T14:17:43.378+0000] {logging_mixin.py:190} INFO - [2026-02-25T14:17:43.378+0000] {tutorial_taskflow_api_virtualenv.py:29} WARNING - The tutorial_taskflow_api_virtualenv example DAG requires virtualenv, please install it.
[2026-02-25T14:17:43.378+0000] {processor.py:927} WARNING - No viable dags retrieved from /home/ubuntu/airflow-venv/lib/python3.12/site-packages/airflow/example_dags/tutorial_taskflow_api_virtualenv.py
[2026-02-25T14:17:43.385+0000] {processor.py:208} INFO - Processing /home/ubuntu/airflow-venv/lib/python3.12/site-packages/airflow/example_dags/tutorial_taskflow_api_virtualenv.py took 0.015 seconds
[2026-02-25T14:18:33.296+0000] {processor.py:186} INFO - Started process (PID=2723) to work on /home/ubuntu/airflow-venv/lib/python3.12/site-packages/airflow/example_dags/tutorial_taskflow_api_virtualenv.py
[2026-02-25T14:18:33.297+0000] {processor.py:914} INFO - Processing file /home/ubuntu/airflow-venv/lib/python3.12/site-packages/airflow/example_dags/tutorial_taskflow_api_virtualenv.py for tasks to queue
[2026-02-25T14:18:33.299+0000] {logging_mixin.py:190} INFO - [2026-02-25T14:18:33.298+0000] {dagbag.py:588} INFO - Filling up the DagBag from /home/ubuntu/airflow-venv/lib/python3.12/site-packages/airflow/example_dags/tutorial_taskflow_api_virtualenv.py
[2026-02-25T14:18:33.300+0000] {logging_mixin.py:190} INFO - [2026-02-25T14:18:33.300+0000] {tutorial_taskflow_api_virtualenv.py:29} WARNING - The tutorial_taskflow_api_virtualenv example DAG requires virtualenv, please install it.
[2026-02-25T14:18:33.301+0000] {processor.py:927} WARNING - No viable dags retrieved from /home/ubuntu/airflow-venv/lib/python3.12/site-packages/airflow/example_dags/tutorial_taskflow_api_virtualenv.py
[2026-02-25T14:18:33.307+0000] {processor.py:208} INFO - Processing /home/ubuntu/airflow-venv/lib/python3.12/site-packages/airflow/example_dags/tutorial_taskflow_api_virtualenv.py took 0.015 seconds
[2026-02-25T14:19:18.995+0000] {processor.py:186} INFO - Started process (PID=3137) to work on /home/ubuntu/airflow-venv/lib/python3.12/site-packages/airflow/example_dags/tutorial_taskflow_api_virtualenv.py
[2026-02-25T14:19:18.996+0000] {processor.py:914} INFO - Processing file /home/ubuntu/airflow-venv/lib/python3.12/site-packages/airflow/example_dags/tutorial_taskflow_api_virtualenv.py for tasks to queue
[2026-02-25T14:19:18.997+0000] {logging_mixin.py:190} INFO - [2026-02-25T14:19:18.997+0000] {dagbag.py:588} INFO - Filling up the DagBag from /home/ubuntu/airflow-venv/lib/python3.12/site-packages/airflow/example_dags/tutorial_taskflow_api_virtualenv.py
[2026-02-25T14:19:18.999+0000] {logging_mixin.py:190} INFO - [2026-02-25T14:19:18.999+0000] {tutorial_taskflow_api_virtualenv.py:29} WARNING - The tutorial_taskflow_api_virtualenv example DAG requires virtualenv, please install it.
[2026-02-25T14:19:18.999+0000] {processor.py:927} WARNING - No viable dags retrieved from /home/ubuntu/airflow-venv/lib/python3.12/site-packages/airflow/example_dags/tutorial_taskflow_api_virtualenv.py
[2026-02-25T14:19:19.006+0000] {processor.py:208} INFO - Processing /home/ubuntu/airflow-venv/lib/python3.12/site-packages/airflow/example_dags/tutorial_taskflow_api_virtualenv.py took 0.015 seconds
[2026-02-25T14:20:06.374+0000] {processor.py:186} INFO - Started process (PID=3192) to work on /home/ubuntu/airflow-venv/lib/python3.12/site-packages/airflow/example_dags/tutorial_taskflow_api_virtualenv.py
[2026-02-25T14:20:06.376+0000] {processor.py:914} INFO - Processing file /home/ubuntu/airflow-venv/lib/python3.12/site-packages/airflow/example_dags/tutorial_taskflow_api_virtualenv.py for tasks to queue
[2026-02-25T14:20:06.377+0000] {logging_mixin.py:190} INFO - [2026-02-25T14:20:06.377+0000] {dagbag.py:588} INFO - Filling up the DagBag from /home/ubuntu/airflow-venv/lib/python3.12/site-packages/airflow/example_dags/tutorial_taskflow_api_virtualenv.py
[2026-02-25T14:20:06.379+0000] {logging_mixin.py:190} INFO - [2026-02-25T14:20:06.379+0000] {tutorial_taskflow_api_virtualenv.py:29} WARNING - The tutorial_taskflow_api_virtualenv example DAG requires virtualenv, please install it.
[2026-02-25T14:20:06.379+0000] {processor.py:927} WARNING - No viable dags retrieved from /home/ubuntu/airflow-venv/lib/python3.12/site-packages/airflow/example_dags/tutorial_taskflow_api_virtualenv.py
[2026-02-25T14:20:06.386+0000] {processor.py:208} INFO - Processing /home/ubuntu/airflow-venv/lib/python3.12/site-packages/airflow/example_dags/tutorial_taskflow_api_virtualenv.py took 0.015 seconds
[2026-02-25T14:20:58.261+0000] {processor.py:186} INFO - Started process (PID=3246) to work on /home/ubuntu/airflow-venv/lib/python3.12/site-packages/airflow/example_dags/tutorial_taskflow_api_virtualenv.py
[2026-02-25T14:20:58.263+0000] {processor.py:914} INFO - Processing file /home/ubuntu/airflow-venv/lib/python3.12/site-packages/airflow/example_dags/tutorial_taskflow_api_virtualenv.py for tasks to queue
[2026-02-25T14:20:58.264+0000] {logging_mixin.py:190} INFO - [2026-02-25T14:20:58.264+0000] {dagbag.py:588} INFO - Filling up the DagBag from /home/ubuntu/airflow-venv/lib/python3.12/site-packages/airflow/example_dags/tutorial_taskflow_api_virtualenv.py
[2026-02-25T14:20:58.266+0000] {logging_mixin.py:190} INFO - [2026-02-25T14:20:58.266+0000] {tutorial_taskflow_api_virtualenv.py:29} WARNING - The tutorial_taskflow_api_virtualenv example DAG requires virtualenv, please install it.
[2026-02-25T14:20:58.266+0000] {processor.py:927} WARNING - No viable dags retrieved from /home/ubuntu/airflow-venv/lib/python3.12/site-packages/airflow/example_dags/tutorial_taskflow_api_virtualenv.py
[2026-02-25T14:20:58.273+0000] {processor.py:208} INFO - Processing /home/ubuntu/airflow-venv/lib/python3.12/site-packages/airflow/example_dags/tutorial_taskflow_api_virtualenv.py took 0.016 seconds
[2026-02-25T14:21:48.577+0000] {processor.py:186} INFO - Started process (PID=3663) to work on /home/ubuntu/airflow-venv/lib/python3.12/site-packages/airflow/example_dags/tutorial_taskflow_api_virtualenv.py
[2026-02-25T14:21:48.579+0000] {processor.py:914} INFO - Processing file /home/ubuntu/airflow-venv/lib/python3.12/site-packages/airflow/example_dags/tutorial_taskflow_api_virtualenv.py for tasks to queue
[2026-02-25T14:21:48.580+0000] {logging_mixin.py:190} INFO - [2026-02-25T14:21:48.580+0000] {dagbag.py:588} INFO - Filling up the DagBag from /home/ubuntu/airflow-venv/lib/python3.12/site-packages/airflow/example_dags/tutorial_taskflow_api_virtualenv.py
[2026-02-25T14:21:48.582+0000] {logging_mixin.py:190} INFO - [2026-02-25T14:21:48.581+0000] {tutorial_taskflow_api_virtualenv.py:29} WARNING - The tutorial_taskflow_api_virtualenv example DAG requires virtualenv, please install it.
[2026-02-25T14:21:48.582+0000] {processor.py:927} WARNING - No viable dags retrieved from /home/ubuntu/airflow-venv/lib/python3.12/site-packages/airflow/example_dags/tutorial_taskflow_api_virtualenv.py
[2026-02-25T14:21:48.589+0000] {processor.py:208} INFO - Processing /home/ubuntu/airflow-venv/lib/python3.12/site-packages/airflow/example_dags/tutorial_taskflow_api_virtualenv.py took 0.015 seconds
[2026-02-25T14:22:40.498+0000] {processor.py:186} INFO - Started process (PID=3722) to work on /home/ubuntu/airflow-venv/lib/python3.12/site-packages/airflow/example_dags/tutorial_taskflow_api_virtualenv.py
[2026-02-25T14:22:40.499+0000] {processor.py:914} INFO - Processing file /home/ubuntu/airflow-venv/lib/python3.12/site-packages/airflow/example_dags/tutorial_taskflow_api_virtualenv.py for tasks to queue
[2026-02-25T14:22:40.500+0000] {logging_mixin.py:190} INFO - [2026-02-25T14:22:40.500+0000] {dagbag.py:588} INFO - Filling up the DagBag from /home/ubuntu/airflow-venv/lib/python3.12/site-packages/airflow/example_dags/tutorial_taskflow_api_virtualenv.py
[2026-02-25T14:22:40.502+0000] {logging_mixin.py:190} INFO - [2026-02-25T14:22:40.502+0000] {tutorial_taskflow_api_virtualenv.py:29} WARNING - The tutorial_taskflow_api_virtualenv example DAG requires virtualenv, please install it.
[2026-02-25T14:22:40.502+0000] {processor.py:927} WARNING - No viable dags retrieved from /home/ubuntu/airflow-venv/lib/python3.12/site-packages/airflow/example_dags/tutorial_taskflow_api_virtualenv.py
[2026-02-25T14:22:40.509+0000] {processor.py:208} INFO - Processing /home/ubuntu/airflow-venv/lib/python3.12/site-packages/airflow/example_dags/tutorial_taskflow_api_virtualenv.py took 0.015 seconds
[2026-02-25T14:23:31.841+0000] {processor.py:186} INFO - Started process (PID=3777) to work on /home/ubuntu/airflow-venv/lib/python3.12/site-packages/airflow/example_dags/tutorial_taskflow_api_virtualenv.py
[2026-02-25T14:23:31.842+0000] {processor.py:914} INFO - Processing file /home/ubuntu/airflow-venv/lib/python3.12/site-packages/airflow/example_dags/tutorial_taskflow_api_virtualenv.py for tasks to queue
[2026-02-25T14:23:31.843+0000] {logging_mixin.py:190} INFO - [2026-02-25T14:23:31.843+0000] {dagbag.py:588} INFO - Filling up the DagBag from /home/ubuntu/airflow-venv/lib/python3.12/site-packages/airflow/example_dags/tutorial_taskflow_api_virtualenv.py
[2026-02-25T14:23:31.845+0000] {logging_mixin.py:190} INFO - [2026-02-25T14:23:31.845+0000] {tutorial_taskflow_api_virtualenv.py:29} WARNING - The tutorial_taskflow_api_virtualenv example DAG requires virtualenv, please install it.
[2026-02-25T14:23:31.845+0000] {processor.py:927} WARNING - No viable dags retrieved from /home/ubuntu/airflow-venv/lib/python3.12/site-packages/airflow/example_dags/tutorial_taskflow_api_virtualenv.py
[2026-02-25T14:23:31.852+0000] {processor.py:208} INFO - Processing /home/ubuntu/airflow-venv/lib/python3.12/site-packages/airflow/example_dags/tutorial_taskflow_api_virtualenv.py took 0.015 seconds
[2026-02-25T14:24:19.787+0000] {processor.py:186} INFO - Started process (PID=3826) to work on /home/ubuntu/airflow-venv/lib/python3.12/site-packages/airflow/example_dags/tutorial_taskflow_api_virtualenv.py
[2026-02-25T14:24:19.788+0000] {processor.py:914} INFO - Processing file /home/ubuntu/airflow-venv/lib/python3.12/site-packages/airflow/example_dags/tutorial_taskflow_api_virtualenv.py for tasks to queue
[2026-02-25T14:24:19.789+0000] {logging_mixin.py:190} INFO - [2026-02-25T14:24:19.789+0000] {dagbag.py:588} INFO - Filling up the DagBag from /home/ubuntu/airflow-venv/lib/python3.12/site-packages/airflow/example_dags/tutorial_taskflow_api_virtualenv.py
[2026-02-25T14:24:19.791+0000] {logging_mixin.py:190} INFO - [2026-02-25T14:24:19.791+0000] {tutorial_taskflow_api_virtualenv.py:29} WARNING - The tutorial_taskflow_api_virtualenv example DAG requires virtualenv, please install it.
[2026-02-25T14:24:19.791+0000] {processor.py:927} WARNING - No viable dags retrieved from /home/ubuntu/airflow-venv/lib/python3.12/site-packages/airflow/example_dags/tutorial_taskflow_api_virtualenv.py
[2026-02-25T14:24:19.798+0000] {processor.py:208} INFO - Processing /home/ubuntu/airflow-venv/lib/python3.12/site-packages/airflow/example_dags/tutorial_taskflow_api_virtualenv.py took 0.015 seconds
[2026-02-25T14:25:09.440+0000] {processor.py:186} INFO - Started process (PID=3896) to work on /home/ubuntu/airflow-venv/lib/python3.12/site-packages/airflow/example_dags/tutorial_taskflow_api_virtualenv.py
[2026-02-25T14:25:09.441+0000] {processor.py:914} INFO - Processing file /home/ubuntu/airflow-venv/lib/python3.12/site-packages/airflow/example_dags/tutorial_taskflow_api_virtualenv.py for tasks to queue
[2026-02-25T14:25:09.443+0000] {logging_mixin.py:190} INFO - [2026-02-25T14:25:09.442+0000] {dagbag.py:588} INFO - Filling up the DagBag from /home/ubuntu/airflow-venv/lib/python3.12/site-packages/airflow/example_dags/tutorial_taskflow_api_virtualenv.py
[2026-02-25T14:25:09.444+0000] {logging_mixin.py:190} INFO - [2026-02-25T14:25:09.444+0000] {tutorial_taskflow_api_virtualenv.py:29} WARNING - The tutorial_taskflow_api_virtualenv example DAG requires virtualenv, please install it.
[2026-02-25T14:25:09.444+0000] {processor.py:927} WARNING - No viable dags retrieved from /home/ubuntu/airflow-venv/lib/python3.12/site-packages/airflow/example_dags/tutorial_taskflow_api_virtualenv.py
[2026-02-25T14:25:09.451+0000] {processor.py:208} INFO - Processing /home/ubuntu/airflow-venv/lib/python3.12/site-packages/airflow/example_dags/tutorial_taskflow_api_virtualenv.py took 0.014 seconds
[2026-02-25T14:25:58.835+0000] {processor.py:186} INFO - Started process (PID=3948) to work on /home/ubuntu/airflow-venv/lib/python3.12/site-packages/airflow/example_dags/tutorial_taskflow_api_virtualenv.py
[2026-02-25T14:25:58.837+0000] {processor.py:914} INFO - Processing file /home/ubuntu/airflow-venv/lib/python3.12/site-packages/airflow/example_dags/tutorial_taskflow_api_virtualenv.py for tasks to queue
[2026-02-25T14:25:58.838+0000] {logging_mixin.py:190} INFO - [2026-02-25T14:25:58.838+0000] {dagbag.py:588} INFO - Filling up the DagBag from /home/ubuntu/airflow-venv/lib/python3.12/site-packages/airflow/example_dags/tutorial_taskflow_api_virtualenv.py
[2026-02-25T14:25:58.840+0000] {logging_mixin.py:190} INFO - [2026-02-25T14:25:58.839+0000] {tutorial_taskflow_api_virtualenv.py:29} WARNING - The tutorial_taskflow_api_virtualenv example DAG requires virtualenv, please install it.
[2026-02-25T14:25:58.840+0000] {processor.py:927} WARNING - No viable dags retrieved from /home/ubuntu/airflow-venv/lib/python3.12/site-packages/airflow/example_dags/tutorial_taskflow_api_virtualenv.py
[2026-02-25T14:25:58.847+0000] {processor.py:208} INFO - Processing /home/ubuntu/airflow-venv/lib/python3.12/site-packages/airflow/example_dags/tutorial_taskflow_api_virtualenv.py took 0.015 seconds
[2026-02-25T14:26:47.213+0000] {processor.py:186} INFO - Started process (PID=4000) to work on /home/ubuntu/airflow-venv/lib/python3.12/site-packages/airflow/example_dags/tutorial_taskflow_api_virtualenv.py
[2026-02-25T14:26:47.214+0000] {processor.py:914} INFO - Processing file /home/ubuntu/airflow-venv/lib/python3.12/site-packages/airflow/example_dags/tutorial_taskflow_api_virtualenv.py for tasks to queue
[2026-02-25T14:26:47.216+0000] {logging_mixin.py:190} INFO - [2026-02-25T14:26:47.215+0000] {dagbag.py:588} INFO - Filling up the DagBag from /home/ubuntu/airflow-venv/lib/python3.12/site-packages/airflow/example_dags/tutorial_taskflow_api_virtualenv.py
[2026-02-25T14:26:47.217+0000] {logging_mixin.py:190} INFO - [2026-02-25T14:26:47.217+0000] {tutorial_taskflow_api_virtualenv.py:29} WARNING - The tutorial_taskflow_api_virtualenv example DAG requires virtualenv, please install it.
[2026-02-25T14:26:47.218+0000] {processor.py:927} WARNING - No viable dags retrieved from /home/ubuntu/airflow-venv/lib/python3.12/site-packages/airflow/example_dags/tutorial_taskflow_api_virtualenv.py
[2026-02-25T14:26:47.225+0000] {processor.py:208} INFO - Processing /home/ubuntu/airflow-venv/lib/python3.12/site-packages/airflow/example_dags/tutorial_taskflow_api_virtualenv.py took 0.015 seconds
[2026-02-25T14:27:36.742+0000] {processor.py:186} INFO - Started process (PID=4053) to work on /home/ubuntu/airflow-venv/lib/python3.12/site-packages/airflow/example_dags/tutorial_taskflow_api_virtualenv.py
[2026-02-25T14:27:36.743+0000] {processor.py:914} INFO - Processing file /home/ubuntu/airflow-venv/lib/python3.12/site-packages/airflow/example_dags/tutorial_taskflow_api_virtualenv.py for tasks to queue
[2026-02-25T14:27:36.744+0000] {logging_mixin.py:190} INFO - [2026-02-25T14:27:36.744+0000] {dagbag.py:588} INFO - Filling up the DagBag from /home/ubuntu/airflow-venv/lib/python3.12/site-packages/airflow/example_dags/tutorial_taskflow_api_virtualenv.py
[2026-02-25T14:27:36.746+0000] {logging_mixin.py:190} INFO - [2026-02-25T14:27:36.745+0000] {tutorial_taskflow_api_virtualenv.py:29} WARNING - The tutorial_taskflow_api_virtualenv example DAG requires virtualenv, please install it.
[2026-02-25T14:27:36.746+0000] {processor.py:927} WARNING - No viable dags retrieved from /home/ubuntu/airflow-venv/lib/python3.12/site-packages/airflow/example_dags/tutorial_taskflow_api_virtualenv.py
[2026-02-25T14:27:36.753+0000] {processor.py:208} INFO - Processing /home/ubuntu/airflow-venv/lib/python3.12/site-packages/airflow/example_dags/tutorial_taskflow_api_virtualenv.py took 0.014 seconds
[2026-02-25T14:28:26.750+0000] {processor.py:186} INFO - Started process (PID=4105) to work on /home/ubuntu/airflow-venv/lib/python3.12/site-packages/airflow/example_dags/tutorial_taskflow_api_virtualenv.py
[2026-02-25T14:28:26.752+0000] {processor.py:914} INFO - Processing file /home/ubuntu/airflow-venv/lib/python3.12/site-packages/airflow/example_dags/tutorial_taskflow_api_virtualenv.py for tasks to queue
[2026-02-25T14:28:26.753+0000] {logging_mixin.py:190} INFO - [2026-02-25T14:28:26.752+0000] {dagbag.py:588} INFO - Filling up the DagBag from /home/ubuntu/airflow-venv/lib/python3.12/site-packages/airflow/example_dags/tutorial_taskflow_api_virtualenv.py
[2026-02-25T14:28:26.754+0000] {logging_mixin.py:190} INFO - [2026-02-25T14:28:26.754+0000] {tutorial_taskflow_api_virtualenv.py:29} WARNING - The tutorial_taskflow_api_virtualenv example DAG requires virtualenv, please install it.
[2026-02-25T14:28:26.754+0000] {processor.py:927} WARNING - No viable dags retrieved from /home/ubuntu/airflow-venv/lib/python3.12/site-packages/airflow/example_dags/tutorial_taskflow_api_virtualenv.py
[2026-02-25T14:28:26.761+0000] {processor.py:208} INFO - Processing /home/ubuntu/airflow-venv/lib/python3.12/site-packages/airflow/example_dags/tutorial_taskflow_api_virtualenv.py took 0.015 seconds
[2026-02-25T14:29:17.473+0000] {processor.py:186} INFO - Started process (PID=4158) to work on /home/ubuntu/airflow-venv/lib/python3.12/site-packages/airflow/example_dags/tutorial_taskflow_api_virtualenv.py
[2026-02-25T14:29:17.474+0000] {processor.py:914} INFO - Processing file /home/ubuntu/airflow-venv/lib/python3.12/site-packages/airflow/example_dags/tutorial_taskflow_api_virtualenv.py for tasks to queue
[2026-02-25T14:29:17.475+0000] {logging_mixin.py:190} INFO - [2026-02-25T14:29:17.475+0000] {dagbag.py:588} INFO - Filling up the DagBag from /home/ubuntu/airflow-venv/lib/python3.12/site-packages/airflow/example_dags/tutorial_taskflow_api_virtualenv.py
[2026-02-25T14:29:17.477+0000] {logging_mixin.py:190} INFO - [2026-02-25T14:29:17.476+0000] {tutorial_taskflow_api_virtualenv.py:29} WARNING - The tutorial_taskflow_api_virtualenv example DAG requires virtualenv, please install it.
[2026-02-25T14:29:17.477+0000] {processor.py:927} WARNING - No viable dags retrieved from /home/ubuntu/airflow-venv/lib/python3.12/site-packages/airflow/example_dags/tutorial_taskflow_api_virtualenv.py
[2026-02-25T14:29:17.483+0000] {processor.py:208} INFO - Processing /home/ubuntu/airflow-venv/lib/python3.12/site-packages/airflow/example_dags/tutorial_taskflow_api_virtualenv.py took 0.014 seconds
[2026-02-25T14:30:07.607+0000] {processor.py:186} INFO - Started process (PID=4215) to work on /home/ubuntu/airflow-venv/lib/python3.12/site-packages/airflow/example_dags/tutorial_taskflow_api_virtualenv.py
[2026-02-25T14:30:07.608+0000] {processor.py:914} INFO - Processing file /home/ubuntu/airflow-venv/lib/python3.12/site-packages/airflow/example_dags/tutorial_taskflow_api_virtualenv.py for tasks to queue
[2026-02-25T14:30:07.609+0000] {logging_mixin.py:190} INFO - [2026-02-25T14:30:07.609+0000] {dagbag.py:588} INFO - Filling up the DagBag from /home/ubuntu/airflow-venv/lib/python3.12/site-packages/airflow/example_dags/tutorial_taskflow_api_virtualenv.py
[2026-02-25T14:30:07.611+0000] {logging_mixin.py:190} INFO - [2026-02-25T14:30:07.611+0000] {tutorial_taskflow_api_virtualenv.py:29} WARNING - The tutorial_taskflow_api_virtualenv example DAG requires virtualenv, please install it.
[2026-02-25T14:30:07.611+0000] {processor.py:927} WARNING - No viable dags retrieved from /home/ubuntu/airflow-venv/lib/python3.12/site-packages/airflow/example_dags/tutorial_taskflow_api_virtualenv.py
[2026-02-25T14:30:07.618+0000] {processor.py:208} INFO - Processing /home/ubuntu/airflow-venv/lib/python3.12/site-packages/airflow/example_dags/tutorial_taskflow_api_virtualenv.py took 0.014 seconds
[2026-02-25T14:33:31.599+0000] {processor.py:186} INFO - Started process (PID=1675) to work on /home/ubuntu/airflow-venv/lib/python3.12/site-packages/airflow/example_dags/tutorial_taskflow_api_virtualenv.py
[2026-02-25T14:33:31.601+0000] {processor.py:914} INFO - Processing file /home/ubuntu/airflow-venv/lib/python3.12/site-packages/airflow/example_dags/tutorial_taskflow_api_virtualenv.py for tasks to queue
[2026-02-25T14:33:31.602+0000] {logging_mixin.py:190} INFO - [2026-02-25T14:33:31.602+0000] {dagbag.py:588} INFO - Filling up the DagBag from /home/ubuntu/airflow-venv/lib/python3.12/site-packages/airflow/example_dags/tutorial_taskflow_api_virtualenv.py
[2026-02-25T14:33:31.604+0000] {logging_mixin.py:190} INFO - [2026-02-25T14:33:31.604+0000] {tutorial_taskflow_api_virtualenv.py:29} WARNING - The tutorial_taskflow_api_virtualenv example DAG requires virtualenv, please install it.
[2026-02-25T14:33:31.604+0000] {processor.py:927} WARNING - No viable dags retrieved from /home/ubuntu/airflow-venv/lib/python3.12/site-packages/airflow/example_dags/tutorial_taskflow_api_virtualenv.py
[2026-02-25T14:33:31.611+0000] {processor.py:208} INFO - Processing /home/ubuntu/airflow-venv/lib/python3.12/site-packages/airflow/example_dags/tutorial_taskflow_api_virtualenv.py took 0.015 seconds
[2026-02-25T14:34:25.436+0000] {processor.py:186} INFO - Started process (PID=2116) to work on /home/ubuntu/airflow-venv/lib/python3.12/site-packages/airflow/example_dags/tutorial_taskflow_api_virtualenv.py
[2026-02-25T14:34:25.437+0000] {processor.py:914} INFO - Processing file /home/ubuntu/airflow-venv/lib/python3.12/site-packages/airflow/example_dags/tutorial_taskflow_api_virtualenv.py for tasks to queue
[2026-02-25T14:34:25.438+0000] {logging_mixin.py:190} INFO - [2026-02-25T14:34:25.438+0000] {dagbag.py:588} INFO - Filling up the DagBag from /home/ubuntu/airflow-venv/lib/python3.12/site-packages/airflow/example_dags/tutorial_taskflow_api_virtualenv.py
[2026-02-25T14:34:25.440+0000] {logging_mixin.py:190} INFO - [2026-02-25T14:34:25.440+0000] {tutorial_taskflow_api_virtualenv.py:29} WARNING - The tutorial_taskflow_api_virtualenv example DAG requires virtualenv, please install it.
[2026-02-25T14:34:25.440+0000] {processor.py:927} WARNING - No viable dags retrieved from /home/ubuntu/airflow-venv/lib/python3.12/site-packages/airflow/example_dags/tutorial_taskflow_api_virtualenv.py
[2026-02-25T14:34:25.447+0000] {processor.py:208} INFO - Processing /home/ubuntu/airflow-venv/lib/python3.12/site-packages/airflow/example_dags/tutorial_taskflow_api_virtualenv.py took 0.015 seconds
[2026-02-25T14:35:14.301+0000] {processor.py:186} INFO - Started process (PID=2171) to work on /home/ubuntu/airflow-venv/lib/python3.12/site-packages/airflow/example_dags/tutorial_taskflow_api_virtualenv.py
[2026-02-25T14:35:14.302+0000] {processor.py:914} INFO - Processing file /home/ubuntu/airflow-venv/lib/python3.12/site-packages/airflow/example_dags/tutorial_taskflow_api_virtualenv.py for tasks to queue
[2026-02-25T14:35:14.303+0000] {logging_mixin.py:190} INFO - [2026-02-25T14:35:14.303+0000] {dagbag.py:588} INFO - Filling up the DagBag from /home/ubuntu/airflow-venv/lib/python3.12/site-packages/airflow/example_dags/tutorial_taskflow_api_virtualenv.py
[2026-02-25T14:35:14.305+0000] {logging_mixin.py:190} INFO - [2026-02-25T14:35:14.305+0000] {tutorial_taskflow_api_virtualenv.py:29} WARNING - The tutorial_taskflow_api_virtualenv example DAG requires virtualenv, please install it.
[2026-02-25T14:35:14.305+0000] {processor.py:927} WARNING - No viable dags retrieved from /home/ubuntu/airflow-venv/lib/python3.12/site-packages/airflow/example_dags/tutorial_taskflow_api_virtualenv.py
[2026-02-25T14:35:14.312+0000] {processor.py:208} INFO - Processing /home/ubuntu/airflow-venv/lib/python3.12/site-packages/airflow/example_dags/tutorial_taskflow_api_virtualenv.py took 0.014 seconds
[2026-02-25T14:36:00.558+0000] {processor.py:186} INFO - Started process (PID=2583) to work on /home/ubuntu/airflow-venv/lib/python3.12/site-packages/airflow/example_dags/tutorial_taskflow_api_virtualenv.py
[2026-02-25T14:36:00.559+0000] {processor.py:914} INFO - Processing file /home/ubuntu/airflow-venv/lib/python3.12/site-packages/airflow/example_dags/tutorial_taskflow_api_virtualenv.py for tasks to queue
[2026-02-25T14:36:00.560+0000] {logging_mixin.py:190} INFO - [2026-02-25T14:36:00.560+0000] {dagbag.py:588} INFO - Filling up the DagBag from /home/ubuntu/airflow-venv/lib/python3.12/site-packages/airflow/example_dags/tutorial_taskflow_api_virtualenv.py
[2026-02-25T14:36:00.562+0000] {logging_mixin.py:190} INFO - [2026-02-25T14:36:00.562+0000] {tutorial_taskflow_api_virtualenv.py:29} WARNING - The tutorial_taskflow_api_virtualenv example DAG requires virtualenv, please install it.
[2026-02-25T14:36:00.562+0000] {processor.py:927} WARNING - No viable dags retrieved from /home/ubuntu/airflow-venv/lib/python3.12/site-packages/airflow/example_dags/tutorial_taskflow_api_virtualenv.py
[2026-02-25T14:36:00.569+0000] {processor.py:208} INFO - Processing /home/ubuntu/airflow-venv/lib/python3.12/site-packages/airflow/example_dags/tutorial_taskflow_api_virtualenv.py took 0.015 seconds
[2026-02-25T14:36:50.756+0000] {processor.py:186} INFO - Started process (PID=2655) to work on /home/ubuntu/airflow-venv/lib/python3.12/site-packages/airflow/example_dags/tutorial_taskflow_api_virtualenv.py
[2026-02-25T14:36:50.758+0000] {processor.py:914} INFO - Processing file /home/ubuntu/airflow-venv/lib/python3.12/site-packages/airflow/example_dags/tutorial_taskflow_api_virtualenv.py for tasks to queue
[2026-02-25T14:36:50.759+0000] {logging_mixin.py:190} INFO - [2026-02-25T14:36:50.759+0000] {dagbag.py:588} INFO - Filling up the DagBag from /home/ubuntu/airflow-venv/lib/python3.12/site-packages/airflow/example_dags/tutorial_taskflow_api_virtualenv.py
[2026-02-25T14:36:50.761+0000] {logging_mixin.py:190} INFO - [2026-02-25T14:36:50.761+0000] {tutorial_taskflow_api_virtualenv.py:29} WARNING - The tutorial_taskflow_api_virtualenv example DAG requires virtualenv, please install it.
[2026-02-25T14:36:50.761+0000] {processor.py:927} WARNING - No viable dags retrieved from /home/ubuntu/airflow-venv/lib/python3.12/site-packages/airflow/example_dags/tutorial_taskflow_api_virtualenv.py
[2026-02-25T14:36:50.768+0000] {processor.py:208} INFO - Processing /home/ubuntu/airflow-venv/lib/python3.12/site-packages/airflow/example_dags/tutorial_taskflow_api_virtualenv.py took 0.015 seconds
[2026-02-25T14:37:42.080+0000] {processor.py:186} INFO - Started process (PID=2713) to work on /home/ubuntu/airflow-venv/lib/python3.12/site-packages/airflow/example_dags/tutorial_taskflow_api_virtualenv.py
[2026-02-25T14:37:42.081+0000] {processor.py:914} INFO - Processing file /home/ubuntu/airflow-venv/lib/python3.12/site-packages/airflow/example_dags/tutorial_taskflow_api_virtualenv.py for tasks to queue
[2026-02-25T14:37:42.083+0000] {logging_mixin.py:190} INFO - [2026-02-25T14:37:42.082+0000] {dagbag.py:588} INFO - Filling up the DagBag from /home/ubuntu/airflow-venv/lib/python3.12/site-packages/airflow/example_dags/tutorial_taskflow_api_virtualenv.py
[2026-02-25T14:37:42.084+0000] {logging_mixin.py:190} INFO - [2026-02-25T14:37:42.084+0000] {tutorial_taskflow_api_virtualenv.py:29} WARNING - The tutorial_taskflow_api_virtualenv example DAG requires virtualenv, please install it.
[2026-02-25T14:37:42.084+0000] {processor.py:927} WARNING - No viable dags retrieved from /home/ubuntu/airflow-venv/lib/python3.12/site-packages/airflow/example_dags/tutorial_taskflow_api_virtualenv.py
[2026-02-25T14:37:42.091+0000] {processor.py:208} INFO - Processing /home/ubuntu/airflow-venv/lib/python3.12/site-packages/airflow/example_dags/tutorial_taskflow_api_virtualenv.py took 0.015 seconds
[2026-02-25T14:38:30.317+0000] {processor.py:186} INFO - Started process (PID=2766) to work on /home/ubuntu/airflow-venv/lib/python3.12/site-packages/airflow/example_dags/tutorial_taskflow_api_virtualenv.py
[2026-02-25T14:38:30.318+0000] {processor.py:914} INFO - Processing file /home/ubuntu/airflow-venv/lib/python3.12/site-packages/airflow/example_dags/tutorial_taskflow_api_virtualenv.py for tasks to queue
[2026-02-25T14:38:30.319+0000] {logging_mixin.py:190} INFO - [2026-02-25T14:38:30.319+0000] {dagbag.py:588} INFO - Filling up the DagBag from /home/ubuntu/airflow-venv/lib/python3.12/site-packages/airflow/example_dags/tutorial_taskflow_api_virtualenv.py
[2026-02-25T14:38:30.321+0000] {logging_mixin.py:190} INFO - [2026-02-25T14:38:30.321+0000] {tutorial_taskflow_api_virtualenv.py:29} WARNING - The tutorial_taskflow_api_virtualenv example DAG requires virtualenv, please install it.
[2026-02-25T14:38:30.321+0000] {processor.py:927} WARNING - No viable dags retrieved from /home/ubuntu/airflow-venv/lib/python3.12/site-packages/airflow/example_dags/tutorial_taskflow_api_virtualenv.py
[2026-02-25T14:38:30.328+0000] {processor.py:208} INFO - Processing /home/ubuntu/airflow-venv/lib/python3.12/site-packages/airflow/example_dags/tutorial_taskflow_api_virtualenv.py took 0.015 seconds
[2026-02-25T14:39:22.202+0000] {processor.py:186} INFO - Started process (PID=2818) to work on /home/ubuntu/airflow-venv/lib/python3.12/site-packages/airflow/example_dags/tutorial_taskflow_api_virtualenv.py
[2026-02-25T14:39:22.203+0000] {processor.py:914} INFO - Processing file /home/ubuntu/airflow-venv/lib/python3.12/site-packages/airflow/example_dags/tutorial_taskflow_api_virtualenv.py for tasks to queue
[2026-02-25T14:39:22.204+0000] {logging_mixin.py:190} INFO - [2026-02-25T14:39:22.204+0000] {dagbag.py:588} INFO - Filling up the DagBag from /home/ubuntu/airflow-venv/lib/python3.12/site-packages/airflow/example_dags/tutorial_taskflow_api_virtualenv.py
[2026-02-25T14:39:22.206+0000] {logging_mixin.py:190} INFO - [2026-02-25T14:39:22.206+0000] {tutorial_taskflow_api_virtualenv.py:29} WARNING - The tutorial_taskflow_api_virtualenv example DAG requires virtualenv, please install it.
[2026-02-25T14:39:22.206+0000] {processor.py:927} WARNING - No viable dags retrieved from /home/ubuntu/airflow-venv/lib/python3.12/site-packages/airflow/example_dags/tutorial_taskflow_api_virtualenv.py
[2026-02-25T14:39:22.213+0000] {processor.py:208} INFO - Processing /home/ubuntu/airflow-venv/lib/python3.12/site-packages/airflow/example_dags/tutorial_taskflow_api_virtualenv.py took 0.015 seconds
[2026-02-25T14:40:16.292+0000] {processor.py:186} INFO - Started process (PID=2872) to work on /home/ubuntu/airflow-venv/lib/python3.12/site-packages/airflow/example_dags/tutorial_taskflow_api_virtualenv.py
[2026-02-25T14:40:16.294+0000] {processor.py:914} INFO - Processing file /home/ubuntu/airflow-venv/lib/python3.12/site-packages/airflow/example_dags/tutorial_taskflow_api_virtualenv.py for tasks to queue
[2026-02-25T14:40:16.295+0000] {logging_mixin.py:190} INFO - [2026-02-25T14:40:16.295+0000] {dagbag.py:588} INFO - Filling up the DagBag from /home/ubuntu/airflow-venv/lib/python3.12/site-packages/airflow/example_dags/tutorial_taskflow_api_virtualenv.py
[2026-02-25T14:40:16.297+0000] {logging_mixin.py:190} INFO - [2026-02-25T14:40:16.297+0000] {tutorial_taskflow_api_virtualenv.py:29} WARNING - The tutorial_taskflow_api_virtualenv example DAG requires virtualenv, please install it.
[2026-02-25T14:40:16.297+0000] {processor.py:927} WARNING - No viable dags retrieved from /home/ubuntu/airflow-venv/lib/python3.12/site-packages/airflow/example_dags/tutorial_taskflow_api_virtualenv.py
[2026-02-25T14:40:16.305+0000] {processor.py:208} INFO - Processing /home/ubuntu/airflow-venv/lib/python3.12/site-packages/airflow/example_dags/tutorial_taskflow_api_virtualenv.py took 0.016 seconds
[2026-02-25T14:41:09.382+0000] {processor.py:186} INFO - Started process (PID=2930) to work on /home/ubuntu/airflow-venv/lib/python3.12/site-packages/airflow/example_dags/tutorial_taskflow_api_virtualenv.py
[2026-02-25T14:41:09.383+0000] {processor.py:914} INFO - Processing file /home/ubuntu/airflow-venv/lib/python3.12/site-packages/airflow/example_dags/tutorial_taskflow_api_virtualenv.py for tasks to queue
[2026-02-25T14:41:09.384+0000] {logging_mixin.py:190} INFO - [2026-02-25T14:41:09.384+0000] {dagbag.py:588} INFO - Filling up the DagBag from /home/ubuntu/airflow-venv/lib/python3.12/site-packages/airflow/example_dags/tutorial_taskflow_api_virtualenv.py
[2026-02-25T14:41:09.386+0000] {logging_mixin.py:190} INFO - [2026-02-25T14:41:09.385+0000] {tutorial_taskflow_api_virtualenv.py:29} WARNING - The tutorial_taskflow_api_virtualenv example DAG requires virtualenv, please install it.
[2026-02-25T14:41:09.386+0000] {processor.py:927} WARNING - No viable dags retrieved from /home/ubuntu/airflow-venv/lib/python3.12/site-packages/airflow/example_dags/tutorial_taskflow_api_virtualenv.py
[2026-02-25T14:41:09.392+0000] {processor.py:208} INFO - Processing /home/ubuntu/airflow-venv/lib/python3.12/site-packages/airflow/example_dags/tutorial_taskflow_api_virtualenv.py took 0.014 seconds
[2026-02-25T14:42:02.184+0000] {processor.py:186} INFO - Started process (PID=2985) to work on /home/ubuntu/airflow-venv/lib/python3.12/site-packages/airflow/example_dags/tutorial_taskflow_api_virtualenv.py
[2026-02-25T14:42:02.185+0000] {processor.py:914} INFO - Processing file /home/ubuntu/airflow-venv/lib/python3.12/site-packages/airflow/example_dags/tutorial_taskflow_api_virtualenv.py for tasks to queue
[2026-02-25T14:42:02.187+0000] {logging_mixin.py:190} INFO - [2026-02-25T14:42:02.186+0000] {dagbag.py:588} INFO - Filling up the DagBag from /home/ubuntu/airflow-venv/lib/python3.12/site-packages/airflow/example_dags/tutorial_taskflow_api_virtualenv.py
[2026-02-25T14:42:02.188+0000] {logging_mixin.py:190} INFO - [2026-02-25T14:42:02.188+0000] {tutorial_taskflow_api_virtualenv.py:29} WARNING - The tutorial_taskflow_api_virtualenv example DAG requires virtualenv, please install it.
[2026-02-25T14:42:02.188+0000] {processor.py:927} WARNING - No viable dags retrieved from /home/ubuntu/airflow-venv/lib/python3.12/site-packages/airflow/example_dags/tutorial_taskflow_api_virtualenv.py
[2026-02-25T14:42:02.196+0000] {processor.py:208} INFO - Processing /home/ubuntu/airflow-venv/lib/python3.12/site-packages/airflow/example_dags/tutorial_taskflow_api_virtualenv.py took 0.016 seconds
[2026-02-25T14:42:55.044+0000] {processor.py:186} INFO - Started process (PID=3043) to work on /home/ubuntu/airflow-venv/lib/python3.12/site-packages/airflow/example_dags/tutorial_taskflow_api_virtualenv.py
[2026-02-25T14:42:55.045+0000] {processor.py:914} INFO - Processing file /home/ubuntu/airflow-venv/lib/python3.12/site-packages/airflow/example_dags/tutorial_taskflow_api_virtualenv.py for tasks to queue
[2026-02-25T14:42:55.046+0000] {logging_mixin.py:190} INFO - [2026-02-25T14:42:55.046+0000] {dagbag.py:588} INFO - Filling up the DagBag from /home/ubuntu/airflow-venv/lib/python3.12/site-packages/airflow/example_dags/tutorial_taskflow_api_virtualenv.py
[2026-02-25T14:42:55.048+0000] {logging_mixin.py:190} INFO - [2026-02-25T14:42:55.048+0000] {tutorial_taskflow_api_virtualenv.py:29} WARNING - The tutorial_taskflow_api_virtualenv example DAG requires virtualenv, please install it.
[2026-02-25T14:42:55.048+0000] {processor.py:927} WARNING - No viable dags retrieved from /home/ubuntu/airflow-venv/lib/python3.12/site-packages/airflow/example_dags/tutorial_taskflow_api_virtualenv.py
[2026-02-25T14:42:55.055+0000] {processor.py:208} INFO - Processing /home/ubuntu/airflow-venv/lib/python3.12/site-packages/airflow/example_dags/tutorial_taskflow_api_virtualenv.py took 0.015 seconds
[2026-02-25T14:43:43.429+0000] {processor.py:186} INFO - Started process (PID=3097) to work on /home/ubuntu/airflow-venv/lib/python3.12/site-packages/airflow/example_dags/tutorial_taskflow_api_virtualenv.py
[2026-02-25T14:43:43.430+0000] {processor.py:914} INFO - Processing file /home/ubuntu/airflow-venv/lib/python3.12/site-packages/airflow/example_dags/tutorial_taskflow_api_virtualenv.py for tasks to queue
[2026-02-25T14:43:43.432+0000] {logging_mixin.py:190} INFO - [2026-02-25T14:43:43.431+0000] {dagbag.py:588} INFO - Filling up the DagBag from /home/ubuntu/airflow-venv/lib/python3.12/site-packages/airflow/example_dags/tutorial_taskflow_api_virtualenv.py
[2026-02-25T14:43:43.433+0000] {logging_mixin.py:190} INFO - [2026-02-25T14:43:43.433+0000] {tutorial_taskflow_api_virtualenv.py:29} WARNING - The tutorial_taskflow_api_virtualenv example DAG requires virtualenv, please install it.
[2026-02-25T14:43:43.434+0000] {processor.py:927} WARNING - No viable dags retrieved from /home/ubuntu/airflow-venv/lib/python3.12/site-packages/airflow/example_dags/tutorial_taskflow_api_virtualenv.py
[2026-02-25T14:43:43.441+0000] {processor.py:208} INFO - Processing /home/ubuntu/airflow-venv/lib/python3.12/site-packages/airflow/example_dags/tutorial_taskflow_api_virtualenv.py took 0.016 seconds
[2026-02-25T14:44:33.358+0000] {processor.py:186} INFO - Started process (PID=3150) to work on /home/ubuntu/airflow-venv/lib/python3.12/site-packages/airflow/example_dags/tutorial_taskflow_api_virtualenv.py
[2026-02-25T14:44:33.359+0000] {processor.py:914} INFO - Processing file /home/ubuntu/airflow-venv/lib/python3.12/site-packages/airflow/example_dags/tutorial_taskflow_api_virtualenv.py for tasks to queue
[2026-02-25T14:44:33.360+0000] {logging_mixin.py:190} INFO - [2026-02-25T14:44:33.360+0000] {dagbag.py:588} INFO - Filling up the DagBag from /home/ubuntu/airflow-venv/lib/python3.12/site-packages/airflow/example_dags/tutorial_taskflow_api_virtualenv.py
[2026-02-25T14:44:33.362+0000] {logging_mixin.py:190} INFO - [2026-02-25T14:44:33.362+0000] {tutorial_taskflow_api_virtualenv.py:29} WARNING - The tutorial_taskflow_api_virtualenv example DAG requires virtualenv, please install it.
[2026-02-25T14:44:33.362+0000] {processor.py:927} WARNING - No viable dags retrieved from /home/ubuntu/airflow-venv/lib/python3.12/site-packages/airflow/example_dags/tutorial_taskflow_api_virtualenv.py
[2026-02-25T14:44:33.369+0000] {processor.py:208} INFO - Processing /home/ubuntu/airflow-venv/lib/python3.12/site-packages/airflow/example_dags/tutorial_taskflow_api_virtualenv.py took 0.016 seconds
[2026-02-25T15:00:07.716+0000] {processor.py:186} INFO - Started process (PID=2104) to work on /home/ubuntu/airflow-venv/lib/python3.12/site-packages/airflow/example_dags/tutorial_taskflow_api_virtualenv.py
[2026-02-25T15:00:07.718+0000] {processor.py:914} INFO - Processing file /home/ubuntu/airflow-venv/lib/python3.12/site-packages/airflow/example_dags/tutorial_taskflow_api_virtualenv.py for tasks to queue
[2026-02-25T15:00:07.720+0000] {logging_mixin.py:190} INFO - [2026-02-25T15:00:07.719+0000] {dagbag.py:588} INFO - Filling up the DagBag from /home/ubuntu/airflow-venv/lib/python3.12/site-packages/airflow/example_dags/tutorial_taskflow_api_virtualenv.py
[2026-02-25T15:00:07.721+0000] {logging_mixin.py:190} INFO - [2026-02-25T15:00:07.721+0000] {tutorial_taskflow_api_virtualenv.py:29} WARNING - The tutorial_taskflow_api_virtualenv example DAG requires virtualenv, please install it.
[2026-02-25T15:00:07.721+0000] {processor.py:927} WARNING - No viable dags retrieved from /home/ubuntu/airflow-venv/lib/python3.12/site-packages/airflow/example_dags/tutorial_taskflow_api_virtualenv.py
[2026-02-25T15:00:07.728+0000] {processor.py:208} INFO - Processing /home/ubuntu/airflow-venv/lib/python3.12/site-packages/airflow/example_dags/tutorial_taskflow_api_virtualenv.py took 0.015 seconds
[2026-02-25T15:01:00.937+0000] {processor.py:186} INFO - Started process (PID=2170) to work on /home/ubuntu/airflow-venv/lib/python3.12/site-packages/airflow/example_dags/tutorial_taskflow_api_virtualenv.py
[2026-02-25T15:01:00.938+0000] {processor.py:914} INFO - Processing file /home/ubuntu/airflow-venv/lib/python3.12/site-packages/airflow/example_dags/tutorial_taskflow_api_virtualenv.py for tasks to queue
[2026-02-25T15:01:00.940+0000] {logging_mixin.py:190} INFO - [2026-02-25T15:01:00.939+0000] {dagbag.py:588} INFO - Filling up the DagBag from /home/ubuntu/airflow-venv/lib/python3.12/site-packages/airflow/example_dags/tutorial_taskflow_api_virtualenv.py
[2026-02-25T15:01:00.941+0000] {logging_mixin.py:190} INFO - [2026-02-25T15:01:00.941+0000] {tutorial_taskflow_api_virtualenv.py:29} WARNING - The tutorial_taskflow_api_virtualenv example DAG requires virtualenv, please install it.
[2026-02-25T15:01:00.941+0000] {processor.py:927} WARNING - No viable dags retrieved from /home/ubuntu/airflow-venv/lib/python3.12/site-packages/airflow/example_dags/tutorial_taskflow_api_virtualenv.py
[2026-02-25T15:01:00.948+0000] {processor.py:208} INFO - Processing /home/ubuntu/airflow-venv/lib/python3.12/site-packages/airflow/example_dags/tutorial_taskflow_api_virtualenv.py took 0.014 seconds
[2026-02-25T15:01:46.042+0000] {processor.py:186} INFO - Started process (PID=2220) to work on /home/ubuntu/airflow-venv/lib/python3.12/site-packages/airflow/example_dags/tutorial_taskflow_api_virtualenv.py
[2026-02-25T15:01:46.043+0000] {processor.py:914} INFO - Processing file /home/ubuntu/airflow-venv/lib/python3.12/site-packages/airflow/example_dags/tutorial_taskflow_api_virtualenv.py for tasks to queue
[2026-02-25T15:01:46.044+0000] {logging_mixin.py:190} INFO - [2026-02-25T15:01:46.044+0000] {dagbag.py:588} INFO - Filling up the DagBag from /home/ubuntu/airflow-venv/lib/python3.12/site-packages/airflow/example_dags/tutorial_taskflow_api_virtualenv.py
[2026-02-25T15:01:46.046+0000] {logging_mixin.py:190} INFO - [2026-02-25T15:01:46.046+0000] {tutorial_taskflow_api_virtualenv.py:29} WARNING - The tutorial_taskflow_api_virtualenv example DAG requires virtualenv, please install it.
[2026-02-25T15:01:46.046+0000] {processor.py:927} WARNING - No viable dags retrieved from /home/ubuntu/airflow-venv/lib/python3.12/site-packages/airflow/example_dags/tutorial_taskflow_api_virtualenv.py
[2026-02-25T15:01:46.053+0000] {processor.py:208} INFO - Processing /home/ubuntu/airflow-venv/lib/python3.12/site-packages/airflow/example_dags/tutorial_taskflow_api_virtualenv.py took 0.014 seconds
[2026-02-25T15:02:34.557+0000] {processor.py:186} INFO - Started process (PID=2270) to work on /home/ubuntu/airflow-venv/lib/python3.12/site-packages/airflow/example_dags/tutorial_taskflow_api_virtualenv.py
[2026-02-25T15:02:34.558+0000] {processor.py:914} INFO - Processing file /home/ubuntu/airflow-venv/lib/python3.12/site-packages/airflow/example_dags/tutorial_taskflow_api_virtualenv.py for tasks to queue
[2026-02-25T15:02:34.559+0000] {logging_mixin.py:190} INFO - [2026-02-25T15:02:34.559+0000] {dagbag.py:588} INFO - Filling up the DagBag from /home/ubuntu/airflow-venv/lib/python3.12/site-packages/airflow/example_dags/tutorial_taskflow_api_virtualenv.py
[2026-02-25T15:02:34.561+0000] {logging_mixin.py:190} INFO - [2026-02-25T15:02:34.561+0000] {tutorial_taskflow_api_virtualenv.py:29} WARNING - The tutorial_taskflow_api_virtualenv example DAG requires virtualenv, please install it.
[2026-02-25T15:02:34.561+0000] {processor.py:927} WARNING - No viable dags retrieved from /home/ubuntu/airflow-venv/lib/python3.12/site-packages/airflow/example_dags/tutorial_taskflow_api_virtualenv.py
[2026-02-25T15:02:34.568+0000] {processor.py:208} INFO - Processing /home/ubuntu/airflow-venv/lib/python3.12/site-packages/airflow/example_dags/tutorial_taskflow_api_virtualenv.py took 0.014 seconds
[2026-02-25T15:03:25.902+0000] {processor.py:186} INFO - Started process (PID=2326) to work on /home/ubuntu/airflow-venv/lib/python3.12/site-packages/airflow/example_dags/tutorial_taskflow_api_virtualenv.py
[2026-02-25T15:03:25.904+0000] {processor.py:914} INFO - Processing file /home/ubuntu/airflow-venv/lib/python3.12/site-packages/airflow/example_dags/tutorial_taskflow_api_virtualenv.py for tasks to queue
[2026-02-25T15:03:25.905+0000] {logging_mixin.py:190} INFO - [2026-02-25T15:03:25.905+0000] {dagbag.py:588} INFO - Filling up the DagBag from /home/ubuntu/airflow-venv/lib/python3.12/site-packages/airflow/example_dags/tutorial_taskflow_api_virtualenv.py
[2026-02-25T15:03:25.907+0000] {logging_mixin.py:190} INFO - [2026-02-25T15:03:25.907+0000] {tutorial_taskflow_api_virtualenv.py:29} WARNING - The tutorial_taskflow_api_virtualenv example DAG requires virtualenv, please install it.
[2026-02-25T15:03:25.907+0000] {processor.py:927} WARNING - No viable dags retrieved from /home/ubuntu/airflow-venv/lib/python3.12/site-packages/airflow/example_dags/tutorial_taskflow_api_virtualenv.py
[2026-02-25T15:03:25.914+0000] {processor.py:208} INFO - Processing /home/ubuntu/airflow-venv/lib/python3.12/site-packages/airflow/example_dags/tutorial_taskflow_api_virtualenv.py took 0.015 seconds
[2026-02-25T15:04:17.215+0000] {processor.py:186} INFO - Started process (PID=2383) to work on /home/ubuntu/airflow-venv/lib/python3.12/site-packages/airflow/example_dags/tutorial_taskflow_api_virtualenv.py
[2026-02-25T15:04:17.216+0000] {processor.py:914} INFO - Processing file /home/ubuntu/airflow-venv/lib/python3.12/site-packages/airflow/example_dags/tutorial_taskflow_api_virtualenv.py for tasks to queue
[2026-02-25T15:04:17.217+0000] {logging_mixin.py:190} INFO - [2026-02-25T15:04:17.217+0000] {dagbag.py:588} INFO - Filling up the DagBag from /home/ubuntu/airflow-venv/lib/python3.12/site-packages/airflow/example_dags/tutorial_taskflow_api_virtualenv.py
[2026-02-25T15:04:17.219+0000] {logging_mixin.py:190} INFO - [2026-02-25T15:04:17.219+0000] {tutorial_taskflow_api_virtualenv.py:29} WARNING - The tutorial_taskflow_api_virtualenv example DAG requires virtualenv, please install it.
[2026-02-25T15:04:17.219+0000] {processor.py:927} WARNING - No viable dags retrieved from /home/ubuntu/airflow-venv/lib/python3.12/site-packages/airflow/example_dags/tutorial_taskflow_api_virtualenv.py
[2026-02-25T15:04:17.226+0000] {processor.py:208} INFO - Processing /home/ubuntu/airflow-venv/lib/python3.12/site-packages/airflow/example_dags/tutorial_taskflow_api_virtualenv.py took 0.014 seconds
[2026-02-25T15:05:05.649+0000] {processor.py:186} INFO - Started process (PID=2443) to work on /home/ubuntu/airflow-venv/lib/python3.12/site-packages/airflow/example_dags/tutorial_taskflow_api_virtualenv.py
[2026-02-25T15:05:05.650+0000] {processor.py:914} INFO - Processing file /home/ubuntu/airflow-venv/lib/python3.12/site-packages/airflow/example_dags/tutorial_taskflow_api_virtualenv.py for tasks to queue
[2026-02-25T15:05:05.652+0000] {logging_mixin.py:190} INFO - [2026-02-25T15:05:05.651+0000] {dagbag.py:588} INFO - Filling up the DagBag from /home/ubuntu/airflow-venv/lib/python3.12/site-packages/airflow/example_dags/tutorial_taskflow_api_virtualenv.py
[2026-02-25T15:05:05.653+0000] {logging_mixin.py:190} INFO - [2026-02-25T15:05:05.653+0000] {tutorial_taskflow_api_virtualenv.py:29} WARNING - The tutorial_taskflow_api_virtualenv example DAG requires virtualenv, please install it.
[2026-02-25T15:05:05.653+0000] {processor.py:927} WARNING - No viable dags retrieved from /home/ubuntu/airflow-venv/lib/python3.12/site-packages/airflow/example_dags/tutorial_taskflow_api_virtualenv.py
[2026-02-25T15:05:05.660+0000] {processor.py:208} INFO - Processing /home/ubuntu/airflow-venv/lib/python3.12/site-packages/airflow/example_dags/tutorial_taskflow_api_virtualenv.py took 0.014 seconds
[2026-02-25T15:05:57.995+0000] {processor.py:186} INFO - Started process (PID=2499) to work on /home/ubuntu/airflow-venv/lib/python3.12/site-packages/airflow/example_dags/tutorial_taskflow_api_virtualenv.py
[2026-02-25T15:05:57.996+0000] {processor.py:914} INFO - Processing file /home/ubuntu/airflow-venv/lib/python3.12/site-packages/airflow/example_dags/tutorial_taskflow_api_virtualenv.py for tasks to queue
[2026-02-25T15:05:57.997+0000] {logging_mixin.py:190} INFO - [2026-02-25T15:05:57.997+0000] {dagbag.py:588} INFO - Filling up the DagBag from /home/ubuntu/airflow-venv/lib/python3.12/site-packages/airflow/example_dags/tutorial_taskflow_api_virtualenv.py
[2026-02-25T15:05:57.999+0000] {logging_mixin.py:190} INFO - [2026-02-25T15:05:57.999+0000] {tutorial_taskflow_api_virtualenv.py:29} WARNING - The tutorial_taskflow_api_virtualenv example DAG requires virtualenv, please install it.
[2026-02-25T15:05:57.999+0000] {processor.py:927} WARNING - No viable dags retrieved from /home/ubuntu/airflow-venv/lib/python3.12/site-packages/airflow/example_dags/tutorial_taskflow_api_virtualenv.py
[2026-02-25T15:05:58.005+0000] {processor.py:208} INFO - Processing /home/ubuntu/airflow-venv/lib/python3.12/site-packages/airflow/example_dags/tutorial_taskflow_api_virtualenv.py took 0.014 seconds
[2026-02-25T15:06:52.146+0000] {processor.py:186} INFO - Started process (PID=2555) to work on /home/ubuntu/airflow-venv/lib/python3.12/site-packages/airflow/example_dags/tutorial_taskflow_api_virtualenv.py
[2026-02-25T15:06:52.147+0000] {processor.py:914} INFO - Processing file /home/ubuntu/airflow-venv/lib/python3.12/site-packages/airflow/example_dags/tutorial_taskflow_api_virtualenv.py for tasks to queue
[2026-02-25T15:06:52.148+0000] {logging_mixin.py:190} INFO - [2026-02-25T15:06:52.148+0000] {dagbag.py:588} INFO - Filling up the DagBag from /home/ubuntu/airflow-venv/lib/python3.12/site-packages/airflow/example_dags/tutorial_taskflow_api_virtualenv.py
[2026-02-25T15:06:52.150+0000] {logging_mixin.py:190} INFO - [2026-02-25T15:06:52.150+0000] {tutorial_taskflow_api_virtualenv.py:29} WARNING - The tutorial_taskflow_api_virtualenv example DAG requires virtualenv, please install it.
[2026-02-25T15:06:52.150+0000] {processor.py:927} WARNING - No viable dags retrieved from /home/ubuntu/airflow-venv/lib/python3.12/site-packages/airflow/example_dags/tutorial_taskflow_api_virtualenv.py
[2026-02-25T15:06:52.156+0000] {processor.py:208} INFO - Processing /home/ubuntu/airflow-venv/lib/python3.12/site-packages/airflow/example_dags/tutorial_taskflow_api_virtualenv.py took 0.014 seconds
[2026-02-25T15:07:41.261+0000] {processor.py:186} INFO - Started process (PID=2610) to work on /home/ubuntu/airflow-venv/lib/python3.12/site-packages/airflow/example_dags/tutorial_taskflow_api_virtualenv.py
[2026-02-25T15:07:41.262+0000] {processor.py:914} INFO - Processing file /home/ubuntu/airflow-venv/lib/python3.12/site-packages/airflow/example_dags/tutorial_taskflow_api_virtualenv.py for tasks to queue
[2026-02-25T15:07:41.264+0000] {logging_mixin.py:190} INFO - [2026-02-25T15:07:41.264+0000] {dagbag.py:588} INFO - Filling up the DagBag from /home/ubuntu/airflow-venv/lib/python3.12/site-packages/airflow/example_dags/tutorial_taskflow_api_virtualenv.py
[2026-02-25T15:07:41.265+0000] {logging_mixin.py:190} INFO - [2026-02-25T15:07:41.265+0000] {tutorial_taskflow_api_virtualenv.py:29} WARNING - The tutorial_taskflow_api_virtualenv example DAG requires virtualenv, please install it.
[2026-02-25T15:07:41.265+0000] {processor.py:927} WARNING - No viable dags retrieved from /home/ubuntu/airflow-venv/lib/python3.12/site-packages/airflow/example_dags/tutorial_taskflow_api_virtualenv.py
[2026-02-25T15:07:41.272+0000] {processor.py:208} INFO - Processing /home/ubuntu/airflow-venv/lib/python3.12/site-packages/airflow/example_dags/tutorial_taskflow_api_virtualenv.py took 0.014 seconds
[2026-02-25T15:08:31.156+0000] {processor.py:186} INFO - Started process (PID=3027) to work on /home/ubuntu/airflow-venv/lib/python3.12/site-packages/airflow/example_dags/tutorial_taskflow_api_virtualenv.py
[2026-02-25T15:08:31.157+0000] {processor.py:914} INFO - Processing file /home/ubuntu/airflow-venv/lib/python3.12/site-packages/airflow/example_dags/tutorial_taskflow_api_virtualenv.py for tasks to queue
[2026-02-25T15:08:31.159+0000] {logging_mixin.py:190} INFO - [2026-02-25T15:08:31.159+0000] {dagbag.py:588} INFO - Filling up the DagBag from /home/ubuntu/airflow-venv/lib/python3.12/site-packages/airflow/example_dags/tutorial_taskflow_api_virtualenv.py
[2026-02-25T15:08:31.160+0000] {logging_mixin.py:190} INFO - [2026-02-25T15:08:31.160+0000] {tutorial_taskflow_api_virtualenv.py:29} WARNING - The tutorial_taskflow_api_virtualenv example DAG requires virtualenv, please install it.
[2026-02-25T15:08:31.161+0000] {processor.py:927} WARNING - No viable dags retrieved from /home/ubuntu/airflow-venv/lib/python3.12/site-packages/airflow/example_dags/tutorial_taskflow_api_virtualenv.py
[2026-02-25T15:08:31.167+0000] {processor.py:208} INFO - Processing /home/ubuntu/airflow-venv/lib/python3.12/site-packages/airflow/example_dags/tutorial_taskflow_api_virtualenv.py took 0.014 seconds
[2026-02-25T15:09:18.823+0000] {processor.py:186} INFO - Started process (PID=3079) to work on /home/ubuntu/airflow-venv/lib/python3.12/site-packages/airflow/example_dags/tutorial_taskflow_api_virtualenv.py
[2026-02-25T15:09:18.824+0000] {processor.py:914} INFO - Processing file /home/ubuntu/airflow-venv/lib/python3.12/site-packages/airflow/example_dags/tutorial_taskflow_api_virtualenv.py for tasks to queue
[2026-02-25T15:09:18.826+0000] {logging_mixin.py:190} INFO - [2026-02-25T15:09:18.825+0000] {dagbag.py:588} INFO - Filling up the DagBag from /home/ubuntu/airflow-venv/lib/python3.12/site-packages/airflow/example_dags/tutorial_taskflow_api_virtualenv.py
[2026-02-25T15:09:18.827+0000] {logging_mixin.py:190} INFO - [2026-02-25T15:09:18.827+0000] {tutorial_taskflow_api_virtualenv.py:29} WARNING - The tutorial_taskflow_api_virtualenv example DAG requires virtualenv, please install it.
[2026-02-25T15:09:18.828+0000] {processor.py:927} WARNING - No viable dags retrieved from /home/ubuntu/airflow-venv/lib/python3.12/site-packages/airflow/example_dags/tutorial_taskflow_api_virtualenv.py
[2026-02-25T15:09:18.834+0000] {processor.py:208} INFO - Processing /home/ubuntu/airflow-venv/lib/python3.12/site-packages/airflow/example_dags/tutorial_taskflow_api_virtualenv.py took 0.014 seconds
[2026-02-25T15:10:10.142+0000] {processor.py:186} INFO - Started process (PID=3136) to work on /home/ubuntu/airflow-venv/lib/python3.12/site-packages/airflow/example_dags/tutorial_taskflow_api_virtualenv.py
[2026-02-25T15:10:10.143+0000] {processor.py:914} INFO - Processing file /home/ubuntu/airflow-venv/lib/python3.12/site-packages/airflow/example_dags/tutorial_taskflow_api_virtualenv.py for tasks to queue
[2026-02-25T15:10:10.144+0000] {logging_mixin.py:190} INFO - [2026-02-25T15:10:10.144+0000] {dagbag.py:588} INFO - Filling up the DagBag from /home/ubuntu/airflow-venv/lib/python3.12/site-packages/airflow/example_dags/tutorial_taskflow_api_virtualenv.py
[2026-02-25T15:10:10.146+0000] {logging_mixin.py:190} INFO - [2026-02-25T15:10:10.146+0000] {tutorial_taskflow_api_virtualenv.py:29} WARNING - The tutorial_taskflow_api_virtualenv example DAG requires virtualenv, please install it.
[2026-02-25T15:10:10.146+0000] {processor.py:927} WARNING - No viable dags retrieved from /home/ubuntu/airflow-venv/lib/python3.12/site-packages/airflow/example_dags/tutorial_taskflow_api_virtualenv.py
[2026-02-25T15:10:10.152+0000] {processor.py:208} INFO - Processing /home/ubuntu/airflow-venv/lib/python3.12/site-packages/airflow/example_dags/tutorial_taskflow_api_virtualenv.py took 0.014 seconds
[2026-02-25T15:11:01.530+0000] {processor.py:186} INFO - Started process (PID=3191) to work on /home/ubuntu/airflow-venv/lib/python3.12/site-packages/airflow/example_dags/tutorial_taskflow_api_virtualenv.py
[2026-02-25T15:11:01.531+0000] {processor.py:914} INFO - Processing file /home/ubuntu/airflow-venv/lib/python3.12/site-packages/airflow/example_dags/tutorial_taskflow_api_virtualenv.py for tasks to queue
[2026-02-25T15:11:01.533+0000] {logging_mixin.py:190} INFO - [2026-02-25T15:11:01.532+0000] {dagbag.py:588} INFO - Filling up the DagBag from /home/ubuntu/airflow-venv/lib/python3.12/site-packages/airflow/example_dags/tutorial_taskflow_api_virtualenv.py
[2026-02-25T15:11:01.534+0000] {logging_mixin.py:190} INFO - [2026-02-25T15:11:01.534+0000] {tutorial_taskflow_api_virtualenv.py:29} WARNING - The tutorial_taskflow_api_virtualenv example DAG requires virtualenv, please install it.
[2026-02-25T15:11:01.534+0000] {processor.py:927} WARNING - No viable dags retrieved from /home/ubuntu/airflow-venv/lib/python3.12/site-packages/airflow/example_dags/tutorial_taskflow_api_virtualenv.py
[2026-02-25T15:11:01.541+0000] {processor.py:208} INFO - Processing /home/ubuntu/airflow-venv/lib/python3.12/site-packages/airflow/example_dags/tutorial_taskflow_api_virtualenv.py took 0.015 seconds
[2026-02-25T15:11:51.129+0000] {processor.py:186} INFO - Started process (PID=3242) to work on /home/ubuntu/airflow-venv/lib/python3.12/site-packages/airflow/example_dags/tutorial_taskflow_api_virtualenv.py
[2026-02-25T15:11:51.130+0000] {processor.py:914} INFO - Processing file /home/ubuntu/airflow-venv/lib/python3.12/site-packages/airflow/example_dags/tutorial_taskflow_api_virtualenv.py for tasks to queue
[2026-02-25T15:11:51.132+0000] {logging_mixin.py:190} INFO - [2026-02-25T15:11:51.131+0000] {dagbag.py:588} INFO - Filling up the DagBag from /home/ubuntu/airflow-venv/lib/python3.12/site-packages/airflow/example_dags/tutorial_taskflow_api_virtualenv.py
[2026-02-25T15:11:51.133+0000] {logging_mixin.py:190} INFO - [2026-02-25T15:11:51.133+0000] {tutorial_taskflow_api_virtualenv.py:29} WARNING - The tutorial_taskflow_api_virtualenv example DAG requires virtualenv, please install it.
[2026-02-25T15:11:51.133+0000] {processor.py:927} WARNING - No viable dags retrieved from /home/ubuntu/airflow-venv/lib/python3.12/site-packages/airflow/example_dags/tutorial_taskflow_api_virtualenv.py
[2026-02-25T15:11:51.140+0000] {processor.py:208} INFO - Processing /home/ubuntu/airflow-venv/lib/python3.12/site-packages/airflow/example_dags/tutorial_taskflow_api_virtualenv.py took 0.014 seconds
[2026-02-25T15:12:44.152+0000] {processor.py:186} INFO - Started process (PID=3297) to work on /home/ubuntu/airflow-venv/lib/python3.12/site-packages/airflow/example_dags/tutorial_taskflow_api_virtualenv.py
[2026-02-25T15:12:44.154+0000] {processor.py:914} INFO - Processing file /home/ubuntu/airflow-venv/lib/python3.12/site-packages/airflow/example_dags/tutorial_taskflow_api_virtualenv.py for tasks to queue
[2026-02-25T15:12:44.155+0000] {logging_mixin.py:190} INFO - [2026-02-25T15:12:44.155+0000] {dagbag.py:588} INFO - Filling up the DagBag from /home/ubuntu/airflow-venv/lib/python3.12/site-packages/airflow/example_dags/tutorial_taskflow_api_virtualenv.py
[2026-02-25T15:12:44.157+0000] {logging_mixin.py:190} INFO - [2026-02-25T15:12:44.157+0000] {tutorial_taskflow_api_virtualenv.py:29} WARNING - The tutorial_taskflow_api_virtualenv example DAG requires virtualenv, please install it.
[2026-02-25T15:12:44.157+0000] {processor.py:927} WARNING - No viable dags retrieved from /home/ubuntu/airflow-venv/lib/python3.12/site-packages/airflow/example_dags/tutorial_taskflow_api_virtualenv.py
[2026-02-25T15:12:44.163+0000] {processor.py:208} INFO - Processing /home/ubuntu/airflow-venv/lib/python3.12/site-packages/airflow/example_dags/tutorial_taskflow_api_virtualenv.py took 0.014 seconds
[2026-02-25T15:13:30.971+0000] {processor.py:186} INFO - Started process (PID=3348) to work on /home/ubuntu/airflow-venv/lib/python3.12/site-packages/airflow/example_dags/tutorial_taskflow_api_virtualenv.py
[2026-02-25T15:13:30.972+0000] {processor.py:914} INFO - Processing file /home/ubuntu/airflow-venv/lib/python3.12/site-packages/airflow/example_dags/tutorial_taskflow_api_virtualenv.py for tasks to queue
[2026-02-25T15:13:30.974+0000] {logging_mixin.py:190} INFO - [2026-02-25T15:13:30.974+0000] {dagbag.py:588} INFO - Filling up the DagBag from /home/ubuntu/airflow-venv/lib/python3.12/site-packages/airflow/example_dags/tutorial_taskflow_api_virtualenv.py
[2026-02-25T15:13:30.975+0000] {logging_mixin.py:190} INFO - [2026-02-25T15:13:30.975+0000] {tutorial_taskflow_api_virtualenv.py:29} WARNING - The tutorial_taskflow_api_virtualenv example DAG requires virtualenv, please install it.
[2026-02-25T15:13:30.976+0000] {processor.py:927} WARNING - No viable dags retrieved from /home/ubuntu/airflow-venv/lib/python3.12/site-packages/airflow/example_dags/tutorial_taskflow_api_virtualenv.py
[2026-02-25T15:13:30.982+0000] {processor.py:208} INFO - Processing /home/ubuntu/airflow-venv/lib/python3.12/site-packages/airflow/example_dags/tutorial_taskflow_api_virtualenv.py took 0.015 seconds
[2026-02-25T15:14:19.977+0000] {processor.py:186} INFO - Started process (PID=3400) to work on /home/ubuntu/airflow-venv/lib/python3.12/site-packages/airflow/example_dags/tutorial_taskflow_api_virtualenv.py
[2026-02-25T15:14:19.979+0000] {processor.py:914} INFO - Processing file /home/ubuntu/airflow-venv/lib/python3.12/site-packages/airflow/example_dags/tutorial_taskflow_api_virtualenv.py for tasks to queue
[2026-02-25T15:14:19.980+0000] {logging_mixin.py:190} INFO - [2026-02-25T15:14:19.980+0000] {dagbag.py:588} INFO - Filling up the DagBag from /home/ubuntu/airflow-venv/lib/python3.12/site-packages/airflow/example_dags/tutorial_taskflow_api_virtualenv.py
[2026-02-25T15:14:19.982+0000] {logging_mixin.py:190} INFO - [2026-02-25T15:14:19.982+0000] {tutorial_taskflow_api_virtualenv.py:29} WARNING - The tutorial_taskflow_api_virtualenv example DAG requires virtualenv, please install it.
[2026-02-25T15:14:19.982+0000] {processor.py:927} WARNING - No viable dags retrieved from /home/ubuntu/airflow-venv/lib/python3.12/site-packages/airflow/example_dags/tutorial_taskflow_api_virtualenv.py
[2026-02-25T15:14:19.989+0000] {processor.py:208} INFO - Processing /home/ubuntu/airflow-venv/lib/python3.12/site-packages/airflow/example_dags/tutorial_taskflow_api_virtualenv.py took 0.015 seconds
[2026-02-25T15:15:07.921+0000] {processor.py:186} INFO - Started process (PID=3457) to work on /home/ubuntu/airflow-venv/lib/python3.12/site-packages/airflow/example_dags/tutorial_taskflow_api_virtualenv.py
[2026-02-25T15:15:07.923+0000] {processor.py:914} INFO - Processing file /home/ubuntu/airflow-venv/lib/python3.12/site-packages/airflow/example_dags/tutorial_taskflow_api_virtualenv.py for tasks to queue
[2026-02-25T15:15:07.924+0000] {logging_mixin.py:190} INFO - [2026-02-25T15:15:07.924+0000] {dagbag.py:588} INFO - Filling up the DagBag from /home/ubuntu/airflow-venv/lib/python3.12/site-packages/airflow/example_dags/tutorial_taskflow_api_virtualenv.py
[2026-02-25T15:15:07.926+0000] {logging_mixin.py:190} INFO - [2026-02-25T15:15:07.925+0000] {tutorial_taskflow_api_virtualenv.py:29} WARNING - The tutorial_taskflow_api_virtualenv example DAG requires virtualenv, please install it.
[2026-02-25T15:15:07.926+0000] {processor.py:927} WARNING - No viable dags retrieved from /home/ubuntu/airflow-venv/lib/python3.12/site-packages/airflow/example_dags/tutorial_taskflow_api_virtualenv.py
[2026-02-25T15:15:07.932+0000] {processor.py:208} INFO - Processing /home/ubuntu/airflow-venv/lib/python3.12/site-packages/airflow/example_dags/tutorial_taskflow_api_virtualenv.py took 0.014 seconds
[2026-02-25T15:15:56.491+0000] {processor.py:186} INFO - Started process (PID=3510) to work on /home/ubuntu/airflow-venv/lib/python3.12/site-packages/airflow/example_dags/tutorial_taskflow_api_virtualenv.py
[2026-02-25T15:15:56.492+0000] {processor.py:914} INFO - Processing file /home/ubuntu/airflow-venv/lib/python3.12/site-packages/airflow/example_dags/tutorial_taskflow_api_virtualenv.py for tasks to queue
[2026-02-25T15:15:56.493+0000] {logging_mixin.py:190} INFO - [2026-02-25T15:15:56.493+0000] {dagbag.py:588} INFO - Filling up the DagBag from /home/ubuntu/airflow-venv/lib/python3.12/site-packages/airflow/example_dags/tutorial_taskflow_api_virtualenv.py
[2026-02-25T15:15:56.495+0000] {logging_mixin.py:190} INFO - [2026-02-25T15:15:56.495+0000] {tutorial_taskflow_api_virtualenv.py:29} WARNING - The tutorial_taskflow_api_virtualenv example DAG requires virtualenv, please install it.
[2026-02-25T15:15:56.495+0000] {processor.py:927} WARNING - No viable dags retrieved from /home/ubuntu/airflow-venv/lib/python3.12/site-packages/airflow/example_dags/tutorial_taskflow_api_virtualenv.py
[2026-02-25T15:15:56.502+0000] {processor.py:208} INFO - Processing /home/ubuntu/airflow-venv/lib/python3.12/site-packages/airflow/example_dags/tutorial_taskflow_api_virtualenv.py took 0.015 seconds
[2026-02-25T15:16:46.576+0000] {processor.py:186} INFO - Started process (PID=3561) to work on /home/ubuntu/airflow-venv/lib/python3.12/site-packages/airflow/example_dags/tutorial_taskflow_api_virtualenv.py
[2026-02-25T15:16:46.578+0000] {processor.py:914} INFO - Processing file /home/ubuntu/airflow-venv/lib/python3.12/site-packages/airflow/example_dags/tutorial_taskflow_api_virtualenv.py for tasks to queue
[2026-02-25T15:16:46.579+0000] {logging_mixin.py:190} INFO - [2026-02-25T15:16:46.579+0000] {dagbag.py:588} INFO - Filling up the DagBag from /home/ubuntu/airflow-venv/lib/python3.12/site-packages/airflow/example_dags/tutorial_taskflow_api_virtualenv.py
[2026-02-25T15:16:46.581+0000] {logging_mixin.py:190} INFO - [2026-02-25T15:16:46.581+0000] {tutorial_taskflow_api_virtualenv.py:29} WARNING - The tutorial_taskflow_api_virtualenv example DAG requires virtualenv, please install it.
[2026-02-25T15:16:46.581+0000] {processor.py:927} WARNING - No viable dags retrieved from /home/ubuntu/airflow-venv/lib/python3.12/site-packages/airflow/example_dags/tutorial_taskflow_api_virtualenv.py
[2026-02-25T15:16:46.587+0000] {processor.py:208} INFO - Processing /home/ubuntu/airflow-venv/lib/python3.12/site-packages/airflow/example_dags/tutorial_taskflow_api_virtualenv.py took 0.015 seconds
[2026-02-25T15:17:35.221+0000] {processor.py:186} INFO - Started process (PID=3616) to work on /home/ubuntu/airflow-venv/lib/python3.12/site-packages/airflow/example_dags/tutorial_taskflow_api_virtualenv.py
[2026-02-25T15:17:35.222+0000] {processor.py:914} INFO - Processing file /home/ubuntu/airflow-venv/lib/python3.12/site-packages/airflow/example_dags/tutorial_taskflow_api_virtualenv.py for tasks to queue
[2026-02-25T15:17:35.224+0000] {logging_mixin.py:190} INFO - [2026-02-25T15:17:35.224+0000] {dagbag.py:588} INFO - Filling up the DagBag from /home/ubuntu/airflow-venv/lib/python3.12/site-packages/airflow/example_dags/tutorial_taskflow_api_virtualenv.py
[2026-02-25T15:17:35.225+0000] {logging_mixin.py:190} INFO - [2026-02-25T15:17:35.225+0000] {tutorial_taskflow_api_virtualenv.py:29} WARNING - The tutorial_taskflow_api_virtualenv example DAG requires virtualenv, please install it.
[2026-02-25T15:17:35.225+0000] {processor.py:927} WARNING - No viable dags retrieved from /home/ubuntu/airflow-venv/lib/python3.12/site-packages/airflow/example_dags/tutorial_taskflow_api_virtualenv.py
[2026-02-25T15:17:35.232+0000] {processor.py:208} INFO - Processing /home/ubuntu/airflow-venv/lib/python3.12/site-packages/airflow/example_dags/tutorial_taskflow_api_virtualenv.py took 0.015 seconds
[2026-02-25T15:18:24.010+0000] {processor.py:186} INFO - Started process (PID=3668) to work on /home/ubuntu/airflow-venv/lib/python3.12/site-packages/airflow/example_dags/tutorial_taskflow_api_virtualenv.py
[2026-02-25T15:18:24.012+0000] {processor.py:914} INFO - Processing file /home/ubuntu/airflow-venv/lib/python3.12/site-packages/airflow/example_dags/tutorial_taskflow_api_virtualenv.py for tasks to queue
[2026-02-25T15:18:24.013+0000] {logging_mixin.py:190} INFO - [2026-02-25T15:18:24.013+0000] {dagbag.py:588} INFO - Filling up the DagBag from /home/ubuntu/airflow-venv/lib/python3.12/site-packages/airflow/example_dags/tutorial_taskflow_api_virtualenv.py
[2026-02-25T15:18:24.015+0000] {logging_mixin.py:190} INFO - [2026-02-25T15:18:24.015+0000] {tutorial_taskflow_api_virtualenv.py:29} WARNING - The tutorial_taskflow_api_virtualenv example DAG requires virtualenv, please install it.
[2026-02-25T15:18:24.015+0000] {processor.py:927} WARNING - No viable dags retrieved from /home/ubuntu/airflow-venv/lib/python3.12/site-packages/airflow/example_dags/tutorial_taskflow_api_virtualenv.py
[2026-02-25T15:18:24.021+0000] {processor.py:208} INFO - Processing /home/ubuntu/airflow-venv/lib/python3.12/site-packages/airflow/example_dags/tutorial_taskflow_api_virtualenv.py took 0.014 seconds
[2026-02-25T15:19:08.834+0000] {processor.py:186} INFO - Started process (PID=3717) to work on /home/ubuntu/airflow-venv/lib/python3.12/site-packages/airflow/example_dags/tutorial_taskflow_api_virtualenv.py
[2026-02-25T15:19:08.835+0000] {processor.py:914} INFO - Processing file /home/ubuntu/airflow-venv/lib/python3.12/site-packages/airflow/example_dags/tutorial_taskflow_api_virtualenv.py for tasks to queue
[2026-02-25T15:19:08.836+0000] {logging_mixin.py:190} INFO - [2026-02-25T15:19:08.836+0000] {dagbag.py:588} INFO - Filling up the DagBag from /home/ubuntu/airflow-venv/lib/python3.12/site-packages/airflow/example_dags/tutorial_taskflow_api_virtualenv.py
[2026-02-25T15:19:08.838+0000] {logging_mixin.py:190} INFO - [2026-02-25T15:19:08.838+0000] {tutorial_taskflow_api_virtualenv.py:29} WARNING - The tutorial_taskflow_api_virtualenv example DAG requires virtualenv, please install it.
[2026-02-25T15:19:08.838+0000] {processor.py:927} WARNING - No viable dags retrieved from /home/ubuntu/airflow-venv/lib/python3.12/site-packages/airflow/example_dags/tutorial_taskflow_api_virtualenv.py
[2026-02-25T15:19:08.845+0000] {processor.py:208} INFO - Processing /home/ubuntu/airflow-venv/lib/python3.12/site-packages/airflow/example_dags/tutorial_taskflow_api_virtualenv.py took 0.014 seconds
[2026-02-25T15:19:57.790+0000] {processor.py:186} INFO - Started process (PID=3769) to work on /home/ubuntu/airflow-venv/lib/python3.12/site-packages/airflow/example_dags/tutorial_taskflow_api_virtualenv.py
[2026-02-25T15:19:57.791+0000] {processor.py:914} INFO - Processing file /home/ubuntu/airflow-venv/lib/python3.12/site-packages/airflow/example_dags/tutorial_taskflow_api_virtualenv.py for tasks to queue
[2026-02-25T15:19:57.793+0000] {logging_mixin.py:190} INFO - [2026-02-25T15:19:57.792+0000] {dagbag.py:588} INFO - Filling up the DagBag from /home/ubuntu/airflow-venv/lib/python3.12/site-packages/airflow/example_dags/tutorial_taskflow_api_virtualenv.py
[2026-02-25T15:19:57.794+0000] {logging_mixin.py:190} INFO - [2026-02-25T15:19:57.794+0000] {tutorial_taskflow_api_virtualenv.py:29} WARNING - The tutorial_taskflow_api_virtualenv example DAG requires virtualenv, please install it.
[2026-02-25T15:19:57.794+0000] {processor.py:927} WARNING - No viable dags retrieved from /home/ubuntu/airflow-venv/lib/python3.12/site-packages/airflow/example_dags/tutorial_taskflow_api_virtualenv.py
[2026-02-25T15:19:57.801+0000] {processor.py:208} INFO - Processing /home/ubuntu/airflow-venv/lib/python3.12/site-packages/airflow/example_dags/tutorial_taskflow_api_virtualenv.py took 0.014 seconds
[2026-02-25T15:20:47.674+0000] {processor.py:186} INFO - Started process (PID=3824) to work on /home/ubuntu/airflow-venv/lib/python3.12/site-packages/airflow/example_dags/tutorial_taskflow_api_virtualenv.py
[2026-02-25T15:20:47.675+0000] {processor.py:914} INFO - Processing file /home/ubuntu/airflow-venv/lib/python3.12/site-packages/airflow/example_dags/tutorial_taskflow_api_virtualenv.py for tasks to queue
[2026-02-25T15:20:47.677+0000] {logging_mixin.py:190} INFO - [2026-02-25T15:20:47.676+0000] {dagbag.py:588} INFO - Filling up the DagBag from /home/ubuntu/airflow-venv/lib/python3.12/site-packages/airflow/example_dags/tutorial_taskflow_api_virtualenv.py
[2026-02-25T15:20:47.678+0000] {logging_mixin.py:190} INFO - [2026-02-25T15:20:47.678+0000] {tutorial_taskflow_api_virtualenv.py:29} WARNING - The tutorial_taskflow_api_virtualenv example DAG requires virtualenv, please install it.
[2026-02-25T15:20:47.679+0000] {processor.py:927} WARNING - No viable dags retrieved from /home/ubuntu/airflow-venv/lib/python3.12/site-packages/airflow/example_dags/tutorial_taskflow_api_virtualenv.py
[2026-02-25T15:20:47.685+0000] {processor.py:208} INFO - Processing /home/ubuntu/airflow-venv/lib/python3.12/site-packages/airflow/example_dags/tutorial_taskflow_api_virtualenv.py took 0.014 seconds
[2026-02-25T15:21:37.906+0000] {processor.py:186} INFO - Started process (PID=3876) to work on /home/ubuntu/airflow-venv/lib/python3.12/site-packages/airflow/example_dags/tutorial_taskflow_api_virtualenv.py
[2026-02-25T15:21:37.908+0000] {processor.py:914} INFO - Processing file /home/ubuntu/airflow-venv/lib/python3.12/site-packages/airflow/example_dags/tutorial_taskflow_api_virtualenv.py for tasks to queue
[2026-02-25T15:21:37.909+0000] {logging_mixin.py:190} INFO - [2026-02-25T15:21:37.909+0000] {dagbag.py:588} INFO - Filling up the DagBag from /home/ubuntu/airflow-venv/lib/python3.12/site-packages/airflow/example_dags/tutorial_taskflow_api_virtualenv.py
[2026-02-25T15:21:37.911+0000] {logging_mixin.py:190} INFO - [2026-02-25T15:21:37.911+0000] {tutorial_taskflow_api_virtualenv.py:29} WARNING - The tutorial_taskflow_api_virtualenv example DAG requires virtualenv, please install it.
[2026-02-25T15:21:37.911+0000] {processor.py:927} WARNING - No viable dags retrieved from /home/ubuntu/airflow-venv/lib/python3.12/site-packages/airflow/example_dags/tutorial_taskflow_api_virtualenv.py
[2026-02-25T15:21:37.917+0000] {processor.py:208} INFO - Processing /home/ubuntu/airflow-venv/lib/python3.12/site-packages/airflow/example_dags/tutorial_taskflow_api_virtualenv.py took 0.014 seconds
[2026-02-25T15:22:26.215+0000] {processor.py:186} INFO - Started process (PID=3929) to work on /home/ubuntu/airflow-venv/lib/python3.12/site-packages/airflow/example_dags/tutorial_taskflow_api_virtualenv.py
[2026-02-25T15:22:26.216+0000] {processor.py:914} INFO - Processing file /home/ubuntu/airflow-venv/lib/python3.12/site-packages/airflow/example_dags/tutorial_taskflow_api_virtualenv.py for tasks to queue
[2026-02-25T15:22:26.218+0000] {logging_mixin.py:190} INFO - [2026-02-25T15:22:26.217+0000] {dagbag.py:588} INFO - Filling up the DagBag from /home/ubuntu/airflow-venv/lib/python3.12/site-packages/airflow/example_dags/tutorial_taskflow_api_virtualenv.py
[2026-02-25T15:22:26.219+0000] {logging_mixin.py:190} INFO - [2026-02-25T15:22:26.219+0000] {tutorial_taskflow_api_virtualenv.py:29} WARNING - The tutorial_taskflow_api_virtualenv example DAG requires virtualenv, please install it.
[2026-02-25T15:22:26.219+0000] {processor.py:927} WARNING - No viable dags retrieved from /home/ubuntu/airflow-venv/lib/python3.12/site-packages/airflow/example_dags/tutorial_taskflow_api_virtualenv.py
[2026-02-25T15:22:26.226+0000] {processor.py:208} INFO - Processing /home/ubuntu/airflow-venv/lib/python3.12/site-packages/airflow/example_dags/tutorial_taskflow_api_virtualenv.py took 0.014 seconds
[2026-02-25T15:23:18.663+0000] {processor.py:186} INFO - Started process (PID=3980) to work on /home/ubuntu/airflow-venv/lib/python3.12/site-packages/airflow/example_dags/tutorial_taskflow_api_virtualenv.py
[2026-02-25T15:23:18.664+0000] {processor.py:914} INFO - Processing file /home/ubuntu/airflow-venv/lib/python3.12/site-packages/airflow/example_dags/tutorial_taskflow_api_virtualenv.py for tasks to queue
[2026-02-25T15:23:18.665+0000] {logging_mixin.py:190} INFO - [2026-02-25T15:23:18.665+0000] {dagbag.py:588} INFO - Filling up the DagBag from /home/ubuntu/airflow-venv/lib/python3.12/site-packages/airflow/example_dags/tutorial_taskflow_api_virtualenv.py
[2026-02-25T15:23:18.667+0000] {logging_mixin.py:190} INFO - [2026-02-25T15:23:18.667+0000] {tutorial_taskflow_api_virtualenv.py:29} WARNING - The tutorial_taskflow_api_virtualenv example DAG requires virtualenv, please install it.
[2026-02-25T15:23:18.667+0000] {processor.py:927} WARNING - No viable dags retrieved from /home/ubuntu/airflow-venv/lib/python3.12/site-packages/airflow/example_dags/tutorial_taskflow_api_virtualenv.py
[2026-02-25T15:23:18.674+0000] {processor.py:208} INFO - Processing /home/ubuntu/airflow-venv/lib/python3.12/site-packages/airflow/example_dags/tutorial_taskflow_api_virtualenv.py took 0.014 seconds
[2026-02-25T15:44:08.234+0000] {processor.py:186} INFO - Started process (PID=2566) to work on /home/ubuntu/airflow-venv/lib/python3.12/site-packages/airflow/example_dags/tutorial_taskflow_api_virtualenv.py
[2026-02-25T15:44:08.235+0000] {processor.py:914} INFO - Processing file /home/ubuntu/airflow-venv/lib/python3.12/site-packages/airflow/example_dags/tutorial_taskflow_api_virtualenv.py for tasks to queue
[2026-02-25T15:44:08.237+0000] {logging_mixin.py:190} INFO - [2026-02-25T15:44:08.236+0000] {dagbag.py:588} INFO - Filling up the DagBag from /home/ubuntu/airflow-venv/lib/python3.12/site-packages/airflow/example_dags/tutorial_taskflow_api_virtualenv.py
[2026-02-25T15:44:08.238+0000] {logging_mixin.py:190} INFO - [2026-02-25T15:44:08.238+0000] {tutorial_taskflow_api_virtualenv.py:29} WARNING - The tutorial_taskflow_api_virtualenv example DAG requires virtualenv, please install it.
[2026-02-25T15:44:08.238+0000] {processor.py:927} WARNING - No viable dags retrieved from /home/ubuntu/airflow-venv/lib/python3.12/site-packages/airflow/example_dags/tutorial_taskflow_api_virtualenv.py
[2026-02-25T15:44:08.245+0000] {processor.py:208} INFO - Processing /home/ubuntu/airflow-venv/lib/python3.12/site-packages/airflow/example_dags/tutorial_taskflow_api_virtualenv.py took 0.015 seconds
[2026-02-25T15:45:02.071+0000] {processor.py:186} INFO - Started process (PID=2643) to work on /home/ubuntu/airflow-venv/lib/python3.12/site-packages/airflow/example_dags/tutorial_taskflow_api_virtualenv.py
[2026-02-25T15:45:02.073+0000] {processor.py:914} INFO - Processing file /home/ubuntu/airflow-venv/lib/python3.12/site-packages/airflow/example_dags/tutorial_taskflow_api_virtualenv.py for tasks to queue
[2026-02-25T15:45:02.074+0000] {logging_mixin.py:190} INFO - [2026-02-25T15:45:02.074+0000] {dagbag.py:588} INFO - Filling up the DagBag from /home/ubuntu/airflow-venv/lib/python3.12/site-packages/airflow/example_dags/tutorial_taskflow_api_virtualenv.py
[2026-02-25T15:45:02.075+0000] {logging_mixin.py:190} INFO - [2026-02-25T15:45:02.075+0000] {tutorial_taskflow_api_virtualenv.py:29} WARNING - The tutorial_taskflow_api_virtualenv example DAG requires virtualenv, please install it.
[2026-02-25T15:45:02.075+0000] {processor.py:927} WARNING - No viable dags retrieved from /home/ubuntu/airflow-venv/lib/python3.12/site-packages/airflow/example_dags/tutorial_taskflow_api_virtualenv.py
[2026-02-25T15:45:02.082+0000] {processor.py:208} INFO - Processing /home/ubuntu/airflow-venv/lib/python3.12/site-packages/airflow/example_dags/tutorial_taskflow_api_virtualenv.py took 0.015 seconds
[2026-02-25T15:45:50.903+0000] {processor.py:186} INFO - Started process (PID=2695) to work on /home/ubuntu/airflow-venv/lib/python3.12/site-packages/airflow/example_dags/tutorial_taskflow_api_virtualenv.py
[2026-02-25T15:45:50.904+0000] {processor.py:914} INFO - Processing file /home/ubuntu/airflow-venv/lib/python3.12/site-packages/airflow/example_dags/tutorial_taskflow_api_virtualenv.py for tasks to queue
[2026-02-25T15:45:50.905+0000] {logging_mixin.py:190} INFO - [2026-02-25T15:45:50.905+0000] {dagbag.py:588} INFO - Filling up the DagBag from /home/ubuntu/airflow-venv/lib/python3.12/site-packages/airflow/example_dags/tutorial_taskflow_api_virtualenv.py
[2026-02-25T15:45:50.907+0000] {logging_mixin.py:190} INFO - [2026-02-25T15:45:50.907+0000] {tutorial_taskflow_api_virtualenv.py:29} WARNING - The tutorial_taskflow_api_virtualenv example DAG requires virtualenv, please install it.
[2026-02-25T15:45:50.907+0000] {processor.py:927} WARNING - No viable dags retrieved from /home/ubuntu/airflow-venv/lib/python3.12/site-packages/airflow/example_dags/tutorial_taskflow_api_virtualenv.py
[2026-02-25T15:45:50.914+0000] {processor.py:208} INFO - Processing /home/ubuntu/airflow-venv/lib/python3.12/site-packages/airflow/example_dags/tutorial_taskflow_api_virtualenv.py took 0.014 seconds
[2026-02-25T15:46:37.148+0000] {processor.py:186} INFO - Started process (PID=2744) to work on /home/ubuntu/airflow-venv/lib/python3.12/site-packages/airflow/example_dags/tutorial_taskflow_api_virtualenv.py
[2026-02-25T15:46:37.150+0000] {processor.py:914} INFO - Processing file /home/ubuntu/airflow-venv/lib/python3.12/site-packages/airflow/example_dags/tutorial_taskflow_api_virtualenv.py for tasks to queue
[2026-02-25T15:46:37.151+0000] {logging_mixin.py:190} INFO - [2026-02-25T15:46:37.151+0000] {dagbag.py:588} INFO - Filling up the DagBag from /home/ubuntu/airflow-venv/lib/python3.12/site-packages/airflow/example_dags/tutorial_taskflow_api_virtualenv.py
[2026-02-25T15:46:37.152+0000] {logging_mixin.py:190} INFO - [2026-02-25T15:46:37.152+0000] {tutorial_taskflow_api_virtualenv.py:29} WARNING - The tutorial_taskflow_api_virtualenv example DAG requires virtualenv, please install it.
[2026-02-25T15:46:37.152+0000] {processor.py:927} WARNING - No viable dags retrieved from /home/ubuntu/airflow-venv/lib/python3.12/site-packages/airflow/example_dags/tutorial_taskflow_api_virtualenv.py
[2026-02-25T15:46:37.159+0000] {processor.py:208} INFO - Processing /home/ubuntu/airflow-venv/lib/python3.12/site-packages/airflow/example_dags/tutorial_taskflow_api_virtualenv.py took 0.014 seconds
[2026-02-25T15:47:27.347+0000] {processor.py:186} INFO - Started process (PID=2797) to work on /home/ubuntu/airflow-venv/lib/python3.12/site-packages/airflow/example_dags/tutorial_taskflow_api_virtualenv.py
[2026-02-25T15:47:27.349+0000] {processor.py:914} INFO - Processing file /home/ubuntu/airflow-venv/lib/python3.12/site-packages/airflow/example_dags/tutorial_taskflow_api_virtualenv.py for tasks to queue
[2026-02-25T15:47:27.350+0000] {logging_mixin.py:190} INFO - [2026-02-25T15:47:27.350+0000] {dagbag.py:588} INFO - Filling up the DagBag from /home/ubuntu/airflow-venv/lib/python3.12/site-packages/airflow/example_dags/tutorial_taskflow_api_virtualenv.py
[2026-02-25T15:47:27.352+0000] {logging_mixin.py:190} INFO - [2026-02-25T15:47:27.351+0000] {tutorial_taskflow_api_virtualenv.py:29} WARNING - The tutorial_taskflow_api_virtualenv example DAG requires virtualenv, please install it.
[2026-02-25T15:47:27.352+0000] {processor.py:927} WARNING - No viable dags retrieved from /home/ubuntu/airflow-venv/lib/python3.12/site-packages/airflow/example_dags/tutorial_taskflow_api_virtualenv.py
[2026-02-25T15:47:27.358+0000] {processor.py:208} INFO - Processing /home/ubuntu/airflow-venv/lib/python3.12/site-packages/airflow/example_dags/tutorial_taskflow_api_virtualenv.py took 0.014 seconds
[2026-02-25T15:48:18.661+0000] {processor.py:186} INFO - Started process (PID=2850) to work on /home/ubuntu/airflow-venv/lib/python3.12/site-packages/airflow/example_dags/tutorial_taskflow_api_virtualenv.py
[2026-02-25T15:48:18.662+0000] {processor.py:914} INFO - Processing file /home/ubuntu/airflow-venv/lib/python3.12/site-packages/airflow/example_dags/tutorial_taskflow_api_virtualenv.py for tasks to queue
[2026-02-25T15:48:18.663+0000] {logging_mixin.py:190} INFO - [2026-02-25T15:48:18.663+0000] {dagbag.py:588} INFO - Filling up the DagBag from /home/ubuntu/airflow-venv/lib/python3.12/site-packages/airflow/example_dags/tutorial_taskflow_api_virtualenv.py
[2026-02-25T15:48:18.665+0000] {logging_mixin.py:190} INFO - [2026-02-25T15:48:18.665+0000] {tutorial_taskflow_api_virtualenv.py:29} WARNING - The tutorial_taskflow_api_virtualenv example DAG requires virtualenv, please install it.
[2026-02-25T15:48:18.665+0000] {processor.py:927} WARNING - No viable dags retrieved from /home/ubuntu/airflow-venv/lib/python3.12/site-packages/airflow/example_dags/tutorial_taskflow_api_virtualenv.py
[2026-02-25T15:48:18.672+0000] {processor.py:208} INFO - Processing /home/ubuntu/airflow-venv/lib/python3.12/site-packages/airflow/example_dags/tutorial_taskflow_api_virtualenv.py took 0.014 seconds
[2026-02-25T15:49:06.884+0000] {processor.py:186} INFO - Started process (PID=2902) to work on /home/ubuntu/airflow-venv/lib/python3.12/site-packages/airflow/example_dags/tutorial_taskflow_api_virtualenv.py
[2026-02-25T15:49:06.886+0000] {processor.py:914} INFO - Processing file /home/ubuntu/airflow-venv/lib/python3.12/site-packages/airflow/example_dags/tutorial_taskflow_api_virtualenv.py for tasks to queue
[2026-02-25T15:49:06.887+0000] {logging_mixin.py:190} INFO - [2026-02-25T15:49:06.887+0000] {dagbag.py:588} INFO - Filling up the DagBag from /home/ubuntu/airflow-venv/lib/python3.12/site-packages/airflow/example_dags/tutorial_taskflow_api_virtualenv.py
[2026-02-25T15:49:06.888+0000] {logging_mixin.py:190} INFO - [2026-02-25T15:49:06.888+0000] {tutorial_taskflow_api_virtualenv.py:29} WARNING - The tutorial_taskflow_api_virtualenv example DAG requires virtualenv, please install it.
[2026-02-25T15:49:06.889+0000] {processor.py:927} WARNING - No viable dags retrieved from /home/ubuntu/airflow-venv/lib/python3.12/site-packages/airflow/example_dags/tutorial_taskflow_api_virtualenv.py
[2026-02-25T15:49:06.895+0000] {processor.py:208} INFO - Processing /home/ubuntu/airflow-venv/lib/python3.12/site-packages/airflow/example_dags/tutorial_taskflow_api_virtualenv.py took 0.014 seconds
[2026-02-25T15:49:58.745+0000] {processor.py:186} INFO - Started process (PID=2957) to work on /home/ubuntu/airflow-venv/lib/python3.12/site-packages/airflow/example_dags/tutorial_taskflow_api_virtualenv.py
[2026-02-25T15:49:58.747+0000] {processor.py:914} INFO - Processing file /home/ubuntu/airflow-venv/lib/python3.12/site-packages/airflow/example_dags/tutorial_taskflow_api_virtualenv.py for tasks to queue
[2026-02-25T15:49:58.748+0000] {logging_mixin.py:190} INFO - [2026-02-25T15:49:58.748+0000] {dagbag.py:588} INFO - Filling up the DagBag from /home/ubuntu/airflow-venv/lib/python3.12/site-packages/airflow/example_dags/tutorial_taskflow_api_virtualenv.py
[2026-02-25T15:49:58.749+0000] {logging_mixin.py:190} INFO - [2026-02-25T15:49:58.749+0000] {tutorial_taskflow_api_virtualenv.py:29} WARNING - The tutorial_taskflow_api_virtualenv example DAG requires virtualenv, please install it.
[2026-02-25T15:49:58.750+0000] {processor.py:927} WARNING - No viable dags retrieved from /home/ubuntu/airflow-venv/lib/python3.12/site-packages/airflow/example_dags/tutorial_taskflow_api_virtualenv.py
[2026-02-25T15:49:58.756+0000] {processor.py:208} INFO - Processing /home/ubuntu/airflow-venv/lib/python3.12/site-packages/airflow/example_dags/tutorial_taskflow_api_virtualenv.py took 0.014 seconds
[2026-02-25T15:50:51.666+0000] {processor.py:186} INFO - Started process (PID=3013) to work on /home/ubuntu/airflow-venv/lib/python3.12/site-packages/airflow/example_dags/tutorial_taskflow_api_virtualenv.py
[2026-02-25T15:50:51.667+0000] {processor.py:914} INFO - Processing file /home/ubuntu/airflow-venv/lib/python3.12/site-packages/airflow/example_dags/tutorial_taskflow_api_virtualenv.py for tasks to queue
[2026-02-25T15:50:51.669+0000] {logging_mixin.py:190} INFO - [2026-02-25T15:50:51.669+0000] {dagbag.py:588} INFO - Filling up the DagBag from /home/ubuntu/airflow-venv/lib/python3.12/site-packages/airflow/example_dags/tutorial_taskflow_api_virtualenv.py
[2026-02-25T15:50:51.670+0000] {logging_mixin.py:190} INFO - [2026-02-25T15:50:51.670+0000] {tutorial_taskflow_api_virtualenv.py:29} WARNING - The tutorial_taskflow_api_virtualenv example DAG requires virtualenv, please install it.
[2026-02-25T15:50:51.670+0000] {processor.py:927} WARNING - No viable dags retrieved from /home/ubuntu/airflow-venv/lib/python3.12/site-packages/airflow/example_dags/tutorial_taskflow_api_virtualenv.py
[2026-02-25T15:50:51.677+0000] {processor.py:208} INFO - Processing /home/ubuntu/airflow-venv/lib/python3.12/site-packages/airflow/example_dags/tutorial_taskflow_api_virtualenv.py took 0.015 seconds
[2026-02-25T15:51:44.338+0000] {processor.py:186} INFO - Started process (PID=3068) to work on /home/ubuntu/airflow-venv/lib/python3.12/site-packages/airflow/example_dags/tutorial_taskflow_api_virtualenv.py
[2026-02-25T15:51:44.339+0000] {processor.py:914} INFO - Processing file /home/ubuntu/airflow-venv/lib/python3.12/site-packages/airflow/example_dags/tutorial_taskflow_api_virtualenv.py for tasks to queue
[2026-02-25T15:51:44.341+0000] {logging_mixin.py:190} INFO - [2026-02-25T15:51:44.340+0000] {dagbag.py:588} INFO - Filling up the DagBag from /home/ubuntu/airflow-venv/lib/python3.12/site-packages/airflow/example_dags/tutorial_taskflow_api_virtualenv.py
[2026-02-25T15:51:44.342+0000] {logging_mixin.py:190} INFO - [2026-02-25T15:51:44.342+0000] {tutorial_taskflow_api_virtualenv.py:29} WARNING - The tutorial_taskflow_api_virtualenv example DAG requires virtualenv, please install it.
[2026-02-25T15:51:44.342+0000] {processor.py:927} WARNING - No viable dags retrieved from /home/ubuntu/airflow-venv/lib/python3.12/site-packages/airflow/example_dags/tutorial_taskflow_api_virtualenv.py
[2026-02-25T15:51:44.349+0000] {processor.py:208} INFO - Processing /home/ubuntu/airflow-venv/lib/python3.12/site-packages/airflow/example_dags/tutorial_taskflow_api_virtualenv.py took 0.014 seconds
[2026-02-25T15:52:34.544+0000] {processor.py:186} INFO - Started process (PID=3123) to work on /home/ubuntu/airflow-venv/lib/python3.12/site-packages/airflow/example_dags/tutorial_taskflow_api_virtualenv.py
[2026-02-25T15:52:34.545+0000] {processor.py:914} INFO - Processing file /home/ubuntu/airflow-venv/lib/python3.12/site-packages/airflow/example_dags/tutorial_taskflow_api_virtualenv.py for tasks to queue
[2026-02-25T15:52:34.547+0000] {logging_mixin.py:190} INFO - [2026-02-25T15:52:34.546+0000] {dagbag.py:588} INFO - Filling up the DagBag from /home/ubuntu/airflow-venv/lib/python3.12/site-packages/airflow/example_dags/tutorial_taskflow_api_virtualenv.py
[2026-02-25T15:52:34.548+0000] {logging_mixin.py:190} INFO - [2026-02-25T15:52:34.548+0000] {tutorial_taskflow_api_virtualenv.py:29} WARNING - The tutorial_taskflow_api_virtualenv example DAG requires virtualenv, please install it.
[2026-02-25T15:52:34.548+0000] {processor.py:927} WARNING - No viable dags retrieved from /home/ubuntu/airflow-venv/lib/python3.12/site-packages/airflow/example_dags/tutorial_taskflow_api_virtualenv.py
[2026-02-25T15:52:34.555+0000] {processor.py:208} INFO - Processing /home/ubuntu/airflow-venv/lib/python3.12/site-packages/airflow/example_dags/tutorial_taskflow_api_virtualenv.py took 0.014 seconds
[2026-02-25T15:53:22.538+0000] {processor.py:186} INFO - Started process (PID=3173) to work on /home/ubuntu/airflow-venv/lib/python3.12/site-packages/airflow/example_dags/tutorial_taskflow_api_virtualenv.py
[2026-02-25T15:53:22.539+0000] {processor.py:914} INFO - Processing file /home/ubuntu/airflow-venv/lib/python3.12/site-packages/airflow/example_dags/tutorial_taskflow_api_virtualenv.py for tasks to queue
[2026-02-25T15:53:22.540+0000] {logging_mixin.py:190} INFO - [2026-02-25T15:53:22.540+0000] {dagbag.py:588} INFO - Filling up the DagBag from /home/ubuntu/airflow-venv/lib/python3.12/site-packages/airflow/example_dags/tutorial_taskflow_api_virtualenv.py
[2026-02-25T15:53:22.542+0000] {logging_mixin.py:190} INFO - [2026-02-25T15:53:22.541+0000] {tutorial_taskflow_api_virtualenv.py:29} WARNING - The tutorial_taskflow_api_virtualenv example DAG requires virtualenv, please install it.
[2026-02-25T15:53:22.542+0000] {processor.py:927} WARNING - No viable dags retrieved from /home/ubuntu/airflow-venv/lib/python3.12/site-packages/airflow/example_dags/tutorial_taskflow_api_virtualenv.py
[2026-02-25T15:53:22.548+0000] {processor.py:208} INFO - Processing /home/ubuntu/airflow-venv/lib/python3.12/site-packages/airflow/example_dags/tutorial_taskflow_api_virtualenv.py took 0.014 seconds
[2026-02-25T15:54:12.111+0000] {processor.py:186} INFO - Started process (PID=3241) to work on /home/ubuntu/airflow-venv/lib/python3.12/site-packages/airflow/example_dags/tutorial_taskflow_api_virtualenv.py
[2026-02-25T15:54:12.112+0000] {processor.py:914} INFO - Processing file /home/ubuntu/airflow-venv/lib/python3.12/site-packages/airflow/example_dags/tutorial_taskflow_api_virtualenv.py for tasks to queue
[2026-02-25T15:54:12.113+0000] {logging_mixin.py:190} INFO - [2026-02-25T15:54:12.113+0000] {dagbag.py:588} INFO - Filling up the DagBag from /home/ubuntu/airflow-venv/lib/python3.12/site-packages/airflow/example_dags/tutorial_taskflow_api_virtualenv.py
[2026-02-25T15:54:12.115+0000] {logging_mixin.py:190} INFO - [2026-02-25T15:54:12.115+0000] {tutorial_taskflow_api_virtualenv.py:29} WARNING - The tutorial_taskflow_api_virtualenv example DAG requires virtualenv, please install it.
[2026-02-25T15:54:12.115+0000] {processor.py:927} WARNING - No viable dags retrieved from /home/ubuntu/airflow-venv/lib/python3.12/site-packages/airflow/example_dags/tutorial_taskflow_api_virtualenv.py
[2026-02-25T15:54:12.121+0000] {processor.py:208} INFO - Processing /home/ubuntu/airflow-venv/lib/python3.12/site-packages/airflow/example_dags/tutorial_taskflow_api_virtualenv.py took 0.014 seconds
[2026-02-25T15:55:00.051+0000] {processor.py:186} INFO - Started process (PID=3292) to work on /home/ubuntu/airflow-venv/lib/python3.12/site-packages/airflow/example_dags/tutorial_taskflow_api_virtualenv.py
[2026-02-25T15:55:00.052+0000] {processor.py:914} INFO - Processing file /home/ubuntu/airflow-venv/lib/python3.12/site-packages/airflow/example_dags/tutorial_taskflow_api_virtualenv.py for tasks to queue
[2026-02-25T15:55:00.053+0000] {logging_mixin.py:190} INFO - [2026-02-25T15:55:00.053+0000] {dagbag.py:588} INFO - Filling up the DagBag from /home/ubuntu/airflow-venv/lib/python3.12/site-packages/airflow/example_dags/tutorial_taskflow_api_virtualenv.py
[2026-02-25T15:55:00.055+0000] {logging_mixin.py:190} INFO - [2026-02-25T15:55:00.055+0000] {tutorial_taskflow_api_virtualenv.py:29} WARNING - The tutorial_taskflow_api_virtualenv example DAG requires virtualenv, please install it.
[2026-02-25T15:55:00.055+0000] {processor.py:927} WARNING - No viable dags retrieved from /home/ubuntu/airflow-venv/lib/python3.12/site-packages/airflow/example_dags/tutorial_taskflow_api_virtualenv.py
[2026-02-25T15:55:00.061+0000] {processor.py:208} INFO - Processing /home/ubuntu/airflow-venv/lib/python3.12/site-packages/airflow/example_dags/tutorial_taskflow_api_virtualenv.py took 0.014 seconds
[2026-02-25T15:55:51.152+0000] {processor.py:186} INFO - Started process (PID=3355) to work on /home/ubuntu/airflow-venv/lib/python3.12/site-packages/airflow/example_dags/tutorial_taskflow_api_virtualenv.py
[2026-02-25T15:55:51.154+0000] {processor.py:914} INFO - Processing file /home/ubuntu/airflow-venv/lib/python3.12/site-packages/airflow/example_dags/tutorial_taskflow_api_virtualenv.py for tasks to queue
[2026-02-25T15:55:51.155+0000] {logging_mixin.py:190} INFO - [2026-02-25T15:55:51.155+0000] {dagbag.py:588} INFO - Filling up the DagBag from /home/ubuntu/airflow-venv/lib/python3.12/site-packages/airflow/example_dags/tutorial_taskflow_api_virtualenv.py
[2026-02-25T15:55:51.157+0000] {logging_mixin.py:190} INFO - [2026-02-25T15:55:51.157+0000] {tutorial_taskflow_api_virtualenv.py:29} WARNING - The tutorial_taskflow_api_virtualenv example DAG requires virtualenv, please install it.
[2026-02-25T15:55:51.157+0000] {processor.py:927} WARNING - No viable dags retrieved from /home/ubuntu/airflow-venv/lib/python3.12/site-packages/airflow/example_dags/tutorial_taskflow_api_virtualenv.py
[2026-02-25T15:55:51.164+0000] {processor.py:208} INFO - Processing /home/ubuntu/airflow-venv/lib/python3.12/site-packages/airflow/example_dags/tutorial_taskflow_api_virtualenv.py took 0.014 seconds
[2026-02-25T15:56:41.766+0000] {processor.py:186} INFO - Started process (PID=3414) to work on /home/ubuntu/airflow-venv/lib/python3.12/site-packages/airflow/example_dags/tutorial_taskflow_api_virtualenv.py
[2026-02-25T15:56:41.767+0000] {processor.py:914} INFO - Processing file /home/ubuntu/airflow-venv/lib/python3.12/site-packages/airflow/example_dags/tutorial_taskflow_api_virtualenv.py for tasks to queue
[2026-02-25T15:56:41.768+0000] {logging_mixin.py:190} INFO - [2026-02-25T15:56:41.768+0000] {dagbag.py:588} INFO - Filling up the DagBag from /home/ubuntu/airflow-venv/lib/python3.12/site-packages/airflow/example_dags/tutorial_taskflow_api_virtualenv.py
[2026-02-25T15:56:41.770+0000] {logging_mixin.py:190} INFO - [2026-02-25T15:56:41.769+0000] {tutorial_taskflow_api_virtualenv.py:29} WARNING - The tutorial_taskflow_api_virtualenv example DAG requires virtualenv, please install it.
[2026-02-25T15:56:41.770+0000] {processor.py:927} WARNING - No viable dags retrieved from /home/ubuntu/airflow-venv/lib/python3.12/site-packages/airflow/example_dags/tutorial_taskflow_api_virtualenv.py
[2026-02-25T15:56:41.776+0000] {processor.py:208} INFO - Processing /home/ubuntu/airflow-venv/lib/python3.12/site-packages/airflow/example_dags/tutorial_taskflow_api_virtualenv.py took 0.013 seconds
[2026-02-25T15:57:32.319+0000] {processor.py:186} INFO - Started process (PID=3469) to work on /home/ubuntu/airflow-venv/lib/python3.12/site-packages/airflow/example_dags/tutorial_taskflow_api_virtualenv.py
[2026-02-25T15:57:32.320+0000] {processor.py:914} INFO - Processing file /home/ubuntu/airflow-venv/lib/python3.12/site-packages/airflow/example_dags/tutorial_taskflow_api_virtualenv.py for tasks to queue
[2026-02-25T15:57:32.321+0000] {logging_mixin.py:190} INFO - [2026-02-25T15:57:32.321+0000] {dagbag.py:588} INFO - Filling up the DagBag from /home/ubuntu/airflow-venv/lib/python3.12/site-packages/airflow/example_dags/tutorial_taskflow_api_virtualenv.py
[2026-02-25T15:57:32.323+0000] {logging_mixin.py:190} INFO - [2026-02-25T15:57:32.323+0000] {tutorial_taskflow_api_virtualenv.py:29} WARNING - The tutorial_taskflow_api_virtualenv example DAG requires virtualenv, please install it.
[2026-02-25T15:57:32.323+0000] {processor.py:927} WARNING - No viable dags retrieved from /home/ubuntu/airflow-venv/lib/python3.12/site-packages/airflow/example_dags/tutorial_taskflow_api_virtualenv.py
[2026-02-25T15:57:32.329+0000] {processor.py:208} INFO - Processing /home/ubuntu/airflow-venv/lib/python3.12/site-packages/airflow/example_dags/tutorial_taskflow_api_virtualenv.py took 0.014 seconds
[2026-02-25T15:58:22.506+0000] {processor.py:186} INFO - Started process (PID=3520) to work on /home/ubuntu/airflow-venv/lib/python3.12/site-packages/airflow/example_dags/tutorial_taskflow_api_virtualenv.py
[2026-02-25T15:58:22.508+0000] {processor.py:914} INFO - Processing file /home/ubuntu/airflow-venv/lib/python3.12/site-packages/airflow/example_dags/tutorial_taskflow_api_virtualenv.py for tasks to queue
[2026-02-25T15:58:22.509+0000] {logging_mixin.py:190} INFO - [2026-02-25T15:58:22.509+0000] {dagbag.py:588} INFO - Filling up the DagBag from /home/ubuntu/airflow-venv/lib/python3.12/site-packages/airflow/example_dags/tutorial_taskflow_api_virtualenv.py
[2026-02-25T15:58:22.510+0000] {logging_mixin.py:190} INFO - [2026-02-25T15:58:22.510+0000] {tutorial_taskflow_api_virtualenv.py:29} WARNING - The tutorial_taskflow_api_virtualenv example DAG requires virtualenv, please install it.
[2026-02-25T15:58:22.511+0000] {processor.py:927} WARNING - No viable dags retrieved from /home/ubuntu/airflow-venv/lib/python3.12/site-packages/airflow/example_dags/tutorial_taskflow_api_virtualenv.py
[2026-02-25T15:58:22.517+0000] {processor.py:208} INFO - Processing /home/ubuntu/airflow-venv/lib/python3.12/site-packages/airflow/example_dags/tutorial_taskflow_api_virtualenv.py took 0.014 seconds
[2026-02-25T15:59:10.624+0000] {processor.py:186} INFO - Started process (PID=3576) to work on /home/ubuntu/airflow-venv/lib/python3.12/site-packages/airflow/example_dags/tutorial_taskflow_api_virtualenv.py
[2026-02-25T15:59:10.625+0000] {processor.py:914} INFO - Processing file /home/ubuntu/airflow-venv/lib/python3.12/site-packages/airflow/example_dags/tutorial_taskflow_api_virtualenv.py for tasks to queue
[2026-02-25T15:59:10.626+0000] {logging_mixin.py:190} INFO - [2026-02-25T15:59:10.626+0000] {dagbag.py:588} INFO - Filling up the DagBag from /home/ubuntu/airflow-venv/lib/python3.12/site-packages/airflow/example_dags/tutorial_taskflow_api_virtualenv.py
[2026-02-25T15:59:10.628+0000] {logging_mixin.py:190} INFO - [2026-02-25T15:59:10.628+0000] {tutorial_taskflow_api_virtualenv.py:29} WARNING - The tutorial_taskflow_api_virtualenv example DAG requires virtualenv, please install it.
[2026-02-25T15:59:10.628+0000] {processor.py:927} WARNING - No viable dags retrieved from /home/ubuntu/airflow-venv/lib/python3.12/site-packages/airflow/example_dags/tutorial_taskflow_api_virtualenv.py
[2026-02-25T15:59:10.634+0000] {processor.py:208} INFO - Processing /home/ubuntu/airflow-venv/lib/python3.12/site-packages/airflow/example_dags/tutorial_taskflow_api_virtualenv.py took 0.014 seconds
[2026-02-25T15:59:58.942+0000] {processor.py:186} INFO - Started process (PID=3628) to work on /home/ubuntu/airflow-venv/lib/python3.12/site-packages/airflow/example_dags/tutorial_taskflow_api_virtualenv.py
[2026-02-25T15:59:58.944+0000] {processor.py:914} INFO - Processing file /home/ubuntu/airflow-venv/lib/python3.12/site-packages/airflow/example_dags/tutorial_taskflow_api_virtualenv.py for tasks to queue
[2026-02-25T15:59:58.945+0000] {logging_mixin.py:190} INFO - [2026-02-25T15:59:58.945+0000] {dagbag.py:588} INFO - Filling up the DagBag from /home/ubuntu/airflow-venv/lib/python3.12/site-packages/airflow/example_dags/tutorial_taskflow_api_virtualenv.py
[2026-02-25T15:59:58.947+0000] {logging_mixin.py:190} INFO - [2026-02-25T15:59:58.946+0000] {tutorial_taskflow_api_virtualenv.py:29} WARNING - The tutorial_taskflow_api_virtualenv example DAG requires virtualenv, please install it.
[2026-02-25T15:59:58.947+0000] {processor.py:927} WARNING - No viable dags retrieved from /home/ubuntu/airflow-venv/lib/python3.12/site-packages/airflow/example_dags/tutorial_taskflow_api_virtualenv.py
[2026-02-25T15:59:58.953+0000] {processor.py:208} INFO - Processing /home/ubuntu/airflow-venv/lib/python3.12/site-packages/airflow/example_dags/tutorial_taskflow_api_virtualenv.py took 0.014 seconds
[2026-02-25T16:00:47.019+0000] {processor.py:186} INFO - Started process (PID=3680) to work on /home/ubuntu/airflow-venv/lib/python3.12/site-packages/airflow/example_dags/tutorial_taskflow_api_virtualenv.py
[2026-02-25T16:00:47.020+0000] {processor.py:914} INFO - Processing file /home/ubuntu/airflow-venv/lib/python3.12/site-packages/airflow/example_dags/tutorial_taskflow_api_virtualenv.py for tasks to queue
[2026-02-25T16:00:47.022+0000] {logging_mixin.py:190} INFO - [2026-02-25T16:00:47.022+0000] {dagbag.py:588} INFO - Filling up the DagBag from /home/ubuntu/airflow-venv/lib/python3.12/site-packages/airflow/example_dags/tutorial_taskflow_api_virtualenv.py
[2026-02-25T16:00:47.023+0000] {logging_mixin.py:190} INFO - [2026-02-25T16:00:47.023+0000] {tutorial_taskflow_api_virtualenv.py:29} WARNING - The tutorial_taskflow_api_virtualenv example DAG requires virtualenv, please install it.
[2026-02-25T16:00:47.024+0000] {processor.py:927} WARNING - No viable dags retrieved from /home/ubuntu/airflow-venv/lib/python3.12/site-packages/airflow/example_dags/tutorial_taskflow_api_virtualenv.py
[2026-02-25T16:00:47.030+0000] {processor.py:208} INFO - Processing /home/ubuntu/airflow-venv/lib/python3.12/site-packages/airflow/example_dags/tutorial_taskflow_api_virtualenv.py took 0.015 seconds
[2026-02-25T16:01:36.553+0000] {processor.py:186} INFO - Started process (PID=3733) to work on /home/ubuntu/airflow-venv/lib/python3.12/site-packages/airflow/example_dags/tutorial_taskflow_api_virtualenv.py
[2026-02-25T16:01:36.555+0000] {processor.py:914} INFO - Processing file /home/ubuntu/airflow-venv/lib/python3.12/site-packages/airflow/example_dags/tutorial_taskflow_api_virtualenv.py for tasks to queue
[2026-02-25T16:01:36.556+0000] {logging_mixin.py:190} INFO - [2026-02-25T16:01:36.556+0000] {dagbag.py:588} INFO - Filling up the DagBag from /home/ubuntu/airflow-venv/lib/python3.12/site-packages/airflow/example_dags/tutorial_taskflow_api_virtualenv.py
[2026-02-25T16:01:36.558+0000] {logging_mixin.py:190} INFO - [2026-02-25T16:01:36.557+0000] {tutorial_taskflow_api_virtualenv.py:29} WARNING - The tutorial_taskflow_api_virtualenv example DAG requires virtualenv, please install it.
[2026-02-25T16:01:36.558+0000] {processor.py:927} WARNING - No viable dags retrieved from /home/ubuntu/airflow-venv/lib/python3.12/site-packages/airflow/example_dags/tutorial_taskflow_api_virtualenv.py
[2026-02-25T16:01:36.564+0000] {processor.py:208} INFO - Processing /home/ubuntu/airflow-venv/lib/python3.12/site-packages/airflow/example_dags/tutorial_taskflow_api_virtualenv.py took 0.014 seconds
[2026-02-25T17:24:18.723+0000] {processor.py:186} INFO - Started process (PID=2557) to work on /home/ubuntu/airflow-venv/lib/python3.12/site-packages/airflow/example_dags/tutorial_taskflow_api_virtualenv.py
[2026-02-25T17:24:18.725+0000] {processor.py:914} INFO - Processing file /home/ubuntu/airflow-venv/lib/python3.12/site-packages/airflow/example_dags/tutorial_taskflow_api_virtualenv.py for tasks to queue
[2026-02-25T17:24:18.726+0000] {logging_mixin.py:190} INFO - [2026-02-25T17:24:18.726+0000] {dagbag.py:588} INFO - Filling up the DagBag from /home/ubuntu/airflow-venv/lib/python3.12/site-packages/airflow/example_dags/tutorial_taskflow_api_virtualenv.py
[2026-02-25T17:24:18.728+0000] {logging_mixin.py:190} INFO - [2026-02-25T17:24:18.728+0000] {tutorial_taskflow_api_virtualenv.py:29} WARNING - The tutorial_taskflow_api_virtualenv example DAG requires virtualenv, please install it.
[2026-02-25T17:24:18.728+0000] {processor.py:927} WARNING - No viable dags retrieved from /home/ubuntu/airflow-venv/lib/python3.12/site-packages/airflow/example_dags/tutorial_taskflow_api_virtualenv.py
[2026-02-25T17:24:18.735+0000] {processor.py:208} INFO - Processing /home/ubuntu/airflow-venv/lib/python3.12/site-packages/airflow/example_dags/tutorial_taskflow_api_virtualenv.py took 0.014 seconds
[2026-02-25T17:25:12.216+0000] {processor.py:186} INFO - Started process (PID=2625) to work on /home/ubuntu/airflow-venv/lib/python3.12/site-packages/airflow/example_dags/tutorial_taskflow_api_virtualenv.py
[2026-02-25T17:25:12.217+0000] {processor.py:914} INFO - Processing file /home/ubuntu/airflow-venv/lib/python3.12/site-packages/airflow/example_dags/tutorial_taskflow_api_virtualenv.py for tasks to queue
[2026-02-25T17:25:12.219+0000] {logging_mixin.py:190} INFO - [2026-02-25T17:25:12.218+0000] {dagbag.py:588} INFO - Filling up the DagBag from /home/ubuntu/airflow-venv/lib/python3.12/site-packages/airflow/example_dags/tutorial_taskflow_api_virtualenv.py
[2026-02-25T17:25:12.220+0000] {logging_mixin.py:190} INFO - [2026-02-25T17:25:12.220+0000] {tutorial_taskflow_api_virtualenv.py:29} WARNING - The tutorial_taskflow_api_virtualenv example DAG requires virtualenv, please install it.
[2026-02-25T17:25:12.220+0000] {processor.py:927} WARNING - No viable dags retrieved from /home/ubuntu/airflow-venv/lib/python3.12/site-packages/airflow/example_dags/tutorial_taskflow_api_virtualenv.py
[2026-02-25T17:25:12.227+0000] {processor.py:208} INFO - Processing /home/ubuntu/airflow-venv/lib/python3.12/site-packages/airflow/example_dags/tutorial_taskflow_api_virtualenv.py took 0.014 seconds
[2026-02-25T17:25:59.475+0000] {processor.py:186} INFO - Started process (PID=2676) to work on /home/ubuntu/airflow-venv/lib/python3.12/site-packages/airflow/example_dags/tutorial_taskflow_api_virtualenv.py
[2026-02-25T17:25:59.477+0000] {processor.py:914} INFO - Processing file /home/ubuntu/airflow-venv/lib/python3.12/site-packages/airflow/example_dags/tutorial_taskflow_api_virtualenv.py for tasks to queue
[2026-02-25T17:25:59.478+0000] {logging_mixin.py:190} INFO - [2026-02-25T17:25:59.478+0000] {dagbag.py:588} INFO - Filling up the DagBag from /home/ubuntu/airflow-venv/lib/python3.12/site-packages/airflow/example_dags/tutorial_taskflow_api_virtualenv.py
[2026-02-25T17:25:59.480+0000] {logging_mixin.py:190} INFO - [2026-02-25T17:25:59.479+0000] {tutorial_taskflow_api_virtualenv.py:29} WARNING - The tutorial_taskflow_api_virtualenv example DAG requires virtualenv, please install it.
[2026-02-25T17:25:59.480+0000] {processor.py:927} WARNING - No viable dags retrieved from /home/ubuntu/airflow-venv/lib/python3.12/site-packages/airflow/example_dags/tutorial_taskflow_api_virtualenv.py
[2026-02-25T17:25:59.487+0000] {processor.py:208} INFO - Processing /home/ubuntu/airflow-venv/lib/python3.12/site-packages/airflow/example_dags/tutorial_taskflow_api_virtualenv.py took 0.015 seconds
[2026-02-25T17:26:46.283+0000] {processor.py:186} INFO - Started process (PID=2726) to work on /home/ubuntu/airflow-venv/lib/python3.12/site-packages/airflow/example_dags/tutorial_taskflow_api_virtualenv.py
[2026-02-25T17:26:46.285+0000] {processor.py:914} INFO - Processing file /home/ubuntu/airflow-venv/lib/python3.12/site-packages/airflow/example_dags/tutorial_taskflow_api_virtualenv.py for tasks to queue
[2026-02-25T17:26:46.286+0000] {logging_mixin.py:190} INFO - [2026-02-25T17:26:46.286+0000] {dagbag.py:588} INFO - Filling up the DagBag from /home/ubuntu/airflow-venv/lib/python3.12/site-packages/airflow/example_dags/tutorial_taskflow_api_virtualenv.py
[2026-02-25T17:26:46.288+0000] {logging_mixin.py:190} INFO - [2026-02-25T17:26:46.288+0000] {tutorial_taskflow_api_virtualenv.py:29} WARNING - The tutorial_taskflow_api_virtualenv example DAG requires virtualenv, please install it.
[2026-02-25T17:26:46.288+0000] {processor.py:927} WARNING - No viable dags retrieved from /home/ubuntu/airflow-venv/lib/python3.12/site-packages/airflow/example_dags/tutorial_taskflow_api_virtualenv.py
[2026-02-25T17:26:46.294+0000] {processor.py:208} INFO - Processing /home/ubuntu/airflow-venv/lib/python3.12/site-packages/airflow/example_dags/tutorial_taskflow_api_virtualenv.py took 0.014 seconds
[2026-02-25T17:27:37.559+0000] {processor.py:186} INFO - Started process (PID=2780) to work on /home/ubuntu/airflow-venv/lib/python3.12/site-packages/airflow/example_dags/tutorial_taskflow_api_virtualenv.py
[2026-02-25T17:27:37.561+0000] {processor.py:914} INFO - Processing file /home/ubuntu/airflow-venv/lib/python3.12/site-packages/airflow/example_dags/tutorial_taskflow_api_virtualenv.py for tasks to queue
[2026-02-25T17:27:37.562+0000] {logging_mixin.py:190} INFO - [2026-02-25T17:27:37.562+0000] {dagbag.py:588} INFO - Filling up the DagBag from /home/ubuntu/airflow-venv/lib/python3.12/site-packages/airflow/example_dags/tutorial_taskflow_api_virtualenv.py
[2026-02-25T17:27:37.563+0000] {logging_mixin.py:190} INFO - [2026-02-25T17:27:37.563+0000] {tutorial_taskflow_api_virtualenv.py:29} WARNING - The tutorial_taskflow_api_virtualenv example DAG requires virtualenv, please install it.
[2026-02-25T17:27:37.564+0000] {processor.py:927} WARNING - No viable dags retrieved from /home/ubuntu/airflow-venv/lib/python3.12/site-packages/airflow/example_dags/tutorial_taskflow_api_virtualenv.py
[2026-02-25T17:27:37.570+0000] {processor.py:208} INFO - Processing /home/ubuntu/airflow-venv/lib/python3.12/site-packages/airflow/example_dags/tutorial_taskflow_api_virtualenv.py took 0.014 seconds
[2026-02-25T17:28:29.523+0000] {processor.py:186} INFO - Started process (PID=2838) to work on /home/ubuntu/airflow-venv/lib/python3.12/site-packages/airflow/example_dags/tutorial_taskflow_api_virtualenv.py
[2026-02-25T17:28:29.524+0000] {processor.py:914} INFO - Processing file /home/ubuntu/airflow-venv/lib/python3.12/site-packages/airflow/example_dags/tutorial_taskflow_api_virtualenv.py for tasks to queue
[2026-02-25T17:28:29.526+0000] {logging_mixin.py:190} INFO - [2026-02-25T17:28:29.525+0000] {dagbag.py:588} INFO - Filling up the DagBag from /home/ubuntu/airflow-venv/lib/python3.12/site-packages/airflow/example_dags/tutorial_taskflow_api_virtualenv.py
[2026-02-25T17:28:29.527+0000] {logging_mixin.py:190} INFO - [2026-02-25T17:28:29.527+0000] {tutorial_taskflow_api_virtualenv.py:29} WARNING - The tutorial_taskflow_api_virtualenv example DAG requires virtualenv, please install it.
[2026-02-25T17:28:29.527+0000] {processor.py:927} WARNING - No viable dags retrieved from /home/ubuntu/airflow-venv/lib/python3.12/site-packages/airflow/example_dags/tutorial_taskflow_api_virtualenv.py
[2026-02-25T17:28:29.534+0000] {processor.py:208} INFO - Processing /home/ubuntu/airflow-venv/lib/python3.12/site-packages/airflow/example_dags/tutorial_taskflow_api_virtualenv.py took 0.014 seconds
[2026-02-25T17:29:21.406+0000] {processor.py:186} INFO - Started process (PID=2898) to work on /home/ubuntu/airflow-venv/lib/python3.12/site-packages/airflow/example_dags/tutorial_taskflow_api_virtualenv.py
[2026-02-25T17:29:21.407+0000] {processor.py:914} INFO - Processing file /home/ubuntu/airflow-venv/lib/python3.12/site-packages/airflow/example_dags/tutorial_taskflow_api_virtualenv.py for tasks to queue
[2026-02-25T17:29:21.408+0000] {logging_mixin.py:190} INFO - [2026-02-25T17:29:21.408+0000] {dagbag.py:588} INFO - Filling up the DagBag from /home/ubuntu/airflow-venv/lib/python3.12/site-packages/airflow/example_dags/tutorial_taskflow_api_virtualenv.py
[2026-02-25T17:29:21.410+0000] {logging_mixin.py:190} INFO - [2026-02-25T17:29:21.410+0000] {tutorial_taskflow_api_virtualenv.py:29} WARNING - The tutorial_taskflow_api_virtualenv example DAG requires virtualenv, please install it.
[2026-02-25T17:29:21.410+0000] {processor.py:927} WARNING - No viable dags retrieved from /home/ubuntu/airflow-venv/lib/python3.12/site-packages/airflow/example_dags/tutorial_taskflow_api_virtualenv.py
[2026-02-25T17:29:21.417+0000] {processor.py:208} INFO - Processing /home/ubuntu/airflow-venv/lib/python3.12/site-packages/airflow/example_dags/tutorial_taskflow_api_virtualenv.py took 0.015 seconds
[2026-02-25T17:30:12.823+0000] {processor.py:186} INFO - Started process (PID=2960) to work on /home/ubuntu/airflow-venv/lib/python3.12/site-packages/airflow/example_dags/tutorial_taskflow_api_virtualenv.py
[2026-02-25T17:30:12.824+0000] {processor.py:914} INFO - Processing file /home/ubuntu/airflow-venv/lib/python3.12/site-packages/airflow/example_dags/tutorial_taskflow_api_virtualenv.py for tasks to queue
[2026-02-25T17:30:12.826+0000] {logging_mixin.py:190} INFO - [2026-02-25T17:30:12.825+0000] {dagbag.py:588} INFO - Filling up the DagBag from /home/ubuntu/airflow-venv/lib/python3.12/site-packages/airflow/example_dags/tutorial_taskflow_api_virtualenv.py
[2026-02-25T17:30:12.827+0000] {logging_mixin.py:190} INFO - [2026-02-25T17:30:12.827+0000] {tutorial_taskflow_api_virtualenv.py:29} WARNING - The tutorial_taskflow_api_virtualenv example DAG requires virtualenv, please install it.
[2026-02-25T17:30:12.827+0000] {processor.py:927} WARNING - No viable dags retrieved from /home/ubuntu/airflow-venv/lib/python3.12/site-packages/airflow/example_dags/tutorial_taskflow_api_virtualenv.py
[2026-02-25T17:30:12.834+0000] {processor.py:208} INFO - Processing /home/ubuntu/airflow-venv/lib/python3.12/site-packages/airflow/example_dags/tutorial_taskflow_api_virtualenv.py took 0.015 seconds
[2026-02-25T17:31:16.125+0000] {processor.py:186} INFO - Started process (PID=3031) to work on /home/ubuntu/airflow-venv/lib/python3.12/site-packages/airflow/example_dags/tutorial_taskflow_api_virtualenv.py
[2026-02-25T17:31:16.127+0000] {processor.py:914} INFO - Processing file /home/ubuntu/airflow-venv/lib/python3.12/site-packages/airflow/example_dags/tutorial_taskflow_api_virtualenv.py for tasks to queue
[2026-02-25T17:31:16.128+0000] {logging_mixin.py:190} INFO - [2026-02-25T17:31:16.128+0000] {dagbag.py:588} INFO - Filling up the DagBag from /home/ubuntu/airflow-venv/lib/python3.12/site-packages/airflow/example_dags/tutorial_taskflow_api_virtualenv.py
[2026-02-25T17:31:16.130+0000] {logging_mixin.py:190} INFO - [2026-02-25T17:31:16.129+0000] {tutorial_taskflow_api_virtualenv.py:29} WARNING - The tutorial_taskflow_api_virtualenv example DAG requires virtualenv, please install it.
[2026-02-25T17:31:16.130+0000] {processor.py:927} WARNING - No viable dags retrieved from /home/ubuntu/airflow-venv/lib/python3.12/site-packages/airflow/example_dags/tutorial_taskflow_api_virtualenv.py
[2026-02-25T17:31:16.136+0000] {processor.py:208} INFO - Processing /home/ubuntu/airflow-venv/lib/python3.12/site-packages/airflow/example_dags/tutorial_taskflow_api_virtualenv.py took 0.014 seconds
[2026-02-25T17:32:09.127+0000] {processor.py:186} INFO - Started process (PID=3086) to work on /home/ubuntu/airflow-venv/lib/python3.12/site-packages/airflow/example_dags/tutorial_taskflow_api_virtualenv.py
[2026-02-25T17:32:09.128+0000] {processor.py:914} INFO - Processing file /home/ubuntu/airflow-venv/lib/python3.12/site-packages/airflow/example_dags/tutorial_taskflow_api_virtualenv.py for tasks to queue
[2026-02-25T17:32:09.130+0000] {logging_mixin.py:190} INFO - [2026-02-25T17:32:09.129+0000] {dagbag.py:588} INFO - Filling up the DagBag from /home/ubuntu/airflow-venv/lib/python3.12/site-packages/airflow/example_dags/tutorial_taskflow_api_virtualenv.py
[2026-02-25T17:32:09.131+0000] {logging_mixin.py:190} INFO - [2026-02-25T17:32:09.131+0000] {tutorial_taskflow_api_virtualenv.py:29} WARNING - The tutorial_taskflow_api_virtualenv example DAG requires virtualenv, please install it.
[2026-02-25T17:32:09.131+0000] {processor.py:927} WARNING - No viable dags retrieved from /home/ubuntu/airflow-venv/lib/python3.12/site-packages/airflow/example_dags/tutorial_taskflow_api_virtualenv.py
[2026-02-25T17:32:09.138+0000] {processor.py:208} INFO - Processing /home/ubuntu/airflow-venv/lib/python3.12/site-packages/airflow/example_dags/tutorial_taskflow_api_virtualenv.py took 0.014 seconds
[2026-02-25T17:32:56.186+0000] {processor.py:186} INFO - Started process (PID=3136) to work on /home/ubuntu/airflow-venv/lib/python3.12/site-packages/airflow/example_dags/tutorial_taskflow_api_virtualenv.py
[2026-02-25T17:32:56.187+0000] {processor.py:914} INFO - Processing file /home/ubuntu/airflow-venv/lib/python3.12/site-packages/airflow/example_dags/tutorial_taskflow_api_virtualenv.py for tasks to queue
[2026-02-25T17:32:56.188+0000] {logging_mixin.py:190} INFO - [2026-02-25T17:32:56.188+0000] {dagbag.py:588} INFO - Filling up the DagBag from /home/ubuntu/airflow-venv/lib/python3.12/site-packages/airflow/example_dags/tutorial_taskflow_api_virtualenv.py
[2026-02-25T17:32:56.190+0000] {logging_mixin.py:190} INFO - [2026-02-25T17:32:56.190+0000] {tutorial_taskflow_api_virtualenv.py:29} WARNING - The tutorial_taskflow_api_virtualenv example DAG requires virtualenv, please install it.
[2026-02-25T17:32:56.190+0000] {processor.py:927} WARNING - No viable dags retrieved from /home/ubuntu/airflow-venv/lib/python3.12/site-packages/airflow/example_dags/tutorial_taskflow_api_virtualenv.py
[2026-02-25T17:32:56.196+0000] {processor.py:208} INFO - Processing /home/ubuntu/airflow-venv/lib/python3.12/site-packages/airflow/example_dags/tutorial_taskflow_api_virtualenv.py took 0.014 seconds
[2026-02-25T17:33:47.411+0000] {processor.py:186} INFO - Started process (PID=3193) to work on /home/ubuntu/airflow-venv/lib/python3.12/site-packages/airflow/example_dags/tutorial_taskflow_api_virtualenv.py
[2026-02-25T17:33:47.413+0000] {processor.py:914} INFO - Processing file /home/ubuntu/airflow-venv/lib/python3.12/site-packages/airflow/example_dags/tutorial_taskflow_api_virtualenv.py for tasks to queue
[2026-02-25T17:33:47.414+0000] {logging_mixin.py:190} INFO - [2026-02-25T17:33:47.414+0000] {dagbag.py:588} INFO - Filling up the DagBag from /home/ubuntu/airflow-venv/lib/python3.12/site-packages/airflow/example_dags/tutorial_taskflow_api_virtualenv.py
[2026-02-25T17:33:47.415+0000] {logging_mixin.py:190} INFO - [2026-02-25T17:33:47.415+0000] {tutorial_taskflow_api_virtualenv.py:29} WARNING - The tutorial_taskflow_api_virtualenv example DAG requires virtualenv, please install it.
[2026-02-25T17:33:47.416+0000] {processor.py:927} WARNING - No viable dags retrieved from /home/ubuntu/airflow-venv/lib/python3.12/site-packages/airflow/example_dags/tutorial_taskflow_api_virtualenv.py
[2026-02-25T17:33:47.423+0000] {processor.py:208} INFO - Processing /home/ubuntu/airflow-venv/lib/python3.12/site-packages/airflow/example_dags/tutorial_taskflow_api_virtualenv.py took 0.015 seconds
[2026-02-25T17:34:35.072+0000] {processor.py:186} INFO - Started process (PID=3246) to work on /home/ubuntu/airflow-venv/lib/python3.12/site-packages/airflow/example_dags/tutorial_taskflow_api_virtualenv.py
[2026-02-25T17:34:35.074+0000] {processor.py:914} INFO - Processing file /home/ubuntu/airflow-venv/lib/python3.12/site-packages/airflow/example_dags/tutorial_taskflow_api_virtualenv.py for tasks to queue
[2026-02-25T17:34:35.075+0000] {logging_mixin.py:190} INFO - [2026-02-25T17:34:35.075+0000] {dagbag.py:588} INFO - Filling up the DagBag from /home/ubuntu/airflow-venv/lib/python3.12/site-packages/airflow/example_dags/tutorial_taskflow_api_virtualenv.py
[2026-02-25T17:34:35.077+0000] {logging_mixin.py:190} INFO - [2026-02-25T17:34:35.077+0000] {tutorial_taskflow_api_virtualenv.py:29} WARNING - The tutorial_taskflow_api_virtualenv example DAG requires virtualenv, please install it.
[2026-02-25T17:34:35.077+0000] {processor.py:927} WARNING - No viable dags retrieved from /home/ubuntu/airflow-venv/lib/python3.12/site-packages/airflow/example_dags/tutorial_taskflow_api_virtualenv.py
[2026-02-25T17:34:35.084+0000] {processor.py:208} INFO - Processing /home/ubuntu/airflow-venv/lib/python3.12/site-packages/airflow/example_dags/tutorial_taskflow_api_virtualenv.py took 0.015 seconds
